Master Record Number,Year,Month,Day,Hour,Weekend,Collision Type,Injury Type,Primary Factor,Reported_Location,Latitude,Longitude
902411353,2023,3,3,1700,Weekday,2-Car,No injury/unknown,UNSAFE BACKING,N DUNN,39.180352,-86.5284
902411380,2023,3,3,2100,Weekday,2-Car,Non-incapacitating,IMPROPER LANE USAGE,FESS & THIRD,39.16427777,-86.52588752
902411454,2023,3,3,1200,Weekday,2-Car,No injury/unknown,DISREGARD SIGNAL/REG SIGN,S LIBERTY & W 3RD,39.16461021,-86.57913006
902411471,2023,3,3,1200,Weekday,1-Car,No injury/unknown,OTHER (ENVIRONMENTAL) - EXPLAIN IN NARR,DANIELS,39.16671172,-86.59908838
902411506,2023,3,7,1000,Weekend,2-Car,No injury/unknown,FAILURE TO YIELD RIGHT OF WAY,37 & GORDON,39.73761023,-86.274728
902411507,2023,3,7,1200,Weekend,1-Car,No injury/unknown,OVERCORRECTING/OVERSTEERING,CHURCH & RAMP,0,0
902411646,2023,3,3,800,Weekday,2-Car,No injury/unknown,UNSAFE SPEED,DILLMAN & SR37,39.09023917,-86.54535097
902411655,2023,3,3,2200,Weekday,1-Car,No injury/unknown,IMPROPER LANE USAGE,400 W TERRACE & S ROGERS,39.127616,-86.538688
902411887,2023,3,4,1200,Weekday,2-Car,No injury/unknown,UNSAFE BACKING,E 3RD,39.16443758,-86.54775367
902411946,2023,3,4,1600,Weekday,1-Car,No injury/unknown,ANIMAL/OBJECT IN ROADWAY,NORTH DUNN & TAMARACK,39.25556115,-86.52857981
902411980,2023,3,4,1400,Weekday,2-Car,No injury/unknown,IMPROPER LANE USAGE,N COLLEGE & W 7TH,39.16697343,-86.5348602
902412007,2023,3,4,1900,Weekday,2-Car,No injury/unknown,FOLLOWING TOO CLOSELY,10TH & SUNRISE,39.17157993,-86.5124885
902412041,2023,3,4,1700,Weekday,2-Car,No injury/unknown,FOLLOWING TOO CLOSELY,CHANDLER & SR46W,39.23506165,-86.61779785
902412088,2023,3,4,1500,Weekday,2-Car,No injury/unknown,FAILURE TO YIELD RIGHT OF WAY,N DANIELS,39.16671172,-86.59908838
902412089,2023,3,4,1800,Weekday,2-Car,No injury/unknown,FAILURE TO YIELD RIGHT OF WAY,INDRUSTRIAL & SR45W,39.14359867,-86.58030842
902412094,2023,3,4,1800,Weekday,Pedestrian,Non-incapacitating,PEDESTRIAN ACTION,SUGAR MAPLE,39.15650725,-86.58816576
902412120,2023,3,1,0,Weekend,3+ Cars,Non-incapacitating,DRIVER DISTRACTED - EXPLAIN IN NARRATIVE,SR46S & THIRD,39.16424006,-86.49827018
902412363,2023,3,5,1100,Weekday,2-Car,No injury/unknown,FAILURE TO YIELD RIGHT OF WAY,E 13TH & N INDIANA,39.175504,-86.527104
902412423,2023,3,4,1800,Weekday,2-Car,No injury/unknown,DISREGARD SIGNAL/REG SIGN,BASSWOOD & BLOOMFIELD,39.14978027,-86.56889006
902412441,2023,3,7,1000,Weekend,2-Car,Non-incapacitating,FAILURE TO YIELD RIGHT OF WAY,3RD & LIBERTY,38.95312131,-86.57913006
902412460,2023,3,5,1200,Weekday,2-Car,No injury/unknown,UNSAFE BACKING,WALNUT,39.17839758,-86.53339992
902412501,2023,3,5,1500,Weekday,2-Car,No injury/unknown,UNSAFE SPEED,BRYANTS CREEK & SR37,39.33676612,-86.51067628
902412512,2023,3,5,1200,Weekday,1-Car,No injury/unknown,RAN OFF ROAD RIGHT,S BUCKNER,39.16409502,-86.54457045
902412527,2023,3,5,1700,Weekday,2-Car,No injury/unknown,FAILURE TO YIELD RIGHT OF WAY,7TH & LINCOLN,39.16864,-86.53125663
902412588,2023,3,5,1500,Weekday,1-Car,No injury/unknown,OVERCORRECTING/OVERSTEERING,CURRY & STONE CARVER,0,0
902412594,2023,3,5,1700,Weekday,1-Car,No injury/unknown,ANIMAL/OBJECT IN ROADWAY,LEGACY & MOUNT TABOR,39.26170215,-86.62624977
902412595,2023,3,5,1900,Weekday,3+ Cars,No injury/unknown,RAN OFF ROAD RIGHT,BURMA,39.141616,-86.542032
902412631,2023,3,7,300,Weekend,3+ Cars,No injury/unknown,UNSAFE LANE MOVEMENT,1ST & GRANT,39.177776,-86.5296
902412672,2023,3,6,700,Weekday,2-Car,No injury/unknown,UNSAFE SPEED,10TH & 45 46,0,0
902412703,2023,3,6,700,Weekday,2-Car,No injury/unknown,SPEED TOO FAST FOR WEATHER CONDITIONS,SR45 & SR46,39.14511871,-86.57756805
902412717,2023,3,5,1800,Weekday,2-Car,No injury/unknown,,E GRAHAM,39.13994939,-86.53920947
902412721,2023,3,6,900,Weekday,2-Car,No injury/unknown,SPEED TOO FAST FOR WEATHER CONDITIONS,FOX HOLLOW & SR37,39.28922813,-86.51836149
902412722,2023,3,3,2000,Weekday,Pedestrian,Non-incapacitating,OTHER (ENVIRONMENTAL) - EXPLAIN IN NARR,W 7TH,39.168848,-86.55378253
902412821,2023,3,6,700,Weekday,Bus,No injury/unknown,FAILURE TO YIELD RIGHT OF WAY,DODDS & WASHINGTON,39.15738031,-86.53243012
902412856,2023,3,6,1000,Weekday,2-Car,No injury/unknown,FAILURE TO YIELD RIGHT OF WAY,E RHORER & S WALNUT ST,39.12144,-86.526496
902412873,2023,3,6,800,Weekday,2-Car,No injury/unknown,OTHER (DRIVER) - EXPLAIN IN NARRATIVE,S ROGERS,39.16152,-86.538592
902413015,2023,3,6,1300,Weekday,2-Car,No injury/unknown,FAILURE TO YIELD RIGHT OF WAY,HENDERSON & WINSLOW,39.136144,-86.52662367
902413016,2023,3,4,1800,Weekday,Pedestrian,No injury/unknown,DISREGARD SIGNAL/REG SIGN,RITTER & SALE,39.232048,-86.627296
902413017,2023,3,6,1400,Weekday,3+ Cars,No injury/unknown,FAILURE TO YIELD RIGHT OF WAY,13TH & INDIANA,39.175504,-86.527104
902413088,2023,3,6,1600,Weekday,1-Car,No injury/unknown,UNSAFE BACKING,EAST 3RD,39.16464,-86.5324
902413112,2023,3,5,2000,Weekday,1-Car,No injury/unknown,ANIMAL/OBJECT IN ROADWAY,S ROCKPORT & SR37S,39.11664474,-86.5659002
902413122,2023,3,6,1700,Weekday,2-Car,No injury/unknown,FOLLOWING TOO CLOSELY,3RD & WOODLAWN,39.16438374,-86.52364965
902413187,2023,3,5,2200,Weekday,2-Car,No injury/unknown,,NORTH MAPLE & WEST 15TH,39.17664,-86.542096
902413233,2023,3,6,2300,Weekend,2-Car,No injury/unknown,OTHER (DRIVER) - EXPLAIN IN NARRATIVE,WALNUT,39.16464,-86.5336
902413375,2023,3,6,1700,Weekday,2-Car,No injury/unknown,FOLLOWING TOO CLOSELY,N DUNN & SR4546E,39.186352,-86.528496
902413423,2023,3,5,1300,Weekday,2-Car,No injury/unknown,FOLLOWING TOO CLOSELY,FLATWOODS & SR46W,39.25347374,-86.65441007
902413435,2023,3,7,1400,Weekend,2-Car,No injury/unknown,FOLLOWING TOO CLOSELY,N MADISON & W 17TH,39.178992,-86.537792
902413511,2023,3,7,2000,Weekend,2-Car,No injury/unknown,IMPROPER TURNING,SWAIN & THIRD,39.16425012,-86.51525996
902413539,2023,3,7,2100,Weekend,2-Car,No injury/unknown,UNSAFE BACKING,S WALNUT STREET,39.13656457,-86.52910857
902413544,2023,3,7,1800,Weekend,Cyclist,No injury/unknown,FAILURE TO YIELD RIGHT OF WAY,N PETE ELLIS,39.16743,-86.495047
902413669,2023,3,1,900,Weekend,3+ Cars,Incapacitating,FOLLOWING TOO CLOSELY,SR37N & WAYPORT,39.25917759,-86.52426508
902413673,2023,3,1,1100,Weekend,Moped/Motorcycle,Incapacitating,OTHER (DRIVER) - EXPLAIN IN NARRATIVE,WALNUT ST & WINSLOW,39.136144,-86.528688
902413683,2023,3,1,1100,Weekend,2-Car,No injury/unknown,OTHER (DRIVER) - EXPLAIN IN NARRATIVE,N GATES & W JONATHON,39.16876025,-86.57641969
902413703,2023,3,1,1200,Weekend,1-Car,No injury/unknown,OTHER (DRIVER) - EXPLAIN IN NARRATIVE,EAST THIRD,39.16548157,-86.4972763
902413710,2023,3,5,1700,Weekday,2-Car,Non-incapacitating,RAN OFF ROAD RIGHT,E RHORER,39.12152,-86.51176139
902413711,2023,3,5,2000,Weekday,1-Car,No injury/unknown,ANIMAL/OBJECT IN ROADWAY,WALCOTT & WOODYARD,39.20263934,-86.60293007
902413734,2023,3,7,1100,Weekend,2-Car,No injury/unknown,UNSAFE LANE MOVEMENT,LIBERTY,39.145264,-86.577616
902413743,2023,3,1,1300,Weekend,2-Car,No injury/unknown,FOLLOWING TOO CLOSELY,SR37S,0,0
902413820,2023,3,1,1600,Weekend,2-Car,No injury/unknown,FOLLOWING TOO CLOSELY,SR37S,0,0
902413842,2023,3,1,1800,Weekend,2-Car,No injury/unknown,IMPROPER LANE USAGE,11TH & BLAIR,39.173344,-86.543792
902414028,2023,3,2,700,Weekday,1-Car,No injury/unknown,RAN OFF ROAD RIGHT,MOUNT TABOR & OLD DUTCH CHURCH,0,0
902414029,2023,3,3,1200,Weekday,2-Car,No injury/unknown,LEFT OF CENTER,CARMICHAEL & HOBBIEVILLE,0,0
902414407,2023,3,2,1300,Weekday,1-Car,Non-incapacitating,RAN OFF ROAD RIGHT,SMITH & STONEGATE,39.16115016,-86.48071981
902414428,2023,3,2,1300,Weekday,2-Car,No injury/unknown,FOLLOWING TOO CLOSELY,MAYBURY & S LEONARD SPRINGS,39.21073468,-86.58259977
902414525,2023,3,2,1700,Weekday,2-Car,No injury/unknown,UNSAFE LANE MOVEMENT,KIRKWOOD & WALNUT,39.16664,-86.5336
902414529,2023,3,3,2100,Weekday,1-Car,Non-incapacitating,RAN OFF ROAD RIGHT,SOUTH ROCKPORT & WEST TAPP,39.136448,-86.548704
902414615,2023,3,2,2200,Weekday,1-Car,No injury/unknown,RAN OFF ROAD RIGHT,ISON ROAD & TOWER,39.104944,-86.61032
902414629,2023,3,3,500,Weekday,2-Car,No injury/unknown,,E 12TH & N WALNUT,39.174352,-86.533472
902414632,2023,3,2,1300,Weekday,2-Car,No injury/unknown,UNSAFE BACKING,S SWAIN,39.16410678,-86.51519608
902414664,2023,3,3,500,Weekday,1-Car,No injury/unknown,RAN OFF ROAD RIGHT,GIFFORD & KIRBY,39.15144,-86.610496
902414943,2023,3,3,1300,Weekday,2-Car,No injury/unknown,FAILURE TO YIELD RIGHT OF WAY,S LEONARD SPRINGS,39.142048,-86.582592
902414987,2023,3,3,1400,Weekday,Moped/Motorcycle,Non-incapacitating,FAILURE TO YIELD RIGHT OF WAY,ALLEN & PATTERSON,39.15563017,-86.54330983
902415038,2023,3,3,1400,Weekday,2-Car,No injury/unknown,FOLLOWING TOO CLOSELY,GATES & THIRD,0,0
902415123,2023,3,1,2000,Weekday,2-Car,Incapacitating,FAILURE TO YIELD RIGHT OF WAY,SMITHVILLE & SR37S,39.16424,-86.480688
902415132,2023,3,7,1900,Weekend,2-Car,No injury/unknown,FAILURE TO YIELD RIGHT OF WAY,SMITH & SR46W,39.20979593,-86.58265377
902415133,2023,3,6,1600,Weekday,2-Car,Incapacitating,RAN OFF ROAD RIGHT,LEONARD SPRINGS & SR45W,39.1419316,-86.58281025
902432049,2023,4,2,1600,Weekday,Bus,Non-incapacitating,FOLLOWING TOO CLOSELY,GRIMES & HENDERSON,39.153392,-86.527008
902432050,2023,4,2,1000,Weekday,2-Car,No injury/unknown,UNSAFE BACKING,EAST 17TH,39.17906329,-86.5209221
902432052,2023,4,2,1600,Weekday,3+ Cars,No injury/unknown,FAILURE TO YIELD RIGHT OF WAY,BLOOMFIELD & LIBERTY,0,0
902432075,2023,4,2,1500,Weekday,2-Car,Non-incapacitating,DISREGARD SIGNAL/REG SIGN,E 3RD & S WALNUT,39.16464,-86.5336
902432089,2023,4,7,2100,Weekend,2-Car,No injury/unknown,UNSAFE BACKING,DUNN & KIRKWOOD,39.16664,-86.528192
902432092,2023,4,2,1500,Weekday,2-Car,No injury/unknown,FOLLOWING TOO CLOSELY,2ND & COLLEGE,39.16144,-86.534848
902432093,2023,4,2,1700,Weekday,2-Car,No injury/unknown,FAILURE TO YIELD RIGHT OF WAY,15TH & JACKSON,39.17664,-86.539712
902432121,2023,4,1,1700,Weekend,2-Car,No injury/unknown,UNSAFE BACKING,BALLANTINE & MAXWELL,39.13664481,-86.51891984
902432124,2023,4,2,700,Weekday,2-Car,No injury/unknown,IMPROPER TURNING,E KIRKWOOD,39.16677127,-86.54552653
902432141,2023,4,1,1700,Weekend,2-Car,Non-incapacitating,FAILURE TO YIELD RIGHT OF WAY,LOST MAN & UNION VALLEY,0,0
902432152,2023,4,2,2100,Weekday,2-Car,Incapacitating,DISREGARD SIGNAL/REG SIGN,S CURRY & SR45E,39.142048,-86.582592
902432199,2023,4,3,300,Weekday,1-Car,No injury/unknown,ANIMAL/OBJECT IN ROADWAY,N MT TABOR & W TABOR HILL,39.30579968,-86.63102638
902432306,2023,4,3,800,Weekday,2-Car,No injury/unknown,UNSAFE BACKING,COUNTRY CLUB & ROGERS,39.14132106,-86.53826568
902432313,2023,4,3,800,Weekday,2-Car,No injury/unknown,FAILURE TO YIELD RIGHT OF WAY,LIBERTY & STATE ROAD 45,39.25071158,-86.57777018
902432452,2023,4,5,1200,Weekday,1-Car,Incapacitating,RAN OFF ROAD RIGHT,ANDERSON & OLD SR37,0,0
902432633,2023,4,3,1200,Weekday,2-Car,No injury/unknown,DISREGARD SIGNAL/REG SIGN,2ND & WALKER,39.16143434,-86.54614523
902432642,2023,4,3,1000,Weekday,2-Car,No injury/unknown,OTHER (DRIVER) - EXPLAIN IN NARRATIVE,N FEE & SR46E,39.18589032,-86.51897973
902432659,2023,4,3,1200,Weekday,2-Car,No injury/unknown,UNSAFE BACKING,SO WOODSCREST,39.16132517,-86.50238335
902432675,2023,4,2,1900,Weekday,1-Car,No injury/unknown,OTHER (DRIVER) - EXPLAIN IN NARRATIVE,E KIRKWOOD & INDIANA,39.16664,-86.526896
902432722,2023,4,3,1500,Weekday,3+ Cars,No injury/unknown,FOLLOWING TOO CLOSELY,RANGE & SR45S,39.171504,-86.495312
902432846,2023,4,3,2200,Weekday,2-Car,No injury/unknown,,E 4TH,39.165648,-86.528144
902432884,2023,4,3,1200,Weekday,2-Car,No injury/unknown,UNSAFE BACKING,WEST 11TH,39.17344,-86.53033078
902432885,2023,4,4,0,Weekday,3+ Cars,No injury/unknown,DRIVER DISTRACTED - EXPLAIN IN NARRATIVE,CLARIZZ & COVENANTER,39.15246986,-86.49045507
902433046,2023,4,4,1000,Weekday,2-Car,No injury/unknown,FAILURE TO YIELD RIGHT OF WAY,DODDS & S WASHINGTON,39.157536,-86.5324
902433049,2023,4,6,1400,Weekday,2-Car,No injury/unknown,FOLLOWING TOO CLOSELY,EASTGATE & SR46E,39.17024,-86.501392
902433110,2023,4,4,700,Weekday,3+ Cars,Non-incapacitating,DISREGARD SIGNAL/REG SIGN,S LIBERTY & W 3RD,39.16461021,-86.57913006
902433111,2023,4,4,700,Weekday,2-Car,No injury/unknown,OTHER (DRIVER) - EXPLAIN IN NARRATIVE,E 3RD & SR4546E,39.164448,-86.471888
902433213,2023,4,4,1400,Weekday,2-Car,No injury/unknown,FAILURE TO YIELD RIGHT OF WAY,E BETHEL & SR45E,39.21281905,-86.45958909
902433272,2023,4,4,1000,Weekday,2-Car,No injury/unknown,FAILURE TO YIELD RIGHT OF WAY,E BLUE RIDGE & N WALNUT,39.196848,-86.5344
902433368,2023,4,4,1600,Weekday,2-Car,No injury/unknown,DISREGARD SIGNAL/REG SIGN,E UNIVERSITY & S HENDERSON,39.16038975,-86.52718976
902433399,2023,4,4,1400,Weekday,2-Car,No injury/unknown,IMPROPER LANE USAGE,3RD & FAIRVIEW,39.164272,-86.5408
902433473,2023,4,5,700,Weekday,2-Car,No injury/unknown,FOLLOWING TOO CLOSELY,S BANTA & W COUNTRY CLUB,39.136304,-86.544592
902433482,2023,4,5,700,Weekday,2-Car,No injury/unknown,FOLLOWING TOO CLOSELY,S ADAMS & W TAPP,0,0
902433498,2023,4,2,1000,Weekday,1-Car,No injury/unknown,RAN OFF ROAD RIGHT,COX & SR45W,39.21952997,-86.4451502
902433499,2023,4,3,700,Weekday,2-Car,No injury/unknown,UNSAFE BACKING,SR37 & VICTOR,39.105552,-86.551104
902433568,2023,4,5,1000,Weekday,2-Car,No injury/unknown,OTHER (DRIVER) - EXPLAIN IN NARRATIVE,W 3RD,39.228944,-86.627504
902433569,2023,4,5,1000,Weekday,2-Car,No injury/unknown,OTHER (DRIVER) - EXPLAIN IN NARRATIVE,6TH & GRANT,39.16767469,-86.53145944
902433601,2023,4,5,1000,Weekday,2-Car,No injury/unknown,FAILURE TO YIELD RIGHT OF WAY,S HENDERSON & S WALNUT ST,39.133744,-86.526896
902433706,2023,4,5,1500,Weekday,1-Car,No injury/unknown,OVERCORRECTING/OVERSTEERING,17TH & FEE,39.178928,-86.518992
902433718,2023,4,5,1500,Weekday,1-Car,No injury/unknown,UNSAFE SPEED,RANGE & SR 46,0,0
902433734,2023,4,5,1600,Weekday,2-Car,No injury/unknown,FAILURE TO YIELD RIGHT OF WAY,ATWATER & HAWTHORNE,39.16309007,-86.52020998
902433790,2023,4,5,1300,Weekday,2-Car,No injury/unknown,UNSAFE LANE MOVEMENT,E 3RD & SR4546E,39.164448,-86.471888
902433805,2023,4,5,1700,Weekday,2-Car,No injury/unknown,FAILURE TO YIELD RIGHT OF WAY,LONGVIEW & PETE ELLIS,39.166944,-86.495056
902433822,2023,4,5,1800,Weekday,2-Car,No injury/unknown,IMPROPER PASSING,3RD & JORDAN,39.16425613,-86.51640058
902433823,2023,4,2,1500,Weekday,1-Car,No injury/unknown,RAN OFF ROAD RIGHT,RUSH RIDGE & SR446S,39.08251493,-86.4199346
902433830,2023,4,5,1600,Weekday,2-Car,No injury/unknown,IMPROPER TURNING,EAST DILLMAN & SOUTH OLD STATE ROAD 37,39.092944,-86.544
902433835,2023,4,1,0,Weekend,1-Car,No injury/unknown,ANIMAL/OBJECT IN ROADWAY,BAYWOOD & SOUTH ROGERS,39.11371503,-86.53948031
902433854,2023,4,5,1800,Weekday,2-Car,No injury/unknown,IMPROPER TURNING,E 17TH,39.17896,-86.521088
902433926,2023,4,6,200,Weekday,2-Car,No injury/unknown,OTHER (DRIVER) - EXPLAIN IN NARRATIVE,N WALNUT & W 7TH,39.16864,-86.533568
902433962,2023,4,6,700,Weekday,2-Car,No injury/unknown,FOLLOWING TOO CLOSELY,HIGH & HILLSIDE,39.150544,-86.508288
902434009,2023,4,6,800,Weekday,2-Car,Non-incapacitating,FOLLOWING TOO CLOSELY,N MILO B SAMPSON & SR46,39.18907166,-86.52171325
902434049,2023,4,6,800,Weekday,3+ Cars,No injury/unknown,FOLLOWING TOO CLOSELY,200 BLK N COLLEGE & 6TH,39.16902128,-86.534784
902434162,2023,4,6,1100,Weekday,2-Car,No injury/unknown,UNSAFE BACKING,N COLLEGE & W 6TH,39.167648,-86.534784
902434171,2023,4,6,900,Weekday,2-Car,No injury/unknown,DISREGARD SIGNAL/REG SIGN,4TH & WALNUT,39.165648,-86.5336
902434192,2023,4,6,1200,Weekday,2-Car,No injury/unknown,UNSAFE BACKING,S SWAIN,39.16410678,-86.51519608
902434215,2023,4,6,700,Weekday,2-Car,Non-incapacitating,DISREGARD SIGNAL/REG SIGN,2ND & ADAMS,39.16037969,-86.55083008
902434258,2023,4,6,1400,Weekday,2-Car,No injury/unknown,FOLLOWING TOO CLOSELY,E 3RD & S ROSE,39.164352,-86.510944
902434274,2023,4,6,1400,Weekday,2-Car,No injury/unknown,FOLLOWING TOO CLOSELY,NORTH KINSER & WEST GOURLEY,39.185392,-86.537856
902434276,2023,4,6,1400,Weekday,2-Car,No injury/unknown,UNSAFE BACKING,15TH & GRANT,39.1770104,-86.5296
902434304,2023,4,6,1600,Weekday,3+ Cars,No injury/unknown,FOLLOWING TOO CLOSELY,3RD & KINGSTON,39.16424,-86.492944
902434402,2023,4,6,2000,Weekend,1-Car,No injury/unknown,RAN OFF ROAD RIGHT,NORTH WALNUT & WEST 17TH,39.178944,-86.533392
902434416,2023,4,6,1400,Weekday,2-Car,Incapacitating,FAILURE TO YIELD RIGHT OF WAY,4TH & BRYAN,39.165696,-86.508208
902434418,2023,4,6,1800,Weekday,2-Car,No injury/unknown,UNSAFE LANE MOVEMENT,3RD & HIGHLAND,0,0
902434419,2023,4,6,1400,Weekday,1-Car,No injury/unknown,UNSAFE BACKING,W SMITH,39.16299853,-86.53885649
902434427,2023,4,4,1900,Weekday,2-Car,No injury/unknown,FOLLOWING TOO CLOSELY,15TH & NORTH COLLEGE,39.15944,-86.53488
902434482,2023,4,6,2100,Weekend,3+ Cars,Non-incapacitating,FOLLOWING TOO CLOSELY,3RD & COLLEGE MALL,39.16424,-86.4984
902434488,2023,4,7,2300,Weekend,2-Car,No injury/unknown,UNSAFE BACKING,E 3RD,39.16444703,-86.52575968
902434489,2023,4,7,0,Weekend,2-Car,No injury/unknown,FAILURE TO YIELD RIGHT OF WAY,10TH & WOODLAWN,39.171632,-86.523536
902434505,2023,4,6,1900,Weekend,2-Car,No injury/unknown,UNSAFE BACKING,N WALNUT,39.232544,-86.540704
902434606,2023,4,7,1400,Weekend,2-Car,No injury/unknown,FOLLOWING TOO CLOSELY,E 10TH & SR46S,39.17227292,-86.5024615
902434616,2023,4,6,1600,Weekday,2-Car,Non-incapacitating,FAILURE TO YIELD RIGHT OF WAY,E UNIVERSITY & S HENDERSON,39.16032,-86.527136
902434623,2023,4,7,100,Weekend,2-Car,No injury/unknown,IMPROPER TURNING,8TH & ELM,39.169632,-86.5452
902434631,2023,4,7,1100,Weekend,2-Car,No injury/unknown,IMPROPER TURNING,E 14TH & N WALNUT,39.175952,-86.53344
902434664,2023,4,7,1600,Weekend,2-Car,No injury/unknown,FAILURE TO YIELD RIGHT OF WAY,13TH & INDIANA,39.175504,-86.527104
902434667,2023,4,7,1400,Weekend,2-Car,No injury/unknown,FAILURE TO YIELD RIGHT OF WAY,6TH & ROGERS,39.16768,-86.538592
902434686,2023,4,7,1700,Weekend,2-Car,No injury/unknown,DISREGARD SIGNAL/REG SIGN,ATWATER & HENDERSON,39.16313969,-86.52727022
902434731,2023,4,7,1800,Weekend,2-Car,No injury/unknown,FOLLOWING TOO CLOSELY,7TH & SR46N,39.167648,-86.500096
902434736,2023,4,6,2100,Weekend,1-Car,No injury/unknown,RAN OFF ROAD RIGHT,S OLD STATE ROAD 37 & W CEDAR BLUFF,39.042144,-86.5412
902434739,2023,4,6,1600,Weekday,1-Car,Fatal,RAN OFF ROAD RIGHT,DUNCAN & W LEONARD SPRINGS,39.122352,-86.5964
902434741,2023,4,7,1500,Weekend,2-Car,Fatal,RAN OFF ROAD RIGHT,KIRBY & W ST RD 48,39.05918475,-86.61081969
902434754,2023,4,7,1600,Weekend,2-Car,No injury/unknown,FAILURE TO YIELD RIGHT OF WAY,9TH & WALNUT,39.170544,-86.533536
902434773,2023,3,2,2300,Weekday,1-Car,No injury/unknown,RAN OFF ROAD RIGHT,RICHLAND PLAZA & SR46W,39.21649933,-86.59526824
902434774,2023,4,6,500,Weekday,1-Car,No injury/unknown,ANIMAL/OBJECT IN ROADWAY,ARLINGTON & SR46W,39.20813215,-86.57812268
902434780,2023,4,1,0,Weekend,2-Car,Non-incapacitating,,E GRANDVIEW & N SMITH,39.168848,-86.481296
902434796,2023,4,7,500,Weekend,1-Car,Incapacitating,OTHER (DRIVER) - EXPLAIN IN NARRATIVE,SR45W,39.125312,-86.610496
902434799,2023,4,1,400,Weekend,2-Car,Incapacitating,DRIVER ASLEEP OR FATIGUED,E 3RD & S WALNUT,39.16464,-86.5336
902434835,2023,4,7,1200,Weekend,2-Car,No injury/unknown,LEFT OF CENTER,ALLENS CREEK & SR446S,38.97667209,-86.4416809
902434868,2023,4,1,900,Weekend,2-Car,No injury/unknown,DISREGARD SIGNAL/REG SIGN,E 7TH & N DUNN,39.16864,-86.528224
902434869,2023,4,1,100,Weekend,2-Car,No injury/unknown,,S DOLIMAH,0,0
902434881,2023,4,7,2200,Weekend,2-Car,No injury/unknown,FOLLOWING TOO CLOSELY,E 10TH & N JORDAN,39.171552,-86.515728
902377265,2023,1,1,1300,Weekend,2-Car,Incapacitating,UNSAFE SPEED,SR37 & VERNAL,39.17599001,-86.56318363
902377318,2023,1,3,900,Weekday,3+ Cars,Non-incapacitating,FOLLOWING TOO CLOSELY,COUNTRY CLUB & S ROGERS,39.13608,-86.538096
902377320,2023,1,3,800,Weekday,2-Car,No injury/unknown,FAILURE TO YIELD RIGHT OF WAY,8TH & INDIANA,39.169616,-86.52696
902377344,2023,1,3,1000,Weekday,Pedestrian,Incapacitating,FAILURE TO YIELD RIGHT OF WAY,7TH & WOODLAWN,39.16864,-86.523392
902377351,2023,1,1,600,Weekend,1-Car,Non-incapacitating,RAN OFF ROAD RIGHT,GETTYS CREEK & SR46E,39.162864,-86.414432
902377352,2023,1,1,1200,Weekend,2-Car,No injury/unknown,FOLLOWING TOO CLOSELY,DUNCAN & SR45W,39.13504,-86.596192
902377369,2023,1,3,1200,Weekday,2-Car,No injury/unknown,UNSAFE BACKING,EAST KIRKWOOD,39.16664,-86.52798041
902377481,2023,1,3,1000,Weekday,Pedestrian,Incapacitating,PEDESTRIAN ACTION,17TH & N WALNUT,39.178944,-86.533392
902377564,2023,1,3,700,Weekday,2-Car,Incapacitating,LEFT OF CENTER,ANNALEE & W BLOOMFIELD,39.15810156,-86.55750275
902377599,2023,1,2,1700,Weekday,3+ Cars,No injury/unknown,UNSAFE SPEED,SR37S & VERNAL,39.17896726,-86.55952979
902377725,2023,1,3,2100,Weekday,2-Car,No injury/unknown,DISREGARD SIGNAL/REG SIGN,ROCKPORT & TAPP,39.136448,-86.548704
902377737,2023,1,3,2000,Weekday,2-Car,Non-incapacitating,FOLLOWING TOO CLOSELY,SR37S & SR45E,39.232688,-86.623056
902377754,2023,1,3,1600,Weekday,2-Car,Incapacitating,FOLLOWING TOO CLOSELY,HARTSTRAIGHT & SR46W,39.20619965,-86.61134338
902377852,2023,1,1,400,Weekend,1-Car,No injury/unknown,RAN OFF ROAD RIGHT,NORTH DUNN & OLD STATE ROAD 37 NORTH,39.20801975,-86.52872428
902377867,2023,1,6,700,Weekday,1-Car,No injury/unknown,ROADWAY SURFACE CONDITION,SR37N & W 3RD,39.16747214,-86.57272682
902377874,2023,1,2,700,Weekday,2-Car,No injury/unknown,FAILURE TO YIELD RIGHT OF WAY,SISCOE & SR46W,39.27146912,-86.67021209
902377987,2023,1,4,900,Weekday,2-Car,No injury/unknown,FOLLOWING TOO CLOSELY,7TH & COLLEGE,39.168656,-86.534784
902377993,2023,1,4,800,Weekday,Bus,Non-incapacitating,FAILURE TO YIELD RIGHT OF WAY,S WALNUT & WINSLOW,39.136144,-86.528688
902378105,2023,1,4,1100,Weekday,2-Car,No injury/unknown,DRIVER DISTRACTED - EXPLAIN IN NARRATIVE,2ND & HIGHLAND,39.16105025,-86.51772022
902378125,2023,1,3,900,Weekday,2-Car,No injury/unknown,FOLLOWING TOO CLOSELY,N OLD ST RD 37 & N WALNUT,39.18336019,-86.53415009
902378144,2023,1,4,1100,Weekday,3+ Cars,No injury/unknown,OTHER (DRIVER) - EXPLAIN IN NARRATIVE,OLD SR 37 & WALNUT,39.20704,-86.534704
902378176,2023,1,4,700,Weekday,2-Car,No injury/unknown,FAILURE TO YIELD RIGHT OF WAY,SMITH & SR46E,39.210144,-86.5832
902378462,2023,1,3,1200,Weekday,2-Car,No injury/unknown,,E 10TH & HILLTOP,39.1730517,-86.5041985
902378489,2023,1,4,1800,Weekday,2-Car,Non-incapacitating,FOLLOWING TOO CLOSELY,COVENANTER & S COLLEGE MALL,39.155152,-86.497888