Master Record Number,Year,Month,Day,Hour,Weekend,Collision Type,Injury Type,Primary Factor,Reported_Location,Latitude,Longitude
902391778,2023,2,3,2000,Weekday,Pedestrian,Non-incapacitating,PEDESTRIAN ACTION,HILLSIDE & WALNUT,39.150544,-86.5336
902391872,2023,2,4,0,Weekday,1-Car,Non-incapacitating,ANIMAL/OBJECT IN ROADWAY,N LITTLE WOLF MOUNTAIN & N WOLF MOUNTAIN,39.30224,-86.663808
902391928,2023,2,4,600,Weekday,2-Car,No injury/unknown,UNSAFE LANE MOVEMENT,SR37S & VERNAL,39.20835355,-86.56252288
902392021,2023,2,3,1400,Weekday,2-Car,No injury/unknown,UNSAFE BACKING,EAST KIRKWOOD,39.16677127,-86.54552653
902392239,2023,2,1,1900,Weekday,3+ Cars,Incapacitating,LEFT OF CENTER,SEWELL & SR46,39.15171874,-86.38255516
902392271,2023,2,4,1200,Weekday,2-Car,No injury/unknown,UNSAFE BACKING,7TH & MORTON,0,0
902392272,2023,2,4,1200,Weekday,2-Car,No injury/unknown,FOLLOWING TOO CLOSELY,E GRIMES & S WALNUT,39.15344,-86.5336
902392483,2023,2,4,1500,Weekday,2-Car,No injury/unknown,UNSAFE LANE MOVEMENT,E 3RD & S BALLANTINE,39.16424,-86.518992
902392542,2023,2,4,1700,Weekday,2-Car,No injury/unknown,UNSAFE SPEED,SR37 & VERNAL,39.17543601,-86.56396724
902392547,2023,2,4,1700,Weekday,1-Car,No injury/unknown,RAN OFF ROAD RIGHT,N MT TABOR & W BARR,0,0
902392635,2023,2,2,800,Weekday,2-Car,No injury/unknown,OTHER (VEHICLE) - EXPLAIN IN NARRATIVE,3RD,39.164848,-86.57602133
902392703,2023,2,6,1200,Weekday,2-Car,No injury/unknown,UNSAFE BACKING,115 N GLENWOOD AVE W & LONGVIEW,39.167248,-86.484192
902392713,2023,2,5,800,Weekday,1-Car,No injury/unknown,UNSAFE BACKING,2602 S SOUTHERN PINES & SOUTHERN RIDGE,39.13934716,-86.54755656
902392737,2023,2,5,900,Weekday,1-Car,No injury/unknown,ROADWAY SURFACE CONDITION,S OLD SR 37 & SR37,39.04018419,-86.54416009
902392820,2023,2,5,1100,Weekday,2-Car,No injury/unknown,FAILURE TO YIELD RIGHT OF WAY,N MONROE & SR4546W,39.186944,-86.5468
902392852,2023,2,5,1200,Weekday,2-Car,No injury/unknown,UNSAFE BACKING,KIRKWOOD & WALNUT,39.16664,-86.5336
902393012,2023,2,5,1400,Weekday,2-Car,Incapacitating,FOLLOWING TOO CLOSELY,10TH & UNION,39.171472,-86.509376
902393053,2023,2,5,1700,Weekday,2-Car,No injury/unknown,FOLLOWING TOO CLOSELY,SR37N & W VERNAL,39.17599001,-86.56318363
902393077,2023,2,5,1800,Weekday,2-Car,No injury/unknown,FOLLOWING TOO CLOSELY,S CURRY & W 3RD,39.16463971,-86.58292002
902393080,2023,2,5,1800,Weekday,2-Car,No injury/unknown,IMPROPER PASSING,14TH & LINDBERGH,39.176048,-86.552592
902393102,2023,2,4,1400,Weekday,2-Car,No injury/unknown,FAILURE TO YIELD RIGHT OF WAY,SMITH & SR46W,39.210144,-86.5832
902393118,2023,2,5,2000,Weekday,Pedestrian,Non-incapacitating,OTHER (DRIVER) - EXPLAIN IN NARRATIVE,E THIRD,39.0803299,-86.51473999
902393151,2023,2,5,2200,Weekday,2-Car,No injury/unknown,OTHER (DRIVER) - EXPLAIN IN NARRATIVE,WALNUT,39.165648,-86.5336
902393180,2023,2,5,2200,Weekday,Cyclist,No injury/unknown,FAILURE TO YIELD RIGHT OF WAY,WINSLOW,39.136144,-86.523744
902393182,2023,2,5,2100,Weekday,1-Car,Non-incapacitating,RAN OFF ROAD RIGHT,2 ND & FAIRFAX,39.082166,-86.5157979
902393218,2023,2,6,400,Weekday,2-Car,No injury/unknown,OTHER (DRIVER) - EXPLAIN IN NARRATIVE,NORTH MADISON & WEST 17TH,39.178992,-86.537792
902393295,2023,2,5,700,Weekday,2-Car,No injury/unknown,UNSAFE BACKING,RHORER & WALNUT STREET,39.12144,-86.526496
902393296,2023,2,5,700,Weekday,1-Car,Incapacitating,RAN OFF ROAD RIGHT,CHAMBERS & SR37S,39.30432,-86.5168
902393300,2023,2,6,800,Weekday,1-Car,No injury/unknown,VIEW OBSTRUCTED,6TH & ELM,39.167712,-86.5452
902393477,2023,2,6,700,Weekday,2-Car,No injury/unknown,FOLLOWING TOO CLOSELY,SR4546 & TENTH,39.176848,-86.478192
902393510,2023,2,5,800,Weekday,2-Car,No injury/unknown,FAILURE TO YIELD RIGHT OF WAY,SR46W & UNION VALLEY,39.21328558,-86.59020994
902393547,2023,2,5,1300,Weekday,2-Car,No injury/unknown,UNSAFE BACKING,N MADISON & W 6TH,39.167664,-86.537296
902393689,2023,2,6,1100,Weekday,2-Car,Non-incapacitating,DISREGARD SIGNAL/REG SIGN,N OLD ST RD 37 & N WALNUT,39.18336019,-86.53415009
902393699,2023,2,6,1100,Weekday,2-Car,No injury/unknown,FAILURE TO YIELD RIGHT OF WAY,N MADISON & W 17TH,39.178992,-86.537792
902393701,2023,2,6,1200,Weekday,2-Car,No injury/unknown,FAILURE TO YIELD RIGHT OF WAY,SOUTH WALNUT,39.154352,-86.5336
902393715,2023,2,5,1200,Weekday,2-Car,No injury/unknown,IMPROPER TURNING,13TH (PARKING LOT & FEE,0,0
902393740,2023,2,6,1400,Weekday,2-Car,No injury/unknown,FOLLOWING TOO CLOSELY,EAST 3RD & SOUTH JEFFERSON,39.164304,-86.506992
902393842,2023,2,6,1800,Weekday,3+ Cars,Non-incapacitating,FOLLOWING TOO CLOSELY,THIRD & WALNUT,39.08217966,-85.81297853
902393854,2023,2,6,1700,Weekday,2-Car,No injury/unknown,FOLLOWING TOO CLOSELY,N CURRY & SR46W,39.19377136,-86.57120616
902393869,2023,2,6,1800,Weekday,3+ Cars,No injury/unknown,FOLLOWING TOO CLOSELY,N SMITH & SR46W,39.210144,-86.5832
902393896,2023,2,4,1800,Weekday,1-Car,Non-incapacitating,UNSAFE SPEED,EAST DILLMAN & SOUTH FAIRFAX,39.09264,-86.51672
902393904,2023,2,6,300,Weekday,2-Car,No injury/unknown,OVERCORRECTING/OVERSTEERING,E 2ND & S WASHINGTON,39.16144,-86.5324
902393906,2023,2,5,1500,Weekday,2-Car,No injury/unknown,DRIVER DISTRACTED - EXPLAIN IN NARRATIVE,SR37N & VERNAL,39.17617467,-86.56292242
902393922,2023,2,6,2100,Weekend,2-Car,No injury/unknown,FAILURE TO YIELD RIGHT OF WAY,SR45 & WALNUT,39.186368,-86.5344
902393958,2023,2,6,2200,Weekend,1-Car,Non-incapacitating,OTHER (DRIVER) - EXPLAIN IN NARRATIVE,S COLLEGE,39.16115717,-86.53485253
902393978,2023,2,7,400,Weekend,2-Car,No injury/unknown,OTHER (DRIVER) - EXPLAIN IN NARRATIVE,S LIBERTY,39.189248,-86.531472
902393981,2023,2,6,2300,Weekend,2-Car,No injury/unknown,,DUNN & KIRKWOOD,39.16664,-86.52822728
902394021,2023,2,7,800,Weekend,2-Car,No injury/unknown,IMPROPER TURNING,4TH & COLLEGE,39.165664,-86.5348
902394245,2023,2,4,2200,Weekday,1-Car,Non-incapacitating,ROADWAY SURFACE CONDITION,LOUDEN & RATLIFF,39.21657228,-86.63986124
902394309,2023,2,7,1400,Weekend,2-Car,No injury/unknown,ANIMAL/OBJECT IN ROADWAY,17 & SR4546N,0,0
902394378,2023,2,7,1700,Weekend,2-Car,No injury/unknown,UNSAFE BACKING,S COLLEGE,39.17088686,-86.534768
902394432,2023,2,7,1600,Weekend,2-Car,No injury/unknown,DISREGARD SIGNAL/REG SIGN,W STATE ROAD 45,39.125312,-86.610496
902394440,2023,2,5,1600,Weekday,2-Car,No injury/unknown,FOLLOWING TOO CLOSELY,SR37S & TAPP,39.13704,-86.572896
902394445,2023,2,7,2000,Weekend,1-Car,No injury/unknown,ANIMAL/OBJECT IN ROADWAY,CURRY & SR46W,39.15835953,-86.58256264
902394690,2023,2,1,1200,Weekend,2-Car,No injury/unknown,FAILURE TO YIELD RIGHT OF WAY,SO WESTPLEX & W 3RD,39.16440971,-86.55389986
902394698,2023,2,1,700,Weekend,2-Car,Non-incapacitating,DISREGARD SIGNAL/REG SIGN,COLLEGE & KIRKWOOD,39.16664,-86.5348
902394868,2023,2,1,1600,Weekend,2-Car,No injury/unknown,UNSAFE BACKING,E KIRKWOOD,39.16664,-86.53096555
902394889,2023,2,1,1800,Weekend,2-Car,No injury/unknown,IMPROPER PASSING,3RD & FESS,39.16444271,-86.52561573
902394952,2023,2,1,2100,Weekday,2-Car,No injury/unknown,FOLLOWING TOO CLOSELY,OLD SR 37 & WALNUT,39.20429773,-86.53489235
902394986,2023,2,1,200,Weekend,2-Car,No injury/unknown,RAN OFF ROAD RIGHT,E 3RD,39.164544,-86.55236237
902395152,2023,2,2,800,Weekday,2-Car,No injury/unknown,FAILURE TO YIELD RIGHT OF WAY,E MILLER & S COVEY,39.146976,-86.516192
902395203,2023,2,2,900,Weekday,2-Car,No injury/unknown,FAILURE TO YIELD RIGHT OF WAY,2ND & WASHINGTON,39.16144,-86.5324
902395216,2023,2,2,1000,Weekday,2-Car,No injury/unknown,ROADWAY SURFACE CONDITION,E 3RD & PETE ELLIS,39.16424,-86.495088
902395246,2023,2,2,1000,Weekday,1-Car,No injury/unknown,RAN OFF ROAD RIGHT,RHORER & SARE,39.12989028,-86.51157997
902395252,2023,2,2,800,Weekday,2-Car,No injury/unknown,FOLLOWING TOO CLOSELY,BUICK CADILLAC & COLLEGE MALL,0,0
902395278,2023,2,2,1000,Weekday,2-Car,No injury/unknown,SPEED TOO FAST FOR WEATHER CONDITIONS,45 46 & WALNUT,38.475955,-86.541435
902395307,2023,2,2,1100,Weekday,2-Car,No injury/unknown,SPEED TOO FAST FOR WEATHER CONDITIONS,3RD & LIBERTY,39.16461021,-86.57912141
902395309,2023,2,2,1000,Weekday,1-Car,No injury/unknown,SPEED TOO FAST FOR WEATHER CONDITIONS,MATLOCK & SR46W,39.18504585,-86.51656815
902395381,2023,2,2,1200,Weekday,1-Car,No injury/unknown,RAN OFF ROAD RIGHT,CLARIIZZ & GOODNIGHT,0,0
902395385,2023,2,2,1200,Weekday,2-Car,No injury/unknown,FAILURE TO YIELD RIGHT OF WAY,1600 W BLOOMFIELD & W BLOOMFIELD,0,0
902395402,2023,2,2,1200,Weekday,Bus,No injury/unknown,ROADWAY SURFACE CONDITION,455 N COLLEGE & 9TH,39.170544,-86.534768
902395428,2023,2,2,1200,Weekday,1-Car,No injury/unknown,SPEED TOO FAST FOR WEATHER CONDITIONS,SR37N & WAYPORT,39.26167132,-86.52280192
902395614,2023,2,2,1500,Weekday,2-Car,No injury/unknown,FOLLOWING TOO CLOSELY,MARTHA & SR46E,39.18635409,-86.53204891
902395702,2023,2,2,1400,Weekday,2-Car,Non-incapacitating,SPEED TOO FAST FOR WEATHER CONDITIONS,3RD & GATES,39.16459009,-86.57619975
902395708,2023,2,2,1600,Weekday,2-Car,No injury/unknown,SPEED TOO FAST FOR WEATHER CONDITIONS,6TH & DUNN,39.167728,-86.528208
902395738,2023,2,2,1700,Weekday,3+ Cars,No injury/unknown,FOLLOWING TOO CLOSELY,S COLLEGE & W 4TH,39.165664,-86.5348
902395746,2023,2,1,2000,Weekday,2-Car,No injury/unknown,DISREGARD SIGNAL/REG SIGN,SR45S & WALMART,0,0
902395748,2023,2,2,1600,Weekday,2-Car,No injury/unknown,FOLLOWING TOO CLOSELY,E KIRKWOOD & S DUNN,39.16664,-86.528192
902395785,2023,2,2,1600,Weekday,2-Car,No injury/unknown,UNSAFE SPEED,INDUSTRIAL & SR45W,39.143552,-86.580528
902395786,2023,2,2,2000,Weekday,2-Car,No injury/unknown,RAN OFF ROAD RIGHT,N BOTTOM & SR37N,39.3824478,-86.55792236
902395807,2023,2,2,1400,Weekday,1-Car,No injury/unknown,RAN OFF ROAD RIGHT,VILLAGE & W MIDDLE,39.159168,-86.583888
902395808,2023,2,2,1600,Weekday,2-Car,Incapacitating,SPEED TOO FAST FOR WEATHER CONDITIONS,MCNEELY & UNION VALLEY,39.1135481,-86.59277114
902395809,2023,2,2,1800,Weekday,1-Car,No injury/unknown,SPEED TOO FAST FOR WEATHER CONDITIONS,AIRPORT & SR45W,39.13724902,-86.59312023
902395835,2023,1,3,2200,Weekday,2-Car,No injury/unknown,FOLLOWING TOO CLOSELY,8TH & ROOSEVELT,39.16952,-86.505968
902395869,2023,2,1,2300,Weekday,1-Car,No injury/unknown,OTHER (DRIVER) - EXPLAIN IN NARRATIVE,DUVALL,39.07711411,-86.62055969
902395904,2023,2,2,1300,Weekday,2-Car,No injury/unknown,SPEED TOO FAST FOR WEATHER CONDITIONS,3RD & SMITH,39.16424,-86.480688
902395937,2023,2,2,1200,Weekday,1-Car,No injury/unknown,RAN OFF ROAD RIGHT,W ALLEN & W BLOOMFIELD,39.156144,-86.561296
902395941,2023,2,2,900,Weekday,Bus,No injury/unknown,UNSAFE BACKING,1001 EAST 17TH (BLUE LOT) & 17TH,39.20021998,-86.5209221
902395968,2023,2,2,1100,Weekday,2-Car,No injury/unknown,FAILURE TO YIELD RIGHT OF WAY,ENT TO SAMS & SR45W,0,0
902396086,2023,2,3,1000,Weekday,2-Car,No injury/unknown,FAILURE TO YIELD RIGHT OF WAY,W 3RD,39.16424,-86.48434743
902396153,2023,2,2,900,Weekday,2-Car,Non-incapacitating,SPEED TOO FAST FOR WEATHER CONDITIONS,10TH & FEE,39.1715904,-86.51957008
902396209,2023,2,2,1300,Weekday,2-Car,Incapacitating,FAILURE TO YIELD RIGHT OF WAY,ALLEN & BLOOMFIELD,39.15612973,-86.56139999
902396281,2023,2,2,2000,Weekday,2-Car,No injury/unknown,RAN OFF ROAD RIGHT,N BOTTOM & SR37N,39.3824478,-86.55792236
902396300,2023,2,3,1200,Weekday,2-Car,No injury/unknown,UNSAFE BACKING,3RD & HAWTHORNE,39.21712186,-86.52008995
902396469,2023,2,3,1000,Weekday,2-Car,No injury/unknown,,N RANGE,39.17500611,-86.49981141
902396512,2023,2,3,1700,Weekday,2-Car,No injury/unknown,FAILURE TO YIELD RIGHT OF WAY,E 3RD & S GRANT,39.16464,-86.529728
902396562,2023,2,3,1000,Weekday,2-Car,No injury/unknown,OTHER (DRIVER) - EXPLAIN IN NARRATIVE,NORTH MORTON,39.164672,-86.536192
902396576,2023,2,3,1600,Weekday,2-Car,Non-incapacitating,UNSAFE BACKING,E LAW & N UNION,39.17215009,-86.50939602
902396584,2023,2,3,1900,Weekday,2-Car,Non-incapacitating,FAILURE TO YIELD RIGHT OF WAY,3RD & INDIANA,39.164448,-86.5268
902396707,2023,2,4,200,Weekday,1-Car,No injury/unknown,SPEED TOO FAST FOR WEATHER CONDITIONS,18TH & DUNN,39.18021467,-86.5284
902396733,2023,2,4,500,Weekday,1-Car,No injury/unknown,OVERCORRECTING/OVERSTEERING,HEDRICK & SR46W,39.27775955,-86.67736536
902397021,2023,2,4,900,Weekday,2-Car,No injury/unknown,UNSAFE BACKING,ODELL,39.1264008,-86.52882926
902397033,2023,2,4,900,Weekday,1-Car,No injury/unknown,OTHER (DRIVER) - EXPLAIN IN NARRATIVE,E 11TH & WALNUT,39.17344,-86.520944
902397034,2023,2,4,1000,Weekday,1-Car,No injury/unknown,SPEED TOO FAST FOR WEATHER CONDITIONS,E 9TH & N LINCOLN,39.170544,-86.530992
902397036,2023,2,4,900,Weekday,1-Car,No injury/unknown,RAN OFF ROAD RIGHT,E ATWATER & S ARBUTUS,39.16838714,-86.51218011
902397042,2023,2,4,700,Weekday,2-Car,No injury/unknown,UNSAFE BACKING,N GRANT,39.17344,-86.529696
902397081,2023,2,4,1200,Weekday,1-Car,No injury/unknown,RAN OFF ROAD RIGHT,SR37N & W 2ND,39.20370561,-86.53729248
902397088,2023,2,3,1300,Weekday,2-Car,No injury/unknown,IMPROPER TURNING,13TH & 709 N FEE (PARKING GARAGE),39.175152,-86.518992
902397371,2023,2,4,1600,Weekday,2-Car,No injury/unknown,UNSAFE LANE MOVEMENT,SR446S & SR46E,39.135648,-86.462
902397421,2023,2,4,1600,Weekday,3+ Cars,No injury/unknown,FAILURE TO YIELD RIGHT OF WAY,CONSITUTION & CURRY,39.15127024,-86.58262029
902397426,2023,2,4,1500,Weekday,2-Car,No injury/unknown,FOLLOWING TOO CLOSELY,S MULLER,39.16180998,-86.56743228
902397436,2023,2,4,1600,Weekday,2-Car,No injury/unknown,LEFT OF CENTER,LOST MANS & TREUSDALE,0,0
902397442,2023,2,4,1900,Weekday,2-Car,No injury/unknown,UNSAFE BACKING,COLLEGE & KIRKWOOD,39.16664,-86.5348
902397489,2023,2,4,2000,Weekday,3+ Cars,No injury/unknown,FOLLOWING TOO CLOSELY,BUICK CADILLAC & COLLEGE MALL,39.15816,-86.497792
902397501,2023,2,4,1700,Weekday,2-Car,No injury/unknown,FAILURE TO YIELD RIGHT OF WAY,RHORER & S WALNUT,39.12144,-86.526496
902397746,2023,2,5,900,Weekday,2-Car,No injury/unknown,FAILURE TO YIELD RIGHT OF WAY,N WALNUT & W 11TH,39.173248,-86.533488
902397795,2023,2,5,1100,Weekday,2-Car,No injury/unknown,UNSAFE LANE MOVEMENT,N WALNUT & SR4546W,39.186368,-86.5344
902397861,2023,2,5,1100,Weekday,2-Car,No injury/unknown,FAILURE TO YIELD RIGHT OF WAY,THIRTEENTH & WALNUT GROVE,39.17512767,-86.52103911
902397896,2023,2,5,1100,Weekday,2-Car,No injury/unknown,FOLLOWING TOO CLOSELY,S LIBERTY & W 3RD,39.16461021,-86.57910409
902398158,2023,2,5,1600,Weekday,2-Car,No injury/unknown,DISREGARD SIGNAL/REG SIGN,7TH & JORDAN,39.168944,-86.516016
902398161,2023,2,5,1400,Weekday,2-Car,No injury/unknown,FOLLOWING TOO CLOSELY,LIBERTY & PRIVATE DRIVE,0,0
902398163,2023,2,5,1600,Weekday,3+ Cars,No injury/unknown,UNSAFE LANE MOVEMENT,3RD & GRANT,39.16464,-86.529728
902398166,2023,2,4,1800,Weekday,2-Car,No injury/unknown,SPEED TOO FAST FOR WEATHER CONDITIONS,EAST THIRD,0,0
902398178,2023,2,5,1700,Weekday,2-Car,No injury/unknown,FAILURE TO YIELD RIGHT OF WAY,DIXIE & FAIRVIEW,39.156752,-86.540976
902398185,2023,2,5,1800,Weekday,2-Car,No injury/unknown,FOLLOWING TOO CLOSELY,46 & DUNN,0,0
902398274,2023,2,5,1800,Weekday,1-Car,No injury/unknown,RAN OFF ROAD RIGHT,LOST MANS & SHADOWOOD,0,0
902398315,2023,2,5,400,Weekday,1-Car,No injury/unknown,SPEED TOO FAST FOR WEATHER CONDITIONS,CHAPEL HILL & SR446S,39.02893231,-86.408064
902398318,2023,2,4,400,Weekday,1-Car,No injury/unknown,RAN OFF ROAD RIGHT,SR46E & TRAILWAY,39.16355934,-86.42589328
902398390,2023,2,6,200,Weekday,2-Car,Non-incapacitating,FAILURE TO YIELD RIGHT OF WAY,ST RD 46,39.1831654,-86.5114387
902398607,2023,2,6,800,Weekday,2-Car,No injury/unknown,UNSAFE BACKING,SOUTH COPPER BEACH,39.15565833,-86.57005816
902398660,2023,2,5,400,Weekday,2-Car,No injury/unknown,SPEED TOO FAST FOR WEATHER CONDITIONS,2ND & DUNN,39.15500584,-86.52841016
902398705,2023,2,6,800,Weekday,3+ Cars,No injury/unknown,FAILURE TO YIELD RIGHT OF WAY,N ROGERS & W 7TH,39.168704,-86.538576
902398798,2023,2,6,1000,Weekday,2-Car,No injury/unknown,OTHER (VEHICLE) - EXPLAIN IN NARRATIVE,S COLLEGE,39.16115717,-86.53485253
902398804,2023,2,5,2000,Weekday,2-Car,No injury/unknown,FAILURE TO YIELD RIGHT OF WAY,COLLEGE & KIRKWOOD,39.16664,-86.5348
902398836,2023,2,6,1300,Weekday,2-Car,No injury/unknown,FAILURE TO YIELD RIGHT OF WAY,E COTTAGE & WOODLAWN,0,0
902398842,2023,2,6,1100,Weekday,2-Car,No injury/unknown,FAILURE TO YIELD RIGHT OF WAY,OAK & SALE,39.232512,-86.626224
902398951,2023,2,6,1400,Weekday,2-Car,No injury/unknown,UNSAFE BACKING,S INDIANA,39.165648,-86.526848
902399016,2023,2,6,1500,Weekday,2-Car,No injury/unknown,FOLLOWING TOO CLOSELY,FULLERTON & SR37,39.122352,-86.5712
902399070,2023,2,6,1600,Weekday,2-Car,No injury/unknown,FAILURE TO YIELD RIGHT OF WAY,BARGE & S LEONARD SPRINGS,39.13579732,-86.582496
902399071,2023,2,6,1800,Weekday,2-Car,No injury/unknown,FOLLOWING TOO CLOSELY,N CURRY & W WOODYARD,39.190672,-86.582992
902399072,2023,2,5,1400,Weekday,2-Car,No injury/unknown,FAILURE TO YIELD RIGHT OF WAY,BROOKWOOD & HILLCREST,39.21400715,-86.60118534
902399078,2023,2,5,2000,Weekday,1-Car,Non-incapacitating,SPEED TOO FAST FOR WEATHER CONDITIONS,WEST ISON & WEST LEONARD SPRINGS,39.122352,-86.6056
902399079,2023,2,6,1400,Weekday,1-Car,Incapacitating,RAN OFF ROAD RIGHT,EAST RAMP CREEK & SOUTH SHIELDS RIDGE,39.083024,-86.472912
902399128,2023,2,5,1000,Weekday,1-Car,No injury/unknown,RAN OFF ROAD RIGHT,SKIRVIN & SR45,39.22555741,-86.43851898
902399173,2023,2,7,300,Weekend,1-Car,No injury/unknown,RAN OFF ROAD RIGHT,DUNN & SR37W,39.18363953,-86.5283432
902399192,2023,2,5,400,Weekday,1-Car,No injury/unknown,ROADWAY SURFACE CONDITION,S ROCKPORT & SR37S,39.11732296,-86.56671395
902399194,2023,2,7,300,Weekend,2-Car,Non-incapacitating,SPEED TOO FAST FOR WEATHER CONDITIONS,10TH,39.17164802,-86.50386024
902399302,2023,2,7,1000,Weekend,2-Car,No injury/unknown,SPEED TOO FAST FOR WEATHER CONDITIONS,BLOOMFIELD & SR37N,39.2109486,-86.57295227
902399319,2023,2,7,900,Weekend,2-Car,No injury/unknown,FAILURE TO YIELD RIGHT OF WAY,N KINSER,39.18182568,-86.53778021
902399405,2023,2,7,1200,Weekend,2-Car,No injury/unknown,FAILURE TO YIELD RIGHT OF WAY,FORRESTER & OLCOTT,39.14021015,-86.49255976
902399407,2023,2,7,1100,Weekend,2-Car,No injury/unknown,OTHER (DRIVER) - EXPLAIN IN NARRATIVE,N ROGERS,39.165696,-86.538592
902399519,2023,2,7,1400,Weekend,2-Car,No injury/unknown,IMPROPER TURNING,E BURKS,39.15584,-86.506496
902399567,2023,2,1,2100,Weekday,2-Car,No injury/unknown,FOLLOWING TOO CLOSELY,ENDWRIGHT & SR46W,39.22402954,-86.61120295
902399574,2023,2,7,1500,Weekend,2-Car,No injury/unknown,UNSAFE BACKING,EAST 7TH,39.168752,-86.5436
902399641,2023,2,7,2000,Weekend,2-Car,No injury/unknown,CELL PHONE USAGE,ROCKPORT & W COUNTRY CLUB,39.136448,-86.548704
902399644,2023,2,7,2100,Weekend,1-Car,No injury/unknown,SPEED TOO FAST FOR WEATHER CONDITIONS,N JORDAN,39.16733692,-86.51619253
902399655,2023,2,7,2100,Weekend,2-Car,No injury/unknown,FOLLOWING TOO CLOSELY,10TH & SUNRISE,39.17157993,-86.51249715
902399716,2023,2,1,400,Weekend,1-Car,No injury/unknown,SPEED TOO FAST FOR WEATHER CONDITIONS,NORTH WALNUT,39.16893387,-86.53321838
902399727,2023,2,7,100,Weekend,2-Car,No injury/unknown,SPEED TOO FAST FOR WEATHER CONDITIONS,INDIANA & THIRD,39.16430652,-86.52691309
902399730,2023,2,7,1200,Weekend,1-Car,No injury/unknown,OTHER (DRIVER) - EXPLAIN IN NARRATIVE,N FAIRVIEW & W 11TH,39.173152,-86.5408
902399859,2023,2,6,900,Weekday,Bus,No injury/unknown,UNSAFE BACKING,GATES,39.16889705,-86.57647803
902399860,2023,2,1,900,Weekend,2-Car,No injury/unknown,SPEED TOO FAST FOR WEATHER CONDITIONS,SR45W,39.125312,-86.610496
902399863,2023,2,1,1100,Weekend,2-Car,No injury/unknown,FAILURE TO YIELD RIGHT OF WAY,2ND & LINCOLN,39.16144,-86.531056
902399902,2023,2,1,1300,Weekend,2-Car,Non-incapacitating,FAILURE TO YIELD RIGHT OF WAY,AUTO MALL & COVENANTER,39.1550532,-86.4960877
902399927,2023,2,7,1600,Weekend,1-Car,Non-incapacitating,ANIMAL/OBJECT IN ROADWAY,E BRYANTS CREEK & SR37N,39.334368,-86.5124
902399928,2023,2,7,1300,Weekend,1-Car,No injury/unknown,IMPROPER LANE USAGE,W VERNAL LOT 59,39.179248,-86.58292
902399974,2023,2,1,1500,Weekend,2-Car,No injury/unknown,DRIVER DISTRACTED - EXPLAIN IN NARRATIVE,RAMP 14,0,0
902400008,2023,2,1,1500,Weekend,1-Car,No injury/unknown,RAN OFF ROAD RIGHT,S HINDS & SR45W,39.099152,-86.652
902400010,2023,2,1,1700,Weekend,2-Car,No injury/unknown,FAILURE TO YIELD RIGHT OF WAY,KINSER & SR46W,39.186544,-86.537888
902400023,2023,2,1,2000,Weekday,2-Car,No injury/unknown,FAILURE TO YIELD RIGHT OF WAY,37 & 3RD,39.164752,-86.573104
902400113,2023,2,1,100,Weekend,1-Car,No injury/unknown,RAN OFF ROAD RIGHT,E BETHEL & N OLD SR 37,39.215344,-86.521392
902400202,2023,2,2,700,Weekday,1-Car,Incapacitating,RAN OFF ROAD RIGHT,ARLINGTON & MAPLE GROVE,39.20235537,-86.55888157
902400242,2023,2,2,800,Weekday,Bus,No injury/unknown,IMPROPER PASSING,INDIANA & THIRD,39.16430652,-86.52691309
902400309,2023,2,2,1100,Weekday,2-Car,Non-incapacitating,FOLLOWING TOO CLOSELY,PATTERSON & ROGERS,39.15379018,-86.53875008
902400317,2023,2,2,1100,Weekday,2-Car,No injury/unknown,UNSAFE BACKING,N JACOB,39.16852154,-86.57362014
902400353,2023,2,2,1000,Weekday,2-Car,Non-incapacitating,FOLLOWING TOO CLOSELY,7TH & ROGERS,39.168704,-86.538576
902400404,2023,2,2,1100,Weekday,Bus,No injury/unknown,OTHER (DRIVER) - EXPLAIN IN NARRATIVE,3RD & INDIANA,39.164448,-86.5268
902406594,2023,3,2,1800,Weekday,1-Car,Non-incapacitating,RAN OFF ROAD RIGHT,ADAMS & ALLEN,39.15586017,-86.5505671
902406596,2023,3,3,800,Weekday,2-Car,No injury/unknown,DISREGARD SIGNAL/REG SIGN,SO ROGERS & W 2ND,39.16152,-86.538592
902406633,2023,3,3,800,Weekday,1-Car,Non-incapacitating,RAN OFF ROAD RIGHT,JORDAN & READ N,39.16719055,-86.51600953
902406663,2023,3,3,1100,Weekday,2-Car,No injury/unknown,FAILURE TO YIELD RIGHT OF WAY,LONGVIEW & PETE ELLIS,39.166944,-86.495056
902406889,2023,3,2,2200,Weekday,1-Car,No injury/unknown,FAILURE TO YIELD RIGHT OF WAY,GREEN & ROGERS,39.13126204,-86.53875987
902406895,2023,3,3,1500,Weekday,2-Car,No injury/unknown,UNSAFE BACKING,S ROCKPORT,39.14144,-86.543632
902406971,2023,3,3,1700,Weekday,1-Car,No injury/unknown,UNSAFE BACKING,JEFFERSON & TENTH,39.17163462,-86.50672396
902406991,2023,3,3,1800,Weekday,2-Car,No injury/unknown,FAILURE TO YIELD RIGHT OF WAY,E GRIMES & S WALNUT,39.15344,-86.5336
902406996,2023,3,2,1400,Weekday,2-Car,No injury/unknown,OTHER (DRIVER) - EXPLAIN IN NARRATIVE,NORTH KINSER,39.18714881,-86.53782472
902406998,2023,3,3,1800,Weekday,2-Car,Incapacitating,FAILURE TO YIELD RIGHT OF WAY,2ND & ADAMS,39.160544,-86.5508