Master Record Number,Year,Month,Day,Hour,Weekend,Collision Type,Injury Type,Primary Factor,Reported_Location,Latitude,Longitude
902407005,2023,3,3,1500,Weekday,2-Car,No injury/unknown,FAILURE TO YIELD RIGHT OF WAY,KIRKWOOD & MADISON,39.166656,-86.537296
902407044,2023,3,3,2100,Weekday,2-Car,No injury/unknown,FOLLOWING TOO CLOSELY,10TH & CAMPBELL,39.17158999,-86.51394031
902407133,2023,3,3,1000,Weekday,2-Car,Non-incapacitating,OTHER (DRIVER) - EXPLAIN IN NARRATIVE,WINSLOW & XAVIER,39.13601987,-86.51343002
902407178,2023,2,7,1000,Weekend,3+ Cars,No injury/unknown,DRIVER DISTRACTED - EXPLAIN IN NARRATIVE,CHAMBERS & SR37N,39.32528608,-86.51651
902407181,2023,3,2,1200,Weekday,2-Car,No injury/unknown,UNSAFE LANE MOVEMENT,N BRYANTS CREEK & SR37N,39.33204816,-86.51427777
902407182,2023,3,2,1400,Weekday,2-Car,No injury/unknown,FAILURE TO YIELD RIGHT OF WAY,S BURCH & W EVANS,39.079552,-86.666592
902407236,2023,3,4,800,Weekday,1-Car,No injury/unknown,,W THIRD,39.164337,-86.582344
902407454,2023,3,4,1200,Weekday,2-Car,No injury/unknown,FAILURE TO YIELD RIGHT OF WAY,45 46 & WALNUT,38.48634351,-86.541435
902407697,2023,3,4,1700,Weekday,2-Car,No injury/unknown,SPEED TOO FAST FOR WEATHER CONDITIONS,N CURRY & W WOODYARD,39.190672,-86.582992
902407711,2023,3,4,1700,Weekday,3+ Cars,Non-incapacitating,SPEED TOO FAST FOR WEATHER CONDITIONS,11TH & INDIANA,39.17344,-86.527056
902407712,2023,3,4,1700,Weekday,2-Car,No injury/unknown,FAILURE TO YIELD RIGHT OF WAY,MATLOCK & SR46,39.18599938,-86.51983282
902407716,2023,3,4,1800,Weekday,2-Car,No injury/unknown,ROADWAY SURFACE CONDITION,W RICHLAND PLAZA,39.21656191,-86.59487865
902407718,2023,3,4,1400,Weekday,1-Car,Incapacitating,RAN OFF ROAD RIGHT,BANTA & W COUNTRY CLUB,39.136304,-86.544592
902407725,2023,3,4,1700,Weekday,3+ Cars,Incapacitating,ROADWAY SURFACE CONDITION,FRITZ & NORTH WALNUT,39.191248,-86.532896
902407734,2023,3,4,600,Weekday,1-Car,No injury/unknown,ROADWAY SURFACE CONDITION,NORTH KINSER & WEST 17TH,39.178992,-86.537792
902407736,2023,3,4,1800,Weekday,Bus,No injury/unknown,SPEED TOO FAST FOR WEATHER CONDITIONS,10TH & TULIP TREE,0,0
902407741,2023,3,4,1800,Weekday,2-Car,No injury/unknown,ROADWAY SURFACE CONDITION,3RD,39.16471159,-86.5719019
902407746,2023,3,4,1600,Weekday,Bus,No injury/unknown,SPEED TOO FAST FOR WEATHER CONDITIONS,JORDAN & TENTH,39.17209438,-86.51564949
902407747,2023,2,5,1700,Weekday,2-Car,No injury/unknown,DRIVER DISTRACTED - EXPLAIN IN NARRATIVE,CHANDLER & MAIN,39.23376,-86.621888
902407748,2023,3,1,1900,Weekday,2-Car,No injury/unknown,FAILURE TO YIELD RIGHT OF WAY,SALE & TEMPERANCE,39.23384,-86.624704
902407758,2023,3,4,1600,Weekday,2-Car,No injury/unknown,SPEED TOO FAST FOR WEATHER CONDITIONS,17TH & JORDAN,39.178848,-86.51214665
902407762,2023,3,4,1700,Weekday,2-Car,No injury/unknown,FOLLOWING TOO CLOSELY,ELWREN & SR45W,39.107648,-86.643696
902407763,2023,3,4,1800,Weekday,1-Car,No injury/unknown,SPEED TOO FAST FOR WEATHER CONDITIONS,ROCKPORT & STANSIFER,39.10749433,-86.57594304
902407767,2023,3,4,1700,Weekday,2-Car,No injury/unknown,SPEED TOO FAST FOR WEATHER CONDITIONS,ALLEN & BLOOMFIELD,39.156144,-86.561296
902407768,2023,3,4,1800,Weekday,2-Car,No injury/unknown,SPEED TOO FAST FOR WEATHER CONDITIONS,LANDMARK & W 3RD,39.16442983,-86.55630983
902407769,2023,3,4,1800,Weekday,2-Car,No injury/unknown,SPEED TOO FAST FOR WEATHER CONDITIONS,ATWATER & HIGHLAND,39.16305989,-86.51773028
902407772,2023,3,4,1000,Weekday,2-Car,No injury/unknown,OTHER (VEHICLE) - EXPLAIN IN NARRATIVE,EAST 17TH,39.17906329,-86.5209221
902407777,2023,3,4,1700,Weekday,2-Car,No injury/unknown,SPEED TOO FAST FOR WEATHER CONDITIONS,COUNTRYSIDE & ROCKPORT,39.136448,-86.548704
902407778,2023,3,4,1800,Weekday,2-Car,No injury/unknown,FAILURE TO YIELD RIGHT OF WAY,E 3RD & S GRANT,39.16464,-86.529728
902407782,2023,3,4,1600,Weekday,2-Car,No injury/unknown,SPEED TOO FAST FOR WEATHER CONDITIONS,E 10TH & RANGE,39.171504,-86.495312
902407786,2023,3,4,1800,Weekday,2-Car,No injury/unknown,SPEED TOO FAST FOR WEATHER CONDITIONS,3RD & ROSE,39.164352,-86.510944
902407803,2023,3,4,1700,Weekday,1-Car,No injury/unknown,RAN OFF ROAD RIGHT,SMITHVILLE & SR37,39.16424,-86.480688
902407804,2023,3,4,2100,Weekday,2-Car,No injury/unknown,SPEED TOO FAST FOR WEATHER CONDITIONS,LOIS & ROGERS,39.12984,-86.538496
902407814,2023,3,4,1800,Weekday,2-Car,No injury/unknown,ROADWAY SURFACE CONDITION,3RD & GRANT,39.16464,-86.529728
902407818,2023,3,4,1600,Weekday,Bus,No injury/unknown,FOLLOWING TOO CLOSELY,N COLLEGE & W 6TH,39.167648,-86.534784
902407824,2023,3,4,1800,Weekday,2-Car,No injury/unknown,RAN OFF ROAD RIGHT,E 17TH & N WALNUT,39.178944,-86.533392
902407825,2023,3,4,1600,Weekday,2-Car,No injury/unknown,ROADWAY SURFACE CONDITION,17TH & N KINSER,39.178992,-86.537792
902407827,2023,3,4,1400,Weekday,2-Car,Incapacitating,FAILURE TO YIELD RIGHT OF WAY,E 3RD & S PARK RIDGE,39.16424,-86.476096
902407828,2023,3,4,1700,Weekday,2-Car,No injury/unknown,OTHER (DRIVER) - EXPLAIN IN NARRATIVE,E 7TH & N WASHINGTON,39.16864,-86.5324
902407829,2023,3,4,1600,Weekday,3+ Cars,No injury/unknown,OTHER (DRIVER) - EXPLAIN IN NARRATIVE,E 7TH & N WASHINGTON,39.16864,-86.5324
902407832,2023,3,4,1700,Weekday,3+ Cars,No injury/unknown,FOLLOWING TOO CLOSELY,E 17TH & S WALNUT,39.178944,-86.533392
902407835,2023,3,4,1800,Weekday,1-Car,No injury/unknown,IMPROPER TURNING,COTTAGE & FORREST,0,0
902407844,2023,3,4,1700,Weekday,2-Car,No injury/unknown,SPEED TOO FAST FOR WEATHER CONDITIONS,11TH & INDIANA,39.17344,-86.527056
902407976,2023,3,3,900,Weekday,2-Car,No injury/unknown,OTHER (DRIVER) - EXPLAIN IN NARRATIVE,LIBERTY,39.145264,-86.577616
902408144,2023,3,5,1100,Weekday,2-Car,No injury/unknown,OTHER (DRIVER) - EXPLAIN IN NARRATIVE,SR37S,0,0
902408256,2023,3,5,1100,Weekday,2-Car,No injury/unknown,IMPROPER LANE USAGE,HENDERSON & SMITH,39.16280977,-86.52725011
902408396,2023,3,4,1600,Weekday,2-Car,No injury/unknown,UNSAFE SPEED,S OLD SR37 & W GORDON,0,0
902408397,2023,3,4,1800,Weekday,2-Car,No injury/unknown,UNSAFE SPEED,E BETHEL LANE & SR45,39.209952,-86.463392
902408403,2023,3,4,1700,Weekday,Bus,No injury/unknown,FOLLOWING TOO CLOSELY,CURRY & GIFFORD,39.156896,-86.582704
902408404,2023,3,4,600,Weekday,2-Car,No injury/unknown,DISREGARD SIGNAL/REG SIGN,ADAMS & ALLEN,39.155952,-86.550592
902408457,2023,3,5,1400,Weekday,Bus,No injury/unknown,IMPROPER LANE USAGE,7TH & DUNN,39.16851014,-86.52825423
902408509,2023,3,5,1400,Weekday,2-Car,No injury/unknown,UNSAFE BACKING,519 W HOOSIER COURT,39.186048,-86.550976
902408513,2023,3,5,1600,Weekday,2-Car,No injury/unknown,UNSAFE LANE MOVEMENT,7TH & WASHINGTON,39.16864,-86.5324
902408521,2023,3,5,1700,Weekday,2-Car,No injury/unknown,FOLLOWING TOO CLOSELY,FEE & LAW,39.174048,-86.518896
902408553,2023,3,5,1900,Weekday,2-Car,No injury/unknown,IMPROPER TURNING,3RD & JORDAN,39.16426018,-86.5163999
902408554,2023,3,4,1700,Weekday,2-Car,No injury/unknown,SPEED TOO FAST FOR WEATHER CONDITIONS,BARRINGTON,39.17191923,-86.48921169
902408555,2023,3,4,1600,Weekday,3+ Cars,No injury/unknown,SPEED TOO FAST FOR WEATHER CONDITIONS,1OTH & PETE ELLIS,0,0
902408569,2023,3,4,1700,Weekday,1-Car,No injury/unknown,ROADWAY SURFACE CONDITION,S CURRY & SR45,39.14328396,-86.582592
902408583,2023,3,5,1700,Weekday,2-Car,No injury/unknown,UNSAFE LANE MOVEMENT,THIRTEENTH & WOODLAWN,39.17521693,-86.52386099
902408595,2023,3,5,1500,Weekday,Bus,No injury/unknown,UNSAFE BACKING,N DANIELS,39.16671172,-86.59908838
902408598,2023,3,5,1500,Weekday,1-Car,No injury/unknown,RAN OFF ROAD RIGHT,MT CARMEL & N LITTLE WOLF MOUNTAIN,39.32272484,-86.66278813
902408599,2023,3,5,2000,Weekday,2-Car,No injury/unknown,FOLLOWING TOO CLOSELY,10TH & JORDAN,39.171552,-86.515728
902408607,2023,3,5,1500,Weekday,2-Car,No injury/unknown,UNSAFE BACKING,E 3RD,39.16464,-86.52897556
902408611,2023,3,5,1700,Weekday,2-Car,Incapacitating,DRIVER ASLEEP OR FATIGUED,SR45W & W LEONARD SPRINGS,39.12224,-86.6144
902408617,2023,3,5,1400,Weekday,2-Car,No injury/unknown,UNSAFE BACKING,EAST AMY,39.16934632,-86.49902455
902408795,2023,3,6,900,Weekday,2-Car,No injury/unknown,FOLLOWING TOO CLOSELY,11TH & COLLEGE,39.173232,-86.534752
902408902,2023,3,5,900,Weekday,1-Car,No injury/unknown,ROADWAY SURFACE CONDITION,E 3RD,39.16423861,-86.49522852
902409143,2023,3,6,300,Weekday,2-Car,No injury/unknown,UNSAFE BACKING,N JORDAN,39.178848,-86.511088
902409174,2023,3,5,1600,Weekday,2-Car,No injury/unknown,DRIVER DISTRACTED - EXPLAIN IN NARRATIVE,3RD & STATE 37,39.164752,-86.573104
902409200,2023,3,6,1300,Weekday,2-Car,Non-incapacitating,FAILURE TO YIELD RIGHT OF WAY,17TH & JORDAN,39.1788524,-86.51285237
902409204,2023,3,3,1300,Weekday,2-Car,No injury/unknown,SPEED TOO FAST FOR WEATHER CONDITIONS,S OLD 37,39.12021637,-86.52938079
902409265,2023,3,6,1700,Weekday,2-Car,Non-incapacitating,FAILURE TO YIELD RIGHT OF WAY,S LIBERTY & SR45W,39.14499486,-86.57788929
902409281,2023,3,4,2000,Weekday,1-Car,No injury/unknown,RAN OFF ROAD RIGHT,INGRAM & SR37,38.99888231,-86.53733007
902409309,2023,3,6,1500,Weekday,3+ Cars,Incapacitating,FOLLOWING TOO CLOSELY,ELWREN & SR45W,39.10327889,-86.64796949
902409310,2023,3,5,2300,Weekday,2-Car,No injury/unknown,IMPROPER TURNING,E UNIVERSITY,39.16034874,-86.53080751
902409323,2023,3,6,2000,Weekend,2-Car,No injury/unknown,FOLLOWING TOO CLOSELY,10TH & SR4546S,39.176848,-86.478192
902409326,2023,3,6,1800,Weekday,2-Car,No injury/unknown,FOLLOWING TOO CLOSELY,E SAMPLE & SR37N,39.26341455,-86.52265395
902409327,2023,3,6,1800,Weekday,2-Car,No injury/unknown,FAILURE TO YIELD RIGHT OF WAY,N HARTSTRAIT & W VERNAL,39.18676995,-86.6112703
902409328,2023,3,6,1900,Weekend,2-Car,No injury/unknown,FOLLOWING TOO CLOSELY,SR45W & W AIRPORT,39.13851891,-86.59099291
902409338,2023,3,6,2200,Weekend,1-Car,No injury/unknown,RAN OFF ROAD RIGHT,10TH & GRANT,39.171696,-86.529696
902409367,2023,3,6,2100,Weekend,2-Car,No injury/unknown,UNSAFE BACKING,E EASTGATE,39.170159,-86.501186
902409369,2023,3,7,100,Weekend,2-Car,No injury/unknown,FAILURE TO YIELD RIGHT OF WAY,10TH & N COLLEGE,39.171744,-86.534768
902409473,2023,3,7,1100,Weekend,2-Car,Non-incapacitating,OTHER (DRIVER) - EXPLAIN IN NARRATIVE,NORTH WALNUT,39.18708801,-86.53371429
902415203,2023,3,3,1200,Weekday,2-Car,No injury/unknown,UNSAFE BACKING,E KIRKWOOD,39.166248,-86.528511
902415257,2023,3,4,800,Weekday,2-Car,Incapacitating,FOLLOWING TOO CLOSELY,SMITH & WALNUT,39.16284794,-86.53363526
902415568,2023,3,3,600,Weekday,1-Car,No injury/unknown,DRIVER ASLEEP OR FATIGUED,NORTH COUNTY LINE & SR46W,39.28165586,-86.68446529
902415643,2023,3,4,1100,Weekday,2-Car,No injury/unknown,UNSAFE SPEED,2ND,39.1609738,-86.49974204
902415669,2023,3,3,1100,Weekday,2-Car,No injury/unknown,UNSAFE BACKING,FULLERTON,39.12207413,-86.57376861
902415670,2023,3,3,1300,Weekday,2-Car,No injury/unknown,UNSAFE BACKING,LUXBURY,39.1566124,-86.46263885
902415671,2023,3,4,700,Weekday,2-Car,No injury/unknown,FAILURE TO YIELD RIGHT OF WAY,DILLMAN & OLD ST RD 37,39.09295969,-86.54416009
902415849,2023,3,5,1100,Weekday,2-Car,No injury/unknown,FAILURE TO YIELD RIGHT OF WAY,E 3RD & S PETE ELLIS,39.16424,-86.495088
902415948,2023,3,4,2000,Weekday,1-Car,Non-incapacitating,RAN OFF ROAD RIGHT,LOWER BIRDIEGALYAN & SR46E,39.165325,-86.5263857
902416002,2023,3,6,1500,Weekday,2-Car,No injury/unknown,,HILLSIDE & MAXWELL,39.150576,-86.515088
902416057,2023,3,5,1800,Weekday,2-Car,No injury/unknown,UNSAFE BACKING,E SOUTHERN & S WALNUT,39.14977022,-86.53350032
902416068,2023,3,5,1300,Weekday,2-Car,No injury/unknown,FOLLOWING TOO CLOSELY,SR45W,0,0
902416089,2023,3,2,1200,Weekday,2-Car,No injury/unknown,FOLLOWING TOO CLOSELY,LOVE & SR46W,39.219152,-86.602304
902416092,2023,3,5,200,Weekday,1-Car,Incapacitating,RAN OFF ROAD RIGHT,S LIBERTY,39.145264,-86.577616
902416098,2023,5,7,1200,Weekend,2-Car,No injury/unknown,UNSAFE SPEED,SR37 & VERNAL,39.176544,-86.5624
902416105,2023,3,6,0,Weekday,2-Car,No injury/unknown,IMPROPER LANE USAGE,N MONROE & SUMMIT,0,0
902416644,2023,3,6,2300,Weekend,2-Car,No injury/unknown,UNSAFE BACKING,BRITTANY & BURBURY,39.13649999,-86.52313456
902416671,2023,3,6,2300,Weekend,1-Car,No injury/unknown,ANIMAL/OBJECT IN ROADWAY,SR37S & WAYPORT,39.26220126,-86.52261598
902416673,2023,3,7,200,Weekend,2-Car,No injury/unknown,OTHER (DRIVER) - EXPLAIN IN NARRATIVE,DUNN & THIRD,0,0
902416751,2023,3,7,1400,Weekend,2-Car,No injury/unknown,UNSAFE BACKING,E 2ND,39.16144,-86.53352653
902416766,2023,3,7,900,Weekend,Bus,No injury/unknown,UNSAFE LANE MOVEMENT,E 8TH & N FORREST,39.16947214,-86.52233049
902416776,2023,3,7,1300,Weekend,2-Car,No injury/unknown,FAILURE TO YIELD RIGHT OF WAY,BLOOMFIELD & SHADELAND,39.15570997,-86.56207993
902416889,2023,3,7,1800,Weekend,1-Car,No injury/unknown,RAN OFF ROAD RIGHT,W BEECH LANE,39.20817184,-86.59114837
902416891,2023,3,4,1600,Weekday,1-Car,No injury/unknown,OTHER (ENVIRONMENTAL) - EXPLAIN IN NARR,BOTTOM & SR37N,39.35593623,-86.55792236
902416939,2023,3,1,200,Weekend,1-Car,No injury/unknown,RAN OFF ROAD RIGHT,SR46W,39.19782378,-86.57398881
902416979,2023,3,1,900,Weekend,1-Car,No injury/unknown,OVERCORRECTING/OVERSTEERING,W 17TH,39.17896,-86.53472
902416992,2023,3,1,900,Weekend,2-Car,No injury/unknown,UNSAFE BACKING,EAST HUNTER,39.162349,-86.518623
902416995,2023,3,1,1000,Weekend,2-Car,No injury/unknown,FAILURE TO YIELD RIGHT OF WAY,W 3RD,39.164848,-86.57588174
902417000,2023,3,7,700,Weekend,1-Car,No injury/unknown,ANIMAL/OBJECT IN ROADWAY,E DILLMAN & S FOXWOOD,39.0928001,-86.52696708
902417001,2023,3,7,900,Weekend,2-Car,No injury/unknown,FAILURE TO YIELD RIGHT OF WAY,SR37 & W TAPP,39.13704,-86.572896
902417056,2023,3,1,800,Weekend,1-Car,No injury/unknown,ANIMAL/OBJECT IN ROADWAY,CURRY & SR46W,39.15835953,-86.58256264
902417101,2023,3,1,1400,Weekend,2-Car,No injury/unknown,FOLLOWING TOO CLOSELY,2ND & PATTERSON,39.16074984,-86.54850997
902417103,2023,3,1,1200,Weekend,2-Car,No injury/unknown,UNSAFE LANE MOVEMENT,E 10TH & N LINCOLN,39.171712,-86.530992
902417126,2023,3,1,1800,Weekend,2-Car,No injury/unknown,FAILURE TO YIELD RIGHT OF WAY,TENTH & UNION,0,0
902417136,2023,3,1,1800,Weekend,2-Car,No injury/unknown,FOLLOWING TOO CLOSELY,EAST 3RD & SOUTH BALLANTINE,39.16427024,-86.51912972
902417162,2023,3,1,1800,Weekend,2-Car,No injury/unknown,FOLLOWING TOO CLOSELY,BURMA & SR37N,39.32229413,-86.51171127
902417235,2023,3,7,2200,Weekend,1-Car,No injury/unknown,RAN OFF ROAD RIGHT,E STATE 45 & N BRUMMETTS CREEK,39.230544,-86.42
902417236,2023,3,1,300,Weekend,1-Car,No injury/unknown,ANIMAL/OBJECT IN ROADWAY,NORWAY & SMITH,0,0
902417359,2023,3,6,600,Weekday,2-Car,No injury/unknown,LEFT OF CENTER,GRIFFITH & WOODYARD,0,0
902417363,2023,3,2,700,Weekday,2-Car,Non-incapacitating,FAILURE TO YIELD RIGHT OF WAY,S LEONARD SPRINGS & W LEONARD SPRINGS,39.126976,-86.582464
902417368,2023,3,2,800,Weekday,2-Car,No injury/unknown,FAILURE TO YIELD RIGHT OF WAY,DUNCAN & SR45W,39.13504,-86.596192
902417477,2023,3,2,1100,Weekday,2-Car,No injury/unknown,FOLLOWING TOO CLOSELY,ROCKPORT & TAPP,39.136448,-86.548704
902417660,2023,3,2,2300,Weekday,2-Car,No injury/unknown,UNSAFE LANE MOVEMENT,E 3RD & SO KINGSTON,39.16424,-86.492944
902417767,2023,3,2,1300,Weekday,1-Car,No injury/unknown,SPEED TOO FAST FOR WEATHER CONDITIONS,W MAIN STREET,39.238336,-86.629328
902418005,2023,3,2,1600,Weekday,2-Car,No injury/unknown,FOLLOWING TOO CLOSELY,SR37S & TAPP,39.13704,-86.572896
902418014,2023,3,2,1800,Weekday,2-Car,No injury/unknown,UNSAFE BACKING,W 17TH,39.17896,-86.53472
902418058,2023,3,2,2200,Weekday,2-Car,No injury/unknown,FAILURE TO YIELD RIGHT OF WAY,7TH & WALNUT,39.16864,-86.533568
902418409,2023,3,3,1100,Weekday,2-Car,No injury/unknown,FOLLOWING TOO CLOSELY,W 3RD & WESTPLEX,39.16440971,-86.55389986
902418410,2023,3,3,1100,Weekday,2-Car,No injury/unknown,IMPROPER LANE USAGE,3RD & WALNUT,39.16464,-86.5336
902418664,2023,3,3,1700,Weekday,2-Car,No injury/unknown,UNSAFE BACKING,N FEE,39.17281455,-86.51879273
902418666,2023,3,3,1800,Weekday,1-Car,No injury/unknown,RAN OFF ROAD RIGHT,DUNN & SECOND,39.16144,-86.528288
902418701,2023,3,3,1900,Weekday,2-Car,No injury/unknown,UNSAFE BACKING,SR45W,39.125312,-86.610496
902418726,2023,3,3,1600,Weekday,2-Car,No injury/unknown,FAILURE TO YIELD RIGHT OF WAY,3RD & LIBERTY,39.1646097,-86.57912351
902418734,2023,3,3,1500,Weekday,1-Car,No injury/unknown,RAN OFF ROAD RIGHT,CHAFFIN CHAPEL & SR46W,39.25960159,-86.64377545
902418918,2023,3,4,800,Weekday,1-Car,No injury/unknown,ANIMAL/OBJECT IN ROADWAY,ACUFF & SR37N,39.41962367,-86.55677032
902419037,2023,3,3,700,Weekday,2-Car,Non-incapacitating,FOLLOWING TOO CLOSELY,N BRYANTS CREEK & SR37N,39.32945497,-86.51541754
902419038,2023,3,6,1300,Weekday,1-Car,No injury/unknown,TIRE FAILURE OR DEFECTIVE,CURRY & VERNAL,39.17915985,-86.58308029
902419149,2023,3,4,2000,Weekday,2-Car,No injury/unknown,FAILURE TO YIELD RIGHT OF WAY,BLOOMFIELD & LAKE CREST,39.15543973,-86.5624997
902419150,2023,3,3,1200,Weekday,2-Car,No injury/unknown,UNSAFE BACKING,E 7TH,39.16858267,-86.52091725
902419227,2023,3,4,1400,Weekday,Bus,No injury/unknown,FAILURE TO YIELD RIGHT OF WAY,E 10TH & FEE,39.171584,-86.518688
902419247,2023,3,4,1600,Weekday,2-Car,No injury/unknown,IMPROPER TURNING,3RD & INDIANA,39.164448,-86.5268
902419326,2023,3,4,1600,Weekday,3+ Cars,No injury/unknown,FAILURE TO YIELD RIGHT OF WAY,14TH & COLLEGE,39.175984,-86.534736
902419670,2023,3,6,2200,Weekend,1-Car,No injury/unknown,OTHER (VEHICLE) - EXPLAIN IN NARRATIVE,WEST GORDON,39.12557983,-86.57916259
902419674,2023,3,5,1700,Weekday,2-Car,No injury/unknown,FOLLOWING TOO CLOSELY,PETE ELLIS & THIRD,0,0
902419705,2023,3,5,1300,Weekday,2-Car,No injury/unknown,OTHER (DRIVER) - EXPLAIN IN NARRATIVE,GRANT & SECOND,39.16144,-86.52976
902419712,2023,3,5,1800,Weekday,3+ Cars,No injury/unknown,FOLLOWING TOO CLOSELY,17TH & FEE,39.178928,-86.518992
902419729,2023,3,1,1600,Weekend,2-Car,No injury/unknown,IMPROPER LANE USAGE,E 3RD,39.16423861,-86.49522852
902419734,2023,3,5,1800,Weekday,2-Car,No injury/unknown,IMPROPER LANE USAGE,E 3RD & HIGHLAND,39.16427367,-86.51771488
902419754,2023,3,4,2200,Weekday,1-Car,No injury/unknown,ANIMAL/OBJECT IN ROADWAY,FULLERTON & SR37S,39.12431712,-86.57199314
902419766,2023,3,5,2300,Weekday,2-Car,No injury/unknown,OTHER (DRIVER) - EXPLAIN IN NARRATIVE,E EASTGATE,39.170086,-86.50234
902419835,2023,3,3,700,Weekday,2-Car,No injury/unknown,LEFT OF CENTER,LOST MANS & TRUESDEL,39.22317021,-86.59190592
902420009,2023,3,6,800,Weekday,2-Car,No injury/unknown,IMPROPER LANE USAGE,UNION,39.166848,-86.509296
902420145,2023,3,4,1700,Weekday,1-Car,No injury/unknown,UNSAFE BACKING,NORTH JORDAN,39.166912,-86.516224
902420166,2023,3,6,1500,Weekday,2-Car,No injury/unknown,FOLLOWING TOO CLOSELY,RANGE & SR46S,39.17522812,-86.49550628
902420178,2023,3,6,1400,Weekday,2-Car,No injury/unknown,FOLLOWING TOO CLOSELY,10TH & SR4546N,39.176848,-86.478192
902420197,2023,3,6,1700,Weekday,2-Car,No injury/unknown,FAILURE TO YIELD RIGHT OF WAY,KIRKWOOD & MADISON,39.166656,-86.537296
902420343,2023,3,7,1000,Weekend,2-Car,No injury/unknown,FAILURE TO YIELD RIGHT OF WAY,WEST 11TH,39.17344,-86.52354547
902420360,2023,3,7,800,Weekend,1-Car,No injury/unknown,RAN OFF ROAD RIGHT,N HEADLEY & TREADWELL,39.19008,-86.514288
902420367,2023,3,7,1100,Weekend,1-Car,No injury/unknown,IMPROPER TURNING,EAST 3RD,39.16422196,-86.50215134
902420455,2023,3,7,1600,Weekend,2-Car,No injury/unknown,IMPROPER TURNING,DELTA ZETA PARKING LOT EXIT & NORTH JORDAN,39.182448,-86.512496
902420478,2023,3,7,1300,Weekend,2-Car,No injury/unknown,UNSAFE BACKING,E 10TH,39.17638171,-86.47901486
902420518,2023,3,7,1900,Weekend,1-Car,No injury/unknown,OVERCORRECTING/OVERSTEERING,E 7TH & WOODLAWN,39.16864,-86.523392
902420733,2023,3,5,1300,Weekday,2-Car,No injury/unknown,IMPROPER TURNING,WEST VERNAL,39.17750168,-86.58057403
902420736,2023,3,6,2000,Weekend,2-Car,No injury/unknown,FOLLOWING TOO CLOSELY,SR37S & TAPP,39.13566671,-86.572896
902420743,2023,3,1,1600,Weekend,3+ Cars,No injury/unknown,FAILURE TO YIELD RIGHT OF WAY,LINCOLN & WYLIE,39.15834993,-86.53129018
902420956,2023,3,2,800,Weekday,Bus,No injury/unknown,UNSAFE BACKING,GRAHAM & S ROCKPORT,39.140144,-86.54496
902420964,2023,3,7,1200,Weekend,2-Car,No injury/unknown,FAILURE TO YIELD RIGHT OF WAY,SR45W,39.125312,-86.610496
902420971,2023,3,2,800,Weekday,2-Car,Non-incapacitating,DISREGARD SIGNAL/REG SIGN,3RD & CORY,39.16447761,-86.56014195
902421015,2023,3,2,800,Weekday,2-Car,No injury/unknown,UNSAFE BACKING,17TH & IU MEMORIAL STADIUM GATE 6,0,0
902421016,2023,3,2,300,Weekday,2-Car,No injury/unknown,UNSAFE BACKING,W NORTHLANE,39.1826541,-86.53809428
902421262,2023,3,2,1400,Weekday,2-Car,No injury/unknown,FAILURE TO YIELD RIGHT OF WAY,WALNUT & WALNUT PARK ACCESS,39.107344,-86.5264
902421307,2023,3,2,1500,Weekday,2-Car,Non-incapacitating,FOLLOWING TOO CLOSELY,E 10TH & SR4546S,39.176848,-86.478192
902421321,2023,3,2,1400,Weekday,2-Car,No injury/unknown,FAILURE TO YIELD RIGHT OF WAY,2ND & SR46W,39.232064,-86.622176
902421379,2023,3,2,1700,Weekday,Bus,No injury/unknown,UNSAFE BACKING,LIVE OAK & STERLING,39.11382996,-86.48140981
902421391,2023,3,2,300,Weekday,2-Car,No injury/unknown,FOLLOWING TOO CLOSELY,N FOX HOLLOW & SR37N,39.28909855,-86.51842001
902421431,2023,3,2,2200,Weekday,2-Car,Incapacitating,IMPROPER TURNING,LAMPKINS RIDGE & SR446E,39.41460647,-86.47139351
902421523,2023,3,3,600,Weekday,1-Car,No injury/unknown,ANIMAL/OBJECT IN ROADWAY,SR37 & ZIKES,39.04670943,-86.53586743
902421586,2023,3,2,1600,Weekday,1-Car,No injury/unknown,UNSAFE BACKING,2931 E 10TH (DOCK) & RANGE,39.17148598,-86.49535006
902421588,2023,3,3,1000,Weekday,2-Car,No injury/unknown,OTHER (DRIVER) - EXPLAIN IN NARRATIVE,SR45W,39.125312,-86.610496
902421590,2023,3,2,1400,Weekday,2-Car,No injury/unknown,FOLLOWING TOO CLOSELY,SR45W & STANFORD,39.08949755,-86.66685515
902421658,2023,3,2,900,Weekday,2-Car,Incapacitating,FAILURE TO YIELD RIGHT OF WAY,ACUFF & SR37N,39.20824,-86.554704
902421660,2023,3,3,900,Weekday,2-Car,No injury/unknown,DISREGARD SIGNAL/REG SIGN,W 3RD,39.164752,-86.573104
902421778,2023,3,2,1600,Weekday,2-Car,No injury/unknown,IMPROPER TURNING,AIRPORT & ENDWRIGHT,0,0
902421779,2023,3,3,1400,Weekday,2-Car,No injury/unknown,DISREGARD SIGNAL/REG SIGN,RHORER & WALNUT,39.12144,-86.526496
902421806,2023,3,3,1000,Weekday,2-Car,No injury/unknown,,GRANT & SIXTH,0,0
902421842,2023,3,3,1300,Weekday,Cyclist,No injury/unknown,UNSAFE LANE MOVEMENT,GATES & JACOB,39.16562006,-86.57599993
902421898,2023,3,3,1000,Weekday,2-Car,No injury/unknown,,ATWATER & BALLANTINE,39.17364398,-86.51912972