Master Record Number,Year,Month,Day,Hour,Weekend,Collision Type,Injury Type,Primary Factor,Reported_Location,Latitude,Longitude
902421904,2023,3,3,1700,Weekday,3+ Cars,No injury/unknown,FOLLOWING TOO CLOSELY,RANGE & SR46S,39.171504,-86.495312
902421908,2023,3,3,1700,Weekday,2-Car,No injury/unknown,FAILURE TO YIELD RIGHT OF WAY,3RD & KINGSTON,39.16424,-86.492944
902421921,2023,3,3,1800,Weekday,2-Car,No injury/unknown,FOLLOWING TOO CLOSELY,KINSER,39.186544,-86.537888
902421931,2023,3,3,1700,Weekday,1-Car,No injury/unknown,RAN OFF ROAD RIGHT,N LOWER BIRDIE GALYAN & SR46E,39.17547989,-86.41352081
902421946,2023,3,3,2000,Weekday,2-Car,No injury/unknown,FAILURE TO YIELD RIGHT OF WAY,EAST THIRD & GRANT,39.16464,-86.529728
902421967,2023,3,3,1500,Weekday,Pedestrian,Incapacitating,UNSAFE BACKING,W SR 46,39.2512,-86.652504
902421968,2023,3,3,2000,Weekday,2-Car,No injury/unknown,FOLLOWING TOO CLOSELY,S OLD STATE ROAD 37 & SR37S,39.085632,-86.542304
902421972,2023,3,3,1700,Weekday,Moped/Motorcycle,Incapacitating,FAILURE TO YIELD RIGHT OF WAY,TECUMSEH & THOMAS,39.222848,-86.63048
902422021,2023,4,4,0,Weekday,1-Car,No injury/unknown,RAN OFF ROAD RIGHT,E STRATUM,39.15718451,-86.49233847
902422058,2023,3,3,1000,Weekday,2-Car,Incapacitating,IMPROPER PASSING,ROGERS & WATSON,39.13704243,-86.5381751
902422080,2023,4,4,600,Weekday,1-Car,No injury/unknown,DRIVER ASLEEP OR FATIGUED,BRYANTS CREEK & SR37,39.33556319,-86.51152924
902422112,2023,4,4,900,Weekday,2-Car,No injury/unknown,FAILURE TO YIELD RIGHT OF WAY,7TH & ROGERS,39.168704,-86.538576
902422134,2023,4,4,700,Weekday,2-Car,No injury/unknown,FAILURE TO YIELD RIGHT OF WAY,2700 BLK S WALNUT & WINSLOW,39.13566829,-86.52833531
902422195,2023,4,4,1000,Weekday,2-Car,Non-incapacitating,FOLLOWING TOO CLOSELY,BURKS & S WALNUT,39.11610549,-86.53136998
902422201,2023,4,4,1100,Weekday,1-Car,No injury/unknown,RAN OFF ROAD RIGHT,MEADOWCREEK & SARE,39.21934722,-86.49999015
902422202,2023,4,4,1000,Weekday,2-Car,No injury/unknown,FAILURE TO YIELD RIGHT OF WAY,GRIMES & HENDERSON,39.1533,-86.52696982
902422365,2023,3,3,2100,Weekday,2-Car,Incapacitating,LEFT OF CENTER,SR37 & VICTOR,39.10328611,-86.54911173
902422396,2023,4,4,1700,Weekday,2-Car,No injury/unknown,FOLLOWING TOO CLOSELY,COUNTRY CLUB & MILTON,39.13615095,-86.53988873
902422404,2023,4,4,1700,Weekday,2-Car,No injury/unknown,FOLLOWING TOO CLOSELY,KIRKWOOD & MAPLE,39.16672,-86.542096
902422442,2023,4,4,1500,Weekday,1-Car,No injury/unknown,UNSAFE BACKING,NORTH MONROE,39.17212343,-86.547104
902422444,2023,4,4,1500,Weekday,2-Car,No injury/unknown,FOLLOWING TOO CLOSELY,N CRESTWOOD & N UNION VALLEY,39.217648,-86.5928
902422445,2023,4,4,1900,Weekday,2-Car,No injury/unknown,UNSAFE BACKING,NORTH FEE,39.17524114,-86.51896409
902422449,2023,4,4,1700,Weekday,2-Car,No injury/unknown,UNSAFE BACKING,N WALNUT,39.232544,-86.540704
902422450,2023,4,4,1700,Weekday,2-Car,No injury/unknown,FOLLOWING TOO CLOSELY,KINSER & STATE RD 45 46 BYPASS,39.186544,-86.537888
902422469,2023,4,4,1800,Weekday,2-Car,No injury/unknown,FOLLOWING TOO CLOSELY,E 12TH & N LINCOLN,39.174416,-86.530992
902422471,2023,4,4,1700,Weekday,2-Car,No injury/unknown,IMPROPER PASSING,CEDAR CHASE & W RED ROCK,39.131712,-86.58536
902422539,2023,3,3,1600,Weekday,2-Car,No injury/unknown,OTHER (DRIVER) - EXPLAIN IN NARRATIVE,EAST 10TH,39.17164591,-86.50199444
902422865,2023,4,5,1300,Weekday,2-Car,No injury/unknown,IMPROPER LANE USAGE,3RD & FACULTY,39.164352,-86.521088
902423049,2023,4,5,2000,Weekday,2-Car,No injury/unknown,UNSAFE BACKING,SR45 & SR46,39.20824814,-86.58039093
902423074,2023,4,5,1800,Weekday,2-Car,No injury/unknown,FOLLOWING TOO CLOSELY,N HARTSTRAIT & W VERNAL,39.186752,-86.611504
902423077,2023,4,5,2000,Weekday,2-Car,No injury/unknown,FOLLOWING TOO CLOSELY,SR37N & W 3RD,39.164752,-86.573104
902423152,2023,4,6,100,Weekday,1-Car,Incapacitating,RAN OFF ROAD RIGHT,DUVALL & KOONTZ,39.08611455,-86.619792
902423255,2023,4,6,1000,Weekday,2-Car,No injury/unknown,UNSAFE BACKING,W 3RD,39.164848,-86.581504
902423282,2023,4,6,1200,Weekday,2-Car,No injury/unknown,SPEED TOO FAST FOR WEATHER CONDITIONS,ATWATER & HAWTHORNE,39.16309007,-86.52020998
902423301,2023,4,5,900,Weekday,Bus,No injury/unknown,FAILURE TO YIELD RIGHT OF WAY,3RD & COLLEGE,39.16464,-86.534816
902423352,2023,4,5,1600,Weekday,2-Car,No injury/unknown,IMPROPER LANE USAGE,SR45W,39.125312,-86.610496
902423355,2023,4,6,800,Weekday,3+ Cars,No injury/unknown,OTHER (DRIVER) - EXPLAIN IN NARRATIVE,SR37,39.071056,-86.5356
902423402,2023,4,6,1600,Weekday,2-Car,No injury/unknown,FAILURE TO YIELD RIGHT OF WAY,COLLEGE MALL & EASTLAND,0,0
902423413,2023,4,5,2000,Weekday,2-Car,Non-incapacitating,FAILURE TO YIELD RIGHT OF WAY,N WALNUT & W 7TH,39.16864,-86.533568
902423420,2023,3,7,1500,Weekend,3+ Cars,Non-incapacitating,FOLLOWING TOO CLOSELY,FRITZ & N WALNUT,39.191248,-86.532896
902423463,2023,4,6,1600,Weekday,1-Car,No injury/unknown,OVERCORRECTING/OVERSTEERING,N DUNN & SR37N,39.18363953,-86.52835617
902423468,2023,4,6,1500,Weekday,2-Car,No injury/unknown,FOLLOWING TOO CLOSELY,N WILLIS & W 17TH,39.179104,-86.544016
902423501,2023,4,6,2100,Weekend,2-Car,No injury/unknown,DISREGARD SIGNAL/REG SIGN,N ROGERS & W 11TH,39.173184,-86.538528
902423589,2023,4,6,900,Weekday,Pedestrian,No injury/unknown,OTHER (DRIVER) - EXPLAIN IN NARRATIVE,WEST ALLEN,39.156128,-86.560912
902423612,2023,4,7,1000,Weekend,2-Car,No injury/unknown,FAILURE TO YIELD RIGHT OF WAY,HICKORY LEAF & SR45W,39.14499486,-86.57788929
902423613,2023,4,7,1100,Weekend,2-Car,No injury/unknown,FAILURE TO YIELD RIGHT OF WAY,N ROGERS & W 6TH,39.16768,-86.538592
902423678,2023,4,7,1300,Weekend,2-Car,No injury/unknown,FAILURE TO YIELD RIGHT OF WAY,LIBERTY & W 3RD,39.13288687,-86.57913006
902423717,2023,4,7,1800,Weekend,1-Car,No injury/unknown,UNSAFE SPEED,1ST & WALKER,39.15946975,-86.5460202
902423739,2023,4,7,1900,Weekend,3+ Cars,Incapacitating,FOLLOWING TOO CLOSELY,DUNN & SR46E,39.186352,-86.528496
902423741,2023,4,5,2000,Weekday,2-Car,No injury/unknown,ROADWAY SURFACE CONDITION,EAST THIRD STREET & HAWTHORNE,39.17482447,-86.52008995
902423835,2023,4,7,1400,Weekend,2-Car,No injury/unknown,UNSAFE BACKING,CANTERBURRY,39.19635013,-86.55580222
902423918,2023,4,1,1000,Weekend,3+ Cars,No injury/unknown,OTHER (DRIVER) - EXPLAIN IN NARRATIVE,10 & SR46S,38.826425,-86.789182
902423995,2023,4,1,1600,Weekend,2-Car,No injury/unknown,UNSAFE BACKING,E 10TH,39.171648,-86.5027701
902424011,2023,4,7,1800,Weekend,2-Car,No injury/unknown,IMPROPER TURNING,2ND & WALKER,39.161648,-86.546128
902424036,2023,4,1,1900,Weekday,2-Car,No injury/unknown,FAILURE TO YIELD RIGHT OF WAY,E 9TH & N INDIANA,39.170544,-86.526992
902424548,2023,4,2,1400,Weekday,2-Car,No injury/unknown,FOLLOWING TOO CLOSELY,ATWATER & HIGH,39.16308001,-86.50846995
902424692,2023,4,2,1600,Weekday,2-Car,Incapacitating,FAILURE TO YIELD RIGHT OF WAY,SOUTH CLARIZZ,39.15263367,-86.49272918
902424699,2023,4,2,1700,Weekday,3+ Cars,Non-incapacitating,FOLLOWING TOO CLOSELY,10TH & SR46E,39.21399732,-86.53102874
902424701,2023,4,7,1500,Weekend,2-Car,Non-incapacitating,OTHER (VEHICLE) - EXPLAIN IN NARRATIVE,N RICHARDSON & SR45E,39.23984,-86.387696
902424705,2023,4,1,1600,Weekend,2-Car,No injury/unknown,LEFT OF CENTER,MAPLE GROVE & STANTON,39.30312795,-86.56154014
902424706,2023,4,1,2100,Weekday,1-Car,No injury/unknown,ANIMAL/OBJECT IN ROADWAY,SOUTH SHORE & TUNNEL,39.25155829,-86.41900164
902424707,2023,4,7,2000,Weekend,1-Car,No injury/unknown,OTHER (DRIVER) - EXPLAIN IN NARRATIVE,SR37S,39.12660505,-86.5726527
902424806,2023,4,3,700,Weekday,2-Car,No injury/unknown,UNSAFE BACKING,E 3RD,39.16424,-86.5173551
902424928,2023,4,3,800,Weekday,2-Car,No injury/unknown,UNSAFE BACKING,E HOLLYWOOD & E POST,39.169648,-86.4828
902425023,2023,4,3,800,Weekday,2-Car,No injury/unknown,UNSAFE BACKING,EAST 10TH,39.17157943,-86.51826514
902425148,2023,4,2,1400,Weekday,2-Car,Non-incapacitating,UNSAFE SPEED,SR45 & W ELWREN,39.107648,-86.643696
902425251,2023,4,3,1000,Weekday,2-Car,No injury/unknown,DRIVER DISTRACTED - EXPLAIN IN NARRATIVE,SR37 & VICTOR,39.09431839,-86.55906677
902425263,2023,4,3,1400,Weekday,2-Car,No injury/unknown,FOLLOWING TOO CLOSELY,S PATTERSON & W 2ND,39.16075,-86.54851238
902425336,2023,4,3,2200,Weekday,2-Car,No injury/unknown,LEFT OF CENTER,SR37S & TAPP,39.13704,-86.572896
902425359,2023,4,4,200,Weekday,1-Car,No injury/unknown,RAN OFF ROAD RIGHT,NORTH ROGERS & WEST KIRKWOOD,39.166672,-86.538608
902425436,2023,4,7,1700,Weekend,1-Car,No injury/unknown,RAN OFF ROAD RIGHT,FLATWOODS ROAD & SR46E,39.25037815,-86.65158204
902425572,2023,4,3,1300,Weekday,1-Car,No injury/unknown,SPEED TOO FAST FOR WEATHER CONDITIONS,PINE GROVE & SR446,39.11605361,-86.42871846
902425575,2023,4,4,1000,Weekday,2-Car,No injury/unknown,FOLLOWING TOO CLOSELY,GRIMES & HENDERSON,39.1533,-86.52696982
902425578,2023,4,4,1200,Weekday,2-Car,No injury/unknown,FOLLOWING TOO CLOSELY,S LIBERTY & W 3RD,39.16461021,-86.57914738
902425585,2023,4,4,1200,Weekday,2-Car,No injury/unknown,UNSAFE LANE MOVEMENT,N DUNN,39.180352,-86.5284
902425640,2023,4,4,1100,Weekday,Pedestrian,Incapacitating,OTHER (DRIVER) - EXPLAIN IN NARRATIVE,3RD & SOUTH HAWTHORNE,39.22770039,-86.52008404
902425643,2023,4,3,1800,Weekday,2-Car,No injury/unknown,FOLLOWING TOO CLOSELY,KEGG & TAPP,0,0
902425721,2023,4,4,1600,Weekday,2-Car,No injury/unknown,FAILURE TO YIELD RIGHT OF WAY,LONGVIEW & PETE ELLIS,39.166944,-86.495056
902425801,2023,4,4,1900,Weekday,2-Car,No injury/unknown,,E COVENANTER,39.155344,-86.503088
902425814,2023,4,4,1600,Weekday,2-Car,No injury/unknown,FAILURE TO YIELD RIGHT OF WAY,2ND & SOUTH WALNUT,39.16144,-86.5336
902425823,2023,4,3,1700,Weekday,1-Car,No injury/unknown,ANIMAL/OBJECT IN ROADWAY,S ROCKPORT & W MAY,39.093344,-86.5868
902425826,2023,4,4,1500,Weekday,2-Car,No injury/unknown,UNSAFE BACKING,SOUTH COLLEGE MALL,39.16464,-86.534816
902425840,2023,4,3,1800,Weekday,2-Car,No injury/unknown,LEFT OF CENTER,PARK & TURTLEBACK,39.22714993,-86.61991976
902425965,2023,4,4,800,Weekday,2-Car,No injury/unknown,LEFT OF CENTER,S PHYLLIS & S ROGERS,39.10476225,-86.54038172
902426261,2023,4,5,1200,Weekday,1-Car,No injury/unknown,OTHER (VEHICLE) - EXPLAIN IN NARRATIVE,N JORDAN,39.1676,-86.516168
902426283,2023,4,5,1300,Weekday,1-Car,No injury/unknown,UNSAFE BACKING,N JORDAN,39.173552,-86.515488
902426446,2023,4,5,1600,Weekday,2-Car,No injury/unknown,FOLLOWING TOO CLOSELY,10TH & SUNRISE,39.17157993,-86.51247985
902426491,2023,4,5,1400,Weekday,2-Car,No injury/unknown,FAILURE TO YIELD RIGHT OF WAY,E 14TH & N INDIANA,39.176192,-86.52712
902426498,2023,4,5,1800,Weekday,2-Car,Non-incapacitating,FAILURE TO YIELD RIGHT OF WAY,E COVENANTER & S COLLEGE MALL,39.155152,-86.497888
902426502,2023,4,5,1800,Weekday,2-Car,No injury/unknown,FAILURE TO YIELD RIGHT OF WAY,COLLEGE MALL & COVENANTER,39.155152,-86.497888
902426507,2023,4,5,1700,Weekday,2-Car,No injury/unknown,,7TH,39.168752,-86.5436
902426544,2023,4,5,1800,Weekday,2-Car,Non-incapacitating,FOLLOWING TOO CLOSELY,E GRIMES & S HENDERSON,39.1533,-86.52696982
902426548,2023,4,5,2100,Weekday,2-Car,No injury/unknown,FAILURE TO YIELD RIGHT OF WAY,HARTSTRAIT & SR46W,39.20619965,-86.61134338
902426561,2023,4,5,1400,Weekday,1-Car,No injury/unknown,DRIVER DISTRACTED - EXPLAIN IN NARRATIVE,SOUTH COLLEGE MALL,39.16464,-86.534816
902426570,2023,4,5,1500,Weekday,2-Car,No injury/unknown,FAILURE TO YIELD RIGHT OF WAY,EAST DODDS & SOUTH LINCOLN,39.157504,-86.531104
902426607,2023,4,5,200,Weekday,1-Car,No injury/unknown,IMPROPER TURNING,E 3RD & N PETE ELLIS,39.16424,-86.495088
902426608,2023,4,6,300,Weekday,2-Car,No injury/unknown,FAILURE TO YIELD RIGHT OF WAY,N COLLEGE & SR46E,39.186352,-86.534704
902426625,2023,4,6,100,Weekday,1-Car,No injury/unknown,OTHER (DRIVER) - EXPLAIN IN NARRATIVE,OLD STATE ROAD 37,39.138688,-86.465968
902426650,2023,4,6,0,Weekday,1-Car,No injury/unknown,UNSAFE LANE MOVEMENT,7TH & N WALNUT,39.16864,-86.533568
902426805,2023,4,6,700,Weekday,2-Car,Non-incapacitating,DRIVER ILLNESS,4400 BLK HEATHERWOOD & IRIS,39.128848,-86.588272
902426809,2023,4,6,1000,Weekday,2-Car,Non-incapacitating,FOLLOWING TOO CLOSELY,JOY & ROGERS,39.14264,-86.53864
902426981,2023,4,5,1700,Weekday,2-Car,No injury/unknown,FAILURE TO YIELD RIGHT OF WAY,S WALNUT & S WALNUT STREET,39.107344,-86.5264
902426989,2023,4,1,1800,Weekend,2-Car,No injury/unknown,OTHER (DRIVER) - EXPLAIN IN NARRATIVE,3995 S BUSHMILL & W EDINBURGH,0,0
902426997,2023,4,5,2200,Weekday,2-Car,No injury/unknown,OTHER (VEHICLE) - EXPLAIN IN NARRATIVE,E 10TH,39.171472,-86.509376
902427015,2023,4,6,1600,Weekday,Moped/Motorcycle,Incapacitating,DRIVER DISTRACTED - EXPLAIN IN NARRATIVE,16TH & N WALNUT,39.17784,-86.533408
902427083,2023,4,6,1600,Weekday,2-Car,No injury/unknown,FOLLOWING TOO CLOSELY,PATTERSON & ROGERS,39.15379295,-86.53875218
902427102,2023,4,6,1400,Weekday,2-Car,No injury/unknown,UNSAFE BACKING,N MORTON,39.16786971,-86.536
902427112,2023,4,6,1700,Weekday,2-Car,No injury/unknown,FOLLOWING TOO CLOSELY,W THIRD,39.164752,-86.573104
902427122,2023,4,6,1700,Weekday,2-Car,No injury/unknown,DRIVER DISTRACTED - EXPLAIN IN NARRATIVE,6TH & ROGERS,39.16768,-86.538592
902427123,2023,4,5,1400,Weekday,2-Car,No injury/unknown,OTHER (DRIVER) - EXPLAIN IN NARRATIVE,N MATTHEWS,39.235504,-86.625712
902427163,2023,4,5,0,Weekday,1-Car,No injury/unknown,RAN OFF ROAD RIGHT,MERRITT & SR446S,39.32134466,-86.42514778
902427164,2023,4,6,500,Weekday,1-Car,No injury/unknown,RAN OFF ROAD RIGHT,BETHEL & N OLD STATE ROAD 37,39.215344,-86.521392
902427185,2023,4,6,2200,Weekend,2-Car,No injury/unknown,FAILURE TO YIELD RIGHT OF WAY,8TH & COLLEGE,39.169552,-86.534784
902427250,2023,4,6,1100,Weekday,2-Car,No injury/unknown,FAILURE TO YIELD RIGHT OF WAY,W THIRD,39.16465513,-86.57859764
902427256,2023,4,7,900,Weekend,2-Car,No injury/unknown,UNSAFE BACKING,HILLSIDE & PARK,39.1505444,-86.52372782
902427269,2023,4,7,700,Weekend,2-Car,No injury/unknown,FOLLOWING TOO CLOSELY,CURRY & SR48W,39.16463589,-86.58291865
902427304,2023,4,7,1200,Weekend,2-Car,Non-incapacitating,FAILURE TO YIELD RIGHT OF WAY,COLLEGE MALL & COVENANTER,39.155152,-86.497888
902427355,2023,4,6,1700,Weekday,2-Car,No injury/unknown,UNSAFE BACKING,E 10TH,39.17149326,-86.51131082
902427470,2023,4,7,2300,Weekend,2-Car,No injury/unknown,UNSAFE BACKING,S WALNUT,39.142555,-86.531238
902427477,2023,4,7,100,Weekend,1-Car,No injury/unknown,RAN OFF ROAD RIGHT,MOUNT GILEAD & SR45E,39.1837032,-86.47042612
902427479,2023,4,1,0,Weekend,1-Car,No injury/unknown,ANIMAL/OBJECT IN ROADWAY,SR37S & W SIMPSON CHAPEL,39.28130294,-86.52264966
902427482,2023,4,5,1700,Weekday,1-Car,No injury/unknown,RAN OFF ROAD RIGHT,OLD SR 37 & SAMPLE RD,39.25864,-86.5012
902427489,2023,4,6,1700,Weekday,2-Car,No injury/unknown,UNSAFE BACKING,TAPP,39.13736343,-86.57886505
902427570,2023,4,1,1000,Weekend,2-Car,No injury/unknown,IMPROPER PASSING,17TH & WALNUT,39.17896,-86.521088
902427687,2023,4,1,1700,Weekend,2-Car,No injury/unknown,,S STATE RD 46,39.16496895,-86.49869799
902427894,2023,4,2,700,Weekday,2-Car,No injury/unknown,OTHER (DRIVER) - EXPLAIN IN NARRATIVE,LANDMARK & W 3RD,39.16442983,-86.55630983
902428088,2023,4,2,1200,Weekday,Cyclist,Incapacitating,FAILURE TO YIELD RIGHT OF WAY,7 & UNION,0,0
902428259,2023,4,2,1700,Weekday,2-Car,No injury/unknown,FOLLOWING TOO CLOSELY,EASTGATE & SR45N,39.17024,-86.501392
902428275,2023,4,1,1700,Weekend,2-Car,Non-incapacitating,FAILURE TO YIELD RIGHT OF WAY,10TH & WASHINGTON,39.171728,-86.5324
902428298,2023,4,1,200,Weekend,2-Car,No injury/unknown,,N SUNRISE & TENTH,0,0
902428341,2023,4,2,2000,Weekday,1-Car,Incapacitating,RAN OFF ROAD RIGHT,S COLLEGE & W 2ND,39.16144,-86.534848
902428379,2023,4,1,0,Weekend,1-Car,Non-incapacitating,RAN OFF ROAD RIGHT,SOUTH OLD STATE ROAD 37 & SR37,39.085632,-86.542304
902428380,2023,4,1,300,Weekend,1-Car,No injury/unknown,OTHER (DRIVER) - EXPLAIN IN NARRATIVE,BETHEL & NORTH OLD STATE ROAD 37,39.21522596,-86.51433289
902428462,2023,4,1,1300,Weekend,1-Car,No injury/unknown,ANIMAL/OBJECT IN ROADWAY,SR37S & ZIKES,39.04670943,-86.53586743
902428583,2023,4,3,900,Weekday,2-Car,No injury/unknown,FAILURE TO YIELD RIGHT OF WAY,7TH & ROSE,39.16745736,-86.510992
902428732,2023,4,3,900,Weekday,2-Car,No injury/unknown,DRIVER DISTRACTED - EXPLAIN IN NARRATIVE,HICKORY & SR48,39.164832,-86.585856
902428743,2023,4,3,600,Weekday,2-Car,No injury/unknown,FAILURE TO YIELD RIGHT OF WAY,KIRBY & SR48W,39.16504,-86.610704
902428748,2023,4,5,1100,Weekday,1-Car,No injury/unknown,ANIMAL/OBJECT IN ROADWAY,MITCHEL & STRAIN RIDGE,39.07164416,-86.50678625
902428840,2023,4,3,1400,Weekday,3+ Cars,Incapacitating,FOLLOWING TOO CLOSELY,3RD & JEFFERSON,39.164304,-86.506992
902428895,2023,4,3,1700,Weekday,2-Car,No injury/unknown,FOLLOWING TOO CLOSELY,3RD & BRYAN,39.16432,-86.50824
902428909,2023,4,3,1700,Weekday,2-Car,No injury/unknown,UNSAFE BACKING,E CATHCART & S RENWICK,39.1494403,-86.50130688
902428968,2023,4,2,1600,Weekday,2-Car,No injury/unknown,UNSAFE LANE MOVEMENT,LOVE & SR46E,39.219152,-86.602304
902428972,2023,4,3,1600,Weekday,2-Car,No injury/unknown,FAILURE TO YIELD RIGHT OF WAY,E CONVENANTER & S AUTO MALL,0,0
902429009,2023,4,6,1200,Weekday,2-Car,No injury/unknown,FOLLOWING TOO CLOSELY,ENRIGHT & SR46W,39.22402954,-86.61122894
902429143,2023,4,5,200,Weekday,2-Car,No injury/unknown,UNSAFE BACKING,CURRY,39.15214062,-86.58266052
902429147,2023,4,4,700,Weekday,1-Car,No injury/unknown,RAN OFF ROAD RIGHT,ANDERSON & FISH,39.27799992,-86.46902002
902429189,2023,4,4,800,Weekday,2-Car,No injury/unknown,IMPROPER TURNING,W KIRKWOOD,39.16667233,-86.53863249
902429470,2023,4,4,1500,Weekday,2-Car,No injury/unknown,IMPROPER LANE USAGE,EAST 17TH,39.17906597,-86.52582384
902429537,2023,4,4,1400,Weekday,1-Car,No injury/unknown,OTHER (ENVIRONMENTAL) - EXPLAIN IN NARR,W 12TH,39.17441927,-86.53085976
902429539,2023,4,4,1800,Weekday,2-Car,No injury/unknown,UNSAFE BACKING,SOUTH WALNUT,39.13658448,-86.53091669
902429555,2023,4,3,1200,Weekday,2-Car,No injury/unknown,,N LINCOLN,39.1791262,-86.53084702
902429667,2023,4,1,1200,Weekend,2-Car,No injury/unknown,FAILURE TO YIELD RIGHT OF WAY,SR37N & TAPP,39.15765411,-86.55490112
902429759,2023,4,5,800,Weekday,Pedestrian,Incapacitating,OTHER (DRIVER) - EXPLAIN IN NARRATIVE,KENNEDY,39.123744,-86.52810935
902429836,2023,4,5,800,Weekday,2-Car,No injury/unknown,DISREGARD SIGNAL/REG SIGN,45 46 & KINSER,0,0
902429875,2023,4,4,1300,Weekday,2-Car,No injury/unknown,IMPROPER LANE USAGE,N MONROE & SR4546E,39.186944,-86.5468
902429881,2023,4,4,1200,Weekday,2-Car,No injury/unknown,UNSAFE BACKING,N COLLEGE,39.175984,-86.534736
902429921,2023,4,5,900,Weekday,2-Car,Incapacitating,FAILURE TO YIELD RIGHT OF WAY,E 3RD & MORNINGSIDE,39.16424,-86.473696
902429948,2023,4,5,1300,Weekday,2-Car,No injury/unknown,UNSAFE LANE MOVEMENT,E 10TH,39.171504,-86.512288
902429958,2023,4,5,1400,Weekday,2-Car,No injury/unknown,OTHER (DRIVER) - EXPLAIN IN NARRATIVE,FORREST & KIRKWOOD,39.16685827,-86.52153321
902430099,2023,4,5,1900,Weekday,2-Car,Non-incapacitating,FAILURE TO YIELD RIGHT OF WAY,EAST 3RD & PARK RIDGE,39.16424,-86.476096
902430109,2023,4,5,1700,Weekday,2-Car,No injury/unknown,FOLLOWING TOO CLOSELY,SR37S & TAPP,39.14253292,-86.57296249
902430153,2023,4,5,2100,Weekday,2-Car,No injury/unknown,FOLLOWING TOO CLOSELY,E 10TH & N DUNN,39.17168,-86.528256
902430156,2023,4,5,2200,Weekday,2-Car,No injury/unknown,IMPROPER LANE USAGE,BURMA & SR37S,39.3145402,-86.51147583
902430198,2023,4,6,200,Weekday,2-Car,No injury/unknown,IMPROPER TURNING,N WOODBURN,39.1794156,-86.53602554
902430296,2023,4,6,900,Weekday,2-Car,No injury/unknown,OTHER (DRIVER) - EXPLAIN IN NARRATIVE,17TH & WALNUT GROVE,39.17896,-86.521088
902430311,2023,4,6,900,Weekday,Cyclist,Non-incapacitating,FAILURE TO YIELD RIGHT OF WAY,SR46 & UNIONVILLE,0,0
902430335,2023,4,6,900,Weekday,2-Car,No injury/unknown,FAILURE TO YIELD RIGHT OF WAY,HILLSIDE & S WALNUT,39.150544,-86.5336
902430367,2023,4,6,1100,Weekday,2-Car,No injury/unknown,UNSAFE LANE MOVEMENT,KIMBLE & WEST 3RD,39.16464,-86.568
902430372,2023,4,6,1100,Weekday,3+ Cars,Non-incapacitating,UNSAFE SPEED,EASTGATE & SR46E,39.17024,-86.501392
902430425,2023,4,6,700,Weekday,1-Car,No injury/unknown,RAN OFF ROAD RIGHT,LOST MANS & MAPLE GROVE,39.22293015,-86.5697738
902430455,2023,4,6,1500,Weekday,Pedestrian,No injury/unknown,FAILURE TO YIELD RIGHT OF WAY,ATWATER & FESS,39.16312024,-86.52590028
902430569,2023,4,6,1800,Weekday,Moped/Motorcycle,Incapacitating,RAN OFF ROAD RIGHT,EAST SALT CREEK & SR446,39.0884819,-86.42079925
902430585,2023,4,6,1500,Weekday,2-Car,No injury/unknown,FAILURE TO YIELD RIGHT OF WAY,S COLLEGE & W 4TH,39.165664,-86.5348
902430592,2023,4,6,2100,Weekend,Bus,No injury/unknown,OTHER (DRIVER) - EXPLAIN IN NARRATIVE,GENTRY & KIRKWOOD,39.16659974,-86.53560988
902430597,2023,4,6,2100,Weekend,1-Car,No injury/unknown,LEFT OF CENTER,N CRESENT & W 17TH,39.17912029,-86.55652977
902430630,2023,4,6,1700,Weekday,3+ Cars,Incapacitating,FOLLOWING TOO CLOSELY,HARTSTRAIT & SR46E,39.20619965,-86.61134338
902430635,2023,4,5,0,Weekday,1-Car,No injury/unknown,RAN OFF ROAD RIGHT,ARLINGTON & MAPLE GROVE,39.19943727,-86.55951484
902430663,2023,4,7,600,Weekend,1-Car,No injury/unknown,BRAKE FAILURE OR DEFECTIVE,E 2ND,39.1611824,-86.5322113
902430685,2023,4,6,1400,Weekday,2-Car,No injury/unknown,DRIVER DISTRACTED - EXPLAIN IN NARRATIVE,SR37 & TAPP,39.13704,-86.572896
902430686,2023,4,6,1200,Weekday,3+ Cars,No injury/unknown,LEFT OF CENTER,N ROGERS & W 11TH,39.173184,-86.538528
902430772,2023,4,7,1200,Weekend,2-Car,No injury/unknown,FAILURE TO YIELD RIGHT OF WAY,RHORER & WALNUT STREET,39.12141994,-86.53134986
902430801,2023,4,7,1300,Weekend,2-Car,No injury/unknown,IMPROPER TURNING,MULLER & THIRD,0,0
902430886,2023,4,7,1700,Weekend,2-Car,No injury/unknown,IMPROPER PASSING,BARRINGTON & EAST 10TH,39.17166978,-86.48927717
902430889,2023,4,7,1800,Weekend,2-Car,No injury/unknown,FAILURE TO YIELD RIGHT OF WAY,S COLLEGE MALL,39.15250667,-86.497904
902430890,2023,4,7,1500,Weekend,Moped/Motorcycle,Non-incapacitating,OTHER (DRIVER) - EXPLAIN IN NARRATIVE,2300 N WALNUT ST & STATE RD 46,39.16063672,-86.533714
902430898,2023,4,7,1800,Weekend,2-Car,No injury/unknown,UNSAFE BACKING,N JACOB,39.16846848,-86.5732727
902430903,2023,4,7,1900,Weekend,2-Car,No injury/unknown,OTHER (VEHICLE) - EXPLAIN IN NARRATIVE,EAST LAW,39.17302832,-86.51339918