Master Record Number,Year,Month,Day,Hour,Weekend,Collision Type,Injury Type,Primary Factor,Reported_Location,Latitude,Longitude
902430910,2023,4,6,300,Weekday,3+ Cars,No injury/unknown,SPEED TOO FAST FOR WEATHER CONDITIONS,KINSER & SR37N,39.22607704,-86.54663581
902430953,2023,4,7,2300,Weekend,2-Car,No injury/unknown,DISREGARD SIGNAL/REG SIGN,ATWATER & JORDAN,39.16305243,-86.51638885
902430992,2023,4,7,1400,Weekend,2-Car,Non-incapacitating,FOLLOWING TOO CLOSELY,17TH & SR46,39.17984,-86.507088
902431026,2023,4,1,1000,Weekend,2-Car,No injury/unknown,SPEED TOO FAST FOR WEATHER CONDITIONS,SR4546W & WALNUT,39.186368,-86.5344
902431029,2023,4,1,1000,Weekend,2-Car,No injury/unknown,DISREGARD SIGNAL/REG SIGN,10TH & LINCOLN,39.171712,-86.530992
902431041,2023,4,1,1000,Weekend,2-Car,No injury/unknown,UNSAFE BACKING,SUGAR MAPLE,39.15715836,-86.58867045
902431059,2023,4,1,1100,Weekend,2-Car,No injury/unknown,IMPROPER LANE USAGE,EAST 3RD & PI BETA PHI,0,0
902431075,2023,4,7,100,Weekend,2-Car,No injury/unknown,FOLLOWING TOO CLOSELY,FAIRFAX & WALNUT STREET,39.10715997,-86.52650982
902431076,2023,4,7,1800,Weekend,2-Car,No injury/unknown,FOLLOWING TOO CLOSELY,SAMPLE & SR37S,39.26478727,-86.52270297
902431089,2023,4,6,2100,Weekend,Moped/Motorcycle,Non-incapacitating,OVERCORRECTING/OVERSTEERING,S KNIGHTRIDGE & SR446N,39.14420245,-86.46687098
902431112,2023,4,1,1300,Weekend,2-Car,No injury/unknown,FOLLOWING TOO CLOSELY,KIRKWOOD & ROGERS,39.166672,-86.538608
902431135,2023,4,1,1300,Weekend,2-Car,No injury/unknown,UNSAFE BACKING,W SR 45,39.125312,-86.610496
902431234,2023,4,1,1600,Weekend,3+ Cars,No injury/unknown,FOLLOWING TOO CLOSELY,10TH & SR45W,39.1772081,-86.47765905
902431259,2023,4,1,1700,Weekend,2-Car,No injury/unknown,UNSAFE BACKING,E 10TH,39.171504,-86.49509867
902431261,2023,4,1,2100,Weekday,2-Car,No injury/unknown,FAILURE TO YIELD RIGHT OF WAY,JORDAN & THIRD,0,0
902431320,2023,4,2,200,Weekday,1-Car,No injury/unknown,UNSAFE SPEED,MCCARTNEY & S SARE,39.14588973,-86.49749971
902431369,2023,4,2,700,Weekday,2-Car,No injury/unknown,FOLLOWING TOO CLOSELY,E HILLSIDE & OLIVE,39.150656,-86.5188
902431419,2023,4,1,700,Weekend,1-Car,Fatal,RAN OFF ROAD RIGHT,INGRAM & SR37N,39.00289178,-86.53728159
902431426,2023,4,2,800,Weekday,2-Car,No injury/unknown,FOLLOWING TOO CLOSELY,ADAMS & TAPP,0,0
902431441,2023,4,6,1700,Weekday,2-Car,No injury/unknown,DRIVER DISTRACTED - EXPLAIN IN NARRATIVE,E DILLMAN & OLD STATE ROAD 37,39.092944,-86.544
902431658,2023,4,2,800,Weekday,2-Car,No injury/unknown,DISREGARD SIGNAL/REG SIGN,ATWATER & JORDAN,39.16305243,-86.51638885
902432014,2023,4,1,200,Weekend,1-Car,No injury/unknown,ANIMAL/OBJECT IN ROADWAY,N GETTYS CREEK & SR46,39.16331638,-86.41683227
902434893,2023,4,7,100,Weekend,2-Car,No injury/unknown,IMPROPER LANE USAGE,17TH & N WASHINGTON,39.17904,-86.532096
902434905,2023,4,1,1300,Weekend,2-Car,No injury/unknown,FOLLOWING TOO CLOSELY,10TH & JORDAN,39.171552,-86.515728
902434941,2023,4,7,2100,Weekend,1-Car,No injury/unknown,RAN OFF ROAD RIGHT,SOUTH OLD STATE ROAD 37 & WEST WAYSIDE,39.16197707,-86.53117015
902434954,2023,4,1,1300,Weekend,2-Car,No injury/unknown,OTHER (DRIVER) - EXPLAIN IN NARRATIVE,WEST BLOOMFIELD,39.16021541,-86.55312471
902434957,2023,4,7,2200,Weekend,2-Car,No injury/unknown,OTHER (DRIVER) - EXPLAIN IN NARRATIVE,N HINKLE,39.200448,-86.514192
902435041,2023,4,7,2200,Weekend,2-Car,No injury/unknown,UNSAFE BACKING,N ROSE,39.16704632,-86.51084236
902435065,2023,4,1,1600,Weekend,2-Car,No injury/unknown,UNSAFE BACKING,S KINGSTON,39.16658457,-86.49281455
902435072,2023,4,1,2000,Weekday,Cyclist,Non-incapacitating,FAILURE TO YIELD RIGHT OF WAY,JORDAN & LAW,39.17476808,-86.51466999
902435141,2023,3,7,2100,Weekend,2-Car,No injury/unknown,FAILURE TO YIELD RIGHT OF WAY,COLLEGE MALL & COVENANTER,0,0
902435145,2023,3,1,1200,Weekend,Pedestrian,Incapacitating,UNSAFE BACKING,8TH & NORTH SPRING,39.169728,-86.5548
902435179,2023,4,2,0,Weekday,1-Car,Incapacitating,DISREGARD SIGNAL/REG SIGN,E LAW & N UNION,39.16440793,-86.50966018
902435311,2023,4,7,1300,Weekend,1-Car,No injury/unknown,RAN OFF ROAD RIGHT,OLD SR 37 & WALNUT,39.20704,-86.534704
902435491,2023,3,6,900,Weekday,1-Car,No injury/unknown,RAN OFF ROAD RIGHT,TUNNEL ROAD,39.2326889,-86.4332199
902435492,2023,4,6,0,Weekday,1-Car,No injury/unknown,LEFT OF CENTER,CORY LANE,39.15958786,-86.56008148
902435493,2023,4,7,1400,Weekend,2-Car,No injury/unknown,IMPROPER TURNING,SMITH PIKE & SR46W,39.211683,-86.58610498
902435760,2023,4,7,2300,Weekend,Pedestrian,Incapacitating,PEDESTRIAN ACTION,17TH & INDIANA,39.1790197,-86.52705461
902435769,2023,4,7,1700,Weekend,2-Car,No injury/unknown,,NORTH COLLEGE,39.185152,-86.535296
902435905,2023,4,2,1900,Weekday,1-Car,Non-incapacitating,RAN OFF ROAD RIGHT,S VICTOR & VICTOR HEIGHTS,39.102448,-86.55696
902435917,2023,4,2,1500,Weekday,2-Car,No injury/unknown,FAILURE TO YIELD RIGHT OF WAY,DANIELS,39.17296982,-86.59990692
902435919,2023,4,6,0,Weekday,2-Car,Incapacitating,FAILURE TO YIELD RIGHT OF WAY,EAST SAMPLE & SR37N,39.26616,-86.522752
902435963,2023,4,2,2300,Weekday,2-Car,No injury/unknown,OTHER (DRIVER) - EXPLAIN IN NARRATIVE,11TH & FAIRVIEW,39.17332369,-86.54097606
902435991,2023,4,2,1300,Weekday,2-Car,No injury/unknown,UNSAFE BACKING,S WALNUT,39.1707889,-86.53353274
902436062,2023,4,2,1100,Weekday,2-Car,Incapacitating,OTHER (DRIVER) - EXPLAIN IN NARRATIVE,E 10TH & FORREST,39.17163022,-86.52237989
902436076,2023,4,3,700,Weekday,2-Car,No injury/unknown,FOLLOWING TOO CLOSELY,SR37N,0,0
902436232,2023,4,3,0,Weekday,2-Car,No injury/unknown,,WALNUT,39.1841412,-86.5344552
902436250,2023,4,3,1100,Weekday,2-Car,No injury/unknown,UNSAFE BACKING,ATWATER & S WOODLAWN,39.16328,-86.522592
902436340,2023,4,3,1300,Weekday,1-Car,No injury/unknown,IMPROPER TURNING,NORTH DUNN,39.18313757,-86.52827404
902436345,2023,4,3,1300,Weekday,2-Car,No injury/unknown,FOLLOWING TOO CLOSELY,HILLSIDE & WOODLAWN,39.15053341,-86.52261608
902436502,2023,4,3,1600,Weekday,2-Car,Non-incapacitating,BRAKE FAILURE OR DEFECTIVE,GORDON & S OLD SR 37,39.121552,-86.531296
902436532,2023,4,3,1800,Weekday,2-Car,No injury/unknown,FOLLOWING TOO CLOSELY,EAST THIRD & OVERHILL,39.164272,-86.501488
902436541,2023,4,3,1400,Weekday,3+ Cars,Incapacitating,FOLLOWING TOO CLOSELY,EAST BURKS & SOUTH WALNUT,39.14251599,-86.53136998
902436555,2023,4,7,1400,Weekend,2-Car,No injury/unknown,SPEED TOO FAST FOR WEATHER CONDITIONS,SMITH,0,0
902436596,2023,4,3,1500,Weekday,2-Car,No injury/unknown,UNSAFE BACKING,FEE & LAW,39.17432203,-86.51891983
902436718,2023,4,4,300,Weekday,Pedestrian,Incapacitating,PEDESTRIAN ACTION,10TH & SR46E,39.171648,-86.502096
902436748,2023,4,4,800,Weekday,3+ Cars,No injury/unknown,FOLLOWING TOO CLOSELY,E3RD & SO JEFFERSON,39.164304,-86.506992
902436826,2023,4,4,900,Weekday,2-Car,No injury/unknown,DRIVER DISTRACTED - EXPLAIN IN NARRATIVE,E THIRD & PETE ELLIS,39.16424,-86.495088
902436878,2023,4,1,1100,Weekend,2-Car,No injury/unknown,UNSAFE BACKING,EAST 10TH,39.171648,-86.50435515
902436900,2023,4,4,1200,Weekday,2-Car,No injury/unknown,OTHER (DRIVER) - EXPLAIN IN NARRATIVE,S WALNUT,39.136144,-86.528688
902436941,2023,4,4,1100,Weekday,2-Car,No injury/unknown,FOLLOWING TOO CLOSELY,SR37N & W VERNAL,39.17617467,-86.56292242
902436967,2023,4,4,1400,Weekday,2-Car,No injury/unknown,UNSAFE BACKING,NORTH FEE,39.17250261,-86.51898354
902436975,2023,4,4,1300,Weekday,2-Car,No injury/unknown,FOLLOWING TOO CLOSELY,BLOOMFIELD & SR37S,39.148144,-86.572992
902437009,2023,4,3,1300,Weekday,2-Car,No injury/unknown,UNSAFE BACKING,E 7TH & WOODLAWN,39.16862775,-86.52286299
902437037,2023,4,4,1300,Weekday,2-Car,Non-incapacitating,FOLLOWING TOO CLOSELY,SR37N & VERNAL,39.17662048,-86.56252288
902437072,2023,4,3,1600,Weekday,2-Car,No injury/unknown,FAILURE TO YIELD RIGHT OF WAY,OUTBACK & SR46W,39.21467972,-86.59262847
902437099,2023,4,3,2000,Weekday,2-Car,No injury/unknown,UNSAFE BACKING,STATE HIGHWAY 37 & WINERY,39.28039983,-86.52268462
902437128,2023,4,4,1300,Weekday,2-Car,No injury/unknown,IMPROPER TURNING,S MADISON,39.16444714,-86.537296
902437134,2023,4,4,2100,Weekday,2-Car,No injury/unknown,FOLLOWING TOO CLOSELY,FESS & THIRD,0,0
902437175,2023,4,4,0,Weekday,2-Car,No injury/unknown,UNSAFE BACKING,N FAIRVIEW,39.175152,-86.54104
902437176,2023,4,4,2300,Weekday,1-Car,Non-incapacitating,ANIMAL/OBJECT IN ROADWAY,SR37N & TAPP,39.13676534,-86.572896
902437252,2023,4,4,700,Weekday,3+ Cars,No injury/unknown,FOLLOWING TOO CLOSELY,BREEDEN & SR45W,39.08680128,-86.67550806
902437344,2023,4,5,1000,Weekday,2-Car,No injury/unknown,FAILURE TO YIELD RIGHT OF WAY,3RD & UNION,39.164352,-86.5088
902437369,2023,4,5,1000,Weekday,2-Car,No injury/unknown,UNSAFE BACKING,7TH & UNION,39.168176,-86.5091003
902437391,2023,4,5,1200,Weekday,2-Car,No injury/unknown,OTHER (DRIVER) - EXPLAIN IN NARRATIVE,EAST THIRD,39.16420519,-86.49964883
902437465,2023,4,4,1100,Weekday,1-Car,No injury/unknown,IMPROPER LANE USAGE,HUNTER & WOODLAWN,39.16221368,-86.5226233
902437612,2023,4,4,1400,Weekday,1-Car,No injury/unknown,UNSAFE BACKING,S FAIRFAX,39.09294436,-86.5167456
902437617,2023,4,5,1700,Weekday,2-Car,Non-incapacitating,IMPROPER LANE USAGE,SR37N & SR45E,39.148144,-86.572992
902437630,2023,4,5,1700,Weekday,2-Car,No injury/unknown,FAILURE TO YIELD RIGHT OF WAY,COTTAGE & INDIANA,39.17264,-86.52704
902437674,2023,5,6,100,Weekday,1-Car,Non-incapacitating,RAN OFF ROAD RIGHT,CHURCH & VICTOR,39.10753175,-86.54891106
902438008,2023,5,6,900,Weekday,2-Car,No injury/unknown,OTHER (DRIVER) - EXPLAIN IN NARRATIVE,S WALNUT,39.13493114,-86.52778394
902438096,2023,5,6,1500,Weekday,2-Car,Non-incapacitating,IMPROPER TURNING,3RD & FACULTY,39.164352,-86.521088
902438176,2023,5,6,1600,Weekday,2-Car,No injury/unknown,FOLLOWING TOO CLOSELY,STATE 37 & VERNAL,39.176544,-86.5624
902438204,2023,5,6,1500,Weekday,2-Car,No injury/unknown,UNSAFE BACKING,E SOUTHERN,39.14984,-86.53213111
902438205,2023,5,6,1500,Weekday,2-Car,No injury/unknown,UNSAFE BACKING,S WOODSCREST,39.16290283,-86.50295257
902438219,2023,5,6,1800,Weekday,2-Car,No injury/unknown,DISREGARD SIGNAL/REG SIGN,E 8TH & N GRANT,39.169552,-86.529696
902438243,2023,5,6,2100,Weekend,1-Car,No injury/unknown,OTHER (VEHICLE) - EXPLAIN IN NARRATIVE,BOTTOM & MT CARMEL,0,0
902438244,2023,5,6,2300,Weekend,2-Car,No injury/unknown,FAILURE TO YIELD RIGHT OF WAY,EAST WEST & GRANT,0,0
902438420,2023,5,7,1100,Weekend,2-Car,No injury/unknown,FOLLOWING TOO CLOSELY,AIRPORT & SR45W,39.13611763,-86.59484583
902438469,2023,5,6,1700,Weekday,2-Car,No injury/unknown,FAILURE TO YIELD RIGHT OF WAY,ALEXANDER & JACOB,39.16877031,-86.57355979
902438510,2023,5,7,1500,Weekend,2-Car,No injury/unknown,IMPROPER TURNING,STATE ROAD 46,39.207648,-86.573792
902438517,2023,5,7,1300,Weekend,2-Car,No injury/unknown,UNSAFE BACKING,E KIRKWOOD,39.16664,-86.52798041
902438522,2023,5,6,2200,Weekend,2-Car,No injury/unknown,OTHER (VEHICLE) - EXPLAIN IN NARRATIVE,E 3RD,39.16444703,-86.52575968
902438542,2023,5,7,1400,Weekend,2-Car,No injury/unknown,FOLLOWING TOO CLOSELY,WEST 3RD,39.164752,-86.573104
902438549,2023,5,6,1700,Weekday,2-Car,No injury/unknown,FOLLOWING TOO CLOSELY,CURRY & WOODYARD,39.18881826,-86.58302576
902438669,2023,5,7,1200,Weekend,2-Car,No injury/unknown,UNSAFE BACKING,WEST 3RD,39.16513824,-86.5824356
902438787,2023,5,1,1100,Weekend,2-Car,No injury/unknown,UNSAFE BACKING,N GATES,39.16987228,-86.57498168
902438789,2023,5,7,1700,Weekend,2-Car,No injury/unknown,FAILURE TO YIELD RIGHT OF WAY,LONGVIEW & PETE ELLIS,39.166944,-86.495056
902438791,2023,5,7,2200,Weekend,2-Car,No injury/unknown,FAILURE TO YIELD RIGHT OF WAY,TENTH & WOODLAWN,0,0
902438903,2023,5,7,1400,Weekend,2-Car,No injury/unknown,UNSAFE BACKING,E COTTAGE,40.106918,-85.667884
902438907,2023,5,7,1500,Weekend,1-Car,No injury/unknown,IMPROPER TURNING,E 17TH,39.178848,-86.51144
902438993,2023,5,2,0,Weekday,2-Car,No injury/unknown,IMPROPER PASSING,12TH & N COLLEGE,40.17592359,-87.26738818
902439183,2023,5,2,900,Weekday,2-Car,No injury/unknown,FAILURE TO YIELD RIGHT OF WAY,SR46W & UNION VALLEY,39.21477514,-86.59228631
902439207,2023,5,2,800,Weekday,1-Car,No injury/unknown,DRIVER ASLEEP OR FATIGUED,S LEONARD SPRINGS & SR45W,39.14190066,-86.5828886
902439426,2023,5,2,1200,Weekday,1-Car,No injury/unknown,DRIVER ILLNESS,FEE & FOSTER,39.17645015,-86.51886016
902439453,2023,5,2,1400,Weekday,Bus,No injury/unknown,FOLLOWING TOO CLOSELY,11TH & VERNAL,39.173344,-86.555104
902439483,2023,5,2,1400,Weekday,2-Car,Incapacitating,UNSAFE LANE MOVEMENT,CURRY & SR45W,39.142048,-86.582592
902439548,2023,5,2,1600,Weekday,2-Car,No injury/unknown,IMPROPER TURNING,E 10TH,39.17162087,-86.50077565
902439624,2023,5,2,1500,Weekday,2-Car,No injury/unknown,FOLLOWING TOO CLOSELY,S STATE ROAD 37,0,0
902439650,2023,5,2,1700,Weekday,2-Car,Non-incapacitating,FAILURE TO YIELD RIGHT OF WAY,S CURRY & SR45W,39.14194737,-86.58259072
902439708,2023,5,2,400,Weekday,2-Car,No injury/unknown,FAILURE TO YIELD RIGHT OF WAY,S CURRY & W 3RD,39.16463971,-86.58292002
902439777,2023,5,2,1300,Weekday,2-Car,Non-incapacitating,UNSAFE SPEED,3RD & EASTSIDE,39.1642661,-86.51321379
902439793,2023,5,3,900,Weekday,2-Car,No injury/unknown,FAILURE TO YIELD RIGHT OF WAY,17TH & JACKSON,39.17874946,-86.5396263
902439802,2023,5,3,900,Weekday,2-Car,Incapacitating,FOLLOWING TOO CLOSELY,SR37S & SR45W,39.187344,-86.5552
902439886,2023,4,2,1000,Weekday,1-Car,No injury/unknown,FOLLOWING TOO CLOSELY,N NORWAY & N SMITH,39.20188017,-86.58311985
902439887,2023,5,1,1300,Weekend,1-Car,No injury/unknown,OTHER (DRIVER) - EXPLAIN IN NARRATIVE,S SR 446,39.135648,-86.462248
902439888,2023,5,3,1000,Weekday,2-Car,No injury/unknown,BRAKE FAILURE OR DEFECTIVE,S FAIRFAX & VERA,39.09609988,-86.51704028
902439889,2023,5,3,1000,Weekday,Moped/Motorcycle,Incapacitating,DISREGARD SIGNAL/REG SIGN,S LIBERTY & SR45W,39.14502188,-86.57775915
902439897,2023,4,5,1200,Weekday,1-Car,No injury/unknown,UNSAFE SPEED,HARRELL & MOFFETT,39.09970008,-86.49847865
902439899,2023,5,3,800,Weekday,2-Car,No injury/unknown,FOLLOWING TOO CLOSELY,ROCKPORT & SR37S,39.08835793,-86.61312103
902439900,2023,5,2,900,Weekday,2-Car,No injury/unknown,FOLLOWING TOO CLOSELY,FAIRFAX & WALNUT STREET,39.10715997,-86.52650982
902439940,2023,5,3,1200,Weekday,2-Car,No injury/unknown,FAILURE TO YIELD RIGHT OF WAY,10TH & COLLEGE,39.171744,-86.534768
902439979,2023,5,2,1800,Weekday,2-Car,Incapacitating,FAILURE TO YIELD RIGHT OF WAY,E 10TH & N LINCOLN,39.171712,-86.530992
902440023,2023,5,3,1400,Weekday,2-Car,No injury/unknown,FOLLOWING TOO CLOSELY,SR37N & W VERNAL,39.176544,-86.5624
902440035,2023,5,1,1500,Weekend,2-Car,No injury/unknown,UNSAFE BACKING,W SR 45,39.125312,-86.610496
902440036,2023,5,1,1900,Weekday,Pedestrian,Incapacitating,PEDESTRIAN ACTION,SOUTH ROGERS & WEST CLEAR CREEK,39.07189666,-86.53976999
902440041,2023,5,1,1800,Weekend,3+ Cars,No injury/unknown,FAILURE TO YIELD RIGHT OF WAY,SR45W & W ELLER,39.12224,-86.6144
902440098,2023,5,3,1700,Weekday,2-Car,No injury/unknown,DISREGARD SIGNAL/REG SIGN,ARDEN & HIGH,39.147504,-86.508256
902440117,2023,5,3,1700,Weekday,1-Car,No injury/unknown,UNSAFE BACKING,E KIRKWOOD,39.166942,-86.546142
902440120,2023,5,3,1800,Weekday,1-Car,No injury/unknown,RAN OFF ROAD RIGHT,E COVENANTER & S COLLEGE MALL,39.155152,-86.497888
902440155,2023,5,3,1800,Weekday,2-Car,No injury/unknown,IMPROPER LANE USAGE,ALLEN & PATTERSON,39.15563017,-86.54330983
902440189,2023,5,3,1600,Weekday,Moped/Motorcycle,Incapacitating,UNSAFE SPEED,W KIRKWOOD & WALNUT,39.16664,-86.5336
902440211,2023,5,3,1600,Weekday,2-Car,No injury/unknown,FOLLOWING TOO CLOSELY,SR46W & W ARLINGTON,39.20808816,-86.57727214
902440277,2023,5,4,0,Weekday,2-Car,No injury/unknown,IMPROPER TURNING,MCCRACKEN,39.56432171,-86.47568129
902440293,2023,5,3,1200,Weekday,2-Car,No injury/unknown,UNSAFE BACKING,INDIANA & KIRKWOOD,39.16636554,-86.52688272
902440331,2023,5,6,1700,Weekday,2-Car,No injury/unknown,OTHER (DRIVER) - EXPLAIN IN NARRATIVE,E 3RD,39.16423861,-86.49522852
902440518,2023,5,4,1200,Weekday,2-Car,No injury/unknown,FOLLOWING TOO CLOSELY,17TH & SR46E,39.17984,-86.507088
902440548,2023,5,4,1100,Weekday,2-Car,No injury/unknown,UNSAFE BACKING,E 3RD,39.16426432,-86.50074688
902440562,2023,5,4,1200,Weekday,2-Car,No injury/unknown,FOLLOWING TOO CLOSELY,17TH & SR45E,39.17984,-86.507088
902440565,2023,5,4,1200,Weekday,2-Car,No injury/unknown,FAILURE TO YIELD RIGHT OF WAY,ARCH HAVEN,39.16086249,-86.55387438
902440573,2023,5,4,1100,Weekday,Cyclist,Non-incapacitating,DISREGARD SIGNAL/REG SIGN,1ST & B LINE,0,0
902440666,2023,5,1,1400,Weekend,2-Car,Non-incapacitating,DISREGARD SIGNAL/REG SIGN,SEVENTH & WALNUT,39.1685497,-86.53359018
902440674,2023,5,4,1500,Weekday,2-Car,No injury/unknown,UNSAFE BACKING,S JORDAN,39.1672661,-86.51619777
902440681,2023,5,4,1400,Weekday,1-Car,No injury/unknown,OTHER (DRIVER) - EXPLAIN IN NARRATIVE,NORTH KINSER,39.18531418,-86.53826141
902440692,2023,5,4,1600,Weekday,2-Car,No injury/unknown,FOLLOWING TOO CLOSELY,RANGE & SR46S,39.171504,-86.495312
902440715,2023,5,4,1700,Weekday,2-Car,No injury/unknown,WRONG WAY ON ONE WAY,EAST 10TH STREET,39.171648,-86.50435515
902440739,2023,5,4,1600,Weekday,2-Car,No injury/unknown,UNSAFE BACKING,S HIGHLAND & THORNTON,39.14404562,-86.51747281
902440759,2023,5,4,1800,Weekday,2-Car,No injury/unknown,,E SMITH & S DUNN,39.162848,-86.5284
902440761,2023,5,4,1700,Weekday,2-Car,No injury/unknown,FAILURE TO YIELD RIGHT OF WAY,E LONGVIEW & N PETE ELLIS,39.166944,-86.495056
902440762,2023,5,4,1800,Weekday,Cyclist,Non-incapacitating,FAILURE TO YIELD RIGHT OF WAY,S MORTON & W 2ND,39.161472,-86.53624
902440808,2023,5,4,1200,Weekday,2-Car,No injury/unknown,FAILURE TO YIELD RIGHT OF WAY,EAST THIRD & PETE ELLIS,39.16424,-86.495088
902440813,2023,5,3,1700,Weekday,2-Car,No injury/unknown,UNSAFE LANE MOVEMENT,ACUFF & SR37N,39.21040939,-86.55425576
902440814,2023,5,3,1800,Weekday,Cyclist,Incapacitating,FAILURE TO YIELD RIGHT OF WAY,E RAMP CREEK & S FAIRFAX,39.07114998,-86.50319002
902440827,2023,5,4,1900,Weekday,2-Car,No injury/unknown,IMPROPER LANE USAGE,S COLLEGE,39.17088686,-86.534768
902440953,2023,5,4,1300,Weekday,2-Car,No injury/unknown,DRIVER DISTRACTED - EXPLAIN IN NARRATIVE,CURRY & PROFILE,39.22484228,-86.5829797
902440959,2023,5,3,2300,Weekday,1-Car,No injury/unknown,ANIMAL/OBJECT IN ROADWAY,S HARMONY & SR45W,39.11068027,-86.638854
902440983,2023,5,5,700,Weekday,3+ Cars,Non-incapacitating,FOLLOWING TOO CLOSELY,COUNTRY CLUB & WALNUT,0,0
902441038,2023,5,5,900,Weekday,2-Car,No injury/unknown,IMPROPER TURNING,W 15TH,39.176848,-86.55261061
902441102,2023,5,5,1100,Weekday,Moped/Motorcycle,No injury/unknown,FOLLOWING TOO CLOSELY,3RD & WOODLAWN,39.164352,-86.522592
902441195,2023,5,6,900,Weekday,2-Car,No injury/unknown,UNSAFE SPEED,MCCORMICK & SMITHVILLE,39.07109968,-86.50787986
902441206,2023,5,5,1200,Weekday,2-Car,No injury/unknown,OTHER (DRIVER) - EXPLAIN IN NARRATIVE,W SOUTHERN,39.14984,-86.533392
902441285,2023,5,5,1200,Weekday,2-Car,No injury/unknown,FAILURE TO YIELD RIGHT OF WAY,SO COLLEGE & W KIRKWOOD,39.16236974,-86.53488032
902441290,2023,5,5,1200,Weekday,2-Car,Incapacitating,FAILURE TO YIELD RIGHT OF WAY,ELM & KIRKWOOD,39.166768,-86.5452
902441543,2023,5,5,1500,Weekday,2-Car,No injury/unknown,FOLLOWING TOO CLOSELY,E 3RD & N CLIFTON,39.16427754,-86.50968262
902441574,2023,5,5,1700,Weekday,2-Car,No injury/unknown,UNSAFE BACKING,NORTH JORDAN,39.18163681,-86.51081848
902441616,2023,5,5,1700,Weekday,2-Car,No injury/unknown,OTHER (DRIVER) - EXPLAIN IN NARRATIVE,W STATE ROAD 45 & WALMART,0,0
902441665,2023,5,3,2200,Weekday,1-Car,No injury/unknown,RAN OFF ROAD RIGHT,ANDERSON & LOW GAP,39.28237689,-86.41189341
902441678,2023,5,5,2000,Weekday,2-Car,No injury/unknown,UNSAFE BACKING,REEVES,39.2313382,-86.64146728
902441686,2023,5,4,1700,Weekday,2-Car,No injury/unknown,FAILURE TO YIELD RIGHT OF WAY,OLD SR 37 & S ROGERS,39.099408,-86.537904
902441738,2023,5,6,100,Weekday,1-Car,No injury/unknown,RAN OFF ROAD RIGHT,HILLSIDE & WALNUT,39.150544,-86.5336
902441821,2023,5,5,1400,Weekday,2-Car,Non-incapacitating,IMPROPER LANE USAGE,3RD & SWAIN,39.1642598,-86.51526281
902441831,2023,5,5,900,Weekday,2-Car,No injury/unknown,FAILURE TO YIELD RIGHT OF WAY,SR37N,0,0
902441840,2023,5,6,900,Weekday,2-Car,No injury/unknown,FOLLOWING TOO CLOSELY,COLLEGE MALL & MOORES,39.15048033,-86.49825006
902441880,2023,5,6,900,Weekday,2-Car,No injury/unknown,OTHER (DRIVER) - EXPLAIN IN NARRATIVE,E 3RD & SO WASHINGTON,39.16464,-86.5324
902441949,2023,5,6,1100,Weekday,2-Car,No injury/unknown,UNSAFE BACKING,JONES & JORDAN,39.16540012,-86.51642034
902442001,2023,5,6,1300,Weekday,Moped/Motorcycle,No injury/unknown,UNSAFE SPEED,17TH & FESS,39.17900623,-86.52562335
902442009,2023,5,6,1000,Weekday,2-Car,No injury/unknown,FAILURE TO YIELD RIGHT OF WAY,INDUSTRIAL & SR45W,39.143552,-86.580528
902442011,2023,5,4,1700,Weekday,1-Car,Non-incapacitating,RAN OFF ROAD RIGHT,DILLMAN & SR37S,39.0929718,-86.54577636
902442016,2023,5,4,1700,Weekday,Cyclist,No injury/unknown,FAILURE TO YIELD RIGHT OF WAY,BOLTINGHOUSE & OLD SR 37,39.239744,-86.4992
902442032,2023,5,6,1200,Weekday,Cyclist,Non-incapacitating,FAILURE TO YIELD RIGHT OF WAY,7TH & PARK,39.16864,-86.524496
902442062,2023,5,6,1500,Weekday,2-Car,No injury/unknown,FAILURE TO YIELD RIGHT OF WAY,10TH & PARK,39.171648,-86.524608
902442100,2023,5,6,1600,Weekday,2-Car,No injury/unknown,FOLLOWING TOO CLOSELY,DUNN & E 3RD,39.164448,-86.528096
902442123,2023,5,6,1800,Weekday,2-Car,No injury/unknown,FOLLOWING TOO CLOSELY,10TH & SR 4546,39.176848,-86.478192
902442127,2023,5,6,1700,Weekday,3+ Cars,Non-incapacitating,FOLLOWING TOO CLOSELY,17TH EAST & NORTH FORREST,39.1790197,-86.52249991
902442152,2023,5,6,1300,Weekday,2-Car,Incapacitating,FAILURE TO YIELD RIGHT OF WAY,MONROE & SR46W,39.186944,-86.5468
902442156,2023,5,6,1400,Weekday,2-Car,Incapacitating,FOLLOWING TOO CLOSELY,HARTSTRAIGHT & SR46W,39.20619965,-86.6113174
902442194,2023,5,6,1500,Weekday,2-Car,No injury/unknown,OTHER (DRIVER) - EXPLAIN IN NARRATIVE,WALNUT STREET & WINSLOW,39.1359897,-86.52879975
902442196,2023,5,6,1900,Weekend,1-Car,No injury/unknown,ACCELERATOR FAILURE OR DEFECTIVE,W RALSTON,39.13860082,-86.54499102
902442202,2023,5,6,1500,Weekday,3+ Cars,Non-incapacitating,FOLLOWING TOO CLOSELY,EAST 3RD & WOODCREST,39.164272,-86.502416
902442203,2023,5,6,1800,Weekday,1-Car,Non-incapacitating,OVERCORRECTING/OVERSTEERING,N MT TABOR & W WOODLAND,39.28344,-86.624192
902442205,2023,5,6,1600,Weekday,2-Car,No injury/unknown,FAILURE TO YIELD RIGHT OF WAY,FULLERTON & SR37S,39.122352,-86.5712