Master Record Number,Year,Month,Day,Hour,Weekend,Collision Type,Injury Type,Primary Factor,Reported_Location,Latitude,Longitude
902442206,2023,5,6,1600,Weekday,2-Car,No injury/unknown,FOLLOWING TOO CLOSELY,SR37S & TAPP,39.1360787,-86.572896
902442212,2023,5,6,1600,Weekday,2-Car,No injury/unknown,OTHER (DRIVER) - EXPLAIN IN NARRATIVE,OLD ST RD 37 & S EMPIRE,39.09541994,-86.54263995
902442213,2023,5,6,1500,Weekday,3+ Cars,No injury/unknown,FAILURE TO YIELD RIGHT OF WAY,N WALNUT,39.186368,-86.5344
902442322,2023,5,6,2000,Weekend,2-Car,No injury/unknown,UNSAFE BACKING,CHRIS & EMERY,39.13970527,-86.51947975
902442327,2023,5,7,700,Weekend,2-Car,No injury/unknown,DISREGARD SIGNAL/REG SIGN,10TH & LINCOLN,39.171712,-86.530992
902442344,2023,5,6,1200,Weekday,1-Car,No injury/unknown,OTHER (DRIVER) - EXPLAIN IN NARRATIVE,1ST & MORTON,39.15938996,-86.53629988
902442379,2023,5,7,1000,Weekend,2-Car,Non-incapacitating,DRIVER DISTRACTED - EXPLAIN IN NARRATIVE,CURRY & SR45W,39.14223567,-86.58233447
902442391,2023,5,7,1100,Weekend,2-Car,No injury/unknown,UNSAFE BACKING,NORTH GATES,39.16987228,-86.57498168
902442395,2023,5,7,800,Weekend,2-Car,No injury/unknown,FOLLOWING TOO CLOSELY,SR37N & VERNAL,39.176544,-86.5624
902442445,2023,5,6,1900,Weekend,1-Car,No injury/unknown,ANIMAL/OBJECT IN ROADWAY,SR45W & W ELLER,39.12206498,-86.61467174
902442493,2023,5,7,1500,Weekend,2-Car,No injury/unknown,UNSAFE BACKING,E 17TH,39.179008,-86.525888
902442567,2023,5,7,1800,Weekend,1-Car,No injury/unknown,RAN OFF ROAD RIGHT,SR37N,0,0
902442730,2023,5,1,900,Weekend,Bus,No injury/unknown,UNSAFE LANE MOVEMENT,BURMA & SR37,39.59882053,-86.55104064
902442818,2023,5,7,1200,Weekend,2-Car,No injury/unknown,FAILURE TO YIELD RIGHT OF WAY,FOREST PARK & SR46E,39.212048,-86.5872
902442819,2023,5,1,1400,Weekend,2-Car,No injury/unknown,FOLLOWING TOO CLOSELY,HARTSTRAIGHT & SR46E,39.20619965,-86.61134338
902442834,2023,5,1,1500,Weekend,2-Car,No injury/unknown,,E 3RD,39.16424,-86.49368135
902442862,2023,5,7,800,Weekend,1-Car,No injury/unknown,OTHER (DRIVER) - EXPLAIN IN NARRATIVE,7TH & ADAMS,39.168576,-86.5496
902442905,2023,5,7,1700,Weekend,Moped/Motorcycle,No injury/unknown,FAILURE TO YIELD RIGHT OF WAY,LOIS & ROGERS,39.12984,-86.538496
902442943,2023,5,1,2200,Weekday,1-Car,No injury/unknown,ROADWAY SURFACE CONDITION,ALLEN & PATTERSON,39.13448613,-86.54330983
902443106,2023,5,6,1200,Weekday,2-Car,No injury/unknown,UNSAFE BACKING,10TH & 1319 E 10TH ST,39.176848,-86.478192
902443111,2023,5,1,1200,Weekend,Moped/Motorcycle,Non-incapacitating,LEFT OF CENTER,HAYS & SR446S,39.04464,-86.407952
902443167,2023,5,2,900,Weekday,2-Car,No injury/unknown,OTHER (DRIVER) - EXPLAIN IN NARRATIVE,WEST 1ST,39.159344,-86.53237322
902443249,2023,5,7,1700,Weekend,2-Car,No injury/unknown,FOLLOWING TOO CLOSELY,S OLD STATE ROAD 37 & W HOBART,39.01368968,-86.54097966
902443250,2023,5,1,1900,Weekday,2-Car,Non-incapacitating,DRIVER DISTRACTED - EXPLAIN IN NARRATIVE,N SKIRVIN & SR45E,39.22681256,-86.43548939
902443286,2023,5,2,700,Weekday,1-Car,No injury/unknown,UNSAFE SPEED,E FENBROOK,39.15850067,-86.47673034
902443292,2023,5,2,600,Weekday,2-Car,No injury/unknown,FAILURE TO YIELD RIGHT OF WAY,N ENT DRIVE TO WESTBURY VIL & SR37N,0,0
902443306,2023,5,2,1100,Weekday,2-Car,No injury/unknown,UNSAFE BACKING,N FEE,39.175152,-86.518992
902443308,2023,5,2,1200,Weekday,1-Car,Non-incapacitating,SPEED TOO FAST FOR WEATHER CONDITIONS,DUNN & OLD STATE ROAD 37,39.208048,-86.528704
902443426,2023,5,2,1300,Weekday,1-Car,Incapacitating,RAN OFF ROAD RIGHT,SR45E & TUNNEL,39.23075611,-86.42494389
902443487,2023,5,2,1600,Weekday,2-Car,No injury/unknown,,S WALNUT,39.137264,-86.529808
902443521,2023,5,2,1300,Weekday,2-Car,No injury/unknown,IMPROPER PASSING,E 3RD,39.16464,-86.5324
902443549,2023,5,2,1700,Weekday,2-Car,No injury/unknown,FAILURE TO YIELD RIGHT OF WAY,20TH & DUNN,39.18184,-86.5284
902443611,2023,5,2,2000,Weekday,2-Car,No injury/unknown,FAILURE TO YIELD RIGHT OF WAY,EAST ATWATER & SOUTH HIGHLAND,39.1632,-86.517584
902443624,2023,5,2,1400,Weekday,2-Car,No injury/unknown,IMPROPER TURNING,S WALNUT,39.142555,-86.531238
902443640,2023,5,2,1700,Weekday,2-Car,No injury/unknown,FOLLOWING TOO CLOSELY,SR45W & W JOHN WILLIAMS,39.10108185,-86.64842657
902443641,2023,5,2,1700,Weekday,2-Car,Non-incapacitating,FOLLOWING TOO CLOSELY,SR37S & W 3RD,39.164752,-86.573104
902443644,2023,5,2,1500,Weekday,2-Car,No injury/unknown,FOLLOWING TOO CLOSELY,E 10TH & SR46,39.17163351,-86.50139055
902443692,2023,5,3,400,Weekday,1-Car,No injury/unknown,ANIMAL/OBJECT IN ROADWAY,BUSINESS & SR37N,0,0
902443693,2023,5,3,300,Weekday,2-Car,No injury/unknown,UNSAFE SPEED,16TH & LINCOLN,39.17765469,-86.53086645
902443769,2023,5,3,700,Weekday,2-Car,No injury/unknown,FOLLOWING TOO CLOSELY,RIDGEVIEW & SOUTH WALNUT,39.13725255,-86.53143972
902443977,2023,5,3,800,Weekday,2-Car,No injury/unknown,DISREGARD SIGNAL/REG SIGN,PATTERSON & ROGERS,39.15379287,-86.53875256
902444304,2023,5,3,1900,Weekday,Cyclist,Incapacitating,DISREGARD SIGNAL/REG SIGN,4TH & S WALNUT,39.165648,-86.5336
902444315,2023,5,3,500,Weekday,1-Car,No injury/unknown,RAN OFF ROAD RIGHT,SR37S & VICTOR,39.105552,-86.551104
902444321,2023,5,3,1500,Weekday,2-Car,No injury/unknown,UNSAFE BACKING,S ROCKPORT,39.165648,-86.505792
902444437,2023,5,4,800,Weekday,2-Car,No injury/unknown,FAILURE TO YIELD RIGHT OF WAY,ROGERS & WEST KIRKWOOD,39.16660979,-86.53868324
902444455,2023,5,1,1200,Weekend,2-Car,No injury/unknown,FAILURE TO YIELD RIGHT OF WAY,PARKING LOT ROLL 10,0,0
902444456,2023,5,3,700,Weekday,2-Car,No injury/unknown,FAILURE TO YIELD RIGHT OF WAY,RUSSELL & SR45E,39.17763138,-86.48161112
902444540,2023,5,4,1200,Weekday,2-Car,Non-incapacitating,DISREGARD SIGNAL/REG SIGN,SR37 & SR45W,39.148144,-86.572992
902444813,2023,5,3,1600,Weekday,2-Car,No injury/unknown,FOLLOWING TOO CLOSELY,N CURRY & W PROFILE,39.17196013,-86.58297105
902444814,2023,5,6,300,Weekday,2-Car,No injury/unknown,IMPROPER TURNING,12TH & INDIANA,39.17409344,-86.52707853
902444834,2023,5,6,2100,Weekend,2-Car,No injury/unknown,LEFT OF CENTER,LAKEVIEW,39.22525499,-86.60525511
902444835,2023,5,4,2000,Weekday,1-Car,Incapacitating,OTHER (DRIVER) - EXPLAIN IN NARRATIVE,E CHAMBERS & SR37N,39.30405363,-86.51688615
902444959,2023,5,4,1300,Weekday,1-Car,No injury/unknown,OTHER (DRIVER) - EXPLAIN IN NARRATIVE,OLD STATE ROAD 37 SOUTH & WAYSIDE,39.10917968,-86.53117015
902444996,2023,5,5,800,Weekday,2-Car,No injury/unknown,UNSAFE BACKING,E 10TH,39.17157747,-86.51808392
902445088,2023,5,4,1200,Weekday,Moped/Motorcycle,Incapacitating,FAILURE TO YIELD RIGHT OF WAY,SALE & VINE,39.234384,-86.624064
902445100,2023,5,5,1700,Weekday,2-Car,No injury/unknown,,EAST THIRD,39.16416496,-86.4952138
902445112,2023,5,5,900,Weekday,2-Car,No injury/unknown,DISREGARD SIGNAL/REG SIGN,N WALNUT & W KIRKWOOD,39.16664,-86.5336
902445126,2023,5,4,1600,Weekday,2-Car,No injury/unknown,FAILURE TO YIELD RIGHT OF WAY,10TH & LINCOLN,39.171712,-86.530992
902445136,2023,5,3,2000,Weekday,2-Car,No injury/unknown,DRIVER DISTRACTED - EXPLAIN IN NARRATIVE,RAUBS,39.23007314,-86.635728
902445441,2023,5,5,2000,Weekday,2-Car,No injury/unknown,FAILURE TO YIELD RIGHT OF WAY,MILLER & WALNUT,39.146944,-86.532544
902445442,2023,5,5,1800,Weekday,2-Car,No injury/unknown,FOLLOWING TOO CLOSELY,SR37S & VICTOR,39.10649288,-86.55238793
902445513,2023,5,5,2100,Weekday,1-Car,Incapacitating,RAN OFF ROAD RIGHT,E RHORER & S HARRELL,39.121808,-86.498784
902445527,2023,5,6,100,Weekday,1-Car,No injury/unknown,ANIMAL/OBJECT IN ROADWAY,WALNUT,39.186368,-86.5344
902445589,2023,5,6,700,Weekday,2-Car,No injury/unknown,FOLLOWING TOO CLOSELY,S MADISON & W COUNTRY CLUB,39.136048,-86.536992
902445591,2023,5,4,700,Weekday,2-Car,No injury/unknown,FAILURE TO YIELD RIGHT OF WAY,N SMITH & SR46W,39.210144,-86.5832
902445622,2023,5,6,800,Weekday,2-Car,No injury/unknown,FOLLOWING TOO CLOSELY,S CORY & W BLOOMFIELD,39.15710002,-86.55969008
902445769,2023,5,6,1000,Weekday,2-Car,No injury/unknown,IMPROPER TURNING,INDIANA & KIRKWOOD,39.16664,-86.52700185
902445788,2023,5,6,900,Weekday,1-Car,No injury/unknown,ANIMAL/OBJECT IN ROADWAY,300 N PETE ELLIS & E BRAESIDE,39.168192,-86.49504
902445818,2023,5,6,1200,Weekday,Bus,No injury/unknown,UNSAFE LANE MOVEMENT,10TH & UNION,39.171472,-86.509376
902445825,2023,5,6,1100,Weekday,2-Car,No injury/unknown,OTHER (DRIVER) - EXPLAIN IN NARRATIVE,SO COLLEGE MALL,39.1571027,-86.49775855
902445834,2023,5,6,1200,Weekday,2-Car,No injury/unknown,FAILURE TO YIELD RIGHT OF WAY,N KINSER,39.222752,-86.550096
902445854,2023,5,6,1400,Weekday,2-Car,No injury/unknown,UNSAFE LANE MOVEMENT,STATE RD 45 46 & WALNUT,39.186368,-86.5344
902445894,2023,5,6,1500,Weekday,2-Car,Incapacitating,UNSAFE SPEED,DUNN & SR37N,39.18363953,-86.5283432
902445895,2023,5,6,1400,Weekday,2-Car,No injury/unknown,UNSAFE BACKING,S LANDMARK,39.16103363,-86.55483245
902445988,2023,5,6,1900,Weekend,2-Car,No injury/unknown,UNSAFE BACKING,E 3RD,39.164272,-86.50177208
902445991,2023,5,6,1600,Weekday,3+ Cars,No injury/unknown,BRAKE FAILURE OR DEFECTIVE,E 3RD,39.16424,-86.49259396
902446041,2023,5,6,2300,Weekend,2-Car,No injury/unknown,OTHER (DRIVER) - EXPLAIN IN NARRATIVE,4TH & DUNN,39.165648,-86.52793231
902446168,2023,5,7,900,Weekend,2-Car,No injury/unknown,FAILURE TO YIELD RIGHT OF WAY,ALLEN & PEACH TREE,39.15592991,-86.55581027
902446248,2023,5,7,1300,Weekend,2-Car,No injury/unknown,FAILURE TO YIELD RIGHT OF WAY,11TH & ROGERS,39.173184,-86.538528
902446279,2023,5,7,1500,Weekend,2-Car,No injury/unknown,IMPROPER TURNING,3RD & S HIGHLAND,39.16427367,-86.51771488
902446287,2023,5,7,1500,Weekend,2-Car,No injury/unknown,FOLLOWING TOO CLOSELY,SR37S & VERNAL,39.176544,-86.5624
902446353,2023,5,7,1700,Weekend,1-Car,No injury/unknown,OVERCORRECTING/OVERSTEERING,SR37S & ZIKES,39.04670943,-86.53586743
902446371,2023,5,7,1900,Weekend,2-Car,No injury/unknown,UNSAFE BACKING,S ROCKPORT,39.14144,-86.543632
902446387,2023,5,7,1700,Weekend,2-Car,No injury/unknown,FOLLOWING TOO CLOSELY,E MOORES & S FENBROOK,39.15022016,-86.48725971
902446398,2023,5,7,1900,Weekend,2-Car,No injury/unknown,IMPROPER TURNING,S WALKER & W 1ST,39.159648,-86.546
902446411,2023,5,7,2000,Weekend,1-Car,No injury/unknown,ANIMAL/OBJECT IN ROADWAY,BOTTOM & SR37N,39.11733209,-86.55792236
902446533,2023,5,1,700,Weekend,1-Car,No injury/unknown,ANIMAL/OBJECT IN ROADWAY,SR37N & TAPP,39.14390618,-86.57297357
902446555,2023,5,6,1200,Weekday,1-Car,No injury/unknown,OTHER (ENVIRONMENTAL) - EXPLAIN IN NARR,S BORUFF & W BOLIN,39.10032973,-86.57021977
902446634,2023,5,6,1800,Weekday,2-Car,No injury/unknown,OTHER (DRIVER) - EXPLAIN IN NARRATIVE,45,39.16424,-86.48664897
902446744,2023,5,1,300,Weekend,1-Car,Incapacitating,RAN OFF ROAD RIGHT,E MONROE DAM,39.010368,-86.507216
902446754,2023,5,7,0,Weekend,2-Car,No injury/unknown,UNSAFE BACKING,8TH & WALNUT,39.169552,-86.533552
902446793,2023,5,1,2300,Weekday,1-Car,No injury/unknown,RAN OFF ROAD RIGHT,SR37S & TAPP,39.13704,-86.572896
902446794,2023,5,2,0,Weekday,1-Car,No injury/unknown,ANIMAL/OBJECT IN ROADWAY,FOX HOLLOW & SR37N,39.28536159,-86.52063038
902446829,2023,5,1,300,Weekend,1-Car,No injury/unknown,UNSAFE LANE MOVEMENT,MITCHELL & THIRD,0,0
902446944,2023,5,2,900,Weekday,2-Car,No injury/unknown,OTHER (DRIVER) - EXPLAIN IN NARRATIVE,WEST POINTE & WOODHILL,39.1571597,-86.54823454
902446949,2023,5,2,600,Weekday,1-Car,No injury/unknown,ANIMAL/OBJECT IN ROADWAY,RATLIFF & STARNES,39.2168697,-86.65880658
902447037,2023,5,6,1500,Weekday,3+ Cars,No injury/unknown,UNSAFE SPEED,SR45 & STANFORD,39.08984,-86.666304
902447213,2023,5,2,1600,Weekday,3+ Cars,No injury/unknown,FOLLOWING TOO CLOSELY,7TH & SR46N,39.16713579,-86.49984108
902447267,2023,4,1,1700,Weekend,2-Car,No injury/unknown,UNSAFE BACKING,E 10TH,39.17164591,-86.50199444
902447296,2023,5,2,2100,Weekday,2-Car,No injury/unknown,FAILURE TO YIELD RIGHT OF WAY,ALLENDALE & WINSLOW,39.136096,-86.516
902447379,2023,5,4,1600,Weekday,2-Car,Incapacitating,UNSAFE SPEED,SR37 & TAPP,39.03085178,-86.55490112
902447432,2023,5,2,1200,Weekday,2-Car,No injury/unknown,FAILURE TO YIELD RIGHT OF WAY,LANDMARK & W 3RD,39.16442983,-86.5563068
902447593,2023,5,3,900,Weekday,2-Car,Non-incapacitating,FAILURE TO YIELD RIGHT OF WAY,HINDS & SR45W,39.099152,-86.652
902447624,2023,5,3,800,Weekday,2-Car,No injury/unknown,DISREGARD SIGNAL/REG SIGN,SR37N & VERNAL,39.176544,-86.5624
902447659,2023,5,3,1000,Weekday,2-Car,No injury/unknown,UNSAFE BACKING,E 10TH,39.171648,-86.50249682
902447852,2023,5,1,2200,Weekday,1-Car,No injury/unknown,ANIMAL/OBJECT IN ROADWAY,JOHN WILLIAMS & SR45W,39.10108185,-86.64842657
902447853,2023,5,2,1500,Weekday,1-Car,No injury/unknown,ROADWAY SURFACE CONDITION,CHAPEL HILL & SR446S,39.02923435,-86.40806318
902447955,2023,5,2,600,Weekday,2-Car,No injury/unknown,UNSAFE BACKING,E HILLSIDE,39.170848,-86.503696
902447975,2023,5,3,1700,Weekday,2-Car,No injury/unknown,IMPROPER LANE USAGE,COUNTRY CLUB & MADISON,0,0
902447989,2023,5,3,1500,Weekday,2-Car,No injury/unknown,UNSAFE BACKING,COMMON & WESTMINSTER,39.13298026,-86.52176029
902448001,2023,5,3,1700,Weekday,2-Car,Non-incapacitating,LEFT OF CENTER,N MADISON & W 17TH,39.178992,-86.537792
902448098,2023,5,2,2200,Weekday,1-Car,Incapacitating,RAN OFF ROAD RIGHT,SOUTH HANDY,39.09397888,-86.49208068
902448153,2023,5,3,1300,Weekday,2-Car,No injury/unknown,UNSAFE LANE MOVEMENT,3RD & FACULTY,39.164352,-86.52126441
902448177,2023,2,2,900,Weekday,1-Car,No injury/unknown,SPEED TOO FAST FOR WEATHER CONDITIONS,SR37 & WAYPORT,39.263024,-86.52264
902448179,2023,5,3,800,Weekday,3+ Cars,Non-incapacitating,FOLLOWING TOO CLOSELY,SR37 & VERNAL,39.17639627,-86.56260897
902448207,2023,5,3,700,Weekday,2-Car,No injury/unknown,FOLLOWING TOO CLOSELY,BOLIN & VICTOR,39.10024993,-86.55795
902448208,2023,5,3,1400,Weekday,Bus,No injury/unknown,UNSAFE LANE MOVEMENT,SR46W & UNIONVALLEY,0,0
902448209,2023,5,4,700,Weekday,2-Car,No injury/unknown,UNSAFE LANE MOVEMENT,SMITH & SR46E,39.210144,-86.5832
902448241,2023,5,4,1000,Weekday,2-Car,No injury/unknown,UNSAFE BACKING,S COLLEGE MALL,39.15357139,-86.4978567
902448433,2023,5,4,1200,Weekday,2-Car,No injury/unknown,DISREGARD SIGNAL/REG SIGN,17TH & DUNN,39.17904,-86.5284
902448448,2023,5,4,1300,Weekday,2-Car,No injury/unknown,FAILURE TO YIELD RIGHT OF WAY,FULLERTON & SR37S,39.12221146,-86.57353973
902448620,2023,5,4,1800,Weekday,3+ Cars,No injury/unknown,FOLLOWING TOO CLOSELY,E WINSLOW & S WALNUT STREET,39.136144,-86.528688
902448624,2023,5,4,1700,Weekday,3+ Cars,Non-incapacitating,FAILURE TO YIELD RIGHT OF WAY,GRAHAM & ROGERS,39.13992,-86.538416
902448648,2023,5,4,1400,Weekday,2-Car,Incapacitating,FAILURE TO YIELD RIGHT OF WAY,N ROGERS & W 8TH,39.169584,-86.538576
902448725,2023,5,4,700,Weekday,2-Car,No injury/unknown,UNSAFE LANE MOVEMENT,SR37N & VERNAL,39.1807259,-86.55787222
902448732,2023,5,4,1000,Weekday,2-Car,No injury/unknown,IMPROPER TURNING,E 3RD,39.16424,-86.49425989
902448745,2023,5,5,600,Weekday,1-Car,No injury/unknown,ANIMAL/OBJECT IN ROADWAY,SOUTH OLD STATE ROAD 37 & SR37S,39.08660818,-86.54353988
902448765,2023,5,4,1200,Weekday,2-Car,No injury/unknown,FOLLOWING TOO CLOSELY,SR37N & VERNAL,39.17469734,-86.56501204
902448780,2023,5,5,700,Weekday,1-Car,No injury/unknown,,1ST & MORTON,39.159472,-86.536272
902448842,2023,5,4,1200,Weekday,2-Car,No injury/unknown,FAILURE TO YIELD RIGHT OF WAY,CURRY & VERNAL,39.17915985,-86.58308029
902448844,2023,5,5,800,Weekday,2-Car,No injury/unknown,UNSAFE BACKING,JORDAN & WELLS LIBRARY S,0,0
902449156,2023,5,3,2000,Weekday,1-Car,Incapacitating,RAN OFF ROAD RIGHT,OLD STATE ROAD 37 & WILEY,39.251296,-86.500832
902449228,2023,5,2,1500,Weekday,2-Car,Incapacitating,SPEED TOO FAST FOR WEATHER CONDITIONS,CHAPEL & SR446S,39.18135445,-86.40534811
902449487,2023,5,5,2200,Weekday,2-Car,No injury/unknown,UNSAFE BACKING,E 2ND,39.16099191,-86.51598885
902449489,2023,5,5,2100,Weekday,2-Car,Non-incapacitating,FOLLOWING TOO CLOSELY,2ND & SR37S,0,0
902449491,2023,5,5,700,Weekday,2-Car,No injury/unknown,FOLLOWING TOO CLOSELY,SR37 & VERNAL PIKE,39.19513144,-86.56252288
902449496,2023,5,6,0,Weekday,Moped/Motorcycle,Incapacitating,ACCELERATOR FAILURE OR DEFECTIVE,W RAPPEL,39.187683,-86.54618
902449588,2023,5,5,100,Weekday,2-Car,No injury/unknown,FAILURE TO YIELD RIGHT OF WAY,OLD STATE ROAD 37,39.138688,-86.465968
902449700,2023,5,6,1000,Weekday,2-Car,No injury/unknown,UNSAFE BACKING,DUNN & KIRKWOOD,39.16664,-86.52808615
902449804,2023,5,6,1300,Weekday,2-Car,Non-incapacitating,FAILURE TO YIELD RIGHT OF WAY,2ND & WALKER,39.16142978,-86.54614023
902449897,2023,5,6,1900,Weekend,2-Car,Incapacitating,DISREGARD SIGNAL/REG SIGN,2ND & COLLEGE,39.16144,-86.534848
902449919,2023,5,2,1500,Weekday,2-Car,No injury/unknown,FOLLOWING TOO CLOSELY,S FAIRFAX & S WALNUT STREET,39.10715997,-86.52650982
902449920,2023,5,3,1600,Weekday,2-Car,No injury/unknown,LEFT OF CENTER,5200 S HARRELL & MOFFETT,0,0
902449979,2023,5,7,100,Weekend,1-Car,No injury/unknown,ANIMAL/OBJECT IN ROADWAY,E POINTE & POINTE VIEW,39.03492004,-86.50864329
902450078,2023,5,7,900,Weekend,2-Car,No injury/unknown,UNSAFE BACKING,WEST ALLEN,39.155708,-86.548507
902450108,2023,5,7,1200,Weekend,2-Car,No injury/unknown,FOLLOWING TOO CLOSELY,COUNTRY CLUB & ROCKPORT,39.136448,-86.548704
902450202,2023,5,7,1400,Weekend,2-Car,No injury/unknown,DRIVER DISTRACTED - EXPLAIN IN NARRATIVE,SR37 & W 3RD,39.164752,-86.573104
902450355,2023,5,7,1300,Weekend,Pedestrian,Non-incapacitating,PEDESTRIAN ACTION,6TH & GRANT,39.167712,-86.529696
902450425,2023,5,1,700,Weekend,2-Car,No injury/unknown,OTHER (VEHICLE) - EXPLAIN IN NARRATIVE,COUNTRYSIDE,39.132704,-86.544432
902450434,2023,5,1,1000,Weekend,2-Car,No injury/unknown,WRONG WAY ON ONE WAY,ATWATER & MITCHELL,39.16308001,-86.5141797
902450463,2023,5,6,1600,Weekday,2-Car,No injury/unknown,FAILURE TO YIELD RIGHT OF WAY,S CURRY & SR45W,39.142048,-86.582592
902450514,2023,5,1,1200,Weekend,1-Car,Incapacitating,RAN OFF ROAD RIGHT,GROSS & KNIGHTRIDGE,39.12668981,-86.435733
902450585,2023,5,7,1600,Weekend,2-Car,No injury/unknown,BRAKE FAILURE OR DEFECTIVE,S LEONARD SPRINGS,39.142048,-86.582592
902450586,2023,5,1,1500,Weekend,2-Car,No injury/unknown,ENGINE FAILURE OR DEFECTIVE,SR37S & W TAPP,39.13704,-86.572896
902450713,2023,5,1,1200,Weekend,2-Car,No injury/unknown,UNSAFE BACKING,WEST SR 45,39.161296,-86.589792
902450842,2023,5,6,2000,Weekend,2-Car,Incapacitating,FAILURE TO YIELD RIGHT OF WAY,SR37S & WEST SMITHVILLE,39.071056,-86.5356
902450952,2023,5,3,100,Weekday,2-Car,No injury/unknown,UNSAFE BACKING,ALEXANDER & W 11TH,39.173344,-86.549296
902451070,2023,5,1,1200,Weekend,1-Car,No injury/unknown,ANIMAL/OBJECT IN ROADWAY,CO 330 W & S OLD STATE ROAD 37,0,0
902451071,2023,5,3,900,Weekday,1-Car,No injury/unknown,OTHER (ENVIRONMENTAL) - EXPLAIN IN NARR,N COLLEGE,39.168656,-86.534784
902451165,2023,5,3,800,Weekday,2-Car,No injury/unknown,FOLLOWING TOO CLOSELY,N OLD SR 37 & N WALNUT,39.20704,-86.534704
902451187,2023,5,3,900,Weekday,2-Car,Non-incapacitating,FOLLOWING TOO CLOSELY,SMITH & WALNUT,39.17342398,-86.53362974
902451275,2023,5,3,900,Weekday,2-Car,Non-incapacitating,DISREGARD SIGNAL/REG SIGN,CURRY & SR 45,39.142048,-86.582592
902451287,2023,5,3,900,Weekday,2-Car,No injury/unknown,DISREGARD SIGNAL/REG SIGN,GRIMES & WALNUT,39.15335029,-86.53371021
902451323,2023,5,3,900,Weekday,Bus,No injury/unknown,FAILURE TO YIELD RIGHT OF WAY,LINDBERGH & W 15TH,39.176848,-86.552592
902451601,2023,5,2,1900,Weekday,2-Car,No injury/unknown,FOLLOWING TOO CLOSELY,RAMP 14 & STATE ROAD 45,0,0
902451616,2023,5,3,1600,Weekday,2-Car,No injury/unknown,FOLLOWING TOO CLOSELY,EAST 3RD & PARK RIDGE,39.16424,-86.476096
902451618,2023,5,3,2000,Weekday,2-Car,No injury/unknown,UNSAFE BACKING,E KIRKWOOD,39.16664,-86.52923559
902451635,2023,5,3,1400,Weekday,2-Car,No injury/unknown,FOLLOWING TOO CLOSELY,S PATTERSON & W 2ND,39.16074984,-86.54850997
902451690,2023,5,3,2200,Weekday,2-Car,No injury/unknown,DISREGARD SIGNAL/REG SIGN,CAMPBELL & PARK,39.2291797,-86.61852031
902451734,2023,5,1,300,Weekend,2-Car,No injury/unknown,DRIVER DISTRACTED - EXPLAIN IN NARRATIVE,GRANT & SIXTH,39.16753985,-86.52979016
902451845,2023,5,5,1700,Weekday,Moped/Motorcycle,Incapacitating,OVERCORRECTING/OVERSTEERING,DEPOT & SR46W,39.23006821,-86.61717987
902451870,2023,5,3,1400,Weekday,2-Car,Non-incapacitating,FAILURE TO YIELD RIGHT OF WAY,10TH & CAMPBELL,39.17158999,-86.51394031
902451875,2023,5,4,900,Weekday,2-Car,No injury/unknown,FAILURE TO YIELD RIGHT OF WAY,2ND & S WALNUT,39.16144,-86.5336
902451912,2023,5,4,1000,Weekday,2-Car,No injury/unknown,BRAKE FAILURE OR DEFECTIVE,SR45E & SR46E,39.171648,-86.502096
902452043,2023,5,6,800,Weekday,2-Car,No injury/unknown,FAILURE TO YIELD RIGHT OF WAY,PAUL & SR46W,39.229904,-86.619136
902452142,2023,5,4,1600,Weekday,2-Car,Non-incapacitating,FOLLOWING TOO CLOSELY,S MADISON & W 2ND,39.161488,-86.537296
902452144,2023,5,1,2200,Weekday,2-Car,No injury/unknown,FOLLOWING TOO CLOSELY,SR37N & WAYPORT,39.263024,-86.52264
902452263,2023,5,5,0,Weekday,1-Car,No injury/unknown,ANIMAL/OBJECT IN ROADWAY,611 CHURCH & ROGERS,39.10738864,-86.54138997
902452352,2023,5,5,700,Weekday,2-Car,No injury/unknown,FAILURE TO YIELD RIGHT OF WAY,3RD & CLARIZZ,39.16424,-86.49115281
902452445,2023,5,5,700,Weekday,1-Car,No injury/unknown,DRIVER DISTRACTED - EXPLAIN IN NARRATIVE,SOUTH COLLEGE,39.16115717,-86.53485253
902452446,2023,5,5,700,Weekday,Cyclist,Incapacitating,FAILURE TO YIELD RIGHT OF WAY,N KINSER & W PARRISH,39.188144,-86.5376
902452473,2023,5,5,900,Weekday,1-Car,No injury/unknown,IMPROPER TURNING,WOODSCREST,39.16260391,-86.50236256
902452616,2023,5,5,1200,Weekday,2-Car,No injury/unknown,FOLLOWING TOO CLOSELY,EAST 10TH & INDIANA,39.17168,-86.527024
902452620,2023,5,5,1200,Weekday,2-Car,No injury/unknown,FAILURE TO YIELD RIGHT OF WAY,COTTAGE GROVE & FORREST,39.17252004,-86.5224
902452630,2023,5,5,1100,Weekday,2-Car,No injury/unknown,OTHER (DRIVER) - EXPLAIN IN NARRATIVE,E 3RD & KINGSTON,39.16424,-86.492944
902452704,2023,5,5,1200,Weekday,2-Car,No injury/unknown,UNSAFE BACKING,1201 E 3RD EAST SERVICE & 3RD,39.164448,-86.471888
902452714,2023,5,5,1300,Weekday,2-Car,No injury/unknown,IMPROPER LANE USAGE,PETE ELLIS & SR46E,39.16424,-86.49455879
902452831,2023,5,4,700,Weekday,1-Car,No injury/unknown,ANIMAL/OBJECT IN ROADWAY,E SMITHVILLE & S FIDLER,39.0710903,-86.50876515