Master Record Number,Year,Month,Day,Hour,Weekend,Collision Type,Injury Type,Primary Factor,Reported_Location,Latitude,Longitude
902452872,2023,5,5,2000,Weekday,2-Car,No injury/unknown,OTHER (DRIVER) - EXPLAIN IN NARRATIVE,DUNN & KIRKWOOD,39.16664,-86.52925047
902452873,2023,5,5,1400,Weekday,2-Car,No injury/unknown,IMPROPER TURNING,10TH & COLLEGE,39.171744,-86.534768
902452896,2023,5,5,1600,Weekday,2-Car,No injury/unknown,FAILURE TO YIELD RIGHT OF WAY,E HILLSIDE & S WASHINGTON,39.15056,-86.5324
902452901,2023,5,5,1600,Weekday,2-Car,Non-incapacitating,DISREGARD SIGNAL/REG SIGN,E 6TH & N WALNUT,39.167648,-86.533584
902452955,2023,5,5,2300,Weekday,1-Car,No injury/unknown,IMPROPER TURNING,WOODSCREST,39.16260391,-86.50236256
902452971,2023,5,5,2200,Weekday,2-Car,No injury/unknown,FOLLOWING TOO CLOSELY,45 46 BYPASS & WALNUT,39.18637969,-86.53453968
902491808,2023,7,6,900,Weekday,2-Car,No injury/unknown,FAILURE TO YIELD RIGHT OF WAY,3RD & GRANT,39.16464,-86.529728
902491888,2023,7,6,1000,Weekday,2-Car,No injury/unknown,DRIVER DISTRACTED - EXPLAIN IN NARRATIVE,LAKE VIEW & SR46W,39.22571945,-86.60507861
902491899,2023,7,6,1000,Weekday,2-Car,No injury/unknown,DISREGARD SIGNAL/REG SIGN,3RD & WALNUT,39.16464,-86.5336
902492137,2023,7,4,800,Weekday,2-Car,No injury/unknown,DRIVER DISTRACTED - EXPLAIN IN NARRATIVE,ARLINGTON & SR46W,39.20909594,-86.58159662
902492138,2023,7,4,1200,Weekday,2-Car,Non-incapacitating,DRIVER ILLNESS,BOTTOM & SR37N,39.28170383,-86.55792236
902492139,2023,7,4,1500,Weekday,2-Car,No injury/unknown,FAILURE TO YIELD RIGHT OF WAY,SR37S & W FULLERTON,0,0
902492140,2023,7,5,1700,Weekday,2-Car,No injury/unknown,FOLLOWING TOO CLOSELY,ACUFF & SR37N,39.20824,-86.554704
902492254,2023,7,6,1300,Weekday,2-Car,No injury/unknown,UNSAFE BACKING,E 10TH,39.171504,-86.49504533
902492276,2023,7,6,1700,Weekday,2-Car,No injury/unknown,FAILURE TO YIELD RIGHT OF WAY,N FAIRVIEW & W 11TH,39.173152,-86.5408
902492349,2023,7,6,1600,Weekday,2-Car,No injury/unknown,IMPROPER TURNING,E 3RD & JORDAN,0,0
902492352,2023,7,6,1700,Weekday,2-Car,No injury/unknown,UNSAFE BACKING,E VARSITY,39.183132,-86.531143
902492362,2023,7,6,1900,Weekend,2-Car,No injury/unknown,FOLLOWING TOO CLOSELY,LEONARD SPRINGS & TAPP,39.13704,-86.582512
902492368,2023,7,6,2000,Weekend,2-Car,Non-incapacitating,DISREGARD SIGNAL/REG SIGN,SR37 & WEST 3RD,39.164752,-86.573104
902492433,2023,7,6,2300,Weekend,2-Car,No injury/unknown,,ALLEY & W EVENTIDE,0,0
902492435,2023,8,7,300,Weekend,1-Car,No injury/unknown,ANIMAL/OBJECT IN ROADWAY,DILLMAN & OLD STATE ROAD 37,39.092944,-86.544
902492510,2023,8,7,900,Weekend,2-Car,No injury/unknown,FOLLOWING TOO CLOSELY,SR37N & VERNAL,39.176544,-86.5624
902492516,2023,7,6,1200,Weekday,2-Car,No injury/unknown,FAILURE TO YIELD RIGHT OF WAY,W 2ND,39.16144727,-86.53510982
902492524,2023,7,5,2200,Weekday,Moped/Motorcycle,Non-incapacitating,ROADWAY SURFACE CONDITION,SOUTH OLD STATE ROAD 37 & SR37,39.08590789,-86.54269661
902492537,2023,8,7,1000,Weekend,2-Car,No injury/unknown,OTHER (DRIVER) - EXPLAIN IN NARRATIVE,SR37N & STONE MILL,0,0
902492538,2023,8,7,1200,Weekend,2-Car,No injury/unknown,,MULLER,39.16180998,-86.56743228
902492570,2023,8,7,1300,Weekend,2-Car,No injury/unknown,IMPROPER TURNING,N COLLEGE & W 10TH,39.171744,-86.534768
902492579,2023,8,7,1300,Weekend,2-Car,No injury/unknown,UNSAFE LANE MOVEMENT,E 3RD & S COLLEGE MALL,39.16424,-86.4984
902492592,2023,7,5,1600,Weekday,2-Car,No injury/unknown,FAILURE TO YIELD RIGHT OF WAY,RIDGEWAY & SR46W,39.24266815,-86.61257171
902492698,2023,8,7,1800,Weekend,3+ Cars,Non-incapacitating,FOLLOWING TOO CLOSELY,SR37S & W VERNAL,39.17662048,-86.56252288
902492778,2023,8,1,300,Weekend,1-Car,No injury/unknown,RAN OFF ROAD RIGHT,4310 LEONARD SPRINGS & HORNED OWL,39.123908,-86.586418
902492846,2023,8,7,1200,Weekend,2-Car,No injury/unknown,OTHER (DRIVER) - EXPLAIN IN NARRATIVE,JACOB,0,0
902492878,2023,8,7,900,Weekend,1-Car,No injury/unknown,ANIMAL/OBJECT IN ROADWAY,OLD STATE ROAD 37 & PRAIRIE,39.22182884,-86.51295095
902492879,2023,8,1,900,Weekend,2-Car,No injury/unknown,FOLLOWING TOO CLOSELY,SMITH & WOODYARD,0,0
902492880,2023,8,1,1000,Weekend,2-Car,No injury/unknown,OTHER (ENVIRONMENTAL) - EXPLAIN IN NARR,ANDY & NATASHA,39.20144968,-86.58831998
902492886,2023,8,1,700,Weekend,1-Car,No injury/unknown,RAN OFF ROAD RIGHT,37 & DEPOT HILL,39.01436996,-86.53695699
902492905,2023,8,1,1300,Weekend,2-Car,Non-incapacitating,DISREGARD SIGNAL/REG SIGN,S ROGERS & W 2ND,39.16140027,-86.53867028
902492942,2023,7,7,2200,Weekend,2-Car,No injury/unknown,FAILURE TO YIELD RIGHT OF WAY,PAYNETOWN STATE RECREATION & SR446S,39.092112,-86.422832
902492976,2023,8,1,1500,Weekend,2-Car,Non-incapacitating,FOLLOWING TOO CLOSELY,MATTHEWS & SR46W,39.23486597,-86.62650775
902493088,2023,8,7,1500,Weekend,2-Car,No injury/unknown,UNSAFE BACKING,S LEONARD SPRINGS,39.14187494,-86.58259037
902493089,2023,7,5,2200,Weekday,1-Car,No injury/unknown,UNSAFE SPEED,SOUTH RENDY & WEST ELLER,39.122208,-86.615792
902493090,2023,7,3,1700,Weekday,2-Car,No injury/unknown,FAILURE TO YIELD RIGHT OF WAY,LEONARD SPRINGS & WALNUT LEAF,39.14072278,-86.5825795
902493091,2023,7,5,1500,Weekday,2-Car,No injury/unknown,UNSAFE BACKING,MOFFETT & ORNAMENTAL,39.09497964,-86.50345019
902493093,2023,8,7,1400,Weekend,Pedestrian,No injury/unknown,OTHER (VEHICLE) - EXPLAIN IN NARRATIVE,W AIRPORT,39.136848,-86.606
902493135,2023,8,1,2200,Weekday,1-Car,Incapacitating,RAN OFF ROAD RIGHT,EAST BOLTINGHOUSE,39.22621155,-86.47346496
902493439,2023,8,2,1200,Weekday,2-Car,No injury/unknown,OTHER (DRIVER) - EXPLAIN IN NARRATIVE,S LIBERTY & W 3RD,39.16461021,-86.57913006
902493516,2023,8,2,600,Weekday,1-Car,No injury/unknown,ANIMAL/OBJECT IN ROADWAY,GORE & OLD STATE ROAD 37,39.032544,-86.541696
902493546,2023,8,2,1300,Weekday,1-Car,No injury/unknown,OTHER (DRIVER) - EXPLAIN IN NARRATIVE,1600 N FEE (PLAZA) & FEE,39.171584,-86.518688
902493818,2023,8,1,0,Weekend,2-Car,No injury/unknown,,S COBBLE CREEK,39.15320206,-86.48282623
902493855,2023,8,2,1400,Weekday,2-Car,No injury/unknown,FAILURE TO YIELD RIGHT OF WAY,ISAAC & PATTERSON,0,0
902493903,2023,8,2,1600,Weekday,2-Car,Non-incapacitating,FAILURE TO YIELD RIGHT OF WAY,HILLSIDE & WALNUT,39.15051989,-86.53366997
902493910,2023,8,2,1300,Weekday,2-Car,No injury/unknown,IMPROPER LANE USAGE,S COLLEGE & W 4TH,39.16558988,-86.53488971
902493923,2023,8,2,2000,Weekday,1-Car,Non-incapacitating,ANIMAL/OBJECT IN ROADWAY,SR37N & WALNUT,39.250688,-86.529744
902493983,2023,8,1,1900,Weekday,1-Car,Non-incapacitating,RAN OFF ROAD RIGHT,REEVES & TERRY,39.231312,-86.637488
902493994,2023,8,1,2300,Weekday,1-Car,Non-incapacitating,RAN OFF ROAD RIGHT,E MONROE DAM,39.010368,-86.507216
902494027,2023,7,6,2100,Weekend,2-Car,No injury/unknown,FAILURE TO YIELD RIGHT OF WAY,KIRKWOOD & WALNUT,39.16664,-86.5336
902494036,2023,8,2,2300,Weekday,1-Car,No injury/unknown,DISREGARD SIGNAL/REG SIGN,7TH & ADAMS,39.168576,-86.5496
902494195,2023,7,1,1300,Weekend,1-Car,No injury/unknown,RAN OFF ROAD RIGHT,MAPLE GROVE,39.24498749,-86.63020324
902494196,2023,8,3,700,Weekday,2-Car,No injury/unknown,FAILURE TO YIELD RIGHT OF WAY,E VERMILYA & S WALNUT,0,0
902494297,2023,8,3,800,Weekday,2-Car,No injury/unknown,LEFT OF CENTER,ANDERSON & N BEAN BLOSSOM,0,0
902494347,2023,8,2,1900,Weekday,2-Car,No injury/unknown,FAILURE TO YIELD RIGHT OF WAY,SOUTH MADISON & WEST KIRKWOOD,39.166656,-86.537296
902494353,2023,8,3,1200,Weekday,2-Car,Non-incapacitating,FOLLOWING TOO CLOSELY,COLLEGE MALL & KROGER WEST DRIVE,0,0
902494535,2023,8,2,900,Weekday,2-Car,No injury/unknown,FOLLOWING TOO CLOSELY,ARLINGTON & SR46,39.187184,-86.551408
902494609,2023,8,3,1400,Weekday,2-Car,Non-incapacitating,FOLLOWING TOO CLOSELY,BLOOMFIELD & STONE,39.15317955,-86.56602949
902494754,2023,8,4,300,Weekday,1-Car,No injury/unknown,RAN OFF ROAD RIGHT,NORTH OAK & WEST KIRKWOOD,39.166784,-86.5468
902494889,2023,8,4,600,Weekday,1-Car,No injury/unknown,ANIMAL/OBJECT IN ROADWAY,FAIRFAX & OLD STATE ROAD 37,0,0
902494892,2023,8,4,800,Weekday,2-Car,No injury/unknown,OTHER (DRIVER) - EXPLAIN IN NARRATIVE,45,39.16424,-86.49268147
902495048,2023,8,4,1100,Weekday,2-Car,No injury/unknown,OTHER (DRIVER) - EXPLAIN IN NARRATIVE,HAWTHORNE & KIRKWOOD,0,0
902495064,2023,8,3,1500,Weekday,2-Car,Non-incapacitating,DISREGARD SIGNAL/REG SIGN,OLD 37 & W CHURCH,39.10725988,-86.53149001
902495133,2023,8,4,1500,Weekday,2-Car,No injury/unknown,IMPROPER PASSING,WINDING,0,0
902495210,2023,8,4,1500,Weekday,Bus,No injury/unknown,UNSAFE BACKING,CUSTER & TECUMSEH,39.221952,-86.626352
902495211,2023,8,4,1600,Weekday,2-Car,No injury/unknown,IMPROPER TURNING,LOUDEN & REEVES,39.231344,-86.640096
902495263,2023,8,2,2300,Weekday,2-Car,No injury/unknown,OTHER (VEHICLE) - EXPLAIN IN NARRATIVE,WAYPORT,39.26361084,-86.5217514
902503983,2023,8,5,1700,Weekday,2-Car,No injury/unknown,IMPROPER TURNING,E 10TH,39.17149326,-86.51131082
902504012,2023,8,5,1700,Weekday,2-Car,No injury/unknown,IMPROPER TURNING,E 9TH & N COLLEGE,39.17045112,-86.53484836
902504120,2023,8,5,2300,Weekday,Moped/Motorcycle,Non-incapacitating,ANIMAL/OBJECT IN ROADWAY,COUNTYLINE & REEVES,0,0
902504147,2023,8,4,1200,Weekday,2-Car,No injury/unknown,IMPROPER TURNING,E 3RD,39.16456,-86.5550845
902504159,2023,8,5,1100,Weekday,2-Car,No injury/unknown,OTHER (DRIVER) - EXPLAIN IN NARRATIVE,SOUTH WALNUT,39.13432546,-86.52733091
902504182,2023,8,4,700,Weekday,2-Car,No injury/unknown,FAILURE TO YIELD RIGHT OF WAY,THAT & VICTOR,39.11464,-86.5464
902504183,2023,8,5,800,Weekday,2-Car,No injury/unknown,FAILURE TO YIELD RIGHT OF WAY,N MATTHEWS & W MAPLE GROVE,39.245408,-86.6204
902504204,2023,8,6,900,Weekday,1-Car,No injury/unknown,OTHER (DRIVER) - EXPLAIN IN NARRATIVE,W 3RD ST,39.16424,-86.4908
902504208,2023,7,7,1000,Weekend,2-Car,Non-incapacitating,DISREGARD SIGNAL/REG SIGN,COLLEGE & KIRKWOOD,39.16664,-86.5348
902504222,2023,8,6,700,Weekday,3+ Cars,No injury/unknown,FAILURE TO YIELD RIGHT OF WAY,ON RAMP TO NB SR 37 & SR 45,0,0
902504223,2023,8,6,900,Weekday,Cyclist,Incapacitating,FAILURE TO YIELD RIGHT OF WAY,298 W COUNTRY CLUB & S MADISON,39.136524,-86.53554796
902504233,2023,8,6,900,Weekday,2-Car,No injury/unknown,OTHER (DRIVER) - EXPLAIN IN NARRATIVE,EAST 3RD,39.16464,-86.569392
902504329,2023,8,6,1100,Weekday,2-Car,No injury/unknown,UNSAFE LANE MOVEMENT,E 13TH,39.17528947,-86.52226906
902504335,2023,8,6,800,Weekday,2-Car,No injury/unknown,FAILURE TO YIELD RIGHT OF WAY,W 15TH,39.176848,-86.552592
902504344,2023,8,6,200,Weekday,2-Car,No injury/unknown,,VARSITY,39.18330765,-86.52940368
902504365,2023,8,6,1300,Weekday,2-Car,No injury/unknown,IMPROPER PASSING,E 3RD & OVERHILL,39.164272,-86.501488
902504376,2023,8,6,1100,Weekday,2-Car,Incapacitating,FOLLOWING TOO CLOSELY,E 3RD & SO JEFFERSON,39.164304,-86.506992
902504429,2023,8,6,1400,Weekday,2-Car,Incapacitating,FAILURE TO YIELD RIGHT OF WAY,3RD & GRANT,39.16464,-86.529728
902504443,2023,8,6,1500,Weekday,2-Car,No injury/unknown,FOLLOWING TOO CLOSELY,ATWATER & FESS,39.163328,-86.525808
902504579,2023,8,6,1700,Weekday,3+ Cars,No injury/unknown,FOLLOWING TOO CLOSELY,SOUTH HICKORY LEAF & SR45W,39.145152,-86.5776
902504603,2023,8,6,1700,Weekday,2-Car,Non-incapacitating,FOLLOWING TOO CLOSELY,E 3RD & SOUTH COLLEGE MALL,39.16424,-86.4984
902504609,2023,8,6,2100,Weekend,3+ Cars,Non-incapacitating,FOLLOWING TOO CLOSELY,17TH & 45 46,0,0
902504613,2023,8,4,1400,Weekday,2-Car,No injury/unknown,UNSAFE BACKING,W FULLERTON,39.123376,-86.58224
902504614,2023,8,4,1900,Weekday,1-Car,Non-incapacitating,RAN OFF ROAD RIGHT,LEISURE & S FAIRFAX,39.07247968,-86.50356017
902504615,2023,8,5,1600,Weekday,2-Car,No injury/unknown,,S LEONARD SPRINGS & SR45W,39.14145928,-86.58418054
902504616,2023,8,5,1600,Weekday,1-Car,No injury/unknown,RAN OFF ROAD RIGHT,MONROE DAM & TAILWATER,0,0
902504619,2023,8,6,1300,Weekday,1-Car,No injury/unknown,RAN OFF ROAD RIGHT,HIGH & ROGERS,39.13642257,-86.50816967
902504639,2023,8,5,1600,Weekday,1-Car,No injury/unknown,IMPROPER TURNING,S WALNUT,39.15422171,-86.5336
902504667,2023,8,6,2300,Weekend,2-Car,No injury/unknown,IMPROPER TURNING,INDIANA & KIRKWOOD,39.16691459,-86.52690396
902504673,2023,8,7,300,Weekend,2-Car,No injury/unknown,FAILURE TO YIELD RIGHT OF WAY,3RD & GRANT,39.16464,-86.529728
902504684,2023,8,6,2200,Weekend,2-Car,No injury/unknown,OTHER (DRIVER) - EXPLAIN IN NARRATIVE,EAST 3RD,39.164752,-86.573104
902504686,2023,8,6,1200,Weekday,Bus,No injury/unknown,OTHER (DRIVER) - EXPLAIN IN NARRATIVE,E 3RD & S COLLEGE MALL,39.16424,-86.4984
902504709,2023,8,6,1200,Weekday,2-Car,Non-incapacitating,FAILURE TO YIELD RIGHT OF WAY,17TH & COLLEGE,39.17874028,-86.53472169
902504744,2023,8,7,1000,Weekend,2-Car,No injury/unknown,UNSAFE LANE MOVEMENT,N WALNUT & W 9TH,39.170544,-86.533536
902504760,2023,8,7,1200,Weekend,2-Car,No injury/unknown,FAILURE TO YIELD RIGHT OF WAY,NORTH & S HENDERSON,39.144848,-86.526848
902504770,2023,8,6,1700,Weekday,2-Car,No injury/unknown,FOLLOWING TOO CLOSELY,SR4546E & WALNUT,39.186368,-86.5344
902504861,2023,8,7,1700,Weekend,3+ Cars,No injury/unknown,FOLLOWING TOO CLOSELY,3RD & WOODLAWN,39.16438903,-86.52382592
902504879,2023,8,7,1800,Weekend,2-Car,No injury/unknown,UNSAFE BACKING,S WALNUT,39.170544,-86.533536
902504907,2023,8,7,1700,Weekend,2-Car,No injury/unknown,FAILURE TO YIELD RIGHT OF WAY,1609 S ROGERS & HILLSIDE,39.15064,-86.538592
902504908,2023,8,6,2200,Weekend,2-Car,No injury/unknown,FAILURE TO YIELD RIGHT OF WAY,E 17TH & N DUNN,39.17904,-86.5284
902504915,2023,8,7,1500,Weekend,2-Car,No injury/unknown,OTHER (DRIVER) - EXPLAIN IN NARRATIVE,W TIMBERS,0,0
902504945,2023,8,7,2300,Weekend,2-Car,No injury/unknown,FAILURE TO YIELD RIGHT OF WAY,3RD & WASHINGTON,39.16464,-86.5324
902504952,2023,8,7,2200,Weekend,Pedestrian,Non-incapacitating,PEDESTRIAN ACTION,NORTH WALNUT,39.18354797,-86.53302764
902505057,2023,8,7,1000,Weekend,2-Car,No injury/unknown,FOLLOWING TOO CLOSELY,OLD SR 37 & WALNUT,39.20704,-86.534704
902505058,2023,8,1,1200,Weekend,2-Car,No injury/unknown,UNSAFE BACKING,S WALNUT,39.13736,-86.529904
902505059,2023,8,1,900,Weekend,Cyclist,Incapacitating,FAILURE TO YIELD RIGHT OF WAY,HILLSIDE & NANCY,39.150544,-86.511088
902452977,2023,5,4,600,Weekday,1-Car,No injury/unknown,ANIMAL/OBJECT IN ROADWAY,HINDS & SR45W,39.09640983,-86.6577342
902453029,2023,5,5,800,Weekday,2-Car,No injury/unknown,FOLLOWING TOO CLOSELY,GRAND & PROFILE,39.16658968,-86.59259006
902453030,2023,5,5,1200,Weekday,2-Car,Incapacitating,FAILURE TO YIELD RIGHT OF WAY,SMITHVILLE & SR37S,39.16424,-86.480688
902453031,2023,5,5,1400,Weekday,2-Car,Non-incapacitating,FOLLOWING TOO CLOSELY,OLD STATE ROAD 37 & ROGERS,39.06392008,-86.54097028
902453074,2023,5,5,1400,Weekday,1-Car,Incapacitating,RAN OFF ROAD RIGHT,SR446 & WALDRIP CREEK,39.26987834,-86.42356109
902453297,2023,5,6,600,Weekday,2-Car,No injury/unknown,OTHER (DRIVER) - EXPLAIN IN NARRATIVE,N MAPLE,39.17666426,-86.542096
902453378,2023,5,6,1100,Weekday,2-Car,No injury/unknown,IMPROPER PASSING,E 3RD,39.16424,-86.4939483
902453424,2023,5,6,1200,Weekday,3+ Cars,No injury/unknown,FOLLOWING TOO CLOSELY,4TH & WALNUT,39.165648,-86.5336
902453565,2023,5,6,1300,Weekday,1-Car,No injury/unknown,DRIVER DISTRACTED - EXPLAIN IN NARRATIVE,ASHWOOD & RIDGEMOOR,0,0
902453579,2023,5,6,1200,Weekday,2-Car,No injury/unknown,UNSAFE SPEED,SR46W & UNION VALLEY,39.215152,-86.5928
902453660,2023,5,6,1500,Weekday,2-Car,Incapacitating,FOLLOWING TOO CLOSELY,SR37 & W VERNAL,39.176544,-86.5624
902453685,2023,5,6,1200,Weekday,2-Car,No injury/unknown,UNSAFE BACKING,SOUTH WALNUT,39.189968,-86.533232
902453704,2023,5,6,1300,Weekday,2-Car,Non-incapacitating,FAILURE TO YIELD RIGHT OF WAY,EAST WILSON & SOUTH WALNUT,39.15149164,-86.5336867
902453817,2023,5,5,1600,Weekday,1-Car,No injury/unknown,RAN OFF ROAD RIGHT,W DILLMAN,39.09292884,-86.54846101
902453877,2023,5,7,800,Weekend,2-Car,Non-incapacitating,FOLLOWING TOO CLOSELY,E MILLER & S WALNUT,39.14689019,-86.53265006
902453927,2023,5,7,1200,Weekend,2-Car,No injury/unknown,DISREGARD SIGNAL/REG SIGN,S COLLEGE & W 3RD,39.16464,-86.534816
902453981,2023,5,7,1400,Weekend,3+ Cars,No injury/unknown,FOLLOWING TOO CLOSELY,HENDERSON & HILLSIDE,39.15064,-86.52696
902454028,2023,5,7,1200,Weekend,1-Car,Incapacitating,DRIVER ILLNESS,NORTH JACKSON & WEST 17TH,39.179024,-86.539616
902454085,2023,5,7,1600,Weekend,2-Car,No injury/unknown,SPEED TOO FAST FOR WEATHER CONDITIONS,W HEATHERWOOD,39.126592,-86.59038848
902454097,2023,5,5,1600,Weekday,2-Car,No injury/unknown,UNSAFE BACKING,W JACOB,39.1652565,-86.57553863
902454109,2023,5,7,1400,Weekend,1-Car,No injury/unknown,SPEED TOO FAST FOR WEATHER CONDITIONS,HIGH & WINSLOW,39.136144,-86.50844867
902454237,2023,5,7,1000,Weekend,2-Car,No injury/unknown,FAILURE TO YIELD RIGHT OF WAY,S COLLEGE MALL,39.15412578,-86.49786768
902454243,2023,5,7,1200,Weekend,2-Car,No injury/unknown,FOLLOWING TOO CLOSELY,S EUCLID & W 2ND,39.16141972,-86.54334422
902454278,2023,5,7,1300,Weekend,1-Car,No injury/unknown,ANIMAL/OBJECT IN ROADWAY,HARVEST & UNION VALLEY,39.22100907,-86.59268176
902454301,2023,5,1,1000,Weekend,Moped/Motorcycle,Incapacitating,ANIMAL/OBJECT IN ROADWAY,BROWN COUNTY LINE & SR46E,39.15287018,-86.37071228
902454302,2023,5,1,100,Weekend,2-Car,No injury/unknown,FAILURE TO YIELD RIGHT OF WAY,ROCKPORT & SR37S,39.03565979,-86.61312103
902454321,2023,5,1,900,Weekend,1-Car,No injury/unknown,OTHER (VEHICLE) - EXPLAIN IN NARRATIVE,S COLLEGE MALL,39.15424374,-86.49787002
902454349,2023,5,1,1200,Weekend,2-Car,No injury/unknown,UNSAFE BACKING,S COPPER BEECH,39.15524058,-86.57162055
902454369,2023,5,1,1200,Weekend,2-Car,Non-incapacitating,DISREGARD SIGNAL/REG SIGN,E 3RD & SO KINGSTON,39.16424,-86.492944
902454374,2023,5,1,1300,Weekend,2-Car,No injury/unknown,IMPROPER LANE USAGE,E 3RD & S KINGSTON,39.16424,-86.492944
902454396,2023,5,7,2100,Weekend,1-Car,No injury/unknown,SPEED TOO FAST FOR WEATHER CONDITIONS,E 3RD & FAIRFAX,39.08120867,-86.51514413
902454397,2023,5,7,2200,Weekend,1-Car,No injury/unknown,SPEED TOO FAST FOR WEATHER CONDITIONS,SMITHVILLE & ZIKES,39.07066347,-86.52928133
902454417,2023,5,7,2000,Weekend,1-Car,No injury/unknown,SPEED TOO FAST FOR WEATHER CONDITIONS,BROWN CO LINE & SR46E,0,0
902454475,2023,5,1,1700,Weekend,3+ Cars,Incapacitating,BRAKE FAILURE OR DEFECTIVE,N STATE ROAD 37 & W 3RD,39.16445009,-86.57303835
902454586,2023,6,2,100,Weekday,1-Car,Incapacitating,DRIVER ILLNESS,E 10TH & SR46,39.1711361,-86.50184005
902454594,2023,6,2,200,Weekday,2-Car,No injury/unknown,FAILURE TO YIELD RIGHT OF WAY,10TH & SR46S,39.171648,-86.502096
902454705,2023,5,7,2100,Weekend,1-Car,No injury/unknown,SPEED TOO FAST FOR WEATHER CONDITIONS,E 3RD & FAIRFAX,39.08120867,-86.51514413
902454706,2023,5,1,1200,Weekend,2-Car,No injury/unknown,FOLLOWING TOO CLOSELY,SR37N & VERNAL,39.2506643,-86.56252288
902454854,2023,5,6,400,Weekday,Pedestrian,Non-incapacitating,UNSAFE BACKING,S ODELL,39.1264008,-86.52882926
902455021,2023,6,2,1400,Weekday,3+ Cars,No injury/unknown,FOLLOWING TOO CLOSELY,3RD & WOODSCREST,39.16426617,-86.50241024
902455113,2023,6,2,1400,Weekday,2-Car,Non-incapacitating,FAILURE TO YIELD RIGHT OF WAY,LEONARD SPRINGS & TAPP,39.13704,-86.582512
902455145,2023,6,2,1300,Weekday,2-Car,Non-incapacitating,FOLLOWING TOO CLOSELY,E 3RD & S WOODSCREST,39.16427024,-86.50241017
902455179,2023,6,2,1700,Weekday,2-Car,Non-incapacitating,FOLLOWING TOO CLOSELY,HICKORY LEAF & STATE ROAD 45,39.14547579,-86.57703014
902455185,2023,6,2,1800,Weekday,1-Car,No injury/unknown,BRAKE FAILURE OR DEFECTIVE,7TH & WOODLAWN,39.16864,-86.523392
902455192,2023,6,2,1600,Weekday,3+ Cars,No injury/unknown,FOLLOWING TOO CLOSELY,E 2ND & S MORTON,39.161472,-86.53624
902455253,2023,5,7,0,Weekend,2-Car,Non-incapacitating,OVERCORRECTING/OVERSTEERING,SR37N & WEST BURMA,39.31695399,-86.51079025
902455254,2023,5,1,500,Weekend,1-Car,Incapacitating,RAN OFF ROAD RIGHT,EAST OLD MEYERS,39.22659302,-86.49227905
902455256,2023,6,2,2100,Weekday,2-Car,No injury/unknown,FOLLOWING TOO CLOSELY,45 46 & SR37N,39.17571044,-86.52841186
902455258,2023,6,2,2200,Weekday,3+ Cars,Non-incapacitating,DRIVER DISTRACTED - EXPLAIN IN NARRATIVE,VERMILYA & WALNUT,39.148928,-86.53312
902455288,2023,6,3,200,Weekday,1-Car,No injury/unknown,ANIMAL/OBJECT IN ROADWAY,SOUTH BREEDEN & WEST GRAVES,39.058176,-86.671264
902455313,2023,6,2,1300,Weekday,2-Car,No injury/unknown,FOLLOWING TOO CLOSELY,S EUCLID & W 2ND,39.1616,-86.543296
902455549,2023,6,2,2200,Weekday,2-Car,No injury/unknown,OTHER (DRIVER) - EXPLAIN IN NARRATIVE,W AMARY,0,0
902455618,2023,6,3,1400,Weekday,2-Car,Incapacitating,FAILURE TO YIELD RIGHT OF WAY,MILLER & WALNUT,39.14640902,-86.53238389
902455693,2023,6,3,1600,Weekday,2-Car,No injury/unknown,FAILURE TO YIELD RIGHT OF WAY,3RD & CURRY,39.16463589,-86.58290999
902455746,2023,6,3,1600,Weekday,2-Car,Non-incapacitating,UNSAFE LANE MOVEMENT,DEBORAH & TAPP,39.13666025,-86.56786595
902455799,2023,6,3,1900,Weekday,2-Car,Incapacitating,DISREGARD SIGNAL/REG SIGN,EAST THIRD & INDIANA,39.164448,-86.5268
902455805,2023,6,2,2200,Weekday,1-Car,No injury/unknown,ANIMAL/OBJECT IN ROADWAY,SR37S & ZIKES,39.04918134,-86.53588594
902455806,2023,6,3,2100,Weekday,1-Car,No injury/unknown,ANIMAL/OBJECT IN ROADWAY,SR37 & SR46W,39.19434263,-86.55483577
902455887,2023,6,3,2200,Weekday,Moped/Motorcycle,Fatal,RAN OFF ROAD RIGHT,SR37S & STATE ROAD 45,39.25213398,-86.57504272
902455905,2023,6,3,1600,Weekday,2-Car,Incapacitating,FAILURE TO YIELD RIGHT OF WAY,S WEIMER & W BLOOMFIELD,39.15424012,-86.56434975
902455961,2023,6,2,1100,Weekday,1-Car,No injury/unknown,SPEED TOO FAST FOR WEATHER CONDITIONS,FAIRFAX & SCHACHT,39.10692427,-86.52339312
902456014,2023,6,4,2200,Weekday,2-Car,No injury/unknown,,4TH & ELM,39.16566968,-86.54531442
902456127,2023,6,4,1200,Weekday,2-Car,Non-incapacitating,UNSAFE SPEED,RHORER & WALNUT,39.12144,-86.526496
902456147,2023,6,3,1600,Weekday,2-Car,No injury/unknown,,SOUTH STATE ROAD 46,39.206312,-86.571312
902456473,2023,6,5,700,Weekday,1-Car,No injury/unknown,ANIMAL/OBJECT IN ROADWAY,SR46 & SR46E,39.15259324,-86.36949113
902456535,2023,5,7,1200,Weekend,2-Car,No injury/unknown,FAILURE TO YIELD RIGHT OF WAY,RYAN & TULIP,39.12923992,-86.54164016
902456609,2023,6,5,1000,Weekday,2-Car,No injury/unknown,IMPROPER TURNING,W WHITEHALL CROSSING,39.17259598,-86.57152557
902456631,2023,6,5,1100,Weekday,3+ Cars,Non-incapacitating,FAILURE TO YIELD RIGHT OF WAY,INDUSTRIAL & SR45W,39.14393997,-86.58203887
902456633,2023,6,5,1200,Weekday,2-Car,No injury/unknown,OTHER (DRIVER) - EXPLAIN IN NARRATIVE,FAIRVIEW & WEST KIRKWOOD,39.166704,-86.5408