Master Record Number,Year,Month,Day,Hour,Weekend,Collision Type,Injury Type,Primary Factor,Reported_Location,Latitude,Longitude
902468614,2023,6,3,1800,Weekday,2-Car,No injury/unknown,IMPROPER TURNING,S BRANDON,0,0
902468642,2023,6,3,1700,Weekday,2-Car,No injury/unknown,FAILURE TO YIELD RIGHT OF WAY,S LIBERTY & W 3RD,39.16461021,-86.57913006
902468808,2023,6,4,400,Weekday,1-Car,No injury/unknown,LEFT OF CENTER,MOORES & SR 446,39.15035024,-86.47130328
902468816,2023,6,3,1300,Weekday,2-Car,No injury/unknown,OTHER (DRIVER) - EXPLAIN IN NARRATIVE,W 11TH,39.173344,-86.544272
902468826,2023,6,4,600,Weekday,2-Car,No injury/unknown,LEFT OF CENTER,DUNLAP & SR45W,39.119344,-86.618896
902469049,2023,6,4,1800,Weekday,2-Car,No injury/unknown,UNSAFE BACKING,WEST 2ND,39.16026688,-86.54013824
902469071,2023,6,4,900,Weekday,3+ Cars,No injury/unknown,OTHER (DRIVER) - EXPLAIN IN NARRATIVE,2ND & MORTON,39.16139022,-86.53630994
902469266,2023,6,3,1600,Weekday,2-Car,No injury/unknown,FAILURE TO YIELD RIGHT OF WAY,LIBERTY & W 3RD,39.16461021,-86.57908677
902469274,2023,6,4,1600,Weekday,1-Car,Non-incapacitating,OTHER (DRIVER) - EXPLAIN IN NARRATIVE,E 3RD,39.16464,-86.56913891
902469294,2023,6,4,1600,Weekday,2-Car,No injury/unknown,UNSAFE BACKING,N GATES,0,0
902469329,2023,6,4,1600,Weekday,2-Car,No injury/unknown,DISREGARD SIGNAL/REG SIGN,MATTHEWS & SR46W,39.234768,-86.626384
902469450,2023,6,4,2200,Weekday,2-Car,No injury/unknown,LEFT OF CENTER,GLASCOW,0,0
902469466,2023,6,4,1000,Weekday,2-Car,No injury/unknown,FOLLOWING TOO CLOSELY,E 3RD & S SMITH,39.16424,-86.480688
902469517,2023,6,5,800,Weekday,2-Car,No injury/unknown,FOLLOWING TOO CLOSELY,3RD & SMITH,39.16424,-86.480688
902469565,2023,6,7,0,Weekend,1-Car,No injury/unknown,OVERCORRECTING/OVERSTEERING,FRIENDSHIP & GROSS,39.14029031,-86.4023659
902469598,2023,6,5,800,Weekday,1-Car,Non-incapacitating,SPEED TOO FAST FOR WEATHER CONDITIONS,DUNN & SR37N,39.18363953,-86.52836915
902469663,2023,6,5,700,Weekday,2-Car,No injury/unknown,FOLLOWING TOO CLOSELY,FEE & SR46E,39.186032,-86.51984
902469734,2023,6,5,1400,Weekday,2-Car,No injury/unknown,FAILURE TO YIELD RIGHT OF WAY,S COLLEGE & W KIRKWOOD,39.16664,-86.5348
902469764,2023,6,5,1400,Weekday,2-Car,No injury/unknown,FOLLOWING TOO CLOSELY,SR37S & VERNAL,39.176544,-86.5624
902469797,2023,6,5,1400,Weekday,1-Car,No injury/unknown,RAN OFF ROAD RIGHT,SR37S & SR46W,39.194144,-86.554592
902469907,2023,6,4,1900,Weekday,2-Car,Non-incapacitating,FAILURE TO YIELD RIGHT OF WAY,N STARNES & W RATLIFF,39.2168697,-86.65871992
902469908,2023,6,7,2100,Weekend,1-Car,No injury/unknown,OVERCORRECTING/OVERSTEERING,S GARRISON CHAPEL & SR48W,39.16620381,-86.65587519
902469920,2023,6,5,1800,Weekday,1-Car,No injury/unknown,RAN OFF ROAD RIGHT,E COLLINS & N MT GILEAD,39.1958089,-86.44152
902469953,2023,6,6,0,Weekday,1-Car,No injury/unknown,SPEED TOO FAST FOR WEATHER CONDITIONS,S LEONARD SPRINGS & W LIZZY,39.1987365,-86.59514017
902470049,2023,6,5,800,Weekday,2-Car,No injury/unknown,FAILURE TO YIELD RIGHT OF WAY,MONROE PARK & THAT,0,0
902470235,2023,6,6,1000,Weekday,2-Car,Non-incapacitating,TIRE FAILURE OR DEFECTIVE,PATTERSON & ROGERS,39.15379018,-86.53874142
902470350,2023,6,6,1200,Weekday,2-Car,No injury/unknown,FAILURE TO YIELD RIGHT OF WAY,NUCKLES & VERNAL,39.17677,-86.56129002
902470447,2023,6,6,700,Weekday,2-Car,Incapacitating,LEFT OF CENTER,EAST CHAPEL & SR45,0,0
902470498,2023,6,4,800,Weekday,2-Car,No injury/unknown,UNSAFE SPEED,SR37,38.99468154,-86.53719892
902470565,2023,6,6,1400,Weekday,1-Car,No injury/unknown,RAN OFF ROAD RIGHT,WAPPEHANI & WEIMER,39.12284225,-86.56384013
902470580,2023,6,6,1600,Weekday,2-Car,No injury/unknown,FAILURE TO YIELD RIGHT OF WAY,E MAXWELL & S HAWTHORNE,39.157888,-86.520272
902470581,2023,6,6,1500,Weekday,2-Car,Incapacitating,FOLLOWING TOO CLOSELY,S KEGG & W TAPP,0,0
902470596,2023,6,6,1400,Weekday,1-Car,Non-incapacitating,SPEED TOO FAST FOR WEATHER CONDITIONS,11TH & WALNUT,39.173248,-86.533488
902470597,2023,6,6,1500,Weekday,2-Car,No injury/unknown,DISREGARD SIGNAL/REG SIGN,3RD & MAPLE,0,0
902470606,2023,6,6,1800,Weekday,2-Car,No injury/unknown,OTHER (DRIVER) - EXPLAIN IN NARRATIVE,CURRY & GIFFORD,39.156896,-86.582704
902470640,2023,6,6,1600,Weekday,2-Car,No injury/unknown,DISREGARD SIGNAL/REG SIGN,E 3RD & S WASHINGTON,39.16464,-86.5324
902470641,2023,6,6,1100,Weekday,2-Car,No injury/unknown,IMPROPER LANE USAGE,8TH & COLLEGE,39.16938721,-86.534784
902470642,2023,6,6,1500,Weekday,2-Car,No injury/unknown,SPEED TOO FAST FOR WEATHER CONDITIONS,CATHCART & PIAZZA,39.14885022,-86.49986006
902470656,2023,6,6,1500,Weekday,2-Car,No injury/unknown,FOLLOWING TOO CLOSELY,S LIBERTY & SR45W,39.14521676,-86.57748603
902470799,2023,6,6,1200,Weekday,2-Car,Incapacitating,IMPROPER TURNING,E 3RD & S KINGSTON,39.16424,-86.492944
902470813,2023,6,7,600,Weekend,2-Car,No injury/unknown,FAILURE TO YIELD RIGHT OF WAY,LEONARD SPRINGS & SR45W,39.142048,-86.582592
902471165,2023,6,5,1100,Weekday,2-Car,No injury/unknown,UNSAFE BACKING,RUSSELL & SR45N,39.20498151,-86.46344752
902471166,2023,6,6,500,Weekday,1-Car,No injury/unknown,ANIMAL/OBJECT IN ROADWAY,SR37N & WYLIE,39.19857096,-86.5295245
902471167,2023,6,6,2200,Weekend,2-Car,No injury/unknown,SPEED TOO FAST FOR WEATHER CONDITIONS,SOUTH RED OAK & SR446S,0,0
902471196,2023,6,1,1000,Weekend,2-Car,No injury/unknown,DISREGARD SIGNAL/REG SIGN,SR37S & W FULLERTON,0,0
902471405,2023,6,6,1600,Weekday,2-Car,No injury/unknown,FAILURE TO YIELD RIGHT OF WAY,N DANIELS,0,0
902471406,2023,6,7,1500,Weekend,1-Car,No injury/unknown,OTHER (VEHICLE) - EXPLAIN IN NARRATIVE,S CRAMER,39.123149,-86.545593
902471429,2023,6,4,1500,Weekday,Moped/Motorcycle,Incapacitating,RAN OFF ROAD RIGHT,N RICHARDSON & SR45E,39.24700928,-86.39276627
902471430,2023,6,5,1600,Weekday,2-Car,No injury/unknown,UNSAFE BACKING,EAGLEVIEW,39.13370271,-86.54604032
902471450,2023,6,7,1500,Weekend,1-Car,No injury/unknown,RAN OFF ROAD RIGHT,KNAPP & W STATE RD 48,39.17540465,-86.60168007
902471452,2023,6,7,1500,Weekend,2-Car,Non-incapacitating,LEFT OF CENTER,PAYNETOWN & SR446S,39.09612677,-86.42389248
902471498,2023,6,4,2300,Weekday,1-Car,Incapacitating,RAN OFF ROAD RIGHT,RUSH RIDGE & SR446,39.08102094,-86.41862099
902471538,2023,6,1,2300,Weekday,1-Car,Incapacitating,OTHER (DRIVER) - EXPLAIN IN NARRATIVE,EAST HUPP & SOUTH FAIRFAX,39.09464,-86.516896
902471571,2023,6,1,1300,Weekend,2-Car,No injury/unknown,FOLLOWING TOO CLOSELY,PETE ELLIS & THIRD,39.16424,-86.495088
902471626,2023,6,6,700,Weekday,2-Car,Incapacitating,LEFT OF CENTER,NIMIT & RHORER,39.12145011,-86.52385698
902471627,2023,6,2,600,Weekday,1-Car,No injury/unknown,ANIMAL/OBJECT IN ROADWAY,BURCH & SR45W,39.08812773,-86.66905971
902471790,2023,6,2,1000,Weekday,2-Car,No injury/unknown,FOLLOWING TOO CLOSELY,2ND & PATTERSON,39.16074984,-86.54850997
902471870,2023,6,2,1300,Weekday,2-Car,No injury/unknown,UNSAFE BACKING,N HEADLEY,39.18671619,-86.51449029
902471884,2023,6,2,1100,Weekday,2-Car,No injury/unknown,UNSAFE SPEED,10TH & 1799 EAST 10TH PARKING LOT,39.17987132,-86.511383
902472003,2023,6,6,1800,Weekday,2-Car,Incapacitating,SPEED TOO FAST FOR WEATHER CONDITIONS,S WICKENS & W ROCKCREST,0,0
902472004,2023,6,1,1000,Weekend,1-Car,Non-incapacitating,OTHER (VEHICLE) - EXPLAIN IN NARRATIVE,SR446S & WALDRIP CREEK,39.06971087,-86.41607391
902472005,2023,6,1,1600,Weekend,2-Car,No injury/unknown,LEFT OF CENTER,SISCOE & SR46W,39.27146912,-86.67016876
902472006,2023,6,1,1600,Weekend,2-Car,No injury/unknown,LEFT OF CENTER,SISCOE & SR46W,39.27146912,-86.67016876
902472156,2023,6,2,1500,Weekday,2-Car,No injury/unknown,FOLLOWING TOO CLOSELY,WALNUT & WINSLOW,39.13597025,-86.5311098
902472200,2023,6,2,2300,Weekday,2-Car,No injury/unknown,ROADWAY SURFACE CONDITION,3RD & CORY,39.164544,-86.560096
902472315,2023,6,3,600,Weekday,2-Car,No injury/unknown,DISREGARD SIGNAL/REG SIGN,KIRKWOOD & ROGERS,39.166672,-86.538608
902472325,2023,6,2,800,Weekday,2-Car,No injury/unknown,IMPROPER TURNING,OLD STATE ROAD 37 & RHORER,39.121552,-86.531296
902472357,2023,6,2,1200,Weekday,2-Car,No injury/unknown,FAILURE TO YIELD RIGHT OF WAY,KIRKWOOD & WASHINGTON,39.16664,-86.5324
902472417,2023,6,3,1000,Weekday,1-Car,No injury/unknown,UNSAFE BACKING,THIRTEENTH & WOODLAWN,39.17518886,-86.5235621
902472602,2023,6,3,1200,Weekday,2-Car,No injury/unknown,UNSAFE BACKING,EAST 7TH,39.168752,-86.5436
902472611,2023,6,2,1500,Weekday,2-Car,No injury/unknown,IMPROPER TURNING,S LIBERTY,39.16128024,-86.57919779
902472632,2023,6,2,1700,Weekday,3+ Cars,No injury/unknown,DRIVER DISTRACTED - EXPLAIN IN NARRATIVE,ALLEN & WALNUT,39.1556,-86.53368003
902472639,2023,6,2,1500,Weekday,2-Car,No injury/unknown,OTHER (ENVIRONMENTAL) - EXPLAIN IN NARR,N RED HILL & SR46W,39.24589916,-86.64042258
902472652,2023,6,7,2200,Weekend,1-Car,No injury/unknown,ANIMAL/OBJECT IN ROADWAY,FAIRFAX & WILL SOWDERS,39.05050845,-86.49855986
902472653,2023,6,3,1500,Weekday,3+ Cars,No injury/unknown,FOLLOWING TOO CLOSELY,BUNGER & SR45W,39.12936,-86.604336
902472654,2023,6,3,1600,Weekday,2-Car,Non-incapacitating,FAILURE TO YIELD RIGHT OF WAY,CURRY & INDUSTRIAL,39.143808,-86.582592
902472655,2023,6,5,2100,Weekday,2-Car,No injury/unknown,UNSAFE BACKING,W VERNAL,39.179248,-86.58292
902472719,2023,6,3,1300,Weekday,1-Car,No injury/unknown,ANIMAL/OBJECT IN ROADWAY,E RAMP CREEK & S SHIELDS RIDGE,39.083024,-86.472912
902472950,2023,6,3,1300,Weekday,2-Car,No injury/unknown,FOLLOWING TOO CLOSELY,7TH & ADAMS,39.16884964,-86.5495696
902472990,2023,6,3,2300,Weekday,1-Car,No injury/unknown,RAN OFF ROAD RIGHT,E SAMPLE & S OLD STATE 37,39.25864,-86.5012
902473235,2023,7,4,1200,Weekday,2-Car,No injury/unknown,OTHER (DRIVER) - EXPLAIN IN NARRATIVE,E 3RD,39.16426624,-86.50093216
902473373,2023,7,4,1700,Weekday,2-Car,No injury/unknown,FOLLOWING TOO CLOSELY,SALE & SR46W,39.23384,-86.624704
902473382,2023,7,4,2000,Weekday,1-Car,No injury/unknown,RAN OFF ROAD RIGHT,S HARMONY & W MAY,39.093744,-86.638304
902473383,2023,7,4,2200,Weekday,1-Car,Non-incapacitating,RAN OFF ROAD RIGHT,FOSTER FISCUS & SR46W,39.28017044,-86.67959924
902473390,2023,7,4,1800,Weekday,2-Car,No injury/unknown,UNSAFE BACKING,WALNUT,39.165648,-86.5336
902473418,2023,7,4,1600,Weekday,2-Car,No injury/unknown,UNSAFE BACKING,EAST 3RD,39.16452114,-86.551072
902473454,2023,7,4,1900,Weekday,2-Car,Incapacitating,FAILURE TO YIELD RIGHT OF WAY,MOORES & SR446S,39.150352,-86.471296
902473480,2023,6,2,700,Weekday,2-Car,No injury/unknown,FAILURE TO YIELD RIGHT OF WAY,CURRY & SR48,39.16463589,-86.58291865
902473486,2023,7,4,1600,Weekday,2-Car,Incapacitating,FAILURE TO YIELD RIGHT OF WAY,CURRY & GRANDE,39.1671886,-86.58296078
902473684,2023,7,4,800,Weekday,2-Car,No injury/unknown,OTHER (DRIVER) - EXPLAIN IN NARRATIVE,CLARIZZ & SR46E,39.16424,-86.4908
902473696,2023,7,4,1100,Weekday,3+ Cars,Non-incapacitating,FAILURE TO YIELD RIGHT OF WAY,3RD & LIBERTY,0,0
902473777,2023,7,5,800,Weekday,2-Car,Incapacitating,FAILURE TO YIELD RIGHT OF WAY,SR37S & W FULLERTON,39.122352,-86.5712
902473968,2023,7,5,1700,Weekday,2-Car,No injury/unknown,FOLLOWING TOO CLOSELY,PATTERSON & W 2ND,39.16074984,-86.54850997
902474007,2023,7,5,1500,Weekday,3+ Cars,Non-incapacitating,FOLLOWING TOO CLOSELY,S KIMBLE & W 3RD,39.16464,-86.568
902474039,2023,7,5,2300,Weekday,2-Car,No injury/unknown,UNSAFE BACKING,E 3RD & S MORNINGSIDE,39.16424,-86.473696
902474099,2023,7,6,0,Weekday,2-Car,No injury/unknown,UNSAFE BACKING,W GRAY,39.17297374,-86.55764832
902474107,2023,7,4,1100,Weekday,3+ Cars,No injury/unknown,VIEW OBSTRUCTED,FRIENDSHIP & SR46,39.15483009,-86.40734052
902474375,2023,7,6,1800,Weekday,3+ Cars,Non-incapacitating,FAILURE TO YIELD RIGHT OF WAY,N KINSER & STATE ROAD 45 46,39.186544,-86.537888
902474437,2023,7,7,200,Weekend,2-Car,No injury/unknown,LEFT OF CENTER,3412 N VALLEYVIEW DR & WINDING,39.20140906,-86.546447
902474482,2023,7,7,700,Weekend,2-Car,No injury/unknown,OTHER (DRIVER) - EXPLAIN IN NARRATIVE,S LIBERTY,39.145264,-86.577616
902474635,2023,6,3,1600,Weekday,2-Car,Non-incapacitating,FOLLOWING TOO CLOSELY,N CURRY & SR46W,0,0
902474636,2023,7,5,1500,Weekday,2-Car,No injury/unknown,LEFT OF CENTER,E CARDINAL GLEN & S WALNUT STREET,0,0
902474675,2023,7,1,200,Weekend,1-Car,No injury/unknown,RAN OFF ROAD RIGHT,LEMON & VERNAL,39.17754605,-86.5596216
902474678,2023,7,6,2200,Weekend,1-Car,No injury/unknown,OTHER TELEMATICS IN USE,E BRESSINGHAM & S CHEEKWOOD,39.1504898,-86.49929009
902474683,2023,7,6,2300,Weekend,2-Car,Incapacitating,DISREGARD SIGNAL/REG SIGN,BLOOMFIELD & LIBERTY,,
902474684,2023,7,7,2300,Weekend,2-Car,No injury/unknown,OTHER (DRIVER) - EXPLAIN IN NARRATIVE,GARRISON CHAPEL & SR45W,39.111024,-86.638304
902474784,2023,7,7,900,Weekend,2-Car,No injury/unknown,,SOUTH COLLEGE,39.16439438,-86.53450775
902474832,2023,7,7,1600,Weekend,Pedestrian,Non-incapacitating,OTHER (DRIVER) - EXPLAIN IN NARRATIVE,S WEIMER & W TAPP,39.24219879,-86.56199008
902474959,2023,7,7,1200,Weekend,2-Car,No injury/unknown,LEFT OF CENTER,WALDRIP CREEK,39.061184,-86.414416
902474960,2023,7,7,1400,Weekend,2-Car,No injury/unknown,UNSAFE SPEED,SOUTH OLD STATE ROAD 37,39.138688,-86.465968
902474962,2023,7,6,1700,Weekday,2-Car,Non-incapacitating,FOLLOWING TOO CLOSELY,DODDS & ROGERS,,
902475083,2023,7,2,700,Weekday,2-Car,No injury/unknown,FAILURE TO YIELD RIGHT OF WAY,10TH & GRANT,39.171696,-86.529696
902475330,2023,7,2,1100,Weekday,2-Car,No injury/unknown,FAILURE TO YIELD RIGHT OF WAY,ACUFF & SR37,39.20824,-86.554704
902475378,2023,7,2,1200,Weekday,2-Car,No injury/unknown,FOLLOWING TOO CLOSELY,STRONG & W ALLEN,0,0
902475494,2023,7,2,1500,Weekday,2-Car,No injury/unknown,FAILURE TO YIELD RIGHT OF WAY,WALNUT ST & WINSLOW,0,0
902475560,2023,7,1,1700,Weekend,2-Car,No injury/unknown,UNSAFE BACKING,E LAW,39.17297448,-86.51331469
902475655,2023,7,6,1300,Weekday,2-Car,No injury/unknown,OTHER (DRIVER) - EXPLAIN IN NARRATIVE,HARMONY,,
902475660,2023,7,2,1400,Weekday,2-Car,No injury/unknown,UNSAFE LANE MOVEMENT,SMITH & SR46W,39.210144,-86.5832
902475754,2023,7,2,1000,Weekday,2-Car,No injury/unknown,FAILURE TO YIELD RIGHT OF WAY,S WALNUT & W GRIMES,39.15344,-86.5336
902475860,2023,7,3,800,Weekday,Pedestrian,No injury/unknown,FAILURE TO YIELD RIGHT OF WAY,COLLEGE & KIRKWOOD,39.16664,-86.5348
902475900,2023,7,3,900,Weekday,1-Car,No injury/unknown,SPEED TOO FAST FOR WEATHER CONDITIONS,ALLEN & PATTERSON,,
902475974,2023,7,3,1000,Weekday,2-Car,Non-incapacitating,FOLLOWING TOO CLOSELY,2ND & LINCOLN,,
902475976,2023,7,3,1000,Weekday,2-Car,No injury/unknown,SPEED TOO FAST FOR WEATHER CONDITIONS,3RD & INDIANA,39.164448,-86.5268
902476123,2023,7,3,1400,Weekday,2-Car,No injury/unknown,OTHER (DRIVER) - EXPLAIN IN NARRATIVE,STATE ROAD 45,39.125312,-86.610496
902476215,2023,7,3,1600,Weekday,2-Car,Non-incapacitating,DISREGARD SIGNAL/REG SIGN,GRIMES & HENDERSON,39.153392,-86.527008
902476238,2023,7,2,1400,Weekday,2-Car,No injury/unknown,RAN OFF ROAD RIGHT,SR446 & SWARTZ RIDGE,39.13200737,-86.44917875
902476315,2023,7,3,1700,Weekday,2-Car,Incapacitating,FOLLOWING TOO CLOSELY,FORREST PARK & SR46W,,
902476353,2023,7,3,1600,Weekday,1-Car,No injury/unknown,RAN OFF ROAD RIGHT,FLUCKMILL & VICTOR,39.073952,-86.570896
902476429,2023,7,3,1700,Weekday,1-Car,No injury/unknown,RAN OFF ROAD RIGHT,SR37 & WAYPORT,39.26357309,-86.52265961
902476452,2023,7,4,400,Weekday,1-Car,No injury/unknown,ANIMAL/OBJECT IN ROADWAY,S ISON & SR45W,0,0
902476495,2023,7,3,800,Weekday,2-Car,No injury/unknown,DISREGARD SIGNAL/REG SIGN,ALLEN & FAIRVIEW,39.15584,-86.540992
902476583,2023,7,5,1400,Weekday,2-Car,No injury/unknown,OTHER (DRIVER) - EXPLAIN IN NARRATIVE,RHORER & SARE,,
902476634,2023,7,4,1000,Weekday,2-Car,Non-incapacitating,IMPROPER TURNING,INDIANA & KIRKWOOD,39.16685967,-86.52690237
902476645,2023,7,3,1000,Weekday,2-Car,No injury/unknown,LEFT OF CENTER,BOLTINGHOUSE & OLD STATE ROAD 37,39.23374261,-86.48390241
902476646,2023,7,4,1100,Weekday,Bus,No injury/unknown,FOLLOWING TOO CLOSELY,E 2ND & SO COLLEGE MALL,0,0
902476696,2023,7,4,1000,Weekday,2-Car,Incapacitating,LEFT OF CENTER,CLUBHOUSE & KINSER,,
902476745,2023,7,4,1300,Weekday,2-Car,No injury/unknown,SPEED TOO FAST FOR WEATHER CONDITIONS,W 3RD & WYNNEDALE,0,0
902476810,2023,7,6,1600,Weekday,1-Car,Incapacitating,RAN OFF ROAD RIGHT,S ROCKPORT & W POPCORN,0,0
902476812,2023,7,1,1600,Weekend,2-Car,No injury/unknown,UNSAFE BACKING,S OLD STATE ROAD 37,39.137088,-86.53056
902476903,2023,7,4,1500,Weekday,2-Car,Non-incapacitating,FOLLOWING TOO CLOSELY,S LANDMARK & W BLOOMFIELD,0,0
902476940,2023,7,4,1600,Weekday,1-Car,No injury/unknown,UNSAFE BACKING,MAXWELL & SHORT,39.143888,-86.515008
902477032,2023,7,4,2100,Weekday,1-Car,No injury/unknown,UNSAFE SPEED,11TH & ADAMS,39.173344,-86.549792
902477122,2023,7,3,1800,Weekday,2-Car,No injury/unknown,UNSAFE BACKING,E 6TH,39.167712,-86.529696
902477378,2023,7,5,1100,Weekday,2-Car,No injury/unknown,OTHER (DRIVER) - EXPLAIN IN NARRATIVE,SR4546E & WALNUT,39.186368,-86.5344
902477549,2023,7,6,700,Weekday,1-Car,Incapacitating,IMPROPER LANE USAGE,W ST RD 45,39.125312,-86.610496
902477586,2023,7,5,1500,Weekday,2-Car,No injury/unknown,DISREGARD SIGNAL/REG SIGN,FEE & LAW,39.174048,-86.518896
902477699,2023,7,5,1700,Weekday,2-Car,No injury/unknown,LEFT OF CENTER,SR45W & W AIRPORT,39.13630023,-86.59458237
902477943,2023,7,5,1200,Weekday,2-Car,No injury/unknown,FAILURE TO YIELD RIGHT OF WAY,N ADAMS & W KIRKWOOD,39.166816,-86.549488
902477975,2023,7,5,700,Weekday,2-Car,No injury/unknown,UNSAFE BACKING,N MORTON,39.16786971,-86.536
902478092,2023,7,6,1100,Weekday,2-Car,No injury/unknown,SPEED TOO FAST FOR WEATHER CONDITIONS,SMITH,,
902478093,2023,7,6,1000,Weekday,2-Car,No injury/unknown,FAILURE TO YIELD RIGHT OF WAY,ROUNDABOUT W TAPP & S ADAMS,0,0
902478106,2023,7,6,1100,Weekday,2-Car,No injury/unknown,FAILURE TO YIELD RIGHT OF WAY,N WALNUT & SR4546,39.18689778,-86.53421346
902478109,2023,7,4,1600,Weekday,2-Car,No injury/unknown,FOLLOWING TOO CLOSELY,WALNUT & WINSLOW,,
902478111,2023,7,5,1200,Weekday,2-Car,No injury/unknown,UNSAFE LANE MOVEMENT,JEFFERSON & THIRD,39.164304,-86.506992
902478170,2023,7,5,1900,Weekday,2-Car,Non-incapacitating,FOLLOWING TOO CLOSELY,S WALNUT & W 3RD,39.16464,-86.5336
902478403,2023,7,6,1300,Weekday,2-Car,Incapacitating,DRIVER DISTRACTED - EXPLAIN IN NARRATIVE,BLOOMFIELD & PATTERSON,,
902478457,2023,7,6,2000,Weekend,1-Car,No injury/unknown,FAILURE TO YIELD RIGHT OF WAY,11TH & N WALNUT,39.173248,-86.533488
902478714,2023,7,6,1100,Weekday,2-Car,No injury/unknown,DISREGARD SIGNAL/REG SIGN,2ND & COLLEGE MALL,,
902478735,2023,7,6,1200,Weekday,2-Car,No injury/unknown,FOLLOWING TOO CLOSELY,17TH & LISMORE,,
902478778,2023,7,7,400,Weekend,1-Car,No injury/unknown,RAN OFF ROAD RIGHT,SR45E,39.18636,-86.533048
902478797,2023,7,7,300,Weekend,1-Car,No injury/unknown,OTHER (DRIVER) - EXPLAIN IN NARRATIVE,11TH,39.173344,-86.549792
902478875,2023,7,6,1200,Weekday,2-Car,No injury/unknown,FOLLOWING TOO CLOSELY,CORY & THIRD,,
902479237,2023,7,7,1000,Weekend,2-Car,No injury/unknown,IMPROPER TURNING,3RD & BALLANTINE,,
902479280,2023,7,7,1100,Weekend,2-Car,No injury/unknown,IMPROPER LANE USAGE,3RD & HAWTHORNE,,
902479301,2023,7,7,1000,Weekend,2-Car,Incapacitating,FOLLOWING TOO CLOSELY,PETE ELLIS,,
902479445,2023,7,6,1600,Weekday,2-Car,No injury/unknown,UNSAFE LANE MOVEMENT,VERMILYA & WALNUT,,
902479575,2023,7,6,1700,Weekday,2-Car,Non-incapacitating,FOLLOWING TOO CLOSELY,SALE & SR46W,39.23384,-86.624704
902479598,2023,7,7,300,Weekend,2-Car,No injury/unknown,UNSAFE BACKING,N COLLEGE,39.17609371,-86.534736
902479615,2023,7,7,1000,Weekend,2-Car,No injury/unknown,FAILURE TO YIELD RIGHT OF WAY,3RD & LIBERTY,,
902479616,2023,7,7,1400,Weekend,2-Car,Non-incapacitating,IMPROPER LANE USAGE,FAIRFAX & MCCORMICK,,
902479621,2023,7,6,1400,Weekday,2-Car,No injury/unknown,FOLLOWING TOO CLOSELY,E RHORER & S OLD 37,0,0
902479794,2023,7,6,1800,Weekday,2-Car,No injury/unknown,FAILURE TO YIELD RIGHT OF WAY,CANADA & SARE,,
902479914,2023,7,7,2100,Weekend,Moped/Motorcycle,Incapacitating,FAILURE TO YIELD RIGHT OF WAY,SR46W & UNION VALLEY,39.215152,-86.5928
902479926,2023,7,7,2300,Weekend,1-Car,No injury/unknown,ANIMAL/OBJECT IN ROADWAY,SR37S & WEST SMITHVILLE,39.16424,-86.480688
902480018,2023,7,3,0,Weekday,1-Car,No injury/unknown,SPEED TOO FAST FOR WEATHER CONDITIONS,4625 W GIFFORD & S ENDWRIGHT,39.151344,-86.5964
902480035,2023,7,1,1000,Weekend,2-Car,No injury/unknown,UNSAFE LANE MOVEMENT,E 6TH & N WALNUT,39.167648,-86.533584
902480080,2023,7,1,1300,Weekend,2-Car,No injury/unknown,DISREGARD SIGNAL/REG SIGN,MOORES & S SARE,39.150448,-86.4992
902480129,2023,7,5,2000,Weekday,2-Car,No injury/unknown,UNSAFE BACKING,E 17TH,39.179008,-86.525888
902480168,2023,7,1,1400,Weekend,2-Car,No injury/unknown,UNSAFE LANE MOVEMENT,E 3RD & S HAWTHORNE,0,0
902480346,2023,7,3,900,Weekday,2-Car,No injury/unknown,FAILURE TO YIELD RIGHT OF WAY,CURRY & SR45W,39.13972791,-86.58896743
902480441,2023,7,2,900,Weekday,2-Car,No injury/unknown,UNSAFE BACKING,S COVEY,39.14663118,-86.516192
902480500,2023,7,2,900,Weekday,2-Car,No injury/unknown,DISREGARD SIGNAL/REG SIGN,LEONARD SPRINGS & SR45W,,
902480544,2023,6,7,1300,Weekend,2-Car,No injury/unknown,FAILURE TO YIELD RIGHT OF WAY,PAYNETOWN RD & SR446N,0,0
902480559,2023,7,2,1300,Weekday,1-Car,No injury/unknown,RAN OFF ROAD RIGHT,HINDS & SR45W,39.09859974,-86.6527848
902480667,2023,7,6,1500,Weekday,2-Car,No injury/unknown,,E 10TH & SR4546,39.176848,-86.478192
902480736,2023,7,2,1400,Weekday,2-Car,Non-incapacitating,IMPROPER PASSING,ALLEN & TIMOTHY,,
902480742,2023,7,1,1700,Weekend,2-Car,No injury/unknown,OTHER (VEHICLE) - EXPLAIN IN NARRATIVE,E THIRD,0,0
902480743,2023,7,6,1800,Weekday,1-Car,No injury/unknown,OVERCORRECTING/OVERSTEERING,SMITHVILLE & ZIKES,39.07066347,-86.52928133
902480744,2023,7,7,1500,Weekend,2-Car,No injury/unknown,UNSAFE LANE MOVEMENT,CURRY & VERNAL,39.17637195,-86.58311948
902480745,2023,7,7,1700,Weekend,1-Car,Non-incapacitating,ANIMAL/OBJECT IN ROADWAY,FOX HOLLOW & SR37N,39.29244879,-86.51773545
902480746,2023,7,2,1300,Weekday,1-Car,No injury/unknown,SPEED TOO FAST FOR WEATHER CONDITIONS,N BROWN COUNTY LINE & SR46,0,0
902480753,2023,7,7,1700,Weekend,2-Car,No injury/unknown,UNSAFE BACKING,E EMPIRE MILL,39.08576764,-86.534887
902480754,2023,7,2,1600,Weekday,2-Car,No injury/unknown,FOLLOWING TOO CLOSELY,S FAIRFAX & S WALNUT STREET,0,0
902480755,2023,7,6,1900,Weekend,2-Car,Incapacitating,FAILURE TO YIELD RIGHT OF WAY,17 & JACKSON,39.179024,-86.539616