Master Record Number,Year,Month,Day,Hour,Weekend,Collision Type,Injury Type,Primary Factor,Reported_Location,Latitude,Longitude
902496876,2023,8,1,500,Weekend,1-Car,No injury/unknown,RAN OFF ROAD RIGHT,MEADOWBROOK & PARK,39.165344,-86.484128
902496952,2023,8,1,1000,Weekend,3+ Cars,Incapacitating,FOLLOWING TOO CLOSELY,E SOUTHERN OAKS & S SARE,39.17414154,-86.50045731
902497098,2023,8,6,1600,Weekday,2-Car,No injury/unknown,OTHER LIGHTS DEFECTIVE,N LOESCH & W VERNAL,39.17920008,-86.59107425
902497109,2023,8,1,0,Weekend,2-Car,No injury/unknown,UNSAFE BACKING,E 6TH & N WASHINGTON,39.167664,-86.5324
902497206,2023,8,7,2000,Weekend,1-Car,No injury/unknown,UNSAFE BACKING,SR446S,39.135648,-86.462248
902497207,2023,8,1,300,Weekend,1-Car,No injury/unknown,RAN OFF ROAD RIGHT,SR37S,39.08384,-86.540768
902497208,2023,8,2,100,Weekday,1-Car,Non-incapacitating,ANIMAL/OBJECT IN ROADWAY,SR37S & WEST CHURCH,39.21290864,-86.53874969
902497370,2023,8,2,700,Weekday,Bus,No injury/unknown,OTHER (DRIVER) - EXPLAIN IN NARRATIVE,SR37 & SR45W,39.148144,-86.572992
902497750,2023,8,2,1200,Weekday,2-Car,No injury/unknown,DRIVER DISTRACTED - EXPLAIN IN NARRATIVE,S VICTOR,39.10649041,-86.55034722
902497927,2023,8,2,1600,Weekday,2-Car,No injury/unknown,FOLLOWING TOO CLOSELY,S COLLEGE & W 2ND,39.16144,-86.534848
902497937,2023,8,2,1700,Weekday,2-Car,Non-incapacitating,FOLLOWING TOO CLOSELY,3RD & COLLEGE,39.16464,-86.534816
902497943,2023,8,2,1700,Weekday,2-Car,No injury/unknown,UNSAFE BACKING,E 3RD,39.16423674,-86.49805388
902497987,2023,8,2,1700,Weekday,2-Car,No injury/unknown,FAILURE TO YIELD RIGHT OF WAY,COFFEY & SMITH,0,0
902497994,2023,8,2,1700,Weekday,2-Car,No injury/unknown,FOLLOWING TOO CLOSELY,S COLLEGE & W 4TH,39.165664,-86.5348
902498022,2023,8,2,1900,Weekday,2-Car,No injury/unknown,DRIVER DISTRACTED - EXPLAIN IN NARRATIVE,OUTBACK & SR46W,39.2125206,-86.59179687
902498031,2023,8,2,2000,Weekday,2-Car,Non-incapacitating,FOLLOWING TOO CLOSELY,LIBERTY & WEST 3RD STREET,39.1381741,-86.57913006
902498214,2023,8,7,1100,Weekend,2-Car,No injury/unknown,FAILURE TO YIELD RIGHT OF WAY,SR46W & UNIONVALLY,0,0
902498215,2023,8,2,600,Weekday,Moped/Motorcycle,No injury/unknown,ANIMAL/OBJECT IN ROADWAY,FAIRFAX & SCOTT,39.0583653,-86.498432
902498240,2023,7,4,1300,Weekday,2-Car,No injury/unknown,FAILURE TO YIELD RIGHT OF WAY,GRANT & SR46W,39.23836136,-86.62767791
902498265,2023,8,3,1100,Weekday,2-Car,No injury/unknown,IMPROPER TURNING,E 2ND,39.16144,-86.53076506
902498470,2023,8,2,1800,Weekday,1-Car,Non-incapacitating,RAN OFF ROAD RIGHT,E SAMPLE & N OLD STATE ROAD 37,39.25864,-86.5012
902498510,2023,8,6,1600,Weekday,2-Car,Incapacitating,FAILURE TO YIELD RIGHT OF WAY,SOUTH KNIGHTRIDGE & SR446S,39.14420245,-86.46687098
902498576,2023,8,3,1500,Weekday,2-Car,No injury/unknown,FAILURE TO YIELD RIGHT OF WAY,SOUTH LEONARD SPRINGS & WEST STATE 45,39.142048,-86.582592
902498598,2023,8,3,1700,Weekday,3+ Cars,Non-incapacitating,FOLLOWING TOO CLOSELY,BLOOMFIELD,0,0
902498618,2023,8,2,1900,Weekday,1-Car,No injury/unknown,RAN OFF ROAD RIGHT,N PRAIRIE GREEN & SR45E,39.17421898,-86.4755783
902498633,2023,8,3,2000,Weekday,1-Car,No injury/unknown,RAN OFF ROAD RIGHT,W REBA & W WOODHAVEN,39.126048,-86.574192
902498634,2023,8,3,1700,Weekday,2-Car,No injury/unknown,FOLLOWING TOO CLOSELY,NORTH COLLEGE & WEST 10TH,39.171744,-86.534768
902498644,2023,7,6,1700,Weekday,2-Car,No injury/unknown,FOLLOWING TOO CLOSELY,PARK & TEMPERANCE,39.22935002,-86.61848008
902498650,2023,8,2,2000,Weekday,1-Car,No injury/unknown,RAN OFF ROAD RIGHT,GREENE COUNTY LINE & SR45W,39.10462952,-86.68258058
902498717,2023,8,3,1000,Weekday,2-Car,No injury/unknown,LEFT OF CENTER,BROOKWOOD & RIDGEWOOD,39.212016,-86.59872
902498878,2023,8,4,800,Weekday,1-Car,No injury/unknown,RAN OFF ROAD RIGHT,SR37N & VERNAL,39.17285105,-86.56762445
902499029,2023,8,4,1200,Weekday,2-Car,No injury/unknown,OTHER (DRIVER) - EXPLAIN IN NARRATIVE,N SMITH,39.172048,-86.4816
902499206,2023,8,4,800,Weekday,1-Car,No injury/unknown,UNSAFE BACKING,7TH & WOODLAWN,39.16864,-86.523392
902499331,2023,8,4,1800,Weekday,2-Car,No injury/unknown,IMPROPER LANE USAGE,S LEONARD SPRINGS,0,0
902499383,2023,8,4,1900,Weekday,2-Car,No injury/unknown,FAILURE TO YIELD RIGHT OF WAY,COLLEGE MALL & E 2ND,0,0
902499395,2023,8,4,1800,Weekday,Bus,Non-incapacitating,FAILURE TO YIELD RIGHT OF WAY,CHAFFIN CHAPEL & SR46W,39.2620697,-86.65039825
902499511,2023,8,4,1200,Weekday,2-Car,No injury/unknown,OTHER (DRIVER) - EXPLAIN IN NARRATIVE,LIBERTY & SR45W,39.16043091,-86.57913927
902499692,2023,8,5,1100,Weekday,2-Car,Non-incapacitating,DRIVER DISTRACTED - EXPLAIN IN NARRATIVE,CLARIZZ & EAST THIRD,39.16424,-86.4908
902499766,2023,7,6,1200,Weekday,2-Car,No injury/unknown,UNSAFE BACKING,1020 E KIRKWOOD (GARAGE) & SOUTH HAWTHORNE,0,0
902499836,2023,8,4,1300,Weekday,2-Car,No injury/unknown,FAILURE TO YIELD RIGHT OF WAY,LYNWEST & N UNION VALLEY,39.21584,-86.5928
902499967,2023,8,5,1400,Weekday,2-Car,No injury/unknown,FAILURE TO YIELD RIGHT OF WAY,SALE & SR46W,39.23384,-86.624704
902499987,2023,8,5,1800,Weekday,2-Car,No injury/unknown,IMPROPER PASSING,W 3RD,39.16460954,-86.58341825
902499996,2023,8,5,1700,Weekday,2-Car,No injury/unknown,FOLLOWING TOO CLOSELY,CURRY & WEST 3RD,0,0
902500024,2023,8,5,1900,Weekday,2-Car,No injury/unknown,DISREGARD SIGNAL/REG SIGN,OLD SR 37 & W CHURCH LANE,39.107248,-86.531392
902500042,2023,8,5,1700,Weekday,2-Car,Incapacitating,FOLLOWING TOO CLOSELY,SOUTH CURRY & WEST 3RD,39.16463971,-86.58290271
902500044,2023,8,7,2300,Weekend,2-Car,No injury/unknown,UNSAFE BACKING,WOODHAVEN & YELLOWSTONE,39.128048,-86.577664
902500214,2023,8,7,700,Weekend,2-Car,Incapacitating,LEFT OF CENTER,OLD ST 37 & W HOBART,39.01368968,-86.5409537
902500287,2023,8,6,1000,Weekday,2-Car,No injury/unknown,OTHER (DRIVER) - EXPLAIN IN NARRATIVE,1725 E THIRD (CIRCLE) & 3RD,0,0
902500415,2023,8,6,1300,Weekday,2-Car,Incapacitating,DISREGARD SIGNAL/REG SIGN,1ST & HENDERSON,39.15932022,-86.52714014
902500416,2023,8,6,1400,Weekday,2-Car,No injury/unknown,FAILURE TO YIELD RIGHT OF WAY,JACOB & S GATES,39.16562006,-86.57599993
902500506,2023,8,6,1500,Weekday,2-Car,No injury/unknown,FAILURE TO YIELD RIGHT OF WAY,GRAHAM & HENDERSON,39.13943969,-86.52692019
902500659,2023,8,7,0,Weekend,1-Car,Non-incapacitating,ANIMAL/OBJECT IN ROADWAY,N WOODALL & W WOODLAND,39.28072,-86.583408
902500708,2023,8,6,900,Weekday,2-Car,No injury/unknown,OTHER (DRIVER) - EXPLAIN IN NARRATIVE,7TH & INDIANA,39.16864,-86.526944
902500740,2023,8,6,500,Weekday,2-Car,Incapacitating,FAILURE TO YIELD RIGHT OF WAY,GATES & SR48W,39.16458572,-86.57619213
902500741,2023,8,7,900,Weekend,2-Car,No injury/unknown,UNSAFE BACKING,FAIRVIEW & KIRKWOOD,39.16649801,-86.5408
902500768,2023,8,7,1000,Weekend,2-Car,No injury/unknown,DISREGARD SIGNAL/REG SIGN,3RD & INDIANA,39.164448,-86.5268
902500857,2023,8,7,1500,Weekend,2-Car,No injury/unknown,IMPROPER TURNING,14TH & NORTH WALNUT,39.175952,-86.53344
902500862,2023,8,7,1500,Weekend,Bus,No injury/unknown,UNSAFE BACKING,EAST 7TH,39.1684337,-86.52330391
902500895,2023,8,7,2100,Weekend,2-Car,No injury/unknown,IMPROPER TURNING,E 3RD,39.16424,-86.49425989
902500902,2023,8,1,100,Weekend,1-Car,Non-incapacitating,RAN OFF ROAD RIGHT,DRISCOLL & S WALNUT,39.1524598,-86.53370015
902500910,2023,8,6,1700,Weekday,2-Car,Non-incapacitating,DRIVER DISTRACTED - EXPLAIN IN NARRATIVE,SR37S & W TAPP,39.13704,-86.572896
902500911,2023,8,6,2100,Weekend,2-Car,No injury/unknown,UNSAFE SPEED,N CURRY & SR46W,39.19377136,-86.5711975
902500918,2023,8,3,1300,Weekday,2-Car,No injury/unknown,FAILURE TO YIELD RIGHT OF WAY,SR37N & WHISNAND,39.23262822,-86.53192901
902500959,2023,8,1,900,Weekend,2-Car,No injury/unknown,IMPROPER LANE USAGE,E 2ND & PARK,39.16144,-86.523952
902501000,2023,8,1,1200,Weekend,2-Car,Incapacitating,FOLLOWING TOO CLOSELY,7TH & SR46E,39.167648,-86.500096
902501023,2023,8,6,1400,Weekday,2-Car,No injury/unknown,UNSAFE BACKING,3RD,39.164728,-86.57239
902501028,2023,8,1,1200,Weekend,2-Car,No injury/unknown,DRIVER DISTRACTED - EXPLAIN IN NARRATIVE,GORDON & OLD STATE ROAD 37,39.121552,-86.531296
902501041,2023,8,1,1200,Weekend,2-Car,No injury/unknown,FOLLOWING TOO CLOSELY,DUNN & SR46W,39.186352,-86.528496
902501050,2023,8,1,1400,Weekend,2-Car,No injury/unknown,SPEED TOO FAST FOR WEATHER CONDITIONS,7TH & JORDAN,39.168944,-86.516016
902501061,2023,8,1,1200,Weekend,1-Car,Non-incapacitating,RAN OFF ROAD RIGHT,RATLIFF & THOMAS,38.8975569,-86.63040988
902501068,2023,8,7,600,Weekend,1-Car,No injury/unknown,OVERCORRECTING/OVERSTEERING,CLEAR CREEK & ROGERS,0,0
902501069,2023,8,1,1300,Weekend,1-Car,No injury/unknown,SPEED TOO FAST FOR WEATHER CONDITIONS,LANAM & RUSSELL,39.1946999,-86.48918741
902501070,2023,8,1,1400,Weekend,1-Car,Non-incapacitating,SPEED TOO FAST FOR WEATHER CONDITIONS,COUNTY LINE & SR45W,0,0
902501119,2023,8,7,2000,Weekend,2-Car,No injury/unknown,FOLLOWING TOO CLOSELY,3RD & N WALNUT,39.16464,-86.5336
902501150,2023,8,1,1700,Weekend,2-Car,No injury/unknown,FAILURE TO YIELD RIGHT OF WAY,10TH & GRANT,39.171696,-86.529696
902501171,2023,8,1,1900,Weekday,2-Car,Non-incapacitating,FAILURE TO YIELD RIGHT OF WAY,EAST 10TH & PETE ELLIS,39.171504,-86.495312
902501189,2023,8,1,1700,Weekend,2-Car,No injury/unknown,FAILURE TO YIELD RIGHT OF WAY,3RD & WALNUT,39.16464,-86.5336
902501201,2023,8,1,1300,Weekend,2-Car,Non-incapacitating,FOLLOWING TOO CLOSELY,3RD & HIGH,39.164352,-86.508288
902501216,2023,8,1,1900,Weekday,1-Car,No injury/unknown,RAN OFF ROAD RIGHT,8TH & ROGERS,39.169584,-86.538576
902501273,2023,8,1,2100,Weekday,2-Car,No injury/unknown,FOLLOWING TOO CLOSELY,FRITZ & N WALNUT,39.191248,-86.532896
902501296,2023,8,1,2100,Weekday,3+ Cars,Incapacitating,FAILURE TO YIELD RIGHT OF WAY,SR37S & TAPP,39.13704,-86.572896
902501355,2023,8,1,1300,Weekend,2-Car,No injury/unknown,FOLLOWING TOO CLOSELY,10TH & SR46E,39.171648,-86.502096
902501436,2023,8,2,800,Weekday,2-Car,No injury/unknown,OTHER (VEHICLE) - EXPLAIN IN NARRATIVE,E 3RD,39.16424,-86.49224392
902501513,2023,8,2,1000,Weekday,2-Car,Non-incapacitating,FAILURE TO YIELD RIGHT OF WAY,6TH & ROGERS,39.16768,-86.538592
902501670,2023,8,2,900,Weekday,1-Car,No injury/unknown,RAN OFF ROAD RIGHT,S COLLEGE,39.16115717,-86.53485253
902501707,2023,8,2,1100,Weekday,2-Car,No injury/unknown,OTHER (DRIVER) - EXPLAIN IN NARRATIVE,SR37N & W VERNAL,39.176544,-86.5624
902501974,2023,8,2,1500,Weekday,3+ Cars,Non-incapacitating,FOLLOWING TOO CLOSELY,S CORY & W 3RD,39.164544,-86.560096
902501989,2023,8,7,1300,Weekend,2-Car,No injury/unknown,OVERCORRECTING/OVERSTEERING,N MORTON,39.16786971,-86.536
902502011,2023,8,2,1600,Weekday,2-Car,Non-incapacitating,FAILURE TO YIELD RIGHT OF WAY,17TH & ARLINGTON PARK,39.17911023,-86.5540903
902502033,2023,8,2,1700,Weekday,2-Car,Non-incapacitating,FOLLOWING TOO CLOSELY,BLOOMFIELD & OAKDALE,39.1487068,-86.57121991
902502080,2023,8,2,300,Weekday,1-Car,No injury/unknown,RAN OFF ROAD RIGHT,JOHN YOUNG & SHILO,39.26518382,-86.43351561
902502081,2023,8,2,1900,Weekday,2-Car,Incapacitating,LEFT OF CENTER,MERRITT & SR446S,0,0
902502090,2023,8,2,2200,Weekday,3+ Cars,No injury/unknown,IMPROPER TURNING,EAST 3RD & SOUTH BALLANTINE,39.16427024,-86.51912972
902502148,2023,8,6,900,Weekday,2-Car,No injury/unknown,OTHER (DRIVER) - EXPLAIN IN NARRATIVE,3RD & WALNUT,39.16464,-86.5336
902502263,2023,8,2,900,Weekday,2-Car,No injury/unknown,OTHER (DRIVER) - EXPLAIN IN NARRATIVE,WEST 2ND,0,0
902502280,2023,8,5,800,Weekday,2-Car,No injury/unknown,DISREGARD SIGNAL/REG SIGN,HARTSTRAIT & VERNAL,39.18676995,-86.6112703
902502281,2023,8,5,1100,Weekday,2-Car,No injury/unknown,FAILURE TO YIELD RIGHT OF WAY,SIMPSON CHAPEL & SR37N,39.280496,-86.522864
902502524,2023,8,3,1600,Weekday,2-Car,No injury/unknown,FOLLOWING TOO CLOSELY,CONSTITUTION & LIBERTY,39.149552,-86.575936
902502697,2023,8,2,500,Weekday,2-Car,No injury/unknown,FOLLOWING TOO CLOSELY,ISON & SR45W,39.10810089,-86.63700103
902502698,2023,8,4,0,Weekday,1-Car,No injury/unknown,RAN OFF ROAD RIGHT,PINEHURST & SOUTHER PINES,39.13851969,-86.54742971
902502993,2023,8,4,1300,Weekday,2-Car,No injury/unknown,IMPROPER TURNING,E KIRKWOOD,39.16678078,-86.52203053
902503125,2023,8,4,1300,Weekday,2-Car,No injury/unknown,UNSAFE LANE MOVEMENT,SWAIN & THIRD,0,0
902503132,2023,8,2,1500,Weekday,2-Car,No injury/unknown,SPEED TOO FAST FOR WEATHER CONDITIONS,SR37S & W FULLERTON,39.122352,-86.5712
902503275,2023,8,4,1500,Weekday,1-Car,No injury/unknown,UNSAFE BACKING,E 7TH,39.168144,-86.510992
902503312,2023,8,4,1300,Weekday,2-Car,Non-incapacitating,UNSAFE LANE MOVEMENT,N WALNUT & W 14TH,39.175952,-86.53344
902503316,2023,8,4,1600,Weekday,2-Car,No injury/unknown,UNSAFE BACKING,E 13TH,39.17521746,-86.52061527
902503325,2023,8,4,1600,Weekday,2-Car,No injury/unknown,FAILURE TO YIELD RIGHT OF WAY,7TH & UNION,39.16816257,-86.51001745
902503363,2023,8,3,2000,Weekday,2-Car,No injury/unknown,UNSAFE BACKING,E VARSITY,0,0
902503379,2023,8,4,1900,Weekday,2-Car,No injury/unknown,UNSAFE SPEED,10TH & SR4546,39.176848,-86.478192
902503387,2023,8,4,2000,Weekday,2-Car,No injury/unknown,UNSAFE BACKING,EAST 7TH,39.168752,-86.5436
902503398,2023,8,4,1900,Weekday,2-Car,No injury/unknown,FAILURE TO YIELD RIGHT OF WAY,ATWATER & INDIANA,39.16323021,-86.52783013
902503404,2023,8,4,1700,Weekday,2-Car,Non-incapacitating,FAILURE TO YIELD RIGHT OF WAY,PROFILE & SR48W,39.1647376,-86.5925978
902503413,2023,8,4,1400,Weekday,2-Car,Non-incapacitating,FOLLOWING TOO CLOSELY,SR37 & WEST 3RD,39.164752,-86.573104
902503445,2023,8,4,2300,Weekday,2-Car,Non-incapacitating,OTHER (DRIVER) - EXPLAIN IN NARRATIVE,S WALNUT,39.16037061,-86.5336
902503495,2023,8,3,2000,Weekday,Moped/Motorcycle,Non-incapacitating,RAN OFF ROAD RIGHT,FAIRFAX & THIRD,39.1858669,-86.51451028
902503502,2023,8,4,1200,Weekday,2-Car,No injury/unknown,FAILURE TO YIELD RIGHT OF WAY,13TH & WALNUT,39.175232,-86.520976
902503597,2023,8,5,600,Weekday,3+ Cars,Incapacitating,LEFT OF CENTER,SR46W & W FLATWOOD,39.25254059,-86.67625151
902503645,2023,8,4,1300,Weekday,2-Car,No injury/unknown,UNSAFE BACKING,N MORTON & W 7TH,39.168672,-86.536
902503662,2023,8,5,1100,Weekday,2-Car,No injury/unknown,OTHER (DRIVER) - EXPLAIN IN NARRATIVE,SR37 & SR45W,39.148144,-86.572992
902503663,2023,8,5,1100,Weekday,2-Car,No injury/unknown,FAILURE TO YIELD RIGHT OF WAY,3RD & WESTPLEX,39.16440971,-86.55389986
902503681,2023,8,5,1200,Weekday,2-Car,No injury/unknown,UNSAFE BACKING,N UNION,39.172144,-86.509392
902503751,2023,8,5,1200,Weekday,2-Car,No injury/unknown,FOLLOWING TOO CLOSELY,E 3RD & SR46S,39.16424,-86.473296
902503894,2023,8,5,1500,Weekday,2-Car,No injury/unknown,FAILURE TO YIELD RIGHT OF WAY,S WALNUT,39.142555,-86.531238
902503974,2023,8,5,1500,Weekday,2-Car,Non-incapacitating,LEFT OF CENTER,FEE & N JORDAN,39.18384,-86.5192
902505079,2023,8,1,1100,Weekend,2-Car,No injury/unknown,OTHER (DRIVER) - EXPLAIN IN NARRATIVE,SR46W & UNION VALLEY,39.215152,-86.5928
902505094,2023,8,1,1300,Weekend,2-Car,No injury/unknown,OTHER (VEHICLE) - EXPLAIN IN NARRATIVE,E 3RD,39.16464,-86.56913891
902505110,2023,8,7,1400,Weekend,2-Car,No injury/unknown,FAILURE TO YIELD RIGHT OF WAY,MATTHEWS & MCNELLY,0,0
902505111,2023,8,7,1500,Weekend,3+ Cars,Incapacitating,IMPROPER TURNING,SAMPLE & SR37N,39.26670898,-86.52277632
902505114,2023,8,7,2000,Weekend,1-Car,Incapacitating,RAN OFF ROAD RIGHT,PEDIGO BAY & S VALLEY MISSION,0,0
902505316,2023,8,1,1700,Weekend,Cyclist,Incapacitating,OTHER (DRIVER) - EXPLAIN IN NARRATIVE,3RD & ROSE,39.164352,-86.510944
902505339,2023,8,1,1800,Weekend,2-Car,Incapacitating,FOLLOWING TOO CLOSELY,SR4546W & WALNUT,39.186368,-86.5344
902505353,2023,8,7,1400,Weekend,2-Car,No injury/unknown,FAILURE TO YIELD RIGHT OF WAY,ISON & SR45W,0,0
902505354,2023,8,7,1800,Weekend,2-Car,No injury/unknown,FOLLOWING TOO CLOSELY,BURMA & SR37N,39.314272,-86.511552
902505501,2023,8,7,900,Weekend,2-Car,No injury/unknown,UNSAFE BACKING,BELLE & HICKORY,39.16344,-86.58584
902505573,2023,8,1,700,Weekend,2-Car,No injury/unknown,UNSAFE BACKING,9TH & JACKSON,39.17017478,-86.53973209
902505679,2023,8,1,1400,Weekend,2-Car,No injury/unknown,OTHER (DRIVER) - EXPLAIN IN NARRATIVE,S LINCOLN,39.15416261,-86.531152
902505741,2023,8,2,1100,Weekday,2-Car,No injury/unknown,DISREGARD SIGNAL/REG SIGN,ATWATER & JORDAN,39.16304983,-86.51638984
902505885,2023,8,2,1400,Weekday,2-Car,No injury/unknown,FAILURE TO YIELD RIGHT OF WAY,HILLSIDE & WOODLAWN,39.15072,-86.522496
902505886,2023,8,1,0,Weekend,2-Car,No injury/unknown,,6TH & MORTON,39.167664,-86.536
902505978,2023,8,2,1800,Weekday,2-Car,No injury/unknown,OTHER (DRIVER) - EXPLAIN IN NARRATIVE,SOUTH COLLEGE,0,0
902505999,2023,8,2,1900,Weekday,2-Car,Non-incapacitating,FOLLOWING TOO CLOSELY,10TH & JORDAN,39.171552,-86.515728
902506005,2023,8,2,1800,Weekday,2-Car,No injury/unknown,FOLLOWING TOO CLOSELY,S LIBERTY & W 3RD,0,0
902506006,2023,8,2,1900,Weekday,2-Car,Incapacitating,UNSAFE LANE MOVEMENT,7TH & N WALNUT,39.16864,-86.533568
902506021,2023,8,2,2200,Weekday,2-Car,No injury/unknown,FAILURE TO YIELD RIGHT OF WAY,FEE & NORTH JORDAN,39.18384,-86.5192
902506112,2023,8,2,1200,Weekday,2-Car,No injury/unknown,OTHER (DRIVER) - EXPLAIN IN NARRATIVE,SOUTH COLLEGE,0,0
902506145,2023,8,3,700,Weekday,2-Car,No injury/unknown,UNSAFE BACKING,SOUTH SR 446,39.14213705,-86.52705713
902506146,2023,8,3,800,Weekday,2-Car,No injury/unknown,FAILURE TO YIELD RIGHT OF WAY,7TH & COLLEGE,39.168656,-86.534784
902506162,2023,8,3,800,Weekday,2-Car,No injury/unknown,DISREGARD SIGNAL/REG SIGN,N DUNN & SR4546E,39.186352,-86.528496
902506174,2023,8,3,800,Weekday,2-Car,No injury/unknown,FAILURE TO YIELD RIGHT OF WAY,DIXIE & LINCOLN,39.156576,-86.53112
902506245,2023,8,3,700,Weekday,2-Car,No injury/unknown,OTHER (DRIVER) - EXPLAIN IN NARRATIVE,S ACADIA,0,0
902506292,2023,8,3,1200,Weekday,2-Car,No injury/unknown,OTHER (DRIVER) - EXPLAIN IN NARRATIVE,MOORES & WINFIELD,39.150496,-86.501088
902506429,2023,8,3,1400,Weekday,2-Car,No injury/unknown,FOLLOWING TOO CLOSELY,GRIMES & WALNUT,0,0
902506478,2023,8,3,1900,Weekday,Pedestrian,Non-incapacitating,DISREGARD SIGNAL/REG SIGN,3RD & WOODLAWN,39.164352,-86.522592
902506563,2023,8,3,2300,Weekday,1-Car,No injury/unknown,RAN OFF ROAD RIGHT,W MT CARMEL,0,0
902506571,2023,8,3,1200,Weekday,2-Car,No injury/unknown,OTHER (DRIVER) - EXPLAIN IN NARRATIVE,GRIMES & WOODLAWN,39.153344,-86.522512
902506690,2023,5,7,1500,Weekend,1-Car,No injury/unknown,RAN OFF ROAD RIGHT,WEST 11TH,0,0
902506732,2023,8,4,1200,Weekday,2-Car,No injury/unknown,UNSAFE BACKING,E HILLSIDE & S DUNN,0,0
902506825,2023,8,2,400,Weekday,2-Car,No injury/unknown,,MAYBURY MALL,39.13146481,-86.5807528
902506865,2023,8,4,1700,Weekday,2-Car,No injury/unknown,FOLLOWING TOO CLOSELY,10TH & SR46S,39.17202295,-86.5023153
902506903,2023,8,4,1800,Weekday,2-Car,No injury/unknown,DISREGARD SIGNAL/REG SIGN,1ST & HENDERSON,0,0
902506914,2023,8,3,1500,Weekday,2-Car,No injury/unknown,UNSAFE BACKING,E ATWATER & S HIGHLAND,39.1632,-86.517584
902506956,2023,8,3,1500,Weekday,2-Car,Incapacitating,FAILURE TO YIELD RIGHT OF WAY,CHERRY & S FAIRFAX,39.09784,-86.5168
902506957,2023,8,2,1600,Weekday,2-Car,Non-incapacitating,FOLLOWING TOO CLOSELY,BUNGER & SR45W,39.12848101,-86.6056907
902506958,2023,8,2,2100,Weekday,1-Car,No injury/unknown,RAN OFF ROAD RIGHT,DE ANN & MICHAEL,0,0
902506989,2023,8,2,1800,Weekday,2-Car,No injury/unknown,UNSAFE BACKING,W STATE ROAD 45,0,0
902506990,2023,8,6,1400,Weekday,3+ Cars,Incapacitating,FOLLOWING TOO CLOSELY,S ISON & SR45W,0,0
902507129,2023,8,5,900,Weekday,2-Car,No injury/unknown,FAILURE TO YIELD RIGHT OF WAY,STATE ROAD 46,0,0
902507180,2023,8,5,1000,Weekday,2-Car,No injury/unknown,IMPROPER LANE USAGE,E 10TH,39.17157747,-86.51808392
902507226,2023,8,5,1200,Weekday,2-Car,No injury/unknown,UNSAFE LANE MOVEMENT,10TH & LINCOLN,39.171712,-86.530992
902507233,2023,8,4,1700,Weekday,2-Car,No injury/unknown,DISREGARD SIGNAL/REG SIGN,S LANDMARK & W 3RD,0,0
902507237,2023,8,5,900,Weekday,2-Car,No injury/unknown,FOLLOWING TOO CLOSELY,SR37S,0,0
902507294,2023,8,5,1400,Weekday,Bus,No injury/unknown,UNSAFE BACKING,E 10TH,39.17161826,-86.5006487
902507303,2023,8,5,1400,Weekday,2-Car,Incapacitating,FAILURE TO YIELD RIGHT OF WAY,E WINSLOW & S HENDERSON,0,0
902507324,2023,8,5,1600,Weekday,2-Car,No injury/unknown,UNSAFE BACKING,E ATWATER,0,0
902507348,2023,8,5,1700,Weekday,2-Car,No injury/unknown,FOLLOWING TOO CLOSELY,VERMILYA & WALNUT,39.148928,-86.53312
902507377,2023,8,5,0,Weekday,2-Car,No injury/unknown,UNSAFE LANE MOVEMENT,1216 W 11TH & MONROE,39.17323424,-86.54712718
902507426,2023,8,5,2100,Weekday,2-Car,Non-incapacitating,IMPROPER LANE USAGE,MAXWELL & WOODLAWN,0,0
902507438,2023,8,4,300,Weekday,2-Car,Incapacitating,LEFT OF CENTER,HARMONY & SR45W,39.111024,-86.638304
902507451,2023,8,6,100,Weekday,2-Car,No injury/unknown,FOLLOWING TOO CLOSELY,EAST 12TH & NORTH WALNUT,39.174352,-86.533472
902507488,2023,8,6,600,Weekday,2-Car,No injury/unknown,FOLLOWING TOO CLOSELY,10TH & SR46E,39.171648,-86.502096
902507527,2023,8,4,1400,Weekday,2-Car,No injury/unknown,FAILURE TO YIELD RIGHT OF WAY,S LIBERTY,39.145264,-86.577616
902507659,2023,8,6,800,Weekday,2-Car,No injury/unknown,FAILURE TO YIELD RIGHT OF WAY,10TH & DUNN,39.17168,-86.528256
902507661,2023,8,6,800,Weekday,2-Car,No injury/unknown,DISREGARD SIGNAL/REG SIGN,COVENANTER & S HIGH,39.15424,-86.508288
902507751,2023,8,3,600,Weekday,2-Car,No injury/unknown,UNSAFE BACKING,CURRY & VERNAL,39.17915985,-86.58308029
902507759,2023,8,6,900,Weekday,3+ Cars,No injury/unknown,DRIVER DISTRACTED - EXPLAIN IN NARRATIVE,10TH & UNION,39.171472,-86.509376
902507815,2023,8,3,1100,Weekday,2-Car,No injury/unknown,FAILURE TO YIELD RIGHT OF WAY,RAYLE & TAPP,39.13704,-86.577504
902507816,2023,8,6,700,Weekday,1-Car,No injury/unknown,ANIMAL/OBJECT IN ROADWAY,ANDERSON & SR37N,0,0
902507817,2023,8,6,800,Weekday,2-Car,No injury/unknown,LEFT OF CENTER,SR46W & STINESVILLE,0,0
902507852,2023,8,6,1200,Weekday,Pedestrian,Non-incapacitating,TOW HITCH FAILURE,S HENDERSON,0,0
902507956,2023,8,4,1700,Weekday,1-Car,No injury/unknown,UNSAFE BACKING,N JOHNSON,39.16951242,-86.564992
902507985,2023,8,7,600,Weekend,Pedestrian,Non-incapacitating,PEDESTRIAN ACTION,3RD & GATES,0,0
902508035,2023,8,7,1000,Weekend,2-Car,No injury/unknown,UNSAFE BACKING,S WALNUT,39.14572622,-86.53217956
902508036,2023,8,7,800,Weekend,2-Car,No injury/unknown,,E 4TH & S CLARK,39.165648,-86.5048
902508053,2023,8,7,1200,Weekend,2-Car,No injury/unknown,FAILURE TO YIELD RIGHT OF WAY,17TH & DUNN,39.17904,-86.5284