Master Record Number,Year,Month,Day,Hour,Weekend,Collision Type,Injury Type,Primary Factor,Reported_Location,Latitude,Longitude
902508058,2023,8,6,2200,Weekend,Moped/Motorcycle,No injury/unknown,FAILURE TO YIELD RIGHT OF WAY,7TH & JORDAN,39.168944,-86.516016
902508086,2023,8,6,1400,Weekday,2-Car,No injury/unknown,FOLLOWING TOO CLOSELY,DILLMAN & SOUTH OLD STATE ROAD 37,39.092944,-86.544
902508087,2023,8,6,1600,Weekday,2-Car,No injury/unknown,FOLLOWING TOO CLOSELY,W TAPP,39.13704,-86.572896
902508110,2023,8,6,1800,Weekday,2-Car,No injury/unknown,FOLLOWING TOO CLOSELY,E 7TH & SR46E,39.167648,-86.500096
902508111,2023,8,6,1600,Weekday,2-Car,No injury/unknown,FOLLOWING TOO CLOSELY,CURRY & W 3RD,39.16463971,-86.58292002
902508112,2023,8,6,2100,Weekend,2-Car,No injury/unknown,UNSAFE LANE MOVEMENT,PATTERSON,39.115248,-86.573504
902508259,2023,8,2,0,Weekday,2-Car,No injury/unknown,IMPROPER LANE USAGE,FLEENER & HASH,39.172656,-86.400688
902508260,2023,8,2,1200,Weekday,2-Car,No injury/unknown,FOLLOWING TOO CLOSELY,3RD & COLLEGE MALL,39.16424,-86.4984
902508271,2023,8,6,1700,Weekday,1-Car,No injury/unknown,RAN OFF ROAD RIGHT,S FAIRFAX & S OLD SR 37,0,0
902508339,2023,8,1,100,Weekend,1-Car,No injury/unknown,OTHER (DRIVER) - EXPLAIN IN NARRATIVE,17TH & WALNUT,39.17904,-86.53163343
902508356,2023,8,4,2200,Weekday,1-Car,No injury/unknown,ANIMAL/OBJECT IN ROADWAY,SR45W,0,0
902508574,2023,8,6,700,Weekday,2-Car,No injury/unknown,FAILURE TO YIELD RIGHT OF WAY,MAPLE GROVE & RIDGEWAY,0,0
902508575,2023,8,6,1300,Weekday,2-Car,No injury/unknown,FAILURE TO YIELD RIGHT OF WAY,RHORER & SOUTH WALNUT STREET,39.12144,-86.526496
902508576,2023,8,7,1300,Weekend,1-Car,No injury/unknown,RAN OFF ROAD RIGHT,KENT & MCGOWAN,0,0
902508594,2023,8,1,700,Weekend,1-Car,No injury/unknown,IMPROPER TURNING,STULL,0,0
902508834,2023,8,7,1800,Weekend,1-Car,Incapacitating,IMPROPER TURNING,W INDUSTRIAL PARK,0,0
902509034,2023,8,1,1100,Weekend,2-Car,No injury/unknown,FAILURE TO YIELD RIGHT OF WAY,10TH & COLLEGE,39.171744,-86.534768
902509035,2023,8,1,900,Weekend,3+ Cars,Incapacitating,DISREGARD SIGNAL/REG SIGN,SR37S & W TAPP,39.13704,-86.572896
902509092,2023,8,2,1700,Weekday,2-Car,No injury/unknown,OTHER (DRIVER) - EXPLAIN IN NARRATIVE,45,39.16424,-86.48664897
902509117,2023,8,7,1700,Weekend,2-Car,No injury/unknown,FOLLOWING TOO CLOSELY,E 3RD & S COLLEGE MALL,39.16424,-86.4984
902509135,2023,8,1,1400,Weekend,2-Car,No injury/unknown,OTHER (DRIVER) - EXPLAIN IN NARRATIVE,HIGH & MOORES,39.150544,-86.508288
902509295,2023,8,6,1200,Weekday,2-Car,No injury/unknown,UNSAFE BACKING,E 3RD,39.164465,-86.54881114
902509338,2023,8,1,1900,Weekday,2-Car,No injury/unknown,IMPROPER TURNING,SWAIN & THIRD,0,0
902509363,2023,8,1,1400,Weekend,2-Car,No injury/unknown,FOLLOWING TOO CLOSELY,1ST & S COLLEGE,39.17688,-86.534736
902509414,2023,8,6,1200,Weekday,2-Car,No injury/unknown,UNSAFE BACKING,DANIELS,39.16671172,-86.59908838
902510278,2023,8,2,900,Weekday,1-Car,No injury/unknown,UNSAFE BACKING,W 6TH & W JACKSON,39.16768,-86.539808
902510325,2023,8,7,1000,Weekend,2-Car,No injury/unknown,OTHER (VEHICLE) - EXPLAIN IN NARRATIVE,410 E 6TH & N GRANT,39.167712,-86.529696
902510654,2023,8,2,600,Weekday,2-Car,Incapacitating,DRIVER ASLEEP OR FATIGUED,SR37 & TAPP,39.13652039,-86.55490112
902510737,2023,8,1,1300,Weekend,2-Car,No injury/unknown,FAILURE TO YIELD RIGHT OF WAY,COTTAGE GROVE & INDIANA,39.17264,-86.52704
902510766,2023,8,2,1200,Weekday,2-Car,No injury/unknown,FAILURE TO YIELD RIGHT OF WAY,E 15TH & N WALNUTST,39.176848,-86.533424
902511055,2023,8,2,1500,Weekday,1-Car,No injury/unknown,OTHER (VEHICLE) - EXPLAIN IN NARRATIVE,RENWICK,39.14958954,-86.50096893
902511164,2023,8,2,1300,Weekday,1-Car,Incapacitating,DRIVER ILLNESS,RAMP 8 & SR37S,0,0
902511581,2023,8,2,1600,Weekday,2-Car,No injury/unknown,FOLLOWING TOO CLOSELY,LOVE & SR46W,39.219152,-86.602304
902511654,2023,8,2,1700,Weekday,2-Car,No injury/unknown,UNSAFE BACKING,1ST & WALKER,39.15946975,-86.54602886
902511939,2023,8,6,800,Weekday,2-Car,Incapacitating,OTHER (DRIVER) - EXPLAIN IN NARRATIVE,SMITHVILLE & SR37N,0,0
902512015,2023,8,2,1300,Weekday,2-Car,Non-incapacitating,FAILURE TO YIELD RIGHT OF WAY,BUICK CADILLAC & COLLEGE MALL,0,0
902512194,2023,9,3,700,Weekday,2-Car,No injury/unknown,UNSAFE SPEED,10TH & JORDAN,39.171552,-86.515728
902512396,2023,9,3,1000,Weekday,2-Car,No injury/unknown,FAILURE TO YIELD RIGHT OF WAY,COLLEGE MALL,39.16424,-86.4984
902512670,2023,8,2,1500,Weekday,Cyclist,No injury/unknown,OTHER (DRIVER) - EXPLAIN IN NARRATIVE,E COVENANTER & SO COLLEGE MALL,39.155152,-86.497888
902512758,2023,9,3,1200,Weekday,2-Car,No injury/unknown,DRIVER ASLEEP OR FATIGUED,SR37 & TAPP,0,0
902512796,2023,9,3,1300,Weekday,Bus,No injury/unknown,UNSAFE LANE MOVEMENT,BALFOUR & N JORDAN EXTENSION,39.18240585,-86.51259862
902513090,2023,9,3,1600,Weekday,2-Car,No injury/unknown,FOLLOWING TOO CLOSELY,HICKORY LEAF & SR45W,39.145152,-86.5776
902513094,2023,9,3,1300,Weekday,2-Car,No injury/unknown,FOLLOWING TOO CLOSELY,W 3RD,39.164752,-86.573104
902513122,2023,9,3,1300,Weekday,2-Car,No injury/unknown,UNSAFE BACKING,S COLLEGE,39.17088686,-86.534768
902513125,2023,9,3,1700,Weekday,2-Car,No injury/unknown,FOLLOWING TOO CLOSELY,COUNTRY CLUB & MADISON,0,0
902513181,2023,9,3,1700,Weekday,2-Car,No injury/unknown,IMPROPER PASSING,S COLLEGE,39.16115717,-86.53485253
902513384,2023,9,3,1200,Weekday,2-Car,No injury/unknown,UNSAFE LANE MOVEMENT,DANIELS,39.16809464,-86.6001892
902513424,2023,9,3,1000,Weekday,2-Car,No injury/unknown,OTHER (DRIVER) - EXPLAIN IN NARRATIVE,6TH & GRANT,39.16743734,-86.529696
902513438,2023,9,3,900,Weekday,2-Car,Incapacitating,FAILURE TO YIELD RIGHT OF WAY,BLUE RIDGE & WALNUT,39.19605806,-86.53409885
902513650,2023,9,4,1200,Weekday,2-Car,No injury/unknown,LEFT OF CENTER,GRIMES & WALNUT,39.15335029,-86.53371021
902513651,2023,9,3,1500,Weekday,2-Car,No injury/unknown,FAILURE TO YIELD RIGHT OF WAY,N MORTON & W 11TH,39.173216,-86.536
902513658,2023,8,5,1500,Weekday,2-Car,No injury/unknown,IMPROPER LANE USAGE,HAWTHORNE & HUNTER,39.16224,-86.52016
902513767,2023,9,4,1500,Weekday,2-Car,No injury/unknown,UNSAFE LANE MOVEMENT,10TH & JORDAN,39.17155391,-86.51590441
902513847,2023,9,4,1700,Weekday,2-Car,No injury/unknown,FOLLOWING TOO CLOSELY,HILLSIDE & WOODLAWN,39.15052995,-86.52261994
902513856,2023,9,4,1500,Weekday,2-Car,No injury/unknown,DRIVER DISTRACTED - EXPLAIN IN NARRATIVE,RAMP 8 & STATE ROAD 45,0,0
902513875,2023,9,4,1700,Weekday,2-Car,No injury/unknown,UNSAFE BACKING,E 3RD,39.164272,-86.50232131
902513920,2023,9,4,1600,Weekday,Bus,No injury/unknown,UNSAFE BACKING,W ALLEN,39.15574596,-86.54770384
902513974,2023,9,4,2200,Weekday,2-Car,No injury/unknown,FOLLOWING TOO CLOSELY,3RD & JORDAN,39.16424,-86.5164
902514043,2023,8,3,900,Weekday,2-Car,No injury/unknown,OVERCORRECTING/OVERSTEERING,ADAMS,39.164544,-86.552192
902514176,2023,9,5,1100,Weekday,2-Car,No injury/unknown,UNSAFE BACKING,W 3RD,39.16516495,-86.57852172
902514185,2023,9,5,1100,Weekday,2-Car,No injury/unknown,FAILURE TO YIELD RIGHT OF WAY,FOREST PARK & SR46W,39.2123644,-86.58817795
902514198,2023,9,5,1100,Weekday,2-Car,No injury/unknown,DISREGARD SIGNAL/REG SIGN,10TH & SR46W,39.171648,-86.502096
902514211,2023,9,5,1000,Weekday,2-Car,No injury/unknown,DRIVER DISTRACTED - EXPLAIN IN NARRATIVE,SR37S & VICTOR,39.105552,-86.551104
902514225,2023,9,5,1100,Weekday,2-Car,No injury/unknown,FAILURE TO YIELD RIGHT OF WAY,DANIELS WAY & STATE ROAD 48,39.15422548,-86.59909978
902514280,2023,9,5,900,Weekday,Moped/Motorcycle,Fatal,DISREGARD SIGNAL/REG SIGN,SR37S & VICTOR,39.105552,-86.551104
902514396,2023,9,5,1500,Weekday,2-Car,No injury/unknown,FAILURE TO YIELD RIGHT OF WAY,N WALNUT & W 7TH,39.16864,-86.533568
902514472,2023,9,5,1700,Weekday,2-Car,Non-incapacitating,FOLLOWING TOO CLOSELY,ATWATER & HIGHLAND,39.1632,-86.517584
902514496,2023,9,5,1900,Weekday,2-Car,No injury/unknown,DISREGARD SIGNAL/REG SIGN,3RD & LINCOLN,39.16464,-86.531024
902534157,2023,10,3,1500,Weekday,2-Car,No injury/unknown,STEERING FAILURE,LAKEVIEW & SR46W,39.22148334,-86.60616326
902534162,2023,10,3,1700,Weekday,2-Car,No injury/unknown,FAILURE TO YIELD RIGHT OF WAY,NORTH COLLEGE & WEST 11TH,39.173232,-86.534752
902534167,2023,10,3,1700,Weekday,3+ Cars,No injury/unknown,FOLLOWING TOO CLOSELY,SOUTH OLD STATE ROAD 37 & WAYSIDE,39.109248,-86.53128
902534178,2023,10,2,1300,Weekday,2-Car,No injury/unknown,IMPROPER TURNING,KIRKWOOD & NORTH WALNUT,39.16664,-86.5336
902534181,2023,10,3,2000,Weekday,2-Car,No injury/unknown,OTHER (DRIVER) - EXPLAIN IN NARRATIVE,2ND & MADISON,39.161488,-86.537296
902534221,2023,10,7,200,Weekend,1-Car,No injury/unknown,RAN OFF ROAD RIGHT,N BOTTOM & W MAPLE GROVE,39.24727991,-86.54774652
902534258,2023,10,1,100,Weekend,1-Car,No injury/unknown,ROADWAY SURFACE CONDITION,WEST ARLINGTON,39.185048,-86.550584
902534297,2023,10,5,1100,Weekday,1-Car,No injury/unknown,LEFT OF CENTER,E DEVINSHIRE COURT & RUSSELL ROAD,39.17996988,-86.48165355
902534299,2023,10,7,1600,Weekend,1-Car,No injury/unknown,ROADWAY SURFACE CONDITION,GIFFORD & PARK SQUARE,39.154448,-86.591696
902534300,2023,10,1,1400,Weekend,1-Car,No injury/unknown,DRIVER DISTRACTED - EXPLAIN IN NARRATIVE,LOESCH & W OLD VERNAL,39.29203297,-86.59263968
902534322,2023,10,4,700,Weekday,2-Car,No injury/unknown,IMPROPER LANE USAGE,3RD,39.164752,-86.573104
902534325,2023,10,3,1200,Weekday,2-Car,No injury/unknown,FOLLOWING TOO CLOSELY,CONSTITUSION & CURRY,0,0
902534376,2023,10,7,800,Weekend,1-Car,No injury/unknown,DRIVER DISTRACTED - EXPLAIN IN NARRATIVE,S ROCKPORT & S VICTOR,39.053744,-86.606304
902534381,2023,10,4,600,Weekday,1-Car,No injury/unknown,ANIMAL/OBJECT IN ROADWAY,17TH & SR46E,39.18077171,-86.50838423
902534491,2023,10,4,900,Weekday,2-Car,No injury/unknown,UNSAFE BACKING,12TH & INDIANA,39.174368,-86.527088
902534533,2023,10,4,1300,Weekday,2-Car,No injury/unknown,FAILURE TO YIELD RIGHT OF WAY,E THIRD & PETE ELLIS,39.16424,-86.495088
902534648,2023,10,4,1700,Weekday,2-Car,No injury/unknown,FOLLOWING TOO CLOSELY,SR37N & VERNAL,39.1775537,-86.5612041
902534658,2023,10,4,1500,Weekday,2-Car,Incapacitating,UNSAFE LANE MOVEMENT,W 3RD ST,39.164752,-86.573104
902534701,2023,10,4,1700,Weekday,2-Car,No injury/unknown,FOLLOWING TOO CLOSELY,E RHORER & S WALNUT STREET,39.12144,-86.526496
902534707,2023,10,2,2000,Weekday,2-Car,No injury/unknown,IMPROPER TURNING,N CURRY & WOODYARD,39.190672,-86.582992
902534716,2023,10,4,2000,Weekday,2-Car,No injury/unknown,FAILURE TO YIELD RIGHT OF WAY,10TH & INDIANA,39.17168,-86.527024
902534825,2023,10,5,0,Weekday,1-Car,Non-incapacitating,RAN OFF ROAD RIGHT,S KINGSTON,39.16658457,-86.49281455
902534888,2023,10,5,700,Weekday,2-Car,No injury/unknown,FOLLOWING TOO CLOSELY,2ND & S WALNUT,39.16144,-86.5336
902534942,2023,10,5,800,Weekday,2-Car,No injury/unknown,FOLLOWING TOO CLOSELY,3RD & INDIANA,39.164448,-86.5268
902534996,2023,10,5,800,Weekday,2-Car,No injury/unknown,FOLLOWING TOO CLOSELY,3RD & FACULTY,39.164352,-86.521088
902535191,2023,10,4,2200,Weekday,2-Car,Non-incapacitating,DISREGARD SIGNAL/REG SIGN,N OUTBACK & SR46W,0,0
902535257,2023,10,5,1500,Weekday,2-Car,No injury/unknown,OTHER (DRIVER) - EXPLAIN IN NARRATIVE,S CLARIZZ,39.152606,-86.492729
902535259,2023,10,5,1700,Weekday,2-Car,No injury/unknown,UNSAFE BACKING,HUNTER & SWAIN,39.15159628,-86.51525996
902535279,2023,10,5,1600,Weekday,1-Car,No injury/unknown,OTHER (DRIVER) - EXPLAIN IN NARRATIVE,STARNES,39.22110748,-86.66004943
902535327,2023,10,4,1800,Weekday,1-Car,Incapacitating,RAN OFF ROAD RIGHT,MCNEELY & UNION VALLEY,0,0
902535330,2023,10,5,1700,Weekday,2-Car,No injury/unknown,FAILURE TO YIELD RIGHT OF WAY,LIBERTY & W 3RD,39.16461021,-86.57910409
902535331,2023,10,5,1900,Weekday,2-Car,No injury/unknown,FAILURE TO YIELD RIGHT OF WAY,CURRY & W 3RD,39.16463971,-86.58292002
902535342,2023,10,5,1300,Weekday,2-Car,No injury/unknown,FOLLOWING TOO CLOSELY,E 2ND & S WASHINGTON,39.16144,-86.5324
902535359,2023,10,5,1700,Weekday,Moped/Motorcycle,Non-incapacitating,ROADWAY SURFACE CONDITION,10TH & TAMARRON,39.17361975,-86.48213486
902535370,2023,10,5,1300,Weekday,2-Car,No injury/unknown,IMPROPER TURNING,EAST 3RD,39.16416496,-86.49477459
902535396,2023,10,4,0,Weekday,2-Car,No injury/unknown,FAILURE TO YIELD RIGHT OF WAY,SR37N & VERNAL,39.176544,-86.5624
902535457,2023,10,3,1900,Weekday,2-Car,No injury/unknown,OTHER (DRIVER) - EXPLAIN IN NARRATIVE,N BRYAN,39.14184,-86.5364
902535513,2023,10,6,700,Weekday,Moped/Motorcycle,Non-incapacitating,FAILURE TO YIELD RIGHT OF WAY,ADAMS & PATTERSON,39.1626703,-86.55050882
902535818,2023,10,6,1400,Weekday,2-Car,Incapacitating,DISREGARD SIGNAL/REG SIGN,4TH & COLLEGE,39.16558988,-86.53488971
902535909,2023,10,3,1100,Weekday,2-Car,No injury/unknown,UNSAFE LANE MOVEMENT,6TH & WALNUT,39.167648,-86.533584
902535931,2023,10,6,1600,Weekday,2-Car,No injury/unknown,FAILURE TO YIELD RIGHT OF WAY,EDGEWOOD & SR46W,39.236288,-86.628336
902535942,2023,10,6,1500,Weekday,3+ Cars,No injury/unknown,FOLLOWING TOO CLOSELY,W 3RD,39.164752,-86.573104
902535975,2023,10,6,2000,Weekend,1-Car,No injury/unknown,OTHER (ENVIRONMENTAL) - EXPLAIN IN NARR,3RD & REISNER,39.16420989,-86.488
902536009,2023,10,6,2100,Weekend,Moped/Motorcycle,Incapacitating,RAN OFF ROAD RIGHT,S WALNUT & W ASSOCIATION,39.234688,-86.62792
902536064,2023,10,7,300,Weekend,1-Car,No injury/unknown,ANIMAL/OBJECT IN ROADWAY,SOUTHDOWNS & WOODLAWN,39.15578923,-86.52265606
902514606,2023,9,5,2200,Weekday,2-Car,No injury/unknown,FOLLOWING TOO CLOSELY,45 46 & THIRD,0,0
902514725,2023,8,5,2200,Weekday,2-Car,No injury/unknown,FAILURE TO YIELD RIGHT OF WAY,E RHORER & SOUTH WALNUT STREET,39.12144,-86.526496
902514726,2023,8,6,1500,Weekday,2-Car,Incapacitating,FAILURE TO YIELD RIGHT OF WAY,S OLD STATE ROAD 37 & W DILLMAN,39.092944,-86.544
902514817,2023,9,6,1000,Weekday,2-Car,No injury/unknown,FAILURE TO YIELD RIGHT OF WAY,E 2ND & S HENDERSON,39.16144,-86.527152
902514835,2023,9,6,900,Weekday,2-Car,No injury/unknown,FAILURE TO YIELD RIGHT OF WAY,10TH & SUNRISE,39.17475283,-86.51247985
902514943,2023,9,6,1200,Weekday,2-Car,No injury/unknown,FAILURE TO YIELD RIGHT OF WAY,E HUNTER & S WOODLAWN,39.1622103,-86.52263
902514984,2023,9,5,1800,Weekday,1-Car,Non-incapacitating,RAN OFF ROAD RIGHT,SR48W & W VERNAL,39.17662048,-86.5625099
902515048,2023,9,6,1400,Weekday,2-Car,No injury/unknown,FAILURE TO YIELD RIGHT OF WAY,CURRY & SR45E,39.142048,-86.582592
902515085,2023,9,6,1500,Weekday,2-Car,No injury/unknown,DRIVER DISTRACTED - EXPLAIN IN NARRATIVE,SAMPLE & SR37,39.21294425,-86.5228691
902515090,2023,9,6,1600,Weekday,2-Car,No injury/unknown,UNSAFE BACKING,17TH & N JORDAN,39.178848,-86.511088
902515116,2023,9,5,1900,Weekday,2-Car,No injury/unknown,IMPROPER TURNING,E 3RD,39.16443758,-86.54775367
902515171,2023,9,6,1600,Weekday,2-Car,Non-incapacitating,FOLLOWING TOO CLOSELY,10TH & SR 45 46,0,0
902515184,2023,9,6,2000,Weekend,2-Car,No injury/unknown,,SOUTH ROOSEVELT,39.16548058,-86.50607675
902515191,2023,9,6,1400,Weekday,1-Car,No injury/unknown,INSECURE/LEAKY LOAD,KINSER & SR46W,39.186544,-86.537888
902515193,2023,9,6,1500,Weekday,Pedestrian,Incapacitating,BRAKE FAILURE OR DEFECTIVE,SOUTH WALNUT STREET,39.129673,-86.532737
902515202,2023,9,6,1300,Weekday,2-Car,No injury/unknown,UNSAFE LANE MOVEMENT,E ATWATER & S DUNN,39.164448,-86.528096
902515213,2023,9,6,1800,Weekday,2-Car,Incapacitating,FAILURE TO YIELD RIGHT OF WAY,PATTERSON & W 3RD,39.16344009,-86.55130598
902515215,2023,8,5,1700,Weekday,2-Car,Non-incapacitating,FOLLOWING TOO CLOSELY,S WALKER & W 2ND,39.16142978,-86.54614023
902515232,2023,9,5,1700,Weekday,2-Car,Incapacitating,FAILURE TO YIELD RIGHT OF WAY,ACUFF & SR37,39.20824,-86.554704
902515238,2023,9,6,2200,Weekend,2-Car,No injury/unknown,DRIVER DISTRACTED - EXPLAIN IN NARRATIVE,MULLER,39.16180998,-86.56743228
902515274,2023,9,6,2300,Weekend,2-Car,No injury/unknown,DISREGARD SIGNAL/REG SIGN,SR37S & SR45W,39.148144,-86.572992
902515331,2023,9,5,1300,Weekday,2-Car,Non-incapacitating,LEFT OF CENTER,MAY & ROCKPORT,39.09344,-86.59384767
902515336,2023,9,6,1300,Weekday,2-Car,No injury/unknown,FAILURE TO YIELD RIGHT OF WAY,DODDS & WASHINGTON,39.15738031,-86.53243012
902515396,2023,9,6,900,Weekday,2-Car,No injury/unknown,FAILURE TO YIELD RIGHT OF WAY,S WALNUT & S WALNUT STREET,39.107344,-86.5264
902515407,2023,9,7,1000,Weekend,2-Car,Non-incapacitating,FOLLOWING TOO CLOSELY,N COLLEGE & W 11TH,39.173232,-86.534752
902515442,2023,9,6,1500,Weekday,2-Car,Non-incapacitating,FAILURE TO YIELD RIGHT OF WAY,3RD & PATTERSON,39.16344009,-86.55128002
902515483,2023,9,7,1400,Weekend,2-Car,No injury/unknown,UNSAFE LANE MOVEMENT,9TH & N WALNUT,39.170544,-86.533536
902515564,2023,9,5,1900,Weekday,Bus,No injury/unknown,IMPROPER PASSING,EAST 3RD & S BALLENTINE,39.16427024,-86.51912972
902515576,2023,9,7,1300,Weekend,1-Car,No injury/unknown,OTHER (DRIVER) - EXPLAIN IN NARRATIVE,W COUNTRYSIDE,39.13621644,-86.54190159
902515577,2023,9,7,1500,Weekend,2-Car,No injury/unknown,OTHER (DRIVER) - EXPLAIN IN NARRATIVE,E 10TH,39.171648,-86.50249682
902515587,2023,9,7,1100,Weekend,2-Car,No injury/unknown,IMPROPER TURNING,S COLLEGE,39.16115717,-86.53485253
902515676,2023,9,7,300,Weekend,1-Car,No injury/unknown,LEFT OF CENTER,SR37S & W THAT,39.115552,-86.564592
902515742,2023,9,6,700,Weekday,1-Car,No injury/unknown,RAN OFF ROAD RIGHT,EDGAR & HANDY,39.30328772,-86.48303993
902515840,2023,9,7,1200,Weekend,2-Car,No injury/unknown,OTHER (DRIVER) - EXPLAIN IN NARRATIVE,RHORER & S OLD STATE RD 37,39.12141994,-86.53134986
902515922,2023,9,1,2100,Weekday,Bus,No injury/unknown,LEFT OF CENTER,E UNIVERSITY & JORDAN,39.13900321,-86.51638984
902515937,2023,9,1,1600,Weekend,2-Car,Non-incapacitating,FOLLOWING TOO CLOSELY,EAST 3RD & SOUTH KINGSTON,39.16424,-86.492944
902515940,2023,9,1,1600,Weekend,2-Car,No injury/unknown,IMPROPER TURNING,3RD & HAWTHORNE,39.16425012,-86.52008995
902516042,2023,9,1,2300,Weekday,1-Car,Non-incapacitating,RAN OFF ROAD RIGHT,DUNN & OLD SR 37,39.208048,-86.528704
902516059,2023,9,1,1300,Weekend,2-Car,No injury/unknown,OTHER (VEHICLE) - EXPLAIN IN NARRATIVE,DUNN & E KIRKWOOD,39.16664,-86.528192
902516187,2023,9,6,1000,Weekday,2-Car,No injury/unknown,FAILURE TO YIELD RIGHT OF WAY,ALLEY & TEMPERANCE,0,0
902516278,2023,9,2,1200,Weekday,3+ Cars,Incapacitating,FOLLOWING TOO CLOSELY,SOUTH YONKERS & WEST TAPP,39.13704,-86.575296
902516322,2023,9,6,1500,Weekday,2-Car,No injury/unknown,FAILURE TO YIELD RIGHT OF WAY,SR37 & WEST FULLERTON,39.12221146,-86.57353973
902516362,2023,9,7,1500,Weekend,2-Car,No injury/unknown,UNSAFE BACKING,S LARKSPUR & WOODHILL,39.1672425,-86.54742971
902516397,2023,9,2,1700,Weekday,2-Car,No injury/unknown,FOLLOWING TOO CLOSELY,KIRKWOOD & ROGERS,39.166672,-86.538608
902516462,2023,9,3,0,Weekday,2-Car,No injury/unknown,UNSAFE BACKING,S UNION STREET,39.16435494,-86.509296
902516525,2023,9,2,1100,Weekday,2-Car,No injury/unknown,FOLLOWING TOO CLOSELY,S LEONARD SPRINGS & W TAPP,39.13704,-86.582512
902516553,2023,9,2,900,Weekday,2-Car,No injury/unknown,UNSAFE BACKING,S PARK,39.15334174,-86.52360065
902516691,2023,9,3,800,Weekday,2-Car,No injury/unknown,DISREGARD SIGNAL/REG SIGN,W 3RD,39.164752,-86.573104
902516792,2023,9,6,1900,Weekend,2-Car,No injury/unknown,,WEST 12TH,0,0
902517074,2023,9,3,1600,Weekday,2-Car,No injury/unknown,FAILURE TO YIELD RIGHT OF WAY,KINSER & SR46W,39.186544,-86.537888
902517075,2023,9,3,1500,Weekday,2-Car,No injury/unknown,FAILURE TO YIELD RIGHT OF WAY,2ND & COLLEGE,39.16089073,-86.53485679
902517103,2023,9,3,1700,Weekday,2-Car,No injury/unknown,FAILURE TO YIELD RIGHT OF WAY,SALE & SR46W,39.23421196,-86.62564939
902517113,2023,9,3,1300,Weekday,2-Car,No injury/unknown,IMPROPER TURNING,E 10TH,39.17157747,-86.51808392
902517138,2023,9,3,1500,Weekday,2-Car,No injury/unknown,FOLLOWING TOO CLOSELY,MATTHEWS & SR46W,39.23457579,-86.62613173
902517154,2023,9,3,1600,Weekday,2-Car,No injury/unknown,WRONG WAY ON ONE WAY,EAST ATWATER,39.16315913,-86.52214653
902517174,2023,9,3,1800,Weekday,Bus,No injury/unknown,FOLLOWING TOO CLOSELY,SR46 & UNIONVILLE,0,0
902517248,2023,9,3,1600,Weekday,2-Car,Non-incapacitating,FAILURE TO YIELD RIGHT OF WAY,BLOOMFIELD & CORY,39.157248,-86.559792
902517288,2023,9,3,2100,Weekday,2-Car,No injury/unknown,FAILURE TO YIELD RIGHT OF WAY,2ND & COLLEGE MALL,39.160944,-86.497696
902517290,2023,9,3,2300,Weekday,Pedestrian,Incapacitating,PEDESTRIAN ACTION,3RD & MEADOWBROOK,39.16424001,-86.48614805
902517535,2023,9,4,1000,Weekday,2-Car,No injury/unknown,LEFT OF CENTER,E BRAESIDE & N PETE ELLIS,39.168192,-86.49504
902517541,2023,9,3,600,Weekday,2-Car,No injury/unknown,UNSAFE BACKING,W SR 45,39.14186096,-86.5799179
902517555,2023,9,4,1200,Weekday,2-Car,No injury/unknown,FOLLOWING TOO CLOSELY,S MAPLE & W 2ND,39.161568,-86.542096
902517558,2023,9,4,1100,Weekday,2-Car,Non-incapacitating,DISREGARD SIGNAL/REG SIGN,FIRST & ROGERS,0,0
902517573,2023,9,4,1200,Weekday,2-Car,No injury/unknown,ROADWAY SURFACE CONDITION,S LIBERTY & W CONSTITUTION,39.149552,-86.575936
902517620,2023,9,4,1200,Weekday,2-Car,Non-incapacitating,FOLLOWING TOO CLOSELY,SO LIBERTY & W CONSTITUTION,39.14327171,-86.5768703
902517764,2023,9,4,1400,Weekday,2-Car,No injury/unknown,FOLLOWING TOO CLOSELY,SR 45 SR 46 BYPASS & WALNUT,39.186368,-86.5344
902517826,2023,9,4,1700,Weekday,2-Car,No injury/unknown,UNSAFE SPEED,HEADLEY & HINKLE,0,0
902517830,2023,9,4,1400,Weekday,3+ Cars,No injury/unknown,LEFT OF CENTER,DUNN & SR37N,0,0
902517835,2023,9,4,1500,Weekday,2-Car,No injury/unknown,BRAKE FAILURE OR DEFECTIVE,DUNN & N OLD SR 37,39.208048,-86.528704
902517911,2023,9,4,1500,Weekday,2-Car,No injury/unknown,FOLLOWING TOO CLOSELY,EAST EASTGATE & SR46W,39.17012768,-86.50154382
902517915,2023,9,7,1600,Weekend,2-Car,No injury/unknown,FOLLOWING TOO CLOSELY,AIRPORT & SR45W,39.136848,-86.593792
902517916,2023,9,4,1800,Weekday,1-Car,No injury/unknown,RAN OFF ROAD RIGHT,OLD RICHARDSON & SR446S,38.95078827,-86.42645263
902517917,2023,9,3,1300,Weekday,2-Car,No injury/unknown,IMPROPER LANE USAGE,S COLLEGE & W KIRKWOOD,39.16659974,-86.53488032
902517919,2023,9,4,1700,Weekday,2-Car,No injury/unknown,FAILURE TO YIELD RIGHT OF WAY,CURRY & PROFILE,0,0
902517922,2023,9,4,1400,Weekday,2-Car,Incapacitating,FAILURE TO YIELD RIGHT OF WAY,S WALNUT & S WALNUT STREET,39.107344,-86.5264
902517934,2023,9,4,1600,Weekday,3+ Cars,Incapacitating,FOLLOWING TOO CLOSELY,S MADISON & W COUNTRY CLUB,0,0