Master Record Number,Year,Month,Day,Hour,Weekend,Collision Type,Injury Type,Primary Factor,Reported_Location,Latitude,Longitude
902517947,2023,9,4,1400,Weekday,2-Car,No injury/unknown,FOLLOWING TOO CLOSELY,S COLLEGE & W 7TH,39.168656,-86.534784
902517951,2023,9,4,1500,Weekday,2-Car,Incapacitating,FAILURE TO YIELD RIGHT OF WAY,E MOORES & SR446S,39.150352,-86.471296
902517971,2023,9,4,1500,Weekday,1-Car,No injury/unknown,RAN OFF ROAD RIGHT,SHUFFLE CREEK & SOUTHSHORE,38.9864303,-86.40089631
902517982,2023,9,4,2200,Weekday,2-Car,No injury/unknown,FAILURE TO YIELD RIGHT OF WAY,COLLEGE MALL & E 2ND,39.160944,-86.497696
902518047,2023,9,4,1400,Weekday,2-Car,No injury/unknown,UNSAFE SPEED,10TH & FOREST,39.171616,-86.5224
902518073,2023,9,5,700,Weekday,2-Car,No injury/unknown,FAILURE TO YIELD RIGHT OF WAY,2ND & COLLEGE MALL,39.16121507,-86.49775284
902518119,2023,9,5,800,Weekday,2-Car,No injury/unknown,FAILURE TO YIELD RIGHT OF WAY,LEONARD SPRINGS,0,0
902518137,2023,9,4,1200,Weekday,2-Car,No injury/unknown,UNSAFE BACKING,E 4TH,39.165648,-86.529488
902518152,2023,9,5,900,Weekday,2-Car,No injury/unknown,UNSAFE LANE MOVEMENT,DRISCOLL & WALNUT,0,0
902518168,2023,9,5,900,Weekday,2-Car,No injury/unknown,OTHER (DRIVER) - EXPLAIN IN NARRATIVE,LIBERTY,39.189248,-86.531472
902518171,2023,9,4,1400,Weekday,2-Car,No injury/unknown,LEFT OF CENTER,BREEDEN & GRAVES,38.95254318,-86.67140007
902518209,2023,9,5,1100,Weekday,2-Car,No injury/unknown,OTHER (DRIVER) - EXPLAIN IN NARRATIVE,W KIRKWOOD,39.16664112,-86.53486029
902518355,2023,8,2,1600,Weekday,2-Car,No injury/unknown,FAILURE TO YIELD RIGHT OF WAY,E RHORER & S WALNUT STREET,39.12144,-86.526496
902518356,2023,8,3,1500,Weekday,1-Car,Incapacitating,UNSAFE SPEED,N STINESVILLE,39.29268509,-86.66157382
902518357,2023,8,4,2000,Weekday,2-Car,No injury/unknown,,W SUDBURY,39.14894812,-86.56257279
902518358,2023,9,3,1500,Weekday,2-Car,No injury/unknown,FAILURE TO YIELD RIGHT OF WAY,E MOFFETT & S HARRELL,39.099792,-86.498448
902518359,2023,9,3,2000,Weekday,1-Car,No injury/unknown,UNSAFE BACKING,N MUIRFIELD & W DONEGAL,0,0
902518361,2023,9,3,2100,Weekday,1-Car,No injury/unknown,RAN OFF ROAD RIGHT,S HARMONY & W KIRKSVILLE,39.086544,-86.6384
902518367,2023,9,3,1000,Weekday,2-Car,No injury/unknown,OTHER (DRIVER) - EXPLAIN IN NARRATIVE,STATE ROAD 45,39.14186,-86.579917
902518384,2023,9,4,1500,Weekday,2-Car,No injury/unknown,FOLLOWING TOO CLOSELY,S RAYLE & W TAPP,39.13704,-86.577504
902518385,2023,9,4,1800,Weekday,3+ Cars,No injury/unknown,RAN OFF ROAD RIGHT,EAST STATE ROAD 45 & N SHUFFLE CREEK,0,0
902518465,2023,9,4,2200,Weekday,2-Car,No injury/unknown,FOLLOWING TOO CLOSELY,TENTH & UNION,0,0
902518566,2023,9,5,1800,Weekday,2-Car,No injury/unknown,,GATES,0,0
902518578,2023,9,5,1700,Weekday,2-Car,Incapacitating,FAILURE TO YIELD RIGHT OF WAY,ADAMS HILL & COUNTRYSIDE,39.14240018,-86.55080996
902518582,2023,9,5,1700,Weekday,Cyclist,Incapacitating,IMPROPER PASSING,E LAW & N JORDAN,39.173552,-86.515488
902518584,2023,9,5,1400,Weekday,Pedestrian,Non-incapacitating,IMPROPER TURNING,7TH & JORDAN,39.16921765,-86.51598578
902518598,2023,9,5,1900,Weekday,2-Car,No injury/unknown,UNSAFE LANE MOVEMENT,ATWATER & E 3RD,39.164448,-86.528096
902518626,2023,9,5,1300,Weekday,2-Car,No injury/unknown,FAILURE TO YIELD RIGHT OF WAY,11TH & WOODLAWN,39.17344,-86.523616
902518633,2023,9,5,1300,Weekday,2-Car,No injury/unknown,OTHER (DRIVER) - EXPLAIN IN NARRATIVE,N WALNUT,39.16865861,-86.53356767
902518635,2023,9,5,1900,Weekday,1-Car,No injury/unknown,UNSAFE BACKING,S LEONARD SPRINGS,39.13180829,-86.58251057
902518651,2023,9,5,2100,Weekday,1-Car,No injury/unknown,ANIMAL/OBJECT IN ROADWAY,CAPITOL & SR46W,0,0
902518722,2023,9,6,300,Weekday,1-Car,No injury/unknown,ANIMAL/OBJECT IN ROADWAY,E MONROE DAM & SR37S,39.01869961,-86.53642581
902518819,2023,9,6,800,Weekday,2-Car,No injury/unknown,FOLLOWING TOO CLOSELY,E HILLSIDE & NANCY,39.150544,-86.511088
902518842,2023,9,4,1600,Weekday,2-Car,No injury/unknown,SPEED TOO FAST FOR WEATHER CONDITIONS,REEVES & THOMAS,39.231152,-86.6308
902518894,2023,9,6,1100,Weekday,1-Car,No injury/unknown,RAN OFF ROAD RIGHT,DUNN & OLD SR 37,39.208048,-86.528704
902518922,2023,9,6,1200,Weekday,2-Car,No injury/unknown,SPEED TOO FAST FOR WEATHER CONDITIONS,10TH & 4546,39.176848,-86.478192
902518942,2023,9,6,1100,Weekday,2-Car,No injury/unknown,SPEED TOO FAST FOR WEATHER CONDITIONS,17TH & SR4546E,39.17984,-86.507088
902518945,2023,9,6,1100,Weekday,2-Car,No injury/unknown,UNSAFE LANE MOVEMENT,3RD & HAWTHORNE,39.16425012,-86.52008995
902519231,2023,9,6,1400,Weekday,2-Car,No injury/unknown,ROADWAY SURFACE CONDITION,10TH & SR4546E,39.176848,-86.478192
902519239,2023,9,6,1500,Weekday,2-Car,No injury/unknown,FOLLOWING TOO CLOSELY,10TH & FEE,39.17157638,-86.51798237
902519250,2023,9,6,1300,Weekday,3+ Cars,Incapacitating,FOLLOWING TOO CLOSELY,3RD & ROOSEVELT,39.164304,-86.505792
902519313,2023,9,6,1000,Weekday,2-Car,No injury/unknown,UNSAFE LANE MOVEMENT,SR37S & THAT,39.11516902,-86.5640865
902519324,2023,9,6,1500,Weekday,1-Car,Non-incapacitating,SPEED TOO FAST FOR WEATHER CONDITIONS,DUNN & OLD STATE 37,39.208048,-86.528704
902519337,2023,9,6,1500,Weekday,2-Car,Incapacitating,DRIVER DISTRACTED - EXPLAIN IN NARRATIVE,PINEHURST & TAPP,0,0
902519345,2023,9,6,1500,Weekday,2-Car,No injury/unknown,FOLLOWING TOO CLOSELY,RANGE & SR 4546,0,0
902519353,2023,9,6,1000,Weekday,2-Car,No injury/unknown,IMPROPER TURNING,N UNION,39.172144,-86.509392
902519375,2023,9,6,1500,Weekday,2-Car,No injury/unknown,FOLLOWING TOO CLOSELY,S CURRY & W ROLL,39.14719999,-86.58259011
902519377,2023,9,6,1800,Weekday,2-Car,No injury/unknown,FAILURE TO YIELD RIGHT OF WAY,2ND & WALNUT,39.16144,-86.5336
902519409,2023,9,6,1800,Weekday,1-Car,No injury/unknown,UNSAFE BACKING,EAST 3RD,39.16389465,-86.52137756
902519417,2023,9,6,1800,Weekday,2-Car,No injury/unknown,FAILURE TO YIELD RIGHT OF WAY,WALNUT & WINSLOW,39.136144,-86.528688
902519423,2023,9,6,1300,Weekday,2-Car,No injury/unknown,FAILURE TO YIELD RIGHT OF WAY,N KINSER & W GOURLEY,39.185392,-86.537856
902519434,2023,9,5,1700,Weekday,2-Car,No injury/unknown,FOLLOWING TOO CLOSELY,AIRPORT & SR45W,39.13701509,-86.5935121
902519435,2023,9,6,1600,Weekday,2-Car,No injury/unknown,OTHER (ENVIRONMENTAL) - EXPLAIN IN NARR,FORREST PARK & SMITH,0,0
902519437,2023,9,6,1800,Weekday,1-Car,No injury/unknown,RAN OFF ROAD RIGHT,N OLD ST RD 37 & SAMPLE,0,0
902519453,2023,9,6,1800,Weekday,1-Car,No injury/unknown,RAN OFF ROAD RIGHT,S LEONARD SPRINGS & W SIMMS,39.1055118,-86.58258005
902519463,2023,9,6,1800,Weekday,2-Car,No injury/unknown,FAILURE TO YIELD RIGHT OF WAY,LAMPKINS RIDGE & SR446,39.150352,-86.471296
902519472,2023,9,6,1600,Weekday,2-Car,No injury/unknown,BRAKE FAILURE OR DEFECTIVE,E 10TH & SR45S,39.176848,-86.478192
902519473,2023,9,6,1100,Weekday,2-Car,No injury/unknown,UNSAFE LANE MOVEMENT,E 3RD & S HAWTHRONE,39.16425012,-86.52008995
902519497,2023,9,6,2000,Weekend,2-Car,No injury/unknown,FOLLOWING TOO CLOSELY,10TH & JORDAN,39.171552,-86.515728
902519538,2023,9,6,1100,Weekday,2-Car,No injury/unknown,SPEED TOO FAST FOR WEATHER CONDITIONS,SR 46 BYPASS & SR46E,39.18666077,-86.54194208
902519568,2023,9,3,600,Weekday,2-Car,No injury/unknown,FAILURE TO YIELD RIGHT OF WAY,GORDON & ROGERS,39.121648,-86.539088
902519569,2023,9,3,1300,Weekday,1-Car,No injury/unknown,ANIMAL/OBJECT IN ROADWAY,8500 LITTLE WOLF MOUNTAIN & MT CARMEL,39.08413996,-86.66274391
902519614,2023,9,1,700,Weekend,1-Car,No injury/unknown,ANIMAL/OBJECT IN ROADWAY,OLD DUTCH & SR446S,0,0
902519633,2023,9,5,1900,Weekday,1-Car,No injury/unknown,RAN OFF ROAD RIGHT,N TUNNEL & SR45E,39.22798102,-86.43392536
902519677,2023,9,7,1000,Weekend,3+ Cars,Incapacitating,FOLLOWING TOO CLOSELY,SR37N & W VERNAL,39.17735176,-86.56144328
902519707,2023,9,7,1400,Weekend,3+ Cars,Non-incapacitating,FOLLOWING TOO CLOSELY,ROGERS & W 2ND,39.16140027,-86.5387049
902519709,2023,9,7,1400,Weekend,2-Car,No injury/unknown,FOLLOWING TOO CLOSELY,MOODY & S HENDERSON,39.148064,-86.526912
902519732,2023,9,7,1400,Weekend,Moped/Motorcycle,Non-incapacitating,FAILURE TO YIELD RIGHT OF WAY,E ATWATER & S FESS,39.163328,-86.525808
902519763,2023,9,7,1200,Weekend,2-Car,Incapacitating,FAILURE TO YIELD RIGHT OF WAY,AIRPORT & BUNGER,39.136848,-86.606
902519769,2023,9,7,1600,Weekend,2-Car,No injury/unknown,FOLLOWING TOO CLOSELY,OUTBACK & SR46W,39.21467972,-86.59262847
902519799,2023,9,7,1700,Weekend,3+ Cars,Incapacitating,FOLLOWING TOO CLOSELY,HILLSIDE & PARK,39.150752,-86.523696
902519813,2023,9,7,1900,Weekend,2-Car,No injury/unknown,FAILURE TO YIELD RIGHT OF WAY,14TH & LINCOLN,39.176,-86.530896
902519829,2023,9,7,300,Weekend,2-Car,No injury/unknown,LEFT OF CENTER,BAYLES & STATE ROAD 37 BUISNESS N,39.20752912,-86.53700999
902519830,2023,9,7,600,Weekend,1-Car,No injury/unknown,RAN OFF ROAD RIGHT,BOTTOM & W SIMPSON CHAPEL,39.26976,-86.5476
902519831,2023,9,7,2000,Weekend,2-Car,Non-incapacitating,FAILURE TO YIELD RIGHT OF WAY,S BUNGER & SR45W,39.12936,-86.604336
902519832,2023,9,7,2000,Weekend,3+ Cars,Incapacitating,FOLLOWING TOO CLOSELY,SR37N & VERNAL,39.176544,-86.5624
902519848,2023,9,7,2000,Weekend,2-Car,No injury/unknown,IMPROPER PASSING,DUNN,39.17914376,-86.52825795
902519855,2023,9,7,2100,Weekend,3+ Cars,No injury/unknown,IMPROPER TURNING,13TH & FEE,39.175152,-86.518992
902519872,2023,9,7,1800,Weekend,2-Car,No injury/unknown,IMPROPER LANE USAGE,S DUNN,39.164048,-86.5284
902519918,2023,9,6,2300,Weekend,1-Car,Non-incapacitating,RAN OFF ROAD RIGHT,POPCORN & THIRD,39.01211992,-86.54903362
902519955,2023,9,7,2000,Weekend,2-Car,No injury/unknown,UNSAFE BACKING,216 N WALNUT & 6TH,39.167648,-86.533584
902519975,2023,9,7,1700,Weekend,1-Car,No injury/unknown,OTHER (DRIVER) - EXPLAIN IN NARRATIVE,STATE ROAD 446,0,0
902519999,2023,9,1,900,Weekend,2-Car,No injury/unknown,FAILURE TO YIELD RIGHT OF WAY,4100 BLK  HARTSTRAIT & 4100 HARTSTRAIT,0,0
902520096,2023,9,1,1700,Weekend,2-Car,No injury/unknown,FAILURE TO YIELD RIGHT OF WAY,E 10TH & GRANT,39.171696,-86.529696
902520101,2023,9,5,1200,Weekday,1-Car,No injury/unknown,RAN OFF ROAD RIGHT,GARRISON CHAPEL & SPICER,39.141648,-86.6428
902520102,2023,9,7,1800,Weekend,Moped/Motorcycle,Incapacitating,ROADWAY SURFACE CONDITION,FULLERTON & SHARON,39.12235033,-86.57627895
902520113,2023,9,1,1800,Weekend,2-Car,No injury/unknown,FAILURE TO YIELD RIGHT OF WAY,E 3RD & S UNION,39.164352,-86.5088
902520400,2023,9,2,800,Weekday,2-Car,No injury/unknown,UNSAFE LANE MOVEMENT,E 3RD & E ATWATER,39.164448,-86.528096
902520460,2023,8,4,800,Weekday,1-Car,No injury/unknown,RAN OFF ROAD RIGHT,HAYS & SR446S,39.05202144,-86.40841667
902520491,2023,9,2,800,Weekday,2-Car,No injury/unknown,OTHER (DRIVER) - EXPLAIN IN NARRATIVE,WALNUT & WINSLOW,39.13597025,-86.5311098
902520500,2023,9,2,1000,Weekday,2-Car,Non-incapacitating,OTHER (DRIVER) - EXPLAIN IN NARRATIVE,SR37N & W VERNAL,39.176544,-86.5624
902520516,2023,9,2,1100,Weekday,2-Car,No injury/unknown,FOLLOWING TOO CLOSELY,MEADOWBROOK & SARE,0,0
902520525,2023,9,2,1200,Weekday,2-Car,No injury/unknown,FAILURE TO YIELD RIGHT OF WAY,N COLLEGE & W 7TH,39.168656,-86.534784
902520681,2023,9,7,1500,Weekend,Moped/Motorcycle,No injury/unknown,SPEED TOO FAST FOR WEATHER CONDITIONS,CHAPEL HILL & SR446N,39.02483704,-86.40536989
902520682,2023,9,7,1500,Weekend,1-Car,No injury/unknown,SPEED TOO FAST FOR WEATHER CONDITIONS,CHAPEL HILL & SR446N,39.02483704,-86.40536989
902520821,2023,9,2,1400,Weekday,Moped/Motorcycle,Non-incapacitating,DISREGARD SIGNAL/REG SIGN,HILLSIDE & WALNUT,39.150544,-86.5336
902520897,2023,9,2,1800,Weekday,2-Car,No injury/unknown,UNSAFE LANE MOVEMENT,E 3RD & FOREST,0,0
902520924,2023,9,2,1700,Weekday,2-Car,No injury/unknown,FAILURE TO YIELD RIGHT OF WAY,E 8TH,39.169552,-86.53080686
902520961,2023,9,6,1400,Weekday,2-Car,Fatal,LEFT OF CENTER,PINE GROVE & SR446,39.10070877,-86.42868575
902520991,2023,9,3,100,Weekday,2-Car,No injury/unknown,OTHER (DRIVER) - EXPLAIN IN NARRATIVE,UNIVERSITY & WOODLAWN,39.160304,-86.52256
902521024,2023,9,2,1100,Weekday,2-Car,No injury/unknown,OVERCORRECTING/OVERSTEERING,E 3RD,39.16423861,-86.49522852
902521110,2023,9,3,800,Weekday,2-Car,No injury/unknown,OTHER (DRIVER) - EXPLAIN IN NARRATIVE,NORTH LINCOLN,39.17081214,-86.53109505
902521113,2023,9,3,900,Weekday,2-Car,No injury/unknown,UNSAFE BACKING,E3RD,0,0
902521121,2023,9,3,900,Weekday,2-Car,No injury/unknown,UNSAFE SPEED,10TH & WALNUT,39.1716,-86.520896
902521122,2023,9,3,800,Weekday,3+ Cars,Incapacitating,FAILURE TO YIELD RIGHT OF WAY,E RHORER & S SARE,39.12144005,-86.51157997
902521162,2023,9,3,800,Weekday,2-Car,No injury/unknown,FAILURE TO YIELD RIGHT OF WAY,N MADISON & W 17TH,39.178992,-86.537792
902521164,2023,9,3,1000,Weekday,2-Car,No injury/unknown,UNSAFE BACKING,E CREEKS EDGE,39.12821665,-86.50074921
902521220,2023,9,3,1000,Weekday,Bus,No injury/unknown,OTHER (DRIVER) - EXPLAIN IN NARRATIVE,S ROGERS & W KIRKWOOD,0,0
902521328,2023,9,2,1200,Weekday,1-Car,No injury/unknown,RAN OFF ROAD RIGHT,MT GILEAD,0,0
902521373,2023,9,2,2000,Weekday,2-Car,No injury/unknown,UNSAFE BACKING,E 17TH,39.17895065,-86.52955121
902521385,2023,9,3,1100,Weekday,2-Car,No injury/unknown,UNSAFE LANE MOVEMENT,11TH & 11TH AND FEE GARAGE,0,0
902521386,2023,9,3,700,Weekday,Cyclist,Non-incapacitating,UNSAFE SPEED,10TH & 2451 E 10TH (WEST DRIVE),0,0
902521415,2023,9,6,1400,Weekday,Moped/Motorcycle,No injury/unknown,SPEED TOO FAST FOR WEATHER CONDITIONS,S ROGERS & W CLEAR CREEK,39.14285999,-86.53976999
902521416,2023,9,3,1200,Weekday,2-Car,No injury/unknown,UNSAFE LANE MOVEMENT,E ATWATER,0,0
902521555,2023,9,3,1500,Weekday,2-Car,No injury/unknown,FOLLOWING TOO CLOSELY,ATWATER & FESS,0,0
902521556,2023,9,3,1600,Weekday,3+ Cars,No injury/unknown,FOLLOWING TOO CLOSELY,7TH & SR46S,39.167648,-86.500096
902521560,2023,9,3,1600,Weekday,2-Car,No injury/unknown,FOLLOWING TOO CLOSELY,E 10TH & N WALNUT GROVE,39.1716,-86.520896
902521609,2023,9,3,1700,Weekday,3+ Cars,Incapacitating,FAILURE TO YIELD RIGHT OF WAY,RANGE & SR46N,39.171504,-86.495312
902521647,2023,9,3,1900,Weekday,2-Car,Incapacitating,FAILURE TO YIELD RIGHT OF WAY,COLLEGE & E 3RD,39.16464,-86.534816
902521686,2023,9,2,1800,Weekday,Bus,No injury/unknown,FOLLOWING TOO CLOSELY,KIRKWOOD & WASHINGTON,39.16664,-86.5324
902521793,2023,9,3,1300,Weekday,2-Car,No injury/unknown,UNSAFE BACKING,10TH & CROSSTOWN I,0,0
902521795,2023,9,3,1300,Weekday,1-Car,No injury/unknown,UNSAFE BACKING,S PARK RIDGE,39.16500473,-86.47569274
902521876,2023,9,3,1100,Weekday,2-Car,Incapacitating,UNSAFE LANE MOVEMENT,10TH & 2719 E 10TH ENTRANCE,0,0
902521904,2023,9,3,1400,Weekday,1-Car,No injury/unknown,RAN OFF ROAD RIGHT,COYLE & SHILO,39.2650628,-86.44043949
902522094,2023,9,4,900,Weekday,Cyclist,Incapacitating,FAILURE TO YIELD RIGHT OF WAY,3RD & BALLANTINE,39.16427024,-86.51912972
902522095,2023,9,4,1300,Weekday,2-Car,No injury/unknown,FAILURE TO YIELD RIGHT OF WAY,ATWATER & FESS,39.16312024,-86.52590028
902522111,2023,9,7,1700,Weekend,2-Car,No injury/unknown,OTHER (DRIVER) - EXPLAIN IN NARRATIVE,SR446E,39.148464,-86.471256
902522116,2023,9,7,2200,Weekend,1-Car,No injury/unknown,OTHER (DRIVER) - EXPLAIN IN NARRATIVE,10TH & DUNN,39.17168,-86.528256
902522259,2023,9,4,1500,Weekday,2-Car,No injury/unknown,FAILURE TO YIELD RIGHT OF WAY,MORTON & W 11TH,39.173216,-86.536
902522284,2023,9,4,600,Weekday,2-Car,No injury/unknown,UNSAFE BACKING,E 3RD,39.16426743,-86.50104686
902522346,2023,8,7,300,Weekend,2-Car,No injury/unknown,FOLLOWING TOO CLOSELY,EAST 10TH & NORTH SMITH,39.172752,-86.482288
902522354,2023,9,4,1700,Weekday,2-Car,No injury/unknown,FAILURE TO YIELD RIGHT OF WAY,800 CORY & BLOOMFIELD,0,0
902522369,2023,9,4,1700,Weekday,2-Car,No injury/unknown,FOLLOWING TOO CLOSELY,SR37S & W TAPP,39.13758929,-86.57290278
902522514,2023,9,5,800,Weekday,2-Car,No injury/unknown,OTHER (ENVIRONMENTAL) - EXPLAIN IN NARR,CABOT & SHEFFIELD,39.170144,-86.476192
902522575,2023,9,5,900,Weekday,2-Car,No injury/unknown,UNSAFE BACKING,W 3RD,39.164848,-86.5761011
902522706,2023,9,5,1000,Weekday,1-Car,No injury/unknown,OBSTRUCTION NOT MARKED,CURRY & PROFILE,39.17196013,-86.5829797
902522711,2023,9,5,900,Weekday,2-Car,Incapacitating,FAILURE TO YIELD RIGHT OF WAY,E LONGVIRW & N PETE ELLIS,39.16691778,-86.49492168
902522714,2023,9,7,1500,Weekend,2-Car,No injury/unknown,UNSAFE BACKING,E 3RD,39.16456,-86.5550845
902522759,2023,9,5,900,Weekday,2-Car,Non-incapacitating,FAILURE TO YIELD RIGHT OF WAY,6TH & ROGERS,39.16768,-86.538592
902522794,2023,9,3,1600,Weekday,2-Car,No injury/unknown,FAILURE TO YIELD RIGHT OF WAY,LOESCH & VERNAL,39.186352,-86.592896
902522828,2023,9,5,1300,Weekday,2-Car,No injury/unknown,FOLLOWING TOO CLOSELY,BLOOMFIELD & CORY,39.157248,-86.559792
902522838,2023,9,5,700,Weekday,1-Car,No injury/unknown,ANIMAL/OBJECT IN ROADWAY,NORTH BRUMMETTS CREEK & SR46E,39.151552,-86.389584
902522839,2023,9,5,700,Weekday,2-Car,No injury/unknown,ANIMAL/OBJECT IN ROADWAY,HARTSTRAIT & WALCOTT,39.20132026,-86.61140133
902522931,2023,9,5,1700,Weekday,2-Car,Incapacitating,FOLLOWING TOO CLOSELY,10TH & SUNRISE,39.17157993,-86.51247985
902522945,2023,9,5,1700,Weekday,3+ Cars,No injury/unknown,FOLLOWING TOO CLOSELY,E 17TH & N FORREST,39.1790197,-86.52249991
902523028,2023,9,3,1600,Weekday,3+ Cars,No injury/unknown,FOLLOWING TOO CLOSELY,S CURRY & SR45W,39.14179032,-86.58321159
902523031,2023,9,5,1700,Weekday,2-Car,Non-incapacitating,FOLLOWING TOO CLOSELY,S WALNUT & WINSLOW,0,0
902523041,2023,9,5,1700,Weekday,Pedestrian,Non-incapacitating,PEDESTRIAN ACTION,JORDAN & TENTH,0,0
902523132,2023,9,3,1700,Weekday,1-Car,No injury/unknown,BRAKE FAILURE OR DEFECTIVE,SHEILDS RIDGE RD & SHIELDS RIDGE AND HANDY RD,0,0
902523253,2023,9,3,2100,Weekday,1-Car,No injury/unknown,RAN OFF ROAD RIGHT,BREEDEN & TOM PHILLIPS,39.07208387,-86.67344892
902523342,2023,9,6,1100,Weekday,2-Car,No injury/unknown,FOLLOWING TOO CLOSELY,N KINSER & W WINDING WAY,39.198144,-86.542096
902523376,2023,9,5,1500,Weekday,1-Car,No injury/unknown,OTHER (DRIVER) - EXPLAIN IN NARRATIVE,PARK SQUARE & WOODSIDE,39.15903026,-86.59177738
902523451,2023,9,6,1200,Weekday,2-Car,No injury/unknown,FOLLOWING TOO CLOSELY,THIRD,39.164752,-86.573104
902523457,2023,9,6,1000,Weekday,Bus,No injury/unknown,UNSAFE LANE MOVEMENT,45 46 & N WALNUT,0,0
902523493,2023,9,6,1300,Weekday,2-Car,No injury/unknown,UNSAFE LANE MOVEMENT,E 10TH,39.17168,-86.52802971
902523548,2023,9,6,1400,Weekday,2-Car,No injury/unknown,FAILURE TO YIELD RIGHT OF WAY,10TH & LINCOLN,39.171712,-86.530992
902523716,2023,9,7,2300,Weekend,1-Car,No injury/unknown,ANIMAL/OBJECT IN ROADWAY,INGRAM & SR37S,38.99338926,-86.53726441
902523753,2023,9,6,2200,Weekend,Bus,No injury/unknown,OVERSIZE/OVERWEIGHT LOAD,NORTH JORDAN,39.16711003,-86.51624299
902523764,2023,9,6,2200,Weekend,2-Car,No injury/unknown,IMPROPER TURNING,VARSITY,39.18357086,-86.52965545
902523801,2023,9,6,1000,Weekday,2-Car,Incapacitating,FOLLOWING TOO CLOSELY,17TH & LINCOLN,39.17904,-86.53155377
902524013,2023,9,7,1500,Weekend,2-Car,No injury/unknown,FOLLOWING TOO CLOSELY,S CURRY,39.142048,-86.582592
902524028,2023,9,6,1700,Weekday,2-Car,No injury/unknown,CELL PHONE USAGE,WINSLOW,39.136144,-86.523744
902524052,2023,9,7,1600,Weekend,2-Car,No injury/unknown,UNSAFE LANE MOVEMENT,9TH & INDIANA,39.170544,-86.526992
902524061,2023,9,7,1500,Weekend,2-Car,No injury/unknown,FOLLOWING TOO CLOSELY,E BUICK CADALLIC & S COLLEGE MALL,0,0
902524070,2023,9,6,1300,Weekday,2-Car,Non-incapacitating,FAILURE TO YIELD RIGHT OF WAY,S JOHNSON & W BEAUMONT,39.165968,-86.564992
902524080,2023,9,6,1500,Weekday,2-Car,No injury/unknown,FOLLOWING TOO CLOSELY,BRYANTS CREEK & SR37N,39.32635039,-86.51470169
902524081,2023,9,6,1800,Weekday,2-Car,No injury/unknown,UNSAFE BACKING,SR 45,39.14186096,-86.5799179
902524311,2023,9,1,1300,Weekend,2-Car,No injury/unknown,UNSAFE LANE MOVEMENT,10TH & COLLEGE,39.171744,-86.534768
902524329,2023,9,1,1300,Weekend,2-Car,No injury/unknown,FOLLOWING TOO CLOSELY,SR46W & UNION VALLEY,39.21253345,-86.58870047
902524352,2023,9,1,1500,Weekend,2-Car,No injury/unknown,,W 3RD,39.164848,-86.57464947
902524395,2023,9,1,1600,Weekend,2-Car,No injury/unknown,FOLLOWING TOO CLOSELY,E 13TH & N FEE,39.175152,-86.518992
902524402,2023,9,7,2100,Weekend,2-Car,No injury/unknown,IMPROPER PASSING,INDIANA & THIRTEENTH,0,0
902524443,2023,9,1,1600,Weekend,2-Car,No injury/unknown,,17TH & JORDAN,39.178848,-86.511088
902524460,2023,9,1,1300,Weekend,2-Car,No injury/unknown,FOLLOWING TOO CLOSELY,CAVE & SR48W,39.16387512,-86.6342742
902524512,2023,9,1,800,Weekend,2-Car,No injury/unknown,RAN OFF ROAD RIGHT,BETHEL & SR45E,39.21033428,-86.46288496
902524639,2023,9,7,1300,Weekend,2-Car,No injury/unknown,UNSAFE LANE MOVEMENT,8TH & COLLEGE,39.169552,-86.534784
902524647,2023,9,2,700,Weekday,2-Car,Incapacitating,FAILURE TO YIELD RIGHT OF WAY,GRIMES & WALNUT,39.15335029,-86.53371021
902524678,2023,9,6,1200,Weekday,1-Car,No injury/unknown,FAILURE TO YIELD RIGHT OF WAY,REDHILL & SR46W,39.26932907,-86.63478088
902524739,2023,9,2,900,Weekday,2-Car,No injury/unknown,IMPROPER TURNING,E 3RD,39.16456,-86.5550845
902524771,2023,9,2,900,Weekday,2-Car,No injury/unknown,UNSAFE BACKING,1001 E 17TH (SOUTH DRIVE) & 17TH,39.23186409,-86.53349103
902524838,2023,9,2,1100,Weekday,1-Car,No injury/unknown,OBSTRUCTION NOT MARKED,N JORDAN,39.1676,-86.516168
902524865,2023,9,2,1100,Weekday,2-Car,No injury/unknown,DISREGARD SIGNAL/REG SIGN,ATWATER & S HENDERSON,39.16313969,-86.52727022
902524892,2023,9,2,1100,Weekday,2-Car,No injury/unknown,IMPROPER TURNING,6TH & INDIANA (VON LEE LOT),39.167744,-86.526928
902524903,2023,9,5,1700,Weekday,2-Car,No injury/unknown,UNSAFE BACKING,LIBERTY,39.145264,-86.577616
902525005,2023,9,2,1400,Weekday,2-Car,No injury/unknown,FAILURE TO YIELD RIGHT OF WAY,E 19TH & LINCOLN,39.18112,-86.530816
902525033,2023,9,2,800,Weekday,2-Car,No injury/unknown,UNSAFE BACKING,E 7TH,39.168752,-86.5436
902525056,2023,9,2,700,Weekday,1-Car,No injury/unknown,ANIMAL/OBJECT IN ROADWAY,SR37S & VERNAL,39.17662048,-86.56252288
902525065,2023,9,2,1600,Weekday,Cyclist,No injury/unknown,FAILURE TO YIELD RIGHT OF WAY,E KIRKWOOD & S WOODLAWN,39.16677006,-86.52263281
902525086,2023,9,2,1500,Weekday,2-Car,No injury/unknown,FAILURE TO YIELD RIGHT OF WAY,14TH & N COLLEGE,39.175984,-86.534736
902525130,2023,9,2,1900,Weekday,Pedestrian,Non-incapacitating,FAILURE TO YIELD RIGHT OF WAY,E 10TH & N WASHINGTON,39.171728,-86.5324