Master Record Number,Year,Month,Day,Hour,Weekend,Collision Type,Injury Type,Primary Factor,Reported_Location,Latitude,Longitude
902525135,2023,9,2,1800,Weekday,Bus,No injury/unknown,IMPROPER TURNING,E JOHN HINKLE & N PETE ELLIS,39.17072,-86.4956
902525140,2023,9,1,1800,Weekend,2-Car,Non-incapacitating,UNSAFE LANE MOVEMENT,3RD & LINCOLN,39.16464,-86.531024
902525148,2023,9,2,1600,Weekday,3+ Cars,Non-incapacitating,FOLLOWING TOO CLOSELY,S LIBERTY & SR45W,39.14523295,-86.57745754
902525199,2023,9,7,800,Weekend,1-Car,No injury/unknown,SPEED TOO FAST FOR WEATHER CONDITIONS,W ACUFF,39.20824,-86.554704
902525206,2023,9,6,1700,Weekday,2-Car,No injury/unknown,UNSAFE LANE MOVEMENT,SR37S & WEST BLOOMFIELD,39.148144,-86.572992
902525207,2023,9,2,2300,Weekday,2-Car,No injury/unknown,DRIVER DISTRACTED - EXPLAIN IN NARRATIVE,10TH & CAMPBELL,39.17158999,-86.51394031
902525211,2023,9,2,2300,Weekday,2-Car,No injury/unknown,FOLLOWING TOO CLOSELY,SOUTH ROGERS & WEST GRAHAM,39.13992,-86.538416
902525348,2023,9,3,700,Weekday,2-Car,No injury/unknown,UNSAFE SPEED,SR37 & VERNAL,39.17684691,-86.56204123
902525424,2023,8,7,1800,Weekend,2-Car,Non-incapacitating,FOLLOWING TOO CLOSELY,SR37N & VERNAL,39.17599001,-86.56318363
902525453,2023,9,3,900,Weekday,2-Car,No injury/unknown,DRIVER DISTRACTED - EXPLAIN IN NARRATIVE,SR37S & W VERNAL,39.176544,-86.5624
902525604,2023,9,3,1300,Weekday,2-Car,No injury/unknown,UNSAFE LANE MOVEMENT,E 3RD,39.16422436,-86.49666727
902525803,2023,9,3,1700,Weekday,2-Car,No injury/unknown,FAILURE TO YIELD RIGHT OF WAY,E 10TH & PARK,39.171648,-86.524608
902525807,2023,9,3,1600,Weekday,2-Car,No injury/unknown,FOLLOWING TOO CLOSELY,SR37N & W BLOOMFIELD,39.148144,-86.572992
902525812,2023,9,3,1500,Weekday,2-Car,No injury/unknown,FAILURE TO YIELD RIGHT OF WAY,E 12TH & INDIANA,39.174368,-86.527088
902525830,2023,9,3,1900,Weekday,2-Car,No injury/unknown,DISREGARD SIGNAL/REG SIGN,ROGERS & W 11TH,39.173184,-86.538528
902525847,2023,9,3,2000,Weekday,Moped/Motorcycle,Incapacitating,UNSAFE SPEED,ROGERS & SARE,39.13584,-86.496288
902525906,2023,9,3,2300,Weekday,2-Car,No injury/unknown,FAILURE TO YIELD RIGHT OF WAY,E 10TH & N UNION,39.171472,-86.509376
902525930,2023,9,3,900,Weekday,Pedestrian,Incapacitating,PEDESTRIAN ACTION,8TH & FORREST,39.1694697,-86.52234032
902526087,2023,9,4,800,Weekday,3+ Cars,Non-incapacitating,DRIVER DISTRACTED - EXPLAIN IN NARRATIVE,KEGG & TAPP,0,0
902526123,2023,9,4,800,Weekday,3+ Cars,Incapacitating,FOLLOWING TOO CLOSELY,PINEHURST & TAPP,39.13637996,-86.54991429
902526139,2023,8,2,800,Weekday,1-Car,No injury/unknown,RAN OFF ROAD RIGHT,FRIENDSHIP & GROSS,39.13923927,-86.40178042
902526140,2023,9,6,1100,Weekday,1-Car,No injury/unknown,OVERCORRECTING/OVERSTEERING,ROBINSON & TUNNEL,39.24128637,-86.43599068
902526141,2023,9,6,1300,Weekday,2-Car,No injury/unknown,UNSAFE BACKING,DANIELS,39.16671172,-86.59908838
902526142,2023,9,1,800,Weekend,2-Car,No injury/unknown,DRIVER DISTRACTED - EXPLAIN IN NARRATIVE,SR37S & THAT,39.115552,-86.564592
902526183,2023,9,4,700,Weekday,Bus,No injury/unknown,UNSAFE BACKING,S KIMBLE,39.165888,-86.568
902526293,2023,9,3,1700,Weekday,2-Car,No injury/unknown,FOLLOWING TOO CLOSELY,3RD & CLIFTON,39.1642803,-86.50968968
902526309,2023,9,4,1000,Weekday,1-Car,No injury/unknown,IMPROPER TURNING,N RANGE,39.1814028,-86.49475391
902526315,2023,9,4,1500,Weekday,2-Car,No injury/unknown,UNSAFE BACKING,EAST 10TH,39.17156383,-86.51814334
902526399,2023,9,3,1400,Weekday,2-Car,No injury/unknown,FAILURE TO YIELD RIGHT OF WAY,E KIRKWOOD & N DUNN,39.16664,-86.528192
902526428,2023,9,4,1900,Weekday,1-Car,No injury/unknown,ANIMAL/OBJECT IN ROADWAY,E UNIVERSITY & S HENDERSON,39.16032,-86.527136
902526429,2023,9,4,1600,Weekday,2-Car,Non-incapacitating,FAILURE TO YIELD RIGHT OF WAY,RIDGESPRINGS & SR46W,0,0
902526436,2023,9,4,1600,Weekday,2-Car,Incapacitating,FAILURE TO YIELD RIGHT OF WAY,E WINSLOW & S PICCADILLY,39.13599975,-86.52448005
902526656,2023,9,4,900,Weekday,2-Car,No injury/unknown,BRAKE FAILURE OR DEFECTIVE,3RD & PATTERSON,39.16344009,-86.55127569
902526717,2023,9,5,1100,Weekday,2-Car,No injury/unknown,FOLLOWING TOO CLOSELY,E ATWATER & S HENDERSON,39.163344,-86.5272
902527013,2023,9,3,1600,Weekday,2-Car,No injury/unknown,FAILURE TO YIELD RIGHT OF WAY,BASSWOOD & BLOOMFIELD,39.14978027,-86.56889006
902527014,2023,9,3,1800,Weekday,2-Car,No injury/unknown,UNSAFE BACKING,W FLATWOODS,39.25258733,-86.677083
902527015,2023,9,4,1400,Weekday,2-Car,No injury/unknown,UNSAFE BACKING,S LIBERTY,39.15870285,-86.57491302
902527052,2023,9,5,1500,Weekday,3+ Cars,No injury/unknown,FOLLOWING TOO CLOSELY,E 10TH & PETE ELLIS,39.171504,-86.495312
902527077,2023,9,2,2100,Weekday,1-Car,No injury/unknown,RAN OFF ROAD RIGHT,RED HILL & WALKER,39.29626608,-86.648608
902527078,2023,9,3,1600,Weekday,2-Car,No injury/unknown,FOLLOWING TOO CLOSELY,BUNGER & SR45W,39.13015288,-86.60311867
902527079,2023,9,3,1700,Weekday,2-Car,No injury/unknown,FAILURE TO YIELD RIGHT OF WAY,BETHEL & SR45E,39.209952,-86.463392
902527080,2023,9,4,1500,Weekday,1-Car,No injury/unknown,RAN OFF ROAD RIGHT,BOTTOM & WILLIAMS,39.27467975,-86.55808812
902527084,2023,9,5,1600,Weekday,2-Car,No injury/unknown,FAILURE TO YIELD RIGHT OF WAY,E ATWATER & S HIGHLAND,39.1632,-86.517584
902527095,2023,9,5,1700,Weekday,2-Car,No injury/unknown,FAILURE TO YIELD RIGHT OF WAY,SOUTH MADISON & WEST COUNTRY CLUB,39.136048,-86.536992
902527105,2023,9,5,1700,Weekday,3+ Cars,No injury/unknown,UNSAFE LANE MOVEMENT,SR446N & SR46W,39.16664,-86.462496
902527133,2023,9,4,1700,Weekday,2-Car,No injury/unknown,UNSAFE BACKING,E 3RD,39.16424,-86.4984
902527147,2023,9,5,1900,Weekday,3+ Cars,No injury/unknown,FOLLOWING TOO CLOSELY,EAST 10TH & NORTH WALNUT,39.171744,-86.53352
902527259,2023,9,6,200,Weekday,2-Car,No injury/unknown,OTHER (DRIVER) - EXPLAIN IN NARRATIVE,E COTTAGE GROVE,39.17264,-86.52946351
902527331,2023,9,6,900,Weekday,2-Car,No injury/unknown,OTHER (DRIVER) - EXPLAIN IN NARRATIVE,17TH & MADISON,39.178992,-86.537792
902527421,2023,9,6,1100,Weekday,2-Car,No injury/unknown,FAILURE TO YIELD RIGHT OF WAY,FEE & JORDAN,39.18384,-86.5192
902527602,2023,9,6,1300,Weekday,Moped/Motorcycle,Incapacitating,FAILURE TO YIELD RIGHT OF WAY,ROGERS & SARE,0,0
902527783,2023,9,6,1200,Weekday,2-Car,No injury/unknown,,E 17TH,39.179008,-86.525888
902527789,2023,9,6,1800,Weekday,2-Car,No injury/unknown,FOLLOWING TOO CLOSELY,RANGE & SR4546S,39.171504,-86.495312
902527825,2023,9,6,1500,Weekday,2-Car,No injury/unknown,OTHER (VEHICLE) - EXPLAIN IN NARRATIVE,E HILLSIDE & HENDERSON,39.15056013,-86.52691014
902527842,2023,9,6,1900,Weekend,2-Car,No injury/unknown,FOLLOWING TOO CLOSELY,10TH & JORDAN,39.17156345,-86.51678644
902527846,2023,9,6,1500,Weekday,1-Car,No injury/unknown,ANIMAL/OBJECT IN ROADWAY,S KNIGHTRIDGE & SR446S,39.19704712,-86.46687098
902527847,2023,9,6,1600,Weekday,2-Car,No injury/unknown,IMPROPER LANE USAGE,E SAMPLE & SR37N,39.26753244,-86.5228128
902527865,2023,9,6,1400,Weekday,2-Car,No injury/unknown,OTHER (DRIVER) - EXPLAIN IN NARRATIVE,HIGHLAND & HUNTER,39.16224,-86.5176
902527906,2023,9,7,0,Weekend,1-Car,Non-incapacitating,RAN OFF ROAD RIGHT,JORDAN & UNIVERSITY,39.16014969,-86.51638984
902527967,2023,9,7,900,Weekend,2-Car,No injury/unknown,FAILURE TO YIELD RIGHT OF WAY,MAXWELL & WOODLAWN,39.15781014,-86.52264006
902528003,2023,9,7,1100,Weekend,2-Car,No injury/unknown,UNSAFE BACKING,SOUTH WALNUT,39.13914871,-86.5320816
902528070,2023,9,6,1600,Weekday,1-Car,Incapacitating,OTHER (ENVIRONMENTAL) - EXPLAIN IN NARR,BAYWOOD,39.11796951,-86.54026794
902528087,2023,9,7,1300,Weekend,1-Car,Non-incapacitating,DRIVER DISTRACTED - EXPLAIN IN NARRATIVE,BILL MALLORY BLVD & SR446S,39.05337208,-86.47154938
902528178,2023,9,6,2000,Weekend,2-Car,No injury/unknown,IMPROPER PASSING,CURRY & SR46W,39.19377136,-86.57111093
902528179,2023,9,6,1400,Weekday,1-Car,No injury/unknown,UNSAFE BACKING,S JOHNSON,39.16666514,-86.564992
902528186,2023,9,7,1900,Weekend,1-Car,No injury/unknown,ANIMAL/OBJECT IN ROADWAY,SR37S & W STATE ROAD 45,0,0
902528198,2023,9,7,2000,Weekend,2-Car,No injury/unknown,OTHER (DRIVER) - EXPLAIN IN NARRATIVE,S COLLEGE,39.17088686,-86.534768
902528232,2023,9,7,2000,Weekend,2-Car,No injury/unknown,UNSAFE BACKING,3021 E 3RD & S KINGSTON,39.16424,-86.492944
902528252,2023,9,7,2300,Weekend,2-Car,No injury/unknown,UNSAFE LANE MOVEMENT,E 3RD & S HIGHLAND,39.16427024,-86.51772022
902528268,2023,9,1,400,Weekend,2-Car,No injury/unknown,UNSAFE LANE MOVEMENT,3RD & COLLEGE,39.11172794,-86.53489977
902528364,2023,9,1,1300,Weekend,2-Car,No injury/unknown,DISREGARD SIGNAL/REG SIGN,ATWATER & HENDERSON,39.16313969,-86.52727022
902528379,2023,9,1,1300,Weekend,2-Car,Incapacitating,FAILURE TO YIELD RIGHT OF WAY,SOUTH WALNUT & WEST GRIMES,39.15344,-86.5336
902528421,2023,9,1,0,Weekend,2-Car,No injury/unknown,OTHER (DRIVER) - EXPLAIN IN NARRATIVE,E MESA,39.09961555,-86.49080387
902528422,2023,9,1,0,Weekend,1-Car,No injury/unknown,OTHER (DRIVER) - EXPLAIN IN NARRATIVE,CLEAR CREEK & ROCKPORT,0,0
902528447,2023,9,1,1700,Weekend,2-Car,No injury/unknown,IMPROPER TURNING,E 10TH,39.171504,-86.512288
902528507,2023,9,1,2000,Weekday,2-Car,No injury/unknown,FOLLOWING TOO CLOSELY,3RD & SWAIN,39.16425012,-86.51525996
902528516,2023,9,1,1400,Weekend,2-Car,Non-incapacitating,LEFT OF CENTER,BLOOMFIELD & RANSOM,39.15925987,-86.55527986
902528529,2023,9,1,2100,Weekday,3+ Cars,No injury/unknown,FOLLOWING TOO CLOSELY,10TH & SR4546S,39.176848,-86.478192
902528681,2023,9,1,100,Weekend,1-Car,No injury/unknown,FOLLOWING TOO CLOSELY,BRIAR GATE & SR46W,39.21672821,-86.59638214
902528719,2023,9,1,1200,Weekend,3+ Cars,No injury/unknown,DISREGARD SIGNAL/REG SIGN,SR46W & UNION VALLEY,39.215152,-86.5928
902528991,2023,9,2,1200,Weekday,2-Car,No injury/unknown,CELL PHONE USAGE,ENT TO SAMS CLUB & SR45E,0,0
902529243,2023,9,2,1400,Weekday,2-Car,Incapacitating,DRIVER DISTRACTED - EXPLAIN IN NARRATIVE,3RD & FRANKLIN,39.1647117,-86.57190497
902529292,2023,9,2,1700,Weekday,2-Car,No injury/unknown,IMPROPER TURNING,3RD & WALNUT,39.16464,-86.5336
902529309,2023,9,2,1600,Weekday,2-Car,No injury/unknown,FAILURE TO YIELD RIGHT OF WAY,3RD & CURRY,0,0
902529327,2023,9,2,1700,Weekday,Cyclist,Non-incapacitating,BRAKE FAILURE OR DEFECTIVE,HILLVIEW & OLD STATE ROAD   37,39.207984,-86.529568
902529337,2023,9,1,2100,Weekday,2-Car,No injury/unknown,UNSAFE SPEED,E WHISNAND & N OLD STATE RD 37,39.222544,-86.5172
902529350,2023,9,2,2000,Weekday,2-Car,No injury/unknown,UNSAFE LANE MOVEMENT,19TH & N WALNUT,39.181552,-86.5336
902529370,2023,9,2,800,Weekday,2-Car,Non-incapacitating,VIEW OBSTRUCTED,SR37N & SR46W,39.194144,-86.554592
902529371,2023,9,2,1100,Weekday,2-Car,No injury/unknown,UNSAFE BACKING,ROGERS & THAT,39.11060667,-86.53987031
902529374,2023,9,2,2100,Weekday,2-Car,No injury/unknown,DISREGARD SIGNAL/REG SIGN,3RD & CURRY,39.16463589,-86.58291865
902529556,2023,9,3,700,Weekday,1-Car,No injury/unknown,IMPROPER LANE USAGE,7TH & 900 E 7TH,39.167648,-86.500096
902529561,2023,9,3,800,Weekday,2-Car,Non-incapacitating,FOLLOWING TOO CLOSELY,ATWATER & CLIFTON,39.1630763,-86.50995276
902529612,2023,9,3,800,Weekday,2-Car,No injury/unknown,LEFT OF CENTER,E ROGERS & S SPICEWOOD,39.13608,-86.501216
902529681,2023,9,3,1100,Weekday,Bus,Incapacitating,DISREGARD SIGNAL/REG SIGN,E HILLSIDE & S WALNUT,39.150544,-86.5336
902529778,2023,9,3,1200,Weekday,2-Car,No injury/unknown,FOLLOWING TOO CLOSELY,2ND & COLLEGE,39.16144,-86.534848
902529797,2023,9,2,2100,Weekday,2-Car,Non-incapacitating,FAILURE TO YIELD RIGHT OF WAY,AUTO MALL & COVENANTER,39.15503003,-86.49611033
902529803,2023,9,3,1200,Weekday,2-Car,No injury/unknown,UNSAFE SPEED,10TH & DUNN,39.17168,-86.528256
902529816,2023,9,1,2200,Weekday,1-Car,No injury/unknown,SPEED TOO FAST FOR WEATHER CONDITIONS,ARLINGTON & MAPLE GROVE,39.19982711,-86.55963587
902529817,2023,9,3,1200,Weekday,2-Car,Non-incapacitating,LEFT OF CENTER,N DUNN & OLD SR 37,39.208048,-86.528704
902529890,2023,9,3,1400,Weekday,2-Car,No injury/unknown,FOLLOWING TOO CLOSELY,ATWATER & HENDERSON,39.16313969,-86.52727022
902529899,2023,9,6,1600,Weekday,2-Car,Non-incapacitating,FAILURE TO YIELD RIGHT OF WAY,ARLINGTON & SR46,39.187184,-86.551408
902529960,2023,9,3,1400,Weekday,2-Car,No injury/unknown,SPEED TOO FAST FOR WEATHER CONDITIONS,S WALKER & W 2ND,39.161648,-86.546128
902529963,2023,9,3,1600,Weekday,Bus,No injury/unknown,OTHER (DRIVER) - EXPLAIN IN NARRATIVE,W DODDS,39.157728,-86.542544
902529975,2023,9,3,1700,Weekday,1-Car,No injury/unknown,SPEED TOO FAST FOR WEATHER CONDITIONS,DUNN & SR37N,0,0
902529979,2023,9,3,1700,Weekday,2-Car,Non-incapacitating,SPEED TOO FAST FOR WEATHER CONDITIONS,KIRKWOOD & ROGERS,39.1666677,-86.53825522
902529987,2023,9,3,1700,Weekday,2-Car,No injury/unknown,FAILURE TO YIELD RIGHT OF WAY,SOUTH LIBERTY & WEST 3RD,39.15932298,-86.57913006
902529989,2023,9,3,1700,Weekday,2-Car,Incapacitating,FAILURE TO YIELD RIGHT OF WAY,CATHCART & SARE,39.14882004,-86.49905003
902529993,2023,9,1,800,Weekend,2-Car,No injury/unknown,FAILURE TO YIELD RIGHT OF WAY,SR46,0,0
902529996,2023,9,3,1800,Weekday,3+ Cars,No injury/unknown,FOLLOWING TOO CLOSELY,CONSTITUTION & LIBERTY,39.149552,-86.575936
902530035,2023,9,3,1700,Weekday,Cyclist,Non-incapacitating,,JORDAN & THIRD,39.16426018,-86.51638312
902530062,2023,9,3,1600,Weekday,2-Car,No injury/unknown,FOLLOWING TOO CLOSELY,GRIMES & S WALNUT,39.15344,-86.5336
902530072,2023,9,3,2000,Weekday,2-Car,No injury/unknown,UNSAFE LANE MOVEMENT,E ATWATER & S SWAIN,39.163152,-86.515168
902530074,2023,9,3,1800,Weekday,1-Car,No injury/unknown,RAN OFF ROAD RIGHT,N  BARR & N MT TABOR,39.273888,-86.621456
902530089,2023,9,3,1500,Weekday,1-Car,No injury/unknown,FOLLOWING TOO CLOSELY,FORREST PARK & SMITH,0,0
902530106,2023,9,1,1800,Weekend,2-Car,No injury/unknown,FOLLOWING TOO CLOSELY,OLD RICHARDSON & SR446S,38.94191831,-86.42645263
902530108,2023,9,3,2100,Weekday,1-Car,No injury/unknown,ANIMAL/OBJECT IN ROADWAY,E FARR & N FISH,39.306768,-86.476816
902530193,2023,9,3,2200,Weekday,2-Car,No injury/unknown,UNSAFE SPEED,CURRY & GIFFORD,0,0
902530215,2023,9,3,1200,Weekday,2-Car,No injury/unknown,DRIVER DISTRACTED - EXPLAIN IN NARRATIVE,S MAPLE & W 2ND,39.161568,-86.542096
902530244,2023,9,5,2000,Weekday,2-Car,No injury/unknown,UNSAFE LANE MOVEMENT,N CURRY & VERNAL,39.179248,-86.5832
902530254,2023,9,2,900,Weekday,2-Car,No injury/unknown,TIRE FAILURE OR DEFECTIVE,CURRY & GIFFORD,39.156896,-86.582704
902530255,2023,9,3,1400,Weekday,1-Car,No injury/unknown,ANIMAL/OBJECT IN ROADWAY,CHURCH & ROGERS,0,0
902530259,2023,9,2,1400,Weekday,1-Car,No injury/unknown,FAILURE TO YIELD RIGHT OF WAY,POINTE,39.03496933,-86.50923919
902530412,2023,9,4,700,Weekday,2-Car,Incapacitating,LEFT OF CENTER,MAPLE GROVE & NORTH MAPLE GROVE,39.206352,-86.557696
902530486,2023,9,3,1200,Weekday,Pedestrian,Non-incapacitating,OTHER (DRIVER) - EXPLAIN IN NARRATIVE,SOUTH JORDAN,39.1666165,-86.51632212
902530603,2023,9,4,1300,Weekday,2-Car,Non-incapacitating,FAILURE TO YIELD RIGHT OF WAY,E 3RD & KINGSTON,39.16362294,-86.49298705
902530610,2023,9,4,1300,Weekday,2-Car,No injury/unknown,FOLLOWING TOO CLOSELY,SR37S & SR45W,39.148144,-86.572992
902530625,2023,9,3,800,Weekday,2-Car,No injury/unknown,FOLLOWING TOO CLOSELY,SOUTH PARK SQUARE & SR48,0,0
902530638,2023,9,4,1600,Weekday,1-Car,No injury/unknown,RAN OFF ROAD RIGHT,ADAMS & ALLEN,39.155952,-86.550592
902530642,2023,9,4,1100,Weekday,1-Car,No injury/unknown,RAN OFF ROAD RIGHT,OLD STATE ROAD 37 NORTH & SAMPLE,39.25862029,-86.50123704
902530643,2023,9,4,1200,Weekday,2-Car,No injury/unknown,UNSAFE BACKING,STATE ROAD 45,39.14186,-86.579917
902530732,2023,9,4,2000,Weekday,2-Car,No injury/unknown,UNSAFE BACKING,DUNN & NINETEENTH,39.18101099,-86.52840377
902530762,2023,9,4,1800,Weekday,2-Car,Incapacitating,FAILURE TO YIELD RIGHT OF WAY,SR46W & UNION VALLEY,39.215152,-86.5928
902530784,2023,9,4,2200,Weekday,2-Car,No injury/unknown,UNSAFE BACKING,S WINSLOW,39.13781257,-86.52400286
902530796,2023,9,4,2300,Weekday,2-Car,No injury/unknown,FAILURE TO YIELD RIGHT OF WAY,S ROGERS & W 2ND,39.16152,-86.538592
902530804,2023,9,4,2100,Weekday,2-Car,No injury/unknown,IMPROPER LANE USAGE,COTTAGE GROVE & INDIANA,39.17264,-86.52880426
902530997,2023,10,5,800,Weekday,1-Car,Non-incapacitating,ANIMAL/OBJECT IN ROADWAY,FLATTWOODS ROAD & STATE ROAD 46 WEST,39.35839182,-86.65402002
902531030,2023,10,5,900,Weekday,2-Car,No injury/unknown,FOLLOWING TOO CLOSELY,SR37S & SR45W,39.187344,-86.5552
902531111,2023,10,5,1200,Weekday,2-Car,No injury/unknown,FOLLOWING TOO CLOSELY,SR37S,0,0
902531171,2023,10,5,1300,Weekday,1-Car,No injury/unknown,IMPROPER TURNING,E 17TH,39.17887431,-86.51463227
902531189,2023,9,1,2100,Weekday,2-Car,No injury/unknown,SPEED TOO FAST FOR WEATHER CONDITIONS,BOLIN & ROCKPORT,0,0
902531190,2023,9,2,1700,Weekday,2-Car,No injury/unknown,FOLLOWING TOO CLOSELY,SPARKS & SR45W,39.08787871,-86.66946046
902531191,2023,9,3,1600,Weekday,2-Car,No injury/unknown,FOLLOWING TOO CLOSELY,CONSTITUTION & LIBERTY,39.149552,-86.575936
902531217,2023,10,5,1500,Weekday,2-Car,No injury/unknown,FOLLOWING TOO CLOSELY,SR37N & VERNAL,39.17580534,-86.56344483
902531222,2023,9,4,1900,Weekday,2-Car,No injury/unknown,OVERCORRECTING/OVERSTEERING,E 6TH & WASHINGTON,39.167664,-86.5324
902531242,2023,10,5,1400,Weekday,2-Car,No injury/unknown,FOLLOWING TOO CLOSELY,E SR 45 46 & WALNUT,39.186368,-86.5344
902531324,2023,9,4,1800,Weekday,2-Car,No injury/unknown,IMPROPER TURNING,E 3RD,39.16424,-86.5161551
902531351,2023,10,5,1600,Weekday,2-Car,No injury/unknown,FAILURE TO YIELD RIGHT OF WAY,E 14TH & N INDIANA,39.176192,-86.52712
902531365,2023,10,5,1400,Weekday,2-Car,No injury/unknown,FAILURE TO YIELD RIGHT OF WAY,1100 BLOCK OF S MADISON & EAST WEST,0,0
902531366,2023,10,5,1600,Weekday,2-Car,No injury/unknown,FOLLOWING TOO CLOSELY,S ADAMS & W TAPP,0,0
902531367,2023,10,5,1500,Weekday,2-Car,No injury/unknown,FAILURE TO YIELD RIGHT OF WAY,E SOUTHERN & S HENDERSON,39.14984,-86.526944
902531473,2023,10,5,900,Weekday,2-Car,Incapacitating,FAILURE TO YIELD RIGHT OF WAY,S WALNUT & W GRIMES,39.15344,-86.5336
902531475,2023,9,4,1300,Weekday,2-Car,No injury/unknown,UNSAFE BACKING,BLOOMFIELD & PARKING LOT,0,0
902531517,2023,10,6,1300,Weekday,2-Car,No injury/unknown,UNSAFE LANE MOVEMENT,E 3RD,39.16439273,-86.52394958
902531526,2023,10,6,600,Weekday,1-Car,No injury/unknown,DRIVER ASLEEP OR FATIGUED,SR46E & WOODVIEW,39.15185852,-86.38188169
902531611,2023,10,6,700,Weekday,2-Car,No injury/unknown,FOLLOWING TOO CLOSELY,COUNTRY CLUB & WALNUT,0,0
902531636,2023,9,4,2300,Weekday,2-Car,No injury/unknown,UNSAFE BACKING,SOUTH WASHINGTON,39.16304779,-86.53251647
902531755,2023,10,6,1100,Weekday,2-Car,No injury/unknown,FOLLOWING TOO CLOSELY,S LIBERTY & W CONSTITUTION,39.149552,-86.575936
902531767,2023,10,6,1100,Weekday,2-Car,No injury/unknown,UNSAFE LANE MOVEMENT,E 3RD & S WILLIAMSBURG,39.16421563,-86.49657907
902531783,2023,10,5,1900,Weekday,2-Car,No injury/unknown,IMPROPER TURNING,E 3RD & S JORDAN,39.16424,-86.5164
902531785,2023,10,6,1000,Weekday,2-Car,No injury/unknown,,N GATES,39.16803807,-86.57621853
902531964,2023,10,6,1500,Weekday,2-Car,No injury/unknown,FAILURE TO YIELD RIGHT OF WAY,3RD & PETE ELLIS,39.16424,-86.495088
902532002,2023,10,6,1700,Weekday,2-Car,No injury/unknown,FAILURE TO YIELD RIGHT OF WAY,WASHINGTON & WILSON,39.151616,-86.5324
902532017,2023,10,6,1500,Weekday,2-Car,No injury/unknown,FAILURE TO YIELD RIGHT OF WAY,JORDAN & LINGELBACH,39.177248,-86.512496
902532067,2023,10,6,1700,Weekday,2-Car,No injury/unknown,UNSAFE BACKING,E 10TH,39.171472,-86.509376
902532110,2023,10,6,2000,Weekend,2-Car,No injury/unknown,IMPROPER TURNING,S OAKDALE & W BLOOMFIELD,39.148544,-86.571504
902532121,2023,9,4,2000,Weekday,2-Car,No injury/unknown,UNSAFE BACKING,W GORDON,39.12154418,-86.53386009
902532174,2023,10,6,1800,Weekday,2-Car,No injury/unknown,OTHER (DRIVER) - EXPLAIN IN NARRATIVE,315 S COLLEGE MALL & E 3RD,39.16424,-86.4984
902532209,2023,10,6,2300,Weekend,1-Car,No injury/unknown,RAN OFF ROAD RIGHT,RUSH & SR446S,0,0
902532210,2023,10,6,2200,Weekend,Pedestrian,Non-incapacitating,FAILURE TO YIELD RIGHT OF WAY,6TH & LINCOLN,39.16768,-86.530992
902532214,2023,10,6,2100,Weekend,2-Car,No injury/unknown,FAILURE TO YIELD RIGHT OF WAY,E 10TH & N COLLEGE,39.171744,-86.534768
902532227,2023,10,6,1100,Weekday,2-Car,No injury/unknown,FOLLOWING TOO CLOSELY,OLD STATE ROAD 37 & WALNUT,39.20704,-86.534704
902532270,2023,10,7,900,Weekend,2-Car,No injury/unknown,UNSAFE BACKING,S PARK RIDGE,39.161678,-86.524314
902532352,2023,10,7,1200,Weekend,2-Car,No injury/unknown,FOLLOWING TOO CLOSELY,DUNN & SR4546W,39.186352,-86.528496
902532398,2023,10,7,1100,Weekend,2-Car,No injury/unknown,RAN OFF ROAD RIGHT,9TH & COLLEGE,39.170544,-86.534768
902532476,2023,10,6,2200,Weekend,2-Car,Incapacitating,IMPROPER PASSING,BYPASS SR 45 46 & N WALNUT,0,0
902532488,2023,10,7,1700,Weekend,2-Car,No injury/unknown,FAILURE TO YIELD RIGHT OF WAY,E MILLER & WALNUT,0,0
902532516,2023,10,6,1400,Weekday,2-Car,No injury/unknown,FAILURE TO YIELD RIGHT OF WAY,SOUTH COLLEGE MALL,39.15118408,-86.49629211
902532522,2023,10,7,2000,Weekend,2-Car,No injury/unknown,,2414 BRITTANY & BURBERRY,0,0
902532526,2023,10,6,1900,Weekend,2-Car,Non-incapacitating,LEFT OF CENTER,N DUNN & N OLD STATE ROAD 37,39.208048,-86.528704
902532532,2023,10,7,1700,Weekend,2-Car,Non-incapacitating,UNSAFE BACKING,S LEONARD SPRINGS,39.142048,-86.582592
902532533,2023,10,6,1600,Weekday,2-Car,No injury/unknown,FOLLOWING TOO CLOSELY,N CURRY & VERNAL,39.096736,-86.512288
902532534,2023,10,6,1800,Weekday,1-Car,No injury/unknown,RAN OFF ROAD RIGHT,N BRUMMETTS CREEK & SR46E,39.22039032,-86.41083184
902532536,2023,10,5,2300,Weekday,2-Car,No injury/unknown,UNSAFE LANE MOVEMENT,N COLLEGE & W KIRKWOOD,39.16664,-86.5348
902532547,2023,10,7,2000,Weekend,Pedestrian,Non-incapacitating,UNSAFE BACKING,N TAMARACK,39.189968,-86.52128
902532550,2023,10,5,1700,Weekday,2-Car,No injury/unknown,IMPROPER PASSING,SISCOE & SR46W,39.27146912,-86.67018609
902532553,2023,10,7,2100,Weekend,Bus,No injury/unknown,IMPROPER TURNING,GOLF COURSE SERVICE & RANGE,0,0
902532559,2023,10,6,2000,Weekend,2-Car,No injury/unknown,UNSAFE BACKING,W SR 45,39.14186096,-86.5799179
902532560,2023,10,7,2000,Weekend,2-Car,No injury/unknown,,EAST 3RD,0,0
902532574,2023,10,7,300,Weekend,1-Car,Incapacitating,SPEED TOO FAST FOR WEATHER CONDITIONS,E NEHRT & E ROBINSON,39.24065016,-86.44310024
902532622,2023,10,1,100,Weekend,2-Car,No injury/unknown,UNSAFE BACKING,5TH & JEFFERSON,39.16664201,-86.506992