Master Record Number,Year,Month,Day,Hour,Weekend,Collision Type,Injury Type,Primary Factor,Reported_Location,Latitude,Longitude
902532624,2023,10,1,0,Weekend,2-Car,No injury/unknown,DISREGARD SIGNAL/REG SIGN,E 10TH & N JORDAN,39.171552,-86.515728
902532626,2023,10,1,100,Weekend,2-Car,No injury/unknown,FAILURE TO YIELD RIGHT OF WAY,10TH & JORDAN,39.17141518,-86.51574311
902532745,2023,10,1,1200,Weekend,2-Car,Non-incapacitating,OTHER (DRIVER) - EXPLAIN IN NARRATIVE,N WALNUT & SR4546W,39.186368,-86.5344
902532749,2023,10,1,1300,Weekend,2-Car,No injury/unknown,FOLLOWING TOO CLOSELY,2300 N WALNUT & BYPASS SR 45 46,39.187179,-86.533683
902532765,2023,10,1,1400,Weekend,2-Car,No injury/unknown,FOLLOWING TOO CLOSELY,17TH & SR46E,39.17984,-86.507088
902532770,2023,10,1,900,Weekend,2-Car,No injury/unknown,FAILURE TO YIELD RIGHT OF WAY,LOVE & SR46W,39.21898572,-86.60202298
902532803,2023,10,1,1400,Weekend,2-Car,Non-incapacitating,FOLLOWING TOO CLOSELY,10TH & SUNRISE,39.17157993,-86.51249715
902532844,2023,10,1,1700,Weekend,1-Car,No injury/unknown,,1400 BLK W 11TH & ILLINOIS,0,0
902532850,2023,10,1,1000,Weekend,2-Car,No injury/unknown,UNSAFE BACKING,EAST 7TH,40.615528,-87.313484
902532869,2023,10,1,1700,Weekend,Moped/Motorcycle,Non-incapacitating,UNSAFE SPEED,ATWATER & HIGH,39.14193194,-86.50846995
902532891,2023,10,1,1800,Weekend,2-Car,No injury/unknown,OTHER (ENVIRONMENTAL) - EXPLAIN IN NARR,SHUFFLE CREEK,39.23206327,-86.41446911
902532901,2023,10,1,1900,Weekday,2-Car,No injury/unknown,IMPROPER TURNING,ATWATER & FACULTY,0,0
902532920,2023,10,1,2100,Weekday,2-Car,No injury/unknown,FOLLOWING TOO CLOSELY,EAST 14TH & NORTH WALNUT,39.175952,-86.53344
902532925,2023,10,6,1500,Weekday,2-Car,No injury/unknown,LEFT OF CENTER,ROCKPORT & VICTOR,39.06010496,-86.60378321
902532926,2023,10,6,1700,Weekday,2-Car,No injury/unknown,UNSAFE LANE MOVEMENT,CONSTUSION & CURRY,0,0
902532927,2023,10,6,1800,Weekday,2-Car,No injury/unknown,FOLLOWING TOO CLOSELY,MONROE DAM & S OLD STATE RD 37,39.01866987,-86.53944008
902532934,2023,10,1,1400,Weekend,2-Car,No injury/unknown,OTHER (DRIVER) - EXPLAIN IN NARRATIVE,351 S LINCOLN & SMITH,39.162848,-86.53104
902532943,2023,10,1,1700,Weekend,2-Car,No injury/unknown,DISREGARD SIGNAL/REG SIGN,N COLLEGE & W 11TH,39.173232,-86.534752
902533049,2023,10,1,100,Weekend,1-Car,No injury/unknown,RAN OFF ROAD RIGHT,W ELWREN,39.10841805,-86.67433354
902533383,2023,10,1,1300,Weekend,2-Car,No injury/unknown,FAILURE TO YIELD RIGHT OF WAY,11TH & COLLEGE,39.173232,-86.534752
902533388,2023,10,1,2000,Weekday,2-Car,No injury/unknown,UNSAFE BACKING,BRANDON & E GRAHAM,39.10773674,-86.52556031
902533394,2023,10,7,1300,Weekend,3+ Cars,No injury/unknown,FAILURE TO YIELD RIGHT OF WAY,RHORER & SOUTH OLD37,0,0
902533506,2023,10,2,1400,Weekday,3+ Cars,Non-incapacitating,FOLLOWING TOO CLOSELY,3RD & WYNNEDALE,0,0
902533551,2023,10,2,1700,Weekday,2-Car,No injury/unknown,FAILURE TO YIELD RIGHT OF WAY,2ND & COLLEGE MALL,39.160944,-86.497696
902533585,2023,10,2,1800,Weekday,1-Car,No injury/unknown,OTHER (DRIVER) - EXPLAIN IN NARRATIVE,3904 SAGE & PEPPERIDGE,39.10782291,-86.524757
902533594,2023,10,2,1900,Weekday,2-Car,No injury/unknown,FOLLOWING TOO CLOSELY,17TH & JORDAN,39.178848,-86.511088
902533677,2023,10,2,2000,Weekday,3+ Cars,Incapacitating,FOLLOWING TOO CLOSELY,STATE ROAD 37 & VERNAL,0,0
902533692,2023,10,3,200,Weekday,2-Car,No injury/unknown,OTHER (DRIVER) - EXPLAIN IN NARRATIVE,W STATE ROAD 45,39.14186,-86.579917
902533892,2023,10,3,1000,Weekday,2-Car,No injury/unknown,DISREGARD SIGNAL/REG SIGN,410 S WOODSCREST & ENTRANCE TO IUCU,0,0
902533911,2023,9,4,1200,Weekday,2-Car,No injury/unknown,OTHER (DRIVER) - EXPLAIN IN NARRATIVE,N GATES,39.16987228,-86.57498168
902533943,2023,10,3,1100,Weekday,2-Car,Non-incapacitating,FOLLOWING TOO CLOSELY,17TH & WALNUT,39.17896,-86.521088
902533953,2023,10,3,1000,Weekday,Cyclist,No injury/unknown,FAILURE TO YIELD RIGHT OF WAY,3RD & CLARIZZ,39.16424,-86.4908
902534112,2023,10,3,1700,Weekday,2-Car,No injury/unknown,FAILURE TO YIELD RIGHT OF WAY,3RD & PARKING LOT,0,0
902534127,2023,10,3,1600,Weekday,2-Car,No injury/unknown,OTHER (DRIVER) - EXPLAIN IN NARRATIVE,S ROGERS,39.15013123,-86.53823089
902534135,2023,10,3,1600,Weekday,2-Car,No injury/unknown,FAILURE TO YIELD RIGHT OF WAY,20TH & DUNN,39.18184,-86.5284
902536066,2023,10,6,2200,Weekend,2-Car,No injury/unknown,OTHER (DRIVER) - EXPLAIN IN NARRATIVE,LIBERTY,39.16283,-86.580238
902536080,2023,10,7,200,Weekend,1-Car,No injury/unknown,UNSAFE BACKING,N COLLEGE & W 6TH,39.167648,-86.534784
902536085,2023,10,6,1100,Weekday,1-Car,No injury/unknown,UNSAFE SPEED,FAIRFAX & SCHACHT,39.10704,-86.523488
902536179,2023,10,7,1200,Weekend,2-Car,No injury/unknown,IMPROPER TURNING,E ATWATER & S HENDERSON,39.163344,-86.5272
902536269,2023,10,5,1700,Weekday,2-Car,No injury/unknown,OTHER (DRIVER) - EXPLAIN IN NARRATIVE,SOUTH COLLEGE,39.16025925,-86.53553771
902536298,2023,10,5,2100,Weekday,3+ Cars,No injury/unknown,FOLLOWING TOO CLOSELY,N FEE & SR4546S,39.186032,-86.51984
902536311,2023,10,7,1700,Weekend,2-Car,No injury/unknown,FOLLOWING TOO CLOSELY,10TH,39.171648,-86.502096
902536321,2023,10,7,1700,Weekend,2-Car,No injury/unknown,FAILURE TO YIELD RIGHT OF WAY,17TH & LINCOLN,39.17904,-86.530848
902536363,2023,10,6,1500,Weekday,1-Car,No injury/unknown,OTHER (VEHICLE) - EXPLAIN IN NARRATIVE,S HANDY,39.092688,-86.483568
902536395,2023,10,7,600,Weekend,1-Car,Non-incapacitating,RAN OFF ROAD RIGHT,S ROGERS & W FAIRWAY,39.132144,-86.5384
902536453,2023,10,6,1200,Weekday,2-Car,No injury/unknown,OTHER (DRIVER) - EXPLAIN IN NARRATIVE,7TH & GRANT,39.16864,-86.52916675
902536487,2023,10,1,100,Weekend,1-Car,No injury/unknown,UNSAFE BACKING,100 E DIXIE & S WALNUT,39.156544,-86.5336
902536582,2023,10,1,1200,Weekend,2-Car,No injury/unknown,UNSAFE BACKING,N MADISON & W 6TH,39.167664,-86.537296
902536636,2023,10,1,1500,Weekend,2-Car,No injury/unknown,FOLLOWING TOO CLOSELY,10TH & 45 46,0,0
902536638,2023,10,1,1500,Weekend,2-Car,No injury/unknown,FOLLOWING TOO CLOSELY,SR46 & UNIONVILLE,0,0
902536665,2023,10,4,2000,Weekday,1-Car,No injury/unknown,ANIMAL/OBJECT IN ROADWAY,E MONROE DAM & SR37,39.0146275,-86.537088
902536756,2023,10,1,2000,Weekday,1-Car,Non-incapacitating,UNSAFE SPEED,S YANCY & W 3RD,39.16455992,-86.56948015
902536758,2023,10,1,2100,Weekday,2-Car,No injury/unknown,FOLLOWING TOO CLOSELY,SR45 & SR46,39.1464386,-86.57504272
902537148,2023,10,6,1400,Weekday,2-Car,No injury/unknown,FOLLOWING TOO CLOSELY,ARLINGTON,39.187184,-86.551408
902537149,2023,10,1,800,Weekend,2-Car,No injury/unknown,DISREGARD SIGNAL/REG SIGN,SR37S & SR46E,39.30670166,-86.5161972
902537276,2023,10,7,1100,Weekend,2-Car,No injury/unknown,UNSAFE BACKING,DAVIS & LINCOLN,39.15417977,-86.53133115
902537279,2023,10,2,1000,Weekday,2-Car,No injury/unknown,UNSAFE BACKING,WEST 17,39.17937088,-86.5461502
902537562,2023,10,2,1500,Weekday,2-Car,No injury/unknown,UNSAFE BACKING,S BRANDON,39.13836345,-86.52552276
902537620,2023,10,2,400,Weekday,2-Car,No injury/unknown,FAILURE TO YIELD RIGHT OF WAY,E 9TH & N LICOLN,39.1704601,-86.53104007
902537674,2023,10,2,1500,Weekday,2-Car,No injury/unknown,FOLLOWING TOO CLOSELY,N DANIELS & ZENITH,39.17015031,-86.59829981
902537686,2023,10,2,1700,Weekday,2-Car,No injury/unknown,FOLLOWING TOO CLOSELY,NORTH BOUND ON RAMP 37 & WEST BLOOMFIELD,0,0
902537688,2023,10,2,2000,Weekday,3+ Cars,No injury/unknown,FOLLOWING TOO CLOSELY,10TH & WOODLAWN,39.1716399,-86.52406517
902537698,2023,10,2,1700,Weekday,2-Car,No injury/unknown,IMPROPER TURNING,N FEE,39.17250261,-86.51898354
902537726,2023,10,2,1700,Weekday,Moped/Motorcycle,Incapacitating,FOLLOWING TOO CLOSELY,S COLLEGE & W 1ST,39.17688,-86.534736
902537754,2023,10,3,0,Weekday,1-Car,No injury/unknown,RAN OFF ROAD RIGHT,7781 KIRKSVILLE & HARMONY,0,0
902537952,2023,10,1,0,Weekend,2-Car,No injury/unknown,TIRE FAILURE OR DEFECTIVE,SR37 & SR45,39.18466483,-86.55597698
902538092,2023,10,3,1100,Weekday,Moped/Motorcycle,No injury/unknown,OTHER (DRIVER) - EXPLAIN IN NARRATIVE,ABBY & WINSLOW,39.136144,-86.51023799
902538188,2023,10,3,1300,Weekday,2-Car,No injury/unknown,UNSAFE LANE MOVEMENT,ATWATER & JORDAN,39.16304983,-86.51638595
902538189,2023,10,3,1300,Weekday,Pedestrian,Incapacitating,FAILURE TO YIELD RIGHT OF WAY,FOURTH & INDIANA,39.16555032,-86.52691014
902538321,2023,10,3,1600,Weekday,2-Car,Non-incapacitating,FAILURE TO YIELD RIGHT OF WAY,EAST 3RD & PARK RIDGE,39.16424,-86.476096
902538350,2023,10,3,1800,Weekday,2-Car,No injury/unknown,UNSAFE LANE MOVEMENT,CAPITOL & SR46W,39.22377014,-86.60883578
902538353,2023,10,3,1800,Weekday,2-Car,No injury/unknown,FOLLOWING TOO CLOSELY,SR37S,0,0
902538414,2023,10,2,1500,Weekday,2-Car,No injury/unknown,FAILURE TO YIELD RIGHT OF WAY,S STRAIN RIDGE,39.07112,-86.507008
902538415,2023,10,2,1600,Weekday,2-Car,Incapacitating,FOLLOWING TOO CLOSELY,E SCHACHT & S FAIRFAX,39.10704,-86.523488
902538420,2023,10,3,2000,Weekday,2-Car,Non-incapacitating,FOLLOWING TOO CLOSELY,EAST 2ND & WOODSCREST,39.16092016,-86.50244973
902538424,2023,10,3,1500,Weekday,2-Car,No injury/unknown,FOLLOWING TOO CLOSELY,N PRAIRIE GREEN & SR45E,39.17950821,-86.4755809
902538439,2023,10,3,1700,Weekday,Pedestrian,Incapacitating,FAILURE TO YIELD RIGHT OF WAY,LEONARD SPRINGS & W ST RD 45,39.13138191,-86.58259011
902538466,2023,10,3,2100,Weekday,Pedestrian,Non-incapacitating,HEADLIGHT DEFECTIVE OR NOT ON,4TH & GRANT,39.165648,-86.529712
902538480,2023,10,3,1800,Weekday,2-Car,Non-incapacitating,UNSAFE LANE MOVEMENT,3RD & PATTERSON,39.16344009,-86.55128002
902538542,2023,10,4,2300,Weekday,3+ Cars,No injury/unknown,OTHER (DRIVER) - EXPLAIN IN NARRATIVE,PECAN & SOUTH OAKDALE,39.14676011,-86.57113976
902538761,2023,10,4,1100,Weekday,2-Car,No injury/unknown,IMPROPER TURNING,W KIRKWOOD,39.166832,-86.550992
902538816,2023,10,4,1200,Weekday,2-Car,No injury/unknown,FAILURE TO YIELD RIGHT OF WAY,LANDMARK & W 3RD,39.16442983,-86.55630983
902538892,2023,10,4,1200,Weekday,1-Car,No injury/unknown,UNSAFE LANE MOVEMENT,SR37N,39.23886381,-86.5381848
902538955,2023,10,4,1500,Weekday,2-Car,Non-incapacitating,FAILURE TO YIELD RIGHT OF WAY,E 6TH & N WASHINGTON,39.167664,-86.5324
902538957,2023,10,4,1500,Weekday,3+ Cars,No injury/unknown,FOLLOWING TOO CLOSELY,SUNNY SLOPES & WALNUT STREET,39.13264,-86.526688
902538994,2023,10,3,1800,Weekday,1-Car,No injury/unknown,RAN OFF ROAD RIGHT,E BETHEL & N HINKLE,39.212848,-86.505392
902539005,2023,10,4,1200,Weekday,Bus,No injury/unknown,OTHER (DRIVER) - EXPLAIN IN NARRATIVE,S PARK SQUARE,39.15704,-86.591696
902539075,2023,10,4,1700,Weekday,3+ Cars,Non-incapacitating,FAILURE TO YIELD RIGHT OF WAY,GATES & W 3RD,39.16459009,-86.57619975
902539080,2023,10,3,1800,Weekday,3+ Cars,Incapacitating,FOLLOWING TOO CLOSELY,SR45W & WEST AIRPORT,39.136848,-86.593792
902539084,2023,10,4,1600,Weekday,1-Car,No injury/unknown,RAN OFF ROAD RIGHT,E SOUTHSHORE & N BEACHWOOD,39.25160255,-86.40991291
902539112,2023,10,4,2000,Weekday,2-Car,No injury/unknown,UNSAFE BACKING,E 3RD,39.16424,-86.51605714
902539118,2023,10,3,2100,Weekday,2-Car,No injury/unknown,,S LIBERTY,39.145264,-86.577616
902539141,2023,10,4,1400,Weekday,2-Car,Non-incapacitating,FAILURE TO YIELD RIGHT OF WAY,SALE & VINE,39.2345848,-86.62382304
902539217,2023,10,5,500,Weekday,1-Car,No injury/unknown,ANIMAL/OBJECT IN ROADWAY,KINSER & SR37N,39.22007951,-86.55078479
902539481,2023,10,5,1200,Weekday,2-Car,No injury/unknown,OTHER (DRIVER) - EXPLAIN IN NARRATIVE,MILLER & WALNUT,39.146944,-86.532544
902539677,2023,10,5,1500,Weekday,1-Car,No injury/unknown,OTHER (DRIVER) - EXPLAIN IN NARRATIVE,S EDGEWOOD,39.23539102,-86.63945697
902539787,2023,10,5,1600,Weekday,2-Car,No injury/unknown,FAILURE TO YIELD RIGHT OF WAY,KIRKWOOD & ROGERS,39.166672,-86.538608
902539837,2023,10,5,1500,Weekday,2-Car,Incapacitating,FAILURE TO YIELD RIGHT OF WAY,CURRY & ROLL,39.14771374,-86.58262082
902539851,2023,10,5,2100,Weekday,2-Car,No injury/unknown,DRIVER DISTRACTED - EXPLAIN IN NARRATIVE,TENTH & WOODLAWN,39.17164028,-86.52349971
902539948,2023,10,6,0,Weekday,2-Car,Incapacitating,IMPROPER LANE USAGE,E 10TH,39.176848,-86.478192
902539962,2023,10,5,2300,Weekday,1-Car,Non-incapacitating,UNSAFE SPEED,E KIRKWOOD & S DUNN,39.16664,-86.528192
902539982,2023,10,5,1300,Weekday,2-Car,No injury/unknown,FOLLOWING TOO CLOSELY,SR37S & SR45W,39.148144,-86.572992
902540003,2023,10,5,800,Weekday,2-Car,No injury/unknown,VIEW OBSTRUCTED,KINSER & SKYLINE,39.19074989,-86.53772024
902540064,2023,10,2,1300,Weekday,2-Car,No injury/unknown,FOLLOWING TOO CLOSELY,SMITH & SR46W,39.210144,-86.5832
902540099,2023,10,6,900,Weekday,2-Car,No injury/unknown,UNSAFE BACKING,JORDAN & PRESIDENTS LOT,0,0
902540116,2023,9,4,1300,Weekday,2-Car,No injury/unknown,UNSAFE BACKING,3RD,39.16464,-86.56905455
902540206,2023,10,6,1100,Weekday,2-Car,No injury/unknown,UNSAFE BACKING,E WOODBINE,39.15596771,-86.50253295
902540268,2023,10,6,1200,Weekday,2-Car,No injury/unknown,DISREGARD SIGNAL/REG SIGN,COTTAGE GROVE & WOODLAWN,39.17264,-86.523584
902540281,2023,10,6,1200,Weekday,1-Car,Non-incapacitating,RAN OFF ROAD RIGHT,N WALNUT & SR 45 46,39.186368,-86.5344
902540330,2023,10,6,1100,Weekday,Cyclist,Non-incapacitating,FAILURE TO YIELD RIGHT OF WAY,7TH & JORDAN,39.16916292,-86.51599183
902540449,2023,10,6,1700,Weekday,2-Car,No injury/unknown,FOLLOWING TOO CLOSELY,E 17TH & SR4546E,39.17984,-86.507088
902540450,2023,10,6,2000,Weekend,1-Car,No injury/unknown,ANIMAL/OBJECT IN ROADWAY,GIFFORD & KIRBY,39.15555954,-86.61056157
902540463,2023,10,6,1500,Weekday,3+ Cars,No injury/unknown,FOLLOWING TOO CLOSELY,S HICKORY & SR45W,39.16249847,-86.58585357
902540528,2023,10,6,2100,Weekend,2-Car,No injury/unknown,FOLLOWING TOO CLOSELY,2ND & WALKER,39.16142978,-86.54614023
902540575,2023,10,3,2100,Weekday,2-Car,Incapacitating,FAILURE TO YIELD RIGHT OF WAY,3RD,39.164752,-86.573104
902540583,2023,10,6,1000,Weekday,2-Car,No injury/unknown,FAILURE TO YIELD RIGHT OF WAY,COUNTRY CLUB & WALNUT,39.13597025,-86.5311098
902540623,2023,10,6,1100,Weekday,2-Car,No injury/unknown,BRAKE FAILURE OR DEFECTIVE,OLD SR 37 & WALNUT,39.20704,-86.534704
902540674,2023,10,7,1000,Weekend,2-Car,Non-incapacitating,DISREGARD SIGNAL/REG SIGN,1ST & S WASHINGTON,39.159344,-86.5324
902540698,2023,10,5,1300,Weekday,2-Car,No injury/unknown,DRIVER DISTRACTED - EXPLAIN IN NARRATIVE,HARTSTRAIT & STATE ROAD 48,39.16494012,-86.61103025
902540715,2023,10,7,1100,Weekend,2-Car,No injury/unknown,FAILURE TO YIELD RIGHT OF WAY,N WILLIS & WESTFIELD,39.18056,-86.543968
902540727,2023,10,6,2100,Weekend,2-Car,No injury/unknown,FOLLOWING TOO CLOSELY,S COLLEGE & W 3RD,39.16464,-86.534816
902540750,2023,10,7,1400,Weekend,2-Car,No injury/unknown,UNSAFE BACKING,W 2ND,39.16153611,-86.53976784
902540769,2023,10,6,1800,Weekday,2-Car,No injury/unknown,UNSAFE BACKING,CASSANDRA & LEONARD SPRINGS,39.122288,-86.610608
902540770,2023,10,6,2000,Weekend,1-Car,Incapacitating,RAN OFF ROAD RIGHT,BIRDIE GALYAN & SR46E,39.162656,-86.413296
902540833,2023,10,7,1700,Weekend,2-Car,No injury/unknown,FAILURE TO YIELD RIGHT OF WAY,2ND & COLLEGE MALL,0,0
902540836,2023,10,7,1700,Weekend,2-Car,Non-incapacitating,FAILURE TO YIELD RIGHT OF WAY,S COLLEGE MALL,39.16291428,-86.49874114
902540856,2023,10,7,1500,Weekend,Pedestrian,Non-incapacitating,PEDESTRIAN ACTION,E 18TH & N DUNN,39.180352,-86.5284
902540871,2023,10,7,1700,Weekend,2-Car,Non-incapacitating,FOLLOWING TOO CLOSELY,E 10TH & N FORREST,39.17163022,-86.52237989
902540890,2023,10,7,2000,Weekend,2-Car,No injury/unknown,UNSAFE BACKING,S INDIANA,39.16550106,-86.52684212
902540984,2023,10,1,300,Weekend,1-Car,No injury/unknown,RAN OFF ROAD RIGHT,KIRKWOOD & OAK,39.1667878,-86.54715279
902541089,2023,10,3,700,Weekday,2-Car,No injury/unknown,UNSAFE LANE MOVEMENT,FOREST PARK & SMITH,39.20841866,-86.5832
902541137,2023,10,7,1400,Weekend,2-Car,No injury/unknown,UNSAFE LANE MOVEMENT,E 3RD & S SWAIN,39.16424,-86.5152
902541151,2023,10,1,1300,Weekend,2-Car,No injury/unknown,FAILURE TO YIELD RIGHT OF WAY,BURKS & WALNUT,39.14251599,-86.53136998
902541175,2023,10,5,1800,Weekday,1-Car,Incapacitating,RAN OFF ROAD RIGHT,SR46W & STINESVILLE,39.26321863,-86.66150699
902541198,2023,10,1,1200,Weekend,2-Car,No injury/unknown,IMPROPER TURNING,15TH & NORTH WALNUT,39.176848,-86.533424
902541248,2023,10,1,1800,Weekend,Pedestrian,Non-incapacitating,DISREGARD SIGNAL/REG SIGN,KIRKWOOD & WASHINGTON,39.16664,-86.5324
902541278,2023,10,1,1900,Weekday,2-Car,Non-incapacitating,FAILURE TO YIELD RIGHT OF WAY,CORY & WEST 3RD,39.164544,-86.560096
902541307,2023,10,1,1800,Weekend,2-Car,No injury/unknown,FAILURE TO YIELD RIGHT OF WAY,6TH & INDIANA,39.1677418,-86.52710439
902541308,2023,10,1,1600,Weekend,2-Car,No injury/unknown,FAILURE TO YIELD RIGHT OF WAY,E 3RD & KINGSTON,39.16424,-86.492944
902541531,2023,10,1,900,Weekend,2-Car,Non-incapacitating,FOLLOWING TOO CLOSELY,LEE PAUL & SR37N,39.29453839,-86.522789
902541557,2023,10,1,1300,Weekend,1-Car,No injury/unknown,ANIMAL/OBJECT IN ROADWAY,HARRELL ROAD & RHORER ROAD,39.121808,-86.498784
902541577,2023,10,1,1200,Weekend,1-Car,Non-incapacitating,RAN OFF ROAD RIGHT,GENTRY & SR446S,39.16089693,-86.47150404
902541798,2023,10,5,1200,Weekday,2-Car,No injury/unknown,UNSAFE BACKING,S FESS,39.17058971,-86.52572931
902542144,2023,10,2,1600,Weekday,2-Car,No injury/unknown,DRIVER DISTRACTED - EXPLAIN IN NARRATIVE,SR37 & VERNAL,39.17662048,-86.56252288
902542163,2023,10,2,1600,Weekday,Pedestrian,Incapacitating,FAILURE TO YIELD RIGHT OF WAY,E JONES & JORDAN,39.16540012,-86.51640996
902542211,2023,10,7,1500,Weekend,1-Car,No injury/unknown,OVERCORRECTING/OVERSTEERING,THOMAS & VERNAL,39.18744714,-86.62606934
902542212,2023,10,7,1900,Weekend,2-Car,No injury/unknown,ANIMAL/OBJECT IN ROADWAY,ELLIS & SR37N,39.02283151,-86.53290599
902542213,2023,10,1,1500,Weekend,2-Car,No injury/unknown,OVERCORRECTING/OVERSTEERING,CARMOLA & N SMITH,39.204448,-86.583168
902542214,2023,10,2,1700,Weekday,2-Car,No injury/unknown,FOLLOWING TOO CLOSELY,CURRY & WOODYARD,39.190672,-86.582992
902542248,2023,10,2,1500,Weekday,2-Car,No injury/unknown,FOLLOWING TOO CLOSELY,MCCRACKEN & SMITH,0,0
902542259,2023,10,2,2000,Weekday,3+ Cars,Non-incapacitating,FOLLOWING TOO CLOSELY,SOUTH CURRY & SR45W,39.142048,-86.582592
902542274,2023,10,2,1900,Weekday,2-Car,No injury/unknown,FAILURE TO YIELD RIGHT OF WAY,EAST 5TH & NORTH CLARK,39.16681029,-86.50497972
902542349,2023,10,1,1200,Weekend,2-Car,No injury/unknown,,E KIRKWOOD,39.16664,-86.52932767
902542351,2023,10,1,0,Weekend,1-Car,No injury/unknown,ANIMAL/OBJECT IN ROADWAY,ACUFF & SR37N,39.20686675,-86.55469409
902542352,2023,10,1,500,Weekend,1-Car,No injury/unknown,OTHER (DRIVER) - EXPLAIN IN NARRATIVE,SR446S & WALDRIP CREEK,39.58625592,-86.42356109
902542662,2023,10,3,1200,Weekday,2-Car,No injury/unknown,FAILURE TO YIELD RIGHT OF WAY,3RD & LIBERTY,39.14874854,-86.57913006
902542928,2023,10,3,1500,Weekday,Moped/Motorcycle,No injury/unknown,FAILURE TO YIELD RIGHT OF WAY,FEE & HODGE HALL SERVICE DRIVE,0,0
902542929,2023,10,3,1700,Weekday,2-Car,No injury/unknown,UNSAFE LANE MOVEMENT,N JORDAN,39.18081529,-86.511088
902542975,2023,10,3,1700,Weekday,2-Car,No injury/unknown,OTHER (ENVIRONMENTAL) - EXPLAIN IN NARR,PROFILE,39.1696474,-86.59230642
902542977,2023,10,3,100,Weekday,2-Car,No injury/unknown,OTHER (DRIVER) - EXPLAIN IN NARRATIVE,EAST WATERSEDGE,39.02558899,-86.50688934
902543021,2023,10,2,1500,Weekday,2-Car,Incapacitating,UNSAFE SPEED,N HARTSTRAIT & W VERNAL,39.18676995,-86.6112703
902543044,2023,10,3,2200,Weekday,2-Car,No injury/unknown,UNSAFE BACKING,S FRANKLIN,39.166496,-86.571216
902543068,2023,10,7,0,Weekend,1-Car,No injury/unknown,OTHER (DRIVER) - EXPLAIN IN NARRATIVE,M SMITH & W NORWAY,0,0
902543115,2023,10,4,300,Weekday,1-Car,No injury/unknown,DRIVER ASLEEP OR FATIGUED,E MOORES & S SARE,39.04475397,-86.49918012
902543173,2023,10,3,1300,Weekday,1-Car,Incapacitating,OTHER (DRIVER) - EXPLAIN IN NARRATIVE,N KINSER PILE,39.206688,-86.547456
902543276,2023,10,3,1300,Weekday,2-Car,No injury/unknown,FAILURE TO YIELD RIGHT OF WAY,N ROGERS & W 11TH,39.173184,-86.538528
902543289,2023,10,4,1000,Weekday,Cyclist,Non-incapacitating,WRONG WAY ON ONE WAY,14TH & N WALNUT,39.175952,-86.53344
902543344,2023,10,4,1100,Weekday,2-Car,No injury/unknown,FAILURE TO YIELD RIGHT OF WAY,E MAXWELL & S WOODLAWN,39.15781014,-86.52264006
902543434,2023,10,7,1800,Weekend,2-Car,No injury/unknown,FAILURE TO YIELD RIGHT OF WAY,DUNN & SR45,39.18635204,-86.52602555
902543522,2023,10,4,1600,Weekday,1-Car,Non-incapacitating,OTHER (ENVIRONMENTAL) - EXPLAIN IN NARR,DUNN & SR37N,39.17863846,-86.52835845
902543529,2023,10,4,1600,Weekday,2-Car,No injury/unknown,FOLLOWING TOO CLOSELY,ATWATER & PARK,39.1631179,-86.52403492
902543550,2023,10,3,2100,Weekday,2-Car,No injury/unknown,FOLLOWING TOO CLOSELY,17TH & INDIANA,39.179024,-86.5272
902543585,2023,10,4,1600,Weekday,2-Car,No injury/unknown,FOLLOWING TOO CLOSELY,SOUTH LANDMARK & WEST 3RD,39.16442983,-86.55630983
902543592,2023,10,4,1700,Weekday,2-Car,No injury/unknown,FAILURE TO YIELD RIGHT OF WAY,8TH & JEFFERSON,39.169552,-86.507056
902543633,2023,10,4,2000,Weekday,2-Car,Non-incapacitating,FOLLOWING TOO CLOSELY,ATWATER & HENDERSON,39.16313969,-86.52727022
902543636,2023,10,4,1600,Weekday,2-Car,No injury/unknown,FOLLOWING TOO CLOSELY,CORY & WEST 3RD,39.164544,-86.560096
902543643,2023,10,4,2000,Weekday,2-Car,No injury/unknown,FAILURE TO YIELD RIGHT OF WAY,FEE & LAW,39.174048,-86.518896
902543656,2023,10,4,2200,Weekday,1-Car,No injury/unknown,ANIMAL/OBJECT IN ROADWAY,S STANFORD & W ELWREN,39.10824,-86.666192
902543677,2023,10,4,2200,Weekday,2-Car,No injury/unknown,DRIVER DISTRACTED - EXPLAIN IN NARRATIVE,W VERNAL,39.179248,-86.58292
902543832,2023,10,3,1300,Weekday,2-Car,Incapacitating,DISREGARD SIGNAL/REG SIGN,SR37S & SR46E,39.194144,-86.554592
902543858,2023,10,5,700,Weekday,Bus,Incapacitating,FOLLOWING TOO CLOSELY,2876 S WALNUT & PINEWOOD,39.1526518,-86.53142587
902543992,2023,10,5,1100,Weekday,2-Car,No injury/unknown,UNSAFE LANE MOVEMENT,E 3RD & N WALNUT,39.16464,-86.5336
902543998,2023,10,5,1000,Weekday,2-Car,No injury/unknown,FAILURE TO YIELD RIGHT OF WAY,W CASCADE & W GOURLEY,39.1852,-86.541952
902543999,2023,10,5,1200,Weekday,2-Car,No injury/unknown,OTHER (DRIVER) - EXPLAIN IN NARRATIVE,1ST & WALNUT,39.159344,-86.5336
902544040,2023,10,5,1200,Weekday,Pedestrian,Incapacitating,DISREGARD SIGNAL/REG SIGN,S FAIRVIEW & W 4TH,39.165712,-86.5408