Master Record Number,Year,Month,Day,Hour,Weekend,Collision Type,Injury Type,Primary Factor,Reported_Location,Latitude,Longitude
902544072,2023,10,4,1600,Weekday,2-Car,No injury/unknown,UNSAFE BACKING,W WYLIE,39.15944,-86.55776914
902544080,2023,10,4,1700,Weekday,Moped/Motorcycle,No injury/unknown,UNSAFE SPEED,SMITH & SR46W,39.210144,-86.5832
902544228,2023,10,5,1700,Weekday,2-Car,No injury/unknown,FAILURE TO YIELD RIGHT OF WAY,SIMPSON CHAPEL & SR37N,39.26616,-86.522752
902544237,2023,10,5,1700,Weekday,1-Car,No injury/unknown,ANIMAL/OBJECT IN ROADWAY,S OLD STATE ROAD 37 & S ROGERS,39.099408,-86.537904
902544305,2023,10,4,2300,Weekday,1-Car,No injury/unknown,DRIVER DISTRACTED - EXPLAIN IN NARRATIVE,2ND & WOODCREST,39.160944,-86.5024
902544361,2023,10,6,0,Weekday,1-Car,No injury/unknown,RAN OFF ROAD RIGHT,MT CARMEL & STINESVILLE,39.29611928,-86.65930657
902544439,2023,10,4,900,Weekday,2-Car,No injury/unknown,UNSAFE BACKING,E 2ND,39.16144,-86.5324
902544455,2023,10,1,1400,Weekend,2-Car,No injury/unknown,DRIVER DISTRACTED - EXPLAIN IN NARRATIVE,SAMPLE & SR37N,39.26890488,-86.52287361
902544456,2023,10,2,1300,Weekday,2-Car,No injury/unknown,UNSAFE LANE MOVEMENT,N CURRY & W VERNAL,39.2003166,-86.58308029
902544647,2023,10,6,1200,Weekday,2-Car,No injury/unknown,IMPROPER LANE USAGE,S WALNUT,39.16464,-86.5336
902544807,2023,10,6,1500,Weekday,Bus,No injury/unknown,FAILURE TO YIELD RIGHT OF WAY,SOUTH WALNUT & WINSLOW,39.13597025,-86.5311098
902544812,2023,10,6,1400,Weekday,2-Car,No injury/unknown,FAILURE TO YIELD RIGHT OF WAY,8TH & GRANT,39.169552,-86.529696
902544813,2023,10,5,1600,Weekday,3+ Cars,No injury/unknown,FOLLOWING TOO CLOSELY,3RD & WYNNEDALE,39.16455992,-86.57019026
902544850,2023,10,6,1500,Weekday,Pedestrian,Incapacitating,RAN OFF ROAD RIGHT,2951 N BANKERS & E RUSGAN,39.200752,-86.532592
902544872,2023,10,6,1500,Weekday,2-Car,No injury/unknown,FAILURE TO YIELD RIGHT OF WAY,GOURLEY & KINSER,39.185392,-86.537856
902544876,2023,10,6,1900,Weekend,2-Car,No injury/unknown,FAILURE TO YIELD RIGHT OF WAY,3RD & PETE ELLIS,39.16424,-86.495088
902544908,2023,10,6,2000,Weekend,2-Car,No injury/unknown,FAILURE TO YIELD RIGHT OF WAY,EAST 2ND & HIGH,39.1609899,-86.50846995
902544932,2023,10,6,2100,Weekend,2-Car,No injury/unknown,FAILURE TO YIELD RIGHT OF WAY,EAST 10TH & NORTH WALNUT,39.171744,-86.53352
902545007,2023,10,4,1000,Weekday,2-Car,No injury/unknown,IMPROPER TURNING,SR446S & WALDRIP CREEK,39.33315386,-86.42356109
902545021,2023,10,6,800,Weekday,2-Car,Incapacitating,FAILURE TO YIELD RIGHT OF WAY,KINSER & SR4546W,39.186544,-86.537888
902545031,2023,10,5,1000,Weekday,2-Car,No injury/unknown,FOLLOWING TOO CLOSELY,SR37N & TAPP,39.13704,-86.572896
902545032,2023,10,5,1200,Weekday,2-Car,No injury/unknown,UNSAFE BACKING,ROLLING RIDGE,39.133744,-86.50592
902545074,2023,10,7,900,Weekend,2-Car,Incapacitating,FAILURE TO YIELD RIGHT OF WAY,7TH & SR45E,39.167648,-86.500096
902545106,2023,10,6,1300,Weekday,2-Car,Non-incapacitating,FOLLOWING TOO CLOSELY,EAST 10TH & NORTH PETE ELLIS,39.171504,-86.495312
902545131,2023,10,7,1300,Weekend,2-Car,No injury/unknown,SPEED TOO FAST FOR WEATHER CONDITIONS,OLDSTATE ROAD 37 S & STATE ROAD 37 S,0,0
902545146,2023,10,6,1600,Weekday,2-Car,No injury/unknown,IMPROPER TURNING,HICKORY & SR48W,39.164832,-86.585856
902545167,2023,10,7,1400,Weekend,2-Car,No injury/unknown,UNSAFE LANE MOVEMENT,3RD & COLLEGE MALL,39.16424,-86.4984
902545174,2023,10,7,1400,Weekend,2-Car,No injury/unknown,SPEED TOO FAST FOR WEATHER CONDITIONS,OLD SR 37 & RHORER,39.121552,-86.531296
902545257,2023,10,7,1600,Weekend,1-Car,Incapacitating,SPEED TOO FAST FOR WEATHER CONDITIONS,DUNN & SR37N,39.17863846,-86.52834115
902545279,2023,10,7,1700,Weekend,1-Car,No injury/unknown,IMPROPER TURNING,7TH & HIGHWAY 45 46,39.167648,-86.500096
902545280,2023,10,7,1600,Weekend,2-Car,No injury/unknown,SPEED TOO FAST FOR WEATHER CONDITIONS,DUNN & OLD STATE ROAD 37 N,39.20801975,-86.52873294
902545306,2023,10,7,1600,Weekend,2-Car,No injury/unknown,LEFT OF CENTER,E SCHACHT & S FAIRFAX,39.10704,-86.523488
902545307,2023,10,7,1700,Weekend,2-Car,No injury/unknown,SPEED TOO FAST FOR WEATHER CONDITIONS,N HARTSTRAIT & W VERNAL,39.186752,-86.611504
902545308,2023,10,7,1800,Weekend,1-Car,No injury/unknown,RAN OFF ROAD RIGHT,E MARTIN & E STATE ROAD 45,39.20474008,-86.46328441
902545309,2023,10,7,2000,Weekend,1-Car,No injury/unknown,ANIMAL/OBJECT IN ROADWAY,E STATE ROAD 45 & N PATHWAYS,39.24077593,-86.38299354
902545312,2023,10,7,1600,Weekend,1-Car,No injury/unknown,RAN OFF ROAD RIGHT,W REEVES,39.24152825,-86.68116535
902545314,2023,10,7,1800,Weekend,2-Car,No injury/unknown,FAILURE TO YIELD RIGHT OF WAY,BLACK OAKS & ROBINSON,39.24069106,-86.44136351
902545315,2023,10,7,1900,Weekend,2-Car,No injury/unknown,SPEED TOO FAST FOR WEATHER CONDITIONS,S OLD RICHARDSON & SR446S,0,0
902545439,2023,10,7,500,Weekend,1-Car,No injury/unknown,ANIMAL/OBJECT IN ROADWAY,SR45N & W 3RD,39.164752,-86.573104
902545450,2023,10,1,700,Weekend,2-Car,No injury/unknown,FAILURE TO YIELD RIGHT OF WAY,SR37S & VERNAL,39.17856339,-86.56000817
902545451,2023,10,7,800,Weekend,Pedestrian,Non-incapacitating,PEDESTRIAN ACTION,KINSER & SR4546W,39.186544,-86.537888
902545518,2023,10,7,1500,Weekend,2-Car,No injury/unknown,FOLLOWING TOO CLOSELY,E 3RD ST & S PETE ELLIS,39.16424,-86.495088
902545643,2023,10,7,1100,Weekend,2-Car,No injury/unknown,OTHER (DRIVER) - EXPLAIN IN NARRATIVE,E MAXWELL & S STULL,39.15792,-86.52472
902545678,2023,10,1,1500,Weekend,2-Car,No injury/unknown,FAILURE TO YIELD RIGHT OF WAY,FEE & SR4546W,39.186032,-86.51984
902545685,2023,10,1,2000,Weekday,2-Car,Incapacitating,,E MORNINGSIDE & N SMITH,39.166432,-86.4812
902545688,2023,10,7,1500,Weekend,2-Car,Incapacitating,OVERCORRECTING/OVERSTEERING,SR37N & WINERY,39.24858074,-86.52267895
902545690,2023,10,1,1400,Weekend,1-Car,No injury/unknown,UNSAFE SPEED,MAIN FOREST & ROSENBAUM,0,0
902545691,2023,10,1,1600,Weekend,2-Car,No injury/unknown,FOLLOWING TOO CLOSELY,BURMA & SR37N,39.31561299,-86.51117113
902545703,2023,10,1,1700,Weekend,2-Car,Non-incapacitating,FOLLOWING TOO CLOSELY,S WYNNEDALE & W 3RD,39.16455992,-86.57019026
902545951,2023,10,2,700,Weekday,2-Car,No injury/unknown,FOLLOWING TOO CLOSELY,WALNUT ST & WINSLOW,0,0
902546000,2023,10,2,600,Weekday,1-Car,No injury/unknown,ANIMAL/OBJECT IN ROADWAY,BRYANTS CREEK & SR37,0,0
902546016,2023,10,2,800,Weekday,2-Car,No injury/unknown,FAILURE TO YIELD RIGHT OF WAY,SALE & SR46,39.23384,-86.624704
902546099,2023,10,2,1100,Weekday,2-Car,No injury/unknown,UNSAFE BACKING,S LIBERTY,39.145264,-86.577616
902546203,2023,10,2,700,Weekday,Bus,Incapacitating,LEFT OF CENTER,COOPERATIVE & TAPP,0,0
902546205,2023,10,2,1200,Weekday,2-Car,No injury/unknown,FAILURE TO YIELD RIGHT OF WAY,N COLLEGE & W 9TH,39.170544,-86.534768
902546238,2023,10,1,1300,Weekend,2-Car,No injury/unknown,UNSAFE BACKING,STATE ROAD 48,39.16435242,-86.61186981
902546240,2023,10,2,1200,Weekday,2-Car,No injury/unknown,FAILURE TO YIELD RIGHT OF WAY,E HILLSIDE & OLIVE,39.150656,-86.5188
902546241,2023,10,1,1100,Weekend,3+ Cars,No injury/unknown,FOLLOWING TOO CLOSELY,BRYANTS CREEK & SR37N,0,0
902546410,2023,10,2,1700,Weekday,2-Car,No injury/unknown,FOLLOWING TOO CLOSELY,EAST 17TH & WALNUT GROVE,39.1790197,-86.5210998
902546415,2023,10,2,1700,Weekday,2-Car,No injury/unknown,UNSAFE BACKING,E LINGELBACH,39.17782679,-86.50843776
902546422,2023,9,7,2100,Weekend,2-Car,No injury/unknown,,W BRANCH,39.15678,-86.546569
902546487,2023,10,2,1900,Weekday,2-Car,No injury/unknown,UNSAFE BACKING,EAST 3RD,39.0803238,-86.51676334
902546516,2023,10,2,1600,Weekday,2-Car,Non-incapacitating,FAILURE TO YIELD RIGHT OF WAY,E ATWATER & S HENDERSON,39.16313969,-86.52727022
902546557,2023,10,2,500,Weekday,2-Car,No injury/unknown,FOLLOWING TOO CLOSELY,S BUNGER & SR45W,39.12936,-86.604336
902546636,2023,10,4,1100,Weekday,2-Car,No injury/unknown,FAILURE TO YIELD RIGHT OF WAY,CURRY & VERNAL,0,0
902546711,2023,10,2,1200,Weekday,2-Car,No injury/unknown,OTHER (DRIVER) - EXPLAIN IN NARRATIVE,GRIMES & WALNUT,39.15335029,-86.53371021
902546721,2023,10,3,800,Weekday,2-Car,Non-incapacitating,FOLLOWING TOO CLOSELY,E 10TH & N SMITH,39.172752,-86.482288
902546797,2023,10,3,900,Weekday,Bus,No injury/unknown,FOLLOWING TOO CLOSELY,ADAMS & KIRKWOOD,39.166816,-86.549488
902546814,2023,10,6,1300,Weekday,2-Car,No injury/unknown,FOLLOWING TOO CLOSELY,CAPITOL & SR46W,39.22319326,-86.60910588
902546894,2023,10,3,1100,Weekday,2-Car,No injury/unknown,FOLLOWING TOO CLOSELY,E 3RD & MITCHELL,39.16424,-86.514096
902546918,2023,10,3,1100,Weekday,1-Car,No injury/unknown,ROADWAY SURFACE CONDITION,N DUNN & N OLD STATE ROAD 37,39.208048,-86.528704
902546933,2023,10,3,1100,Weekday,2-Car,No injury/unknown,OVERCORRECTING/OVERSTEERING,BASSWOOD & BLOOMFIELD,39.14977205,-86.56891458
902566586,2023,11,3,1300,Weekday,2-Car,No injury/unknown,FAILURE TO YIELD RIGHT OF WAY,SMITH & WOODYARD,0,0
902566711,2023,11,5,800,Weekday,1-Car,No injury/unknown,OTHER (DRIVER) - EXPLAIN IN NARRATIVE,MATTHEWS & VINE,39.23532177,-86.62544776
902566753,2023,11,4,1500,Weekday,2-Car,No injury/unknown,SPEED TOO FAST FOR WEATHER CONDITIONS,S BREEDEN & SR45W,39.0881573,-86.66901213
902566786,2023,11,5,1700,Weekday,2-Car,No injury/unknown,FAILURE TO YIELD RIGHT OF WAY,10TH & WOODLAWN,39.171632,-86.523536
902566807,2023,11,5,1400,Weekday,3+ Cars,Non-incapacitating,DRIVER DISTRACTED - EXPLAIN IN NARRATIVE,1ST & COLLEGE,39.16026391,-86.53486682
902566845,2023,11,5,1700,Weekday,2-Car,No injury/unknown,FOLLOWING TOO CLOSELY,E 10TH & N JORDAN,39.171552,-86.515728
902566900,2023,11,3,1700,Weekday,1-Car,No injury/unknown,ANIMAL/OBJECT IN ROADWAY,W WOODYARD & WOLCOT,0,0
902566917,2023,11,5,1800,Weekday,3+ Cars,No injury/unknown,FOLLOWING TOO CLOSELY,NORTH KINSER & SR46E,39.18662255,-86.53964972
902566983,2023,11,6,0,Weekday,1-Car,No injury/unknown,RAN OFF ROAD RIGHT,WEST WALCOTT & WEST WOODYARD,39.201488,-86.601968
902566992,2023,11,5,2100,Weekday,2-Car,No injury/unknown,FAILURE TO YIELD RIGHT OF WAY,E MOORES PIKE & S CLARIZZ,39.15033948,-86.49132414
902567073,2023,11,5,1100,Weekday,2-Car,Non-incapacitating,FAILURE TO YIELD RIGHT OF WAY,3RD & LIBERTY,39.16461021,-86.57908677
902567092,2023,11,6,1300,Weekday,2-Car,No injury/unknown,,NORTH INDIANA,39.17588806,-86.52718353
902567196,2023,11,6,900,Weekday,2-Car,No injury/unknown,IMPROPER TURNING,S HIGHLAND,39.14185333,-86.51425933
902567213,2023,11,4,700,Weekday,3+ Cars,No injury/unknown,RAN OFF ROAD RIGHT,MOFFETT,39.09947968,-86.51124579
902567284,2023,11,6,1200,Weekday,2-Car,No injury/unknown,UNSAFE BACKING,EAST THIRD,39.163619,-86.49514
902567311,2023,11,6,1200,Weekday,2-Car,Incapacitating,FAILURE TO YIELD RIGHT OF WAY,N FRITIZ & N WALNUT,39.22312501,-86.53308995
902567330,2023,11,4,1700,Weekday,2-Car,No injury/unknown,UNSAFE BACKING,SOUTH WALNUT,39.13630217,-86.53103537
902567388,2023,11,6,1500,Weekday,2-Car,No injury/unknown,FAILURE TO YIELD RIGHT OF WAY,MONROE & SR46W,39.186944,-86.5468
902567437,2023,11,6,1600,Weekday,2-Car,No injury/unknown,FAILURE TO YIELD RIGHT OF WAY,EAST 3RD & KINGSTON,39.16424,-86.492944
902567469,2023,11,6,1700,Weekday,2-Car,No injury/unknown,FAILURE TO YIELD RIGHT OF WAY,3RD & SWAIN,39.16425012,-86.51525996
902567473,2023,11,5,2100,Weekday,2-Car,No injury/unknown,,10TH & 800 N SMITH,39.172752,-86.482288
902567533,2023,11,6,2000,Weekend,2-Car,No injury/unknown,FOLLOWING TOO CLOSELY,LOVE & SR46W,39.2187363,-86.60160144
902567635,2023,11,6,2300,Weekend,1-Car,No injury/unknown,ANIMAL/OBJECT IN ROADWAY,SR46 & WOODVIEW,39.15156773,-86.38607313
902546934,2023,10,3,1100,Weekday,2-Car,No injury/unknown,OTHER (DRIVER) - EXPLAIN IN NARRATIVE,BLOOMFIELD & SR37N,0,0
902546953,2023,10,3,900,Weekday,Cyclist,Non-incapacitating,FAILURE TO YIELD RIGHT OF WAY,ALLEN & MORTON,0,0
902547018,2023,10,3,1200,Weekday,2-Car,No injury/unknown,FOLLOWING TOO CLOSELY,S LANDMARK & W BLOOMFIELD,39.15993981,-86.55382007
902547029,2023,10,3,1300,Weekday,2-Car,No injury/unknown,SPEED TOO FAST FOR WEATHER CONDITIONS,CLUBHOUSE & KINSER,0,0
902547121,2023,10,3,1500,Weekday,1-Car,Non-incapacitating,IMPROPER TURNING,3RD & SR4546E,39.164448,-86.471888
902547135,2023,10,2,1900,Weekday,1-Car,No injury/unknown,IMPROPER TURNING,KINSER,0,0
902547197,2023,10,3,1700,Weekday,Bus,No injury/unknown,FAILURE TO YIELD RIGHT OF WAY,BLOOMFIELD & LIBERTY,0,0
902547203,2023,10,3,1700,Weekday,2-Car,Non-incapacitating,FOLLOWING TOO CLOSELY,CONSTITUTION & LIBERTY,39.14872891,-86.57591446
902547207,2023,10,3,1500,Weekday,2-Car,No injury/unknown,FOLLOWING TOO CLOSELY,KIRKWOOD & WALNUT,39.16664,-86.5336
902547228,2023,10,3,1700,Weekday,2-Car,Incapacitating,FOLLOWING TOO CLOSELY,CURRY & WOODLYN,0,0
902547262,2023,10,3,1800,Weekday,2-Car,Incapacitating,SPEED TOO FAST FOR WEATHER CONDITIONS,KINSER & SR46W,39.186544,-86.537888
902547271,2023,10,3,1900,Weekday,2-Car,Non-incapacitating,SPEED TOO FAST FOR WEATHER CONDITIONS,10TH & JORDAN,39.1723724,-86.51562955
902547276,2023,10,3,1900,Weekday,2-Car,No injury/unknown,IMPROPER TURNING,10TH & COLLEGE,39.171744,-86.534768
902547281,2023,10,3,1800,Weekday,2-Car,No injury/unknown,DRIVER DISTRACTED - EXPLAIN IN NARRATIVE,ATWATER & WOODLAWN,39.16312024,-86.52261432
902547297,2023,10,2,1900,Weekday,2-Car,Incapacitating,DISREGARD SIGNAL/REG SIGN,KINSER & SR45E,39.186544,-86.537888
902547305,2023,10,3,2000,Weekday,2-Car,No injury/unknown,,N WALNUT,39.193952,-86.533296
902547335,2023,10,3,2000,Weekday,2-Car,Non-incapacitating,SPEED TOO FAST FOR WEATHER CONDITIONS,HILLSIDE & NANCY,39.15050983,-86.51106029
902547366,2023,10,3,1400,Weekday,2-Car,No injury/unknown,BRAKE FAILURE OR DEFECTIVE,14TH & N WALNUT,39.175952,-86.53344
902547378,2023,10,3,1900,Weekday,3+ Cars,No injury/unknown,SPEED TOO FAST FOR WEATHER CONDITIONS,S FRANKLIN & W 3RD,39.164688,-86.5712
902547482,2023,10,4,600,Weekday,2-Car,No injury/unknown,FAILURE TO YIELD RIGHT OF WAY,LEONARD SPRINGS & MAYBURY,0,0
902547654,2023,10,4,1000,Weekday,2-Car,No injury/unknown,FOLLOWING TOO CLOSELY,COLLEGE MALL & E3RD,39.16424,-86.4984
902547655,2023,10,4,700,Weekday,2-Car,Incapacitating,OTHER (DRIVER) - EXPLAIN IN NARRATIVE,PATTERSON & ROGERS,39.15379018,-86.53875008
902547706,2023,10,4,1000,Weekday,2-Car,No injury/unknown,FOLLOWING TOO CLOSELY,2ND & PATTERSON,39.16074984,-86.54850997
902547780,2023,10,3,1600,Weekday,2-Car,No injury/unknown,SPEED TOO FAST FOR WEATHER CONDITIONS,S WALNUT & W GRIMES,39.15344,-86.5336
902547907,2023,10,4,1300,Weekday,2-Car,No injury/unknown,BRAKE FAILURE OR DEFECTIVE,17TH & SR4546E,39.17984,-86.507088
902547992,2023,10,3,1400,Weekday,2-Car,Incapacitating,DISREGARD SIGNAL/REG SIGN,3RD & SR37S,39.164752,-86.573104
902548034,2023,10,4,1300,Weekday,2-Car,Incapacitating,UNSAFE LANE MOVEMENT,EAST 17TH & SR46,0,0
902548057,2023,10,2,1400,Weekday,2-Car,No injury/unknown,FAILURE TO YIELD RIGHT OF WAY,LEONARD SPRINGS & SR45W,39.14184549,-86.5830501
902548064,2023,10,3,1700,Weekday,2-Car,No injury/unknown,SPEED TOO FAST FOR WEATHER CONDITIONS,E RHORER & S WALNUT STREET,39.12141648,-86.53135125
902548065,2023,10,3,1900,Weekday,1-Car,Non-incapacitating,RAN OFF ROAD RIGHT,FAIRFAX & WALNUT STREET,39.24442432,-86.52650724
902548091,2023,10,4,1400,Weekday,2-Car,No injury/unknown,SPEED TOO FAST FOR WEATHER CONDITIONS,HENDERSON & HILLSIDE,39.15064,-86.52696
902548100,2023,10,4,1300,Weekday,2-Car,No injury/unknown,FOLLOWING TOO CLOSELY,S LIBERTY & W 3RD,0,0
902548115,2023,10,4,1600,Weekday,Pedestrian,Incapacitating,FAILURE TO YIELD RIGHT OF WAY,JORDAN & LAW,39.173552,-86.515488
902548247,2023,10,4,2000,Weekday,1-Car,Incapacitating,DRIVER DISTRACTED - EXPLAIN IN NARRATIVE,E KIRKWOOD & N DUNN,39.16664,-86.528192
902548327,2023,10,4,1200,Weekday,2-Car,No injury/unknown,FOLLOWING TOO CLOSELY,S ADAMS & W TAPP,0,0
902548404,2023,10,5,800,Weekday,2-Car,No injury/unknown,FOLLOWING TOO CLOSELY,E3RD & S WALNUT,39.16464,-86.5336
902548461,2023,10,4,800,Weekday,2-Car,No injury/unknown,FOLLOWING TOO CLOSELY,ANNA LEE & BLOOMFIELD,39.15802002,-86.55759997
902548533,2023,10,5,1000,Weekday,2-Car,Non-incapacitating,DISREGARD SIGNAL/REG SIGN,SR 37 & W 3RD,0,0
902548815,2023,10,5,1600,Weekday,2-Car,No injury/unknown,FAILURE TO YIELD RIGHT OF WAY,15TH & DUNN,39.176944,-86.528272
902548965,2023,10,5,2200,Weekday,2-Car,No injury/unknown,FOLLOWING TOO CLOSELY,17TH,39.17984,-86.507088
902549055,2023,10,5,2100,Weekday,2-Car,No injury/unknown,UNSAFE BACKING,S LIBERTY,39.189248,-86.531472
902549056,2023,10,5,2300,Weekday,2-Car,No injury/unknown,UNSAFE BACKING,N WOODBURN & W 13TH,39.17549998,-86.5360102
902549155,2023,10,6,800,Weekday,Bus,No injury/unknown,RAN OFF ROAD RIGHT,E WINSLOW & S HENDERSON,39.136144,-86.5268
902549237,2023,10,5,1400,Weekday,2-Car,No injury/unknown,FAILURE TO YIELD RIGHT OF WAY,FLATWOODS & SR46W,39.24949408,-86.65024812
902549269,2023,10,6,900,Weekday,2-Car,Non-incapacitating,DISREGARD SIGNAL/REG SIGN,DODDS & ROGERS,39.15747017,-86.53869979
902549319,2023,10,6,1000,Weekday,2-Car,No injury/unknown,,N GATES,39.16987228,-86.57498168
902549386,2023,10,6,1400,Weekday,2-Car,Non-incapacitating,FOLLOWING TOO CLOSELY,3RD & CLIFTON,39.1642803,-86.50968968
902549467,2023,10,6,1400,Weekday,3+ Cars,No injury/unknown,FOLLOWING TOO CLOSELY,ATWATER & S PARK,39.16311018,-86.52403877
902549470,2023,10,5,100,Weekday,1-Car,No injury/unknown,IMPROPER LANE USAGE,ACADIA,39.13603116,-86.518496
902549513,2023,10,6,1300,Weekday,2-Car,No injury/unknown,FOLLOWING TOO CLOSELY,11TH & ROGERS,39.173184,-86.538528
902549691,2023,10,5,2100,Weekday,2-Car,No injury/unknown,UNSAFE LANE MOVEMENT,4TH & INDIANA,39.16619692,-86.52687456
902549739,2023,10,5,2200,Weekday,2-Car,No injury/unknown,IMPROPER TURNING,BROWNSTONE,0,0
902549745,2023,10,6,2000,Weekend,3+ Cars,No injury/unknown,FOLLOWING TOO CLOSELY,RANGE,39.171504,-86.495312
902549756,2023,10,6,1400,Weekday,2-Car,No injury/unknown,,123 S KINGSTON & LONGVIEW,39.166848,-86.4928
902549767,2023,10,6,1700,Weekday,2-Car,No injury/unknown,FOLLOWING TOO CLOSELY,HEATHER & WALNUT ST,39.123856,-86.526656
902549778,2023,10,6,2100,Weekend,2-Car,Non-incapacitating,FAILURE TO YIELD RIGHT OF WAY,E 10TH & N INDIANA,39.17168,-86.527024
902549802,2023,10,6,2000,Weekend,1-Car,No injury/unknown,ANIMAL/OBJECT IN ROADWAY,ROGERS & S OLD SR 37,0,0
902549826,2023,10,6,2300,Weekend,2-Car,No injury/unknown,DISREGARD SIGNAL/REG SIGN,3RD & COLLEGE MALL,39.16424,-86.4984
902549837,2023,10,6,2200,Weekend,2-Car,No injury/unknown,IMPROPER LANE USAGE,BLOOMFIELD & HIGHWAY 37 OFF RAMP,0,0
902549847,2023,10,6,2300,Weekend,Pedestrian,Non-incapacitating,PEDESTRIAN ACTION,ATWATER & JORDAN,39.16304983,-86.51638984
902549851,2023,10,7,400,Weekend,1-Car,No injury/unknown,HOLES/RUTS IN SURFACE,DAISY,39.22788754,-86.60496175
902549952,2023,10,7,900,Weekend,1-Car,No injury/unknown,OTHER (DRIVER) - EXPLAIN IN NARRATIVE,S ROLLING RIDGE & W BLOOMFIELD,39.15496029,-86.56322993
902550075,2023,10,5,1600,Weekday,2-Car,No injury/unknown,UNSAFE BACKING,SOUTH ENDWRIGHT,39.14486311,-86.59636996
902550086,2023,10,5,1400,Weekday,2-Car,No injury/unknown,FOLLOWING TOO CLOSELY,SR37S & W VICTOR,39.105552,-86.551104
902550087,2023,10,5,1600,Weekday,3+ Cars,Incapacitating,FOLLOWING TOO CLOSELY,SR45W & W AIRPORT,39.13591678,-86.59513562
902550114,2023,10,5,100,Weekday,1-Car,No injury/unknown,IMPROPER TURNING,ACADIA & EAST WINSLOW,39.136048,-86.518496
902550167,2023,10,7,1900,Weekend,2-Car,Non-incapacitating,FAILURE TO YIELD RIGHT OF WAY,E 10TH & N INDIANA,39.17168,-86.527024
902550177,2023,10,7,2000,Weekend,2-Car,No injury/unknown,FAILURE TO YIELD RIGHT OF WAY,S MADISON & W KIRKWOOD,39.166656,-86.537296
902550178,2023,10,7,1500,Weekend,2-Car,No injury/unknown,UNSAFE SPEED,1600 N WILLIS TRAILER 224 & W 17TH,0,0
902550214,2023,10,7,1900,Weekend,2-Car,No injury/unknown,FAILURE TO YIELD RIGHT OF WAY,E 2ND & S WOODSCREST,0,0
902550266,2023,10,7,2000,Weekend,2-Car,No injury/unknown,IMPROPER PASSING,S LEONARD SPRINGS & W STATE ROAD 45,0,0
902550283,2023,10,7,2000,Weekend,1-Car,No injury/unknown,OTHER (DRIVER) - EXPLAIN IN NARRATIVE,6TH & WALDRON,39.167696,-86.5436
902550285,2023,10,7,2000,Weekend,2-Car,No injury/unknown,FAILURE TO YIELD RIGHT OF WAY,E 3RD & S OVERHILL,39.164272,-86.501488
902550302,2023,11,1,100,Weekend,2-Car,No injury/unknown,FAILURE TO YIELD RIGHT OF WAY,E 10TH & N INDIANA,39.17168,-86.527024
902550308,2023,11,1,0,Weekend,1-Car,No injury/unknown,SPEED TOO FAST FOR WEATHER CONDITIONS,E 19TH & N DUNN,39.18104,-86.5284
902550328,2023,11,1,100,Weekend,1-Car,No injury/unknown,SPEED TOO FAST FOR WEATHER CONDITIONS,ELM & KIRKWOOD,39.166768,-86.5452
902550332,2023,10,7,2300,Weekend,2-Car,No injury/unknown,FAILURE TO YIELD RIGHT OF WAY,E 3RD & S WASHINGTON,39.16464,-86.5324
902550877,2023,11,1,1300,Weekend,2-Car,No injury/unknown,IMPROPER TURNING,AZALEA & HIGHLAND,39.14445341,-86.51739825
902551017,2023,11,1,1700,Weekend,2-Car,No injury/unknown,FOLLOWING TOO CLOSELY,10 TH & SR46E,38.96016476,-86.53102874
902551096,2023,11,1,1500,Weekend,2-Car,No injury/unknown,,202 E DODDS & LINCOLN,39.180675,-86.53162494
902551213,2023,11,1,1700,Weekend,2-Car,No injury/unknown,FOLLOWING TOO CLOSELY,SOUTH PATTERSON & WEST 3RD,39.16344009,-86.55128002
902551297,2023,10,4,2100,Weekday,1-Car,No injury/unknown,UNSAFE BACKING,W HENNESSEY,39.12535477,-86.55380249
902551306,2023,11,1,2100,Weekday,1-Car,No injury/unknown,ANIMAL/OBJECT IN ROADWAY,POPLAR & SR46W,39.23852734,-86.62993739
902551417,2023,11,1,100,Weekend,1-Car,No injury/unknown,SPEED TOO FAST FOR WEATHER CONDITIONS,LAW & UNION,39.17234033,-86.50966018
902551578,2023,11,2,700,Weekday,2-Car,No injury/unknown,FOLLOWING TOO CLOSELY,E WINSLOW & S WALNUT,39.136144,-86.528688
902551587,2023,11,2,700,Weekday,2-Car,No injury/unknown,FOLLOWING TOO CLOSELY,HENDERSON & SOUTH,39.14200667,-86.5268
902551597,2023,10,6,1500,Weekday,2-Car,No injury/unknown,DISREGARD SIGNAL/REG SIGN,HARTSTRAIGHT & TEMPERANCE,39.22766022,-86.61594003
902551688,2023,11,2,800,Weekday,2-Car,No injury/unknown,UNSAFE SPEED,10TH & WALNUT,39.1716,-86.520896
902551823,2023,11,2,1000,Weekday,2-Car,No injury/unknown,UNSAFE BACKING,S COLLEGE MALL,39.16394547,-86.49833535
902551918,2023,11,2,1200,Weekday,2-Car,No injury/unknown,FOLLOWING TOO CLOSELY,SR37N & VERNAL,39.17635934,-86.56266121
902552020,2023,11,2,1200,Weekday,2-Car,No injury/unknown,FAILURE TO YIELD RIGHT OF WAY,3RD & SWAIN,39.16425012,-86.51525996