Master Record Number,Year,Month,Day,Hour,Weekend,Collision Type,Injury Type,Primary Factor,Reported_Location,Latitude,Longitude
902563527,2023,11,1,1000,Weekend,2-Car,No injury/unknown,OTHER (DRIVER) - EXPLAIN IN NARRATIVE,VARSITY,39.1832428,-86.5311203
902563613,2023,11,7,1200,Weekend,2-Car,No injury/unknown,FOLLOWING TOO CLOSELY,COLLEGE & SR46,39.18643688,-86.53611147
902563815,2023,11,2,1000,Weekday,2-Car,No injury/unknown,FAILURE TO YIELD RIGHT OF WAY,E KIRKWOOD & N DUNN,39.16664,-86.528192
902563852,2023,11,4,100,Weekday,2-Car,No injury/unknown,UNSAFE BACKING,N JORDAN,39.17963492,-86.511088
902563913,2023,11,3,1600,Weekday,2-Car,No injury/unknown,FOLLOWING TOO CLOSELY,STRONG & WEST ALLEN,39.15565029,-86.54429372
902563954,2023,11,2,1500,Weekday,2-Car,No injury/unknown,FOLLOWING TOO CLOSELY,DUNN & E 3RD,39.164448,-86.528096
902564058,2023,11,2,1600,Weekday,2-Car,No injury/unknown,SPEED TOO FAST FOR WEATHER CONDITIONS,3RD & ROSE,39.164352,-86.510944
902564074,2023,11,2,1500,Weekday,3+ Cars,No injury/unknown,FOLLOWING TOO CLOSELY,BROADWAY & CURRY,0,0
902564085,2023,11,2,1300,Weekday,3+ Cars,Non-incapacitating,FOLLOWING TOO CLOSELY,PROSPECT & SOUTH ROGERS,39.163744,-86.538592
902564090,2023,11,2,1600,Weekday,1-Car,No injury/unknown,RAN OFF ROAD RIGHT,COLLEGE MALL & SR46W,39.16424,-86.4984
902564095,2023,11,2,1800,Weekday,2-Car,No injury/unknown,DRIVER ASLEEP OR FATIGUED,ACCESS ROAD TO EASTLAND PLAZA & S COLLEGE MALL,0,0
902564109,2023,11,2,1700,Weekday,2-Car,Non-incapacitating,FOLLOWING TOO CLOSELY,2606 S LEONARD SPRINGS & WALNUT LEAF,39.13330738,-86.583496
902564123,2023,11,2,1900,Weekday,2-Car,No injury/unknown,OTHER (DRIVER) - EXPLAIN IN NARRATIVE,SOUTH WALNUT,39.15997696,-86.53328704
902564126,2023,11,2,1900,Weekday,2-Car,No injury/unknown,FOLLOWING TOO CLOSELY,SR37N & W VERNAL,39.17617467,-86.56292242
902564128,2023,11,2,1900,Weekday,2-Car,No injury/unknown,FOLLOWING TOO CLOSELY,17TH & SR45E,39.17984,-86.507088
902564187,2023,11,2,1300,Weekday,2-Car,No injury/unknown,FOLLOWING TOO CLOSELY,S SHADELAND & W BLOOMFIELD,39.15570997,-86.56207993
902564258,2023,11,2,2200,Weekday,2-Car,No injury/unknown,UNSAFE BACKING,W DIXIE,39.15676251,-86.54124493
902564372,2023,11,3,700,Weekday,2-Car,No injury/unknown,UNSAFE LANE MOVEMENT,E3RD & PETE ELLIS,39.16424,-86.495088
902564373,2023,11,3,700,Weekday,1-Car,No injury/unknown,SPEED TOO FAST FOR WEATHER CONDITIONS,E 3RD & SR4546N,39.164448,-86.471888
902564407,2023,11,3,700,Weekday,2-Car,No injury/unknown,OTHER (DRIVER) - EXPLAIN IN NARRATIVE,4TH & COLLEGE,39.16538936,-86.53480429
902564413,2023,11,1,1200,Weekend,2-Car,No injury/unknown,IMPROPER TURNING,E WINSLOW & S WALNUT,39.136144,-86.528688
902564440,2023,11,5,1400,Weekday,2-Car,No injury/unknown,UNSAFE BACKING,INVERNESSS FARM & KNIGHTRIDGE,0,0
902564657,2023,11,3,1000,Weekday,2-Car,No injury/unknown,FOLLOWING TOO CLOSELY,FAIRFAX & MOFFETT,39.09984,-86.5176
902564658,2023,11,3,900,Weekday,2-Car,No injury/unknown,UNSAFE LANE MOVEMENT,BRENNICK & SR45W,39.10329819,-86.64743041
902564666,2023,11,3,1200,Weekday,2-Car,No injury/unknown,FAILURE TO YIELD RIGHT OF WAY,HIGHLAND & MILLER,39.146992,-86.517392
902564809,2023,11,3,1200,Weekday,3+ Cars,No injury/unknown,UNSAFE LANE MOVEMENT,EAST 3RD & REISNER,39.16420989,-86.488
902564938,2023,11,3,1600,Weekday,2-Car,No injury/unknown,DISREGARD SIGNAL/REG SIGN,17TH & FEE,39.178928,-86.518992
902564952,2023,11,7,600,Weekend,1-Car,No injury/unknown,UNSAFE BACKING,E 10TH,39.171504,-86.512288
902564978,2023,11,3,1700,Weekday,Cyclist,Incapacitating,FAILURE TO YIELD RIGHT OF WAY,FRITZ & WALNUT,39.191248,-86.532896
902565024,2023,11,2,1900,Weekday,2-Car,No injury/unknown,FOLLOWING TOO CLOSELY,E 3RD & S JEFFERSON,39.164304,-86.506992
902565054,2023,11,3,1800,Weekday,Pedestrian,Incapacitating,PEDESTRIAN ACTION,S CURRY & W 3RD,39.16463971,-86.58292349
902565082,2023,11,3,2000,Weekday,Bus,No injury/unknown,FAILURE TO YIELD RIGHT OF WAY,17TH & INDIANA,39.17902185,-86.52702358
902565087,2023,11,3,1900,Weekday,Pedestrian,Incapacitating,FAILURE TO YIELD RIGHT OF WAY,E 10TH & JOHN HINKLE,39.171504,-86.49296
902565122,2023,11,3,2200,Weekday,2-Car,No injury/unknown,UNSAFE BACKING,E 7TH & N FORREST,39.16846991,-86.52236701
902565300,2023,11,4,800,Weekday,2-Car,No injury/unknown,SPEED TOO FAST FOR WEATHER CONDITIONS,3600 S WALNUT ST & HEATHER,39.12398948,-86.52669977
902565309,2023,11,4,700,Weekday,2-Car,No injury/unknown,FOLLOWING TOO CLOSELY,2ND & PATTERSON,39.15017644,-86.54850997
902565390,2023,11,3,1300,Weekday,2-Car,No injury/unknown,UNSAFE BACKING,N GATES,39.16987228,-86.57498168
902565521,2023,11,4,1000,Weekday,2-Car,No injury/unknown,FAILURE TO YIELD RIGHT OF WAY,2ND & LANDMARK,0,0
902565548,2023,11,4,1100,Weekday,2-Car,No injury/unknown,FAILURE TO YIELD RIGHT OF WAY,E 3RD & S WALNUT,39.16464,-86.5336
902565614,2023,11,4,1100,Weekday,2-Car,No injury/unknown,FAILURE TO YIELD RIGHT OF WAY,9TH & GRANT,39.170544,-86.529696
902565637,2023,11,4,1200,Weekday,2-Car,No injury/unknown,SPEED TOO FAST FOR WEATHER CONDITIONS,EAST 17TH & N WASHINGTON,39.17904,-86.532096
902565671,2023,11,4,1300,Weekday,2-Car,No injury/unknown,SPEED TOO FAST FOR WEATHER CONDITIONS,3RD & SMITH,39.16424,-86.480688
902565857,2023,11,4,1400,Weekday,2-Car,No injury/unknown,FAILURE TO YIELD RIGHT OF WAY,SOUTH LANDMARK & WEST BLOOMFIELD,39.15993981,-86.55382007
902565968,2023,11,4,1700,Weekday,2-Car,No injury/unknown,FOLLOWING TOO CLOSELY,E 10TH & N RANGE,39.171504,-86.495312
902566004,2023,11,4,1800,Weekday,1-Car,No injury/unknown,ANIMAL/OBJECT IN ROADWAY,BOTTOM & SR37N,39.17035524,-86.55792236
902566066,2023,11,4,2300,Weekday,1-Car,No injury/unknown,ANIMAL/OBJECT IN ROADWAY,CAVE & GIFFORD,39.15144777,-86.6298582
902566113,2023,11,4,2200,Weekday,2-Car,Non-incapacitating,FAILURE TO YIELD RIGHT OF WAY,3RD & MULLER,39.16450024,-86.56270019
902566135,2023,11,4,1000,Weekday,2-Car,Incapacitating,IMPROPER TURNING,HICKORY LEAF & SR45W,39.14070129,-86.57746124
902566222,2023,11,4,1100,Weekday,2-Car,No injury/unknown,FOLLOWING TOO CLOSELY,LOIS & ROGERS,39.12984,-86.538496
902566224,2023,11,3,700,Weekday,2-Car,No injury/unknown,FOLLOWING TOO CLOSELY,RHOHER & WALNUT STREET,39.06860602,-86.53134986
902566237,2023,11,5,700,Weekday,1-Car,No injury/unknown,RAN OFF ROAD RIGHT,DUNN & HILLSIDE,39.15055007,-86.52817443
902566321,2023,11,5,900,Weekday,2-Car,Non-incapacitating,FOLLOWING TOO CLOSELY,PETE ELLIS & THIRD,39.16949706,-86.49495966
902566323,2023,11,5,800,Weekday,2-Car,No injury/unknown,OTHER (DRIVER) - EXPLAIN IN NARRATIVE,COLLEGE & EAST 10TH,39.171744,-86.534768
902566324,2023,11,5,800,Weekday,2-Car,No injury/unknown,FOLLOWING TOO CLOSELY,TAPP,39.13704,-86.572896
902566546,2023,11,4,1100,Weekday,1-Car,No injury/unknown,IMPROPER TURNING,SOUTH OLD 37 ST,39.10695267,-86.53194427
902567751,2023,11,7,400,Weekend,1-Car,Non-incapacitating,RAN OFF ROAD RIGHT,E RAMP CREEK & S FAIRFAX,39.071152,-86.503088
902567885,2023,11,5,1600,Weekday,2-Car,No injury/unknown,FAILURE TO YIELD RIGHT OF WAY,S STATE ROAD 37 & TAPP,39.13680024,-86.57320917
902567886,2023,11,5,1800,Weekday,1-Car,No injury/unknown,ANIMAL/OBJECT IN ROADWAY,E MOFFETT & ORNAMENTAL,39.09973025,-86.50344154
902567887,2023,11,5,2100,Weekday,1-Car,No injury/unknown,ANIMAL/OBJECT IN ROADWAY,SR37S & ZIKES,39.04973065,-86.53588429
902567922,2023,11,7,1400,Weekend,1-Car,Incapacitating,OTHER (DRIVER) - EXPLAIN IN NARRATIVE,W STATE ROAD 45,39.144969,-86.575233
902568188,2023,11,7,1300,Weekend,1-Car,No injury/unknown,SPEED TOO FAST FOR WEATHER CONDITIONS,N ROGERS & W 10TH,39.175152,-86.538512
902568201,2023,11,7,1600,Weekend,1-Car,Incapacitating,SPEED TOO FAST FOR WEATHER CONDITIONS,S MULLER & W 3RD,39.16450024,-86.56270019
902568337,2023,11,6,2000,Weekend,1-Car,No injury/unknown,ANIMAL/OBJECT IN ROADWAY,SR46W & STINESVILLE,39.27093674,-86.67017741
902568338,2023,11,6,2200,Weekend,1-Car,No injury/unknown,RAN OFF ROAD RIGHT,CURRY PIKE & JONATHAN,39.16835994,-86.58299702
902568363,2023,11,7,1200,Weekend,2-Car,Non-incapacitating,FOLLOWING TOO CLOSELY,LAKE CREST & W BLOOMFIELD,39.15543973,-86.5624971
902568472,2023,11,7,1200,Weekend,2-Car,No injury/unknown,UNSAFE BACKING,S LIBERTY,39.145264,-86.577616
902568478,2023,11,1,1100,Weekend,2-Car,No injury/unknown,FAILURE TO YIELD RIGHT OF WAY,N JACOBS,39.16848755,-86.5732727
902568497,2023,11,1,1200,Weekend,2-Car,No injury/unknown,,BRANDON,39.1387336,-86.52559183
902568508,2023,11,1,1200,Weekend,2-Car,No injury/unknown,DISREGARD SIGNAL/REG SIGN,THIRD,39.164752,-86.573104
902568510,2023,11,7,1600,Weekend,2-Car,No injury/unknown,FAILURE TO YIELD RIGHT OF WAY,S CURRY & SR45W,39.142048,-86.582592
902568557,2023,11,4,1400,Weekday,2-Car,No injury/unknown,OVERCORRECTING/OVERSTEERING,S KINGSTON,39.16655822,-86.492816
902568564,2023,11,7,1900,Weekend,1-Car,No injury/unknown,SPEED TOO FAST FOR WEATHER CONDITIONS,E HICKORY STICK & E WINSLOW FARM,39.13817033,-86.5201798
902568585,2023,11,1,1400,Weekend,2-Car,Non-incapacitating,FOLLOWING TOO CLOSELY,COLLEGE MALL & MOORES,39.15099695,-86.4979744
902568770,2023,11,6,1500,Weekday,2-Car,No injury/unknown,FAILURE TO YIELD RIGHT OF WAY,SAMPLE & SR37N,39.26616,-86.522752
902568771,2023,11,6,2000,Weekend,1-Car,No injury/unknown,RAN OFF ROAD RIGHT,CEDAR BLUFF & SOUTH OLD STATE ROAD,39.042144,-86.5412
902568772,2023,11,7,1900,Weekend,2-Car,Incapacitating,LEFT OF CENTER,HARMONY & W ISON,39.108848,-86.6384
902568773,2023,11,1,1800,Weekend,2-Car,No injury/unknown,UNSAFE LANE MOVEMENT,ACUFF & SR37N,39.20796535,-86.55470202
902568777,2023,11,1,1300,Weekend,Cyclist,Incapacitating,OTHER (DRIVER) - EXPLAIN IN NARRATIVE,S WINSLOW,39.13821257,-86.524
902568818,2023,11,1,1900,Weekday,1-Car,No injury/unknown,ANIMAL/OBJECT IN ROADWAY,S ROCKPORT & S STANSIFER,39.108032,-86.575552
902569103,2023,11,2,800,Weekday,2-Car,No injury/unknown,OTHER (DRIVER) - EXPLAIN IN NARRATIVE,EAST THIRD & INDIANA,39.164448,-86.5268
902569141,2023,11,2,900,Weekday,2-Car,Incapacitating,FOLLOWING TOO CLOSELY,SR46 & UNIONVILLE,0,0
902569476,2023,11,2,1200,Weekday,2-Car,Incapacitating,FAILURE TO YIELD RIGHT OF WAY,RATLIFF & SR45E,39.21141815,-86.62164306
902569503,2023,11,2,900,Weekday,2-Car,No injury/unknown,FAILURE TO YIELD RIGHT OF WAY,CURRY PIKE & LINTEL DRIVE,0,0
902569504,2023,11,2,1300,Weekday,2-Car,No injury/unknown,FAILURE TO YIELD RIGHT OF WAY,CAVE ROAD & SR48W,39.163152,-86.629104
902569598,2023,11,2,1400,Weekday,3+ Cars,Non-incapacitating,FOLLOWING TOO CLOSELY,S MULLER & W 3RD,39.16450024,-86.56270019
902569663,2023,11,2,1300,Weekday,2-Car,No injury/unknown,FOLLOWING TOO CLOSELY,E WINSLOW & S WALNUT,39.136144,-86.528688
902569683,2023,11,2,1500,Weekday,2-Car,No injury/unknown,FAILURE TO YIELD RIGHT OF WAY,FAIRFAX & S OLD STATE ROAD 37,39.10725988,-86.53149001
902569742,2023,11,2,1700,Weekday,2-Car,No injury/unknown,UNSAFE LANE MOVEMENT,10TH & WALNUT,39.171744,-86.53352
902569814,2023,11,7,1500,Weekend,2-Car,No injury/unknown,RAN OFF ROAD RIGHT,AIRPORT & GARRISON CHAPEL,39.13704005,-86.64115678
902569815,2023,11,1,1600,Weekend,2-Car,No injury/unknown,OTHER (DRIVER) - EXPLAIN IN NARRATIVE,BURMA & SR37N,39.3145402,-86.51147583
902569840,2023,11,2,2200,Weekday,1-Car,No injury/unknown,UNSAFE SPEED,BARR & MT TABOR,39.273888,-86.621456
902569860,2023,11,2,1700,Weekday,3+ Cars,Non-incapacitating,FAILURE TO YIELD RIGHT OF WAY,RIDGEWOOD & SR46W,39.217248,-86.598992
902569918,2023,11,2,2000,Weekday,1-Car,No injury/unknown,ANIMAL/OBJECT IN ROADWAY,6431 N SR 37 & SR37N,0,0
902569926,2023,11,2,2300,Weekday,1-Car,No injury/unknown,ANIMAL/OBJECT IN ROADWAY,HARTSTRAIT & SR46W,39.22766271,-86.61599803
902570131,2023,11,2,2100,Weekday,1-Car,No injury/unknown,RAN OFF ROAD RIGHT,E BENSON,39.121568,-86.520464
902570169,2023,11,3,900,Weekday,2-Car,No injury/unknown,OTHER (DRIVER) - EXPLAIN IN NARRATIVE,N MADISON & W 17TH,39.178992,-86.537792
902570519,2023,11,2,700,Weekday,2-Car,No injury/unknown,FOLLOWING TOO CLOSELY,SR37N & VICTOR,39.105552,-86.551104
902570520,2023,11,3,700,Weekday,1-Car,No injury/unknown,RAN OFF ROAD RIGHT,FORREST PARK & SR46W,39.21206673,-86.58700874
902570640,2023,11,3,1300,Weekday,2-Car,No injury/unknown,OTHER (DRIVER) - EXPLAIN IN NARRATIVE,EAST UNIVERSITY & SOUTH WOODLAWN,39.16033007,-86.52264439
902570919,2023,11,3,1500,Weekday,2-Car,No injury/unknown,IMPROPER PASSING,S MILTON & W GRAHAM,39.139968,-86.539712
902570935,2023,11,3,1800,Weekday,2-Car,No injury/unknown,OVERCORRECTING/OVERSTEERING,E ALLENDALE & S WALNUT STREET,39.130944,-86.526688
902570944,2023,11,4,1700,Weekday,2-Car,No injury/unknown,OTHER (DRIVER) - EXPLAIN IN NARRATIVE,S BASSWOOD,39.15001474,-86.57148427
902570990,2023,11,3,1800,Weekday,1-Car,No injury/unknown,ANIMAL/OBJECT IN ROADWAY,MONROE DAM & OLD STATE ROAD 37,39.18554492,-86.53944008
902570994,2023,11,5,2100,Weekday,2-Car,No injury/unknown,UNSAFE BACKING,LARKSPUR & WEST ALLEN,39.1557502,-86.54797017
902571147,2023,11,3,1200,Weekday,2-Car,Non-incapacitating,FOLLOWING TOO CLOSELY,1ST & COLLEGE,39.1774293,-86.53473178
902571223,2023,11,3,1200,Weekday,2-Car,No injury/unknown,OTHER (DRIVER) - EXPLAIN IN NARRATIVE,SR37 & TAPP,39.13674164,-86.57086944
902571251,2023,11,3,1200,Weekday,2-Car,Non-incapacitating,FOLLOWING TOO CLOSELY,KIMBLE & W 3RD,39.16464,-86.568
902571411,2023,11,4,1200,Weekday,Bus,No injury/unknown,OTHER (DRIVER) - EXPLAIN IN NARRATIVE,KIRKWOOD,39.16661248,-86.5320231
902571424,2023,11,4,700,Weekday,1-Car,Incapacitating,RAN OFF ROAD RIGHT,GARRISON CHAPEL & SR48W,39.11790085,-86.64218165
902571447,2023,11,3,600,Weekday,1-Car,No injury/unknown,ANIMAL/OBJECT IN ROADWAY,INGRAM & SR37S,38.99338926,-86.53726441
902571448,2023,11,3,700,Weekday,1-Car,No injury/unknown,ANIMAL/OBJECT IN ROADWAY,INGRAM & SR37S,38.99338926,-86.53726441
902571581,2023,11,4,1500,Weekday,2-Car,Non-incapacitating,FAILURE TO YIELD RIGHT OF WAY,MOODY & S HENDERSON,39.148064,-86.526912
902571582,2023,11,4,1600,Weekday,2-Car,No injury/unknown,UNSAFE LANE MOVEMENT,11TH & N WALNUT,39.173248,-86.533488
902571635,2023,11,4,1900,Weekday,Pedestrian,Incapacitating,OTHER (DRIVER) - EXPLAIN IN NARRATIVE,CLARIZZ & COVENTANTER,39.15246986,-86.49054588
902571658,2023,11,4,1400,Weekday,2-Car,No injury/unknown,FAILURE TO YIELD RIGHT OF WAY,3RD & KINGSTON,39.1645144,-86.49292885
902571670,2023,11,4,1500,Weekday,2-Car,Incapacitating,FOLLOWING TOO CLOSELY,BURKS & S WALNUT,39.13723389,-86.53136998
902571679,2023,11,4,1300,Weekday,2-Car,No injury/unknown,FAILURE TO YIELD RIGHT OF WAY,1919 S WALNUT & MILLER,39.146944,-86.532544
902571711,2023,11,4,2200,Weekday,2-Car,Non-incapacitating,UNSAFE SPEED,3RD & LIBERTY,39.16461021,-86.57913006
902571785,2023,11,4,1100,Weekday,Bus,No injury/unknown,UNSAFE BACKING,MULLER,39.16180998,-86.56743228
902571831,2023,11,5,400,Weekday,1-Car,Incapacitating,ANIMAL/OBJECT IN ROADWAY,GARRISON CHAPEL & SR48W,39.16350729,-86.64372165
902571853,2023,11,4,600,Weekday,2-Car,No injury/unknown,IMPROPER LANE USAGE,3RD & GRANT,39.16464,-86.529728
902571860,2023,11,5,1000,Weekday,2-Car,No injury/unknown,UNSAFE BACKING,JOHN HINKLE,39.17056,-86.492704
902571903,2023,11,4,1300,Weekday,2-Car,No injury/unknown,DRIVER ASLEEP OR FATIGUED,4TH & SR46W,39.233344,-86.624
902572045,2023,11,4,1300,Weekday,2-Car,No injury/unknown,FOLLOWING TOO CLOSELY,RUNKLE & WEST THIRD,0,0
902572049,2023,11,4,1500,Weekday,Moped/Motorcycle,Non-incapacitating,FOLLOWING TOO CLOSELY,BLUE RIDGE & WALNUT,39.14399421,-86.53452023
902572059,2023,11,5,2000,Weekday,2-Car,No injury/unknown,OTHER (VEHICLE) - EXPLAIN IN NARRATIVE,2850 E 3RD & COLLEGE MALL,39.16424,-86.4984
902572063,2023,11,4,1700,Weekday,2-Car,No injury/unknown,OTHER (DRIVER) - EXPLAIN IN NARRATIVE,DOYLE & VILLAGE,39.15978713,-86.58387621
902572064,2023,11,5,1600,Weekday,1-Car,No injury/unknown,DRIVER ILLNESS,GARRISON CHAPEL & GIFFORD,39.151552,-86.643504
902572065,2023,11,5,2000,Weekday,2-Car,No injury/unknown,LEFT OF CENTER,CHAFIN CHAPEL & RED HILL,39.31249031,-86.63475975
902572246,2023,11,6,1000,Weekday,2-Car,Incapacitating,FOLLOWING TOO CLOSELY,COLLEGE MALL & E 3RD,39.16424,-86.4984
902572325,2023,11,6,1300,Weekday,2-Car,Non-incapacitating,DRIVER DISTRACTED - EXPLAIN IN NARRATIVE,SR37N & STATE ROAD 45,39.148144,-86.572992
902572342,2023,11,6,1600,Weekday,1-Car,No injury/unknown,UNSAFE BACKING,HAWTHORNE & SOUTHDOWNS,39.15580988,-86.52042319
902572346,2023,11,6,1400,Weekday,2-Car,No injury/unknown,FAILURE TO YIELD RIGHT OF WAY,E 3RD,39.16424,-86.49418049
902572360,2023,11,6,1400,Weekday,1-Car,Non-incapacitating,SPEED TOO FAST FOR WEATHER CONDITIONS,ALLEN & BLOOMFIELD,39.156144,-86.561296
902572429,2023,11,6,1800,Weekday,2-Car,Non-incapacitating,FOLLOWING TOO CLOSELY,17TH & MAPLE,39.17903718,-86.54174313
902572435,2023,11,6,1600,Weekday,2-Car,No injury/unknown,DISREGARD SIGNAL/REG SIGN,SOUTH CORY & WEST 3RD,39.164544,-86.560096
902572497,2023,11,6,1500,Weekday,1-Car,No injury/unknown,RAN OFF ROAD RIGHT,S TYLER,39.1316,-86.576944
902572506,2023,11,6,2100,Weekend,2-Car,No injury/unknown,ANIMAL/OBJECT IN ROADWAY,17TH & LINGELBACH,39.1792497,-86.50839156
902572588,2023,11,6,100,Weekday,1-Car,No injury/unknown,ANIMAL/OBJECT IN ROADWAY,N SR 37 BUSINESS & W  BAYLES,39.29488158,-86.53700999
902572661,2023,11,7,500,Weekend,1-Car,Non-incapacitating,OTHER (DRIVER) - EXPLAIN IN NARRATIVE,S BRITTANY,39.13731265,-86.5225606
902572707,2023,11,6,1200,Weekday,2-Car,Incapacitating,FAILURE TO YIELD RIGHT OF WAY,STATE ROAD 45,39.14368,-86.579063
902572739,2023,11,7,900,Weekend,2-Car,No injury/unknown,FOLLOWING TOO CLOSELY,SR4546E & WALNUT,39.186368,-86.5344
902572755,2023,11,7,1000,Weekend,2-Car,No injury/unknown,FAILURE TO YIELD RIGHT OF WAY,E 2ND & S COLLEGE MALL,39.160944,-86.497696
902572802,2023,11,7,1200,Weekend,2-Car,No injury/unknown,OTHER (DRIVER) - EXPLAIN IN NARRATIVE,HAGAN & SMITH,39.16294992,-86.48080028
902572843,2023,11,7,1400,Weekend,2-Car,No injury/unknown,FOLLOWING TOO CLOSELY,E 3RD & S JORDAN,39.16426018,-86.51639557
902572890,2023,11,6,1900,Weekend,2-Car,No injury/unknown,IMPROPER TURNING,E 17TH & E LINGELBACH,39.1792497,-86.50840021
902572909,2023,11,7,1500,Weekend,2-Car,Incapacitating,FAILURE TO YIELD RIGHT OF WAY,NORTH WALNUT & WEST 14TH,39.175952,-86.53344
902572918,2023,11,7,1600,Weekend,2-Car,No injury/unknown,FOLLOWING TOO CLOSELY,LEONARD SPRINGS & TAPP,39.13704,-86.582512
902572943,2023,11,6,2200,Weekend,2-Car,No injury/unknown,FOLLOWING TOO CLOSELY,MONROE DAM & S OLD STATE ROAD 37,39.01866987,-86.53944008
902572944,2023,11,7,1400,Weekend,1-Car,No injury/unknown,SPEED TOO FAST FOR WEATHER CONDITIONS,KETCHAM & POPCORN,39.00638637,-86.57203295
902572948,2023,11,6,1800,Weekday,1-Car,No injury/unknown,RAN OFF ROAD RIGHT,N CROSSOVER & SR37,39.41013981,-86.51703486
902572956,2023,11,7,1800,Weekend,2-Car,No injury/unknown,FOLLOWING TOO CLOSELY,E 3RD & SR 46,39.16425012,-86.47205024
902572978,2023,11,7,1800,Weekend,2-Car,No injury/unknown,SPEED TOO FAST FOR WEATHER CONDITIONS,WALNUT STREET & WINSLOW,39.1359897,-86.52879975
902573077,2023,11,7,2200,Weekend,2-Car,No injury/unknown,FAILURE TO YIELD RIGHT OF WAY,3RD & COLLEGE,39.16464,-86.534816
902573078,2023,11,1,0,Weekend,2-Car,Non-incapacitating,FAILURE TO YIELD RIGHT OF WAY,8TH & WALNUT,39.169552,-86.533552
902573081,2023,11,7,400,Weekend,1-Car,Incapacitating,SPEED TOO FAST FOR WEATHER CONDITIONS,N STONEYBROOK & W ALRINGTON,39.20197003,-86.56172862
902573093,2023,11,1,100,Weekend,1-Car,No injury/unknown,UNSAFE SPEED,3RD & DUNN,39.164448,-86.528096
902573113,2023,11,1,200,Weekend,1-Car,No injury/unknown,ANIMAL/OBJECT IN ROADWAY,SR46W & STINESVILLE,39.26779516,-86.66674898
902573275,2023,11,1,1000,Weekend,1-Car,No injury/unknown,SPEED TOO FAST FOR WEATHER CONDITIONS,FAIRFAX & SCHACHT,39.10622986,-86.52282382
902573277,2023,11,7,1100,Weekend,2-Car,No injury/unknown,FOLLOWING TOO CLOSELY,GATES & JACOBS,0,0
902573356,2023,11,1,1500,Weekend,2-Car,Incapacitating,DRIVER ILLNESS,300 WEST COUNTRY CLUD & WALNUT,0,0
902573412,2023,11,1,1100,Weekend,2-Car,No injury/unknown,,S COLLEGE,39.16446694,-86.53481763
902573546,2023,11,1,1500,Weekend,1-Car,Incapacitating,OVERCORRECTING/OVERSTEERING,HINDS & SR45W,39.09887587,-86.6523924
902573583,2023,11,7,1200,Weekend,1-Car,No injury/unknown,RAN OFF ROAD RIGHT,FAIRFAX & SCHACHT,39.10588266,-86.52253918
902573584,2023,11,7,1200,Weekend,Pedestrian,Incapacitating,RAN OFF ROAD RIGHT,FAIRFAX & SCHACHT,39.10588266,-86.52253918
902573585,2023,11,2,200,Weekday,1-Car,Incapacitating,RAN OFF ROAD RIGHT,NEHRT & ROBINSON,39.24065016,-86.44277349
902573732,2023,11,2,800,Weekday,2-Car,No injury/unknown,OTHER (DRIVER) - EXPLAIN IN NARRATIVE,S HENDERSON & THORNTON,39.148544,-86.526912
902573989,2023,11,2,1000,Weekday,2-Car,No injury/unknown,DISREGARD SIGNAL/REG SIGN,10TH & INDIANA,39.17168,-86.527024
902574248,2023,11,2,1700,Weekday,2-Car,No injury/unknown,FAILURE TO YIELD RIGHT OF WAY,11TH & MORTON,39.173216,-86.536
902574338,2023,11,2,1600,Weekday,2-Car,No injury/unknown,FAILURE TO YIELD RIGHT OF WAY,E HILLSIDE & S WOODLAWN,39.15072,-86.522496
902574491,2023,11,2,2300,Weekday,2-Car,No injury/unknown,IMPROPER TURNING,7TH & WALNUT,39.16864,-86.533568
902574573,2023,11,2,1300,Weekday,2-Car,No injury/unknown,FAILURE TO YIELD RIGHT OF WAY,ALLEY & GRANT,39.16556168,-86.52983195
902574912,2023,12,3,1100,Weekday,2-Car,No injury/unknown,OTHER (DRIVER) - EXPLAIN IN NARRATIVE,S COLLEGE MALL,39.16394547,-86.49833535
902574963,2023,12,3,900,Weekday,2-Car,No injury/unknown,UNSAFE BACKING,W 3RD,39.164848,-86.5761011
902574971,2023,12,3,1000,Weekday,3+ Cars,Non-incapacitating,FAILURE TO YIELD RIGHT OF WAY,KIMBLE & W 3RD,39.16464,-86.568
902575032,2023,11,1,2100,Weekday,1-Car,No injury/unknown,ANIMAL/OBJECT IN ROADWAY,BAYLES & STATE RD 37 BUSINESS,39.00370672,-86.53700999
902575106,2023,11,2,900,Weekday,2-Car,No injury/unknown,LEFT OF CENTER,BETHEL & SR45E,39.214406,-86.45631982
902575107,2023,12,3,600,Weekday,1-Car,No injury/unknown,RAN OFF ROAD RIGHT,FAIRFAX & MARIE,39.10568006,-86.5224798
902575108,2023,12,3,800,Weekday,2-Car,No injury/unknown,FOLLOWING TOO CLOSELY,FAIRFAX & WALNUT STREET,39.10715997,-86.52650982
902575141,2023,12,3,1400,Weekday,2-Car,No injury/unknown,UNSAFE BACKING,WALNUT,39.17839758,-86.53339992
902575189,2023,12,3,1300,Weekday,2-Car,No injury/unknown,FAILURE TO YIELD RIGHT OF WAY,SR45W & W INDUSTRIAL,39.143552,-86.580528
902575193,2023,11,6,1700,Weekday,2-Car,No injury/unknown,UNSAFE BACKING,E AMY,39.16936,-86.497952