Master Record Number,Year,Month,Day,Hour,Weekend,Collision Type,Injury Type,Primary Factor,Reported_Location,Latitude,Longitude
902575221,2023,12,3,1700,Weekday,2-Car,No injury/unknown,FOLLOWING TOO CLOSELY,ACADIA & WINSLOW,39.13599975,-86.51902981
902575263,2023,12,3,1500,Weekday,2-Car,No injury/unknown,UNSAFE BACKING,E 10TH,39.17149069,-86.5110763
902575295,2023,12,3,2000,Weekday,1-Car,No injury/unknown,RAN OFF ROAD RIGHT,NORTH DUNN,39.18532944,-86.52932739
902575322,2023,12,3,1300,Weekday,2-Car,No injury/unknown,FAILURE TO YIELD RIGHT OF WAY,E 12TH & N LINCOLN,39.174416,-86.530992
902575563,2023,12,4,700,Weekday,2-Car,No injury/unknown,FAILURE TO YIELD RIGHT OF WAY,S OAKDALE,39.14528221,-86.5683382
902575565,2023,11,2,900,Weekday,2-Car,No injury/unknown,FAILURE TO YIELD RIGHT OF WAY,LIBERTY & STATE RD 45,39.16087376,-86.57777018
902575580,2023,11,7,1400,Weekend,1-Car,No injury/unknown,ANIMAL/OBJECT IN ROADWAY,ANDERSON & LOW GAP,39.28448981,-86.40945866
902575737,2023,12,4,1000,Weekday,2-Car,No injury/unknown,UNSAFE BACKING,7TH & ROSE,39.16815005,-86.51067455
902575791,2023,12,4,1200,Weekday,2-Car,No injury/unknown,FOLLOWING TOO CLOSELY,3RD & WESTPLEX,39.16440971,-86.5538739
902575967,2023,12,4,1400,Weekday,2-Car,No injury/unknown,FAILURE TO YIELD RIGHT OF WAY,3RD & CURRY,0,0
902575971,2023,12,4,1400,Weekday,2-Car,No injury/unknown,FAILURE TO YIELD RIGHT OF WAY,S OAKDALE & S PECAN,39.14676011,-86.57113976
902575983,2023,12,4,1000,Weekday,2-Car,No injury/unknown,SPEED TOO FAST FOR WEATHER CONDITIONS,SR37 & VICTOR,39.10459137,-86.55400848
902576057,2023,12,4,1700,Weekday,2-Car,Incapacitating,FOLLOWING TOO CLOSELY,COLLEGE & KIRKWOOD,39.16664,-86.5348
902576085,2023,12,4,1400,Weekday,2-Car,No injury/unknown,UNSAFE BACKING,WHITEHALL CROSSING,39.17259598,-86.57152557
902576116,2023,12,3,1700,Weekday,2-Car,No injury/unknown,UNSAFE BACKING,2ND,39.16138485,-86.52702279
902576140,2023,12,4,1700,Weekday,3+ Cars,No injury/unknown,FOLLOWING TOO CLOSELY,3RD & JEFFERSON,39.164304,-86.506992
902576146,2023,12,4,1900,Weekday,2-Car,No injury/unknown,IMPROPER TURNING,GORDON & S OLD SR 37,39.121552,-86.531296
902576152,2023,12,4,1800,Weekday,2-Car,Non-incapacitating,FOLLOWING TOO CLOSELY,BLOOMFIELD,39.148144,-86.572992
902576311,2023,12,4,1200,Weekday,2-Car,No injury/unknown,IMPROPER LANE USAGE,ATWATER & SWAIN,39.16308001,-86.51527002
902576353,2023,11,2,1400,Weekday,2-Car,No injury/unknown,FOLLOWING TOO CLOSELY,LAKEVIEW & SR46W,39.22127625,-86.60581122
902576473,2023,11,3,1200,Weekday,2-Car,No injury/unknown,BRAKE FAILURE OR DEFECTIVE,MATTHEWS & SR46W,39.234768,-86.626384
902576489,2023,12,5,1100,Weekday,2-Car,No injury/unknown,IMPROPER PASSING,CONSTABLE & SR46W,39.23722839,-86.62761688
902576539,2023,12,5,1200,Weekday,2-Car,No injury/unknown,FAILURE TO YIELD RIGHT OF WAY,LINCOLN & WYLIE,39.15834993,-86.53129018
902576549,2023,12,5,1300,Weekday,2-Car,No injury/unknown,FAILURE TO YIELD RIGHT OF WAY,GIFFORD & PARKING LOT,0,0
902576553,2023,12,4,1300,Weekday,3+ Cars,Non-incapacitating,SPEED TOO FAST FOR WEATHER CONDITIONS,17TH & WALNUT GROVE,39.17896,-86.521088
902576567,2023,12,5,1000,Weekday,2-Car,No injury/unknown,UNSAFE BACKING,HAWTHORNE & MEMORIAL HALL,0,0
902576697,2023,11,7,1700,Weekend,1-Car,No injury/unknown,ANIMAL/OBJECT IN ROADWAY,E BAYLES & N STATE ROAD 37 BUSINESS,39.2684189,-86.53700724
902576698,2023,11,1,1900,Weekday,1-Car,Non-incapacitating,ANIMAL/OBJECT IN ROADWAY,CHAPEL HILL & SR446S,39.023472,-86.405296
902576699,2023,12,4,600,Weekday,2-Car,No injury/unknown,UNSAFE BACKING,S OLD STATE ROAD 37,39.137088,-86.53056
902576880,2023,12,5,600,Weekday,Pedestrian,Incapacitating,FAILURE TO YIELD RIGHT OF WAY,E 3RD,39.16423861,-86.49522852
902576884,2023,12,5,1200,Weekday,2-Car,No injury/unknown,OTHER (DRIVER) - EXPLAIN IN NARRATIVE,E 2ND & S HAWTHORNE,39.161264,-86.520128
902576940,2023,12,5,1800,Weekday,2-Car,Non-incapacitating,DRIVER DISTRACTED - EXPLAIN IN NARRATIVE,BLOOMFIELD & NB ON RAMP SR37,0,0
902576962,2023,12,5,1500,Weekday,2-Car,No injury/unknown,IMPROPER TURNING,N MORTON & W 7TH,39.168672,-86.536
902576994,2023,12,5,2300,Weekday,2-Car,No injury/unknown,UNSAFE BACKING,E 3RD,39.16464,-86.53081241
902577034,2023,12,5,0,Weekday,1-Car,No injury/unknown,ANIMAL/OBJECT IN ROADWAY,ALLENDALE & WINSLOW,39.136096,-86.516
902577070,2023,12,6,300,Weekday,1-Car,No injury/unknown,UNSAFE BACKING,TAPP,39.13704,-86.572896
902577242,2023,12,6,600,Weekday,1-Car,No injury/unknown,LEFT OF CENTER,ALLEN & HENDERSON,39.15554971,-86.52703016
902577289,2023,12,6,800,Weekday,2-Car,No injury/unknown,FAILURE TO YIELD RIGHT OF WAY,SR37S & W SR 45,39.1464386,-86.57504272
902577296,2023,12,6,1100,Weekday,2-Car,No injury/unknown,DRIVER DISTRACTED - EXPLAIN IN NARRATIVE,7TH & WASHINGTON,39.16864,-86.5324
902577307,2023,12,4,1200,Weekday,3+ Cars,No injury/unknown,ROADWAY SURFACE CONDITION,S FAIRFAX & SOUTH WALNUT STREET,0,0
902577436,2023,12,6,1600,Weekday,2-Car,No injury/unknown,FOLLOWING TOO CLOSELY,2ND & WALNUT,39.16144,-86.5336
902577445,2023,12,6,1400,Weekday,2-Car,No injury/unknown,,W LAVA,39.18060637,-86.53985502
902577532,2023,12,6,1500,Weekday,2-Car,No injury/unknown,UNSAFE BACKING,S COLLEGE,39.16115717,-86.53485253
902577537,2023,12,6,1800,Weekday,2-Car,No injury/unknown,UNSAFE BACKING,WEST THIRD,0,0
902577559,2023,12,6,2100,Weekend,1-Car,No injury/unknown,DRIVER DISTRACTED - EXPLAIN IN NARRATIVE,S COLLEGE,39.16123798,-86.53485123
902577656,2023,12,7,100,Weekend,1-Car,Incapacitating,RAN OFF ROAD RIGHT,HANDY & MOFFETT,39.09974031,-86.4938499
902577671,2023,12,7,0,Weekend,2-Car,No injury/unknown,DISREGARD SIGNAL/REG SIGN,3RD & WALNUT,39.16464,-86.5336
902577681,2023,12,7,300,Weekend,1-Car,No injury/unknown,UNSAFE SPEED,E 10TH,39.171648,-86.50435515
902577724,2023,12,7,800,Weekend,2-Car,No injury/unknown,IMPROPER TURNING,2ND & HENDERSON,39.16133992,-86.52719981
902577747,2023,12,6,1000,Weekday,2-Car,Non-incapacitating,FAILURE TO YIELD RIGHT OF WAY,E 9TH & N WASHINGTON,39.170544,-86.5324
902577750,2023,12,7,1000,Weekend,2-Car,No injury/unknown,FOLLOWING TOO CLOSELY,2ND & HENDERSON,39.16133992,-86.52720847
902577758,2023,12,7,1100,Weekend,2-Car,No injury/unknown,OTHER (DRIVER) - EXPLAIN IN NARRATIVE,E 3RD,39.16422436,-86.49666727
902577763,2023,12,5,700,Weekday,2-Car,No injury/unknown,FAILURE TO YIELD RIGHT OF WAY,RATLIFF & THOMAS,39.21519851,-86.63041195
902577812,2023,12,6,2000,Weekend,Bus,No injury/unknown,OTHER (VEHICLE) - EXPLAIN IN NARRATIVE,HIGH & HILLSIDE,39.14972006,-86.50827933
902577833,2023,12,6,1800,Weekday,2-Car,No injury/unknown,DISREGARD SIGNAL/REG SIGN,CORY & WEST 3RD,39.164544,-86.560096
902577857,2023,12,7,1400,Weekend,2-Car,No injury/unknown,FAILURE TO YIELD RIGHT OF WAY,DUNN & INDIANA,0,0
902577879,2023,12,4,1800,Weekday,1-Car,Incapacitating,RAN OFF ROAD RIGHT,KINGS & SR46E,39.16578549,-86.45361103
902577880,2023,12,5,2000,Weekday,2-Car,Non-incapacitating,FOLLOWING TOO CLOSELY,S BUNGER & SR45W,39.12936,-86.604336
902577881,2023,12,6,1600,Weekday,2-Car,No injury/unknown,IMPROPER TURNING,S LEONARD SPRINGS,39.142048,-86.582592
902577887,2023,12,6,1700,Weekday,2-Car,No injury/unknown,UNSAFE LANE MOVEMENT,LOGAN & VERNAL,39.179248,-86.5744
902577905,2023,12,6,1500,Weekday,2-Car,Non-incapacitating,FAILURE TO YIELD RIGHT OF WAY,ACUFF,39.20824,-86.554704
902577950,2023,12,7,1900,Weekend,2-Car,Incapacitating,FOLLOWING TOO CLOSELY,S HILLSDALE & W 3RD,39.164272,-86.502416
902577974,2023,12,7,1900,Weekend,1-Car,Incapacitating,UNSAFE SPEED,FISH & LYDY,39.284592,-86.479968
902578041,2023,12,7,2200,Weekend,2-Car,Non-incapacitating,IMPROPER LANE USAGE,3RD & SWAIN,39.16425012,-86.51525996
902578101,2023,12,7,2300,Weekend,2-Car,Incapacitating,FAILURE TO YIELD RIGHT OF WAY,SOUTH ROGERS & WEST 2ND,39.16140027,-86.53867028
902578120,2023,12,1,200,Weekend,2-Car,No injury/unknown,UNSAFE BACKING,3RD & COLLEGE,39.16484598,-86.53481278
902578123,2023,12,1,200,Weekend,Pedestrian,Non-incapacitating,PEDESTRIAN ACTION,ATWATER & HENDERSON,39.163344,-86.5272
902578125,2023,12,7,2200,Weekend,1-Car,Incapacitating,RAN OFF ROAD RIGHT,MESA & STIPP,39.10200236,-86.48143176
902578245,2023,12,1,1200,Weekend,2-Car,No injury/unknown,,NORTH GATES,39.16825801,-86.5763399
902578248,2023,12,7,1200,Weekend,2-Car,No injury/unknown,FOLLOWING TOO CLOSELY,8TH & COLLEGE,39.16968932,-86.53478179
902578255,2023,12,1,1200,Weekend,Bus,No injury/unknown,FAILURE TO YIELD RIGHT OF WAY,SALE & SR46W,39.23384,-86.624704
902578274,2023,12,1,1300,Weekend,2-Car,No injury/unknown,UNSAFE LANE MOVEMENT,E 3RD & SO KINGSTON,39.16424,-86.492944
902578297,2023,12,1,1300,Weekend,2-Car,No injury/unknown,OTHER (VEHICLE) - EXPLAIN IN NARRATIVE,W 6TH,39.16765061,-86.53498253
902578342,2023,12,1,1600,Weekend,2-Car,No injury/unknown,FAILURE TO YIELD RIGHT OF WAY,3RD & PETE ELLIS,39.16424,-86.495088
902578424,2023,12,7,2100,Weekend,3+ Cars,No injury/unknown,FOLLOWING TOO CLOSELY,E 10TH & SUNRISE,39.17157993,-86.51252311
902578446,2023,12,1,1900,Weekday,3+ Cars,Non-incapacitating,UNSAFE SPEED,KINSER & SR45W,39.186544,-86.537888
902578478,2023,12,7,2100,Weekend,1-Car,No injury/unknown,DRIVER ASLEEP OR FATIGUED,3315 E LONGVIEW & KINGSTON,39.166848,-86.4928
902578479,2023,12,1,1900,Weekday,3+ Cars,No injury/unknown,FOLLOWING TOO CLOSELY,NORTH KINSER & WEST WINDING,39.198144,-86.542096
902578773,2023,12,2,900,Weekday,2-Car,No injury/unknown,UNSAFE BACKING,E LONGVIEW,39.16698971,-86.4924
902578780,2023,12,2,900,Weekday,2-Car,No injury/unknown,OTHER (DRIVER) - EXPLAIN IN NARRATIVE,S MULLER & W 3RD,39.16450024,-86.56270019
902578957,2023,12,2,1100,Weekday,2-Car,No injury/unknown,DRIVER ASLEEP OR FATIGUED,E BLUE RIDGE & N WALNUT,39.196848,-86.5344
902579031,2023,12,2,1200,Weekday,2-Car,No injury/unknown,UNSAFE BACKING,EVANS,39.07944,-86.647792
902579173,2023,12,2,1400,Weekday,2-Car,No injury/unknown,FAILURE TO YIELD RIGHT OF WAY,S ACADIA,39.13459495,-86.51912704
902579278,2023,12,2,1500,Weekday,3+ Cars,No injury/unknown,FOLLOWING TOO CLOSELY,ROCKPORT & TAPP,39.13634978,-86.54875002
902579418,2023,12,2,1400,Weekday,2-Car,No injury/unknown,UNSAFE BACKING,SEVENTH & UNION,39.22383205,-86.50945968
902579422,2023,12,2,2000,Weekday,2-Car,No injury/unknown,FOLLOWING TOO CLOSELY,S MILL STONE & S SARE,39.12447967,-86.50730989
902579634,2023,12,2,500,Weekday,1-Car,No injury/unknown,ANIMAL/OBJECT IN ROADWAY,N KINSER & SR37N,39.22680545,-86.54614064
902579815,2023,12,6,1600,Weekday,2-Car,No injury/unknown,ENGINE FAILURE OR DEFECTIVE,W SIERRA,39.15266671,-86.58359594
902580156,2023,12,3,700,Weekday,2-Car,No injury/unknown,UNSAFE BACKING,W KIRKWOOD,39.16632462,-86.53919219
902580275,2023,12,2,800,Weekday,2-Car,No injury/unknown,FOLLOWING TOO CLOSELY,SR37S & W BLOOMFIELD,0,0
902580575,2023,12,3,1100,Weekday,2-Car,No injury/unknown,DISREGARD SIGNAL/REG SIGN,3RD & STATE ROAD 37,0,0
902580602,2023,12,3,1100,Weekday,3+ Cars,No injury/unknown,FOLLOWING TOO CLOSELY,FORREST & TENTH,0,0
902580638,2023,12,3,1200,Weekday,2-Car,No injury/unknown,DRIVER DISTRACTED - EXPLAIN IN NARRATIVE,EAST 17TH,39.17932129,-86.51348114
902580694,2023,12,3,1200,Weekday,2-Car,Non-incapacitating,DISREGARD SIGNAL/REG SIGN,3RD & WASHINGTON,39.16464,-86.5324
902580753,2023,12,1,1500,Weekend,2-Car,No injury/unknown,UNSAFE BACKING,1309 E 10TH (DOCK) & FEE,39.17160395,-86.51902238
902581022,2023,12,2,1600,Weekday,2-Car,No injury/unknown,TIRE FAILURE OR DEFECTIVE,N SMITH & W NELSON,39.199072,-86.583152
902581023,2023,12,3,1600,Weekday,2-Car,No injury/unknown,FOLLOWING TOO CLOSELY,S LEONARD SPRINGS & W STAPLETON,39.138336,-86.582528
902581043,2023,12,5,1900,Weekday,1-Car,No injury/unknown,RAN OFF ROAD RIGHT,DAPHNE & SR45W,39.12828827,-86.60414123
902581044,2023,12,6,1800,Weekday,2-Car,No injury/unknown,FOLLOWING TOO CLOSELY,KETCHAM RUNABOUT & S OLD SR 37,0,0
902581045,2023,12,6,1900,Weekend,1-Car,No injury/unknown,RAN OFF ROAD RIGHT,KETCHAM & POPCORN,39.01174977,-86.56183899
902581174,2023,12,5,1400,Weekday,2-Car,No injury/unknown,UNSAFE BACKING,S OLD STATE ROAD 37,39.137088,-86.53056
902581654,2023,12,3,1200,Weekday,2-Car,No injury/unknown,FOLLOWING TOO CLOSELY,GATES & SR48W,39.16458572,-86.57620079
902581794,2023,12,4,600,Weekday,2-Car,No injury/unknown,FAILURE TO YIELD RIGHT OF WAY,E 3RD & SO PETE ELLIS,39.16424,-86.495088
902582004,2023,12,4,900,Weekday,Cyclist,Non-incapacitating,FAILURE TO YIELD RIGHT OF WAY,10TH & WALNUT,39.17160188,-86.52107241
902582097,2023,12,2,200,Weekday,2-Car,No injury/unknown,UNSAFE BACKING,N UNION VALLEY & W MCNEELY,39.20571753,-86.59277983
902582109,2023,12,2,1200,Weekday,2-Car,No injury/unknown,FOLLOWING TOO CLOSELY,FULLERTON & ROCKPORT,39.1211263,-86.56374739
902582455,2023,12,4,1300,Weekday,2-Car,Non-incapacitating,DRIVER DISTRACTED - EXPLAIN IN NARRATIVE,SR37S & SR45W,39.148144,-86.572992
902582534,2023,12,4,1400,Weekday,2-Car,Incapacitating,UNSAFE BACKING,S WALNUT STREET,39.129673,-86.532737
902582761,2023,12,4,1600,Weekday,1-Car,No injury/unknown,UNSAFE LANE MOVEMENT,15TH & COLLEGE,39.17688,-86.534736
902582770,2023,12,4,1800,Weekday,2-Car,No injury/unknown,FAILURE TO YIELD RIGHT OF WAY,4TH & DUNN,39.165648,-86.52849682
902582781,2023,12,4,1700,Weekday,2-Car,No injury/unknown,IMPROPER PASSING,3RD & CURRY,0,0
902582972,2023,12,4,2200,Weekday,2-Car,No injury/unknown,FAILURE TO YIELD RIGHT OF WAY,2ND & HIGH,39.160944,-86.508288
902583184,2023,12,5,900,Weekday,2-Car,No injury/unknown,FAILURE TO YIELD RIGHT OF WAY,GRIMES & WALNUT,39.15335029,-86.5336929
902583197,2023,12,5,900,Weekday,2-Car,No injury/unknown,DRIVER DISTRACTED - EXPLAIN IN NARRATIVE,COLLEGE MALL & MOORES,39.150448,-86.498
902583256,2023,12,5,1000,Weekday,Cyclist,Non-incapacitating,FAILURE TO YIELD RIGHT OF WAY,E 17TH,39.179008,-86.525888
902583257,2023,12,5,1000,Weekday,2-Car,No injury/unknown,TIRE FAILURE OR DEFECTIVE,SR37N & W VERNAL,39.17289708,-86.56755899
902583287,2023,12,5,1000,Weekday,2-Car,Non-incapacitating,FAILURE TO YIELD RIGHT OF WAY,4000 W 3RD & CURRY,39.165023,-86.58345402
902583304,2023,12,5,1100,Weekday,3+ Cars,No injury/unknown,FOLLOWING TOO CLOSELY,10TH & FESS,39.171664,-86.52576
902583315,2023,12,4,700,Weekday,2-Car,No injury/unknown,FAILURE TO YIELD RIGHT OF WAY,10TH & SMITH,39.17258852,-86.482127
902583317,2023,12,5,1200,Weekday,1-Car,No injury/unknown,RAN OFF ROAD RIGHT,N COLLEGE & W RILEY,0,0
902583320,2023,12,5,1100,Weekday,3+ Cars,Non-incapacitating,FOLLOWING TOO CLOSELY,JORDAN & THIRD,39.16426018,-86.5163999
902583373,2023,12,5,1300,Weekday,2-Car,Non-incapacitating,OTHER (DRIVER) - EXPLAIN IN NARRATIVE,COUNTRY CLUB & S WALNUT,0,0
902583380,2023,12,5,500,Weekday,1-Car,No injury/unknown,ANIMAL/OBJECT IN ROADWAY,HEDRICK & WEST STATE ROAD 46,39.27761903,-86.67737978
902583386,2023,12,4,1700,Weekday,3+ Cars,No injury/unknown,FOLLOWING TOO CLOSELY,SR37N & W VERNAL,39.17469734,-86.56501204
902583522,2023,12,5,1500,Weekday,2-Car,No injury/unknown,FOLLOWING TOO CLOSELY,S ROGERS & W KIRKWOOD,39.166672,-86.538608
902583572,2023,12,5,1600,Weekday,2-Car,No injury/unknown,UNSAFE BACKING,N FEE,39.17612549,-86.51898236
902583603,2023,12,5,1500,Weekday,2-Car,No injury/unknown,UNSAFE BACKING,S HENDERSON,39.13782881,-86.52677815
902583611,2023,11,6,700,Weekday,2-Car,No injury/unknown,OTHER (VEHICLE) - EXPLAIN IN NARRATIVE,W 8TH,39.16971233,-86.55411037
902583639,2023,12,5,1800,Weekday,2-Car,No injury/unknown,FAILURE TO YIELD RIGHT OF WAY,W STATE ROAD 45 & WALMART,0,0
902583681,2023,12,3,1600,Weekday,2-Car,No injury/unknown,UNSAFE BACKING,W CLEAR CREEK,39.111152,-86.5348
902583683,2023,12,2,2100,Weekday,1-Car,No injury/unknown,OTHER (DRIVER) - EXPLAIN IN NARRATIVE,MCNEELY & N UNION VALLEY,39.15804397,-86.59277983
902584040,2023,12,5,2200,Weekday,1-Car,No injury/unknown,RAN OFF ROAD RIGHT,OLD RICHARDSON & SR446S,39.21477524,-86.42645263
902584550,2023,12,5,1000,Weekday,2-Car,No injury/unknown,OTHER (DRIVER) - EXPLAIN IN NARRATIVE,13TH & INDIANA,39.17558638,-86.52710592
902584760,2023,12,6,1200,Weekday,2-Car,No injury/unknown,DISREGARD SIGNAL/REG SIGN,KINSER & SR4546W,39.186544,-86.537888
902584850,2023,12,6,1100,Weekday,2-Car,No injury/unknown,FAILURE TO YIELD RIGHT OF WAY,E KIRKWOOD & S GRANT,39.16664,-86.529696
902584920,2023,12,6,1100,Weekday,1-Car,No injury/unknown,UNSAFE BACKING,N JORDAN,39.16833115,-86.51569366
902585057,2023,12,6,1100,Weekday,2-Car,No injury/unknown,UNSAFE BACKING,3RD & BALLANTINE,39.14841068,-86.51913105
902585514,2023,12,6,1800,Weekday,2-Car,No injury/unknown,FOLLOWING TOO CLOSELY,3RD & GRANT,39.16464,-86.52944575
902585538,2023,12,6,1600,Weekday,2-Car,No injury/unknown,OTHER (VEHICLE) - EXPLAIN IN NARRATIVE,S WALNUT,39.18946841,-86.53337633
902585634,2023,12,6,1700,Weekday,2-Car,No injury/unknown,BRAKE FAILURE OR DEFECTIVE,BRYANTS CREEK & SR37N,39.32055629,-86.51213116
902585656,2023,12,6,1800,Weekday,Bus,No injury/unknown,UNSAFE BACKING,N FEE,39.18217024,-86.51912929
902585675,2023,12,6,1400,Weekday,1-Car,No injury/unknown,DRIVER ILLNESS,OARD & SR48,39.16480484,-86.62016747
902585717,2023,12,6,1200,Weekday,2-Car,No injury/unknown,UNSAFE BACKING,N GATES,39.16987228,-86.57498168
902585735,2023,12,6,2200,Weekend,2-Car,No injury/unknown,UNSAFE BACKING,EAST 7TH,39.16843504,-86.52339041
902585960,2023,12,7,100,Weekend,1-Car,No injury/unknown,SPEED TOO FAST FOR WEATHER CONDITIONS,3RD & GATES,39.16459009,-86.57619975
902585982,2023,12,6,2300,Weekend,1-Car,No injury/unknown,ANIMAL/OBJECT IN ROADWAY,SR46W & STINESVILLE,39.26716926,-86.66605959
902586019,2023,12,7,100,Weekend,Pedestrian,Incapacitating,PEDESTRIAN ACTION,E 3RD & S WOODLAWN,39.164352,-86.522592
902586115,2023,12,6,2000,Weekend,1-Car,No injury/unknown,RAN OFF ROAD RIGHT,CLARIZZ & COVENANTER,39.15246986,-86.49050264
902586119,2023,12,7,1200,Weekend,2-Car,No injury/unknown,SPEED TOO FAST FOR WEATHER CONDITIONS,E ROGERS & THE STANDS,39.1364,-86.504896
902586126,2023,12,7,1200,Weekend,2-Car,No injury/unknown,FOLLOWING TOO CLOSELY,3RD & PETE ELLIS,39.16423826,-86.49526439
902586141,2023,12,6,1300,Weekday,2-Car,No injury/unknown,UNSAFE BACKING,N MADISON & W 17TH,39.17903982,-86.53775028
902586249,2023,12,7,1800,Weekend,1-Car,No injury/unknown,ANIMAL/OBJECT IN ROADWAY,SR37N & SR46W,39.19551723,-86.55460661
902586268,2023,12,7,1600,Weekend,2-Car,No injury/unknown,FOLLOWING TOO CLOSELY,EAST ATWATER & NORTH DUNN,39.164448,-86.528096
902586273,2023,12,6,1800,Weekday,1-Car,No injury/unknown,ANIMAL/OBJECT IN ROADWAY,GARRISON CHAPEL & SR48W,39.16377142,-86.64091963
902586276,2023,12,7,1400,Weekend,2-Car,No injury/unknown,FOLLOWING TOO CLOSELY,COLLEGE MALL & COVENANTER,39.155152,-86.497888
902586277,2023,12,7,1600,Weekend,2-Car,No injury/unknown,IMPROPER PASSING,3RD & COLLEGE MALL,39.16424,-86.4984
902586278,2023,12,7,1500,Weekend,2-Car,No injury/unknown,UNSAFE LANE MOVEMENT,NORTH COLLEGE & WEST 6TH,39.167648,-86.534784
902586301,2023,12,6,1700,Weekday,1-Car,No injury/unknown,UNSAFE SPEED,MONROE DAM & VALLEY MISSION,39.00721915,-86.51232665
902586305,2023,12,7,2100,Weekend,2-Car,No injury/unknown,DISREGARD SIGNAL/REG SIGN,3RD & COLLEGE,39.16464,-86.534816
902586325,2023,12,7,300,Weekend,2-Car,No injury/unknown,OTHER (DRIVER) - EXPLAIN IN NARRATIVE,S YOST,39.14554339,-86.58072088
902586435,2023,12,1,200,Weekend,1-Car,No injury/unknown,RAN OFF ROAD RIGHT,3RD & JORDAN,39.16426018,-86.5163999
902587037,2023,12,1,1100,Weekend,2-Car,No injury/unknown,FAILURE TO YIELD RIGHT OF WAY,E 5TH & S JEFFERSON,39.166848,-86.506992
902587076,2023,12,5,800,Weekday,2-Car,No injury/unknown,DISREGARD SIGNAL/REG SIGN,FAIRFAX & OLD STATE ROAD 37,39.10725988,-86.53149001
902587121,2023,12,1,1300,Weekend,2-Car,No injury/unknown,FAILURE TO YIELD RIGHT OF WAY,WALMART,0,0
902587169,2023,12,7,1400,Weekend,2-Car,No injury/unknown,UNSAFE LANE MOVEMENT,3RD,39.16464,-86.56905455
902587214,2023,12,7,1700,Weekend,1-Car,No injury/unknown,OVERCORRECTING/OVERSTEERING,HIGHLAND & HILLSIDE,39.15055007,-86.51695981
902587217,2023,12,1,1500,Weekend,2-Car,No injury/unknown,FAILURE TO YIELD RIGHT OF WAY,ALLEN & PATTERSON,39.15563017,-86.54330983
902587222,2023,12,7,1900,Weekend,2-Car,No injury/unknown,IMPROPER LANE USAGE,KINSER,39.20057297,-86.5491333
902587696,2023,12,1,100,Weekend,2-Car,No injury/unknown,FAILURE TO YIELD RIGHT OF WAY,BLOOMFIELD & LANDMARK,39.15993981,-86.55384603
902587708,2023,12,7,200,Weekend,1-Car,No injury/unknown,RAN OFF ROAD RIGHT,FAIRFAX & SOUTH WALNUT,0,0
902587710,2023,12,7,100,Weekend,1-Car,No injury/unknown,RAN OFF ROAD RIGHT,SR46E & TRAILWAY,39.16355934,-86.42589328
902587894,2023,12,2,700,Weekday,1-Car,No injury/unknown,RAN OFF ROAD RIGHT,ASSOCIATION & EDGEWOOD,39.235952,-86.629696
902587923,2023,12,5,900,Weekday,2-Car,No injury/unknown,FAILURE TO YIELD RIGHT OF WAY,FAIRWAY & ROGERS,39.1332411,-86.53836812
902587924,2023,12,6,1400,Weekday,2-Car,No injury/unknown,DISREGARD SIGNAL/REG SIGN,RHORER & WALNUT,39.12144,-86.526496
902588045,2023,12,2,1100,Weekday,2-Car,No injury/unknown,FOLLOWING TOO CLOSELY,3RD & SR37N,39.164752,-86.573104
902588086,2023,12,2,1200,Weekday,1-Car,No injury/unknown,RAN OFF ROAD RIGHT,NORTH KINSER & WEST CLUBHOUSE,39.20082003,-86.54285989
902588123,2023,12,2,1200,Weekday,2-Car,No injury/unknown,UNSAFE BACKING,E HOMESTEAD & MEADOWBROOK,39.154544,-86.4872
902588209,2023,12,2,1200,Weekday,2-Car,No injury/unknown,FAILURE TO YIELD RIGHT OF WAY,GRAHAM & HENDERSON,39.13943969,-86.52692019
902588234,2023,12,6,1700,Weekday,2-Car,No injury/unknown,FAILURE TO YIELD RIGHT OF WAY,SR45W & W ELLER,39.12419172,-86.61191905
902588235,2023,12,7,1900,Weekend,1-Car,Non-incapacitating,ANIMAL/OBJECT IN ROADWAY,KETCHEM & S OLD STATE ROAD 37,39.12548805,-86.54444977
902588289,2023,12,2,1200,Weekday,3+ Cars,Incapacitating,UNSAFE SPEED,E 3RD & ST RD 45 46 BYPASS,0,0
902588324,2023,12,2,700,Weekday,2-Car,No injury/unknown,SPEED TOO FAST FOR WEATHER CONDITIONS,OLD SR37,0,0
902588377,2023,12,2,1100,Weekday,2-Car,No injury/unknown,OTHER (VEHICLE) - EXPLAIN IN NARRATIVE,FOX HOLLOW & SR37,39.20286006,-86.51890971
902588570,2023,12,2,1900,Weekday,2-Car,No injury/unknown,OTHER (DRIVER) - EXPLAIN IN NARRATIVE,E KIRKWOOD,39.16664,-86.53211265
902589035,2023,12,3,600,Weekday,1-Car,No injury/unknown,LEFT OF CENTER,E SMITH & S WASHINGTON,39.16283995,-86.53238989
902589156,2023,12,1,900,Weekend,1-Car,No injury/unknown,OVERCORRECTING/OVERSTEERING,PAYNETOWN & SR446S,39.25007815,-86.42302189
902589435,2023,12,2,1900,Weekday,2-Car,No injury/unknown,IMPROPER TURNING,NORTH GATES & WEST JONATHON,39.16876025,-86.57641969