Master Record Number,Year,Month,Day,Hour,Weekend,Collision Type,Injury Type,Primary Factor,Reported_Location,Latitude,Longitude
902187568,2022,2,3,700,Weekday,2-Car,No injury/unknown,SPEED TOO FAST FOR WEATHER CONDITIONS,SR37S,39.31700127,-86.5108666
902361123,2022,12,7,300,Weekend,1-Car,No injury/unknown,SPEED TOO FAST FOR WEATHER CONDITIONS,BURMA & SR37N,39.31614939,-86.51101878
902334062,2022,11,1,1900,Weekday,1-Car,No injury/unknown,ANIMAL/OBJECT IN ROADWAY,BURMA & SR37N,39.31561299,-86.51117113
902188546,2022,2,3,800,Weekday,1-Car,No injury/unknown,SPEED TOO FAST FOR WEATHER CONDITIONS,BURMA & SR37S,39.3148084,-86.51139966
902246884,2022,6,2,500,Weekday,1-Car,No injury/unknown,ANIMAL/OBJECT IN ROADWAY,SR37N & WEST BURMA,39.314272,-86.511552
902323780,2022,10,5,700,Weekday,1-Car,No injury/unknown,ANIMAL/OBJECT IN ROADWAY,SR37,39.31416208,-86.51167738
902268041,2022,7,7,2100,Weekend,1-Car,No injury/unknown,ANIMAL/OBJECT IN ROADWAY,BURMA & SR37N,39.31400279,-86.511622
902223624,2022,4,4,600,Weekday,Pedestrian,Non-incapacitating,PEDESTRIAN ACTION,WEST WOLF MOUNTAIN RD,39.31304932,-86.666893
902197556,2022,3,3,1400,Weekday,1-Car,No injury/unknown,RAN OFF ROAD RIGHT,N COUNTY LINE RD & N WOLF MOUNTAIN,39.310928,-86.685424
902276521,2022,8,3,2100,Weekday,1-Car,No injury/unknown,UNSAFE SPEED,BEAN BLOSSOM & MAIN FOREST RD,39.31077361,-86.42810277
902204957,2022,3,3,800,Weekday,2-Car,No injury/unknown,IMPROPER LANE USAGE,N CROSSOVER & SR37S,39.31006077,-86.51947021
902185739,2022,2,6,1500,Weekday,1-Car,No injury/unknown,RAN OFF ROAD RIGHT,N BUSKIRK & W FRY RD,39.30962931,-86.55243851
902189108,2022,2,4,900,Weekday,Bus,No injury/unknown,UNSAFE BACKING,8223 N BOTTOM RD & W PRATHER,39.308592,-86.602176
902312496,2022,10,1,1300,Weekend,2-Car,No injury/unknown,FOLLOWING TOO CLOSELY,SR37 & SR45W,39.30670166,-86.5161972
902195373,2022,3,1,500,Weekend,2-Car,Non-incapacitating,SPEED TOO FAST FOR WEATHER CONDITIONS,E CHAMBERS & SR37N,39.30565079,-86.51636386
902221952,2022,4,3,1500,Weekday,2-Car,No injury/unknown,FAILURE TO YIELD RIGHT OF WAY,CHAMBERS & SR37N,39.30432,-86.5168
902314598,2022,10,4,1300,Weekday,2-Car,No injury/unknown,OVERCORRECTING/OVERSTEERING,DILLMAN & VICTOR,39.30412235,-86.55929983
902342758,2022,11,3,1900,Weekday,1-Car,No injury/unknown,RAN OFF ROAD RIGHT,CHAMBERS & SR37N,39.30406189,-86.51651001
902164489,2022,1,1,1600,Weekend,1-Car,No injury/unknown,SPEED TOO FAST FOR WEATHER CONDITIONS,CHAMBERS PIKE & SR37,39.30404015,-86.51626295
902352164,2022,12,5,1700,Weekday,3+ Cars,Incapacitating,DRIVER DISTRACTED - EXPLAIN IN NARRATIVE,SR37S & W VERNAL,39.30355273,-86.56252289
902289611,2022,9,2,200,Weekday,1-Car,No injury/unknown,RAN OFF ROAD RIGHT,CHAMBERS & SR37N,39.30218905,-86.51748921
902256441,2022,6,5,0,Weekday,1-Car,No injury/unknown,ANIMAL/OBJECT IN ROADWAY,BURMA & SR37S,39.30152476,-86.51770406
902268638,2022,7,2,1100,Weekday,2-Car,No injury/unknown,TIRE FAILURE OR DEFECTIVE,CROSSOVER & SR37N,39.29944992,-86.51947021
902150501,2022,1,5,800,Weekday,1-Car,No injury/unknown,SPEED TOO FAST FOR WEATHER CONDITIONS,CHAMBERS & SR37N,39.29897788,-86.51843531
902321242,2022,10,7,1400,Weekend,1-Car,No injury/unknown,ANIMAL/OBJECT IN ROADWAY,8600 STINSVILLE RD & MAIN,39.298944,-86.6532
902225731,2022,4,4,1700,Weekday,2-Car,Incapacitating,FAILURE TO YIELD RIGHT OF WAY,N OLD DUTCH CHURCH & N RED HILL RD,39.2986878,-86.63486972
902267000,2022,7,2,800,Weekday,2-Car,Non-incapacitating,FOLLOWING TOO CLOSELY,SMITH PIKE PIKE & WOODYARD ROAD,39.29645443,-86.58308029
902167700,2022,1,5,1600,Weekday,1-Car,No injury/unknown,RAN OFF ROAD RIGHT,N RED HILL & W WALKER LN,39.295952,-86.639808
902196347,2022,3,2,1300,Weekday,1-Car,No injury/unknown,RAN OFF ROAD RIGHT,MOUNT TABOR RD,39.29093552,-86.62451171
902251255,2022,6,4,600,Weekday,2-Car,No injury/unknown,FOLLOWING TOO CLOSELY,NORTH FOX HOLLOW & SR37N,39.29042148,-86.51795556
902151726,2022,1,6,900,Weekday,2-Car,No injury/unknown,IMPROPER LANE USAGE,NORTH BOTTOM & NORTH WOODALL RD,39.290288,-86.576992
902310069,2022,10,4,700,Weekday,1-Car,No injury/unknown,FAILURE TO YIELD RIGHT OF WAY,BOTTOM RDS & DITTEMORE,39.28949104,-86.56278428
902321486,2022,10,7,1800,Weekend,1-Car,No injury/unknown,RAN OFF ROAD RIGHT,N FISH,39.288544,-86.480816
902348387,2022,12,5,1700,Weekday,1-Car,No injury/unknown,DRIVER DISTRACTED - EXPLAIN IN NARRATIVE,STATE ROAD 37 N,39.28844,-86.518728
902235845,2022,5,7,1500,Weekend,1-Car,Non-incapacitating,RAN OFF ROAD RIGHT,BOTTOM RD & WOODALL,39.28492649,-86.57690668
902323071,2022,10,4,700,Weekday,1-Car,No injury/unknown,RAN OFF ROAD RIGHT,HEDRICK & STINESVILLE,39.28449039,-86.66302773
902240541,2022,5,3,800,Weekday,2-Car,No injury/unknown,FOLLOWING TOO CLOSELY,OLD STATE 37 & SR37S,39.28445816,-86.49533081
902171009,2022,1,1,900,Weekend,1-Car,No injury/unknown,RAN OFF ROAD RIGHT,MOUNT TABOR RD & WOODLAND,39.28344,-86.624192
902213700,2022,4,7,1600,Weekend,1-Car,Non-incapacitating,UNSAFE SPEED,MT TABOR RD & WOODLAND,39.28344,-86.624192
902258530,2022,7,3,900,Weekday,1-Car,No injury/unknown,RAN OFF ROAD RIGHT,WOODALL RD & WOODLAND,39.28339463,-86.58291793
902272736,2022,7,4,600,Weekday,1-Car,No injury/unknown,RAN OFF ROAD RIGHT,E ANDERSON RD & N LOW GAP RD RD,39.282576,-86.411808
902326361,2022,11,2,500,Weekday,1-Car,No injury/unknown,ANIMAL/OBJECT IN ROADWAY,SR36N & W VERNAL,39.28239736,-86.56252289
902289609,2022,8,5,600,Weekday,2-Car,No injury/unknown,FOLLOWING TOO CLOSELY,COUNTY LINE & SR46W,39.281744,-86.6848
902356033,2022,12,5,0,Weekday,1-Car,No injury/unknown,RAN OFF ROAD RIGHT,HEDRICK,39.2814064,-86.67684174
902174393,2022,1,5,1900,Weekday,1-Car,No injury/unknown,OVERCORRECTING/OVERSTEERING,N MT GILEAD & SR45E,39.28106985,-86.46720886
902185729,2022,2,1,1200,Weekend,2-Car,Incapacitating,FAILURE TO YIELD RIGHT OF WAY,SR37N & WINERY,39.28076172,-86.52158355
902266074,2022,7,2,2000,Weekday,1-Car,Non-incapacitating,RAN OFF ROAD RIGHT,WOODALL & WOODLAND RD,39.28068012,-86.58320686
902307219,2022,9,7,1400,Weekend,2-Car,No injury/unknown,UNSAFE SPEED,SR37N & WINERY RD,39.28039983,-86.52268029
902307889,2022,10,6,1400,Weekday,3+ Cars,Non-incapacitating,LEFT OF CENTER,MERRITT & SR446S,39.27911703,-86.42514778
902194021,2022,2,5,1500,Weekday,2-Car,No injury/unknown,TIRE FAILURE OR DEFECTIVE,HEDRICK & SR46W,39.27761903,-86.67732778
902325760,2022,11,1,1100,Weekend,1-Car,No injury/unknown,ANIMAL/OBJECT IN ROADWAY,BOTTOM & SR37,39.27640152,-86.55792236
902268391,2022,7,6,1300,Weekday,1-Car,No injury/unknown,ANIMAL/OBJECT IN ROADWAY,BOTTOM & SR37N,39.27640152,-86.55792236
902279520,2022,8,2,500,Weekday,1-Car,Non-incapacitating,RAN OFF ROAD RIGHT,BOTTOM RD,39.27640152,-86.55792236
902247298,2022,6,6,2100,Weekend,2-Car,Non-incapacitating,FAILURE TO YIELD RIGHT OF WAY,SR37N & THAMES,39.27473068,-86.51846313
902260067,2022,7,6,500,Weekday,1-Car,No injury/unknown,RAN OFF ROAD RIGHT,N BARR & N MT TABOR,39.273888,-86.621456
902262707,2022,7,4,2200,Weekday,1-Car,No injury/unknown,RAN OFF ROAD RIGHT,WOODALL RD & WOODLAND,39.27368641,-86.58162091
902171166,2022,1,7,2100,Weekend,1-Car,No injury/unknown,RAN OFF ROAD RIGHT,SR46 & STINESVILLE RD,39.2719099,-86.66333225
902222519,2022,4,1,1200,Weekend,2-Car,No injury/unknown,UNSAFE BACKING,37 HWY,39.27168,-86.522992
902230878,2022,5,7,2300,Weekend,1-Car,No injury/unknown,ANIMAL/OBJECT IN ROADWAY,SR46E & STINESVILLE ROAD,39.27157583,-86.6708465
902327259,2022,11,3,1200,Weekday,1-Car,No injury/unknown,RAN OFF ROAD RIGHT,NORTHSHORE,39.27069855,-86.40746307
902199461,2022,3,7,1100,Weekend,2-Car,No injury/unknown,IMPROPER TURNING,S LIBERTY DR & W 3RD,39.27035465,-86.57913006
902336847,2022,11,2,2000,Weekday,2-Car,No injury/unknown,INSECURE/LEAKY LOAD,N PURCELL & SR37N,39.26973827,-86.52761719
902279925,2022,8,2,1700,Weekday,2-Car,No injury/unknown,FAILURE TO YIELD RIGHT OF WAY,SR37N,39.26891991,-86.52287428
902300385,2022,9,1,1400,Weekend,1-Car,No injury/unknown,ACCELERATOR FAILURE OR DEFECTIVE,SR37N,39.26891991,-86.52287428
902291690,2022,9,5,1500,Weekday,2-Car,No injury/unknown,FOLLOWING TOO CLOSELY,SAMPLE & SR37N,39.26890488,-86.52287361
902203777,2022,3,1,300,Weekend,1-Car,No injury/unknown,RAN OFF ROAD RIGHT,E SAMPLE & SR37N,39.2686304,-86.52286144
902196232,2022,3,2,1700,Weekday,2-Car,No injury/unknown,OTHER (DRIVER) - EXPLAIN IN NARRATIVE,E ANDERSON RD,39.2676891,-86.48645667
902157873,2022,1,7,2300,Weekend,1-Car,Non-incapacitating,ANIMAL/OBJECT IN ROADWAY,SAMPLE & SR37S,39.26766969,-86.52281888
902297521,2022,9,1,1500,Weekend,Moped/Motorcycle,Non-incapacitating,RAN OFF ROAD RIGHT,COYLE & SHILO RD,39.26735305,-86.44578108
902361805,2022,12,4,1000,Weekday,2-Car,No injury/unknown,FOLLOWING TOO CLOSELY,SR46W & STINESVILLE,39.26681667,-86.66570028
902329789,2022,11,7,0,Weekend,1-Car,No injury/unknown,ANIMAL/OBJECT IN ROADWAY,SAMPLE & SR37N,39.26670898,-86.52277632
902285908,2022,8,1,1100,Weekend,1-Car,Non-incapacitating,DRIVER DISTRACTED - EXPLAIN IN NARRATIVE,COWDEN RD & MT TABOR,39.2667052,-86.6212264
902316733,2022,10,7,400,Weekend,1-Car,No injury/unknown,RAN OFF ROAD RIGHT,SR46W & STINESVILLE,39.26631271,-86.66517575
902269477,2022,7,4,1100,Weekday,1-Car,Non-incapacitating,RAN OFF ROAD RIGHT,E ANDERSON RD & N OLD STATE ROAD 37,39.266,-86.501696
902277274,2022,8,6,800,Weekday,1-Car,No injury/unknown,RAN OFF ROAD RIGHT,E ANDERSON RD & N OLD STATE ROAD 37,39.266,-86.501696
902306681,2022,10,5,1100,Weekday,1-Car,No injury/unknown,RAN OFF ROAD RIGHT,E ANDERSON RD & N OLD STATE 37,39.266,-86.501696
902161507,2022,1,4,1900,Weekday,1-Car,No injury/unknown,ANIMAL/OBJECT IN ROADWAY,ANDERSON RD & DORA,39.26592158,-86.49001527
902297294,2022,9,2,1200,Weekday,2-Car,No injury/unknown,FAILURE TO YIELD RIGHT OF WAY,N WAYPORT & SR37S,39.26576946,-86.52273805
902213542,2022,4,1,500,Weekend,2-Car,No injury/unknown,UNSAFE LANE MOVEMENT,45 46 BYPASS & NORTH WALNUT ST,39.26568238,-86.53453968
902286699,2022,8,1,1600,Weekend,1-Car,Non-incapacitating,RAN OFF ROAD RIGHT,NORTH MAPLE GROVE RD & WEST DELAP,39.265456,-86.569392
902212034,2022,3,1,1600,Weekend,1-Car,No injury/unknown,UNSAFE BACKING,DELAP RD,39.26374817,-86.57717895
902162041,2022,1,4,1300,Weekday,2-Car,Non-incapacitating,FAILURE TO YIELD RIGHT OF WAY,SR37 & WAYPORT,39.26307137,-86.52255833
902174178,2022,1,6,1400,Weekday,2-Car,No injury/unknown,UNSAFE SPEED,N WAYPORT & SR37N,39.263024,-86.52264
902277704,2022,8,2,2100,Weekday,2-Car,No injury/unknown,FAILURE TO YIELD RIGHT OF WAY,SR37N & WAYPORT,39.263024,-86.52264
902304076,2022,9,1,0,Weekend,2-Car,No injury/unknown,FAILURE TO YIELD RIGHT OF WAY,SR37N & WAYPORT,39.263024,-86.52264
902305245,2022,9,3,500,Weekday,Moped/Motorcycle,No injury/unknown,UNSAFE LANE MOVEMENT,SR37N & WAYPORT,39.263024,-86.52264
902344238,2022,11,6,1800,Weekday,2-Car,Incapacitating,FAILURE TO YIELD RIGHT OF WAY,SR37N & WAYPORT,39.263024,-86.52264
902331129,2022,11,2,1200,Weekday,2-Car,No injury/unknown,TIRE FAILURE OR DEFECTIVE,SR37 & SR37N,39.26193629,-86.52270895
902363169,2022,12,4,1600,Weekday,2-Car,No injury/unknown,DRIVER DISTRACTED - EXPLAIN IN NARRATIVE,SR37 & WEST FULLERTON,39.26164302,-86.57353973
902351662,2022,12,5,700,Weekday,1-Car,No injury/unknown,RAN OFF ROAD RIGHT,MOUNT TABOR,39.26144131,-86.62067145
902231153,2022,5,6,1800,Weekday,1-Car,Non-incapacitating,UNSAFE LANE MOVEMENT,N WAYPORT & SR37N,39.26135336,-86.52291349
902157718,2022,1,4,1600,Weekday,2-Car,No injury/unknown,ROADWAY SURFACE CONDITION,DELAP & WOODALL RD,39.261296,-86.583248
902225610,2022,4,3,300,Weekday,1-Car,Incapacitating,RAN OFF ROAD RIGHT,N MT GILEAD RD & UPPER BIRDIE GALYAN,39.26059067,-86.42372019
902266134,2022,7,4,2200,Weekday,1-Car,No injury/unknown,RAN OFF ROAD RIGHT,SR37N & WAYPORT,39.26041222,-86.52349167
902274448,2022,8,6,1900,Weekend,1-Car,Non-incapacitating,SPEED TOO FAST FOR WEATHER CONDITIONS,SR37N & WAYPORT,39.2597949,-86.52387837
902331062,2022,11,2,800,Weekday,Bus,Non-incapacitating,LEFT OF CENTER,CHAFIN CHAPEL & SR46W,39.25962636,-86.65763204
902291692,2022,9,5,1800,Weekday,2-Car,No injury/unknown,FOLLOWING TOO CLOSELY,CHAFIN CHAPEL & SR46W,39.25962636,-86.65754537
902156574,2022,1,5,100,Weekday,1-Car,No injury/unknown,RAN OFF ROAD RIGHT,CHAFIN CHAPEL & SR46W,39.25960159,-86.64379365
902314607,2022,10,4,800,Weekday,1-Car,No injury/unknown,RAN OFF ROAD RIGHT,OLD ST RD 37 & S ROGERS,39.25766202,-86.53789982
902323467,2022,10,4,1500,Weekday,1-Car,Non-incapacitating,RAN OFF ROAD RIGHT,MILLER,39.255568,-86.469632
902163278,2022,1,7,2000,Weekend,1-Car,No injury/unknown,ANIMAL/OBJECT IN ROADWAY,EAST SPARKS & SR37N,39.25531635,-86.51507479
902230227,2022,5,2,1500,Weekday,2-Car,Incapacitating,LEFT OF CENTER,SR46W & W FLATWOODS,39.25516621,-86.65524513
902190642,2022,2,7,0,Weekend,2-Car,Fatal,LEFT OF CENTER,FLATWOODS & SR46W,39.25501235,-86.65516921
902292700,2022,8,4,700,Weekday,2-Car,Incapacitating,FAILURE TO YIELD RIGHT OF WAY,COWDEN & DELAP RD,39.254128,-86.592464
902344263,2022,11,7,100,Weekend,1-Car,No injury/unknown,ANIMAL/OBJECT IN ROADWAY,FLATWOODS & STARNES,39.25248,-86.659104
902249691,2022,6,1,700,Weekend,1-Car,No injury/unknown,ANIMAL/OBJECT IN ROADWAY,FLATWOODS & SR46E,39.252448,-86.653904
902252408,2022,6,5,900,Weekday,2-Car,No injury/unknown,FOLLOWING TOO CLOSELY,FLATWOODS & SR46W,39.252448,-86.653904
902169079,2022,1,7,1200,Weekend,2-Car,Fatal,LEFT OF CENTER,FLATWOODS & SR46W,39.25224102,-86.6536718
902293512,2022,9,1,0,Weekend,1-Car,No injury/unknown,RAN OFF ROAD RIGHT,EAST WYLIE RD & SR37N,39.251648,-86.529056
902295609,2022,9,1,0,Weekend,1-Car,Incapacitating,RAN OFF ROAD RIGHT,EAST WYLIE RD & SR37N,39.251648,-86.529056
902324769,2022,10,5,1700,Weekday,2-Car,Non-incapacitating,OTHER (DRIVER) - EXPLAIN IN NARRATIVE,E SOUTHSHORE & N SHUFFLE CREEK,39.25137709,-86.40089632
902169364,2022,1,7,1800,Weekend,1-Car,No injury/unknown,RAN OFF ROAD RIGHT,NORTH RICHARDSON & SOUTH SHORE DR,39.25128,-86.388368
902176838,2022,1,1,2000,Weekday,2-Car,No injury/unknown,UNSAFE BACKING,SR46W RD,39.2512,-86.652504
902201033,2022,3,3,1800,Weekday,2-Car,No injury/unknown,UNSAFE BACKING,W STATE ROAD 46 HWY,39.2512,-86.652504
902208108,2022,3,2,1200,Weekday,2-Car,No injury/unknown,UNSAFE BACKING,SR  46 HWY,39.2512,-86.652504
902229835,2022,4,3,0,Weekday,2-Car,No injury/unknown,UNSAFE BACKING,SR46W,39.2512,-86.652504
902265509,2022,7,3,1700,Weekday,2-Car,No injury/unknown,FAILURE TO YIELD RIGHT OF WAY,W STATE ROAD 46 HWY,39.2512,-86.652504
902274662,2022,7,3,1600,Weekday,2-Car,No injury/unknown,UNSAFE BACKING,W STATE ROAD 46 RD,39.2512,-86.652504
902280872,2022,8,4,1000,Weekday,2-Car,No injury/unknown,UNSAFE BACKING,WEST STATE ROAD 46 RD,39.2512,-86.652504
902312183,2022,10,7,2000,Weekend,Cyclist,Non-incapacitating,HEADLIGHT DEFECTIVE OR NOT ON,SR46W,39.2512,-86.652504
902326781,2022,10,5,2300,Weekday,1-Car,No injury/unknown,RAN OFF ROAD RIGHT,SR46W,39.2512,-86.652504
902341025,2022,11,6,1600,Weekday,2-Car,No injury/unknown,UNSAFE BACKING,SR46W,39.2512,-86.652504
902250042,2022,6,1,1100,Weekend,1-Car,No injury/unknown,RAN OFF ROAD RIGHT,E SOUTHSHORE DR & N RICHARDSON,39.25114131,-86.38886766
902330733,2022,11,1,0,Weekend,1-Car,No injury/unknown,OTHER (DRIVER) - EXPLAIN IN NARRATIVE,SR37N & WALNUT,39.250688,-86.529744
902340552,2022,11,6,1500,Weekday,2-Car,No injury/unknown,FOLLOWING TOO CLOSELY,NORTH WALNUT,39.250688,-86.529744
902156471,2022,1,5,2000,Weekday,1-Car,No injury/unknown,RAN OFF ROAD RIGHT,FLATWOODS RD & SR46W,39.25037815,-86.65158204
902296283,2022,9,5,2000,Weekday,2-Car,Non-incapacitating,FOLLOWING TOO CLOSELY,MATTHEWS & N MOUNT TABOR RD,39.250048,-86.621664
902357927,2022,12,1,1000,Weekend,1-Car,No injury/unknown,ANIMAL/OBJECT IN ROADWAY,E ROBINSON & HUDOFF,39.249248,-86.463888
902320737,2022,10,6,2100,Weekend,2-Car,Non-incapacitating,LEFT OF CENTER,SHUFFLE CREEK & SR45E,39.24893188,-86.40267296
902183264,2022,2,3,1800,Weekday,1-Car,Non-incapacitating,RAN OFF ROAD RIGHT,N UNION VALLEY RD & W MCNEELEY,39.24809403,-86.59277983
902232695,2022,5,5,700,Weekday,2-Car,No injury/unknown,FOLLOWING TOO CLOSELY,N MAPLE GROVE & W MAPLE GROVE RD,39.24744,-86.547792
902241464,2022,5,5,2000,Weekday,1-Car,No injury/unknown,RAN OFF ROAD RIGHT,BOTTOM & W MAPLE GROVE RD,39.24744,-86.547792
902353750,2022,12,1,1900,Weekday,1-Car,No injury/unknown,DRIVER DISTRACTED - EXPLAIN IN NARRATIVE,N BOTTOM & W MAPLE GROVE,39.24744,-86.547792
902328141,2022,10,5,1700,Weekday,1-Car,No injury/unknown,RAN OFF ROAD RIGHT,N MAPLE GROVE & W MAPLE GROVE,39.24744,-86.547792
902335666,2022,11,1,1500,Weekend,2-Car,No injury/unknown,FAILURE TO YIELD RIGHT OF WAY,N BOTTOM & W MAPLE GROVE,39.24744,-86.547792
902187347,2022,2,3,900,Weekday,1-Car,Non-incapacitating,UNSAFE SPEED,E ROBINSON & N OLD SR37 RD,39.24629637,-86.49941683
902171239,2022,1,3,500,Weekday,1-Car,No injury/unknown,RAN OFF ROAD RIGHT,SHILO RD & TUNNEL,39.246208,-86.431904
902165863,2022,1,3,1000,Weekday,1-Car,No injury/unknown,RAN OFF ROAD RIGHT,N RED HILL RD & W STATE 46,39.245744,-86.636896
902221446,2022,4,2,1700,Weekday,2-Car,No injury/unknown,FAILURE TO YIELD RIGHT OF WAY,REDHILL & SR46W,39.24573911,-86.6367148
902211571,2022,4,3,1400,Weekday,2-Car,No injury/unknown,IMPROPER TURNING,RED HILL & SR46W,39.24570968,-86.63679967
902165513,2022,1,5,2000,Weekday,1-Car,No injury/unknown,OVERCORRECTING/OVERSTEERING,N MATTHEWS DR & W MAPLE GROVE,39.245408,-86.6204
902233545,2022,5,7,1400,Weekend,2-Car,No injury/unknown,UNSAFE BACKING,MAPLE GROVE RD,39.244848,-86.60839618
902157433,2022,1,4,1600,Weekday,1-Car,No injury/unknown,RAN OFF ROAD RIGHT,N UNION VALLEY RD & W MAPLE GROVE,39.244752,-86.5928
902285273,2022,8,1,600,Weekend,1-Car,No injury/unknown,RAN OFF ROAD RIGHT,UNION VALLEY RD & W MAPLE GROVE RD,39.244752,-86.5928
902302248,2022,9,2,1600,Weekday,2-Car,No injury/unknown,RAN OFF ROAD RIGHT,MATTEWS & SR46W,39.2437706,-86.6211142
902290748,2022,9,2,1200,Weekday,Moped/Motorcycle,Non-incapacitating,RAN OFF ROAD RIGHT,N PATHWAYS & SR45E,39.24370956,-86.38459777
902303791,2022,9,7,700,Weekend,Moped/Motorcycle,Non-incapacitating,RAN OFF ROAD RIGHT,N PATHWAYS & SR45E,39.24370956,-86.38454594
902307458,2022,10,4,2000,Weekday,2-Car,Incapacitating,LEFT OF CENTER,OLD 37 & ROBINSON RD,39.24355713,-86.49343967
902325166,2022,10,6,2300,Weekend,1-Car,Incapacitating,RAN OFF ROAD RIGHT,MAPLE GROVE & UNION VALLEY,39.24310411,-86.59278706
902200838,2022,3,3,1400,Weekday,2-Car,No injury/unknown,IMPROPER TURNING,N MATHEWS DR,39.242544,-86.622304
902278224,2022,8,7,1500,Weekend,1-Car,No injury/unknown,RAN OFF ROAD RIGHT,COUNTY LINE & WEST REEVES RD,39.24172799,-86.68436718
902337442,2022,11,3,1000,Weekday,2-Car,No injury/unknown,RAN OFF ROAD RIGHT,N TUNNEL,39.24108891,-86.43607295
902192600,2022,2,2,1500,Weekday,2-Car,No injury/unknown,OTHER (DRIVER) - EXPLAIN IN NARRATIVE,1 & TEMPERANCE ST,39.24106979,-86.63207244
902184170,2022,2,5,700,Weekday,1-Car,No injury/unknown,ANIMAL/OBJECT IN ROADWAY,SR37N & WYLIE,39.24082118,-86.5226593
902319846,2022,10,5,1300,Weekday,2-Car,No injury/unknown,OTHER (DRIVER) - EXPLAIN IN NARRATIVE,NEHRT & ROBINSON,39.24065016,-86.4434028
902252986,2022,6,7,1200,Weekend,2-Car,No injury/unknown,BRAKE FAILURE OR DEFECTIVE,NEHRT & ROBINSON RD,39.24065016,-86.44322991
902281910,2022,8,2,1100,Weekday,1-Car,Incapacitating,SPEED TOO FAST FOR WEATHER CONDITIONS,E ROBINSON RD & NEHRT,39.24065016,-86.44321262
902345904,2022,12,3,800,Weekday,1-Car,No injury/unknown,ANIMAL/OBJECT IN ROADWAY,E ROBINSON & N OLD STATE RD 37,39.24028002,-86.49909698
902262743,2022,7,7,1100,Weekend,1-Car,Non-incapacitating,RAN OFF ROAD RIGHT,N RICHARDSON & SR45E,39.23984,-86.387696
902188890,2022,2,4,800,Weekday,1-Car,No injury/unknown,RAN OFF ROAD RIGHT,EAST DOLEN & OLD IN 37 HWY,39.23947404,-86.49948975
902279600,2022,8,3,2100,Weekday,2-Car,No injury/unknown,FOLLOWING TOO CLOSELY,MAIN ST & TEMPERANCE,39.238848,-86.630096
902294069,2022,9,3,1200,Weekday,2-Car,No injury/unknown,LEFT OF CENTER,MCNEELY & RIDGEWAY DR,39.23765011,-86.60691976
902322127,2022,10,2,1700,Weekday,2-Car,No injury/unknown,FAILURE TO YIELD RIGHT OF WAY,POPLAR & SR46W,39.23763013,-86.62949361
902157851,2022,1,7,2000,Weekend,1-Car,No injury/unknown,SPEED TOO FAST FOR WEATHER CONDITIONS,N UNION VALLEY & W MCNEELY ST,39.23749936,-86.59283608
902358233,2022,12,7,1700,Weekend,2-Car,No injury/unknown,FOLLOWING TOO CLOSELY,POPLAR & SR46W,39.23736097,-86.62936048
902157554,2022,1,7,400,Weekend,1-Car,No injury/unknown,RAN OFF ROAD RIGHT,LENTZ RD & NEHRT,39.23712,-86.463408
902214327,2022,4,2,1800,Weekday,2-Car,No injury/unknown,UNSAFE BACKING,W REEVES RD,39.23645501,-86.67777494
902298012,2022,9,2,1500,Weekday,2-Car,No injury/unknown,OTHER (DRIVER) - EXPLAIN IN NARRATIVE,EDGEWOOD DR,39.2364,-86.631248
902310369,2022,10,1,1400,Weekend,Moped/Motorcycle,No injury/unknown,RAN OFF ROAD RIGHT,EDGEWOOD  PARKING LOT DR,39.2364,-86.631248
902163797,2022,1,6,1400,Weekday,2-Car,No injury/unknown,ROADWAY SURFACE CONDITION,EDGEWOOD & EDGEWOOD DR,39.236288,-86.628336
902206419,2022,3,5,700,Weekday,1-Car,No injury/unknown,RAN OFF ROAD RIGHT,DELAP & MATHEWS DR,39.23613303,-86.6206701
902194207,2022,2,6,2300,Weekend,2-Car,Non-incapacitating,DISREGARD SIGNAL/REG SIGN,MAIN ST & MATTHEWS,39.236096,-86.625168
902184171,2022,2,5,1400,Weekday,1-Car,Non-incapacitating,RAN OFF ROAD RIGHT,ROBINSON & TUNNEL RD,39.235147,-86.436288
902236160,2022,5,3,1500,Weekday,2-Car,Non-incapacitating,FOLLOWING TOO CLOSELY,CHANDLER & SR46W,39.23506165,-86.61779785
902246810,2022,6,1,2200,Weekday,1-Car,No injury/unknown,UNSAFE BACKING,MATTHEWS & SR46W,39.23496393,-86.62663149
902355626,2022,12,4,0,Weekday,2-Car,No injury/unknown,UNSAFE LANE MOVEMENT,MATTHEWS & SR46E,39.23496393,-86.62663149
902156848,2022,1,6,700,Weekday,2-Car,No injury/unknown,UNSAFE BACKING,ASSOCIATION ST & SALE,39.23489967,-86.62821765
902154812,2022,1,3,1300,Weekday,3+ Cars,No injury/unknown,ROADWAY SURFACE CONDITION,MATTHEWS & SR46W,39.234768,-86.626384
902277860,2022,8,6,1300,Weekday,2-Car,No injury/unknown,OTHER (ENVIRONMENTAL) - EXPLAIN IN NARR,MATTHEWS & SR46W,39.234768,-86.626384
902339075,2022,11,5,1100,Weekday,2-Car,No injury/unknown,FOLLOWING TOO CLOSELY,MATTHEWS & SR46W,39.234768,-86.626384
902196443,2022,3,1,1600,Weekend,1-Car,No injury/unknown,SPEED TOO FAST FOR WEATHER CONDITIONS,SR37S,39.23438854,-86.5415463
902234973,2022,5,5,2000,Weekday,2-Car,No injury/unknown,UNSAFE SPEED,ASSOCIATION & CHERRY ST,39.23418,-86.62702019