Master Record Number,Year,Month,Day,Hour,Weekend,Collision Type,Injury Type,Primary Factor,Reported_Location,Latitude,Longitude
902357529,2022,12,4,1600,Weekday,2-Car,No injury/unknown,UNSAFE BACKING,WEST TEMPERANCE,39.23403394,-86.62519693
902345199,2022,11,4,900,Weekday,2-Car,No injury/unknown,UNSAFE LANE MOVEMENT,KELLI & SR46W,39.23389053,-86.61813355
902160492,2022,1,4,1400,Weekday,2-Car,No injury/unknown,FAILURE TO YIELD RIGHT OF WAY,N SALE & SR46E,39.23384,-86.624704
902182234,2022,2,3,1700,Weekday,2-Car,No injury/unknown,ROADWAY SURFACE CONDITION,S SALE & SR46W,39.23384,-86.624704
902234715,2022,5,3,1900,Weekday,2-Car,No injury/unknown,FOLLOWING TOO CLOSELY,SALE & SR46W,39.23384,-86.624704
902270822,2022,7,6,1700,Weekday,2-Car,No injury/unknown,IMPROPER TURNING,SALE & SR46W,39.23384,-86.624704
902272315,2022,7,7,1100,Weekend,2-Car,No injury/unknown,IMPROPER TURNING,NORTH SALE & SR46W,39.23384,-86.624704
902278901,2022,8,2,1300,Weekday,Moped/Motorcycle,No injury/unknown,FAILURE TO YIELD RIGHT OF WAY,SALE & SR46W,39.23384,-86.624704
902278902,2022,8,2,700,Weekday,2-Car,No injury/unknown,FAILURE TO YIELD RIGHT OF WAY,SALE & SR46W,39.23384,-86.624704
902324786,2022,10,6,900,Weekday,2-Car,No injury/unknown,IMPROPER TURNING,SALE & SR46E,39.23384,-86.624704
902296161,2022,9,7,1300,Weekend,2-Car,Non-incapacitating,IMPROPER LANE USAGE,NORTH SALE & SR46W,39.23384,-86.624704
902317969,2022,10,2,1600,Weekday,2-Car,No injury/unknown,DRIVER DISTRACTED - EXPLAIN IN NARRATIVE,46 & SALE,39.23384,-86.624704
902359596,2022,12,6,1400,Weekday,2-Car,No injury/unknown,OTHER (ENVIRONMENTAL) - EXPLAIN IN NARR,SALE & SR46W,39.23384,-86.624704
902185945,2022,2,6,1700,Weekday,1-Car,No injury/unknown,SPEED TOO FAST FOR WEATHER CONDITIONS,BOTTOM & SR37,39.2338145,-86.54121076
902235571,2022,5,7,1000,Weekend,1-Car,No injury/unknown,RAN OFF ROAD RIGHT,FIFTH & SR46W,39.23377991,-86.62393951
902361543,2022,12,6,800,Weekday,1-Car,No injury/unknown,RAN OFF ROAD RIGHT,SR37N & SR46W,39.2336077,-86.62436717
902289737,2022,8,6,600,Weekday,Pedestrian,Fatal,PEDESTRIAN ACTION,FITH & SR46E,39.23343737,-86.62428439
902304389,2022,9,1,2300,Weekday,2-Car,No injury/unknown,OTHER (DRIVER) - EXPLAIN IN NARRATIVE,ASSOCIATION & SALE ST,39.23320997,-86.62542404
902312181,2022,10,6,1400,Weekday,2-Car,No injury/unknown,FAILURE TO YIELD RIGHT OF WAY,ASSOCIATION ST & SALE,39.233056,-86.6256
902312014,2022,10,7,1300,Weekend,2-Car,No injury/unknown,UNSAFE BACKING,N TUNNEL RD,39.2326889,-86.43321991
902216812,2022,4,1,1200,Weekend,2-Car,No injury/unknown,FOLLOWING TOO CLOSELY,SR37S & SR45W,39.232688,-86.623056
902241586,2022,5,6,1900,Weekend,2-Car,No injury/unknown,FOLLOWING TOO CLOSELY,SR37S & SR45W,39.232688,-86.623056
902178198,2022,2,5,1200,Weekday,2-Car,No injury/unknown,FOLLOWING TOO CLOSELY,N WALNUT ST,39.232544,-86.540704
902213111,2022,4,6,1600,Weekday,2-Car,No injury/unknown,UNSAFE BACKING,N WALNUT ST,39.232544,-86.540704
902275546,2022,8,3,0,Weekday,2-Car,No injury/unknown,UNSAFE BACKING,N WALNUT ST,39.232544,-86.540704
902322265,2022,10,2,1800,Weekday,2-Car,No injury/unknown,DRIVER DISTRACTED - EXPLAIN IN NARRATIVE,N WALNUT,39.232544,-86.540704
902188762,2022,2,3,700,Weekday,1-Car,No injury/unknown,SPEED TOO FAST FOR WEATHER CONDITIONS,OAK & SALE ST,39.232512,-86.626224
902321500,2022,10,7,1500,Weekend,3+ Cars,Incapacitating,UNSAFE LANE MOVEMENT,2ND & SR46W,39.23220279,-86.62237172
902179380,2022,2,4,1400,Weekday,1-Car,No injury/unknown,RAN OFF ROAD RIGHT,N OLD STATE ROAD 37 RD & OLD MEYERS,39.23183978,-86.50635973
902335278,2022,11,7,1900,Weekend,1-Car,No injury/unknown,LEFT OF CENTER,E OLD MEYERS & N OLD SR 37,39.23183978,-86.50637703
902225333,2022,4,3,2000,Weekday,1-Car,No injury/unknown,RAN OFF ROAD RIGHT,DAISY & WILDFLOWER DR,39.23175998,-86.60598321
902350894,2022,12,3,1800,Weekday,2-Car,No injury/unknown,FAILURE TO YIELD RIGHT OF WAY,1ST & VINE,39.231744,-86.620992
902171446,2022,1,2,900,Weekday,2-Car,No injury/unknown,ROADWAY SURFACE CONDITION,FENCELINE RD & GILMORE,39.231696,-86.67408
902180200,2022,2,7,1400,Weekend,1-Car,No injury/unknown,ROADWAY SURFACE CONDITION,FENCE LINE & GILMORE RD,39.23165962,-86.67299813
902199732,2022,3,7,2200,Weekend,1-Car,No injury/unknown,RAN OFF ROAD RIGHT,N FLOYD & SR45E,39.23162842,-86.42171782
902209886,2022,3,6,2100,Weekend,1-Car,No injury/unknown,ANIMAL/OBJECT IN ROADWAY,SHUFFLE CREEK & SR45E,39.23137841,-86.41023212
902350893,2022,11,3,1500,Weekday,3+ Cars,No injury/unknown,TIRE FAILURE OR DEFECTIVE,W REEVES,39.2313605,-86.64098947
902169363,2022,1,6,2000,Weekend,1-Car,No injury/unknown,RAN OFF ROAD RIGHT,N LOUDEN & W REEVES RD,39.231344,-86.640096
902228973,2022,5,3,800,Weekday,2-Car,Non-incapacitating,OTHER (DRIVER) - EXPLAIN IN NARRATIVE,REEVES RD,39.23131742,-86.64016574
902226961,2022,5,6,2200,Weekend,1-Car,No injury/unknown,ANIMAL/OBJECT IN ROADWAY,N UNION VALLEY RD & W TANGLEWOOD,39.23120007,-86.59276977
902357358,2022,12,6,600,Weekday,2-Car,No injury/unknown,DRIVER ASLEEP OR FATIGUED,SALE & THOMAS,39.231152,-86.6308
902188763,2022,2,3,700,Weekday,1-Car,Non-incapacitating,SPEED TOO FAST FOR WEATHER CONDITIONS,REEVES & THOMAS RD,39.2310157,-86.63077848
902324787,2022,10,6,1000,Weekday,2-Car,No injury/unknown,IMPROPER TURNING,1ST & SR46E,39.230884,-86.62051411
902162324,2022,1,5,1000,Weekday,1-Car,No injury/unknown,SPEED TOO FAST FOR WEATHER CONDITIONS,BOTTOM & SR37,39.23043218,-86.54352292
902160757,2022,1,5,900,Weekday,1-Car,No injury/unknown,SPEED TOO FAST FOR WEATHER CONDITIONS,BOTTOM & SR37,39.23041474,-86.54353454
902162713,2022,1,5,2100,Weekday,1-Car,No injury/unknown,RAN OFF ROAD RIGHT,E BOLTINGHOUSE RD & E EARL YOUNG,39.23031025,-86.47342319
902248941,2022,6,4,1300,Weekday,2-Car,No injury/unknown,UNSAFE BACKING,BOLTINGHOUSE RD & EARL YOUNG,39.23031025,-86.4733886
902312667,2022,10,1,1400,Weekend,2-Car,No injury/unknown,UNSAFE BACKING,W SUSAN DR,39.229952,-86.636784
902357530,2022,12,7,900,Weekend,2-Car,No injury/unknown,SPEED TOO FAST FOR WEATHER CONDITIONS,HARTSTRAIT & SR46W,39.22766271,-86.61593307
902272316,2022,7,2,1400,Weekday,1-Car,Non-incapacitating,DRIVER ILLNESS,HARTSTRAIT & SR46W,39.22766271,-86.61603701
902262491,2022,7,4,900,Weekday,2-Car,No injury/unknown,DRIVER DISTRACTED - EXPLAIN IN NARRATIVE,HARTSTRAIT & SR46W,39.22766271,-86.61593307
902300080,2022,9,6,2100,Weekend,2-Car,No injury/unknown,DRIVER DISTRACTED - EXPLAIN IN NARRATIVE,HARTSTRAIT RD & SR46W,39.22766271,-86.61593307
902304056,2022,9,7,400,Weekend,1-Car,Non-incapacitating,UNSAFE SPEED,HART STRAIT & SR46W,39.22766271,-86.61588976
902362485,2022,12,3,700,Weekday,2-Car,No injury/unknown,FAILURE TO YIELD RIGHT OF WAY,PARK & SR46E,39.22729874,-86.61971283
902349109,2022,12,1,1800,Weekend,1-Car,No injury/unknown,UNSAFE SPEED,PARK & SR46W,39.22729874,-86.61971673
902173141,2022,1,5,900,Weekday,1-Car,No injury/unknown,OTHER (DRIVER) - EXPLAIN IN NARRATIVE,PARK & SR46W,39.22729874,-86.61971282
902320701,2022,10,6,1800,Weekday,Cyclist,Incapacitating,PEDESTRIAN ACTION,PARK & SR46W,39.22729874,-86.61971282
902334935,2022,11,2,1900,Weekday,1-Car,No injury/unknown,RAN OFF ROAD RIGHT,RUSSELL & SERENDIPITY,39.22679008,-86.48208976
902350318,2022,12,5,600,Weekday,1-Car,No injury/unknown,ANIMAL/OBJECT IN ROADWAY,E MOFFETT & S FAIRFAX,39.22659367,-86.51785031
902271350,2022,7,1,1200,Weekend,1-Car,Non-incapacitating,RAN OFF ROAD RIGHT,EARL YOUN & SR45E,39.22644043,-86.45610402
902328666,2022,11,5,1100,Weekday,1-Car,No injury/unknown,SPEED TOO FAST FOR WEATHER CONDITIONS,N DUNN & SR37N,39.22595786,-86.5283432
902184822,2022,2,6,1400,Weekday,2-Car,No injury/unknown,LEFT OF CENTER,ENDWRIGHT RD & SR46W,39.22552665,-86.61279402
902251817,2022,6,2,900,Weekday,1-Car,No injury/unknown,UNSAFE SPEED,SR45 & TUNNEL,39.22520774,-86.4402747
902253566,2022,6,6,700,Weekday,1-Car,No injury/unknown,ANIMAL/OBJECT IN ROADWAY,BOTTOM & SR37,39.22494974,-86.54723454
902329037,2022,11,5,1600,Weekday,3+ Cars,Non-incapacitating,FOLLOWING TOO CLOSELY,N CURRY & W PROFILE,39.22484228,-86.58297971
902260637,2022,7,7,400,Weekend,1-Car,No injury/unknown,UNSAFE SPEED,EAST STONE MILL & EAST WISNAND RD,39.22464,-86.539392
902352112,2022,12,5,1600,Weekday,2-Car,No injury/unknown,UNSAFE BACKING,N CAPITAL,39.22454453,-86.60807037
902302658,2022,9,4,1700,Weekday,2-Car,No injury/unknown,FAILURE TO YIELD RIGHT OF WAY,ENDWRIGHT & SR46W,39.22432949,-86.6109368
902295674,2022,9,5,1400,Weekday,2-Car,No injury/unknown,IMPROPER TURNING,ENDWRIGHT & SR46W,39.22432949,-86.61093594
902162359,2022,1,5,1000,Weekday,1-Car,No injury/unknown,SPEED TOO FAST FOR WEATHER CONDITIONS,KINSER & SR37S,39.22374792,-86.54805129
902162394,2022,1,5,1100,Weekday,1-Car,No injury/unknown,SPEED TOO FAST FOR WEATHER CONDITIONS,KINSER & SR37S,39.22374792,-86.54805129
902321315,2022,10,6,100,Weekday,1-Car,No injury/unknown,ANIMAL/OBJECT IN ROADWAY,CAPITOL & SR46W,39.22319366,-86.60907799
902258302,2022,6,7,1500,Weekend,2-Car,No injury/unknown,DRIVER DISTRACTED - EXPLAIN IN NARRATIVE,LOST MANS & UNION VALELY RD,39.222848,-86.592704
902255076,2022,6,4,1200,Weekday,2-Car,No injury/unknown,FAILURE TO YIELD RIGHT OF WAY,N KINSER PIKE,39.222752,-86.550096
902277228,2022,8,6,700,Weekday,1-Car,No injury/unknown,RAN OFF ROAD RIGHT,E WHISNAND RD & N OLD STATE ROAD 37 RD,39.222544,-86.5172
902354504,2022,12,1,1900,Weekday,1-Car,No injury/unknown,ANIMAL/OBJECT IN ROADWAY,E WHISNAND & N OLD STATE ROAD 37 BUSINESS,39.222544,-86.5172
902340471,2022,11,7,900,Weekend,1-Car,No injury/unknown,RAN OFF ROAD RIGHT,E WHISNAND & N OLD STATE RD 37,39.222544,-86.5172
902299271,2022,9,4,1700,Weekday,2-Car,No injury/unknown,FAILURE TO YIELD RIGHT OF WAY,E PRAIRIE & N OLD 37 RD,39.22223009,-86.51723004
902268774,2022,7,2,1600,Weekday,1-Car,Incapacitating,RAN OFF ROAD RIGHT,COX & SR45E,39.22185242,-86.44175194
902212107,2022,4,4,100,Weekday,2-Car,Non-incapacitating,FAILURE TO YIELD RIGHT OF WAY,N KINSER & SR37N,39.221248,-86.55
902315862,2022,10,6,1200,Weekday,1-Car,No injury/unknown,RAN OFF ROAD RIGHT,KINSER & SR37N,39.221248,-86.55
902291137,2022,8,4,1700,Weekday,2-Car,No injury/unknown,OTHER (DRIVER) - EXPLAIN IN NARRATIVE,LAKE VIEW & SR46W,39.22104407,-86.60525565
902218971,2022,4,4,1600,Weekday,2-Car,Non-incapacitating,FAILURE TO YIELD RIGHT OF WAY,LAKEVIEW DR & SR46W,39.22059296,-86.60482208
902361649,2022,12,5,1700,Weekday,2-Car,No injury/unknown,UNSAFE BACKING,LOUDEN,39.22057343,-86.63783264
902344820,2022,11,7,1900,Weekend,1-Car,No injury/unknown,ANIMAL/OBJECT IN ROADWAY,BRUMMETS CREEK & SR46E,39.22039032,-86.41103924
902287879,2022,8,5,1100,Weekday,Moped/Motorcycle,Non-incapacitating,OVERCORRECTING/OVERSTEERING,BRUMMETS CREEK & SR46E,39.22039032,-86.41105651
902295918,2022,9,5,2000,Weekday,Moped/Motorcycle,Non-incapacitating,RAN OFF ROAD RIGHT,N BRUMMETTS CREEK & SR46E,39.22039032,-86.41101331
902353233,2022,12,7,900,Weekend,1-Car,No injury/unknown,RAN OFF ROAD RIGHT,WHITE RIVER,39.21957779,-86.58625793
902150500,2022,1,5,600,Weekday,1-Car,No injury/unknown,SPEED TOO FAST FOR WEATHER CONDITIONS,EARL YOUNG & SR45E,39.21939124,-86.44866348
902158097,2022,1,7,2200,Weekend,1-Car,No injury/unknown,ROADWAY SURFACE CONDITION,SR45E,39.21936967,-86.44920774
902168455,2022,1,6,1500,Weekday,3+ Cars,Non-incapacitating,RAN OFF ROAD RIGHT,SR45E,39.21936967,-86.44920774
902249132,2022,6,6,1600,Weekday,2-Car,No injury/unknown,FAILURE TO YIELD RIGHT OF WAY,EAST STATE ROAD 45 RD,39.21936967,-86.44920774
902359727,2022,12,1,1800,Weekend,1-Car,No injury/unknown,OTHER (VEHICLE) - EXPLAIN IN NARRATIVE,E STATE ROAD 45,39.21936967,-86.44920774
902161877,2022,1,5,300,Weekday,1-Car,No injury/unknown,RAN OFF ROAD RIGHT,MEADOWVALE & UNION VALLEY RD,39.21919638,-86.59272015
902151548,2022,1,6,800,Weekday,2-Car,Non-incapacitating,FOLLOWING TOO CLOSELY,LOVE & SR46W,39.219152,-86.602304
902183133,2022,2,4,800,Weekday,2-Car,No injury/unknown,UNSAFE LANE MOVEMENT,LOVE & SR46E,39.219152,-86.602304
902302980,2022,9,5,2000,Weekday,2-Car,Non-incapacitating,FAILURE TO YIELD RIGHT OF WAY,LOVE & SR46W,39.219152,-86.602304
902300079,2022,9,6,1800,Weekday,2-Car,Non-incapacitating,FAILURE TO YIELD RIGHT OF WAY,LOVE & SR46W,39.21906886,-86.60216349
902236159,2022,5,1,1900,Weekday,2-Car,No injury/unknown,FAILURE TO YIELD RIGHT OF WAY,LOVE & SR46W,39.21865316,-86.60146093
902295822,2022,9,6,1500,Weekday,2-Car,Non-incapacitating,FOLLOWING TOO CLOSELY,N UNION VALLEY RD & N WILLOW,39.21811022,-86.59268997
902356711,2022,12,5,1900,Weekday,1-Car,Incapacitating,RAN OFF ROAD RIGHT,OLD STATE ROAD 45 & S GARRISON CHAPEL,39.21798365,-86.63822986
902185561,2022,2,1,0,Weekend,2-Car,No injury/unknown,FAILURE TO YIELD RIGHT OF WAY,RIDGEWOOD & SR46W,39.217248,-86.598992
902335352,2022,11,7,2300,Weekend,1-Car,No injury/unknown,ANIMAL/OBJECT IN ROADWAY,RIDGEWOOD & SR46W,39.217248,-86.598992
902305364,2022,9,3,800,Weekday,2-Car,No injury/unknown,OTHER (DRIVER) - EXPLAIN IN NARRATIVE,EAST THIRD & PETE ELLIS DR,39.21708157,-86.49495966
902326959,2022,11,7,2000,Weekend,2-Car,No injury/unknown,UNSAFE BACKING,HARTSTRAIT,39.21697617,-86.61425018
902199367,2022,3,7,2000,Weekend,1-Car,No injury/unknown,RAN OFF ROAD RIGHT,RATLIFF & STARNES RD,39.2168697,-86.65871992
902289562,2022,9,2,1400,Weekday,3+ Cars,Incapacitating,FAILURE TO YIELD RIGHT OF WAY,BRIARGATE & SR46W,39.21672753,86.59636259
902243749,2022,6,3,1600,Weekday,2-Car,Non-incapacitating,FAILURE TO YIELD RIGHT OF WAY,BRIAR GATE & SR46W,39.21658609,-86.59639092
902274657,2022,8,1,1300,Weekend,2-Car,No injury/unknown,UNSAFE BACKING,W RICHLAND PLAZA DR,39.21655923,-86.59484311
902164442,2022,1,2,1800,Weekday,2-Car,No injury/unknown,HEADLIGHT DEFECTIVE OR NOT ON,RICHLAND PLAZA DRIVE & SR46W,39.21649933,-86.59526824
902230573,2022,5,4,1300,Weekday,2-Car,No injury/unknown,OTHER (DRIVER) - EXPLAIN IN NARRATIVE,KINSER & SR37S,39.21631855,-86.55303465
902168056,2022,1,5,1300,Weekday,2-Car,No injury/unknown,UNSAFE BACKING,FOSTER NORTH DR & LAW,39.21589772,-86.51666007
902342037,2022,11,2,1700,Weekday,1-Car,Non-incapacitating,RAN OFF ROAD RIGHT,N RIDGEWOOD & W DUNLEIGH,39.21546406,-86.59900188
902298055,2022,9,1,1400,Weekend,3+ Cars,Non-incapacitating,FOLLOWING TOO CLOSELY,NORTH STATE ROAD 37 BUSINESS RD & W BAYLES,39.21544,-86.541904
902249864,2022,6,7,2000,Weekend,2-Car,No injury/unknown,FAILURE TO YIELD RIGHT OF WAY,SR46 & UNION VALLEY,39.21535861,-86.59301239
902225851,2022,4,4,1200,Weekday,2-Car,Non-incapacitating,FOLLOWING TOO CLOSELY,OUTBACK & W SR46 RD,39.215356,-86.59301519
902327093,2022,11,3,700,Weekday,2-Car,No injury/unknown,FAILURE TO YIELD RIGHT OF WAY,1655 E BETHEL LANE & N CHRISTINAN LANE,39.21534922,-86.51890542
902190209,2022,2,6,700,Weekday,1-Car,No injury/unknown,RAN OFF ROAD RIGHT,BETHAL LANE LN & OLD STATE ROAD 37,39.215344,-86.521392
902287498,2022,8,4,300,Weekday,1-Car,Non-incapacitating,RAN OFF ROAD RIGHT,EAST BETHEL & NORTH OLD STATE ROAD 37 RD,39.215344,-86.521392
902212031,2022,4,3,2100,Weekday,1-Car,No injury/unknown,RAN OFF ROAD RIGHT,RATLIFF RD & THOMAS,39.21520002,-86.63036656
902179356,2022,1,4,2000,Weekday,1-Car,No injury/unknown,UNSAFE BACKING,RATLIFF & THOMAS RD,39.21520002,-86.63040988
902290243,2022,9,3,700,Weekday,1-Car,No injury/unknown,ANIMAL/OBJECT IN ROADWAY,RATLIFF & THOMAS,39.21519851,-86.63028201
902187818,2022,2,5,1900,Weekday,3+ Cars,No injury/unknown,FAILURE TO YIELD RIGHT OF WAY,SR46W & UNION VALLEY,39.215152,-86.5928
902188764,2022,2,4,800,Weekday,2-Car,No injury/unknown,FOLLOWING TOO CLOSELY,SR46W & UNION VALLEY RD,39.215152,-86.5928
902231936,2022,5,2,700,Weekday,1-Car,No injury/unknown,INSECURE/LEAKY LOAD,SR46W & UNION VALLEY,39.215152,-86.5928
902237697,2022,5,6,1200,Weekday,2-Car,No injury/unknown,DISREGARD SIGNAL/REG SIGN,SR46W & UNION VALLEY,39.215152,-86.5928
902274472,2022,8,7,2100,Weekend,2-Car,Non-incapacitating,FAILURE TO YIELD RIGHT OF WAY,N UNION VALLEY & SR46W,39.215152,-86.5928
902300260,2022,9,6,1800,Weekday,2-Car,No injury/unknown,DISREGARD SIGNAL/REG SIGN,SR46W & UNION VALLEY,39.215152,-86.5928
902316226,2022,10,6,1600,Weekday,2-Car,No injury/unknown,FAILURE TO YIELD RIGHT OF WAY,UNION VALLEY,39.215152,-86.5928
902349091,2022,12,5,1700,Weekday,2-Car,No injury/unknown,SPEED TOO FAST FOR WEATHER CONDITIONS,SR46W & UNION VALLEY,39.21502809,-86.59263479
902157927,2022,1,1,800,Weekend,1-Car,No injury/unknown,RAN OFF ROAD RIGHT,BETHEL LN & HINKLE,39.21498039,-86.50992329
902196139,2022,3,2,1500,Weekday,1-Car,No injury/unknown,SPEED TOO FAST FOR WEATHER CONDITIONS,BETHEL LN & STIDD,39.21489023,-86.47757324
902157108,2022,1,6,800,Weekday,1-Car,No injury/unknown,RAN OFF ROAD RIGHT,BETHEL LN & BOLTINGHOUSE,39.21475201,-86.47642662
902294296,2022,8,5,100,Weekday,1-Car,No injury/unknown,RAN OFF ROAD RIGHT,BETHEL LN & STIDD,39.214752,-86.477504
902308420,2022,10,6,2200,Weekend,1-Car,No injury/unknown,TIRE FAILURE OR DEFECTIVE,BETHEL LANE RD & STIDD,39.214752,-86.477504
902356715,2022,12,5,1900,Weekday,2-Car,No injury/unknown,FOLLOWING TOO CLOSELY,OUTBACK & SR46W,39.21467972,-86.59262848
902340020,2022,11,6,1200,Weekday,2-Car,No injury/unknown,FOLLOWING TOO CLOSELY,OUTBACK & SR46W,39.21467972,-86.59262848
902265678,2022,7,4,300,Weekday,1-Car,No injury/unknown,RAN OFF ROAD RIGHT,BETHEL LN & ROBS,39.21443306,-86.46693265
902328628,2022,11,7,1100,Weekend,3+ Cars,Non-incapacitating,IMPROPER LANE USAGE,SR46W & UNION VALLEY,39.21421656,-86.59150766
902175132,2022,1,6,2300,Weekend,2-Car,No injury/unknown,DRIVER DISTRACTED - EXPLAIN IN NARRATIVE,DEER PARK & SR46W,39.21333946,-86.59028505
902347905,2022,12,5,1700,Weekday,2-Car,No injury/unknown,UNSAFE LANE MOVEMENT,SR46W & UNION VALLEY,39.21328558,-86.59020994
902154564,2022,1,1,1600,Weekend,1-Car,No injury/unknown,RAN OFF ROAD RIGHT,E BETHEL LN & N BAUGH,39.21303011,-86.48669856
902218983,2022,4,4,1700,Weekday,Moped/Motorcycle,No injury/unknown,UNSAFE BACKING,BAUGH & E BETHEL LN,39.212944,-86.486896
902328513,2022,11,5,800,Weekday,1-Car,No injury/unknown,RAN OFF ROAD RIGHT,3895 E BETHEL LANE & N BAUGH,39.212944,-86.486896
902217119,2022,4,1,1400,Weekend,2-Car,No injury/unknown,UNSAFE SPEED,BAUGH & BETHEL LN,39.21275323,-86.49217108
902160515,2022,1,4,1500,Weekday,2-Car,No injury/unknown,FAILURE TO YIELD RIGHT OF WAY,FOREST PARK & SR46W,39.21257534,-86.58882993
902289610,2022,9,2,1100,Weekday,2-Car,No injury/unknown,FAILURE TO YIELD RIGHT OF WAY,DEER PARK & SR46W,39.21257534,-86.58882993
902265061,2022,7,2,1200,Weekday,2-Car,Incapacitating,FOLLOWING TOO CLOSELY,OUTBACK & SR46W,39.2125206,-86.59179687
902274911,2022,7,4,1400,Weekday,1-Car,Non-incapacitating,DRIVER ILLNESS,S KIRBY RD,39.21230051,-86.61009216
902272311,2022,7,3,1300,Weekday,2-Car,No injury/unknown,FAILURE TO YIELD RIGHT OF WAY,FORREST PARK & SR46W,39.21206673,-86.58700874
902266182,2022,7,4,900,Weekday,1-Car,Non-incapacitating,RAN OFF ROAD RIGHT,DIAMOND & RATLIFF RD,39.2120519,-86.62404763
902156794,2022,1,5,800,Weekday,1-Car,No injury/unknown,RAN OFF ROAD RIGHT,FORREST PARK DR & SR46W,39.212048,-86.5872
902190853,2022,2,6,300,Weekday,2-Car,No injury/unknown,ROADWAY SURFACE CONDITION,DEER PARK & SR46W,39.212048,-86.5872
902212240,2022,4,5,800,Weekday,2-Car,No injury/unknown,FAILURE TO YIELD RIGHT OF WAY,DEER PARK & SR46W,39.212048,-86.5872
902300042,2022,9,7,1100,Weekend,2-Car,Non-incapacitating,FOLLOWING TOO CLOSELY,DEER PARK & SR46W,39.212048,-86.5872
902334934,2022,11,7,1200,Weekend,2-Car,No injury/unknown,FAILURE TO YIELD RIGHT OF WAY,DEER PARK & SR46W,39.212048,-86.5872
902347024,2022,12,3,2100,Weekday,2-Car,No injury/unknown,UNSAFE LANE MOVEMENT,DEER PARK & SR46W,39.212048,-86.5872
902211570,2022,3,6,1800,Weekday,2-Car,No injury/unknown,FOLLOWING TOO CLOSELY,DEER PARK & SR46W,39.21199392,-86.58703774
902155478,2022,1,7,1700,Weekend,1-Car,No injury/unknown,ROADWAY SURFACE CONDITION,E BETHL LN & N MYERS,39.21184,-86.496096
902228844,2022,5,3,1100,Weekday,Moped/Motorcycle,Incapacitating,OTHER (DRIVER) - EXPLAIN IN NARRATIVE,BETHEL LN & HINKLE,39.21181186,-86.49858633
902163916,2022,1,6,1000,Weekday,2-Car,No injury/unknown,DRIVER DISTRACTED - EXPLAIN IN NARRATIVE,HIGHLAND DR,39.21168518,-86.57872009
902155795,2022,1,5,700,Weekday,1-Car,No injury/unknown,ANIMAL/OBJECT IN ROADWAY,DEER PARK & SR46W,39.21150714,-86.58557742
902344233,2022,11,3,1600,Weekday,2-Car,No injury/unknown,FAILURE TO YIELD RIGHT OF WAY,NORTH DEER PARK & SR46W,39.21150714,-86.58557742
902344643,2022,11,7,2200,Weekend,1-Car,No injury/unknown,ANIMAL/OBJECT IN ROADWAY,SR37S & WINERY,39.21139975,-86.52158356
902183273,2022,2,3,1700,Weekday,2-Car,No injury/unknown,FOLLOWING TOO CLOSELY,N BROOKWOOD DR & W BROOKWOOD,39.211376,-86.598
902183239,2022,2,3,1900,Weekday,2-Car,No injury/unknown,FAILURE TO YIELD RIGHT OF WAY,SMITH PIKE & SR46W,39.2105977,-86.58397619
902264306,2022,7,7,1400,Weekend,Moped/Motorcycle,Non-incapacitating,FAILURE TO YIELD RIGHT OF WAY,FORREST & N SMITH PIKE,39.21033749,-86.58315002
902297522,2022,9,2,1500,Weekday,2-Car,No injury/unknown,FOLLOWING TOO CLOSELY,FOREST PARK & N SMITH PIKE,39.21033749,-86.58315002
902162326,2022,1,5,1000,Weekday,2-Car,Non-incapacitating,DISREGARD SIGNAL/REG SIGN,SMITH & SR46W,39.210144,-86.5832
902182503,2022,2,2,2200,Weekday,2-Car,No injury/unknown,FOLLOWING TOO CLOSELY,N SMITH & SR46W,39.210144,-86.5832
902195073,2022,3,7,1500,Weekend,2-Car,No injury/unknown,FOLLOWING TOO CLOSELY,SMITH & SR46W,39.210144,-86.5832
902243389,2022,5,4,1200,Weekday,2-Car,No injury/unknown,BRAKE FAILURE OR DEFECTIVE,SMITH PIKE & SR46W,39.210144,-86.5832
902262432,2022,7,4,1000,Weekday,3+ Cars,No injury/unknown,FAILURE TO YIELD RIGHT OF WAY,SMITH PIKE & SR46W,39.210144,-86.5832
902279308,2022,8,3,1400,Weekday,3+ Cars,No injury/unknown,BRAKE FAILURE OR DEFECTIVE,SMITH PIKE & SR46W,39.210144,-86.5832
902292153,2022,9,6,1700,Weekday,2-Car,Non-incapacitating,DISREGARD SIGNAL/REG SIGN,N SMITH & SR46W,39.210144,-86.5832
902311808,2022,10,6,1700,Weekday,Bus,No injury/unknown,UNSAFE SPEED,NORTH SMITH PIKE & SR46,39.210144,-86.5832
902171008,2022,1,1,200,Weekend,1-Car,No injury/unknown,RAN OFF ROAD RIGHT,CENTENNIAL DR & STATE ROAD 46,39.20996033,-86.58269003
902206628,2022,3,6,1700,Weekday,2-Car,No injury/unknown,INSECURE/LEAKY LOAD,SMITH PIKE & SR46W,39.20995913,-86.58266093
902171447,2022,1,3,800,Weekday,1-Car,Non-incapacitating,RAN OFF ROAD RIGHT,BETHEL & SR45E,39.209952,-86.463392
902325969,2022,11,7,1400,Weekend,2-Car,No injury/unknown,LEFT OF CENTER,BETHEL & SR45E,39.209952,-86.463392