Master Record Number,Year,Month,Day,Hour,Weekend,Collision Type,Injury Type,Primary Factor,Reported_Location,Latitude,Longitude
902295232,2022,9,2,500,Weekday,2-Car,No injury/unknown,FAILURE TO YIELD RIGHT OF WAY,CURRY PIKE & VERNAL,39.179248,-86.5832
902301912,2022,9,4,700,Weekday,Moped/Motorcycle,Non-incapacitating,FAILURE TO YIELD RIGHT OF WAY,N CURRY & W VERNAL PIKE,39.179248,-86.5832
902306374,2022,9,3,100,Weekday,Moped/Motorcycle,Incapacitating,FAILURE TO YIELD RIGHT OF WAY,N CURRY PIKE & W VERNAL,39.179248,-86.5832
902306680,2022,10,5,900,Weekday,2-Car,No injury/unknown,DISREGARD SIGNAL/REG SIGN,N CURRY PIKE & W VERNAL,39.179248,-86.5832
902328264,2022,11,3,1600,Weekday,2-Car,No injury/unknown,UNSAFE SPEED,N CURRY & W VERNAL,39.179248,-86.5832
902331119,2022,11,2,1200,Weekday,2-Car,No injury/unknown,FAILURE TO YIELD RIGHT OF WAY,CURRY & VERNAL,39.179248,-86.5832
902335992,2022,11,2,800,Weekday,2-Car,No injury/unknown,FOLLOWING TOO CLOSELY,N CURRY & W VERNAL,39.179248,-86.5832
902240450,2022,5,4,1700,Weekday,1-Car,No injury/unknown,UNSAFE BACKING,W VERNAL PIKE,39.179248,-86.58292
902179687,2022,2,6,900,Weekday,2-Car,No injury/unknown,ROADWAY SURFACE CONDITION,ENTERPRISE DR & VERNAL,39.17921014,-86.5680398
902173328,2022,1,5,2100,Weekday,2-Car,No injury/unknown,UNSAFE BACKING,NORTH DUNN ST,39.1791687,-86.52874755
902227967,2022,5,2,1200,Weekday,2-Car,No injury/unknown,UNSAFE BACKING,NORTH DUNN ST,39.1791687,-86.52874755
902284701,2022,8,6,1500,Weekday,2-Car,No injury/unknown,OVERCORRECTING/OVERSTEERING,N JORDAN AVE,39.17912342,-86.511088
902211659,2022,4,3,2100,Weekday,Moped/Motorcycle,Incapacitating,OTHER (DRIVER) - EXPLAIN IN NARRATIVE,N WILLIS & W 17TH STREET ST,39.179104,-86.544016
902156705,2022,1,6,600,Weekday,1-Car,No injury/unknown,RAN OFF ROAD RIGHT,1500 BLK W 17TH ST & LINDBERGH,39.17907838,-86.5527072
902158130,2022,1,1,1800,Weekend,2-Car,No injury/unknown,UNSAFE BACKING,EAST 17TH ST,39.17906329,-86.5209221
902169834,2022,1,1,1700,Weekend,2-Car,No injury/unknown,FOLLOWING TOO CLOSELY,EAST 17TH & WOODLAWN AVE,39.17904828,-86.52361627
902309845,2022,10,3,2000,Weekday,2-Car,No injury/unknown,IMPROPER TURNING,N JORDAN AVE,39.17904473,-86.511088
902185284,2022,2,6,1600,Weekday,Bus,No injury/unknown,FOLLOWING TOO CLOSELY,EAST 17TH ST & WALNUT GROVE,39.17904384,-86.52162423
902280488,2022,8,5,1600,Weekday,2-Car,No injury/unknown,OVERCORRECTING/OVERSTEERING,EAST 17TH & FORREST AVE,39.17904367,-86.52249055
902281042,2022,8,6,1100,Weekday,1-Car,No injury/unknown,OTHER (VEHICLE) - EXPLAIN IN NARRATIVE,W 17TH ST,39.17904,-86.54234296
902162613,2022,1,6,1500,Weekday,3+ Cars,Non-incapacitating,FOLLOWING TOO CLOSELY,17TH ST & WASHINGTON,39.17904,-86.532096
902265819,2022,7,4,900,Weekday,2-Car,No injury/unknown,UNSAFE BACKING,WEST 17TH ST,39.17904,-86.532096
902229853,2022,5,5,2200,Weekday,2-Car,No injury/unknown,UNSAFE BACKING,E 17TH ST,39.17904,-86.5320128
902252448,2022,6,6,200,Weekday,2-Car,No injury/unknown,IMPROPER LANE USAGE,17TH & N LINCOLN ST,39.17904,-86.530848
902286851,2022,8,3,1800,Weekday,2-Car,Non-incapacitating,FOLLOWING TOO CLOSELY,E 17TH ST & N LINCOLN,39.17904,-86.530848
902318779,2022,10,4,1700,Weekday,2-Car,No injury/unknown,FAILURE TO YIELD RIGHT OF WAY,17TH & LINCOLN,39.17904,-86.530848
902184440,2022,2,6,1300,Weekday,2-Car,No injury/unknown,FAILURE TO YIELD RIGHT OF WAY,17TH ST & DUNN,39.17904,-86.5284
902214094,2022,4,2,1300,Weekday,2-Car,No injury/unknown,UNSAFE BACKING,17TH ST & DUNN,39.17904,-86.5284
902218503,2022,4,4,100,Weekday,2-Car,No injury/unknown,UNSAFE LANE MOVEMENT,17TH ST & DUNN,39.17904,-86.5284
902290870,2022,9,4,1200,Weekday,2-Car,No injury/unknown,UNSAFE BACKING,17TH ST & DUNN,39.17904,-86.5284
902308864,2022,10,2,1200,Weekday,2-Car,No injury/unknown,FOLLOWING TOO CLOSELY,17TH ST & DUNN,39.17904,-86.5284
902353127,2022,12,6,2300,Weekend,2-Car,No injury/unknown,UNSAFE BACKING,17TH & DUNN,39.17904,-86.5284
902357584,2022,12,7,700,Weekend,1-Car,No injury/unknown,SPEED TOO FAST FOR WEATHER CONDITIONS,17TH & DUNN,39.17904,-86.5284
902176913,2022,2,3,1600,Weekday,3+ Cars,No injury/unknown,SPEED TOO FAST FOR WEATHER CONDITIONS,EAST 17TH ST & FESS,39.17903427,-86.52602866
902229194,2022,5,4,1600,Weekday,Bus,No injury/unknown,IMPROPER TURNING,EAST 17TH ST & INDIANA,39.17903292,-86.52682473
902334540,2022,11,6,1600,Weekday,Cyclist,Non-incapacitating,IMPROPER TURNING,EAST 17TH & INDIANA,39.17903251,-86.52706252
902332874,2022,11,4,1700,Weekday,2-Car,No injury/unknown,FOLLOWING TOO CLOSELY,EAST 17TH & FEE,39.17902912,-86.5189526
902337916,2022,11,3,2100,Weekday,2-Car,No injury/unknown,DRIVER DISTRACTED - EXPLAIN IN NARRATIVE,EAST 17TH & FEE,39.17902912,-86.5189526
902222076,2022,4,4,800,Weekday,2-Car,No injury/unknown,DRIVER DISTRACTED - EXPLAIN IN NARRATIVE,N JACKSON & W 17TH ST,39.179024,-86.539616
902273650,2022,7,5,1000,Weekday,1-Car,No injury/unknown,RAN OFF ROAD RIGHT,17TH ST & JACKSON,39.179024,-86.539616
902284305,2022,8,3,2100,Weekday,2-Car,No injury/unknown,FAILURE TO YIELD RIGHT OF WAY,17TH ST & JACKSON,39.179024,-86.539616
902291752,2022,9,5,2100,Weekday,Cyclist,Non-incapacitating,FAILURE TO YIELD RIGHT OF WAY,17TH ST & JACKSON,39.179024,-86.539616
902212465,2022,4,5,1600,Weekday,2-Car,No injury/unknown,FOLLOWING TOO CLOSELY,17TH ST & INDIANA,39.179024,-86.5272
902284913,2022,8,7,600,Weekend,1-Car,Non-incapacitating,CELL PHONE USAGE,17TH ST & INDIANA,39.179024,-86.5272
902307534,2022,10,6,1500,Weekday,2-Car,No injury/unknown,UNSAFE BACKING,17TH & INDIANA AVE,39.179024,-86.5272
902309116,2022,10,2,1700,Weekday,2-Car,Non-incapacitating,FAILURE TO YIELD RIGHT OF WAY,17TH ST,39.179024,-86.5272
902325136,2022,11,7,0,Weekend,Pedestrian,Incapacitating,PEDESTRIAN ACTION,17TH & INDIANA,39.179024,-86.5272
902245491,2022,6,6,2200,Weekend,2-Car,No injury/unknown,FOLLOWING TOO CLOSELY,17TH & COLLEGE AVE,39.1790197,-86.53471
902200770,2022,3,3,1300,Weekday,2-Car,No injury/unknown,UNSAFE SPEED,17TH ST & INDIANA,39.17901884,-86.52677659
902211328,2022,3,5,1000,Weekday,2-Car,No injury/unknown,UNSAFE BACKING,1001 E 17TH (WHITE LOT) ST & DUNN,39.17900989,-86.52830133
902158193,2022,1,1,2000,Weekday,Bus,No injury/unknown,IMPROPER PASSING,17TH & NORTH FOSTER DR,39.179008,-86.525888
902229257,2022,5,4,1400,Weekday,Bus,Non-incapacitating,DRIVER ILLNESS,E 17TH ST,39.179008,-86.525888
902272013,2022,7,2,1500,Weekday,2-Car,No injury/unknown,FAILURE TO YIELD RIGHT OF WAY,17TH ST & FESS,39.179008,-86.525888
902339126,2022,11,5,1000,Weekday,1-Car,No injury/unknown,UNSAFE BACKING,E 17TH,39.179008,-86.525888
902335198,2022,11,6,1800,Weekday,2-Car,No injury/unknown,UNSAFE BACKING,DUNN & EAST 17TH,39.17900187,-86.52832631
902209457,2022,3,6,300,Weekday,1-Car,No injury/unknown,UNSAFE SPEED,N KINSER & W 17TH ST,39.178992,-86.537792
902220294,2022,4,6,1500,Weekday,2-Car,No injury/unknown,DISREGARD SIGNAL/REG SIGN,17TH ST & NORTH MADISON,39.178992,-86.537792
902240027,2022,5,3,1200,Weekday,2-Car,No injury/unknown,OTHER (DRIVER) - EXPLAIN IN NARRATIVE,17TH & MADISON ST,39.178992,-86.537792
902254059,2022,6,2,1400,Weekday,Pedestrian,Non-incapacitating,IMPROPER LANE USAGE,17TH & MADISON ST,39.178992,-86.537792
902263238,2022,7,5,1600,Weekday,2-Car,No injury/unknown,OTHER (DRIVER) - EXPLAIN IN NARRATIVE,N MADISON ST & W 17TH,39.178992,-86.537792
902296357,2022,9,1,0,Weekend,2-Car,No injury/unknown,CELL PHONE USAGE,N KINSER PIKE & W 17TH,39.178992,-86.537792
902308819,2022,10,2,1200,Weekday,2-Car,No injury/unknown,DISREGARD SIGNAL/REG SIGN,17 TH ST & KINSER,39.178992,-86.537792
902311825,2022,10,6,900,Weekday,2-Car,No injury/unknown,FAILURE TO YIELD RIGHT OF WAY,N MADISON ST & W 17TH,39.178992,-86.537792
902313649,2022,10,3,800,Weekday,2-Car,No injury/unknown,DISREGARD SIGNAL/REG SIGN,17TH ST & MADISON,39.178992,-86.537792
902189115,2022,2,2,1400,Weekday,2-Car,No injury/unknown,SPEED TOO FAST FOR WEATHER CONDITIONS,17TH ST & WOODLAWN,39.178992,-86.523504
902316581,2022,10,7,1900,Weekend,2-Car,Non-incapacitating,FAILURE TO YIELD RIGHT OF WAY,17TH & WOODLAWN,39.178992,-86.523504
902158963,2022,1,2,1300,Weekday,2-Car,No injury/unknown,FAILURE TO YIELD RIGHT OF WAY,17TH ST & WOODBURN,39.178976,-86.536032
902170102,2022,1,7,700,Weekend,2-Car,No injury/unknown,UNSAFE LANE MOVEMENT,17TH & COLLEGE AVE,39.17896,-86.53472
902179171,2022,2,6,1200,Weekday,2-Car,No injury/unknown,FOLLOWING TOO CLOSELY,N COLLEGE & W 17TH ST,39.17896,-86.53472
902196245,2022,3,2,2200,Weekday,2-Car,No injury/unknown,FOLLOWING TOO CLOSELY,S COLLEGE & W 17TH ST,39.17896,-86.53472
902228320,2022,5,3,700,Weekday,2-Car,No injury/unknown,OTHER (VEHICLE) - EXPLAIN IN NARRATIVE,17TH & COLLEGE AVE,39.17896,-86.53472
902257882,2022,6,2,1200,Weekday,2-Car,Non-incapacitating,FOLLOWING TOO CLOSELY,17TH ST & COLLEGE,39.17896,-86.53472
902277980,2022,8,7,1700,Weekend,2-Car,No injury/unknown,FOLLOWING TOO CLOSELY,17TH & COLLEGE AVE,39.17896,-86.53472
902280311,2022,8,5,1000,Weekday,1-Car,No injury/unknown,OTHER (VEHICLE) - EXPLAIN IN NARRATIVE,17TH & COLLEGE,39.17896,-86.53472
902304330,2022,9,1,1600,Weekend,2-Car,No injury/unknown,FOLLOWING TOO CLOSELY,17TH & COLLEGE AVE,39.17896,-86.53472
902329750,2022,11,6,2100,Weekend,2-Car,No injury/unknown,FAILURE TO YIELD RIGHT OF WAY,N COLLEGE & W 17TH,39.17896,-86.53472
902173259,2022,1,5,1700,Weekday,2-Car,No injury/unknown,UNSAFE BACKING,EAST 17TH ST,39.17896,-86.521088
902209326,2022,3,5,1400,Weekday,2-Car,No injury/unknown,FAILURE TO YIELD RIGHT OF WAY,EAST 17TH ST,39.17896,-86.521088
902215661,2022,4,5,1400,Weekday,2-Car,No injury/unknown,FOLLOWING TOO CLOSELY,SEVENTEENTH ST & WALNUT,39.17896,-86.521088
902230652,2022,5,7,1200,Weekend,2-Car,No injury/unknown,IMPROPER LANE USAGE,EAST 17TH ST,39.17896,-86.521088
902284250,2022,8,5,800,Weekday,2-Car,No injury/unknown,UNSAFE BACKING,EAST 17TH ST,39.17896,-86.521088
902292143,2022,9,6,1600,Weekday,2-Car,No injury/unknown,UNSAFE BACKING,E 17TH ST,39.17896,-86.521088
902307133,2022,10,5,1200,Weekday,2-Car,No injury/unknown,FAILURE TO YIELD RIGHT OF WAY,17TH ST & WALNUT GROVE,39.17896,-86.521088
902335013,2022,11,7,1600,Weekend,2-Car,No injury/unknown,FAILURE TO YIELD RIGHT OF WAY,17TH & WALNUT GROVE,39.17896,-86.521088
902346583,2022,12,3,2100,Weekday,2-Car,No injury/unknown,OTHER (DRIVER) - EXPLAIN IN NARRATIVE,E 17TH,39.17896,-86.521088
902165976,2022,1,4,800,Weekday,2-Car,No injury/unknown,FAILURE TO YIELD RIGHT OF WAY,17TH ST & WALNUT,39.17895701,-86.53321635
902290850,2022,9,4,1200,Weekday,1-Car,No injury/unknown,OTHER (DRIVER) - EXPLAIN IN NARRATIVE,E 17TH ST,39.17895065,-86.52955121
902162582,2022,1,6,1500,Weekday,2-Car,No injury/unknown,UNSAFE LANE MOVEMENT,17TH & N WALNUT ST,39.178944,-86.533392
902211639,2022,4,3,2300,Weekday,1-Car,No injury/unknown,RAN OFF ROAD RIGHT,17TH & WALNUT ST,39.178944,-86.533392
902322212,2022,10,2,2200,Weekday,2-Car,No injury/unknown,DISREGARD SIGNAL/REG SIGN,17TH & N WALNUT,39.178944,-86.533392
902283527,2022,8,4,1500,Weekday,2-Car,No injury/unknown,FOLLOWING TOO CLOSELY,17TH ST & N WALNUT,39.178944,-86.533392
902307624,2022,10,6,1900,Weekend,2-Car,No injury/unknown,LEFT OF CENTER,17TH ST & WALNUT,39.178944,-86.533392
902311826,2022,10,6,1700,Weekday,2-Car,No injury/unknown,FAILURE TO YIELD RIGHT OF WAY,E 17TH & N WALNUT ST,39.178944,-86.533392
902314811,2022,10,4,1500,Weekday,2-Car,Non-incapacitating,SPEED TOO FAST FOR WEATHER CONDITIONS,17TH & WALNUT,39.178944,-86.533392
902314837,2022,10,4,2100,Weekday,1-Car,No injury/unknown,SPEED TOO FAST FOR WEATHER CONDITIONS,E 17TH & N WALNUT,39.178944,-86.533392
902321237,2022,10,1,1200,Weekend,Bus,No injury/unknown,IMPROPER TURNING,N WALNUT & W 17TH,39.178944,-86.533392
902336900,2022,11,2,1500,Weekday,2-Car,Non-incapacitating,IMPROPER TURNING,17TH & WALNUT,39.178944,-86.533392
902348169,2022,12,6,1400,Weekday,2-Car,No injury/unknown,FAILURE TO YIELD RIGHT OF WAY,N CURRY & W JONATHAN,39.17893539,-86.58297971
902234837,2022,5,1,1100,Weekend,2-Car,No injury/unknown,UNSAFE BACKING,EAST 17TH ST,39.17893387,-86.51529148
902200829,2022,3,1,200,Weekend,2-Car,No injury/unknown,DISREGARD SIGNAL/REG SIGN,17TH & FEE LN,39.178928,-86.518992
902225568,2022,4,3,900,Weekday,2-Car,No injury/unknown,UNSAFE BACKING,LAW & NORTH FOSTER DR,39.17887868,-86.51666007
902241064,2022,5,5,2200,Weekday,1-Car,No injury/unknown,OBSTRUCTION NOT MARKED,E 17TH ST,39.17887431,-86.51463227
902230479,2022,5,6,2100,Weekend,2-Car,No injury/unknown,UNSAFE BACKING,17TH ST,39.178848,-86.51144
902158639,2022,1,7,2100,Weekend,2-Car,No injury/unknown,UNSAFE BACKING,1414 N JORDAN (PARKING) AVE & N JORDAN,39.178848,-86.511088
902159043,2022,1,6,1100,Weekday,Bus,No injury/unknown,OTHER (DRIVER) - EXPLAIN IN NARRATIVE,17TH & N JORDAN (EXTENSION) AVE,39.178848,-86.511088
902175970,2022,2,2,1900,Weekday,2-Car,No injury/unknown,FAILURE TO YIELD RIGHT OF WAY,17TH ST & JORDAN,39.178848,-86.511088
902207394,2022,3,2,700,Weekday,Pedestrian,Non-incapacitating,PEDESTRIAN ACTION,17TH & NORTH JORDAN (EXTENSION) AVE,39.178848,-86.511088
902224088,2022,4,6,2100,Weekend,2-Car,No injury/unknown,FOLLOWING TOO CLOSELY,17TH ST & JORDAN,39.178848,-86.511088
902224448,2022,4,2,1000,Weekday,1-Car,No injury/unknown,SPEED TOO FAST FOR WEATHER CONDITIONS,17TH ST & JORDAN,39.178848,-86.511088
902283500,2022,8,4,1400,Weekday,2-Car,No injury/unknown,UNSAFE SPEED,17TH & JORDAN AVE,39.178848,-86.511088
902288518,2022,8,6,1500,Weekday,Cyclist,Non-incapacitating,FAILURE TO YIELD RIGHT OF WAY,1640 NORTH JORDAN & NORTH JORDAN AVE,39.178848,-86.511088
902302399,2022,9,4,2100,Weekday,2-Car,No injury/unknown,IMPROPER PASSING,17TH ST & JORDAN,39.178848,-86.511088
902303933,2022,9,7,1600,Weekend,2-Car,Non-incapacitating,UNSAFE SPEED,E 17TH ST & N JORDAN AVE,39.178848,-86.511088
902338418,2022,11,4,900,Weekday,1-Car,No injury/unknown,OTHER (DRIVER) - EXPLAIN IN NARRATIVE,101 N JORDAN (MAC CIRCLE) & JORDAN,39.178848,-86.511088
902310430,2022,10,4,1600,Weekday,2-Car,No injury/unknown,FOLLOWING TOO CLOSELY,EAST 17TH ST & JORDAN,39.17884774,-86.51092342
902214258,2022,4,2,2000,Weekday,2-Car,No injury/unknown,FAILURE TO YIELD RIGHT OF WAY,EAST 17TH & JORDAN AVE,39.17883778,-86.51245301
902161519,2022,1,5,1600,Weekday,2-Car,Non-incapacitating,LEFT OF CENTER,OAKDALE & PECAN LN,39.17873876,-86.57032974
902237899,2022,5,6,1500,Weekday,1-Car,No injury/unknown,ANIMAL/OBJECT IN ROADWAY,CURRY PIKE & VERNAL,39.17869919,-86.58316993
902166297,2022,1,4,1400,Weekday,2-Car,No injury/unknown,UNSAFE BACKING,NORTH MADISON & WEST KENWOOD DR,39.178464,-86.537776
902228913,2022,5,4,900,Weekday,2-Car,No injury/unknown,UNSAFE BACKING,KENWOOD DR & MADISON,39.178464,-86.537776
902244293,2022,6,3,1900,Weekday,2-Car,No injury/unknown,UNSAFE BACKING,KENWOOD & MADISON ST,39.178464,-86.537776
902307580,2022,10,6,1700,Weekday,Moped/Motorcycle,Non-incapacitating,FOLLOWING TOO CLOSELY,KENWOOD & MADISON AVE,39.178464,-86.537776
902289294,2022,8,1,1900,Weekday,2-Car,No injury/unknown,FOLLOWING TOO CLOSELY,BURKS & WALNUT STREET PIKE,39.1783895,-86.5267197
902228360,2022,5,3,800,Weekday,2-Car,No injury/unknown,UNSAFE BACKING,HOWE & MAPLE ST,39.1782709,-86.5422403
902194504,2022,2,6,1400,Weekday,Pedestrian,Incapacitating,PEDESTRIAN ACTION,EAST 17TH & FEE LN,39.17818781,-86.51884063
902240277,2022,5,4,1500,Weekday,2-Car,No injury/unknown,UNSAFE BACKING,JORDAN AVE,39.17811584,-86.51296234
902334741,2022,11,6,2200,Weekend,2-Car,No injury/unknown,UNSAFE BACKING,SOUTH COLLEGE MALL,39.1779549,-86.53472773
902264923,2022,7,4,1300,Weekday,Pedestrian,Non-incapacitating,FAILURE TO YIELD RIGHT OF WAY,1ST & WALNUT ST,39.17784,-86.533408
902245435,2022,6,6,1500,Weekday,2-Car,Non-incapacitating,DISREGARD SIGNAL/REG SIGN,EAST 1ST & SOUTH WALNUT ST,39.17784,-86.533408
902293340,2022,9,2,1000,Weekday,2-Car,No injury/unknown,OTHER (DRIVER) - EXPLAIN IN NARRATIVE,1ST & WALNUT AVE,39.17784,-86.533408
902324562,2022,10,6,900,Weekday,Pedestrian,Incapacitating,FAILURE TO YIELD RIGHT OF WAY,1ST & WALNUT,39.17784,-86.533408
902328092,2022,11,4,1400,Weekday,2-Car,No injury/unknown,IMPROPER TURNING,16TH & N WALNUT,39.17784,-86.533408
902290241,2022,9,3,1200,Weekday,Bus,No injury/unknown,IMPROPER TURNING,E LINGELBACH LN,39.17783417,-86.50846123
902174120,2022,1,6,2200,Weekend,2-Car,No injury/unknown,IMPROPER TURNING,15 & WALNUT ST,39.17774963,-86.53352355
902172644,2022,1,4,1600,Weekday,2-Car,Non-incapacitating,DRIVER DISTRACTED - EXPLAIN IN NARRATIVE,16TH & MADISON ST,39.177744,-86.53776
902312769,2022,10,2,100,Weekday,3+ Cars,Non-incapacitating,RAN OFF ROAD RIGHT,N DUNN ST,39.177744,-86.52832
902279542,2022,8,3,1500,Weekday,2-Car,No injury/unknown,OVERCORRECTING/OVERSTEERING,17TH & MAPLE ST,39.17766672,-86.542096
902229818,2022,5,5,1600,Weekday,2-Car,No injury/unknown,UNSAFE BACKING,W HENSONBURG RD & W VERNAL,39.177648,-86.562
902203157,2022,3,6,1700,Weekday,Bus,No injury/unknown,UNSAFE LANE MOVEMENT,EAST LINGELBACH LN,39.17763522,-86.50797999
902284807,2022,8,6,1400,Weekday,2-Car,No injury/unknown,FOLLOWING TOO CLOSELY,SR37 & VERNAL,39.17755293,-86.561248
902169035,2022,1,7,1300,Weekend,1-Car,No injury/unknown,OVERCORRECTING/OVERSTEERING,W 15TH ST,39.177552,-86.547104
902348378,2022,12,6,1700,Weekday,2-Car,No injury/unknown,UNSAFE BACKING,VERNAL,39.17750168,-86.58057404
902166244,2022,1,3,1100,Weekday,1-Car,No injury/unknown,SPEED TOO FAST FOR WEATHER CONDITIONS,VERNAL PIKE,39.17750168,-86.58057403
902294297,2022,8,6,2300,Weekend,2-Car,No injury/unknown,UNSAFE LANE MOVEMENT,VERNAL PIKE,39.17750168,-86.58057403
902204742,2022,3,2,1000,Weekday,1-Car,No injury/unknown,IMPROPER TURNING,W INDUSTRIAL PARK DR & W VERNAL,39.17740084,-86.5621375
902349009,2022,12,7,1500,Weekend,2-Car,No injury/unknown,OTHER (VEHICLE) - EXPLAIN IN NARRATIVE,S COLLEGE MALL,39.17739651,-86.53473203
902257391,2022,6,7,1000,Weekend,2-Car,Non-incapacitating,SPEED TOO FAST FOR WEATHER CONDITIONS,SR37N & W VERNAL,39.17735176,-86.56144328
902202952,2022,3,6,1200,Weekday,2-Car,No injury/unknown,OTHER (DRIVER) - EXPLAIN IN NARRATIVE,N FEE LN,39.17729391,-86.5189799
902285408,2022,8,1,100,Weekend,2-Car,No injury/unknown,IMPROPER TURNING,N FEE LN,39.17729391,-86.5189799
902334628,2022,11,6,1900,Weekend,2-Car,No injury/unknown,UNSAFE BACKING,N FEE,39.17729391,-86.5189799
902355806,2022,12,1,1700,Weekend,2-Car,No injury/unknown,UNSAFE LANE MOVEMENT,JORDAN & LINGELBACH,39.1771502,-86.51253015
902208838,2022,3,4,1000,Weekday,2-Car,Non-incapacitating,UNSAFE BACKING,SR37N & VERNAL PIKE,39.1770668,-86.56258822
902247242,2022,6,3,1500,Weekday,1-Car,No injury/unknown,RAN OFF ROAD RIGHT,LEMON & VERNAL PIKE,39.17705744,-86.55882726
902272999,2022,7,4,1900,Weekday,1-Car,No injury/unknown,ANIMAL/OBJECT IN ROADWAY,LEMON & W VERNAL PIKE,39.17704,-86.5588
902187774,2022,2,5,1500,Weekday,2-Car,No injury/unknown,UNSAFE LANE MOVEMENT,1ST & COLLEGE AVE,39.17701733,-86.53473494
902171035,2022,1,6,2100,Weekend,2-Car,No injury/unknown,UNSAFE SPEED,SR37 & VERNAL,39.17701553,-86.5615451
902338296,2022,11,4,1000,Weekday,1-Car,No injury/unknown,IMPROPER TURNING,S WALNUT,39.17698971,-86.53342171
902189743,2022,2,5,1300,Weekday,2-Car,Non-incapacitating,UNSAFE LANE MOVEMENT,SR37N & VERNAL,39.17694788,-86.56192165
902221908,2022,4,3,1700,Weekday,2-Car,No injury/unknown,FAILURE TO YIELD RIGHT OF WAY,15TH & N DUNN ST,39.176944,-86.528272
902324384,2022,10,6,100,Weekday,2-Car,No injury/unknown,OTHER (DRIVER) - EXPLAIN IN NARRATIVE,15TH & DUNN,39.176944,-86.528272
902300201,2022,9,7,200,Weekend,2-Car,No injury/unknown,OTHER (DRIVER) - EXPLAIN IN NARRATIVE,15TH ST & DUNN,39.176944,-86.528272
902227006,2022,5,7,100,Weekend,3+ Cars,No injury/unknown,OTHER (DRIVER) - EXPLAIN IN NARRATIVE,15TH ST,39.17693225,-86.52924767
902299237,2022,9,5,900,Weekday,2-Car,Non-incapacitating,FOLLOWING TOO CLOSELY,SR37S & VERNAL,39.17691917,-86.56167982
902207803,2022,3,2,1500,Weekday,Moped/Motorcycle,Non-incapacitating,RAN OFF ROAD RIGHT,37 & VERNAL PIKE,39.17691584,-86.5626279
902171441,2022,1,3,900,Weekday,2-Car,No injury/unknown,FAILURE TO YIELD RIGHT OF WAY,N WOODBURN & W 15TH ST,39.176912,-86.536064
902176984,2022,2,3,1700,Weekday,2-Car,No injury/unknown,SPEED TOO FAST FOR WEATHER CONDITIONS,S COLLEGE & W 1ST ST,39.17688,-86.534736
902222774,2022,4,5,1000,Weekday,2-Car,No injury/unknown,FAILURE TO YIELD RIGHT OF WAY,N COLLEGE AVE & W 15TH,39.17688,-86.534736
902258961,2022,7,4,1500,Weekday,2-Car,Non-incapacitating,DISREGARD SIGNAL/REG SIGN,1ST & COLLEGE AVE,39.17688,-86.534736
902270053,2022,7,5,1100,Weekday,Pedestrian,Non-incapacitating,PEDESTRIAN ACTION,1ST & COLLEGE AVE,39.17688,-86.534736
902277998,2022,8,7,1500,Weekend,2-Car,No injury/unknown,FOLLOWING TOO CLOSELY,S COLLEGE AVE & W 1ST,39.17688,-86.534736
902359047,2022,12,2,1700,Weekday,2-Car,No injury/unknown,BRAKE FAILURE OR DEFECTIVE,S COLLEGE & W 1ST,39.17688,-86.534736
902201091,2022,3,4,200,Weekday,1-Car,No injury/unknown,RAN OFF ROAD RIGHT,N LINDBERGH DR & W 15TH,39.176848,-86.552592
902201111,2022,3,4,200,Weekday,2-Car,No injury/unknown,UNSAFE BACKING,1100 N LINDBERGH ST & W 15TH,39.176848,-86.552592
902262296,2022,7,4,800,Weekday,Moped/Motorcycle,Non-incapacitating,FAILURE TO YIELD RIGHT OF WAY,15TH & LINDBERGH DR,39.176848,-86.552592
902154980,2022,1,4,700,Weekday,1-Car,No injury/unknown,RAN OFF ROAD RIGHT,N WALNUT ST & W 15TH,39.176848,-86.533424
902170917,2022,1,2,1400,Weekday,Pedestrian,Non-incapacitating,FAILURE TO YIELD RIGHT OF WAY,15TH ST & N WALNUT,39.176848,-86.533424
902177280,2022,2,4,800,Weekday,2-Car,Non-incapacitating,FAILURE TO YIELD RIGHT OF WAY,E 15TH & N WALNUT ST,39.176848,-86.533424
902237974,2022,5,7,300,Weekend,Pedestrian,No injury/unknown,FAILURE TO YIELD RIGHT OF WAY,15TH & WALNUT ST,39.176848,-86.533424
902292591,2022,9,7,1400,Weekend,2-Car,No injury/unknown,FAILURE TO YIELD RIGHT OF WAY,E 15TH ST & N WALNUT,39.176848,-86.533424
902283692,2022,8,4,2200,Weekday,2-Car,No injury/unknown,IMPROPER TURNING,N WALNUT ST & W 15TH,39.176848,-86.533424
902350975,2022,12,4,200,Weekday,2-Car,No injury/unknown,FAILURE TO YIELD RIGHT OF WAY,15TH & WALNUT,39.176848,-86.533424
902185434,2022,2,7,1800,Weekend,2-Car,No injury/unknown,IMPROPER TURNING,E 10TH ST & SR45,39.176848,-86.478192
902211075,2022,3,2,2100,Weekday,2-Car,No injury/unknown,FOLLOWING TOO CLOSELY,10TH & SR4546N,39.176848,-86.478192
902270524,2022,7,6,1000,Weekday,2-Car,No injury/unknown,UNSAFE LANE MOVEMENT,10TH & SR4546N,39.176848,-86.478192