Master Record Number,Year,Month,Day,Hour,Weekend,Collision Type,Injury Type,Primary Factor,Reported_Location,Latitude,Longitude
902265271,2022,7,3,1200,Weekday,Cyclist,No injury/unknown,DISREGARD SIGNAL/REG SIGN,11TH & ROGERS ST,39.173184,-86.538528
902272747,2022,7,4,1100,Weekday,Cyclist,Non-incapacitating,RAN OFF ROAD RIGHT,N ROGERS ST & W 11TH,39.173184,-86.538528
902332206,2022,11,3,1500,Weekday,Bus,No injury/unknown,LEFT OF CENTER,11TH & ROGERS,39.173184,-86.538528
902333245,2022,11,5,700,Weekday,2-Car,Non-incapacitating,FAILURE TO YIELD RIGHT OF WAY,N ROGERS & W 11TH,39.173184,-86.538528
902337874,2022,11,3,1900,Weekday,2-Car,Incapacitating,IMPROPER TURNING,11TH & ROGERS,39.173184,-86.538528
902174591,2022,2,7,1600,Weekend,1-Car,Non-incapacitating,RAN OFF ROAD RIGHT,N FAIRVIEW ST ST & W 11TH,39.173152,-86.5408
902175669,2022,2,7,1600,Weekend,1-Car,Non-incapacitating,RAN OFF ROAD RIGHT,N FAIRVIEW & W 11TH ST,39.173152,-86.5408
902175670,2022,2,7,1600,Weekend,2-Car,Non-incapacitating,RAN OFF ROAD RIGHT,N FAIRVIEW & W 11TH ST,39.173152,-86.5408
902319600,2022,10,3,900,Weekday,Bus,No injury/unknown,FAILURE TO YIELD RIGHT OF WAY,N FAIRVIEW & W 11TH,39.173152,-86.5408
902295888,2022,9,6,1600,Weekday,3+ Cars,Non-incapacitating,FOLLOWING TOO CLOSELY,10TH & SR46S,39.17314781,-86.50297321
902198348,2022,3,5,1600,Weekday,2-Car,No injury/unknown,UNSAFE BACKING,EAST LAW LN,39.17302832,-86.51339918
902265112,2022,7,2,1000,Weekday,2-Car,No injury/unknown,UNSAFE BACKING,LAW LN,39.17302832,-86.51339918
902305753,2022,9,3,1400,Weekday,2-Car,No injury/unknown,UNSAFE BACKING,LAW LN,39.17302832,-86.51339918
902240662,2022,5,5,1100,Weekday,Cyclist,No injury/unknown,FAILURE TO YIELD RIGHT OF WAY,11TH & COLLEGE AVE,39.17302602,-86.53475422
902153146,2022,1,1,1900,Weekday,1-Car,No injury/unknown,RAN OFF ROAD RIGHT,11TH & WALNUT ST,39.1729734,-86.53349523
902283644,2022,8,4,2000,Weekday,2-Car,No injury/unknown,UNSAFE BACKING,NORTH FORREST AVE,39.17291755,-86.5224431
902323596,2022,10,3,1700,Weekday,2-Car,No injury/unknown,UNSAFE SPEED,SR37 & VERNAL,39.17286022,-86.56731864
902292473,2022,9,6,1600,Weekday,2-Car,No injury/unknown,FOLLOWING TOO CLOSELY,SR37N & VERNAL,39.17285105,-86.56762445
902270329,2022,7,5,0,Weekday,2-Car,No injury/unknown,UNSAFE BACKING,N FEE LN,39.17281455,-86.51879273
902282937,2022,8,1,1500,Weekend,2-Car,No injury/unknown,UNSAFE BACKING,N FEE LN,39.17281455,-86.51879273
902301881,2022,9,3,1800,Weekday,2-Car,No injury/unknown,UNSAFE BACKING,N FEE LN,39.17281455,-86.51879273
902185294,2022,2,6,1500,Weekday,2-Car,No injury/unknown,FAILURE TO YIELD RIGHT OF WAY,10TH ST & SMITH,39.172752,-86.482288
902186791,2022,2,2,1500,Weekday,2-Car,No injury/unknown,FOLLOWING TOO CLOSELY,10TH & SMITH RD,39.172752,-86.482288
902227235,2022,5,7,1700,Weekend,2-Car,No injury/unknown,FAILURE TO YIELD RIGHT OF WAY,10TH ST & SMITH,39.172752,-86.482288
902248574,2022,6,5,1700,Weekday,2-Car,Non-incapacitating,FOLLOWING TOO CLOSELY,E 10TH & N SMITH RD,39.172752,-86.482288
902294714,2022,9,4,1800,Weekday,2-Car,No injury/unknown,FOLLOWING TOO CLOSELY,10TH & SMITH RD,39.172752,-86.482288
902305827,2022,10,4,300,Weekday,1-Car,No injury/unknown,DISREGARD SIGNAL/REG SIGN,10TH ST & SMITH,39.172752,-86.482288
902333762,2022,11,5,2000,Weekday,2-Car,No injury/unknown,FAILURE TO YIELD RIGHT OF WAY,E 10TH & SMITH,39.172752,-86.482288
902206326,2022,3,1,300,Weekend,1-Car,No injury/unknown,RAN OFF ROAD RIGHT,W VERNAL PIKE,39.172704,-86.655888
902311835,2022,10,5,900,Weekday,1-Car,No injury/unknown,RAN OFF ROAD RIGHT,W VERNAL PIKE,39.172704,-86.655888
902268438,2022,7,4,1300,Weekday,1-Car,No injury/unknown,OTHER (VEHICLE) - EXPLAIN IN NARRATIVE,NORTH WALNUT GROVE AVE,39.17265013,-86.52094356
902288840,2022,8,5,1500,Weekday,2-Car,No injury/unknown,,NORTH WALNUT GRV,39.17265013,-86.52094356
902290984,2022,9,4,1300,Weekday,2-Car,Non-incapacitating,UNSAFE SPEED,10TH & SR46E,39.17264788,-86.5026808
902296083,2022,9,6,1200,Weekday,2-Car,No injury/unknown,WRONG WAY ON ONE WAY,COTTAGE GROVE AVE & GRANT,39.17264,-86.529696
902290518,2022,9,3,1600,Weekday,2-Car,No injury/unknown,FAILURE TO YIELD RIGHT OF WAY,COTTAGE GROVE & DUNN ST,39.17264,-86.528272
902180100,2022,2,7,2200,Weekend,2-Car,No injury/unknown,,E COTTAGE GROVE AVE & N INDIANA,39.17264,-86.52704
902346981,2022,12,4,1200,Weekday,2-Car,No injury/unknown,FAILURE TO YIELD RIGHT OF WAY,E COTTAGE GROVE & N INDIANA,39.17264,-86.52704
902214207,2022,4,2,1700,Weekday,1-Car,No injury/unknown,RAN OFF ROAD RIGHT,COTTAGE GROVE AVE & PARK,39.17264,-86.52464
902306319,2022,10,4,1800,Weekday,2-Car,No injury/unknown,FAILURE TO YIELD RIGHT OF WAY,COTTAGE GROVE & PARK AVE,39.17264,-86.52464
902162727,2022,1,6,1500,Weekday,2-Car,No injury/unknown,FAILURE TO YIELD RIGHT OF WAY,COTTAGE GROVE & WOODLAWN AVE,39.17264,-86.523584
902188971,2022,2,4,1800,Weekday,2-Car,No injury/unknown,FAILURE TO YIELD RIGHT OF WAY,COTTAGE GROVE & WOODLAWN AVE,39.17264,-86.523584
902331091,2022,11,2,900,Weekday,2-Car,No injury/unknown,DISREGARD SIGNAL/REG SIGN,E COTTAGE GROVE & N WOODLAWN,39.17264,-86.523584
902288844,2022,8,7,1300,Weekend,2-Car,No injury/unknown,SPEED TOO FAST FOR WEATHER CONDITIONS,SR46 & UNIONVILLE,39.17259918,-86.50282808
902352425,2022,12,5,1000,Weekday,2-Car,No injury/unknown,UNSAFE BACKING,WHITEHALL CROSSING,39.17259598,-86.57152557
902302865,2022,9,5,1400,Weekday,2-Car,No injury/unknown,IMPROPER TURNING,W WHITEHALL CROSSING DR,39.17259598,-86.57152557
902229737,2022,5,5,1700,Weekday,2-Car,No injury/unknown,FAILURE TO YIELD RIGHT OF WAY,COTTAGE GROVE ST & PARK,39.17253545,-86.52467126
902335534,2022,11,1,1600,Weekend,2-Car,No injury/unknown,UNSAFE BACKING,NORTH FEE,39.17250261,-86.51898354
902173275,2022,1,5,1800,Weekday,2-Car,No injury/unknown,IMPROPER LANE USAGE,NORTH FEE LN,39.17250261,-86.51898354
902190772,2022,2,6,1200,Weekday,1-Car,No injury/unknown,UNSAFE LANE MOVEMENT,NORTH FEE LN,39.17250261,-86.51898354
902203208,2022,3,6,1700,Weekday,2-Car,No injury/unknown,UNSAFE BACKING,NORTH UNION ST,39.17247444,-86.50959178
902185409,2022,2,6,1600,Weekday,2-Car,No injury/unknown,SPEED TOO FAST FOR WEATHER CONDITIONS,11TH & COLLEGE AVE,39.17240806,-86.53476086
902290437,2022,9,3,1600,Weekday,2-Car,No injury/unknown,UNSAFE BACKING,RANGE & SR45,39.17239897,-86.4967649
902319199,2022,10,4,1200,Weekday,2-Car,No injury/unknown,UNSAFE SPEED,10TH & SR46S,39.17239791,-86.5025346
902185283,2022,2,6,1600,Weekday,2-Car,No injury/unknown,LEFT OF CENTER,10TH ST & SMITH,39.17237698,-86.48280365
902223196,2022,4,5,1300,Weekday,Pedestrian,Non-incapacitating,OTHER (DRIVER) - EXPLAIN IN NARRATIVE,COTTAGE GROVE AVE & SUMMIT,39.172336,-86.548192
902185472,2022,2,7,200,Weekend,2-Car,No injury/unknown,LEFT OF CENTER,BARRINGTON DR,39.17226188,-86.48843452
902178579,2022,2,5,1700,Weekday,1-Car,No injury/unknown,VIEW OBSTRUCTED,NORTH UNION ST,39.172144,-86.509392
902265979,2022,7,4,1500,Weekday,2-Car,No injury/unknown,UNSAFE BACKING,N UNION CT,39.172144,-86.509392
902347701,2022,12,4,1800,Weekday,1-Car,No injury/unknown,UNSAFE BACKING,N UNION,39.172144,-86.509392
902351387,2022,12,4,1400,Weekday,2-Car,No injury/unknown,UNSAFE BACKING,N UNION,39.172144,-86.509392
902209606,2022,3,6,1000,Weekday,1-Car,No injury/unknown,UNSAFE BACKING,NORTH RANGE RD,39.17209692,-86.4954552
902299862,2022,9,6,2200,Weekend,2-Car,No injury/unknown,UNSAFE BACKING,SMITH RD,39.172048,-86.4816
902213571,2022,4,1,300,Weekend,1-Car,No injury/unknown,ANIMAL/OBJECT IN ROADWAY,PARK RIDGE RD & WILTSHIRE,39.172048,-86.4732
902222492,2022,4,4,2100,Weekday,Cyclist,No injury/unknown,HEADLIGHT DEFECTIVE OR NOT ON,SMITH & SR45,39.17203189,-86.48503696
902254719,2022,6,3,1800,Weekday,2-Car,No injury/unknown,UNSAFE LANE MOVEMENT,E 10TH & SR46E,39.17202295,-86.5023153
902348108,2022,12,6,1200,Weekday,2-Car,No injury/unknown,OTHER (DRIVER) - EXPLAIN IN NARRATIVE,10TH & SR46W,39.17202295,-86.5023153
902169374,2022,1,7,200,Weekend,2-Car,No injury/unknown,UNSAFE SPEED,10TH & COLLEGE AVE,39.17201865,-86.53476505
902173946,2022,1,5,1300,Weekday,2-Car,No injury/unknown,UNSAFE BACKING,S ROGERS ST,39.17200261,-86.53854563
902201839,2022,3,4,1700,Weekday,2-Car,No injury/unknown,UNSAFE BACKING,S ROGERS ST,39.17200261,-86.53854563
902250240,2022,6,2,900,Weekday,2-Car,No injury/unknown,OTHER (DRIVER) - EXPLAIN IN NARRATIVE,S ROGERS ST,39.17200261,-86.53854563
902216723,2022,4,7,400,Weekend,1-Car,No injury/unknown,RAN OFF ROAD RIGHT,SR37S & W WHITEHALL CROSSING,39.17198944,-86.5701065
902288980,2022,8,5,1600,Weekday,2-Car,Non-incapacitating,DISREGARD SIGNAL/REG SIGN,CURRY PIKE & PROFILE,39.17196013,-86.5829797
902186945,2022,2,6,100,Weekday,1-Car,No injury/unknown,RAN OFF ROAD RIGHT,10TH & MORTON ST,39.17193626,-86.536
902217860,2022,4,2,1300,Weekday,3+ Cars,No injury/unknown,UNSAFE SPEED,10TH & SR46S,39.17189797,-86.5022422
902328920,2022,11,5,1800,Weekday,2-Car,No injury/unknown,UNSAFE LANE MOVEMENT,10TH & FEE,39.17185806,-86.51871132
902256969,2022,6,1,900,Weekend,2-Car,No injury/unknown,FOLLOWING TOO CLOSELY,10TH ST & GRANDVIEW,39.17184,-86.487488
902225552,2022,4,4,900,Weekday,2-Car,No injury/unknown,OTHER (DRIVER) - EXPLAIN IN NARRATIVE,10TH & SR46E,39.17182298,-86.50219834
902355950,2022,12,3,1800,Weekday,2-Car,No injury/unknown,UNSAFE LANE MOVEMENT,DANIELS & SR48W,39.17177963,-86.59832764
902168645,2022,1,7,0,Weekend,1-Car,No injury/unknown,IMPROPER TURNING,N WALNUT ST,39.17176229,-86.53351967
902167129,2022,1,5,1100,Weekday,2-Car,No injury/unknown,FAILURE TO YIELD RIGHT OF WAY,10TH & N MORTON ST,39.171744,-86.536
902279778,2022,8,3,1200,Weekday,2-Car,No injury/unknown,DRIVER ILLNESS,W 10TH ST,39.171744,-86.536
902279850,2022,8,3,1200,Weekday,2-Car,No injury/unknown,DRIVER ILLNESS,W 10TH ST,39.171744,-86.536
902184841,2022,2,6,1700,Weekday,2-Car,No injury/unknown,SPEED TOO FAST FOR WEATHER CONDITIONS,10TH & COLLEGE AVE,39.171744,-86.534768
902191238,2022,2,2,0,Weekday,2-Car,No injury/unknown,DISREGARD SIGNAL/REG SIGN,10TH ST & COLLEGE,39.171744,-86.534768
902213421,2022,4,7,1800,Weekend,2-Car,No injury/unknown,DISREGARD SIGNAL/REG SIGN,10TH ST & COLLEGE,39.171744,-86.534768
902230011,2022,5,6,100,Weekday,2-Car,No injury/unknown,IMPROPER TURNING,N COLLEGE AVE,39.171744,-86.534768
902292266,2022,9,6,1700,Weekday,2-Car,No injury/unknown,UNSAFE LANE MOVEMENT,N COLLEGE AVE & W 10TH,39.171744,-86.534768
902312328,2022,10,1,900,Weekend,2-Car,No injury/unknown,FAILURE TO YIELD RIGHT OF WAY,10TH ST & COLLEGE,39.171744,-86.534768
902314157,2022,10,3,2100,Weekday,2-Car,No injury/unknown,IMPROPER TURNING,10TH & S COLLEGE,39.171744,-86.534768
902359119,2022,12,2,2300,Weekday,2-Car,No injury/unknown,UNSAFE LANE MOVEMENT,10TH & COLLEGE,39.171744,-86.534768
902350899,2022,12,3,1300,Weekday,2-Car,No injury/unknown,FAILURE TO YIELD RIGHT OF WAY,10TH & COLLEGE,39.171744,-86.534768
902201691,2022,3,4,1600,Weekday,2-Car,No injury/unknown,FOLLOWING TOO CLOSELY,10TH & N WALNUT ST,39.171744,-86.53352
902202759,2022,3,6,600,Weekday,2-Car,No injury/unknown,DISREGARD SIGNAL/REG SIGN,N WALNUT ST & W 10TH,39.171744,-86.53352
902261988,2022,7,3,1500,Weekday,2-Car,No injury/unknown,IMPROPER TURNING,E 10TH & N WALNUT ST,39.171744,-86.53352
902316013,2022,10,6,1600,Weekday,2-Car,No injury/unknown,IMPROPER LANE USAGE,N WALNUT & W 10TH,39.171744,-86.53352
902357055,2022,12,6,1100,Weekday,2-Car,No injury/unknown,DISREGARD SIGNAL/REG SIGN,E 10TH & N WALNUT,39.171744,-86.53352
902161111,2022,1,5,1200,Weekday,2-Car,No injury/unknown,UNSAFE BACKING,E 10TH ST,39.171728,-86.5324
902273113,2022,7,4,900,Weekday,2-Car,Non-incapacitating,FOLLOWING TOO CLOSELY,10TH ST & WASHINGTON,39.171728,-86.5324
902213138,2022,4,6,2100,Weekend,2-Car,No injury/unknown,UNSAFE SPEED,TENTH & UNIONVILLE RD,39.17172643,-86.50641986
902332033,2022,11,2,2200,Weekday,2-Car,No injury/unknown,UNSAFE LANE MOVEMENT,10TH & JORDAN,39.17171608,-86.51570831
902157872,2022,1,7,2300,Weekend,2-Car,No injury/unknown,FAILURE TO YIELD RIGHT OF WAY,10TH ST & LINCOLN,39.171712,-86.530992
902192530,2022,2,2,1600,Weekday,2-Car,No injury/unknown,FAILURE TO YIELD RIGHT OF WAY,10TH ST & LINCOLN,39.171712,-86.530992
902264917,2022,7,2,1300,Weekday,2-Car,No injury/unknown,UNSAFE BACKING,10TH & LINCOLN ST,39.171712,-86.530992
902299475,2022,9,6,800,Weekday,Moped/Motorcycle,Incapacitating,FAILURE TO YIELD RIGHT OF WAY,10TH ST & LINCOLN,39.171712,-86.530992
902355226,2022,12,3,1600,Weekday,2-Car,No injury/unknown,FAILURE TO YIELD RIGHT OF WAY,10TH & LINCOLN,39.171712,-86.530992
902201110,2022,3,3,100,Weekday,2-Car,No injury/unknown,IMPROPER LANE USAGE,E 10TH ST,39.17170808,-86.53067461
902355509,2022,12,4,1000,Weekday,1-Car,No injury/unknown,DRIVER ASLEEP OR FATIGUED,BUSINEESS 37 N STATE & WISNAND,39.17170688,-86.53976999
902157827,2022,1,7,2100,Weekend,1-Car,Non-incapacitating,VIEW OBSTRUCTED,N WALNUT GROVE ST,39.17170612,-86.52089927
902190858,2022,2,7,1700,Weekend,2-Car,No injury/unknown,FOLLOWING TOO CLOSELY,E 10TH ST & GRANT,39.171696,-86.529696
902206806,2022,3,7,1200,Weekend,2-Car,Non-incapacitating,FAILURE TO YIELD RIGHT OF WAY,E 10TH ST & N GRANT,39.171696,-86.529696
902231037,2022,5,6,1400,Weekday,Cyclist,Non-incapacitating,FAILURE TO YIELD RIGHT OF WAY,E 10TH ST & N GRANT,39.171696,-86.529696
902302337,2022,9,4,1800,Weekday,2-Car,No injury/unknown,FAILURE TO YIELD RIGHT OF WAY,10TH ST & GRANT AVE,39.171696,-86.529696
902306140,2022,10,4,1300,Weekday,2-Car,No injury/unknown,FAILURE TO YIELD RIGHT OF WAY,10TH & GRANT ST,39.171696,-86.529696
902307879,2022,10,6,1900,Weekend,2-Car,No injury/unknown,FAILURE TO YIELD RIGHT OF WAY,EAST 10TH ST & NORTH GRANT,39.171696,-86.529696
902191194,2022,2,1,1800,Weekend,1-Car,No injury/unknown,DRIVER DISTRACTED - EXPLAIN IN NARRATIVE,10TH ST & PROW,39.171696,-86.528896
902291569,2022,9,5,1500,Weekday,Bus,No injury/unknown,UNSAFE BACKING,TENTH ST & WOODLAWN,39.17169367,-86.52351692
902213882,2022,4,2,600,Weekday,2-Car,No injury/unknown,IMPROPER TURNING,SR46N & TENTH,39.17169189,-86.53102874
902269901,2022,7,5,600,Weekday,1-Car,No injury/unknown,WRONG WAY ON ONE WAY,COLLEGE AVE & TENTH,39.17168832,-86.53483448
902193050,2022,2,4,1200,Weekday,2-Car,No injury/unknown,UNSAFE BACKING,EAST TENTH ST,39.17168118,-86.50658033
902270311,2022,7,5,1400,Weekday,2-Car,No injury/unknown,FOLLOWING TOO CLOSELY,E 10TH ST & N DUNN,39.17168,-86.528256
902348232,2022,12,6,1500,Weekday,2-Car,No injury/unknown,FAILURE TO YIELD RIGHT OF WAY,10TH & DUNN,39.17168,-86.528256
902228718,2022,5,3,2100,Weekday,1-Car,No injury/unknown,IMPROPER TURNING,10TH ST & INDIANA,39.17168,-86.527024
902236133,2022,5,3,1300,Weekday,3+ Cars,Non-incapacitating,UNSAFE SPEED,10TH ST & INDIANA,39.17168,-86.527024
902308032,2022,10,7,1700,Weekend,2-Car,No injury/unknown,FOLLOWING TOO CLOSELY,10TH & INDIANA AVE,39.17168,-86.527024
902320916,2022,10,7,1200,Weekend,2-Car,No injury/unknown,DRIVER DISTRACTED - EXPLAIN IN NARRATIVE,10TH & INDIANA,39.17168,-86.527024
902352321,2022,12,5,2300,Weekday,2-Car,No injury/unknown,UNSAFE LANE MOVEMENT,10TH & INDIANA,39.17168,-86.527024
902336724,2022,11,2,1800,Weekday,1-Car,No injury/unknown,ANIMAL/OBJECT IN ROADWAY,SR37N & WILLIAMS,39.17167917,-86.54695129
902324718,2022,10,6,1200,Weekday,2-Car,No injury/unknown,SPEED TOO FAST FOR WEATHER CONDITIONS,10TH & INDIANA,39.1716733,-86.5264948
902318706,2022,10,3,1500,Weekday,2-Car,No injury/unknown,FOLLOWING TOO CLOSELY,INDIANA & TENTH,39.17166866,-86.52698015
902183619,2022,2,5,900,Weekday,2-Car,No injury/unknown,FOLLOWING TOO CLOSELY,E 10TH ST & N FESS,39.171664,-86.52576
902208975,2022,3,4,1700,Weekday,3+ Cars,No injury/unknown,FOLLOWING TOO CLOSELY,10TH ST & FESS,39.171664,-86.52576
902223428,2022,4,6,1700,Weekday,2-Car,No injury/unknown,IMPROPER TURNING,10TH & FESS AVE,39.171664,-86.52576
902160473,2022,1,4,1800,Weekday,Bus,No injury/unknown,OVERCORRECTING/OVERSTEERING,10TH ST & JEFFERSON,39.17164801,-86.50682337
902284378,2022,8,5,1300,Weekday,1-Car,No injury/unknown,OTHER (DRIVER) - EXPLAIN IN NARRATIVE,10TH ST & JEFFERSON,39.17164801,-86.50682337
902314784,2022,10,4,1800,Weekday,2-Car,No injury/unknown,FAILURE TO YIELD RIGHT OF WAY,10TH & PARK,39.171648,-86.524608
902253234,2022,6,1,200,Weekend,1-Car,No injury/unknown,,JEFFERSON & TENTH ST,39.171648,-86.507088
902264494,2022,7,2,600,Weekday,1-Car,No injury/unknown,OTHER (DRIVER) - EXPLAIN IN NARRATIVE,EAST 10TH ST,39.171648,-86.50643212
902190363,2022,2,6,1500,Weekday,2-Car,No injury/unknown,UNSAFE BACKING,E 10TH ST,39.171648,-86.50435515
902295708,2022,9,6,1000,Weekday,1-Car,No injury/unknown,OVERCORRECTING/OVERSTEERING,EAST 10TH ST,39.171648,-86.50287942
902183736,2022,2,5,900,Weekday,2-Car,No injury/unknown,FOLLOWING TOO CLOSELY,10TH ST & 46,39.171648,-86.502096
902191809,2022,2,2,1100,Weekday,2-Car,Non-incapacitating,FOLLOWING TOO CLOSELY,EAST 10TH & SR46N,39.171648,-86.502096
902205683,2022,3,4,1600,Weekday,2-Car,Non-incapacitating,FOLLOWING TOO CLOSELY,SR45E & SR46N,39.171648,-86.502096
902209942,2022,3,7,400,Weekend,2-Car,No injury/unknown,UNSAFE LANE MOVEMENT,10TH & SR46E,39.171648,-86.502096
902215585,2022,4,5,800,Weekday,2-Car,No injury/unknown,UNSAFE SPEED,SR45W & SR46W,39.171648,-86.502096
902219942,2022,4,6,1200,Weekday,2-Car,No injury/unknown,FOLLOWING TOO CLOSELY,10TH ST & SR46,39.171648,-86.502096
902324728,2022,10,6,1100,Weekday,2-Car,No injury/unknown,DISREGARD SIGNAL/REG SIGN,10TH & SR46E,39.171648,-86.502096
902283398,2022,8,4,1100,Weekday,2-Car,No injury/unknown,FOLLOWING TOO CLOSELY,10TH & SR46E,39.171648,-86.502096
902295819,2022,9,6,1500,Weekday,2-Car,No injury/unknown,FOLLOWING TOO CLOSELY,10TH & SR46S,39.171648,-86.502096
902347561,2022,12,5,1200,Weekday,2-Car,No injury/unknown,UNSAFE SPEED,10TH & SR46E,39.171648,-86.502096
902233644,2022,5,5,1400,Weekday,2-Car,No injury/unknown,IMPROPER TURNING,E 10TH ST,39.17164571,-86.52445486
902328114,2022,11,1,2200,Weekday,2-Car,No injury/unknown,IMPROPER TURNING,TENTH & WALNUT GROVE,39.17163228,-86.52099237
902162466,2022,1,6,1200,Weekday,3+ Cars,No injury/unknown,FOLLOWING TOO CLOSELY,FORREST & TENTH ST,39.17163214,-86.52183641
902211975,2022,4,4,1700,Weekday,3+ Cars,Non-incapacitating,SPEED TOO FAST FOR WEATHER CONDITIONS,FORREST & TENTH ST,39.17163204,-86.522386
902350147,2022,12,2,2000,Weekday,2-Car,No injury/unknown,UNSAFE BACKING,FORREST & TENTH,39.17163204,-86.522386
902212467,2022,4,5,1500,Weekday,2-Car,No injury/unknown,FAILURE TO YIELD RIGHT OF WAY,10TH & WOODLAWN AVE,39.171632,-86.523536
902266703,2022,7,5,1700,Weekday,2-Car,No injury/unknown,FOLLOWING TOO CLOSELY,10TH ST & WOODLAWN,39.171632,-86.523536
902303983,2022,9,5,2100,Weekday,2-Car,No injury/unknown,UNSAFE BACKING,10TH ST & WOODLAWN,39.171632,-86.523536
902319727,2022,10,5,1000,Weekday,2-Car,No injury/unknown,UNSAFE BACKING,10TH & WOODLAWN,39.171632,-86.523536
902284778,2022,8,6,1500,Weekday,3+ Cars,No injury/unknown,FOLLOWING TOO CLOSELY,10TH ST & FORREST,39.17163022,-86.52237989
902305516,2022,9,3,1300,Weekday,2-Car,No injury/unknown,DRIVER DISTRACTED - EXPLAIN IN NARRATIVE,10TH ST & NORTH FORREST,39.17163022,-86.52237989
902337888,2022,11,3,2000,Weekday,2-Car,No injury/unknown,FOLLOWING TOO CLOSELY,FEE & TENTH,39.17163013,-86.51902446
902305232,2022,9,2,2300,Weekday,2-Car,No injury/unknown,UNSAFE LANE MOVEMENT,FEE & TENTH ST,39.17163011,-86.51901956
902297991,2022,9,3,1700,Weekday,2-Car,No injury/unknown,FOLLOWING TOO CLOSELY,TENTH ST & WOODLAWN,39.17162998,-86.52351778
902290612,2022,9,4,500,Weekday,2-Car,No injury/unknown,IMPROPER LANE USAGE,10TH & MORTON ST,39.17160667,-86.536
902177034,2022,2,3,1800,Weekday,2-Car,No injury/unknown,SPEED TOO FAST FOR WEATHER CONDITIONS,FEE & TENTH ST,39.17159924,-86.51588278
902219279,2022,4,5,900,Weekday,2-Car,No injury/unknown,FOLLOWING TOO CLOSELY,JORDAN AVE & TENTH,39.17158999,-86.51566028
902179192,2022,2,6,1000,Weekday,2-Car,No injury/unknown,OTHER (DRIVER) - EXPLAIN IN NARRATIVE,10TH ST & CAMPBELL,39.17158999,-86.51394031
902299155,2022,9,5,1700,Weekday,3+ Cars,Non-incapacitating,FOLLOWING TOO CLOSELY,10TH ST & CAMPBELL,39.17158999,-86.51394031
902302391,2022,9,4,2100,Weekday,2-Car,No injury/unknown,FOLLOWING TOO CLOSELY,E 10TH ST & N CAMPBELL,39.17158999,-86.51394031
902185741,2022,1,4,2100,Weekday,2-Car,No injury/unknown,UNSAFE BACKING,TENTH ST & UNION,39.1715876,-86.51132451
902346557,2022,12,3,1900,Weekday,Pedestrian,Incapacitating,PEDESTRIAN ACTION,10TH & FEE,39.17158656,-86.51904083
902160888,2022,1,5,1000,Weekday,2-Car,No injury/unknown,SPEED TOO FAST FOR WEATHER CONDITIONS,10TH ST & FEE,39.171584,-86.518688
902286600,2022,8,3,1200,Weekday,2-Car,No injury/unknown,IMPROPER PASSING,11TH ST & FEE,39.171584,-86.518688
902230438,2022,5,6,1800,Weekday,2-Car,No injury/unknown,SPEED TOO FAST FOR WEATHER CONDITIONS,E 10TH ST & N SUNRISE,39.17157993,-86.51252311
902203810,2022,3,6,1300,Weekday,2-Car,No injury/unknown,UNSAFE SPEED,10TH ST & SUNRISE,39.17157993,-86.51249023
902176890,2022,2,3,1600,Weekday,2-Car,No injury/unknown,SPEED TOO FAST FOR WEATHER CONDITIONS,10TH ST & SUNRISE,39.17157993,-86.51247985
902202595,2022,3,5,1800,Weekday,2-Car,No injury/unknown,FAILURE TO YIELD RIGHT OF WAY,10TH ST & SUNRISE,39.17157993,-86.51247985
902266654,2022,7,1,1400,Weekend,1-Car,No injury/unknown,UNSAFE BACKING,E 10TH ST,39.17157943,-86.51826514
902267005,2022,7,1,1400,Weekend,1-Car,No injury/unknown,UNSAFE BACKING,E 10TH ST,39.17157943,-86.51826514
902354954,2022,12,3,1300,Weekday,2-Car,No injury/unknown,UNSAFE BACKING,EAST 10TH,39.17157943,-86.51826514
902201681,2022,3,4,1200,Weekday,2-Car,No injury/unknown,OVERCORRECTING/OVERSTEERING,10TH & PARK AVE,39.17157938,-86.52460502
902298997,2022,9,5,800,Weekday,2-Car,No injury/unknown,VIEW OBSTRUCTED,EAST 10TH ST,39.17157747,-86.51808392
902347059,2022,12,3,2200,Weekday,2-Car,No injury/unknown,UNSAFE BACKING,E 10TH,39.17157747,-86.51808392
902347068,2022,12,2,2200,Weekday,2-Car,No injury/unknown,UNSAFE BACKING,E 10TH,39.17157747,-86.51808392
902201080,2022,3,4,0,Weekday,1-Car,No injury/unknown,LEFT OF CENTER,10TH ST & FEE,39.17157257,-86.51762956
902292332,2022,9,6,2300,Weekend,2-Car,Non-incapacitating,FAILURE TO YIELD RIGHT OF WAY,TENTH & UNION ST,39.17157235,-86.50945322
902167259,2022,1,5,900,Weekday,1-Car,No injury/unknown,OTHER (DRIVER) - EXPLAIN IN NARRATIVE,SR46 & UNIONVILLE RD,39.17156787,-86.5027705
902166707,2022,1,4,2200,Weekday,2-Car,No injury/unknown,SPEED TOO FAST FOR WEATHER CONDITIONS,SR46 & UNIONVILLE,39.1715658,-86.50228603