Master Record Number,Year,Month,Day,Hour,Weekend,Collision Type,Injury Type,Primary Factor,Reported_Location,Latitude,Longitude
902183217,2022,2,4,1700,Weekday,2-Car,No injury/unknown,FOLLOWING TOO CLOSELY,SR46 & UNIONVILLE,39.1715658,-86.50228603
902237336,2022,5,5,2000,Weekday,2-Car,No injury/unknown,FOLLOWING TOO CLOSELY,SR46 & UNIONVILLE,39.1715658,-86.50228603
902278235,2022,8,1,1400,Weekend,2-Car,No injury/unknown,SPEED TOO FAST FOR WEATHER CONDITIONS,SR46 & UNIONVILLE,39.1715658,-86.50228603
902286783,2022,8,3,1800,Weekday,2-Car,No injury/unknown,FOLLOWING TOO CLOSELY,SR46 & UNIONVILLE,39.1715658,-86.50228603
902292171,2022,9,6,1400,Weekday,Bus,No injury/unknown,UNSAFE LANE MOVEMENT,SR46 & UNIONVILLE,39.1715658,-86.50228603
902325049,2022,10,6,2000,Weekend,2-Car,Incapacitating,FOLLOWING TOO CLOSELY,SR46 & UNIONVILLE,39.1715658,-86.50228603
902350550,2022,12,3,800,Weekday,2-Car,No injury/unknown,FOLLOWING TOO CLOSELY,SR46 & UNIONVILLE,39.1715658,-86.50228603
902362151,2022,12,2,800,Weekday,1-Car,No injury/unknown,VIEW OBSTRUCTED,SR46 & UNIONVILLE,39.1715658,-86.50228603
902185050,2022,2,7,100,Weekend,1-Car,No injury/unknown,OTHER (VEHICLE) - EXPLAIN IN NARRATIVE,10TH ST & JORDAN,39.17155773,-86.51625722
902330483,2022,11,1,1500,Weekend,2-Car,No injury/unknown,FOLLOWING TOO CLOSELY,E 10TH & N HILLTOP GARDEN,39.17155619,-86.50484901
902288850,2022,8,6,1100,Weekday,2-Car,No injury/unknown,OTHER (DRIVER) - EXPLAIN IN NARRATIVE,SR45 & SR46,39.1715541,-86.49989653
902303822,2022,9,7,1300,Weekend,Moped/Motorcycle,Non-incapacitating,IMPROPER TURNING,10TH ST & TULIP TREE,39.17155244,-86.50475979
902177179,2022,2,4,2200,Weekday,2-Car,No injury/unknown,UNSAFE BACKING,N JORDAN AVE,39.171552,-86.515728
902184766,2022,2,6,1700,Weekday,2-Car,No injury/unknown,SPEED TOO FAST FOR WEATHER CONDITIONS,10TH & JORDAN AVE,39.171552,-86.515728
902291105,2022,9,4,1200,Weekday,2-Car,No injury/unknown,UNSAFE BACKING,N JORDAN AVE,39.171552,-86.515728
902309154,2022,10,2,1900,Weekday,2-Car,No injury/unknown,FOLLOWING TOO CLOSELY,10TH ST & JORDAN,39.171552,-86.515728
902290669,2022,9,4,800,Weekday,2-Car,No injury/unknown,DRIVER DISTRACTED - EXPLAIN IN NARRATIVE,45 46 & E 10TH ST,39.17153031,-86.50220967
902314799,2022,10,4,1800,Weekday,3+ Cars,Non-incapacitating,SPEED TOO FAST FOR WEATHER CONDITIONS,10TH & PETE ELLIS,39.17152424,-86.4960172
902173937,2022,1,6,1700,Weekday,2-Car,Non-incapacitating,FOLLOWING TOO CLOSELY,10TH ST & UNION,39.1715126,-86.51290408
902190452,2022,2,6,1700,Weekday,2-Car,No injury/unknown,FOLLOWING TOO CLOSELY,10TH ST & UNION,39.1715126,-86.51290408
902216845,2022,4,1,1400,Weekend,2-Car,No injury/unknown,UNSAFE BACKING,E TENTH ST,39.17150684,-86.5092726
902352927,2022,12,3,1700,Weekday,2-Car,No injury/unknown,UNSAFE BACKING,E 10TH,39.171504,-86.512288
902203740,2022,3,1,200,Weekend,1-Car,No injury/unknown,UNSAFE LANE MOVEMENT,10TH & RANGE RD,39.171504,-86.495312
902219523,2022,4,5,1600,Weekday,3+ Cars,No injury/unknown,FOLLOWING TOO CLOSELY,RANGE & SR46E,39.171504,-86.495312
902229332,2022,5,4,2200,Weekday,2-Car,No injury/unknown,FAILURE TO YIELD RIGHT OF WAY,E 10TH ST & PETE ELLIS,39.171504,-86.495312
902239682,2022,5,3,1700,Weekday,3+ Cars,No injury/unknown,FOLLOWING TOO CLOSELY,E 10TH ST & N PETE ELLIS,39.171504,-86.495312
902277679,2022,8,6,2100,Weekend,1-Car,No injury/unknown,BRAKE FAILURE OR DEFECTIVE,10TH & RANGE RD,39.171504,-86.495312
902295296,2022,9,5,1500,Weekday,2-Car,No injury/unknown,FOLLOWING TOO CLOSELY,RANGE & SR45S,39.171504,-86.495312
902303555,2022,9,6,1600,Weekday,2-Car,No injury/unknown,FOLLOWING TOO CLOSELY,RANGE & SR4546E,39.171504,-86.495312
902312878,2022,10,2,800,Weekday,2-Car,No injury/unknown,FOLLOWING TOO CLOSELY,E 10TH ST & N PETE ELLIS,39.171504,-86.495312
902324833,2022,10,5,1800,Weekday,2-Car,No injury/unknown,FAILURE TO YIELD RIGHT OF WAY,10TH & PETE ELLIS,39.171504,-86.495312
902326736,2022,11,2,1400,Weekday,3+ Cars,Non-incapacitating,FOLLOWING TOO CLOSELY,RANGE & SR4546N,39.171504,-86.495312
902334654,2022,11,6,2000,Weekend,2-Car,Non-incapacitating,FOLLOWING TOO CLOSELY,RANGE & SR46S,39.171504,-86.495312
902185204,2022,2,7,900,Weekend,3+ Cars,No injury/unknown,SPEED TOO FAST FOR WEATHER CONDITIONS,E 10TH ST,39.171504,-86.49509867
902268959,2022,7,3,1000,Weekday,2-Car,Non-incapacitating,IMPROPER LANE USAGE,JOHN HINKLE & SR45E,39.171504,-86.49296
902238682,2022,5,1,1500,Weekend,2-Car,No injury/unknown,DRIVER DISTRACTED - EXPLAIN IN NARRATIVE,EAST 10TH ST,39.1715008,-86.50133728
902190839,2022,2,7,1500,Weekend,2-Car,No injury/unknown,IMPROPER TURNING,E 10TH ST,39.17149326,-86.51131082
902357243,2022,12,6,1500,Weekday,2-Car,No injury/unknown,DRIVER ASLEEP OR FATIGUED,EAST 10TH,39.17149326,-86.51131082
902287870,2022,8,5,500,Weekday,2-Car,No injury/unknown,OTHER (DRIVER) - EXPLAIN IN NARRATIVE,2931 EAST 10TH (PARKING LOT) ST & RANGE,39.17148598,-86.49535871
902318346,2022,10,3,700,Weekday,1-Car,No injury/unknown,UNSAFE BACKING,2931 E 10TH (PARKING LOT) & RANGE,39.17148598,-86.49535006
902217718,2022,4,2,2100,Weekday,3+ Cars,No injury/unknown,FOLLOWING TOO CLOSELY,10TH ST & UNION,39.17148364,-86.51043443
902228670,2022,5,3,1700,Weekday,Cyclist,Non-incapacitating,UNSAFE LANE MOVEMENT,10TH ST & UNION,39.17148364,-86.51043443
902252549,2022,6,6,1200,Weekday,2-Car,No injury/unknown,DRIVER DISTRACTED - EXPLAIN IN NARRATIVE,E 10TH ST,39.17148231,-86.51031409
902259605,2022,7,5,1800,Weekday,2-Car,No injury/unknown,UNSAFE BACKING,E 10TH ST,39.17148166,-86.51025546
902188916,2022,2,3,1400,Weekday,2-Car,No injury/unknown,UNSAFE BACKING,E 10TH ST,39.17148145,-86.51023592
902230078,2022,5,6,1200,Weekday,2-Car,No injury/unknown,IMPROPER TURNING,E 10TH ST,39.17148145,-86.51023592
902303517,2022,9,6,1400,Weekday,1-Car,No injury/unknown,OTHER (DRIVER) - EXPLAIN IN NARRATIVE,E 10TH ST,39.17148145,-86.51023592
902320682,2022,10,6,1900,Weekend,2-Car,No injury/unknown,FOLLOWING TOO CLOSELY,10TH & UNION,39.17147588,-86.50972881
902158018,2022,1,1,100,Weekend,2-Car,No injury/unknown,,E 10TH ST,39.171472,-86.509376
902257556,2022,6,2,1100,Weekday,2-Car,No injury/unknown,FAILURE TO YIELD RIGHT OF WAY,10TH & UNION ST,39.171472,-86.509376
902293621,2022,9,2,1600,Weekday,3+ Cars,No injury/unknown,FOLLOWING TOO CLOSELY,10TH ST & UNION,39.171472,-86.509376
902349034,2022,12,1,1600,Weekend,2-Car,No injury/unknown,IMPROPER TURNING,10TH & UNION,39.171472,-86.509376
902352712,2022,12,6,1500,Weekday,2-Car,No injury/unknown,UNSAFE BACKING,E 10TH,39.171472,-86.509376
902309087,2022,10,2,1800,Weekday,2-Car,No injury/unknown,SPEED TOO FAST FOR WEATHER CONDITIONS,RANGE & SR45,39.17146144,-86.49541336
902316936,2022,10,1,1600,Weekend,3+ Cars,No injury/unknown,FOLLOWING TOO CLOSELY,PETE ELLIS & SR45,39.17146144,-86.49541336
902192389,2022,2,3,1000,Weekday,2-Car,No injury/unknown,FOLLOWING TOO CLOSELY,10TH & WOODLAWN AVE,39.17142613,-86.52352692
902344924,2022,11,1,2100,Weekday,1-Car,No injury/unknown,SPEED TOO FAST FOR WEATHER CONDITIONS,JEFFERSON & UNIONVILLE,39.17142573,-86.50719535
902267238,2022,7,5,1500,Weekday,2-Car,Non-incapacitating,DRIVER ASLEEP OR FATIGUED,10TH & ROGERS ST,39.17140022,-86.53859987
902266492,2022,7,5,1200,Weekday,2-Car,No injury/unknown,UNSAFE BACKING,W 11TH ST,39.1714,-86.548507
902331422,2022,11,2,700,Weekday,2-Car,No injury/unknown,FOLLOWING TOO CLOSELY,TENTH & WOODLAWN,39.1713975,-86.52351337
902306331,2022,10,4,1500,Weekday,2-Car,No injury/unknown,UNSAFE BACKING,E JOHN HINKLE PL,39.171344,-86.49296
902239227,2022,5,2,1200,Weekday,2-Car,No injury/unknown,UNSAFE BACKING,EAST 10TH ST,39.171312,-86.5492
902346074,2022,12,3,700,Weekday,1-Car,No injury/unknown,IMPROPER TURNING,EAST 10TH,39.171312,-86.5492
902354569,2022,12,3,100,Weekday,2-Car,No injury/unknown,UNSAFE SPEED,N SMITH,39.171248,-86.481328
902355486,2022,12,3,100,Weekday,2-Car,No injury/unknown,UNSAFE BACKING,N SMITH,39.171248,-86.481328
902355642,2022,12,4,0,Weekday,1-Car,No injury/unknown,RAN OFF ROAD RIGHT,N SMITH,39.171248,-86.481328
902272584,2022,7,4,0,Weekday,1-Car,No injury/unknown,RAN OFF ROAD RIGHT,EVERGREEN DR & KIMBLE,39.171152,-86.567904
902335440,2022,11,7,1300,Weekend,2-Car,No injury/unknown,FAILURE TO YIELD RIGHT OF WAY,TENTH & UNION,39.1711399,-86.50944835
902281221,2022,8,7,400,Weekend,1-Car,No injury/unknown,DRIVER DISTRACTED - EXPLAIN IN NARRATIVE,9TH & WALNUT ST,39.17109328,-86.53352868
902318789,2022,10,3,1800,Weekday,2-Car,No injury/unknown,IMPROPER TURNING,10TH & DUNN,39.1709934,-86.52824633
902184819,2022,2,6,1500,Weekday,2-Car,No injury/unknown,SPEED TOO FAST FOR WEATHER CONDITIONS,BASSWOOD DR & BLOOMFIELD,39.17092115,-86.56889006
902339701,2022,11,6,1000,Weekday,2-Car,No injury/unknown,UNSAFE BACKING,N WALNUT,39.17091135,-86.5335311
902217821,2022,4,3,700,Weekday,1-Car,No injury/unknown,IMPROPER TURNING,S COLLEGE AVE,39.17088686,-86.534768
902302375,2022,9,4,1600,Weekday,2-Car,Non-incapacitating,FOLLOWING TOO CLOSELY,S COLLEGE AVE,39.17088686,-86.534768
902332110,2022,11,3,1700,Weekday,2-Car,No injury/unknown,UNSAFE BACKING,S COLLEGE,39.17088686,-86.534768
902295503,2022,9,6,600,Weekday,Pedestrian,Non-incapacitating,FAILURE TO YIELD RIGHT OF WAY,S WALNUT ST,39.1707889,-86.53353274
902210090,2022,3,7,1400,Weekend,2-Car,No injury/unknown,LEFT OF CENTER,10TH & JORDAN AVE,39.17073106,-86.51581866
902210352,2022,3,1,1400,Weekend,2-Car,No injury/unknown,FAILURE TO YIELD RIGHT OF WAY,JOHN HINKLE & PETE ELLIS DR,39.17072,-86.4956
902214238,2022,4,2,1900,Weekday,Bus,No injury/unknown,FOLLOWING TOO CLOSELY,JOHN HINKLE & N PETE ELLIS DR,39.17072,-86.4956
902221032,2022,4,2,1000,Weekday,2-Car,No injury/unknown,FAILURE TO YIELD RIGHT OF WAY,JOHN HINKLE & PETE ELLIS DR,39.17072,-86.4956
902233883,2022,5,5,900,Weekday,Bus,No injury/unknown,UNSAFE BACKING,PETE ELLIS DR,39.17072,-86.4956
902279858,2022,8,4,1200,Weekday,1-Car,No injury/unknown,UNSAFE BACKING,SOUTH WALNUT ST,39.17071543,-86.53353371
902277763,2022,8,3,200,Weekday,2-Car,No injury/unknown,UNSAFE BACKING,N WASHINGTON ST,39.17071314,-86.5324
902286585,2022,8,2,1500,Weekday,1-Car,No injury/unknown,DRIVER DISTRACTED - EXPLAIN IN NARRATIVE,E JOHN HINKLE PL,39.17069457,-86.49478104
902199010,2022,3,6,1900,Weekend,Moped/Motorcycle,Non-incapacitating,UNSAFE LANE MOVEMENT,9TH & COLLEGE AVE,39.17068133,-86.534768
902222759,2022,4,4,1500,Weekday,Cyclist,Non-incapacitating,UNSAFE SPEED,10TH & UNION ST,39.17064813,-86.50936
902228356,2022,5,3,800,Weekday,2-Car,No injury/unknown,FAILURE TO YIELD RIGHT OF WAY,E JOHN HINKLE PL,39.17064462,-86.4931729
902228481,2022,5,3,800,Weekday,2-Car,No injury/unknown,FAILURE TO YIELD RIGHT OF WAY,E JOHN HINKLE PL,39.17064462,-86.4931729
902263214,2022,7,5,1400,Weekday,1-Car,No injury/unknown,OTHER (DRIVER) - EXPLAIN IN NARRATIVE,N COLLEGE AVE,39.17059298,-86.534768
902189740,2022,2,5,1500,Weekday,2-Car,No injury/unknown,UNSAFE LANE MOVEMENT,NORTH COLLEGE AVE & WEST 9TH,39.170544,-86.534768
902216081,2022,4,6,900,Weekday,2-Car,No injury/unknown,IMPROPER LANE USAGE,9TH & COLLEGE AVE,39.170544,-86.534768
902222706,2022,4,4,1300,Weekday,2-Car,No injury/unknown,UNSAFE LANE MOVEMENT,9TH & COLLEGE AVE,39.170544,-86.534768
902236245,2022,5,3,1900,Weekday,1-Car,No injury/unknown,OVERSIZE/OVERWEIGHT LOAD,COLLEGE AVE,39.170544,-86.534768
902315636,2022,10,5,900,Weekday,2-Car,No injury/unknown,IMPROPER LANE USAGE,N COLLEGE & W 9TH,39.170544,-86.534768
902169548,2022,1,7,300,Weekend,2-Car,No injury/unknown,ROADWAY SURFACE CONDITION,100 WEST 9TH ST & NORTH WALNUT,39.170544,-86.533536
902183959,2022,2,4,1800,Weekday,3+ Cars,No injury/unknown,FOLLOWING TOO CLOSELY,9TH & WALNUT ST,39.170544,-86.533536
902198365,2022,3,5,2000,Weekday,2-Car,No injury/unknown,FAILURE TO YIELD RIGHT OF WAY,9TH & NORTH WALNUT ST,39.170544,-86.533536
902216702,2022,4,7,2300,Weekend,2-Car,No injury/unknown,IMPROPER PASSING,9TH ST & WALNUT,39.170544,-86.533536
902277671,2022,8,6,1500,Weekday,2-Car,Non-incapacitating,FOLLOWING TOO CLOSELY,N WALNUT ST & W 9TH,39.170544,-86.533536
902287886,2022,8,5,1300,Weekday,2-Car,No injury/unknown,UNSAFE BACKING,E 9TH ST & N WALNUT,39.170544,-86.533536
902307911,2022,10,7,1200,Weekend,1-Car,No injury/unknown,RAN OFF ROAD RIGHT,9TH ST & WALNUT,39.170544,-86.533536
902171758,2022,1,3,1300,Weekday,2-Car,Non-incapacitating,FAILURE TO YIELD RIGHT OF WAY,EAST 9TH & NORTH WASHINGTON ST,39.170544,-86.5324
902199529,2022,3,1,1200,Weekend,2-Car,No injury/unknown,FAILURE TO YIELD RIGHT OF WAY,E 9TH & N WASHINGTON ST,39.170544,-86.5324
902231855,2022,5,2,1600,Weekday,2-Car,No injury/unknown,FAILURE TO YIELD RIGHT OF WAY,9TH & GRANT ST,39.170544,-86.529696
902284766,2022,8,6,1500,Weekday,2-Car,No injury/unknown,IMPROPER TURNING,9TH ST & DUNN,39.170544,-86.52843406
902213066,2022,4,6,1500,Weekday,1-Car,No injury/unknown,RAN OFF ROAD RIGHT,EAST 9TH ST,39.170544,-86.52394743
902166422,2022,1,4,1400,Weekday,2-Car,No injury/unknown,FOLLOWING TOO CLOSELY,9TH & WOODLAWN AVE,39.170544,-86.523488
902306627,2022,10,5,1100,Weekday,2-Car,No injury/unknown,UNSAFE SPEED,9TH & WOODLAWN AVE,39.170544,-86.523488
902317137,2022,10,1,2200,Weekday,2-Car,No injury/unknown,IMPROPER TURNING,9TH & WOODLAWN,39.170544,-86.523488
902322908,2022,10,3,1700,Weekday,2-Car,No injury/unknown,FAILURE TO YIELD RIGHT OF WAY,BLOOMFIELD & LANDMARK,39.17051299,-86.55382007
902296096,2022,9,7,1100,Weekend,2-Car,No injury/unknown,UNSAFE BACKING,E JAMES RD,39.17047882,-86.44799041
902303583,2022,9,6,1300,Weekday,3+ Cars,No injury/unknown,FOLLOWING TOO CLOSELY,9TH & COLLEGE AVE,39.1704601,-86.53485015
902283550,2022,8,4,1500,Weekday,2-Car,No injury/unknown,UNSAFE SPEED,10TH & JORDAN AVE,39.17045742,-86.51584888
902296298,2022,9,7,1600,Weekend,2-Car,No injury/unknown,UNSAFE BACKING,FESS AVE & NINTH,39.1704472,-86.52579994
902350306,2022,12,2,2300,Weekday,2-Car,No injury/unknown,OTHER (DRIVER) - EXPLAIN IN NARRATIVE,9TH & LINCOLN,39.17043414,-86.530992
902235652,2022,5,2,1600,Weekday,2-Car,No injury/unknown,UNSAFE BACKING,7TH & JORDAN AVE,39.17037688,-86.51690505
902296646,2022,9,7,1000,Weekend,2-Car,No injury/unknown,UNSAFE BACKING,8TH & ROOSEVELT ST,39.17034372,-86.50599374
902156913,2022,1,6,900,Weekday,1-Car,No injury/unknown,UNSAFE BACKING,N CABOT CT,39.17028767,-86.47615282
902266722,2022,7,5,1300,Weekday,Moped/Motorcycle,Non-incapacitating,DISREGARD SIGNAL/REG SIGN,JACOB DR & SUSAN,39.17026028,-86.57266996
902220030,2022,4,6,1100,Weekday,2-Car,No injury/unknown,,EAST EASTGATE LN,39.17024,-86.501392
902357808,2022,12,7,800,Weekend,2-Car,No injury/unknown,FOLLOWING TOO CLOSELY,5190 EAST STATE ROAD 45 & SR45E,39.17024,-86.501392
902331402,2022,11,2,1800,Weekday,3+ Cars,Non-incapacitating,FOLLOWING TOO CLOSELY,EASTGATE & SR46N,39.17024,-86.501392
902347744,2022,12,5,1700,Weekday,2-Car,No injury/unknown,SPEED TOO FAST FOR WEATHER CONDITIONS,EASTGATE & SR46N,39.17024,-86.501392
902217798,2022,4,2,1200,Weekday,2-Car,No injury/unknown,FAILURE TO YIELD RIGHT OF WAY,DANIELS WAY & ZENITH,39.17015031,-86.59829981
902303648,2022,9,6,1700,Weekday,1-Car,No injury/unknown,RAN OFF ROAD RIGHT,PARK RIDGE & SHEFFIELD DR,39.170144,-86.474896
902330096,2022,11,7,1300,Weekend,2-Car,No injury/unknown,,NORTH COLLEGE,39.17009861,-86.53477518
902220266,2022,4,7,900,Weekend,2-Car,No injury/unknown,,N GATES DR,39.1698761,-86.57495117
902225291,2022,4,3,1800,Weekday,2-Car,No injury/unknown,IMPROPER TURNING,N GATES DR,39.1698761,-86.57495117
902225875,2022,4,4,1100,Weekday,2-Car,No injury/unknown,UNSAFE BACKING,N GATES DR,39.1698761,-86.57495117
902234420,2022,5,7,1000,Weekend,2-Car,No injury/unknown,OTHER (DRIVER) - EXPLAIN IN NARRATIVE,NORTH GATES DR,39.1698761,-86.57495117
902319220,2022,10,3,1700,Weekday,2-Car,No injury/unknown,FAILURE TO YIELD RIGHT OF WAY,N GATES,39.1698761,-86.57495117
902277995,2022,8,7,1800,Weekend,2-Car,No injury/unknown,,NORTH GATES DR,39.169876,-86.574951
902182339,2022,2,3,1400,Weekday,1-Car,No injury/unknown,OTHER (DRIVER) - EXPLAIN IN NARRATIVE,ADAMS ST & W VERNAL,39.16984,-86.549696
902211529,2022,4,3,1300,Weekday,1-Car,No injury/unknown,OTHER (DRIVER) - EXPLAIN IN NARRATIVE,ADAMS ST & VERNAL,39.16984,-86.549696
902218022,2022,4,4,1200,Weekday,1-Car,No injury/unknown,DISREGARD SIGNAL/REG SIGN,N ADAMS ST & VERNAL,39.16984,-86.549696
902220124,2022,4,6,1500,Weekday,3+ Cars,No injury/unknown,FOLLOWING TOO CLOSELY,ADAMS ST & VERNAL,39.16984,-86.549696
902280060,2022,8,4,1500,Weekday,1-Car,No injury/unknown,OVERSIZE/OVERWEIGHT LOAD,ADAMS ST & VERNAL,39.16984,-86.549696
902252165,2022,6,5,0,Weekday,2-Car,No injury/unknown,,N FESS AVE,39.16979265,-86.52571527
902292967,2022,9,1,1600,Weekend,1-Car,No injury/unknown,OVERCORRECTING/OVERSTEERING,N INDIANA AVE,39.16976751,-86.52696522
902299817,2022,9,6,1900,Weekend,2-Car,No injury/unknown,,S GRANT ST,39.16975445,-86.529696
902204249,2022,3,2,1000,Weekday,2-Car,No injury/unknown,IMPROPER TURNING,N COLLEGE AVE,39.1697342,-86.53478106
902163108,2022,1,6,2200,Weekend,2-Car,No injury/unknown,OTHER (DRIVER) - EXPLAIN IN NARRATIVE,W 8TH ST,39.16972931,-86.55493061
902338176,2022,11,4,900,Weekday,1-Car,No injury/unknown,UNSAFE BACKING,SPRING & W 8TH,39.169728,-86.5548
902294235,2022,9,3,2000,Weekday,3+ Cars,No injury/unknown,DRIVER DISTRACTED - EXPLAIN IN NARRATIVE,8TH & LINCOLN ST,39.16968933,-86.530992
902276645,2022,8,5,600,Weekday,1-Car,No injury/unknown,ANIMAL/OBJECT IN ROADWAY,BILL MALLORY & ST RD 446 RD,39.16968263,-86.47156007
902235946,2022,5,3,900,Weekday,2-Car,No injury/unknown,UNSAFE BACKING,400 N HOPEWELL ST & W 8TH,39.16968,-86.552192
902298126,2022,9,3,2100,Weekday,2-Car,No injury/unknown,UNSAFE BACKING,500 N ADAMS ST & W 8TH,39.169648,-86.54968
902270308,2022,7,5,2000,Weekday,Pedestrian,Non-incapacitating,FAILURE TO YIELD RIGHT OF WAY,E 8TH & N INDIANA AVE,39.169616,-86.52696
902352641,2022,12,6,1000,Weekday,2-Car,No injury/unknown,FAILURE TO YIELD RIGHT OF WAY,8TH & INDIANA,39.169616,-86.52696
902326605,2022,11,2,800,Weekday,2-Car,No injury/unknown,UNSAFE BACKING,8TH & INDIANA,39.16960922,-86.52643082
902347681,2022,12,5,1600,Weekday,2-Car,No injury/unknown,UNSAFE BACKING,8TH & FESS,39.1696,-86.525712
902336015,2022,11,2,700,Weekday,1-Car,No injury/unknown,ROADWAY SURFACE CONDITION,CAMBRIDGE & SHEFFIELD,39.1696,-86.478336
902238489,2022,5,1,1500,Weekend,2-Car,No injury/unknown,UNSAFE BACKING,N PETE ELLIS DR,39.169584,-86.495904
902252737,2022,6,6,1300,Weekday,2-Car,No injury/unknown,OTHER (DRIVER) - EXPLAIN IN NARRATIVE,N SUNRISE AVE,39.16958034,-86.51238732
902160911,2022,1,5,1100,Weekday,1-Car,No injury/unknown,OTHER (ENVIRONMENTAL) - EXPLAIN IN NARR,S MORTON AVE,39.169568,-86.536
902166054,2022,1,3,1900,Weekday,2-Car,No injury/unknown,IMPROPER TURNING,8TH & COLLEGE AVE,39.169552,-86.534784
902180519,2022,2,7,200,Weekend,2-Car,No injury/unknown,UNSAFE LANE MOVEMENT,NORTH COLLEGE AVE & WEST 8TH,39.169552,-86.534784
902218015,2022,4,3,1000,Weekday,Bus,No injury/unknown,OTHER (DRIVER) - EXPLAIN IN NARRATIVE,8TH & COLLEGE AVE,39.169552,-86.534784
902221348,2022,4,2,1500,Weekday,2-Car,No injury/unknown,IMPROPER TURNING,8TH & COLLEGE AVE,39.169552,-86.534784
902222427,2022,4,4,1800,Weekday,2-Car,No injury/unknown,IMPROPER TURNING,8TH & S COLLEGE AVE,39.169552,-86.534784
902224093,2022,4,1,1800,Weekend,2-Car,No injury/unknown,IMPROPER TURNING,8TH & N COLLEGE AVE AVE,39.169552,-86.534784
902243934,2022,6,4,700,Weekday,2-Car,No injury/unknown,IMPROPER TURNING,N COLLEGE ST & W 8TH,39.169552,-86.534784
902247233,2022,6,3,1200,Weekday,2-Car,No injury/unknown,IMPROPER TURNING,N COLLEGE AVE & W 8TH,39.169552,-86.534784
902302874,2022,9,5,1500,Weekday,2-Car,No injury/unknown,UNSAFE LANE MOVEMENT,8TH & COLLEGE AVE,39.169552,-86.534784
902303396,2022,9,6,1200,Weekday,2-Car,No injury/unknown,IMPROPER TURNING,8TH & N COLLEGE AVE,39.169552,-86.534784
902329393,2022,11,6,1100,Weekday,2-Car,No injury/unknown,UNSAFE LANE MOVEMENT,N COLLEGE & W 8TH,39.169552,-86.534784
902229402,2022,5,5,700,Weekday,2-Car,No injury/unknown,FAILURE TO YIELD RIGHT OF WAY,E 8TH & N WALNUT ST,39.169552,-86.533552
902296600,2022,9,1,1600,Weekend,2-Car,No injury/unknown,UNSAFE BACKING,N WALNUT ST,39.169552,-86.533552
902335346,2022,11,1,300,Weekend,2-Car,No injury/unknown,RAN OFF ROAD RIGHT,8TH & N WALNUT,39.169552,-86.533552
902212594,2022,4,5,2100,Weekday,2-Car,No injury/unknown,FAILURE TO YIELD RIGHT OF WAY,8TH & WASHINGTON ST,39.169552,-86.5324
902180537,2022,2,1,1400,Weekend,2-Car,No injury/unknown,FAILURE TO YIELD RIGHT OF WAY,EAST 8TH & NORTH LINCOLN ST,39.169552,-86.530992
902225711,2022,4,4,1400,Weekday,2-Car,No injury/unknown,FAILURE TO YIELD RIGHT OF WAY,8TH & LINCOLN ST,39.169552,-86.530992
902167670,2022,1,5,1900,Weekday,2-Car,No injury/unknown,FAILURE TO YIELD RIGHT OF WAY,8TH ST & WOODLAWN,39.169552,-86.52344
902179913,2022,2,6,2000,Weekend,1-Car,No injury/unknown,RAN OFF ROAD RIGHT,BUSKIRK RD & FRY,39.16952979,-86.55248179
902253530,2022,6,7,1700,Weekend,2-Car,No injury/unknown,FAILURE TO YIELD RIGHT OF WAY,COLLEGE AVE & EIGHTH,39.16950572,-86.53484886
902334729,2022,11,7,100,Weekend,2-Car,No injury/unknown,UNSAFE BACKING,8TH & NORTH CLARK,39.169472,-86.504864
902192644,2022,2,3,1700,Weekday,2-Car,No injury/unknown,UNSAFE BACKING,E 8TH ST & N FORREST,39.16946503,-86.52243684
902290027,2022,9,3,700,Weekday,Pedestrian,No injury/unknown,UNSAFE SPEED,E 8TH & N FORREST AVE,39.16945928,-86.52238299
902249308,2022,6,7,0,Weekend,Moped/Motorcycle,Non-incapacitating,ROADWAY SURFACE CONDITION,8TH & WASHINGTON ST,39.16934601,-86.5324
902308168,2022,10,1,400,Weekend,1-Car,No injury/unknown,OVERCORRECTING/OVERSTEERING,E AMY & N PETE ELLIS DR,39.169312,-86.495888
902301855,2022,9,3,2100,Weekday,2-Car,No injury/unknown,OTHER (DRIVER) - EXPLAIN IN NARRATIVE,NORTH JACOBS DR,39.16931152,-86.57286834
902252766,2022,6,6,1300,Weekday,2-Car,No injury/unknown,,WEST SEVENTH ST,39.169277,-86.537766
902209400,2022,3,5,1400,Weekday,2-Car,No injury/unknown,UNSAFE BACKING,6 TH & MORTON ST,39.16916637,-86.53611011
902265545,2022,7,3,1600,Weekday,2-Car,No injury/unknown,UNSAFE BACKING,E 7TH & N FORREST AVE,39.16897137,-86.52233031
902228757,2022,4,4,1400,Weekday,2-Car,No injury/unknown,DISREGARD SIGNAL/REG SIGN,7TH & JORDAN AVE,39.168944,-86.516016
902293610,2022,9,2,1600,Weekday,Cyclist,No injury/unknown,DISREGARD SIGNAL/REG SIGN,E 7TH & N JORDAN AVE,39.168944,-86.516016