Master Record Number,Year,Month,Day,Hour,Weekend,Collision Type,Injury Type,Primary Factor,Reported_Location,Latitude,Longitude
902304351,2022,9,6,2300,Weekend,2-Car,No injury/unknown,UNSAFE BACKING,E 7TH ST & N JORDAN,39.168944,-86.516016
902354674,2022,12,3,700,Weekday,Pedestrian,Non-incapacitating,VIEW OBSTRUCTED,7TH & JORDAN,39.168944,-86.516016
902311719,2022,10,6,1700,Weekday,2-Car,No injury/unknown,UNSAFE LANE MOVEMENT,45 & SOUTH CURRY PIKE,39.16893228,-86.58264923
902265816,2022,7,4,1000,Weekday,2-Car,No injury/unknown,FOLLOWING TOO CLOSELY,7TH & COLLEGE AVE,39.16893066,-86.534784
902216738,2022,4,7,1100,Weekend,3+ Cars,No injury/unknown,UNSAFE BACKING,N GATES DR,39.16889705,-86.57647803
902255959,2022,6,5,700,Weekday,2-Car,No injury/unknown,LEFT OF CENTER,400 BLK S GRANT ST & SMITH,39.168848,-86.481296
902189307,2022,2,4,1300,Weekday,2-Car,No injury/unknown,FOLLOWING TOO CLOSELY,N GATES & W ALEXANDER DR,39.16877288,-86.57629272
902300869,2022,9,2,800,Weekday,Bus,Non-incapacitating,LEFT OF CENTER,ALEXANDER & JACOB DR,39.16877031,-86.57355979
902152119,2022,1,6,1800,Weekday,2-Car,Non-incapacitating,FOLLOWING TOO CLOSELY,ALEXANDER DR & GATES,39.16876025,-86.57642835
902173758,2022,1,6,2200,Weekend,1-Car,No injury/unknown,DRIVER DISTRACTED - EXPLAIN IN NARRATIVE,E 7TH ST,39.168752,-86.5436
902182083,2022,2,6,1200,Weekday,2-Car,No injury/unknown,UNSAFE BACKING,7TH ST,39.168752,-86.5436
902182238,2022,2,3,1100,Weekday,2-Car,No injury/unknown,,EAST 7TH ST,39.168752,-86.5436
902202992,2022,3,5,0,Weekday,2-Car,No injury/unknown,OTHER (DRIVER) - EXPLAIN IN NARRATIVE,E 7TH ST,39.168752,-86.5436
902247089,2022,5,1,1600,Weekend,2-Car,No injury/unknown,DRIVER DISTRACTED - EXPLAIN IN NARRATIVE,EAST 7TH ST,39.168752,-86.5436
902263431,2022,7,5,1200,Weekday,2-Car,No injury/unknown,FAILURE TO YIELD RIGHT OF WAY,E 7TH ST,39.168752,-86.5436
902293441,2022,9,2,1200,Weekday,2-Car,No injury/unknown,UNSAFE BACKING,EAST 7TH ST,39.168752,-86.5436
902324170,2022,10,5,1500,Weekday,2-Car,No injury/unknown,UNSAFE BACKING,EAST 7TH,39.168752,-86.5436
902220258,2022,4,7,300,Weekend,2-Car,No injury/unknown,OTHER (DRIVER) - EXPLAIN IN NARRATIVE,COLLEGE AVE,39.16874743,-86.534784
902345639,2022,12,2,300,Weekday,2-Car,No injury/unknown,OTHER (VEHICLE) - EXPLAIN IN NARRATIVE,E 7TH & N CAMPBELL,39.16873199,-86.51390544
902221923,2022,4,3,1700,Weekday,2-Car,No injury/unknown,RAN OFF ROAD RIGHT,7TH & DUNN ST,39.16872239,-86.52822531
902302875,2022,9,5,1600,Weekday,2-Car,No injury/unknown,UNSAFE BACKING,EAST 7TH ST,39.16872163,-86.54461225
902199113,2022,3,6,200,Weekday,Pedestrian,No injury/unknown,FAILURE TO YIELD RIGHT OF WAY,N WALNUT ST,39.16871445,-86.53356669
902289068,2022,8,1,200,Weekend,1-Car,Non-incapacitating,FAILURE TO YIELD RIGHT OF WAY,N WALNUT ST,39.16871445,-86.53356669
902184709,2022,2,6,1500,Weekday,2-Car,No injury/unknown,SPEED TOO FAST FOR WEATHER CONDITIONS,7TH ST & CAMPBELL,39.16870996,-86.51390009
902194325,2022,2,6,1700,Weekday,1-Car,No injury/unknown,UNSAFE BACKING,W 7TH ST,39.168704,-86.538576
902200081,2022,3,2,1100,Weekday,1-Car,Non-incapacitating,OTHER (VEHICLE) - EXPLAIN IN NARRATIVE,W 7TH ST,39.168704,-86.538576
902248089,2022,6,4,1900,Weekday,2-Car,No injury/unknown,OTHER (DRIVER) - EXPLAIN IN NARRATIVE,7TH ST & ROGERS,39.168704,-86.538576
902155320,2022,1,4,1200,Weekday,2-Car,No injury/unknown,FOLLOWING TOO CLOSELY,7TH ST & MORTON,39.168672,-86.536
902200923,2022,3,3,1500,Weekday,2-Car,No injury/unknown,UNSAFE BACKING,7TH ST & MORTON,39.168672,-86.536
902244996,2022,6,5,900,Weekday,2-Car,No injury/unknown,LEFT OF CENTER,N MORTON ST,39.168672,-86.536
902350203,2022,12,2,1900,Weekday,2-Car,No injury/unknown,UNSAFE BACKING,N MORTON,39.168672,-86.536
902254764,2022,6,3,700,Weekday,2-Car,No injury/unknown,IMPROPER TURNING,W 7TH ST,39.16866318,-86.53532996
902158805,2022,1,5,1200,Weekday,2-Car,No injury/unknown,UNSAFE BACKING,N WALNUT ST,39.16865861,-86.53356767
902188841,2022,2,6,200,Weekday,1-Car,No injury/unknown,OTHER (ENVIRONMENTAL) - EXPLAIN IN NARR,COLLEGE AVE,39.168656,-86.534784
902200090,2022,3,2,1100,Weekday,Pedestrian,Non-incapacitating,FAILURE TO YIELD RIGHT OF WAY,7TH & COLLEGE AVE,39.168656,-86.534784
902212682,2022,4,5,1300,Weekday,2-Car,No injury/unknown,FAILURE TO YIELD RIGHT OF WAY,COLLEGE & WEST 7TH ST,39.168656,-86.534784
902270597,2022,7,6,800,Weekday,1-Car,No injury/unknown,OTHER (DRIVER) - EXPLAIN IN NARRATIVE,N COLLEGE AVE AVE,39.168656,-86.534784
902310789,2022,10,5,900,Weekday,Pedestrian,Non-incapacitating,PEDESTRIAN ACTION,7TH & N COLLEGE AVE,39.168656,-86.534784
902316335,2022,10,7,100,Weekend,2-Car,No injury/unknown,UNSAFE LANE MOVEMENT,7TH & COLLEGE,39.168656,-86.534784
902316551,2022,10,7,1600,Weekend,Bus,No injury/unknown,IMPROPER LANE USAGE,N COLLEGE & W 7TH,39.168656,-86.534784
902339127,2022,11,5,1200,Weekday,2-Car,No injury/unknown,FAILURE TO YIELD RIGHT OF WAY,7TH & WASHINGTON,39.16864,-86.53204717
902349069,2022,12,1,1600,Weekend,2-Car,No injury/unknown,FAILURE TO YIELD RIGHT OF WAY,7TH & LINCOLN,39.16864,-86.53152125
902322972,2022,10,3,2300,Weekday,2-Car,No injury/unknown,FAILURE TO YIELD RIGHT OF WAY,7TH & WASHINGTON,39.16864,-86.53151792
902287469,2022,8,3,1400,Weekday,2-Car,No injury/unknown,FAILURE TO YIELD RIGHT OF WAY,7TH ST & GRANT,39.16864,-86.52983713
902312331,2022,10,6,1300,Weekday,Bus,No injury/unknown,IMPROPER LANE USAGE,7TH ST & GRANT,39.16864,-86.52943138
902234262,2022,5,6,1600,Weekday,Bus,No injury/unknown,OTHER (DRIVER) - EXPLAIN IN NARRATIVE,7TH & NORTH WALNUT ST,39.16864,-86.533568
902266855,2022,7,6,100,Weekday,2-Car,No injury/unknown,UNSAFE LANE MOVEMENT,7TH & WALNUT ST,39.16864,-86.533568
902357048,2022,12,6,1100,Weekday,2-Car,No injury/unknown,OTHER (DRIVER) - EXPLAIN IN NARRATIVE,E 7TH & N WASHINGTON,39.16864,-86.5324
902212489,2022,3,6,1600,Weekday,2-Car,No injury/unknown,UNSAFE BACKING,WEST 7TH ST,39.16864,-86.53176784
902284904,2022,8,6,1200,Weekday,2-Car,No injury/unknown,OTHER (DRIVER) - EXPLAIN IN NARRATIVE,WEST 7TH ST,39.16864,-86.53176784
902165423,2022,1,3,1200,Weekday,1-Car,No injury/unknown,UNSAFE BACKING,314 E 7TH ST & LINCOLN,39.16864,-86.530992
902187971,2022,2,3,1400,Weekday,Bus,No injury/unknown,OVERCORRECTING/OVERSTEERING,7TH ST & GRANT,39.16864,-86.529696
902272762,2022,7,4,700,Weekday,Bus,No injury/unknown,OTHER (VEHICLE) - EXPLAIN IN NARRATIVE,E 7TH ST & N GRANT,39.16864,-86.529696
902347535,2022,12,5,1000,Weekday,2-Car,No injury/unknown,FAILURE TO YIELD RIGHT OF WAY,E 7TH & N GRANT,39.16864,-86.529696
902172985,2022,1,5,1000,Weekday,2-Car,No injury/unknown,FOLLOWING TOO CLOSELY,E 7TH ST & N DUNN,39.16864,-86.528224
902230808,2022,5,5,1500,Weekday,2-Car,No injury/unknown,OVERCORRECTING/OVERSTEERING,DUNN & E 7TH ST,39.16864,-86.528224
902325893,2022,11,1,1700,Weekend,2-Car,Non-incapacitating,DISREGARD SIGNAL/REG SIGN,EAST 7TH & NORTH DUNN,39.16864,-86.528224
902339371,2022,11,5,1800,Weekday,Cyclist,Incapacitating,FAILURE TO YIELD RIGHT OF WAY,7TH & INDIANA,39.16864,-86.526944
902303113,2022,9,5,1200,Weekday,2-Car,No injury/unknown,OTHER (VEHICLE) - EXPLAIN IN NARRATIVE,811 E 7TH ST ALY & WOODLAWN,39.16864,-86.523392
902325364,2022,11,7,1700,Weekend,2-Car,No injury/unknown,FAILURE TO YIELD RIGHT OF WAY,E 7TH,39.16863635,-86.51915565
902225690,2022,4,4,1400,Weekday,2-Car,No injury/unknown,UNSAFE BACKING,E 7TH ST,39.16862958,-86.52294205
902247945,2022,6,4,1400,Weekday,2-Car,No injury/unknown,UNSAFE BACKING,E 7TH ST,39.16862958,-86.52294205
902201623,2022,3,4,1400,Weekday,2-Car,No injury/unknown,UNSAFE BACKING,E 7TH ST,39.16861781,-86.52243407
902303218,2022,9,6,800,Weekday,3+ Cars,No injury/unknown,ANIMAL/OBJECT IN ROADWAY,N PINE & W 7TH ST,39.168608,-86.548384
902179961,2022,2,7,1600,Weekend,2-Car,No injury/unknown,FAILURE TO YIELD RIGHT OF WAY,ROGERS ST & SEVENTH,39.16858993,-86.53867028
902354525,2022,12,2,1900,Weekday,2-Car,No injury/unknown,UNSAFE BACKING,EAST 7TH,39.16858267,-86.52091725
902186717,2022,2,2,1100,Weekday,1-Car,No injury/unknown,OTHER (DRIVER) - EXPLAIN IN NARRATIVE,N ADAMS ST & W 7TH,39.168576,-86.5496
902285439,2022,8,7,1800,Weekend,3+ Cars,No injury/unknown,CELL PHONE USAGE,NORTH COLLEGE AVE & SEVENTH,39.16855976,-86.5348602
902231303,2022,5,6,1600,Weekday,2-Car,No injury/unknown,UNSAFE BACKING,E 7TH ST,39.16854879,-86.5194549
902349573,2022,12,2,1200,Weekday,2-Car,No injury/unknown,LEFT OF CENTER,NORTH JACOBS,39.16852154,-86.57362014
902323969,2022,10,2,800,Weekday,2-Car,No injury/unknown,UNSAFE BACKING,N JACOB,39.16852154,-86.57362014
902305751,2022,9,3,1700,Weekday,2-Car,No injury/unknown,UNSAFE BACKING,INDIANA & SEVENTH ST,39.16851475,-86.52695381
902183135,2022,2,3,1600,Weekday,2-Car,No injury/unknown,PEDESTRIAN ACTION,7TH ST & DUNN,39.16851014,-86.52824125
902238454,2022,5,1,1400,Weekend,2-Car,No injury/unknown,FAILURE TO YIELD RIGHT OF WAY,7TH ST & DUNN,39.16851014,-86.5282499
902284552,2022,8,6,1200,Weekday,2-Car,No injury/unknown,IMPROPER TURNING,7TH ST & DUNN,39.16851014,-86.52823692
902307558,2022,10,6,1600,Weekday,Bus,No injury/unknown,IMPROPER TURNING,SEVENTH & WOODLAWN AVE,39.16849361,-86.5234778
902316625,2022,10,7,1900,Weekend,Bus,Non-incapacitating,IMPROPER PASSING,SEVENTH & WOODLAWN,39.16849361,-86.5234778
902173979,2022,1,6,1900,Weekend,2-Car,No injury/unknown,OTHER (DRIVER) - EXPLAIN IN NARRATIVE,7TH & COLLEGE AVE,39.16849121,-86.534784
902306732,2022,10,4,1000,Weekday,2-Car,No injury/unknown,WRONG WAY ON ONE WAY,900 E 7TH ST & FORREST,39.1684804,-86.52110363
902305524,2022,9,3,1100,Weekday,2-Car,No injury/unknown,UNSAFE BACKING,900 E 7TH (PAYLOT 1) ST & FORREST,39.1684804,-86.52109931
902223576,2022,4,6,2200,Weekend,1-Car,No injury/unknown,LEFT OF CENTER,7TH ST & FORREST,39.16846991,-86.52236701
902278752,2022,8,2,600,Weekday,2-Car,No injury/unknown,FAILURE TO YIELD RIGHT OF WAY,7TH & NORTH FORREST AVE,39.16846991,-86.52234971
902269700,2022,7,4,1500,Weekday,2-Car,No injury/unknown,UNSAFE BACKING,JACOB DR,39.16846848,-86.5732727
902176384,2022,2,3,900,Weekday,2-Car,No injury/unknown,UNSAFE BACKING,E SEVENTH ST,39.1684337,-86.52330391
902178309,2022,2,5,1200,Weekday,2-Car,No injury/unknown,OTHER (DRIVER) - EXPLAIN IN NARRATIVE,E SEVENTH ST,39.1684337,-86.52330391
902307258,2022,10,6,1000,Weekday,1-Car,No injury/unknown,OVERCORRECTING/OVERSTEERING,BRAESIDE & PETE ELLIS DR,39.16838961,-86.49528504
902211483,2022,4,3,1400,Weekday,2-Car,No injury/unknown,FOLLOWING TOO CLOSELY,7TH & WALNUT ST,39.16836537,-86.53357243
902158100,2022,1,7,2100,Weekend,2-Car,No injury/unknown,LEFT OF CENTER,N CURRY & W JONATHAN DR,39.16835994,-86.58303165
902312077,2022,10,3,1700,Weekday,2-Car,No injury/unknown,DISREGARD SIGNAL/REG SIGN,CURRY PIKE & JONATHAN,39.16835994,-86.58297971
902216719,2022,4,1,400,Weekend,1-Car,No injury/unknown,RAN OFF ROAD RIGHT,FRANKLIN RD,39.16832733,-86.57041931
902161441,2022,1,5,1400,Weekday,2-Car,No injury/unknown,IMPROPER TURNING,BRAESIDE DR,39.16829333,-86.49450438
902298959,2022,9,5,900,Weekday,Bus,No injury/unknown,IMPROPER PASSING,7TH & JORDAN AVE,39.16826022,-86.51609645
902304254,2022,9,7,2100,Weekend,2-Car,No injury/unknown,UNSAFE BACKING,SEVENTH ST & UNION,39.16825999,-86.50943682
902189659,2022,1,3,1400,Weekday,1-Car,No injury/unknown,SPEED TOO FAST FOR WEATHER CONDITIONS,E BRAESIDE DR,39.16819967,-86.49439707
902151151,2022,1,5,1600,Weekday,1-Car,No injury/unknown,ROADWAY SURFACE CONDITION,BRAESIDE & PETE ELLIS DR,39.168192,-86.49504
902160585,2022,1,5,200,Weekday,1-Car,Non-incapacitating,RAN OFF ROAD RIGHT,BRAESIDE & PETE ELLIS DR,39.168192,-86.49504
902353563,2022,12,1,400,Weekend,3+ Cars,No injury/unknown,DRIVER ASLEEP OR FATIGUED,E BRAESIDE,39.168192,-86.49504
902362883,2022,12,3,2300,Weekday,Pedestrian,Incapacitating,PEDESTRIAN ACTION,S ROGERS & W CHEROKEE,39.16810935,-86.53883994
902355858,2022,12,4,1600,Weekday,2-Car,No injury/unknown,UNSAFE BACKING,E 7TH & N FORREST,39.16810441,-86.52246745
902199451,2022,3,3,800,Weekday,1-Car,No injury/unknown,DRIVER ASLEEP OR FATIGUED,DANIELS WAY WAY,39.16809082,-86.60018157
902152419,2022,1,7,1000,Weekend,2-Car,No injury/unknown,UNSAFE BACKING,N GATES DR,39.16803807,-86.57621853
902158386,2022,1,1,1200,Weekend,2-Car,No injury/unknown,DRIVER DISTRACTED - EXPLAIN IN NARRATIVE,N GATES DR,39.16803807,-86.57621853
902233657,2022,5,5,1500,Weekday,Cyclist,Non-incapacitating,DRIVER DISTRACTED - EXPLAIN IN NARRATIVE,MORTON ST,39.16797257,-86.536
902249522,2022,6,7,1600,Weekend,2-Car,No injury/unknown,OTHER (DRIVER) - EXPLAIN IN NARRATIVE,N GATES DR,39.16792542,-86.57614074
902212801,2022,4,6,900,Weekday,2-Car,No injury/unknown,OTHER (DRIVER) - EXPLAIN IN NARRATIVE,E BRAESIDE DR,39.16791287,-86.49140341
902158117,2022,1,7,2200,Weekend,1-Car,No injury/unknown,RAN OFF ROAD RIGHT,HARBSION LANE & HARTSTRAIT RD RDS,39.16790195,-86.61216013
902274543,2022,8,6,2000,Weekend,2-Car,No injury/unknown,UNSAFE BACKING,FRANKLIN RD,39.16789246,-86.57160186
902221375,2022,4,1,900,Weekend,2-Car,No injury/unknown,IMPROPER TURNING,GRANT & SIXTH ST,39.16782592,-86.5292404
902183857,2022,2,4,1800,Weekday,2-Car,No injury/unknown,,6TH & WALNUT ST,39.16778532,-86.53358179
902331292,2022,11,2,1500,Weekday,Cyclist,Non-incapacitating,PEDESTRIAN ACTION,E 6TH & INDIANA,39.167744,-86.526928
902308623,2022,10,2,900,Weekday,2-Car,No injury/unknown,FOLLOWING TOO CLOSELY,6TH ST & ADAMS,39.167728,-86.5496
902340555,2022,11,6,2200,Weekend,2-Car,No injury/unknown,FAILURE TO YIELD RIGHT OF WAY,S FRANKLIN & W HOLIDAY,39.16772023,-86.57104991
902229062,2022,5,4,1200,Weekday,2-Car,No injury/unknown,UNSAFE BACKING,E 6TH ST,39.16771592,-86.52933159
902168739,2022,1,7,700,Weekend,2-Car,No injury/unknown,IMPROPER LANE USAGE,6TH & ELM ST,39.167712,-86.5452
902305736,2022,9,3,1700,Weekday,1-Car,No injury/unknown,RAN OFF ROAD RIGHT,6TH ST & ELM,39.167712,-86.5452
902166616,2022,1,4,1700,Weekday,2-Car,No injury/unknown,SPEED TOO FAST FOR WEATHER CONDITIONS,E 6TH ST,39.167712,-86.529696
902200980,2022,3,3,1900,Weekday,2-Car,No injury/unknown,FAILURE TO YIELD RIGHT OF WAY,E 6TH ST & GRANT,39.167712,-86.529696
902334730,2022,8,6,200,Weekday,1-Car,No injury/unknown,RAN OFF ROAD RIGHT,6TH & GRANT,39.167712,-86.529696
902206207,2022,3,5,300,Weekday,2-Car,No injury/unknown,IMPROPER LANE USAGE,N ROGERS & W 6TH ST,39.16768,-86.538592
902340365,2022,11,6,1300,Weekday,2-Car,No injury/unknown,FAILURE TO YIELD RIGHT OF WAY,N ROGERS & W 6TH,39.16768,-86.538592
902285364,2022,8,1,1400,Weekend,2-Car,No injury/unknown,OTHER (DRIVER) - EXPLAIN IN NARRATIVE,E 7TH ST,39.16767543,-86.50108343
902352919,2022,12,5,1300,Weekday,Cyclist,Non-incapacitating,IMPROPER PASSING,6TH & MADISON,39.167664,-86.537296
902289193,2022,8,1,1400,Weekend,2-Car,No injury/unknown,UNSAFE LANE MOVEMENT,NORTH MORTON & WEST 6TH ST,39.167664,-86.536
902322171,2022,10,2,1600,Weekday,2-Car,Non-incapacitating,DRIVER DISTRACTED - EXPLAIN IN NARRATIVE,E 6TH & N WASHINGTON,39.167664,-86.5324
902254558,2022,6,2,1800,Weekday,2-Car,No injury/unknown,UNSAFE BACKING,E 7TH ST,39.16766041,-86.50054269
902258089,2022,7,3,1000,Weekday,2-Car,No injury/unknown,UNSAFE BACKING,6TH ST & WASHINGTON,39.16765923,-86.53275278
902269513,2022,7,4,1200,Weekday,2-Car,No injury/unknown,OTHER (DRIVER) - EXPLAIN IN NARRATIVE,E 7TH ST,39.16765649,-86.50040163
902258120,2022,6,2,1700,Weekday,2-Car,No injury/unknown,UNSAFE BACKING,E 6TH ST,39.16764996,-86.53343902
902203613,2022,3,7,1800,Weekend,Bus,No injury/unknown,UNSAFE BACKING,6TH ST & COLLEGE,39.16764939,-86.53488983
902222767,2022,4,5,1100,Weekday,2-Car,No injury/unknown,IMPROPER TURNING,N COLLEGE AVE & W 6TH,39.167648,-86.534784
902236882,2022,5,4,1300,Weekday,2-Car,Non-incapacitating,DISREGARD SIGNAL/REG SIGN,6TH & COLLEGE AVE,39.167648,-86.534784
902262394,2022,7,4,1100,Weekday,2-Car,Incapacitating,IMPROPER TURNING,6TH & COLLEGE AVE,39.167648,-86.534784
902288652,2022,8,6,1500,Weekday,2-Car,No injury/unknown,FOLLOWING TOO CLOSELY,S COLLEGE AVE & W 6TH,39.167648,-86.534784
902305341,2022,9,3,800,Weekday,2-Car,No injury/unknown,UNSAFE BACKING,COLLEGE & W 6TH ST,39.167648,-86.534784
902360845,2022,12,6,1300,Weekday,2-Car,No injury/unknown,UNSAFE BACKING,6TH & COLLEGE,39.167648,-86.534784
902375752,2022,12,4,300,Weekday,1-Car,No injury/unknown,RAN OFF ROAD RIGHT,6TH & COLLEGE,39.167648,-86.534784
902213562,2022,4,7,1200,Weekend,1-Car,No injury/unknown,UNSAFE BACKING,E 6TH ST & WALNUT,39.167648,-86.533584
902277749,2022,8,7,100,Weekend,2-Car,No injury/unknown,UNSAFE BACKING,E 6TH ST & WALNUT,39.167648,-86.533584
902291832,2022,8,3,1100,Weekday,2-Car,No injury/unknown,UNSAFE LANE MOVEMENT,EAST 6TH & NORTH WALNUT ST,39.167648,-86.533584
902311164,2022,10,5,1400,Weekday,2-Car,No injury/unknown,UNSAFE BACKING,SIXTH ST & WALNUT,39.167648,-86.533584
902181347,2022,2,1,1800,Weekend,2-Car,No injury/unknown,FOLLOWING TOO CLOSELY,E 7TH & SR46N,39.167648,-86.500096
902239842,2022,5,3,1500,Weekday,2-Car,Non-incapacitating,FOLLOWING TOO CLOSELY,E 7TH & SR46S,39.167648,-86.500096
902285355,2022,8,1,1100,Weekend,3+ Cars,No injury/unknown,FOLLOWING TOO CLOSELY,7TH & SR46E,39.167648,-86.500096
902320714,2022,10,6,1400,Weekday,3+ Cars,Incapacitating,FOLLOWING TOO CLOSELY,7TH & SR46E,39.167648,-86.500096
902325357,2022,11,7,1300,Weekend,3+ Cars,No injury/unknown,FAILURE TO YIELD RIGHT OF WAY,7TH & STATE  46,39.167648,-86.500096
902232455,2022,5,3,1600,Weekday,1-Car,No injury/unknown,OTHER (DRIVER) - EXPLAIN IN NARRATIVE,N JORDAN AVE,39.1676,-86.516168
902232983,2022,5,4,1400,Weekday,1-Car,No injury/unknown,OTHER (DRIVER) - EXPLAIN IN NARRATIVE,N JORDAN AVE,39.1676,-86.516168
902183019,2022,2,4,900,Weekday,2-Car,No injury/unknown,FAILURE TO YIELD RIGHT OF WAY,N JORDAN AVE,39.16756058,-86.51656342
902183044,2022,2,4,1200,Weekday,2-Car,No injury/unknown,FOLLOWING TOO CLOSELY,N JORDAN AVE,39.16756058,-86.51656342
902159442,2022,1,2,1600,Weekday,2-Car,No injury/unknown,UNSAFE BACKING,N JORDAN AVE,39.16756058,-86.51656341
902298131,2022,9,4,200,Weekday,3+ Cars,No injury/unknown,UNSAFE LANE MOVEMENT,6TH ST & DUNN,39.16752979,-86.52825996
902213942,2022,4,2,900,Weekday,3+ Cars,No injury/unknown,UNSAFE LANE MOVEMENT,6TH & COLLEGE AVE,39.16748322,-86.53478662
902223790,2022,4,6,1700,Weekday,3+ Cars,No injury/unknown,UNSAFE SPEED,PROFILE & SR48W,39.16744995,-86.59239629
902170604,2022,1,2,900,Weekday,2-Car,No injury/unknown,FOLLOWING TOO CLOSELY,PROFILE & SR48W,39.16744995,-86.59239196
902299616,2022,9,7,1800,Weekend,2-Car,No injury/unknown,DRIVER DISTRACTED - EXPLAIN IN NARRATIVE,PROFILE & SR48W,39.16744995,-86.59239196
902193519,2022,2,5,1000,Weekday,2-Car,No injury/unknown,FAILURE TO YIELD RIGHT OF WAY,PROFILE & SR48E,39.16744995,-86.59230537
902285074,2022,8,7,1500,Weekend,3+ Cars,No injury/unknown,FOLLOWING TOO CLOSELY,EAST 7TH & SR46E,39.16739189,-86.49996854
902348684,2022,12,6,1900,Weekend,1-Car,No injury/unknown,IMPROPER TURNING,NORTH JORDAN,39.16733692,-86.51619253
902195497,2022,3,1,1200,Weekend,Bus,No injury/unknown,ROADWAY SURFACE CONDITION,JORDAN AVE & UNIVERSITY,39.16718982,-86.51598013
902319354,2022,10,4,1400,Weekday,2-Car,No injury/unknown,IMPROPER TURNING,DUNN & KIRKWOOD,39.16718928,-86.52820008
902297479,2022,9,2,1700,Weekday,2-Car,No injury/unknown,FAILURE TO YIELD RIGHT OF WAY,INDIANA AVE & KIRKWOOD,39.16718917,-86.52691192
902237575,2022,5,3,1400,Weekday,1-Car,No injury/unknown,UNSAFE BACKING,JOHNSON AVE,39.16708441,-86.564992
902232326,2022,5,3,1100,Weekday,2-Car,Non-incapacitating,FOLLOWING TOO CLOSELY,KIRKWOOD & ROGERS ST,39.16694664,-86.53860364
902269011,2022,7,3,0,Weekday,2-Car,Non-incapacitating,FAILURE TO YIELD RIGHT OF WAY,LONGVIEW & PETE ELLIS DR,39.166944,-86.495056
902321871,2022,10,7,1100,Weekend,2-Car,No injury/unknown,FAILURE TO YIELD RIGHT OF WAY,LONGVIEW & PETE ELLIS,39.166944,-86.495056
902286140,2022,8,2,1400,Weekday,Moped/Motorcycle,Incapacitating,FAILURE TO YIELD RIGHT OF WAY,LONGVIEW & PETE ELLIS DR,39.166944,-86.495056
902315584,2022,10,5,1700,Weekday,2-Car,No injury/unknown,DISREGARD SIGNAL/REG SIGN,LONGVIEW & PETE ELLIS,39.166944,-86.495056
902209876,2022,3,6,1500,Weekday,2-Car,No injury/unknown,FAILURE TO YIELD RIGHT OF WAY,DUNN ST & KIRKWOOD,39.16691464,-86.52819604
902209743,2022,3,3,2100,Weekday,2-Car,No injury/unknown,UNSAFE BACKING,N UNION ST,39.1669022,-86.50929665
902315988,2022,10,6,1300,Weekday,3+ Cars,Non-incapacitating,FOLLOWING TOO CLOSELY,7TH & SR46N,39.16687968,-86.49971363
902238467,2022,5,1,1400,Weekend,2-Car,No injury/unknown,OTHER (DRIVER) - EXPLAIN IN NARRATIVE,EAST KIRKWOOD AVE,39.16687012,-86.53253173
902300280,2022,9,7,0,Weekend,1-Car,No injury/unknown,UNSAFE SPEED,WEST KIRKWOOD AVE,39.166862,-86.552734
902288585,2022,8,6,1400,Weekday,1-Car,No injury/unknown,VIEW OBSTRUCTED,EAST KIRKWOOD AVE & N FORREST,39.16684985,-86.5215266
902202858,2022,3,6,1000,Weekday,2-Car,No injury/unknown,IMPROPER TURNING,800 N UNION (PARKING LOT) ST & UNION,39.166848,-86.509296
902220454,2022,4,7,400,Weekend,3+ Cars,No injury/unknown,IMPROPER LANE USAGE,UNION & UNION ST,39.166848,-86.509296
902218318,2022,4,3,1500,Weekday,2-Car,Non-incapacitating,DISREGARD SIGNAL/REG SIGN,E 5TH & N JEFFERSON ST,39.166848,-86.506992
902314493,2022,10,4,1000,Weekday,2-Car,No injury/unknown,FAILURE TO YIELD RIGHT OF WAY,FORREST & KIRKWOOD,39.16684656,-86.52156857
902233768,2022,5,5,1100,Weekday,2-Car,No injury/unknown,UNSAFE LANE MOVEMENT,DUNN ST & KIRKWOOD,39.16684598,-86.52819503
902284767,2022,8,6,1400,Weekday,2-Car,No injury/unknown,UNSAFE BACKING,KIRKWOOD AVE & RITTER,39.166832,-86.550992
902172946,2022,1,5,1000,Weekday,2-Car,No injury/unknown,UNSAFE BACKING,EAST KIRKWOOD AVE,39.16681671,-86.52758789
902272672,2022,7,4,900,Weekday,2-Car,No injury/unknown,IMPROPER LANE USAGE,ADAMS ST & KIRKWOOD,39.166816,-86.549488
902300215,2022,9,7,2000,Weekend,1-Car,No injury/unknown,RAN OFF ROAD RIGHT,ADAMS ST & KIRKWOOD,39.166816,-86.549488
902229767,2022,4,1,2300,Weekday,2-Car,No injury/unknown,UNSAFE BACKING,N PARK RIDGE RD,39.1668,-86.475248
902184429,2022,2,6,1300,Weekday,2-Car,No injury/unknown,UNSAFE BACKING,E KIRKWOOD AVE,39.16678078,-86.52203053
902159379,2022,1,2,1900,Weekday,2-Car,Non-incapacitating,FAILURE TO YIELD RIGHT OF WAY,ELM & WEST KIRKWOOD AVE,39.166768,-86.5452
902222862,2022,4,5,1300,Weekday,2-Car,No injury/unknown,FAILURE TO YIELD RIGHT OF WAY,ELM & KIRKWOOD AVE,39.166768,-86.5452
902334744,2022,11,7,200,Weekend,1-Car,No injury/unknown,IMPROPER LANE USAGE,ELM & KIRKWOOD,39.166768,-86.5452