Master Record Number,Year,Month,Day,Hour,Weekend,Collision Type,Injury Type,Primary Factor,Reported_Location,Latitude,Longitude
902165260,2022,1,3,1400,Weekday,2-Car,No injury/unknown,IMPROPER LANE USAGE,KIRKWOOD AVE & WALDRON,39.16674129,-86.54386453
902358144,2022,12,1,1400,Weekend,2-Car,No injury/unknown,,820 W KIRKWOOD & N WALDRON,39.166736,-86.5436
902348356,2022,12,6,1800,Weekday,2-Car,No injury/unknown,FOLLOWING TOO CLOSELY,SR46 & SR46E,39.16673556,-86.46073617
902195217,2022,3,1,1600,Weekend,2-Car,No injury/unknown,UNSAFE LANE MOVEMENT,KIRKWOOD AVE & WALDRON,39.16672662,-86.54271802
902319972,2022,10,5,1700,Weekday,1-Car,No injury/unknown,OTHER (DRIVER) - EXPLAIN IN NARRATIVE,KIRKWOOD & MAPLE,39.16672225,-86.54230767
902236731,2022,5,4,1500,Weekday,2-Car,Non-incapacitating,FAILURE TO YIELD RIGHT OF WAY,MAPLE & W KIRKWOOD AVE,39.16672,-86.542096
902334965,2022,11,7,1500,Weekend,2-Car,No injury/unknown,DISREGARD SIGNAL/REG SIGN,KIRKWOOD & MAPLE,39.16672,-86.542096
902169371,2022,1,5,1700,Weekday,2-Car,No injury/unknown,LEFT OF CENTER,N DANIELS WAY,39.16671172,-86.59908838
902217125,2022,4,5,1300,Weekday,2-Car,No injury/unknown,OTHER (DRIVER) - EXPLAIN IN NARRATIVE,DANIELS WAY,39.16671172,-86.59908838
902288537,2022,8,6,1600,Weekday,2-Car,No injury/unknown,UNSAFE BACKING,N DANIELS WAY,39.16671172,-86.59908838
902295941,2022,9,5,1600,Weekday,2-Car,No injury/unknown,UNSAFE LANE MOVEMENT,DANIELS WAY,39.16671172,-86.59908838
902312074,2022,10,5,1400,Weekday,1-Car,No injury/unknown,BRAKE FAILURE OR DEFECTIVE,N CURRY PIKE,39.166704,-86.58298726
902213132,2022,4,6,2000,Weekend,2-Car,No injury/unknown,FAILURE TO YIELD RIGHT OF WAY,FAIRVIEW & KIRKWOOD AVE,39.166704,-86.5408
902168497,2022,1,6,1500,Weekday,2-Car,No injury/unknown,FAILURE TO YIELD RIGHT OF WAY,FAIRVIEW & KIRKWOOD AVE,39.16669262,-86.54009451
902321314,2022,10,1,1400,Weekend,2-Car,No injury/unknown,FAILURE TO YIELD RIGHT OF WAY,KIRKWOOD & ROGERS,39.16667553,-86.53887258
902182777,2022,2,4,900,Weekday,2-Car,No injury/unknown,IMPROPER LANE USAGE,KIRKWOOD & ROGERS ST,39.166672,-86.538608
902284909,2022,8,5,900,Weekday,2-Car,Non-incapacitating,IMPROPER LANE USAGE,N ROGERS & W KIRKWOOD AVE,39.166672,-86.538608
902299200,2022,9,5,1400,Weekday,2-Car,No injury/unknown,FAILURE TO YIELD RIGHT OF WAY,N ROGERS & W KIRKWOOD AVE,39.166672,-86.538608
902303374,2022,9,6,1000,Weekday,2-Car,Non-incapacitating,FOLLOWING TOO CLOSELY,S ROGERS & W KIRKWOOD AVE,39.166672,-86.538608
902291712,2022,9,5,1600,Weekday,2-Car,No injury/unknown,FAILURE TO YIELD RIGHT OF WAY,N ELM & W KIRKWOOD AVE,39.16666376,-86.54527512
902285856,2022,8,2,900,Weekday,2-Car,No injury/unknown,FAILURE TO YIELD RIGHT OF WAY,S ELM & W KIRKWOOD AVE,39.16666009,-86.54527992
902226137,2022,5,5,1300,Weekday,2-Car,No injury/unknown,FAILURE TO YIELD RIGHT OF WAY,KIRKWOOD AVE & MADISON,39.166656,-86.537296
902259805,2022,7,6,800,Weekday,2-Car,Non-incapacitating,FAILURE TO YIELD RIGHT OF WAY,KIRKWOOD & MADISON ST,39.166656,-86.537296
902293934,2022,9,3,900,Weekday,2-Car,No injury/unknown,FAILURE TO YIELD RIGHT OF WAY,S MADISON & W KIRKWOOD AVE,39.166656,-86.537296
902355246,2022,12,3,1700,Weekday,2-Car,No injury/unknown,FAILURE TO YIELD RIGHT OF WAY,KIRKWOOD & MADISON,39.166656,-86.537296
902314239,2022,10,3,1300,Weekday,2-Car,No injury/unknown,UNSAFE BACKING,W KIRKWOOD,39.16664229,-86.53626743
902275539,2022,7,7,400,Weekend,1-Car,No injury/unknown,OTHER (DRIVER) - EXPLAIN IN NARRATIVE,DUNN & KIRKWOOD AVE,39.16664,-86.52854482
902210239,2022,3,1,300,Weekend,2-Car,No injury/unknown,FOLLOWING TOO CLOSELY,KIRKWOOD ST & WALNUT,39.16664,-86.53374113
902356525,2022,12,5,1500,Weekday,2-Car,No injury/unknown,OTHER (DRIVER) - EXPLAIN IN NARRATIVE,100 BLK E KIRKWOOD & WASHINGTON,39.16664,-86.53257641
902282341,2022,8,2,1300,Weekday,Bus,Non-incapacitating,FOLLOWING TOO CLOSELY,DUNN & KIRKWOOD AVE,39.16664,-86.52836841
902289181,2022,8,7,1100,Weekend,2-Car,No injury/unknown,FAILURE TO YIELD RIGHT OF WAY,GRAND & N CURRY PIKE,39.16664,-86.582992
902163852,2022,1,2,100,Weekday,2-Car,No injury/unknown,UNSAFE BACKING,COLLEGE AVE & KIRKWOOD,39.16664,-86.5348
902184842,2022,2,6,1800,Weekday,2-Car,No injury/unknown,OTHER (DRIVER) - EXPLAIN IN NARRATIVE,COLLEGE & KIRKWOOD AVE,39.16664,-86.5348
902185700,2022,2,7,2000,Weekend,Pedestrian,Non-incapacitating,FAILURE TO YIELD RIGHT OF WAY,N COLLEGE & W KIRKWOOD AVE,39.16664,-86.5348
902192615,2022,2,3,1300,Weekday,2-Car,No injury/unknown,UNSAFE BACKING,COLLEGE & KIRKWOOD AVE,39.16664,-86.5348
902199126,2022,3,7,700,Weekend,2-Car,No injury/unknown,DISREGARD SIGNAL/REG SIGN,COLLEGE & KIRKWOOD AVE,39.16664,-86.5348
902209459,2022,3,6,200,Weekday,2-Car,Non-incapacitating,DISREGARD SIGNAL/REG SIGN,COLLEGE AVE & KIRKWOOD,39.16664,-86.5348
902269375,2022,7,3,1300,Weekday,2-Car,No injury/unknown,FOLLOWING TOO CLOSELY,COLLEGE AVE & KIRKWOOD,39.16664,-86.5348
902323238,2022,10,4,1000,Weekday,Pedestrian,Non-incapacitating,FAILURE TO YIELD RIGHT OF WAY,COLLEGE & KIRKWOOD,39.16664,-86.5348
902284989,2022,8,7,1300,Weekend,2-Car,No injury/unknown,UNSAFE BACKING,COLLEGE AVE & KIRKWOOD,39.16664,-86.5348
902288651,2022,8,6,1700,Weekday,Bus,No injury/unknown,IMPROPER TURNING,S COLLEGE & W KIRKWOOD AVE,39.16664,-86.5348
902311962,2022,10,5,1000,Weekday,Bus,No injury/unknown,UNSAFE BACKING,COLLEGE AVE & KIRKWOOD,39.16664,-86.5348
902349421,2022,12,2,900,Weekday,2-Car,No injury/unknown,UNSAFE BACKING,COLLEGE & WEST KIRKWOOD,39.16664,-86.5348
902212053,2022,4,4,1700,Weekday,2-Car,Non-incapacitating,FOLLOWING TOO CLOSELY,KIRKWOOD & NORTH WALNUT ST,39.16664,-86.5336
902216216,2022,4,6,1100,Weekday,2-Car,No injury/unknown,DISREGARD SIGNAL/REG SIGN,KIRKWOOD & WALNUT ST,39.16664,-86.5336
902223027,2022,4,4,2300,Weekday,2-Car,No injury/unknown,DISREGARD SIGNAL/REG SIGN,KIRKWOOD & WALNUT ST,39.16664,-86.5336
902230807,2022,5,7,2000,Weekend,2-Car,No injury/unknown,UNSAFE BACKING,N WALNUT & W KIRKWOOD AVE,39.16664,-86.5336
902238821,2022,5,1,900,Weekend,3+ Cars,Non-incapacitating,FOLLOWING TOO CLOSELY,KIRKWOOD AVE & WALNUT,39.16664,-86.5336
902251938,2022,6,5,1200,Weekday,Cyclist,Non-incapacitating,FAILURE TO YIELD RIGHT OF WAY,KIRKWOOD AVE & WALNUT,39.16664,-86.5336
902258474,2022,7,4,0,Weekday,2-Car,No injury/unknown,OTHER (DRIVER) - EXPLAIN IN NARRATIVE,KIRKWOOD & WALNUT ST,39.16664,-86.5336
902263629,2022,7,6,1700,Weekday,2-Car,No injury/unknown,FAILURE TO YIELD RIGHT OF WAY,KIRKWOOD & WALNUT ST,39.16664,-86.5336
902267792,2022,7,1,200,Weekend,2-Car,Non-incapacitating,OTHER (DRIVER) - EXPLAIN IN NARRATIVE,KIRKWOOD AVE & WALNUT,39.16664,-86.5336
902319287,2022,9,2,1400,Weekday,2-Car,No injury/unknown,DISREGARD SIGNAL/REG SIGN,KIRKWOOD & WALNUT,39.16664,-86.5336
902334118,2022,11,6,900,Weekday,2-Car,Non-incapacitating,FAILURE TO YIELD RIGHT OF WAY,KIRKWOOD & WALNUT,39.16664,-86.5336
902175041,2022,2,7,2000,Weekend,2-Car,No injury/unknown,OTHER (DRIVER) - EXPLAIN IN NARRATIVE,KIRKWOOD & WASHINGTON ST,39.16664,-86.5324
902174136,2022,1,6,2300,Weekend,Pedestrian,Non-incapacitating,FAILURE TO YIELD RIGHT OF WAY,KIRKWOOD & S LINCOLN,39.16664,-86.530992
902293354,2022,9,2,1100,Weekday,2-Car,No injury/unknown,DISREGARD SIGNAL/REG SIGN,E KIRKWOOD AVE & LINCOLN,39.16664,-86.530992
902290149,2022,9,3,1100,Weekday,2-Car,No injury/unknown,DISREGARD SIGNAL/REG SIGN,E KIRKWOOD AVE & LINCOLN,39.16664,-86.530992
902190429,2022,2,6,1500,Weekday,2-Car,No injury/unknown,DRIVER DISTRACTED - EXPLAIN IN NARRATIVE,E KIRKWOOD AVE,39.16664,-86.53096555
902260466,2022,7,1,1400,Weekend,2-Car,No injury/unknown,UNSAFE BACKING,E KIRKWOOD AVE,39.16664,-86.53096555
902213604,2022,4,1,1200,Weekend,2-Car,Non-incapacitating,OTHER (DRIVER) - EXPLAIN IN NARRATIVE,GRANT & KIRKWOOD AVE,39.16664,-86.529696
902205903,2022,3,6,1300,Weekday,2-Car,No injury/unknown,IMPROPER TURNING,E KIRKWOOD AVE,39.16664,-86.52923559
902349041,2022,12,6,0,Weekday,2-Car,No injury/unknown,,E KIRKWOOD,39.16664,-86.52923559
902206627,2022,3,6,1700,Weekday,Cyclist,No injury/unknown,FAILURE TO YIELD RIGHT OF WAY,DUNN & KIRKWOOD AVE,39.16664,-86.528192
902219332,2022,4,5,1300,Weekday,Pedestrian,Non-incapacitating,PEDESTRIAN ACTION,DUNN ST & KIRKWOOD,39.16664,-86.528192
902220431,2022,4,7,2300,Weekend,2-Car,No injury/unknown,UNSAFE BACKING,DUNN & KIRKWOOD AVE,39.16664,-86.528192
902274410,2022,8,7,1300,Weekend,2-Car,No injury/unknown,UNSAFE BACKING,S DUNN ST,39.16664,-86.528192
902305427,2022,9,2,1900,Weekday,2-Car,No injury/unknown,OTHER (DRIVER) - EXPLAIN IN NARRATIVE,DUNN ST & KIRKWOOD,39.16664,-86.528192
902310877,2022,10,5,1200,Weekday,2-Car,No injury/unknown,IMPROPER LANE USAGE,S DUNN ST,39.16664,-86.528192
902259982,2022,7,6,1700,Weekday,2-Car,No injury/unknown,IMPROPER TURNING,E KIRKWOOD AVE,39.16664,-86.52798041
902215278,2022,4,4,1700,Weekday,2-Car,No injury/unknown,UNSAFE BACKING,N INDIANA AVE,39.16664,-86.526896
902258945,2022,7,4,1700,Weekday,2-Car,No injury/unknown,UNSAFE BACKING,N INDIANA AVE,39.16664,-86.526896
902284728,2022,8,6,1600,Weekday,Cyclist,Non-incapacitating,DISREGARD SIGNAL/REG SIGN,INDIANA AVE & KIRKWOOD,39.16664,-86.526896
902301601,2022,9,5,1800,Weekday,2-Car,No injury/unknown,FOLLOWING TOO CLOSELY,KERR CREEK & SR46E,39.16664,-86.462496
902369473,2022,12,4,1500,Weekday,2-Car,No injury/unknown,FOLLOWING TOO CLOSELY,E KERR CREEK & SR46E,39.16664,-86.462496
902225704,2022,4,4,1600,Weekday,Cyclist,Non-incapacitating,IMPROPER LANE USAGE,SOUTH JORDAN AVE,39.1666165,-86.51632212
902344428,2022,11,7,1300,Weekend,2-Car,No injury/unknown,FAILURE TO YIELD RIGHT OF WAY,KIRKWOOD & MADISON,39.16660979,-86.53741971
902256424,2022,6,6,1500,Weekday,2-Car,No injury/unknown,FAILURE TO YIELD RIGHT OF WAY,SOUTH ROGERS ST & WEST KIRKWOOD,39.16660979,-86.53868973
902224700,2022,4,2,1300,Weekday,2-Car,No injury/unknown,UNSAFE BACKING,KIRKWOOD AVE,39.16660376,-86.53088383
902315467,2022,10,3,1600,Weekday,2-Car,No injury/unknown,FOLLOWING TOO CLOSELY,KERR CREEK & SR46E,39.16660144,-86.4631999
902348443,2022,12,6,2200,Weekend,Pedestrian,Non-incapacitating,FAILURE TO YIELD RIGHT OF WAY,COLLEGE & KIRKWOOD,39.16659974,-86.53488033
902184838,2022,2,6,1500,Weekday,Bus,No injury/unknown,OTHER (ENVIRONMENTAL) - EXPLAIN IN NARR,KIRKWOOD AVE & MORTON,39.16658968,-86.53604977
902302381,2022,9,4,1800,Weekday,2-Car,Incapacitating,DRIVER DISTRACTED - EXPLAIN IN NARRATIVE,KIRKWOOD AVE & MORTON,39.16658968,-86.53604544
902230529,2022,5,7,100,Weekend,2-Car,No injury/unknown,UNSAFE BACKING,KIRKWOOD AVE,39.16658498,-86.52805276
902219139,2022,4,5,800,Weekday,Bus,No injury/unknown,OTHER (DRIVER) - EXPLAIN IN NARRATIVE,KIRKWOOD & S WALNUT ST,39.16658029,-86.53361029
902186278,2022,2,2,1100,Weekday,2-Car,No injury/unknown,UNSAFE BACKING,S KINGSTON DR,39.16655822,-86.492816
902321412,2022,10,1,1900,Weekday,2-Car,No injury/unknown,UNSAFE BACKING,KINGSTON,39.16655822,-86.492816
902175803,2022,2,2,1400,Weekday,2-Car,No injury/unknown,IMPROPER PASSING,INDIANA AVE & KIRKWOOD,39.16655366,-86.52692866
902311986,2022,10,7,1000,Weekend,1-Car,No injury/unknown,IMPROPER TURNING,GRANT ST,39.16647804,-86.52969861
902282270,2022,8,2,1300,Weekday,2-Car,No injury/unknown,UNSAFE BACKING,SOUTH INDIANA AVE,39.16647804,-86.52688816
902159997,2022,1,2,800,Weekday,1-Car,Non-incapacitating,RAN OFF ROAD RIGHT,SR48E & VERNAL,39.16645885,-86.65646929
902205921,2022,3,5,1000,Weekday,2-Car,No injury/unknown,UNSAFE BACKING,UNION & UNION ST,39.16643602,-86.509296
902166807,2022,1,5,700,Weekday,2-Car,No injury/unknown,OTHER (DRIVER) - EXPLAIN IN NARRATIVE,INDIANA AVE & KIRKWOOD,39.16643415,-86.52688604
902277438,2022,8,6,1400,Weekday,2-Car,No injury/unknown,IMPROPER LANE USAGE,INDIANA AVE & KIRKWOOD,39.16643415,-86.52688604
902258462,2022,7,4,0,Weekday,1-Car,Non-incapacitating,OTHER (DRIVER) - EXPLAIN IN NARRATIVE,KIRKWOOD & WALNUT ST,39.16643401,-86.5336
902309807,2022,10,3,1600,Weekday,1-Car,No injury/unknown,RAN OFF ROAD RIGHT,E MORNINGSIDE & N SMITH RD,39.166432,-86.4812
902253540,2022,6,1,1900,Weekday,2-Car,No injury/unknown,OTHER (VEHICLE) - EXPLAIN IN NARRATIVE,E MORNINGSIDE DR,39.166416,-86.482592
902270006,2022,7,3,1600,Weekday,2-Car,No injury/unknown,DRIVER DISTRACTED - EXPLAIN IN NARRATIVE,LORI LANE & SR46E,39.16637966,-86.46634172
902161883,2022,1,6,300,Weekday,1-Car,No injury/unknown,OTHER (DRIVER) - EXPLAIN IN NARRATIVE,KIRKWOOD AVE,39.16635132,-86.54004669
902300371,2022,9,7,1400,Weekend,2-Car,No injury/unknown,LEFT OF CENTER,KINGS & SR46E,39.1662982,-86.45443961
902346973,2022,12,4,1200,Weekday,2-Car,No injury/unknown,UNSAFE BACKING,N SMITH,39.16627701,-86.4812
902217959,2022,4,3,700,Weekday,2-Car,No injury/unknown,FAILURE TO YIELD RIGHT OF WAY,S ADAMS ST,39.16621786,-86.54973883
902152900,2022,1,1,900,Weekend,1-Car,No injury/unknown,SPEED TOO FAST FOR WEATHER CONDITIONS,ALLEN & PATTERSON DR,39.16620219,-86.54330983
902265246,2022,7,3,1200,Weekday,2-Car,Non-incapacitating,FAILURE TO YIELD RIGHT OF WAY,LANDMARK AVE & WEST ARCH HAVEN,39.16619682,-86.55405007
902325081,2022,10,6,2000,Weekend,Pedestrian,Non-incapacitating,UNSAFE BACKING,KIMBLE & MARLENE,39.166144,-86.568
902310070,2022,10,4,1000,Weekday,1-Car,No injury/unknown,ANIMAL/OBJECT IN ROADWAY,KINGS & SR46E,39.1661273,-86.45416341
902214028,2022,4,2,1100,Weekday,2-Car,No injury/unknown,UNSAFE LANE MOVEMENT,3RD & SR37N,39.16612236,-86.57302593
902195019,2022,3,1,1100,Weekend,2-Car,No injury/unknown,SPEED TOO FAST FOR WEATHER CONDITIONS,SR37S & VERNAL,39.16604076,-86.57303249
902168196,2022,1,6,1000,Weekday,2-Car,No injury/unknown,FOLLOWING TOO CLOSELY,JORDAN AVE & THIRD,39.16602635,-86.5164198
902282247,2022,8,2,1200,Weekday,2-Car,No injury/unknown,IMPROPER TURNING,S DUNN ST,39.16597192,-86.52815967
902160555,2022,1,4,2200,Weekday,1-Car,No injury/unknown,RAN OFF ROAD RIGHT,BEAUMONT & N JOHNSON AVE,39.165968,-86.564992
902323895,2022,10,5,1100,Weekday,2-Car,No injury/unknown,FAILURE TO YIELD RIGHT OF WAY,BROADWAY & CURRY,39.16584,-86.582992
902277703,2022,8,3,1900,Weekday,1-Car,No injury/unknown,ANIMAL/OBJECT IN ROADWAY,KINGS & SR46E,39.16578549,-86.45361103
902157579,2022,1,7,700,Weekend,1-Car,No injury/unknown,ANIMAL/OBJECT IN ROADWAY,NORTH LOWER BIRDIE GALYAN & SR46E,39.16574097,-86.41192626
902246828,2022,6,5,1600,Weekday,2-Car,No injury/unknown,FOLLOWING TOO CLOSELY,LOWER BIRDIE GALYAN & SR46E,39.16574097,-86.41192626
902361475,2022,12,1,300,Weekend,1-Car,No injury/unknown,ANIMAL/OBJECT IN ROADWAY,BROADWAY & PROFILE,39.16571997,-86.59259006
902159689,2022,1,3,1700,Weekday,2-Car,No injury/unknown,FAILURE TO YIELD RIGHT OF WAY,4TH & ROGERS ST,39.165696,-86.538592
902296052,2022,9,7,700,Weekend,2-Car,No injury/unknown,IMPROPER TURNING,S ROGERS ST & W 4TH,39.165696,-86.538592
902207521,2022,3,2,1100,Weekday,2-Car,No injury/unknown,IMPROPER LANE USAGE,4TH ST & S MADISON,39.16567129,-86.53659045
902195828,2022,3,2,900,Weekday,1-Car,No injury/unknown,RAN OFF ROAD RIGHT,N COLLEGE AVE & W 4TH,39.165664,-86.5348
902206387,2022,3,6,1100,Weekday,2-Car,No injury/unknown,FOLLOWING TOO CLOSELY,4TH ST & COLLEGE,39.165664,-86.5348
902231344,2022,5,2,700,Weekday,Cyclist,Non-incapacitating,FAILURE TO YIELD RIGHT OF WAY,4TH & COLLEGE AVE,39.165664,-86.5348
902232600,2022,5,3,1300,Weekday,Bus,No injury/unknown,FAILURE TO YIELD RIGHT OF WAY,4TH ST & COLLEGE,39.165664,-86.5348
902300287,2022,9,7,2200,Weekend,Moped/Motorcycle,Non-incapacitating,IMPROPER TURNING,4TH & COLLEGE AVE,39.165664,-86.5348
902331424,2022,11,2,1700,Weekday,3+ Cars,No injury/unknown,FOLLOWING TOO CLOSELY,SOUTH COLLEGE & WEST 4TH,39.165664,-86.5348
902356846,2022,12,5,1600,Weekday,1-Car,No injury/unknown,OTHER (DRIVER) - EXPLAIN IN NARRATIVE,W 4TH,39.16564865,-86.53364898
902222938,2022,4,5,1500,Weekday,2-Car,No injury/unknown,UNSAFE LANE MOVEMENT,4TH ST & INDIANA,39.165648,-86.52755364
902212003,2022,4,4,1600,Weekday,2-Car,No injury/unknown,OTHER (DRIVER) - EXPLAIN IN NARRATIVE,4TH ST & DUNN,39.165648,-86.52840861
902314111,2022,10,3,1600,Weekday,2-Car,No injury/unknown,SPEED TOO FAST FOR WEATHER CONDITIONS,4TH & DUNN,39.165648,-86.52828513
902252356,2022,6,5,0,Weekday,2-Car,No injury/unknown,,4TH ST & DUNN,39.165648,-86.52796759
902252358,2022,6,6,0,Weekday,2-Car,No injury/unknown,,4TH ST & DUNN,39.165648,-86.52793231
902190360,2022,2,6,1400,Weekday,2-Car,No injury/unknown,DISREGARD SIGNAL/REG SIGN,4TH & WALNUT ST,39.165648,-86.5336
902230079,2022,5,5,1000,Weekday,2-Car,No injury/unknown,UNSAFE BACKING,S WALNUT ST,39.165648,-86.5336
902249520,2022,6,5,1700,Weekday,Moped/Motorcycle,No injury/unknown,OTHER (DRIVER) - EXPLAIN IN NARRATIVE,W 4TH ST,39.165648,-86.5336
902251103,2022,6,3,1800,Weekday,2-Car,No injury/unknown,UNSAFE BACKING,S WALNUT STREET PIKE,39.165648,-86.5336
902255805,2022,6,5,1400,Weekday,2-Car,No injury/unknown,DISREGARD SIGNAL/REG SIGN,4TH & WALNUT ST,39.165648,-86.5336
902272427,2022,7,3,1600,Weekday,Bus,No injury/unknown,IMPROPER TURNING,SOUTH WALNUT STREET PIKE,39.165648,-86.5336
902273807,2022,7,5,2100,Weekday,2-Car,No injury/unknown,DISREGARD SIGNAL/REG SIGN,4TH & WALNUT ST,39.165648,-86.5336
902284945,2022,8,6,1300,Weekday,3+ Cars,No injury/unknown,FOLLOWING TOO CLOSELY,4TH & N WALNTUT ST,39.165648,-86.5336
902288767,2022,8,6,1000,Weekday,2-Car,No injury/unknown,UNSAFE BACKING,WALNUT ST,39.165648,-86.5336
902300342,2022,9,1,900,Weekend,Pedestrian,Non-incapacitating,PEDESTRIAN ACTION,WALNUT ST,39.165648,-86.5336
902357732,2022,12,7,1300,Weekend,2-Car,No injury/unknown,FAILURE TO YIELD RIGHT OF WAY,4TH & WALNUT,39.165648,-86.5336
902346505,2022,12,3,1700,Weekday,2-Car,No injury/unknown,FAILURE TO YIELD RIGHT OF WAY,S WALNUT & W 4TH,39.165648,-86.5336
902198993,2022,3,6,1500,Weekday,3+ Cars,No injury/unknown,UNSAFE BACKING,SOUTH WASHINGTON ST,39.165648,-86.5324
902241336,2022,5,6,1000,Weekday,Bus,Non-incapacitating,DISREGARD SIGNAL/REG SIGN,4TH ST & WASHINGTON,39.165648,-86.5324
902260134,2022,7,7,900,Weekend,Cyclist,Non-incapacitating,LEFT OF CENTER,4TH ST & WASHINGTON,39.165648,-86.5324
902267762,2022,7,7,2100,Weekend,2-Car,No injury/unknown,IMPROPER TURNING,4TH ST & GRANT,39.165648,-86.529712
902156283,2022,1,5,1600,Weekday,2-Car,Non-incapacitating,FOLLOWING TOO CLOSELY,4TH & DUNN ST,39.165648,-86.528144
902334742,2022,11,7,200,Weekend,2-Car,No injury/unknown,UNSAFE BACKING,E 4TH,39.165648,-86.528144
902225230,2022,4,3,1600,Weekday,2-Car,No injury/unknown,UNSAFE BACKING,SOUTH INDIANA AVE,39.165648,-86.526848
902308659,2022,10,2,900,Weekday,Pedestrian,Non-incapacitating,FAILURE TO YIELD RIGHT OF WAY,4TH & INDIANA AVE,39.165648,-86.526848
902205105,2022,3,3,1800,Weekday,2-Car,No injury/unknown,UNSAFE SPEED,4TH ST & ROGERS,39.16563012,-86.53869979
902326528,2022,11,2,1100,Weekday,2-Car,No injury/unknown,FAILURE TO YIELD RIGHT OF WAY,GATES & JACOB,39.16562006,-86.57599993
902192570,2022,2,3,1400,Weekday,2-Car,Incapacitating,FAILURE TO YIELD RIGHT OF WAY,GATES DR & JACOB,39.16562006,-86.57599993
902254732,2022,6,3,1700,Weekday,2-Car,Non-incapacitating,FAILURE TO YIELD RIGHT OF WAY,GATES DR & JACOB,39.16562006,-86.57599993
902277899,2022,8,7,1300,Weekend,2-Car,No injury/unknown,IMPROPER LANE USAGE,FOURTH & SOUTH MADISON ST,39.16561,-86.53742976
902252773,2022,6,6,1600,Weekday,1-Car,No injury/unknown,,SOUTH WALNUT ST,39.16560686,-86.5336
902158534,2022,1,2,600,Weekday,Pedestrian,Non-incapacitating,,4TH & WASHINGTON ST,39.16557983,-86.53235033
902194864,2022,3,1,500,Weekend,1-Car,No injury/unknown,OTHER (ENVIRONMENTAL) - EXPLAIN IN NARR,E 4TH ST & SO WASHINGTON,39.16557983,-86.53234773
902310546,2022,10,4,2200,Weekday,2-Car,No injury/unknown,UNSAFE BACKING,S JORDAN,39.165576,-86.516312
902173284,2022,1,5,1900,Weekday,2-Car,No injury/unknown,FAILURE TO YIELD RIGHT OF WAY,FOURTH & INDIANA AVE,39.16555228,-86.52692005
902178063,2022,2,5,900,Weekday,2-Car,No injury/unknown,SPEED TOO FAST FOR WEATHER CONDITIONS,FOURTH & INDIANA AVE,39.16555032,-86.52691014
902209593,2022,3,6,900,Weekday,2-Car,No injury/unknown,UNSAFE LANE MOVEMENT,4TH & INDIANA AVE,39.16551074,-86.52684251
902286004,2022,8,2,1100,Weekday,2-Car,No injury/unknown,IMPROPER TURNING,E JONES AVE & JORDAN,39.16542246,-86.51535094
902337195,2022,11,2,1300,Weekday,2-Car,No injury/unknown,ANIMAL/OBJECT IN ROADWAY,JONES & JORDAN,39.16540012,-86.51640996
902171754,2022,1,3,1600,Weekday,2-Car,No injury/unknown,FOLLOWING TOO CLOSELY,JONES & JORDAN AVE,39.16540012,-86.51640996
902180282,2022,2,1,900,Weekend,2-Car,No injury/unknown,FAILURE TO YIELD RIGHT OF WAY,4TH & DUNN ST,39.16530485,-86.52813027
902150612,2022,1,5,1000,Weekday,2-Car,No injury/unknown,IMPROPER TURNING,E THIRD ST,39.16529846,-86.49598693
902184370,2022,2,6,1200,Weekday,2-Car,No injury/unknown,UNSAFE BACKING,JACOB DR,39.1652565,-86.57450104
902183769,2022,2,5,1200,Weekday,2-Car,No injury/unknown,OVERCORRECTING/OVERSTEERING,500 S LANDMARK AVE & BLOOMFIELD,39.16523342,-86.55378823
902194788,2022,3,1,300,Weekend,2-Car,No injury/unknown,LEFT OF CENTER,HILLSDALE & HILLSDALE DR,39.165152,-86.50296
902339720,2022,11,6,1100,Weekday,2-Car,No injury/unknown,FOLLOWING TOO CLOSELY,CURRY,39.16512266,-86.582896
902286820,2022,8,3,1600,Weekday,2-Car,No injury/unknown,FOLLOWING TOO CLOSELY,EAST TRAILWAY & SR46E,39.16510298,-86.42990248
902310523,2022,10,4,1700,Weekday,2-Car,No injury/unknown,FAILURE TO YIELD RIGHT OF WAY,3RD & FRANKLIN RD,39.16509999,-86.5712
902303621,2022,9,6,1400,Weekday,1-Car,Non-incapacitating,DRIVER ILLNESS,3RD ST OFF RAMP & SR37S,39.16502602,-86.5730914
902329019,2022,10,6,2200,Weekend,2-Car,No injury/unknown,OTHER (DRIVER) - EXPLAIN IN NARRATIVE,3RD & INDIANA,39.16499705,-86.52682196
902209473,2022,3,6,600,Weekday,1-Car,No injury/unknown,ANIMAL/OBJECT IN ROADWAY,SOUTH KIRBY & SR48W,39.16495598,-86.6112221
902356684,2022,12,4,300,Weekday,1-Car,No injury/unknown,RAN OFF ROAD RIGHT,SR46E & TRAILWAY,39.16495428,-86.43129477
902251872,2022,6,2,1300,Weekday,2-Car,No injury/unknown,FAILURE TO YIELD RIGHT OF WAY,SR46 & THIRD,39.16494857,-86.49874735
902177512,2022,2,3,200,Weekday,1-Car,Non-incapacitating,RAN OFF ROAD RIGHT,HARTSTRAIT RD & SR48W,39.164944,-86.611296
902186705,2022,2,6,1600,Weekday,2-Car,No injury/unknown,LEFT OF CENTER,600 BLOCK OF HARTSTRAIT RD & SR48,39.164944,-86.611296
902187539,2022,2,3,1100,Weekday,2-Car,No injury/unknown,UNSAFE BACKING,EAST THIRD ST,39.16493607,-86.49115753
902229610,2022,5,3,2200,Weekday,1-Car,No injury/unknown,ANIMAL/OBJECT IN ROADWAY,KINGS & SR46E,39.16493097,-86.45223008