Master Record Number,Year,Month,Day,Hour,Weekend,Collision Type,Injury Type,Primary Factor,Reported_Location,Latitude,Longitude
902215864,2022,4,1,1800,Weekend,1-Car,Non-incapacitating,RAN OFF ROAD RIGHT,KIRBY & SR48,39.16491475,-86.61097062
902241463,2022,5,5,1700,Weekday,1-Car,No injury/unknown,RAN OFF ROAD RIGHT,GARRISON CHAPEL & SR48W,39.16489325,-86.65277466
902277090,2022,7,2,1800,Weekday,2-Car,No injury/unknown,IMPROPER TURNING,WEST THIRD ST,39.164875,-86.568306
902270268,2022,7,5,1700,Weekday,3+ Cars,No injury/unknown,FAILURE TO YIELD RIGHT OF WAY,CURRY & SR48E,39.164848,-86.58324882
902160507,2022,1,3,1800,Weekday,1-Car,No injury/unknown,ANIMAL/OBJECT IN ROADWAY,SR48W & W FIELDSTONE,39.164848,-86.602112
902189515,2022,2,5,1100,Weekday,2-Car,No injury/unknown,UNSAFE SPEED,CURRY & SR48W,39.164848,-86.582896
902245515,2022,6,6,900,Weekday,2-Car,No injury/unknown,OTHER (DRIVER) - EXPLAIN IN NARRATIVE,CURRY PIKE & SR48,39.164848,-86.582896
902265167,2022,7,3,900,Weekday,2-Car,No injury/unknown,UNSAFE BACKING,WEST 3RD ST,39.164848,-86.581504
902235745,2022,5,2,1800,Weekday,2-Car,No injury/unknown,UNSAFE BACKING,W 3RD ST,39.164848,-86.581504
902334708,2022,11,6,1400,Weekday,2-Car,No injury/unknown,FAILURE TO YIELD RIGHT OF WAY,W 3RD,39.164848,-86.581504
902168358,2022,1,6,1400,Weekday,2-Car,No injury/unknown,,W 3RD ST,39.164848,-86.57961274
902348693,2022,12,7,1700,Weekend,2-Car,No injury/unknown,UNSAFE BACKING,W 3RD,39.164848,-86.57961274
902229771,2022,5,5,1600,Weekday,2-Car,No injury/unknown,UNSAFE BACKING,W 3RD ST,39.164848,-86.5768472
902178031,2022,2,4,700,Weekday,1-Car,No injury/unknown,UNSAFE BACKING,W 3RD ST,39.164848,-86.5761011
902294198,2022,9,3,1500,Weekday,2-Car,Non-incapacitating,FAILURE TO YIELD RIGHT OF WAY,W 3RD ST,39.164848,-86.5761011
902314553,2022,10,4,1200,Weekday,2-Car,No injury/unknown,FAILURE TO YIELD RIGHT OF WAY,WEST 3RD,39.164848,-86.57487674
902310817,2022,10,5,1200,Weekday,2-Car,No injury/unknown,UNSAFE BACKING,WEST 3RD ST,39.16484767,-86.58010841
902253311,2022,6,1,1100,Weekend,1-Car,No injury/unknown,OTHER (DRIVER) - EXPLAIN IN NARRATIVE,W 3RD ST,39.16484379,-86.58164716
902299743,2022,9,6,1600,Weekday,2-Car,No injury/unknown,UNSAFE BACKING,W 3RD ST,39.16484379,-86.58164716
902327424,2022,11,3,1300,Weekday,2-Car,No injury/unknown,UNSAFE BACKING,W 3RD,39.16484379,-86.58164716
902158468,2022,1,2,1000,Weekday,Bus,No injury/unknown,IMPROPER TURNING,W 3RD ST,39.16484267,-86.57939467
902186261,2022,2,2,1100,Weekday,2-Car,No injury/unknown,UNSAFE BACKING,WEST 3RD ST,39.16483984,-86.5804062
902254216,2022,6,2,1600,Weekday,Pedestrian,Non-incapacitating,UNSAFE BACKING,W 3RD ST,39.16482122,-86.5789551
902173965,2022,1,6,1600,Weekday,2-Car,No injury/unknown,DISREGARD SIGNAL/REG SIGN,W 3RD ST,39.164816,-86.573888
902234457,2022,5,6,1200,Weekday,2-Car,No injury/unknown,BRAKE FAILURE OR DEFECTIVE,W 3RD FROM S BOUND 37 & W 3RD ST,39.1648,-86.573792
902273016,2022,7,3,1700,Weekday,2-Car,No injury/unknown,INSECURE/LEAKY LOAD,SR37N & W 3RD,39.1648,-86.573792
902350940,2022,12,3,2100,Weekday,1-Car,No injury/unknown,UNSAFE SPEED,SR37N & W 3RD,39.1648,-86.573792
902341494,2022,11,2,800,Weekday,2-Car,No injury/unknown,UNSAFE BACKING,DANEILS WAY & STATE ROAD 48 WEST,39.16479997,-86.59909979
902358097,2022,12,1,1000,Weekend,1-Car,No injury/unknown,UNSAFE SPEED,SR46E & TRAILWAY,39.16478633,-86.43231295
902229760,2022,5,5,1800,Weekday,2-Car,No injury/unknown,FOLLOWING TOO CLOSELY,3RD ST & SR37N,39.16477652,-86.57345541
902249417,2022,6,7,1100,Weekend,2-Car,No injury/unknown,UNSAFE BACKING,S CURRY PIKE,39.16476444,-86.582896
902182176,2022,2,3,900,Weekday,2-Car,No injury/unknown,DISREGARD SIGNAL/REG SIGN,3RD ST & SR37,39.164752,-86.573104
902185194,2022,2,7,800,Weekend,2-Car,No injury/unknown,OTHER (ENVIRONMENTAL) - EXPLAIN IN NARR,SR37S & W 48,39.164752,-86.573104
902228063,2022,5,2,1100,Weekday,3+ Cars,No injury/unknown,DRIVER DISTRACTED - EXPLAIN IN NARRATIVE,SR37N & W 3RD,39.164752,-86.573104
902236787,2022,5,4,1600,Weekday,3+ Cars,No injury/unknown,FOLLOWING TOO CLOSELY,3RD ST & SR37,39.164752,-86.573104
902270040,2022,7,5,1000,Weekday,2-Car,No injury/unknown,FAILURE TO YIELD RIGHT OF WAY,3RD & SR 37 N ENT RAMP,39.164752,-86.573104
902287442,2022,8,4,1500,Weekday,2-Car,Non-incapacitating,DISREGARD SIGNAL/REG SIGN,3RD ST & SR37N,39.164752,-86.573104
902303322,2022,9,6,1000,Weekday,2-Car,No injury/unknown,FOLLOWING TOO CLOSELY,SR37N & WEST 3RD,39.164752,-86.573104
902303629,2022,9,6,1300,Weekday,Pedestrian,Non-incapacitating,OTHER (DRIVER) - EXPLAIN IN NARRATIVE,3RD & SR37N,39.164752,-86.573104
902312420,2022,10,1,1200,Weekend,3+ Cars,No injury/unknown,FOLLOWING TOO CLOSELY,3RD & SR37S,39.164752,-86.573104
902332172,2022,11,3,1400,Weekday,2-Car,No injury/unknown,FAILURE TO YIELD RIGHT OF WAY,STATE HIGHWAY 37 & W 3RD,39.164752,-86.573104
902336172,2022,11,2,900,Weekday,2-Car,No injury/unknown,ROADWAY SURFACE CONDITION,SR37S & W 3RD,39.164752,-86.573104
902363176,2022,12,4,1600,Weekday,2-Car,Non-incapacitating,DISREGARD SIGNAL/REG SIGN,W 3RD,39.164752,-86.573104
902183986,2022,2,4,1400,Weekday,1-Car,No injury/unknown,OTHER (DRIVER) - EXPLAIN IN NARRATIVE,3RD ST & JACKSON,39.164752,-86.53984
902337384,2022,11,3,1200,Weekday,2-Car,No injury/unknown,FAILURE TO YIELD RIGHT OF WAY,S STONE CHASE & W STATE ROAD 48,39.16474968,-86.59523003
902220395,2022,4,7,1900,Weekend,2-Car,No injury/unknown,,EAST 3RD ST,39.16472678,-86.5723537
902225073,2022,4,3,1100,Weekday,2-Car,No injury/unknown,UNSAFE LANE MOVEMENT,3RD & ROGERS ST,39.16472,-86.538592
902301202,2022,9,2,1600,Weekday,2-Car,No injury/unknown,FOLLOWING TOO CLOSELY,S ROGERS ST & W 3RD,39.16472,-86.538592
902189035,2022,2,6,1800,Weekday,2-Car,No injury/unknown,UNSAFE BACKING,EAST 3RD ST,39.16471241,-86.5719261
902213693,2022,4,1,1500,Weekend,2-Car,No injury/unknown,DISREGARD SIGNAL/REG SIGN,S MADISON & W 3RD ST,39.164704,-86.537296
902299693,2022,9,6,1400,Weekday,2-Car,No injury/unknown,UNSAFE BACKING,MADISON ST & W 3RD,39.164704,-86.537296
902357854,2022,12,6,900,Weekday,2-Car,No injury/unknown,UNSAFE BACKING,S MADISON & W 3RD,39.164704,-86.537296
902357861,2022,12,7,1300,Weekend,2-Car,No injury/unknown,UNSAFE BACKING,W 3RD,39.16469993,-86.57155498
902223251,2022,4,6,1000,Weekday,2-Car,Non-incapacitating,IMPROPER LANE USAGE,3RD ST & FRANKLIN,39.16469985,-86.57155249
902207326,2022,3,2,700,Weekday,2-Car,Non-incapacitating,FOLLOWING TOO CLOSELY,S CURRY & W WHITEHALL DR,39.16469007,-86.58361673
902153667,2022,1,2,1600,Weekday,2-Car,No injury/unknown,SPEED TOO FAST FOR WEATHER CONDITIONS,FRANKLIN & W THIRD ST,39.164688,-86.5712
902182979,2022,2,3,1800,Weekday,2-Car,No injury/unknown,FOLLOWING TOO CLOSELY,SOUTH FRANKLIN & WEST 3RD ST,39.164688,-86.5712
902223373,2022,4,6,1300,Weekday,3+ Cars,Non-incapacitating,FOLLOWING TOO CLOSELY,FRANKLIN & W 3RD ST,39.164688,-86.5712
902273346,2022,7,5,1100,Weekday,2-Car,Non-incapacitating,FAILURE TO YIELD RIGHT OF WAY,S FRANKLIN & W 3RD ST,39.164688,-86.5712
902290914,2022,9,4,900,Weekday,3+ Cars,No injury/unknown,DISREGARD SIGNAL/REG SIGN,FRANKLIN & WEST THIRD ST,39.164688,-86.5712
902295087,2022,9,4,1100,Weekday,2-Car,No injury/unknown,FAILURE TO YIELD RIGHT OF WAY,FRANKLIN & W 3RD ST,39.164688,-86.5712
902319396,2022,10,4,1800,Weekday,Moped/Motorcycle,Non-incapacitating,FOLLOWING TOO CLOSELY,SOUTH FRANKLIN & WEST 3RD,39.164688,-86.5712
902356367,2022,12,5,1100,Weekday,3+ Cars,Non-incapacitating,OTHER (DRIVER) - EXPLAIN IN NARRATIVE,FRANKLIN & THIRD,39.164688,-86.5712
902327703,2022,11,4,700,Weekday,2-Car,No injury/unknown,UNSAFE LANE MOVEMENT,3RD & FRANKLIN,39.164688,-86.5712
902175869,2022,2,2,1600,Weekday,2-Car,Non-incapacitating,DRIVER DISTRACTED - EXPLAIN IN NARRATIVE,3RD ST & HICKORY,39.16467994,-86.5858885
902220513,2022,4,1,1000,Weekend,2-Car,No injury/unknown,UNSAFE BACKING,W 3RD ST,39.16467533,-86.570478
902227098,2022,5,7,1200,Weekend,Moped/Motorcycle,No injury/unknown,UNSAFE BACKING,W 3RD ST,39.16467533,-86.570478
902173192,2022,1,5,1300,Weekday,2-Car,Non-incapacitating,IMPROPER TURNING,3RD ST,39.16466933,-86.57021333
902347086,2022,12,4,1300,Weekday,2-Car,No injury/unknown,BRAKE FAILURE OR DEFECTIVE,EAST 3RD,39.16466933,-86.57021333
902240915,2022,5,4,1300,Weekday,2-Car,No injury/unknown,IMPROPER TURNING,W THIRD ST,39.1646605,-86.57929301
902194397,2022,2,6,1800,Weekday,2-Car,No injury/unknown,UNSAFE BACKING,EAST 3RD ST,39.16464,-86.5693217
902263132,2022,7,5,1500,Weekday,2-Car,No injury/unknown,UNSAFE BACKING,E 3RD ST,39.16464,-86.56913891
902263595,2022,7,6,1300,Weekday,2-Car,No injury/unknown,WRONG WAY ON ONE WAY,E 3RD ST,39.16464,-86.56913891
902296243,2022,9,7,1500,Weekend,2-Car,No injury/unknown,UNSAFE BACKING,E 3RD ST,39.16464,-86.56913891
902296796,2022,9,7,1500,Weekend,2-Car,No injury/unknown,UNSAFE BACKING,E 3RD ST,39.16464,-86.56913891
902334198,2022,11,6,1000,Weekday,2-Car,No injury/unknown,OVERCORRECTING/OVERSTEERING,E 3RD,39.16464,-86.56913891
902216840,2022,4,1,1400,Weekend,2-Car,No injury/unknown,,E 3RD ST,39.16464,-86.56905455
902222757,2022,4,5,1100,Weekday,2-Car,No injury/unknown,FOLLOWING TOO CLOSELY,3RD ST & KIMBLE,39.16464,-86.56826461
902230645,2022,5,7,1200,Weekend,2-Car,No injury/unknown,DRIVER DISTRACTED - EXPLAIN IN NARRATIVE,KIMBLE & W 3RD ST,39.16464,-86.568
902245514,2022,6,6,1300,Weekday,2-Car,No injury/unknown,FOLLOWING TOO CLOSELY,3RD ST & KIMBLE,39.16464,-86.568
902269291,2022,7,3,1400,Weekday,2-Car,Non-incapacitating,FOLLOWING TOO CLOSELY,KIMBLE & W 3RD ST,39.16464,-86.568
902352643,2022,12,4,1400,Weekday,3+ Cars,No injury/unknown,FOLLOWING TOO CLOSELY,KIMBLE & W 3RD,39.16464,-86.568
902218511,2022,4,4,1300,Weekday,1-Car,No injury/unknown,ANIMAL/OBJECT IN ROADWAY,3RD ST & JOHNSON,39.16464,-86.564992
902319621,2022,10,4,1100,Weekday,2-Car,No injury/unknown,UNSAFE BACKING,W 3RD,39.16464,-86.56408294
902151565,2022,1,6,1000,Weekday,2-Car,No injury/unknown,DISREGARD SIGNAL/REG SIGN,3RD & COLLEGE AVE,39.16464,-86.534816
902193258,2022,2,4,2000,Weekday,2-Car,Non-incapacitating,DISREGARD SIGNAL/REG SIGN,E 3RD & S COLLEGE AVE,39.16464,-86.534816
902263797,2022,7,7,400,Weekend,2-Car,No injury/unknown,UNSAFE SPEED,COLLEGE & SR37N,39.16464,-86.534816
902264066,2022,7,7,2300,Weekend,2-Car,No injury/unknown,IMPROPER LANE USAGE,3RD & COLLEGE AVE,39.16464,-86.534816
902257220,2022,6,1,1200,Weekend,1-Car,No injury/unknown,OTHER (DRIVER) - EXPLAIN IN NARRATIVE,3RD ST & COLLEGE,39.16464,-86.534816
902259252,2022,7,5,900,Weekday,2-Car,No injury/unknown,UNSAFE LANE MOVEMENT,3RD & S COLLEGE AVE,39.16464,-86.534816
902266642,2022,7,5,1400,Weekday,2-Car,Incapacitating,FAILURE TO YIELD RIGHT OF WAY,3RD ST & COLLEGE,39.16464,-86.534816
902274295,2022,8,7,1500,Weekend,Moped/Motorcycle,No injury/unknown,FAILURE TO YIELD RIGHT OF WAY,3RD ST & COLLEGE,39.16464,-86.534816
902323907,2022,10,4,1600,Weekday,2-Car,Incapacitating,DISREGARD SIGNAL/REG SIGN,COLLEGE & THIRD,39.16464,-86.534816
902306004,2022,10,4,1000,Weekday,2-Car,No injury/unknown,UNSAFE LANE MOVEMENT,S COLLEGE AVE & W 3RD,39.16464,-86.534816
902330397,2022,11,1,1100,Weekend,2-Car,No injury/unknown,DISREGARD SIGNAL/REG SIGN,S COLLEGE & W 3RD,39.16464,-86.534816
902339110,2022,11,5,1200,Weekday,2-Car,Non-incapacitating,DISREGARD SIGNAL/REG SIGN,3RD & COLLEGE,39.16464,-86.534816
902339850,2022,11,6,1200,Weekday,3+ Cars,Incapacitating,DRIVER DISTRACTED - EXPLAIN IN NARRATIVE,S COLLEGE & W 3RD,39.16464,-86.534816
902157979,2022,1,1,1200,Weekend,Cyclist,Non-incapacitating,DISREGARD SIGNAL/REG SIGN,3RD & WALNUT ST,39.16464,-86.5336
902177560,2022,2,4,1500,Weekday,1-Car,No injury/unknown,OVERCORRECTING/OVERSTEERING,E 3RD ST & S WALNUT,39.16464,-86.5336
902199095,2022,3,7,300,Weekend,2-Car,No injury/unknown,FOLLOWING TOO CLOSELY,3RD ST & WALNUT,39.16464,-86.5336
902209573,2022,3,6,900,Weekday,2-Car,No injury/unknown,DISREGARD SIGNAL/REG SIGN,3RD ST & WALNUT,39.16464,-86.5336
902226971,2022,5,6,2000,Weekend,2-Car,No injury/unknown,OTHER (DRIVER) - EXPLAIN IN NARRATIVE,S WALNUT ST,39.16464,-86.5336
902237427,2022,5,5,300,Weekday,2-Car,No injury/unknown,UNSAFE BACKING,S WALNUT ST,39.16464,-86.5336
902238113,2022,5,7,1200,Weekend,2-Car,No injury/unknown,DISREGARD SIGNAL/REG SIGN,E 3RD ST & S WALNUT,39.16464,-86.5336
902256890,2022,6,7,2300,Weekend,3+ Cars,No injury/unknown,DISREGARD SIGNAL/REG SIGN,3RD & WALNUT ST,39.16464,-86.5336
902281083,2022,8,6,400,Weekday,1-Car,No injury/unknown,,NORTH WALNUT ST,39.16464,-86.5336
902167792,2022,1,6,200,Weekday,2-Car,No injury/unknown,FAILURE TO YIELD RIGHT OF WAY,E 3 RD ST & S WASHINGTON,39.16464,-86.5324
902179962,2022,1,4,1300,Weekday,2-Car,No injury/unknown,FAILURE TO YIELD RIGHT OF WAY,THIRD ST & WASHINGTON,39.16464,-86.5324
902180141,2022,2,1,100,Weekend,2-Car,No injury/unknown,FAILURE TO YIELD RIGHT OF WAY,3RD ST & WASHINGTON,39.16464,-86.5324
902207180,2022,3,1,1900,Weekday,2-Car,Non-incapacitating,DISREGARD SIGNAL/REG SIGN,3RD ST & WASHINGTON,39.16464,-86.5324
902272274,2022,7,7,1300,Weekend,2-Car,No injury/unknown,OTHER (DRIVER) - EXPLAIN IN NARRATIVE,E 3RD ST,39.16464,-86.5324
902274231,2022,8,6,1800,Weekday,2-Car,No injury/unknown,DISREGARD SIGNAL/REG SIGN,3RD ST & WASHINGTON,39.16464,-86.5324
902278925,2022,8,4,2000,Weekday,2-Car,No injury/unknown,UNSAFE BACKING,E 3RD ST,39.16464,-86.5324
902288823,2022,8,7,1000,Weekend,2-Car,No injury/unknown,DISREGARD SIGNAL/REG SIGN,EAST 3RD ST & WASHINGTON,39.16464,-86.5324
902290866,2022,9,4,1100,Weekday,2-Car,No injury/unknown,DISREGARD SIGNAL/REG SIGN,3RD ST & WASHINGTON,39.16464,-86.5324
902299360,2022,9,6,600,Weekday,1-Car,Non-incapacitating,FAILURE TO YIELD RIGHT OF WAY,3RD & WASHINGTON ST,39.16464,-86.5324
902265720,2022,7,2,1000,Weekday,2-Car,No injury/unknown,UNSAFE BACKING,EAST 3RD ST,39.16464,-86.53211918
902277793,2022,8,6,1100,Weekday,2-Car,No injury/unknown,OTHER (DRIVER) - EXPLAIN IN NARRATIVE,E 3RD ST & LINCOLN,39.16464,-86.531024
902336845,2022,11,2,1800,Weekday,2-Car,No injury/unknown,FOLLOWING TOO CLOSELY,3RD & LINCOLN,39.16464,-86.531024
902196871,2022,3,3,1700,Weekday,2-Car,No injury/unknown,UNSAFE BACKING,EAST 3RD ST,39.16464,-86.53086531
902198923,2022,3,6,1600,Weekday,2-Car,No injury/unknown,FAILURE TO YIELD RIGHT OF WAY,EAST 3RD ST & GRANT,39.16464,-86.529728
902236063,2022,5,3,1200,Weekday,2-Car,Non-incapacitating,FAILURE TO YIELD RIGHT OF WAY,3RD ST & GRANT,39.16464,-86.529728
902293229,2022,9,2,800,Weekday,2-Car,No injury/unknown,FOLLOWING TOO CLOSELY,3RD ST & GRANT,39.16464,-86.529728
902286931,2022,8,3,2100,Weekday,Cyclist,Non-incapacitating,HEADLIGHT DEFECTIVE OR NOT ON,3RD ST & GRANT,39.16464,-86.529728
902342963,2022,11,2,1900,Weekday,2-Car,No injury/unknown,UNSAFE LANE MOVEMENT,GRANT & THIRD,39.16464,-86.529728
902351980,2022,12,5,1100,Weekday,2-Car,No injury/unknown,UNSAFE LANE MOVEMENT,3RD & GRANT,39.16464,-86.529728
902288639,2022,8,6,1500,Weekday,3+ Cars,Non-incapacitating,FAILURE TO YIELD RIGHT OF WAY,3RD ST & CURRY,39.16463971,-86.582946
902333401,2022,11,5,1100,Weekday,2-Car,No injury/unknown,FAILURE TO YIELD RIGHT OF WAY,S CURRY & W 3RD,39.16463971,-86.58292003
902156116,2022,1,4,1500,Weekday,2-Car,No injury/unknown,FOLLOWING TOO CLOSELY,CURRY PIKE & W 3RD,39.16463971,-86.58292002
902206778,2022,3,7,900,Weekend,2-Car,Non-incapacitating,OTHER (DRIVER) - EXPLAIN IN NARRATIVE,CURRY & W 3RD ST,39.16463971,-86.58292002
902208570,2022,3,3,2000,Weekday,2-Car,Non-incapacitating,FAILURE TO YIELD RIGHT OF WAY,3RD ST & CURRY,39.16463971,-86.58292002
902229465,2022,5,5,700,Weekday,2-Car,Non-incapacitating,FAILURE TO YIELD RIGHT OF WAY,3RD & CURRY PIKE,39.16463971,-86.58292002
902231074,2022,5,1,1600,Weekend,2-Car,No injury/unknown,UNSAFE LANE MOVEMENT,CURRY & W THIRD ST,39.16463971,-86.58292002
902236798,2022,5,4,1600,Weekday,3+ Cars,No injury/unknown,FOLLOWING TOO CLOSELY,3RD & CURRY PIKE,39.16463971,-86.58292002
902256385,2022,6,6,1800,Weekday,2-Car,Incapacitating,SPEED TOO FAST FOR WEATHER CONDITIONS,3RD & CURRY PIKE,39.16463971,-86.58292002
902291331,2022,9,5,800,Weekday,2-Car,No injury/unknown,OTHER (DRIVER) - EXPLAIN IN NARRATIVE,CURRY & W 3RD ST,39.16463971,-86.58292002
902351924,2022,12,5,800,Weekday,2-Car,Non-incapacitating,FAILURE TO YIELD RIGHT OF WAY,S CURRY & W 3RD,39.16463971,-86.58291137
902296097,2022,9,5,1300,Weekday,2-Car,No injury/unknown,FOLLOWING TOO CLOSELY,CURRY & W 3RD ST,39.16463971,-86.58291137
902363182,2022,12,4,1600,Weekday,2-Car,Non-incapacitating,FAILURE TO YIELD RIGHT OF WAY,3RD & LIBERTY,39.16461021,-86.57912141
902356726,2022,12,5,1700,Weekday,2-Car,No injury/unknown,FAILURE TO YIELD RIGHT OF WAY,LIBERTY & W 3RD,39.16461021,-86.57911708
902310779,2022,10,5,800,Weekday,1-Car,Non-incapacitating,OTHER (DRIVER) - EXPLAIN IN NARRATIVE,LIBERTY & W 3RD ST,39.16461021,-86.57914305
902300078,2022,9,6,1600,Weekday,2-Car,No injury/unknown,FOLLOWING TOO CLOSELY,LIBERTY & W 3RD ST,39.16461021,-86.57913872
902347244,2022,12,4,1300,Weekday,2-Car,Non-incapacitating,FOLLOWING TOO CLOSELY,S LIBERTY & W 3RD,39.16461021,-86.57913007
902176802,2022,2,3,1400,Weekday,2-Car,No injury/unknown,FOLLOWING TOO CLOSELY,LIBERTY & W 3RD ST,39.16461021,-86.57913006
902232976,2022,5,4,1600,Weekday,Bus,No injury/unknown,DISREGARD SIGNAL/REG SIGN,3RD ST & LIBERTY,39.16461021,-86.57913006
902275790,2022,8,3,900,Weekday,2-Car,No injury/unknown,FAILURE TO YIELD RIGHT OF WAY,S LIBERTY & W 3RD ST,39.16461021,-86.57913006
902173551,2022,1,5,1200,Weekday,2-Car,No injury/unknown,UNSAFE BACKING,WEST THIRD ST,39.16460887,-86.58336326
902173966,2022,1,6,1300,Weekday,Pedestrian,Non-incapacitating,UNSAFE BACKING,WEST 3RD ST,39.16460015,-86.58302865
902279873,2022,8,4,1200,Weekday,3+ Cars,Non-incapacitating,FOLLOWING TOO CLOSELY,RAMP 10 & W 3RD ST,39.16459025,-86.57207251
902340673,2022,11,7,1600,Weekend,2-Car,No injury/unknown,UNSAFE BACKING,S GATES & W 3RD,39.16459009,-86.57619976
902217683,2022,4,2,1700,Weekday,3+ Cars,Non-incapacitating,FOLLOWING TOO CLOSELY,GATES & W THIRD ST,39.16459009,-86.57624304
902311455,2022,10,5,1900,Weekday,2-Car,No injury/unknown,IMPROPER LANE USAGE,GATES & WEST THIRD ST,39.16459009,-86.57624304
902222906,2022,4,5,1600,Weekday,3+ Cars,No injury/unknown,FOLLOWING TOO CLOSELY,3RD ST & GATES,39.16459009,-86.57620841
902184820,2022,2,6,1600,Weekday,2-Car,No injury/unknown,SPEED TOO FAST FOR WEATHER CONDITIONS,GATES & THIRD ST,39.16459009,-86.57619976
902353947,2022,12,7,1400,Weekend,2-Car,No injury/unknown,FAILURE TO YIELD RIGHT OF WAY,3RD & GATES,39.16459009,-86.57619976
902362056,2022,12,2,1200,Weekday,2-Car,No injury/unknown,FOLLOWING TOO CLOSELY,GATES & W 3RD,39.16459009,-86.57619976
902157242,2022,1,6,1400,Weekday,2-Car,Non-incapacitating,DISREGARD SIGNAL/REG SIGN,GATES & W 3RD ST,39.16459009,-86.57619975
902178032,2022,2,4,1000,Weekday,2-Car,No injury/unknown,FOLLOWING TOO CLOSELY,GATES & W 3RD ST,39.16459009,-86.57619975
902215938,2022,4,5,2200,Weekday,2-Car,No injury/unknown,BRAKE FAILURE OR DEFECTIVE,3RD ST & GATES,39.16459009,-86.57619975
902226023,2022,5,5,1000,Weekday,2-Car,No injury/unknown,FAILURE TO YIELD RIGHT OF WAY,S GATES & W 3RD ST ST,39.16459009,-86.57619975
902251039,2022,6,3,1400,Weekday,2-Car,No injury/unknown,FOLLOWING TOO CLOSELY,GATES DR & W THIRD,39.16459009,-86.57619975
902272962,2022,7,4,1200,Weekday,3+ Cars,Non-incapacitating,FOLLOWING TOO CLOSELY,3RD ST & GATES,39.16459009,-86.57619975
902275477,2022,8,2,1600,Weekday,2-Car,No injury/unknown,OTHER (DRIVER) - EXPLAIN IN NARRATIVE,3RD ST & GATES,39.16459009,-86.57619975
902291140,2022,9,4,1500,Weekday,2-Car,No injury/unknown,FAILURE TO YIELD RIGHT OF WAY,GATES & W 3RD ST,39.16459009,-86.57619975
902318774,2022,10,3,1700,Weekday,2-Car,No injury/unknown,FOLLOWING TOO CLOSELY,S GATES & W 3RD,39.16459009,-86.57619975
902301392,2022,9,3,700,Weekday,2-Car,Non-incapacitating,OTHER (ENVIRONMENTAL) - EXPLAIN IN NARR,GATES & W 3RD ST,39.16459009,-86.57619542
902323267,2022,10,4,1200,Weekday,2-Car,No injury/unknown,FOLLOWING TOO CLOSELY,GATES & W 3RD,39.16459009,-86.57619109
902295746,2022,9,6,1300,Weekday,2-Car,Non-incapacitating,FAILURE TO YIELD RIGHT OF WAY,GATES & W 3RD ST,39.16459009,-86.57618936
902239902,2022,5,3,2300,Weekday,2-Car,No injury/unknown,OTHER (DRIVER) - EXPLAIN IN NARRATIVE,N GATES & W 3RD ST,39.16458497,-86.57620081
902319260,2022,10,4,1400,Weekday,2-Car,No injury/unknown,DISREGARD SIGNAL/REG SIGN,N GATES & W 3RD,39.16458497,-86.57620081
902268806,2022,7,2,2200,Weekday,2-Car,No injury/unknown,UNSAFE BACKING,EAST 3RD ST,39.16456,-86.5550845
902301757,2022,9,2,1700,Weekday,2-Car,No injury/unknown,FOLLOWING TOO CLOSELY,3RD ST & WYNNEDALE,39.16455992,-86.57019026
902234436,2022,5,7,1000,Weekend,3+ Cars,Non-incapacitating,FOLLOWING TOO CLOSELY,3RD ST & YANCY,39.16455992,-86.56949746
902199269,2022,3,6,1400,Weekday,3+ Cars,Non-incapacitating,FOLLOWING TOO CLOSELY,S CORY & W THIRD ST,39.164544,-86.560096
902220629,2022,4,1,1500,Weekend,1-Car,No injury/unknown,RAN OFF ROAD RIGHT,3RD ST & CORY,39.164544,-86.560096
902250678,2022,6,2,2200,Weekday,Moped/Motorcycle,Non-incapacitating,FOLLOWING TOO CLOSELY,3RD & CURRY PIKE,39.164544,-86.560096
902289440,2022,9,2,900,Weekday,Pedestrian,Non-incapacitating,OTHER (DRIVER) - EXPLAIN IN NARRATIVE,S CURRY PIKE & WEST SR 48 3RD ST,39.164544,-86.560096
902300209,2022,9,6,2300,Weekend,1-Car,No injury/unknown,RAN OFF ROAD RIGHT,3RD & CURRY PIKE,39.164544,-86.560096
902355180,2022,12,3,1700,Weekday,2-Car,No injury/unknown,DRIVER DISTRACTED - EXPLAIN IN NARRATIVE,3RD & CORY,39.164544,-86.560096
902308358,2022,10,6,900,Weekday,3+ Cars,No injury/unknown,OTHER (DRIVER) - EXPLAIN IN NARRATIVE,ADAMS ST,39.164544,-86.552192
902317428,2022,10,2,900,Weekday,2-Car,No injury/unknown,FAILURE TO YIELD RIGHT OF WAY,3RD & JOHNSON,39.16451029,-86.56500019
902161860,2022,1,5,900,Weekday,1-Car,No injury/unknown,RAN OFF ROAD RIGHT,S MUELLER PKWY & W 3RD,39.16450345,-86.56269914
902151676,2022,1,6,900,Weekday,2-Car,Non-incapacitating,FOLLOWING TOO CLOSELY,MULLER & W 3RD ST,39.16450024,-86.56270019
902195675,2022,3,2,1000,Weekday,2-Car,No injury/unknown,SPEED TOO FAST FOR WEATHER CONDITIONS,3RD & MULLER PKWY,39.16450024,-86.56270019
902340459,2022,11,7,900,Weekend,1-Car,No injury/unknown,OVERCORRECTING/OVERSTEERING,KINGS & SR46E,39.16445976,-86.44879804
902164165,2022,1,2,100,Weekday,2-Car,No injury/unknown,,E 3RD & S DUNN ST,39.164448,-86.528096
902164673,2022,1,3,800,Weekday,Bus,No injury/unknown,ROADWAY SURFACE CONDITION,3RD ST & DUNN,39.164448,-86.528096