Master Record Number,Year,Month,Day,Hour,Weekend,Collision Type,Injury Type,Primary Factor,Reported_Location,Latitude,Longitude
902212524,2022,4,5,1400,Weekday,2-Car,No injury/unknown,IMPROPER LANE USAGE,3RD ST & DUNN,39.164448,-86.528096
902215640,2022,4,5,1100,Weekday,2-Car,No injury/unknown,UNSAFE BACKING,925 E ATWATER (ATWATER GARAGE) AVE & ATWATER,39.164448,-86.528096
902217520,2022,4,1,1900,Weekday,1-Car,No injury/unknown,RAN OFF ROAD RIGHT,E ATWATER & S DUNN ST,39.164448,-86.528096
902232298,2022,5,3,1000,Weekday,2-Car,No injury/unknown,IMPROPER TURNING,ATWATER & DUNN ST,39.164448,-86.528096
902258856,2022,7,4,1200,Weekday,2-Car,Non-incapacitating,FOLLOWING TOO CLOSELY,E 3RD & SO DUNN ST,39.164448,-86.528096
902271051,2022,7,7,1600,Weekend,Moped/Motorcycle,Non-incapacitating,UNSAFE LANE MOVEMENT,ATWATER AVE & DUNN,39.164448,-86.528096
902293620,2022,9,2,1600,Weekday,2-Car,No injury/unknown,FOLLOWING TOO CLOSELY,DUNN & E 3RD ST,39.164448,-86.528096
902322981,2022,10,3,2300,Weekday,2-Car,No injury/unknown,FOLLOWING TOO CLOSELY,ATWATER & E 3RD,39.164448,-86.528096
902286734,2022,8,2,2200,Weekday,2-Car,No injury/unknown,UNSAFE LANE MOVEMENT,E 3RD & E ATWATER AVE,39.164448,-86.528096
902346495,2022,12,3,1500,Weekday,2-Car,No injury/unknown,UNSAFE LANE MOVEMENT,E 3RD & E ATWATER,39.164448,-86.528096
902279217,2022,8,3,700,Weekday,2-Car,No injury/unknown,UNSAFE BACKING,EAST 3RD ST,39.164448,-86.527744
902283166,2022,8,3,2200,Weekday,2-Car,No injury/unknown,UNSAFE BACKING,E 3RD ST,39.164448,-86.527744
902339563,2022,11,5,1100,Weekday,2-Car,No injury/unknown,UNSAFE BACKING,E 3RD,39.164448,-86.52769371
902271647,2022,7,6,1400,Weekday,Bus,No injury/unknown,OTHER (DRIVER) - EXPLAIN IN NARRATIVE,3RD ST & FESS,39.164448,-86.52685044
902176797,2022,2,3,1400,Weekday,2-Car,No injury/unknown,FOLLOWING TOO CLOSELY,E 3RD ST & S INDIANA,39.164448,-86.5268
902182174,2022,2,2,1100,Weekday,2-Car,No injury/unknown,UNSAFE SPEED,3RD ST & INDIANA,39.164448,-86.5268
902183127,2022,2,4,1500,Weekday,2-Car,Non-incapacitating,UNSAFE LANE MOVEMENT,3RD & INDIANA AVE,39.164448,-86.5268
902195229,2022,3,1,1800,Weekend,3+ Cars,No injury/unknown,SPEED TOO FAST FOR WEATHER CONDITIONS,3RD ST & INDIANA,39.164448,-86.5268
902198337,2022,3,5,1500,Weekday,2-Car,No injury/unknown,FOLLOWING TOO CLOSELY,3RD ST & INDIANA,39.164448,-86.5268
902256835,2022,6,7,1500,Weekend,2-Car,Non-incapacitating,SPEED TOO FAST FOR WEATHER CONDITIONS,3RD ST & INDIANA,39.164448,-86.5268
902308144,2022,10,1,0,Weekend,2-Car,No injury/unknown,FOLLOWING TOO CLOSELY,3RD ST & INDIANA,39.164448,-86.5268
902318248,2022,10,2,1100,Weekday,Pedestrian,Non-incapacitating,FAILURE TO YIELD RIGHT OF WAY,INDIANA & THIRD,39.164448,-86.5268
902339355,2022,11,5,1500,Weekday,Bus,No injury/unknown,FAILURE TO YIELD RIGHT OF WAY,E 3RD & INDIANA,39.164448,-86.5268
902343442,2022,11,4,2100,Weekday,Bus,No injury/unknown,OTHER (DRIVER) - EXPLAIN IN NARRATIVE,3RD & INDIANA,39.164448,-86.5268
902347137,2022,12,3,1600,Weekday,Pedestrian,Non-incapacitating,PEDESTRIAN ACTION,INDIANA & THIRD,39.164448,-86.5268
902158807,2022,1,2,1800,Weekday,2-Car,No injury/unknown,FOLLOWING TOO CLOSELY,E 3RD ST & S FESS,39.164448,-86.525792
902208772,2022,3,4,1000,Weekday,2-Car,Non-incapacitating,FAILURE TO YIELD RIGHT OF WAY,3RD ST & FESS,39.164448,-86.525792
902319701,2022,10,5,900,Weekday,2-Car,No injury/unknown,IMPROPER LANE USAGE,3RD & FESS,39.164448,-86.525792
902354467,2022,12,2,1500,Weekday,1-Car,No injury/unknown,OVERCORRECTING/OVERSTEERING,E 3RD & S FESS,39.164448,-86.525792
902348331,2022,12,6,1700,Weekday,2-Car,No injury/unknown,IMPROPER TURNING,3RD & FESS,39.164448,-86.525792
902216750,2022,4,7,1100,Weekend,2-Car,Non-incapacitating,IMPROPER TURNING,446 & E 3RD ST,39.164448,-86.471888
902229040,2022,5,4,1200,Weekday,2-Car,No injury/unknown,FOLLOWING TOO CLOSELY,446 & EAST 3RD ST,39.164448,-86.471888
902247763,2022,6,4,900,Weekday,2-Car,Non-incapacitating,FOLLOWING TOO CLOSELY,E 3RD & SR4546,39.164448,-86.471888
902250785,2022,6,3,700,Weekday,2-Car,No injury/unknown,OTHER (DRIVER) - EXPLAIN IN NARRATIVE,3RD & PETE ELLIS DR,39.16444599,-86.495088
902183782,2022,2,5,900,Weekday,2-Car,No injury/unknown,UNSAFE SPEED,3RD ST & FESS,39.16444377,-86.52565098
902203955,2022,3,1,1800,Weekend,2-Car,No injury/unknown,UNSAFE BACKING,W THIRD ST,39.16444056,-86.57150186
902230361,2022,5,6,1500,Weekday,2-Car,No injury/unknown,UNSAFE BACKING,E 3RD ST,39.16443539,-86.5253718
902332662,2022,11,4,1100,Weekday,2-Car,No injury/unknown,FOLLOWING TOO CLOSELY,3RD & LANDMARK,39.16442983,-86.55630983
902157997,2022,1,1,1200,Weekend,2-Car,Non-incapacitating,FAILURE TO YIELD RIGHT OF WAY,LANDMARK & W THIRD ST,39.16442983,-86.55630983
902190030,2022,2,5,1200,Weekday,Bus,No injury/unknown,FAILURE TO YIELD RIGHT OF WAY,S LANDMARK & W 3RD ST,39.16442983,-86.55630983
902224491,2022,4,2,1000,Weekday,Bus,Non-incapacitating,FOLLOWING TOO CLOSELY,S LANDMARK AVE & W 3RD,39.16442983,-86.55630983
902288640,2022,8,4,1300,Weekday,2-Car,No injury/unknown,DISREGARD SIGNAL/REG SIGN,3RD ST & LANDMARK,39.16442983,-86.55630983
902317639,2022,10,2,1300,Weekday,3+ Cars,No injury/unknown,FAILURE TO YIELD RIGHT OF WAY,3RD & LANDMARK,39.16442983,-86.55630983
902200625,2022,3,3,800,Weekday,2-Car,No injury/unknown,FOLLOWING TOO CLOSELY,3RD ST & LANDMARK,39.16442983,-86.55628386
902288378,2022,8,6,1200,Weekday,2-Car,Non-incapacitating,FOLLOWING TOO CLOSELY,3RD ST & FESS,39.16442686,-86.5250869
902251539,2022,6,4,1400,Weekday,2-Car,No injury/unknown,UNSAFE BACKING,EAST 3RD ST,39.16442667,-86.52508089
902225574,2022,4,4,1000,Weekday,2-Car,No injury/unknown,UNSAFE BACKING,E 3RD ST,39.164417,-86.54695971
902288769,2022,8,6,0,Weekday,2-Car,No injury/unknown,OTHER (DRIVER) - EXPLAIN IN NARRATIVE,3RD ST & WESTPLEX,39.16440971,-86.55389986
902223426,2022,4,6,1600,Weekday,2-Car,No injury/unknown,FOLLOWING TOO CLOSELY,3RD ST & WOODLAWN,39.16440489,-86.52435475
902160496,2022,1,4,2100,Weekday,1-Car,No injury/unknown,WRONG WAY ON ONE WAY,W 3RD ST & WALKER,39.1644,-86.546304
902296119,2022,9,7,1200,Weekend,2-Car,Non-incapacitating,FOLLOWING TOO CLOSELY,3RD & SR46N,39.16439362,-86.47225613
902273780,2022,8,6,1100,Weekday,2-Car,No injury/unknown,IMPROPER TURNING,EAST 3RD ST,39.16439273,-86.52394958
902193477,2022,2,5,800,Weekday,2-Car,No injury/unknown,OTHER (DRIVER) - EXPLAIN IN NARRATIVE,3RD ST & WOODLAWN,39.164352,-86.52223919
902212013,2022,4,4,2000,Weekday,2-Car,No injury/unknown,UNSAFE BACKING,3RD & WOODLAWN AVE,39.164352,-86.522592
902214766,2022,4,3,1700,Weekday,2-Car,Non-incapacitating,FOLLOWING TOO CLOSELY,3RD ST & WOODLAWN,39.164352,-86.522592
902230927,2022,5,5,1300,Weekday,2-Car,No injury/unknown,OTHER (DRIVER) - EXPLAIN IN NARRATIVE,3RD ST & WOODLAWN,39.164352,-86.522592
902271285,2022,7,1,1200,Weekend,Moped/Motorcycle,Non-incapacitating,IMPROPER TURNING,3RD ST & WOODLAWN,39.164352,-86.522592
902315975,2022,10,6,1000,Weekday,Cyclist,Incapacitating,IMPROPER LANE USAGE,E 3RD & WOODLAWN,39.164352,-86.522592
902316015,2022,10,5,2100,Weekday,2-Car,Non-incapacitating,UNSAFE LANE MOVEMENT,3RD & WOODLAWN,39.164352,-86.522592
902339552,2022,11,5,1300,Weekday,2-Car,No injury/unknown,IMPROPER LANE USAGE,3RD & WOODLAWN,39.164352,-86.522592
902351922,2022,12,5,1000,Weekday,2-Car,No injury/unknown,UNSAFE BACKING,E 3RD & S WOODLAWN,39.164352,-86.522592
902211489,2022,3,2,1200,Weekday,2-Car,No injury/unknown,UNSAFE BACKING,E 3RD ST,39.164352,-86.52246922
902167541,2022,1,5,1600,Weekday,3+ Cars,Non-incapacitating,FOLLOWING TOO CLOSELY,3RD ST & FACULTY,39.164352,-86.521088
902296974,2022,9,2,1000,Weekday,1-Car,No injury/unknown,UNSAFE BACKING,EAST 3RD ST,39.164352,-86.521088
902317945,2022,10,2,1600,Weekday,2-Car,No injury/unknown,FOLLOWING TOO CLOSELY,3RD & ROSE,39.164352,-86.510944
902162437,2022,1,6,1100,Weekday,2-Car,No injury/unknown,FOLLOWING TOO CLOSELY,3RD ST & UNION,39.164352,-86.5088
902182385,2022,2,3,1500,Weekday,3+ Cars,No injury/unknown,FOLLOWING TOO CLOSELY,3RD ST & UNION,39.164352,-86.5088
902221870,2022,4,3,1600,Weekday,2-Car,No injury/unknown,FAILURE TO YIELD RIGHT OF WAY,3RD ST & UNION,39.164352,-86.5088
902230641,2022,5,7,1100,Weekend,2-Car,No injury/unknown,UNSAFE BACKING,3RD & UNION ST,39.164352,-86.5088
902351098,2022,12,4,800,Weekday,2-Car,No injury/unknown,FAILURE TO YIELD RIGHT OF WAY,3RD & UNION,39.164352,-86.5088
902274340,2022,8,6,1700,Weekday,Moped/Motorcycle,Non-incapacitating,UNSAFE SPEED,MORNINGSIDE & SR46,39.16434498,-86.48193322
902176757,2022,2,3,1400,Weekday,1-Car,No injury/unknown,OTHER (DRIVER) - EXPLAIN IN NARRATIVE,S FESS AVE,39.16433371,-86.52579363
902208485,2022,3,3,1500,Weekday,2-Car,No injury/unknown,UNSAFE BACKING,S FESS AVE,39.16433371,-86.52579363
902209274,2022,3,5,1300,Weekday,1-Car,No injury/unknown,DRIVER DISTRACTED - EXPLAIN IN NARRATIVE,S FESS AVE,39.16433371,-86.52579363
902217673,2022,4,2,1700,Weekday,1-Car,No injury/unknown,UNSAFE BACKING,S FESS AVE,39.16433371,-86.52579363
902190656,2022,2,3,700,Weekday,3+ Cars,No injury/unknown,FOLLOWING TOO CLOSELY,BURMA & SR37N,39.16432,-86.50824
902291691,2022,9,5,1600,Weekday,2-Car,No injury/unknown,FOLLOWING TOO CLOSELY,BURMA & SR37N,39.16432,-86.50824
902297455,2022,9,2,1700,Weekday,2-Car,No injury/unknown,FOLLOWING TOO CLOSELY,BRYAN & E 3RD ST,39.16432,-86.50824
902210424,2022,3,1,1700,Weekend,2-Car,No injury/unknown,FOLLOWING TOO CLOSELY,HENDERSON ST & THIRD,39.16430652,-86.52691309
902292926,2022,9,1,1500,Weekend,2-Car,Non-incapacitating,DISREGARD SIGNAL/REG SIGN,HENDERSON ST & THIRD,39.16430652,-86.52691309
902296087,2022,9,7,1000,Weekend,2-Car,No injury/unknown,DISREGARD SIGNAL/REG SIGN,HENDERSON ST & THIRD,39.16430652,-86.52691309
902305105,2022,9,2,1500,Weekday,2-Car,Non-incapacitating,DISREGARD SIGNAL/REG SIGN,INDIANA & THIRD ST,39.16430652,-86.52691309
902339761,2022,11,6,1100,Weekday,2-Car,No injury/unknown,FOLLOWING TOO CLOSELY,3RD & JEFFERSON,39.164304,-86.50663919
902168748,2022,1,6,900,Weekday,2-Car,No injury/unknown,FAILURE TO YIELD RIGHT OF WAY,E 3RD ST & SO JEFFERSON,39.164304,-86.506992
902221141,2022,4,2,1200,Weekday,2-Car,Non-incapacitating,OTHER (DRIVER) - EXPLAIN IN NARRATIVE,EAST THIRD ST & JEFFERSON,39.164304,-86.506992
902223294,2022,4,4,1000,Weekday,2-Car,No injury/unknown,FAILURE TO YIELD RIGHT OF WAY,E 3RD ST & JEFFERSON,39.164304,-86.506992
902227298,2022,5,7,1800,Weekend,3+ Cars,No injury/unknown,FOLLOWING TOO CLOSELY,3RD ST & JEFFERSON,39.164304,-86.506992
902320995,2022,10,7,1700,Weekend,2-Car,No injury/unknown,DRIVER DISTRACTED - EXPLAIN IN NARRATIVE,3RD & JEFFERSON,39.164304,-86.506992
902348038,2022,12,6,1000,Weekday,Bus,No injury/unknown,FOLLOWING TOO CLOSELY,E 3RD & SO JEFFERSON,39.164304,-86.506992
902350417,2022,12,6,1000,Weekday,2-Car,No injury/unknown,UNSAFE BACKING,E 3RD & SO JEFFERSON,39.164304,-86.506992
902201455,2022,3,4,1200,Weekday,2-Car,No injury/unknown,OTHER (DRIVER) - EXPLAIN IN NARRATIVE,2200 EAST THIRD ST & ROOSEVELT,39.164304,-86.505792
902212994,2022,4,6,1200,Weekday,2-Car,Non-incapacitating,FOLLOWING TOO CLOSELY,E 3RD ST & ROOSEVELT,39.164304,-86.505792
902321731,2022,10,2,900,Weekday,1-Car,No injury/unknown,ANIMAL/OBJECT IN ROADWAY,ROOSEVELT & THIRD,39.164304,-86.505792
902283615,2022,8,4,1600,Weekday,3+ Cars,No injury/unknown,FOLLOWING TOO CLOSELY,3RD ST & ROOSEVELT,39.164304,-86.505792
902283628,2022,8,4,1700,Weekday,Moped/Motorcycle,Non-incapacitating,FAILURE TO YIELD RIGHT OF WAY,3RD ST & ROOSEVELT,39.164304,-86.505792
902285191,2022,8,7,1400,Weekend,2-Car,Non-incapacitating,FOLLOWING TOO CLOSELY,3RD ST & ROOSEVELT,39.164304,-86.505792
902352058,2022,12,5,1300,Weekday,3+ Cars,No injury/unknown,FOLLOWING TOO CLOSELY,E 3RD & S ROOSEVELT,39.164304,-86.505792
902293721,2022,9,2,1700,Weekday,2-Car,No injury/unknown,FOLLOWING TOO CLOSELY,INDIANA & THIRD ST,39.16429977,-86.52667208
902333318,2022,11,5,900,Weekday,2-Car,No injury/unknown,FOLLOWING TOO CLOSELY,3RD & UNION,39.16429079,-86.50907108
902181683,2022,2,2,1700,Weekday,2-Car,No injury/unknown,FOLLOWING TOO CLOSELY,CLARK & THIRD ST,39.164288,-86.5048
902310763,2022,10,5,800,Weekday,2-Car,No injury/unknown,OTHER (DRIVER) - EXPLAIN IN NARRATIVE,CLARK & EAST THIRD ST,39.164288,-86.5048
902292046,2022,9,6,1000,Weekday,2-Car,No injury/unknown,IMPROPER TURNING,HENDERSON & THIRD ST,39.16427777,-86.52588752
902277433,2022,8,6,1300,Weekday,3+ Cars,Non-incapacitating,ROADWAY SURFACE CONDITION,INDIANA & THIRD ST,39.1642777,-86.52587125
902290436,2022,9,3,1600,Weekday,2-Car,No injury/unknown,IMPROPER TURNING,HENDERSON & THIRD ST,39.1642777,-86.52587125
902218981,2022,4,4,2000,Weekday,Pedestrian,Non-incapacitating,IMPROPER TURNING,JORDAN AVE & THIRD,39.16427532,-86.51640856
902230143,2022,5,6,1200,Weekday,2-Car,Non-incapacitating,FAILURE TO YIELD RIGHT OF WAY,BALLANTINE RD & THIRD,39.16427388,-86.5191192
902306438,2022,10,4,1000,Weekday,2-Car,No injury/unknown,FOLLOWING TOO CLOSELY,3RD & SR46E,39.16427359,-86.47343037
902163055,2022,1,7,1300,Weekend,2-Car,No injury/unknown,UNSAFE LANE MOVEMENT,JORDAN & THIRD ST,39.16427294,-86.51583434
902174576,2022,2,7,1900,Weekend,2-Car,No injury/unknown,FOLLOWING TOO CLOSELY,ROSE AVE & THIRD,39.16427246,-86.51094323
902175017,2022,2,1,1900,Weekday,2-Car,No injury/unknown,FOLLOWING TOO CLOSELY,ROSE & THIRD ST,39.16427246,-86.51094323
902168543,2022,1,6,1800,Weekday,2-Car,No injury/unknown,FAILURE TO YIELD RIGHT OF WAY,E 3RD ST & S HILLSDALE,39.164272,-86.502416
902171884,2022,1,3,1900,Weekday,2-Car,No injury/unknown,UNSAFE LANE MOVEMENT,E 3RD ST & HILLSDALE,39.164272,-86.502416
902249521,2022,6,6,1300,Weekday,3+ Cars,Non-incapacitating,FOLLOWING TOO CLOSELY,E 3RD ST & S HILLSDALE,39.164272,-86.502416
902288820,2022,8,2,1700,Weekday,2-Car,No injury/unknown,FAILURE TO YIELD RIGHT OF WAY,EAST THIRD ST & WOODCREST,39.164272,-86.502416
902286185,2022,8,2,1800,Weekday,2-Car,No injury/unknown,,E 3RD ST,39.164272,-86.50232131
902226931,2022,5,6,1500,Weekday,Bus,No injury/unknown,UNSAFE LANE MOVEMENT,E 3RD ST,39.164272,-86.50230237
902171096,2022,1,2,1800,Weekday,2-Car,No injury/unknown,IMPROPER PASSING,E 3RD ST,39.164272,-86.50184784
902229104,2022,5,3,1500,Weekday,2-Car,No injury/unknown,UNSAFE BACKING,E 3RD ST,39.164272,-86.50177208
902249119,2022,6,6,1500,Weekday,2-Car,No injury/unknown,IMPROPER LANE USAGE,E 3RD ST,39.164272,-86.50177208
902339348,2022,11,5,1700,Weekday,2-Car,Non-incapacitating,UNSAFE BACKING,E 3RD,39.164272,-86.50177208
902167982,2022,1,6,800,Weekday,3+ Cars,No injury/unknown,FOLLOWING TOO CLOSELY,3RD ST & OVERHILL,39.164272,-86.501488
902179501,2022,2,6,1400,Weekday,3+ Cars,No injury/unknown,FAILURE TO YIELD RIGHT OF WAY,EAST THIRD ST & OVERHILL,39.164272,-86.501488
902215816,2022,4,5,1600,Weekday,2-Car,No injury/unknown,FAILURE TO YIELD RIGHT OF WAY,3RD ST & OVERHILL,39.164272,-86.501488
902296022,2022,9,7,200,Weekend,2-Car,Incapacitating,OTHER (DRIVER) - EXPLAIN IN NARRATIVE,3RD ST & OVERHILL,39.164272,-86.501488
902297866,2022,9,3,1200,Weekday,Moped/Motorcycle,No injury/unknown,FOLLOWING TOO CLOSELY,E 3RD ST & SO OVERHILL,39.164272,-86.501488
902353347,2022,12,7,1500,Weekend,Moped/Motorcycle,Non-incapacitating,FAILURE TO YIELD RIGHT OF WAY,3RD & OVERHILL,39.164272,-86.501488
902166634,2022,1,4,2200,Weekday,1-Car,Non-incapacitating,SPEED TOO FAST FOR WEATHER CONDITIONS,MITCHELL ST & THIRD,39.16427137,-86.51420373
902174133,2022,2,7,100,Weekend,1-Car,No injury/unknown,WRONG WAY ON ONE WAY,MITCHELL & THIRD ST,39.16427137,-86.51420373
902247882,2022,6,4,1300,Weekday,2-Car,No injury/unknown,IMPROPER LANE USAGE,BALLANTINE & THIRD ST,39.16427024,-86.51912972
902252227,2022,6,5,1600,Weekday,2-Car,No injury/unknown,IMPROPER LANE USAGE,3RD ST & BALLANTINE,39.16427024,-86.51912972
902307625,2022,10,6,1200,Weekday,3+ Cars,Non-incapacitating,FOLLOWING TOO CLOSELY,3RD ST & BALLANTINE,39.16427024,-86.51912972
902335322,2022,11,1,0,Weekend,2-Car,No injury/unknown,OTHER (DRIVER) - EXPLAIN IN NARRATIVE,3RD & HIGHLAND,39.16427024,-86.51772022
902215048,2022,4,4,1200,Weekday,2-Car,Non-incapacitating,FOLLOWING TOO CLOSELY,3RD ST & HIGHLAND,39.16427024,-86.51772022
902285010,2022,8,7,1200,Weekend,2-Car,No injury/unknown,IMPROPER LANE USAGE,3RD ST & HIGHLAND,39.16427024,-86.51772022
902289537,2022,9,2,1500,Weekday,Pedestrian,No injury/unknown,PEDESTRIAN ACTION,E 3RD ST & HIGHLAND,39.16427024,-86.51772022
902299691,2022,9,4,1600,Weekday,2-Car,Non-incapacitating,FOLLOWING TOO CLOSELY,3RD ST & HIGHLAND,39.16427024,-86.51772022
902321200,2022,10,6,1300,Weekday,2-Car,No injury/unknown,IMPROPER LANE USAGE,3RD & HIGHLAND,39.16427024,-86.51772022
902321232,2022,10,1,1100,Weekend,2-Car,No injury/unknown,IMPROPER LANE USAGE,3RD & HIGHLAND,39.16427024,-86.51772022
902350202,2022,12,2,1300,Weekday,2-Car,No injury/unknown,UNSAFE LANE MOVEMENT,3RD & WOODSCREST,39.16427024,-86.50242315
902176450,2022,2,3,900,Weekday,2-Car,No injury/unknown,OTHER (DRIVER) - EXPLAIN IN NARRATIVE,3RD ST & WOODSCREST,39.16427024,-86.50241017
902209434,2022,3,5,2200,Weekday,2-Car,Non-incapacitating,FAILURE TO YIELD RIGHT OF WAY,E 3RD ST & WOODSCREST,39.16427024,-86.50241017
902229710,2022,5,5,1300,Weekday,2-Car,No injury/unknown,BRAKE FAILURE OR DEFECTIVE,3RD ST & WOODSCREST,39.16427024,-86.50241017
902273968,2022,8,6,1600,Weekday,2-Car,Non-incapacitating,FAILURE TO YIELD RIGHT OF WAY,E 3RD ST & S WOODSCREST,39.16427024,-86.50241017
902243423,2022,6,3,1100,Weekday,2-Car,No injury/unknown,FAILURE TO YIELD RIGHT OF WAY,3RD ST & OVERHILL,39.16427017,-86.50131161
902213137,2022,4,6,1700,Weekday,2-Car,No injury/unknown,IMPROPER TURNING,SWAIN & THIRD ST,39.16426988,-86.51527565
902264915,2022,7,2,1900,Weekday,2-Car,No injury/unknown,IMPROPER TURNING,SWAIN & THIRD ST,39.16426988,-86.51527565
902283013,2022,8,3,1800,Weekday,2-Car,No injury/unknown,IMPROPER LANE USAGE,SWAIN & THIRD ST,39.16426988,-86.51527565
902285343,2022,8,1,1200,Weekend,2-Car,No injury/unknown,UNSAFE LANE MOVEMENT,SWAIN AVE & THIRD,39.16426988,-86.51527565
902290374,2022,9,2,1800,Weekday,2-Car,No injury/unknown,IMPROPER LANE USAGE,SWAIN & THIRD ST,39.16426988,-86.51527565
902212035,2022,4,4,2000,Weekday,2-Car,No injury/unknown,UNSAFE LANE MOVEMENT,BALLANTINE & THIRD ST,39.16426813,-86.51844288
902238900,2022,5,2,1200,Weekday,2-Car,No injury/unknown,UNSAFE BACKING,E 3RD ST,39.16426743,-86.50104686
902311165,2022,10,5,1900,Weekday,3+ Cars,No injury/unknown,FOLLOWING TOO CLOSELY,BRYAN & THIRD ST,39.16426693,-86.5082519
902230703,2022,5,7,1200,Weekend,3+ Cars,Non-incapacitating,FOLLOWING TOO CLOSELY,FESS & THIRD ST,39.16426449,-86.5226336
902249817,2022,6,1,1400,Weekend,2-Car,No injury/unknown,IMPROPER TURNING,THIRD & WOODLAWN AVE,39.16426449,-86.5226336
902296973,2022,9,2,900,Weekday,2-Car,Non-incapacitating,UNSAFE LANE MOVEMENT,THIRD & WOODLAWN AVE,39.16426449,-86.5226336
902353477,2022,12,7,2300,Weekend,2-Car,No injury/unknown,UNSAFE LANE MOVEMENT,THIRD & WOODLAWN,39.16426449,-86.5226336
902284154,2022,8,5,1600,Weekday,2-Car,Non-incapacitating,FOLLOWING TOO CLOSELY,THIRD ST & UNION,39.16426449,-86.50938642
902283374,2022,8,4,900,Weekday,2-Car,Non-incapacitating,IMPROPER LANE USAGE,HIGHLAND AVE & THIRD,39.16426229,-86.51775641
902337130,2022,11,2,1300,Weekday,2-Car,No injury/unknown,FOLLOWING TOO CLOSELY,HIGHLAND & THIRD,39.16426229,-86.51775641
902182696,2022,2,4,600,Weekday,2-Car,Non-incapacitating,FOLLOWING TOO CLOSELY,E 3RD ST & SR46,39.16426048,-86.47315735
902316650,2022,10,1,2300,Weekday,2-Car,No injury/unknown,FAILURE TO YIELD RIGHT OF WAY,3RD & JORDAN,39.16426018,-86.51639991
902163149,2022,1,6,1400,Weekday,2-Car,No injury/unknown,DISREGARD SIGNAL/REG SIGN,3RD ST & JORDAN,39.16426018,-86.5163999
902166531,2022,1,4,1800,Weekday,2-Car,No injury/unknown,SPEED TOO FAST FOR WEATHER CONDITIONS,3RD ST & JORDAN,39.16426018,-86.5163999
902168397,2022,1,5,1700,Weekday,Bus,No injury/unknown,FOLLOWING TOO CLOSELY,3RD ST & JORDAN,39.16426018,-86.5163999
902223980,2022,4,1,1300,Weekend,2-Car,No injury/unknown,DRIVER DISTRACTED - EXPLAIN IN NARRATIVE,3RD ST & JORDAN,39.16426018,-86.5163999
902226133,2022,5,5,1200,Weekday,2-Car,No injury/unknown,IMPROPER LANE USAGE,JORDAN & THIRD ST,39.16426018,-86.5163999
902270719,2022,7,6,1500,Weekday,2-Car,No injury/unknown,DRIVER DISTRACTED - EXPLAIN IN NARRATIVE,3RD ST & JORDAN,39.16426018,-86.5163999
902324261,2022,10,5,1700,Weekday,Pedestrian,Non-incapacitating,OVERCORRECTING/OVERSTEERING,3RD & JORDAN,39.16426018,-86.5163999
902299688,2022,9,5,2200,Weekday,2-Car,No injury/unknown,FOLLOWING TOO CLOSELY,3RD ST & JORDAN,39.16426018,-86.5163999
902300198,2022,9,7,2000,Weekend,2-Car,No injury/unknown,UNSAFE LANE MOVEMENT,3RD ST & JORDAN,39.16426018,-86.5163999
902319989,2022,10,5,1700,Weekday,2-Car,No injury/unknown,UNSAFE LANE MOVEMENT,E 3RD & JORDAN,39.16426018,-86.5163999
902193234,2022,2,4,1500,Weekday,2-Car,No injury/unknown,FAILURE TO YIELD RIGHT OF WAY,E 3RD ST & S JORDAN,39.16426018,-86.51639471
902301097,2022,9,2,1400,Weekday,2-Car,No injury/unknown,UNSAFE BACKING,E 3RD ST,39.16425856,-86.50019104
902177167,2022,2,3,2200,Weekday,Pedestrian,Non-incapacitating,DRIVER DISTRACTED - EXPLAIN IN NARRATIVE,FACULTY AVE & THIRD,39.16425212,-86.52107176
902229241,2022,5,4,1700,Weekday,2-Car,No injury/unknown,FAILURE TO YIELD RIGHT OF WAY,3RD ST & COLLEGE MALL,39.16425098,-86.49945834
902346986,2022,12,4,1100,Weekday,2-Car,No injury/unknown,OTHER (DRIVER) - EXPLAIN IN NARRATIVE,3RD & HAWTHORNE,39.16425012,-86.52009861
902157653,2022,1,7,0,Weekend,2-Car,No injury/unknown,IMPROPER TURNING,3RD ST & SWAIN,39.16425012,-86.51525996
902167754,2022,1,5,2200,Weekday,2-Car,No injury/unknown,IMPROPER TURNING,3RD ST & SWAIN,39.16425012,-86.51525996
902177755,2022,1,6,2300,Weekend,2-Car,No injury/unknown,FAILURE TO YIELD RIGHT OF WAY,3RD ST & SWAIN,39.16425012,-86.51525996
902192635,2022,2,3,1700,Weekday,2-Car,No injury/unknown,IMPROPER TURNING,3RD ST & SWAIN,39.16425012,-86.51525996
902193820,2022,2,5,1900,Weekday,2-Car,No injury/unknown,UNSAFE LANE MOVEMENT,3RD ST & SWAIN,39.16425012,-86.51525996
902202749,2022,3,5,1300,Weekday,2-Car,No injury/unknown,IMPROPER LANE USAGE,3RD ST & SWAIN,39.16425012,-86.51525996
902238732,2022,5,7,2100,Weekend,2-Car,No injury/unknown,UNSAFE LANE MOVEMENT,3RD ST & SWAIN,39.16425012,-86.51525996
902242904,2022,6,2,1300,Weekday,2-Car,No injury/unknown,FOLLOWING TOO CLOSELY,3RD ST & SWAIN,39.16425012,-86.51525996