Master Record Number,Year,Month,Day,Hour,Weekend,Collision Type,Injury Type,Primary Factor,Reported_Location,Latitude,Longitude
902271007,2022,7,7,1300,Weekend,2-Car,Non-incapacitating,UNSAFE LANE MOVEMENT,E 3RD ST & SWAIN,39.16425012,-86.51525996
902284759,2022,8,6,1800,Weekday,2-Car,No injury/unknown,UNSAFE LANE MOVEMENT,3RD ST & SWAIN,39.16425012,-86.51525996
902325399,2022,10,6,1900,Weekend,2-Car,No injury/unknown,IMPROPER TURNING,3RD & SWAIN,39.16425012,-86.51525996
902197380,2022,3,4,1100,Weekday,2-Car,Non-incapacitating,UNSAFE SPEED,MITCHELL & THIRD ST,39.16425012,-86.51422999
902322525,2022,10,3,1000,Weekday,2-Car,No injury/unknown,UNSAFE SPEED,EAST 3RD & SOUTH MITCHELL,39.16425012,-86.51422999
902301449,2022,9,2,700,Weekday,2-Car,Non-incapacitating,DISREGARD SIGNAL/REG SIGN,PARK SQUARE & SR48W,39.16424942,-86.5925064
902304002,2022,9,7,1900,Weekend,2-Car,No injury/unknown,FAILURE TO YIELD RIGHT OF WAY,E 3RD ST,39.16424711,-86.47368
902304005,2022,9,7,1600,Weekend,Cyclist,Non-incapacitating,OTHER (DRIVER) - EXPLAIN IN NARRATIVE,3RD ST & COLLEGE MALL,39.16424549,-86.49892917
902205349,2022,3,4,700,Weekday,1-Car,No injury/unknown,ANIMAL/OBJECT IN ROADWAY,OLD STATE 46 & SR46E,39.16424051,-86.49826051
902332897,2022,11,4,1600,Weekday,1-Car,No injury/unknown,ANIMAL/OBJECT IN ROADWAY,3RD & PARK RIDGE,39.16424001,-86.47433196
902278355,2022,8,1,1300,Weekend,2-Car,Non-incapacitating,FAILURE TO YIELD RIGHT OF WAY,3RD ST & PETE ELLIS,39.16424,-86.49453762
902213357,2022,4,7,1500,Weekend,2-Car,No injury/unknown,FAILURE TO YIELD RIGHT OF WAY,PETE ELLIS & SR46E,39.16424,-86.49438238
902185311,2022,2,6,1500,Weekday,2-Car,Non-incapacitating,SPEED TOO FAST FOR WEATHER CONDITIONS,3RD ST & KINGSTON,39.16424,-86.49223838
902190415,2022,2,6,1500,Weekday,3+ Cars,Non-incapacitating,FOLLOWING TOO CLOSELY,3RD ST & KINGSTON,39.16424,-86.49259119
902247427,2022,6,3,1600,Weekday,2-Car,No injury/unknown,FAILURE TO YIELD RIGHT OF WAY,PARK RIDGE & SR46E,39.16424,-86.47574319
902320992,2022,10,7,1300,Weekend,2-Car,No injury/unknown,UNSAFE LANE MOVEMENT,3RD & HIGHLAND,39.16424,-86.5176
902290822,2022,9,4,1100,Weekday,2-Car,No injury/unknown,UNSAFE BACKING,E 3RD ST,39.16424,-86.51757551
902216189,2022,4,6,1200,Weekday,2-Car,No injury/unknown,FOLLOWING TOO CLOSELY,E 3RD & S JORDAN AVE,39.16424,-86.5164
902271974,2022,7,2,1600,Weekday,2-Car,No injury/unknown,IMPROPER TURNING,E 3RD ST & S SWAIN,39.16424,-86.5152
902172727,2022,1,4,1700,Weekday,2-Car,No injury/unknown,UNSAFE LANE MOVEMENT,COLLEGE MALL & EAST THIRD ST,39.16424,-86.4984
902174112,2022,1,6,2200,Weekend,2-Car,No injury/unknown,UNSAFE LANE MOVEMENT,E 3RD ST & S COLLEGE MALL,39.16424,-86.4984
902184872,2022,2,4,2100,Weekday,2-Car,No injury/unknown,FAILURE TO YIELD RIGHT OF WAY,COLLEGE MALL ENRANCE & COLLEGE MALL RD,39.16424,-86.4984
902212508,2022,4,5,1800,Weekday,2-Car,No injury/unknown,FAILURE TO YIELD RIGHT OF WAY,E 3RD ST & S COLLEGE MALL,39.16424,-86.4984
902220120,2022,4,6,1400,Weekday,2-Car,No injury/unknown,FOLLOWING TOO CLOSELY,COLLEGE MALL & E 3RD ST,39.16424,-86.4984
902221343,2022,4,2,1500,Weekday,2-Car,No injury/unknown,UNSAFE BACKING,E 3RD ST,39.16424,-86.4984
902224762,2022,4,2,2100,Weekday,1-Car,No injury/unknown,SPEED TOO FAST FOR WEATHER CONDITIONS,3RD ST & COLLEGE MALL,39.16424,-86.4984
902287938,2022,8,5,1400,Weekday,2-Car,No injury/unknown,FOLLOWING TOO CLOSELY,COLLEGE MALL & E 3RD ST,39.16424,-86.4984
902298652,2022,9,4,2000,Weekday,2-Car,No injury/unknown,FOLLOWING TOO CLOSELY,3RD & COLLEGE MALL RD,39.16424,-86.4984
902298666,2022,9,4,2000,Weekday,2-Car,No injury/unknown,OTHER (VEHICLE) - EXPLAIN IN NARRATIVE,S COLLEGE MALL RD,39.16424,-86.4984
902302247,2022,9,3,1800,Weekday,2-Car,No injury/unknown,FOLLOWING TOO CLOSELY,3RD & COLLEGE  MALL RD,39.16424,-86.4984
902314118,2022,10,3,1800,Weekday,2-Car,No injury/unknown,,E 3RD,39.16424,-86.4984
902316408,2022,10,7,1000,Weekend,2-Car,No injury/unknown,OTHER (DRIVER) - EXPLAIN IN NARRATIVE,E 3RD & S COLLEGE MALL,39.16424,-86.4984
902354524,2022,12,2,1600,Weekday,3+ Cars,No injury/unknown,OTHER (DRIVER) - EXPLAIN IN NARRATIVE,3RD & COLLEGE MALL,39.16424,-86.4984
902357743,2022,12,7,1900,Weekend,2-Car,Non-incapacitating,FOLLOWING TOO CLOSELY,3RD & COLLEGE MALL,39.16424,-86.4984
902329684,2022,11,6,1500,Weekday,2-Car,Non-incapacitating,FOLLOWING TOO CLOSELY,E 3RD & S COLLEGE MALL,39.16424,-86.4984
902340183,2022,11,6,1300,Weekday,2-Car,No injury/unknown,FOLLOWING TOO CLOSELY,3RD & COLLEGE MALL,39.16424,-86.4984
902360983,2022,12,6,1500,Weekday,1-Car,No injury/unknown,UNSAFE SPEED,3RD & COLLEGE MALL,39.16424,-86.4984
902154090,2022,1,3,1100,Weekday,2-Car,Non-incapacitating,ROADWAY SURFACE CONDITION,E 3RD ST & PETE ELLIS,39.16424,-86.495088
902154947,2022,1,4,900,Weekday,2-Car,No injury/unknown,ROADWAY SURFACE CONDITION,EAST THIRD ST & PETE ELLIS,39.16424,-86.495088
902162735,2022,1,6,1700,Weekday,3+ Cars,No injury/unknown,FOLLOWING TOO CLOSELY,E 3RD ST & S PETE ELLIS,39.16424,-86.495088
902171554,2022,1,3,1100,Weekday,2-Car,No injury/unknown,IMPROPER LANE USAGE,E 3RD ST & PETE ELLIS,39.16424,-86.495088
902188998,2022,2,4,1300,Weekday,2-Car,Non-incapacitating,FAILURE TO YIELD RIGHT OF WAY,PETE ELLIS & SR46E,39.16424,-86.495088
902200984,2022,3,3,1700,Weekday,Moped/Motorcycle,Non-incapacitating,UNSAFE SPEED,E 3RD ST & PETE ELLIS,39.16424,-86.495088
902211342,2022,4,3,1200,Weekday,2-Car,No injury/unknown,FAILURE TO YIELD RIGHT OF WAY,E 3RD ST & PETE ELLIS,39.16424,-86.495088
902257711,2022,6,2,1200,Weekday,2-Car,No injury/unknown,IMPROPER PASSING,3RD ST & PETE ELLIS,39.16424,-86.495088
902269059,2022,7,3,1200,Weekday,2-Car,Non-incapacitating,FOLLOWING TOO CLOSELY,E 3RD ST & SO PETE ELLIS,39.16424,-86.495088
902289618,2022,9,2,1500,Weekday,2-Car,Non-incapacitating,FAILURE TO YIELD RIGHT OF WAY,EAST 3RD ST & SOUTH PETE ELLIS,39.16424,-86.495088
902299797,2022,9,6,1400,Weekday,2-Car,Non-incapacitating,FAILURE TO YIELD RIGHT OF WAY,3RD ST & PETE ELLIS,39.16424,-86.495088
902307418,2022,10,6,1000,Weekday,2-Car,No injury/unknown,FOLLOWING TOO CLOSELY,E 3RD ST & SO PETE ELLIS,39.16424,-86.495088
902310081,2022,10,6,1000,Weekday,2-Car,No injury/unknown,FOLLOWING TOO CLOSELY,E 3RD ST & SO PETE ELLIS,39.16424,-86.495088
902313799,2022,10,3,1100,Weekday,2-Car,No injury/unknown,FAILURE TO YIELD RIGHT OF WAY,EAST THIRD ST & PETE ELLIS,39.16424,-86.495088
902329617,2022,11,6,1400,Weekday,3+ Cars,No injury/unknown,FOLLOWING TOO CLOSELY,3RD & PETE ELLIS,39.16424,-86.495088
902345681,2022,12,2,1500,Weekday,2-Car,No injury/unknown,DISREGARD SIGNAL/REG SIGN,3RD & PETE ELLIS,39.16424,-86.495088
902348300,2022,12,6,1800,Weekday,2-Car,No injury/unknown,FOLLOWING TOO CLOSELY,3RD & PETE ELLIS,39.16424,-86.495088
902355902,2022,12,4,1900,Weekday,2-Car,No injury/unknown,,E 3RD,39.16424,-86.49494053
902303673,2022,9,6,1400,Weekday,2-Car,No injury/unknown,UNSAFE BACKING,E 3RD ST,39.16424,-86.49425989
902182433,2022,2,3,1600,Weekday,2-Car,No injury/unknown,IMPROPER TURNING,E 3RD ST,39.16424,-86.4939483
902220276,2022,4,7,1100,Weekend,2-Car,No injury/unknown,UNSAFE BACKING,E 3RD ST,39.16424,-86.4939483
902236762,2022,5,4,1600,Weekday,3+ Cars,No injury/unknown,UNSAFE SPEED,E 3RD ST,39.16424,-86.4939483
902292337,2022,9,2,1200,Weekday,2-Car,Non-incapacitating,FAILURE TO YIELD RIGHT OF WAY,W 3RD ST,39.16424,-86.49308013
902243119,2022,6,2,1900,Weekday,2-Car,No injury/unknown,UNSAFE BACKING,W 3RD ST,39.16424,-86.49307941
902213685,2022,4,1,1600,Weekend,3+ Cars,Non-incapacitating,FOLLOWING TOO CLOSELY,E 3RD ST & S KINGSTON,39.16424,-86.492944
902216348,2022,4,6,1800,Weekday,3+ Cars,Non-incapacitating,BRAKE FAILURE OR DEFECTIVE,3RD ST & KINGSTON,39.16424,-86.492944
902221378,2022,4,2,1700,Weekday,2-Car,No injury/unknown,FOLLOWING TOO CLOSELY,E 3RD ST & KINGSTON,39.16424,-86.492944
902221486,2022,4,2,2200,Weekday,3+ Cars,No injury/unknown,FOLLOWING TOO CLOSELY,EAST 3RD ST & KINGSTON,39.16424,-86.492944
902229230,2022,5,4,1600,Weekday,2-Car,Non-incapacitating,OTHER (DRIVER) - EXPLAIN IN NARRATIVE,E 3RD ST & S KINGSTON,39.16424,-86.492944
902237334,2022,5,5,1700,Weekday,Cyclist,Non-incapacitating,FAILURE TO YIELD RIGHT OF WAY,E 3RD ST & KINGSTON,39.16424,-86.492944
902245786,2022,6,7,1300,Weekend,3+ Cars,Non-incapacitating,FOLLOWING TOO CLOSELY,E 3RD ST & KINGSTON,39.16424,-86.492944
902257549,2022,6,2,0,Weekday,2-Car,No injury/unknown,FAILURE TO YIELD RIGHT OF WAY,300 S KINGSTON DR & 3RD,39.16424,-86.492944
902257593,2022,6,2,1200,Weekday,2-Car,No injury/unknown,FAILURE TO YIELD RIGHT OF WAY,E 3RD ST & S KINGSTON,39.16424,-86.492944
902268868,2022,7,3,700,Weekday,2-Car,Non-incapacitating,FAILURE TO YIELD RIGHT OF WAY,E 3RD ST & S KINGSTON,39.16424,-86.492944
902277765,2022,8,6,2300,Weekend,2-Car,No injury/unknown,FAILURE TO YIELD RIGHT OF WAY,3RD ST & KINGSTON,39.16424,-86.492944
902287519,2022,8,4,1400,Weekday,2-Car,No injury/unknown,FAILURE TO YIELD RIGHT OF WAY,E 3RD ST & S KINGSTON,39.16424,-86.492944
902296265,2022,9,7,1800,Weekend,2-Car,No injury/unknown,UNSAFE LANE MOVEMENT,3RD ST & KINGSTON,39.16424,-86.492944
902301780,2022,9,3,1800,Weekday,2-Car,Non-incapacitating,FAILURE TO YIELD RIGHT OF WAY,3RD ST & KINGSTON,39.16424,-86.492944
902303670,2022,9,6,900,Weekday,2-Car,No injury/unknown,FOLLOWING TOO CLOSELY,3RD ST & KINGSTON,39.16424,-86.492944
902359500,2022,12,3,1200,Weekday,2-Car,No injury/unknown,IMPROPER TURNING,3RD & KINGSTON,39.16424,-86.492944
902344473,2022,11,7,1500,Weekend,2-Car,No injury/unknown,UNSAFE LANE MOVEMENT,E 3RD & KINGSTON,39.16424,-86.492944
902151065,2022,1,5,1400,Weekday,2-Car,No injury/unknown,UNSAFE BACKING,E 3RD ST,39.16424,-86.49259396
902174560,2022,2,7,1900,Weekend,1-Car,No injury/unknown,OVERCORRECTING/OVERSTEERING,E 3RD ST,39.16424,-86.49259396
902232356,2022,5,3,1400,Weekday,2-Car,No injury/unknown,UNSAFE BACKING,E 3RD ST,39.16424,-86.49259396
902245488,2022,6,6,2200,Weekend,1-Car,No injury/unknown,IMPROPER TURNING,W 3RD ST,39.16424,-86.49136882
902182155,2022,2,3,1200,Weekday,2-Car,No injury/unknown,FOLLOWING TOO CLOSELY,E 3RD ST & SO CLARIZZ,39.16424,-86.4908
902190206,2022,2,6,1200,Weekday,2-Car,No injury/unknown,UNSAFE BACKING,W 3RD ST,39.16424,-86.4908
902240375,2022,5,4,1400,Weekday,Pedestrian,Non-incapacitating,,E 3RD ST & S CLARIZZ,39.16424,-86.4908
902249894,2022,6,1,1500,Weekend,Cyclist,Non-incapacitating,FAILURE TO YIELD RIGHT OF WAY,CLARIZZ BLVD & E 3RD,39.16424,-86.4908
902324746,2022,10,6,1300,Weekday,2-Car,Non-incapacitating,BRAKE FAILURE OR DEFECTIVE,E 3RD & S CLARIZZ,39.16424,-86.4908
902289968,2022,9,3,800,Weekday,3+ Cars,Non-incapacitating,OTHER (DRIVER) - EXPLAIN IN NARRATIVE,CLARIZZ & E 3RD ST,39.16424,-86.4908
902334644,2022,11,6,1600,Weekday,2-Car,Non-incapacitating,FAILURE TO YIELD RIGHT OF WAY,E 3RD & S CLARIZZ,39.16424,-86.4908
902219123,2022,4,5,700,Weekday,2-Car,No injury/unknown,UNSAFE BACKING,W 3RD ST,39.16424,-86.48998367
902249382,2022,6,7,900,Weekend,1-Car,No injury/unknown,ANIMAL/OBJECT IN ROADWAY,EAST  THIRD ST & PLEASANT RIDGE,39.16424,-86.4892
902161102,2022,1,4,1300,Weekday,1-Car,No injury/unknown,SPEED TOO FAST FOR WEATHER CONDITIONS,W 3RD ST,39.16424,-86.484384
902223299,2022,4,6,1200,Weekday,2-Car,No injury/unknown,UNSAFE BACKING,WEST 3RD ST,39.16424,-86.48346971
902321067,2022,10,7,1700,Weekend,2-Car,No injury/unknown,FOLLOWING TOO CLOSELY,W 3RD,39.16424,-86.48346971
902178635,2022,2,5,1900,Weekday,Bus,No injury/unknown,DISREGARD SIGNAL/REG SIGN,E 3RD & S SMITH RD,39.16424,-86.480688
902188021,2022,2,3,1700,Weekday,2-Car,Non-incapacitating,FAILURE TO YIELD RIGHT OF WAY,SMITH & THIRD ST,39.16424,-86.480688
902223057,2022,4,6,600,Weekday,1-Car,No injury/unknown,ANIMAL/OBJECT IN ROADWAY,SMITHVILLE ROAD & SR37S,39.16424,-86.480688
902247724,2022,6,4,900,Weekday,2-Car,No injury/unknown,DRIVER DISTRACTED - EXPLAIN IN NARRATIVE,E 3RD & S SMITH RD,39.16424,-86.480688
902259938,2022,7,6,1300,Weekday,2-Car,No injury/unknown,FOLLOWING TOO CLOSELY,E 3RD & S SMITH RD,39.16424,-86.480688
902273989,2022,8,6,1300,Weekday,2-Car,Incapacitating,FAILURE TO YIELD RIGHT OF WAY,3RD ST & SMITH,39.16424,-86.480688
902286222,2022,8,5,1500,Weekday,2-Car,No injury/unknown,DISREGARD SIGNAL/REG SIGN,SMITH & SR46W,39.16424,-86.480688
902300350,2022,9,1,1200,Weekend,2-Car,No injury/unknown,FAILURE TO YIELD RIGHT OF WAY,E 3RD & SO SMITH RD,39.16424,-86.480688
902316544,2022,10,7,1600,Weekend,2-Car,No injury/unknown,SPEED TOO FAST FOR WEATHER CONDITIONS,E 3RD & S SMITH,39.16424,-86.480688
902328776,2022,11,5,1300,Weekday,2-Car,No injury/unknown,SPEED TOO FAST FOR WEATHER CONDITIONS,3RD & SMITH,39.16424,-86.480688
902330749,2022,11,2,500,Weekday,1-Car,No injury/unknown,ANIMAL/OBJECT IN ROADWAY,SMITHVILLE & SR37S,39.16424,-86.480688
902361672,2022,12,1,1400,Weekend,2-Car,No injury/unknown,DRIVER DISTRACTED - EXPLAIN IN NARRATIVE,W 3RD,39.16424,-86.48057698
902156281,2022,1,5,1500,Weekday,2-Car,No injury/unknown,FOLLOWING TOO CLOSELY,3RD ST & PARK RIDGE,39.16424,-86.47636061
902215843,2022,4,5,1800,Weekday,2-Car,No injury/unknown,FAILURE TO YIELD RIGHT OF WAY,EAST 3RD ST & SOUTH PARK RIDGE,39.16424,-86.476096
902256392,2022,6,6,1500,Weekday,2-Car,No injury/unknown,UNSAFE LANE MOVEMENT,E 3RD ST & PARK RIDGE,39.16424,-86.476096
902257806,2022,6,2,1500,Weekday,2-Car,Non-incapacitating,FAILURE TO YIELD RIGHT OF WAY,PARK RIDGE & THIRD ST,39.16424,-86.476096
902273499,2022,7,5,1800,Weekday,2-Car,No injury/unknown,FAILURE TO YIELD RIGHT OF WAY,3RD ST & PARK RIDGE,39.16424,-86.476096
902283000,2022,8,3,1400,Weekday,2-Car,No injury/unknown,FAILURE TO YIELD RIGHT OF WAY,3RD ST & PARK RIDGE,39.16424,-86.476096
902331838,2022,11,3,1100,Weekday,2-Car,No injury/unknown,UNSAFE BACKING,E 3RD,39.16424,-86.473984
902194402,2022,2,6,1600,Weekday,2-Car,No injury/unknown,UNSAFE LANE MOVEMENT,EAST 3RD & SR46S,39.16424,-86.473296
902242259,2022,6,1,1800,Weekend,2-Car,No injury/unknown,FOLLOWING TOO CLOSELY,E 3RD ST & SR46S,39.16424,-86.473296
902262089,2022,7,3,1300,Weekday,2-Car,No injury/unknown,FOLLOWING TOO CLOSELY,E 3RD & SR46S,39.16424,-86.473296
902316604,2022,10,6,1700,Weekday,2-Car,No injury/unknown,FOLLOWING TOO CLOSELY,3RD & SR46S,39.16424,-86.473296
902339643,2022,11,6,900,Weekday,2-Car,No injury/unknown,FOLLOWING TOO CLOSELY,3RD & SR46E,39.16424,-86.473296
902350379,2022,12,3,600,Weekday,2-Car,No injury/unknown,DISREGARD SIGNAL/REG SIGN,E3RD & SR46,39.16424,-86.473296
902360943,2022,12,6,1600,Weekday,2-Car,No injury/unknown,FOLLOWING TOO CLOSELY,E 3RD & SR46N,39.16424,-86.473296
902273988,2022,8,6,1700,Weekday,2-Car,No injury/unknown,UNSAFE BACKING,E 3RD ST,39.16423861,-86.49522852
902280138,2022,8,4,1300,Weekday,2-Car,No injury/unknown,UNSAFE BACKING,E 3RD ST,39.16423861,-86.49522852
902362249,2022,12,2,1400,Weekday,2-Car,No injury/unknown,UNSAFE BACKING,E 3RD,39.16423861,-86.49522852
902180610,2022,2,1,1600,Weekend,2-Car,No injury/unknown,,E 3RD ST,39.16423674,-86.49805388
902251664,2022,6,3,1500,Weekday,2-Car,No injury/unknown,VIEW OBSTRUCTED,E 3RD ST,39.16422546,-86.49655709
902287500,2022,8,4,1400,Weekday,2-Car,No injury/unknown,UNSAFE BACKING,E 3RD ST,39.16422546,-86.49655709
902223457,2022,4,6,1700,Weekday,2-Car,No injury/unknown,UNSAFE BACKING,E 3RD ST,39.16422509,-86.49659382
902158802,2022,1,2,1100,Weekday,2-Car,No injury/unknown,,E 3RD ST,39.16422436,-86.49666727
902321250,2022,10,1,1200,Weekend,2-Car,Non-incapacitating,FOLLOWING TOO CLOSELY,3RD & PARKRIDGE,39.16421995,-86.47630453
902315469,2022,10,4,1600,Weekday,2-Car,Incapacitating,FOLLOWING TOO CLOSELY,3RD & PARKRIDGE,39.16421995,-86.47626562
902317405,2022,10,2,800,Weekday,2-Car,No injury/unknown,FAILURE TO YIELD RIGHT OF WAY,E 3RD & SO PARKRIDGE,39.16421995,-86.4763002
902316485,2022,10,7,1500,Weekend,2-Car,No injury/unknown,UNSAFE SPEED,E THIRD,39.16421928,-86.50195219
902269397,2022,7,3,1300,Weekday,2-Car,No injury/unknown,FAILURE TO YIELD RIGHT OF WAY,E THIRD ST,39.16420519,-86.49962872
902153116,2022,1,1,1600,Weekend,2-Car,No injury/unknown,SPEED TOO FAST FOR WEATHER CONDITIONS,DUNN & THIRD ST,39.16419189,-86.52822333
902163656,2022,1,1,1500,Weekend,2-Car,No injury/unknown,OTHER (DRIVER) - EXPLAIN IN NARRATIVE,EAST THIRD ST,39.16416496,-86.49476252
902227082,2022,5,7,1100,Weekend,2-Car,No injury/unknown,UNSAFE BACKING,EAST 3RD ST,39.16416496,-86.49476252
902295720,2022,9,6,1100,Weekday,2-Car,No injury/unknown,OTHER (DRIVER) - EXPLAIN IN NARRATIVE,EAST THIRD ST,39.16416496,-86.4947424
902276770,2022,8,5,800,Weekday,2-Car,No injury/unknown,UNSAFE BACKING,S WALNUT ST,39.164128,-86.5336
902229237,2022,5,4,1900,Weekday,2-Car,Non-incapacitating,FAILURE TO YIELD RIGHT OF WAY,3RD ST & NS ALLEY BETWEEN GRANT AND LIN,39.16404123,-86.53048754
902163483,2022,1,1,1100,Weekend,1-Car,No injury/unknown,OTHER (DRIVER) - EXPLAIN IN NARRATIVE,WEST 3RD ST,39.164028,-86.575111
902287811,2022,8,2,1700,Weekday,2-Car,No injury/unknown,OTHER (DRIVER) - EXPLAIN IN NARRATIVE,E THIRD ST,39.163982,-86.517517
902297823,2022,9,3,1100,Weekday,2-Car,No injury/unknown,UNSAFE BACKING,EAST THIRD ST,39.163967,-86.515091
902262090,2022,7,7,2200,Weekend,2-Car,No injury/unknown,UNSAFE BACKING,S COLLEGE MALL RD,39.16394547,-86.49833535
902204354,2022,3,1,1100,Weekend,2-Car,No injury/unknown,OTHER (DRIVER) - EXPLAIN IN NARRATIVE,S WALNUT ST,39.16390857,-86.5336
902269569,2022,7,6,1700,Weekday,1-Car,No injury/unknown,OTHER (VEHICLE) - EXPLAIN IN NARRATIVE,GARRISON CHAPEL & SR48W,39.16389002,-86.65046376
902169144,2022,1,6,2200,Weekend,2-Car,No injury/unknown,UNSAFE BACKING,1200 E 3RD ST & BALLANTINE,39.163826,-86.51886
902316735,2022,10,7,1300,Weekend,2-Car,No injury/unknown,FAILURE TO YIELD RIGHT OF WAY,PROSPECT & S ROGERS,39.163744,-86.538592
902317506,2022,10,2,1100,Weekday,1-Car,Non-incapacitating,OTHER (DRIVER) - EXPLAIN IN NARRATIVE,PATTERSON & PROSPECT,39.16372512,-86.53866291
902208472,2022,3,3,1700,Weekday,Cyclist,No injury/unknown,FAILURE TO YIELD RIGHT OF WAY,ATWATER & HAWTHORNE LN,39.16370074,-86.52020885
902251129,2022,6,1,1500,Weekend,1-Car,No injury/unknown,ANIMAL/OBJECT IN ROADWAY,E BENDER & SR46E,39.16369029,-86.43779541
902300490,2022,9,7,1800,Weekend,1-Car,No injury/unknown,ANIMAL/OBJECT IN ROADWAY,CAVE & SR48,39.16368736,-86.63596458
902361756,2022,12,2,100,Weekday,1-Car,No injury/unknown,UNSAFE SPEED,NORTH TRAILWAY & SR46E,39.16368062,-86.42672108
902188208,2022,2,3,2300,Weekday,3+ Cars,No injury/unknown,ROADWAY SURFACE CONDITION,ATWATER & FACULTY AVE,39.16364821,-86.52107987
902170552,2022,1,7,400,Weekend,1-Car,No injury/unknown,RAN OFF ROAD RIGHT,N GETTYS CREEK & SR46E,39.16363574,-86.41960375
902321596,2022,10,4,2100,Weekday,1-Car,No injury/unknown,ANIMAL/OBJECT IN ROADWAY,BENDER & SR46E,39.16363458,-86.4387054
902287461,2022,8,4,1100,Weekday,2-Car,No injury/unknown,IMPROPER TURNING,E ATWATER AVE,39.16362511,-86.51479412
902194654,2022,3,7,1800,Weekend,2-Car,No injury/unknown,,SOUTH KINGSTON DR,39.16362305,-86.47182991
902358390,2022,12,1,300,Weekend,1-Car,No injury/unknown,SPEED TOO FAST FOR WEATHER CONDITIONS,EAST TRAILWAY & SR46E,39.16355934,-86.42589328
902216876,2022,4,4,2000,Weekday,1-Car,No injury/unknown,RAN OFF ROAD RIGHT,BELLE & S VILLAGE CT,39.163552,-86.583792
902179355,2022,1,4,1400,Weekday,2-Car,No injury/unknown,IMPROPER PASSING,GARRISON CHAPEL & SR48W,39.16346711,-86.64775861
902355936,2022,12,2,1800,Weekday,1-Car,No injury/unknown,ANIMAL/OBJECT IN ROADWAY,S CAVE & SR48W,39.16345193,-86.63082546
902348489,2022,12,6,2300,Weekend,Pedestrian,Incapacitating,PEDESTRIAN ACTION,3RD & PATTERSON,39.16344009,-86.55128002
902194148,2022,2,6,1200,Weekday,2-Car,No injury/unknown,DISREGARD SIGNAL/REG SIGN,SO PATTERSON & W 3RD ST,39.16344009,-86.55128002
902218132,2022,4,3,1000,Weekday,2-Car,Non-incapacitating,OTHER TELEMATICS IN USE,PATTERSON & W 3RD ST,39.16344009,-86.55128002
902265719,2022,7,2,1000,Weekday,2-Car,No injury/unknown,FOLLOWING TOO CLOSELY,PATTERSON & WEST 3RD ST,39.16344009,-86.55128002
902261264,2022,7,2,1600,Weekday,Moped/Motorcycle,No injury/unknown,FAILURE TO YIELD RIGHT OF WAY,3RD ST & PATTERSON,39.16344009,-86.55128002
902274048,2022,8,6,1900,Weekend,2-Car,No injury/unknown,FOLLOWING TOO CLOSELY,S PATTERSON & W 3RD ST,39.16344009,-86.55128002
902303371,2022,9,6,800,Weekday,2-Car,No injury/unknown,FOLLOWING TOO CLOSELY,3RD ST & PATTERSON,39.16344009,-86.55128002
902300746,2022,9,2,700,Weekday,1-Car,No injury/unknown,OTHER (VEHICLE) - EXPLAIN IN NARRATIVE,PARKWAY & W BELLE AVE,39.16344,-86.5888
902187768,2022,2,6,1500,Weekday,2-Car,No injury/unknown,LEFT OF CENTER,S GARRISON CHAPEL & SR48W,39.16342852,-86.64687798
902281804,2022,8,1,1700,Weekend,1-Car,No injury/unknown,DRIVER ASLEEP OR FATIGUED,SR37S & W 3RD,39.16337885,-86.5731243
902355843,2022,12,4,1200,Weekday,2-Car,No injury/unknown,UNSAFE BACKING,LANDMARK,39.16334534,-86.55659485
902296294,2022,9,7,1900,Weekend,2-Car,No injury/unknown,DISREGARD SIGNAL/REG SIGN,ATWATER & HENDERSON ST,39.163344,-86.5272
902350937,2022,12,3,1700,Weekday,2-Car,Non-incapacitating,DRIVER DISTRACTED - EXPLAIN IN NARRATIVE,E ATWATER & S PARK,39.163296,-86.524
902315065,2022,10,5,100,Weekday,2-Car,No injury/unknown,OTHER (DRIVER) - EXPLAIN IN NARRATIVE,E ATWATER & S WOODLAWN,39.16328,-86.522592
902264424,2022,7,6,800,Weekday,Moped/Motorcycle,Non-incapacitating,UNSAFE SPEED,BENDER & SR46E,39.1632563,-86.44167007
902257990,2022,7,3,900,Weekday,2-Car,No injury/unknown,WRONG WAY ON ONE WAY,E ATWATER AVE & S HAWTHORNE,39.163232,-86.520176
902272036,2022,7,2,2000,Weekday,2-Car,No injury/unknown,FAILURE TO YIELD RIGHT OF WAY,E ATWATER AVE & S HAWTHORNE,39.163232,-86.520176
902157894,2022,1,1,100,Weekend,2-Car,Non-incapacitating,UNSAFE SPEED,ATWATER AVE & BALLANTINE,39.163216,-86.519024
902312178,2022,10,7,2000,Weekend,2-Car,Non-incapacitating,FAILURE TO YIELD RIGHT OF WAY,ATWATER AVE & BALLANTINE,39.163216,-86.519024
902335292,2022,11,7,2200,Weekend,2-Car,No injury/unknown,FAILURE TO YIELD RIGHT OF WAY,MARKET & MAYBURY,39.16320294,-86.58092915
902191037,2022,2,1,800,Weekend,2-Car,No injury/unknown,IMPROPER TURNING,ATWATER AVE & HIGHLAND,39.1632,-86.517584
902307729,2022,10,6,2300,Weekend,2-Car,No injury/unknown,DISREGARD SIGNAL/REG SIGN,ATWATER AVE & JORDAN,39.163168,-86.516384
902184464,2022,2,6,1200,Weekday,2-Car,No injury/unknown,FAILURE TO YIELD RIGHT OF WAY,EAST ATWATER AVE,39.16315913,-86.52214653
902150783,2022,1,5,700,Weekday,1-Car,No injury/unknown,UNSAFE BACKING,EAST ATWATER AVE,39.16315645,-86.52385376