Master Record Number,Year,Month,Day,Hour,Weekend,Collision Type,Injury Type,Primary Factor,Reported_Location,Latitude,Longitude
902256783,2022,6,7,1700,Weekend,2-Car,No injury/unknown,UNSAFE LANE MOVEMENT,EAST ATWATER AVE & SOUTH SWAIN,39.163152,-86.515168
902352485,2022,12,6,900,Weekday,2-Car,No injury/unknown,UNSAFE BACKING,S LANDMARK,39.1631484,-86.55621596
902313727,2022,10,3,900,Weekday,2-Car,No injury/unknown,DISREGARD SIGNAL/REG SIGN,ATWATER AVE & HENDERSON,39.16313969,-86.52727023
902222132,2022,4,4,900,Weekday,2-Car,No injury/unknown,FAILURE TO YIELD RIGHT OF WAY,ATWATER AVE & HENDERSON,39.16313969,-86.52727022
902300152,2022,9,7,1300,Weekend,2-Car,No injury/unknown,DISREGARD SIGNAL/REG SIGN,ATWATER AVE & HENDERSON,39.16313969,-86.52727022
902186548,2022,2,1,2000,Weekday,Pedestrian,Non-incapacitating,FAILURE TO YIELD RIGHT OF WAY,ATWATER AVE & THIRD,39.16313936,-86.52589516
902157530,2022,1,5,400,Weekday,1-Car,No injury/unknown,RAN OFF ROAD RIGHT,ATWATER AVE & HENDERSON,39.16313303,-86.52727337
902280487,2022,8,4,1500,Weekday,2-Car,No injury/unknown,DISREGARD SIGNAL/REG SIGN,ATWATER & HENDERSON ST,39.16313303,-86.52727337
902299178,2022,9,5,800,Weekday,2-Car,No injury/unknown,FOLLOWING TOO CLOSELY,CAVE & SR48,39.16312617,-86.62817764
902230127,2022,5,6,1200,Weekday,Moped/Motorcycle,Non-incapacitating,IMPROPER PASSING,SMITH & WALNUT ST,39.16312266,-86.5336
902174691,2022,2,1,200,Weekend,2-Car,No injury/unknown,FAILURE TO YIELD RIGHT OF WAY,ATWATER AVE & WOODLAWN,39.16312024,-86.52261994
902320103,2022,10,6,200,Weekday,2-Car,No injury/unknown,FAILURE TO YIELD RIGHT OF WAY,E ATWATER & S WOODLAWN,39.16312024,-86.52261994
902183969,2022,2,5,1700,Weekday,2-Car,Non-incapacitating,FAILURE TO YIELD RIGHT OF WAY,ATWATER AVE & PARK,39.16311018,-86.52403012
902171619,2022,1,3,900,Weekday,2-Car,No injury/unknown,UNSAFE BACKING,ATWATER GARAGE 3RD FLOOR DR & FACULTY,39.16309925,-86.52104471
902226148,2022,5,5,1300,Weekday,2-Car,Non-incapacitating,FAILURE TO YIELD RIGHT OF WAY,ATWATER & HIGHLAND AVE,39.16309394,-86.51773376
902284486,2022,8,6,200,Weekday,2-Car,Incapacitating,DISREGARD SIGNAL/REG SIGN,ATWATER & HIGHLAND,39.16309394,-86.51773376
902234169,2022,5,6,1500,Weekday,2-Car,No injury/unknown,FAILURE TO YIELD RIGHT OF WAY,ATWATER AVE & BALLANTINE,39.16309377,-86.51913489
902348312,2022,12,6,1600,Weekday,2-Car,No injury/unknown,UNSAFE SPEED,ATWATER & MITCHELL,39.16308001,-86.51417971
902274220,2022,8,7,1200,Weekend,2-Car,No injury/unknown,FAILURE TO YIELD RIGHT OF WAY,ATWATER & HIGH ST,39.16308001,-86.50846995
902316333,2022,10,7,100,Weekend,2-Car,Non-incapacitating,DISREGARD SIGNAL/REG SIGN,E ATWATER & S JORDAN,39.16307627,-86.51638985
902211547,2022,4,3,1700,Weekday,2-Car,No injury/unknown,FAILURE TO YIELD RIGHT OF WAY,ATWATER AVE & JORDAN,39.16307054,-86.51639895
902347938,2022,12,5,1200,Weekday,2-Car,Non-incapacitating,FAILURE TO YIELD RIGHT OF WAY,ATWATER & BALLANTINE,39.16306995,-86.51912972
902190593,2022,2,5,2300,Weekday,2-Car,No injury/unknown,IMPROPER TURNING,ATWATER AVE & BALLANTINE,39.16306995,-86.51912972
902348353,2022,12,6,1900,Weekend,2-Car,No injury/unknown,FOLLOWING TOO CLOSELY,ATWATER & HIGHLAND,39.16305989,-86.51773028
902182781,2022,2,4,800,Weekday,2-Car,No injury/unknown,FAILURE TO YIELD RIGHT OF WAY,ATWATER AVE & HIGHLAND,39.16305989,-86.51773028
902341423,2022,11,2,700,Weekday,2-Car,No injury/unknown,DISREGARD SIGNAL/REG SIGN,ATWATER & JORDAN,39.16304983,-86.51638985
902186659,2022,2,2,1500,Weekday,Bus,Non-incapacitating,DISREGARD SIGNAL/REG SIGN,ATWATER AVE & JORDAN,39.16304983,-86.51638984
902241715,2022,5,6,1200,Weekday,Pedestrian,Non-incapacitating,FAILURE TO YIELD RIGHT OF WAY,ATWATER AVE & JORDAN,39.16304983,-86.51638984
902296802,2022,9,2,800,Weekday,2-Car,Non-incapacitating,FAILURE TO YIELD RIGHT OF WAY,E ATWATER AVE & JORDAN,39.16304983,-86.51638984
902306233,2022,10,4,1200,Weekday,2-Car,No injury/unknown,,S PATTERSON ST,39.16294187,-86.55070133
902150399,2022,1,5,900,Weekday,2-Car,No injury/unknown,ROADWAY SURFACE CONDITION,S COLLEGE MALL RD,39.162928,-86.498112
902157311,2022,1,6,1400,Weekday,1-Car,Non-incapacitating,OTHER (DRIVER) - EXPLAIN IN NARRATIVE,S COLLEGE MALL RD,39.162928,-86.498112
902194153,2022,2,6,1200,Weekday,3+ Cars,No injury/unknown,FOLLOWING TOO CLOSELY,300 S WALNUT ST & SMITH,39.162848,-86.5336
902216513,2022,4,7,1100,Weekend,Moped/Motorcycle,No injury/unknown,UNSAFE LANE MOVEMENT,SMITH & WALNUT ST,39.162848,-86.5336
902259691,2022,7,5,1800,Weekday,2-Car,No injury/unknown,FOLLOWING TOO CLOSELY,E SMITH & S WALNUT ST,39.162848,-86.5336
902263764,2022,7,6,2100,Weekend,2-Car,No injury/unknown,OTHER (DRIVER) - EXPLAIN IN NARRATIVE,SMITH & WALNUT ST,39.162848,-86.5336
902305633,2022,9,3,1200,Weekday,2-Car,No injury/unknown,,E SMITH & S DUNN ST,39.162848,-86.5284
902259383,2022,7,5,1000,Weekday,2-Car,No injury/unknown,OVERCORRECTING/OVERSTEERING,S HENDERSON ST,39.162848,-86.527184
902199501,2022,3,1,900,Weekend,2-Car,No injury/unknown,FAILURE TO YIELD RIGHT OF WAY,HENDERSON ST & SMITH,39.16280977,-86.52725011
902215208,2022,4,3,1700,Weekday,2-Car,No injury/unknown,UNSAFE BACKING,S WOODLAWN AVE,39.16280044,-86.52299675
902226511,2022,5,5,900,Weekday,2-Car,No injury/unknown,UNSAFE BACKING,BELLE & VILLAGE CT,39.16272811,-86.58380645
902200116,2022,3,2,1200,Weekday,2-Car,No injury/unknown,OTHER (DRIVER) - EXPLAIN IN NARRATIVE,LANDMARK AVE,39.16271456,-86.55612878
902185464,2022,2,7,1300,Weekend,2-Car,No injury/unknown,FAILURE TO YIELD RIGHT OF WAY,ADAMS & PATTERSON DR,39.1626703,-86.55050017
902354110,2022,12,2,1100,Weekday,2-Car,No injury/unknown,FAILURE TO YIELD RIGHT OF WAY,ADAMS & PATTERSON,39.1626703,-86.55050017
902316270,2022,10,6,1600,Weekday,1-Car,Incapacitating,IMPROPER TURNING,ADAMS & PATTERSON,39.1626703,-86.55050017
902333682,2022,11,5,1900,Weekday,Pedestrian,Incapacitating,FAILURE TO YIELD RIGHT OF WAY,ADAMS & PATTERSON,39.1626703,-86.55050017
902317854,2022,10,1,2100,Weekday,1-Car,No injury/unknown,LEFT OF CENTER,S ADAMS & S PATTERSON,39.1626703,-86.55050016
902312434,2022,10,1,1200,Weekend,2-Car,No injury/unknown,FAILURE TO YIELD RIGHT OF WAY,3RD & WOODCREST DR,39.16262408,-86.50240808
902176625,2022,2,3,1200,Weekday,3+ Cars,No injury/unknown,OTHER (DRIVER) - EXPLAIN IN NARRATIVE,SO COLLEGE MALL RD,39.16262403,-86.49803884
902171513,2022,1,3,1000,Weekday,2-Car,No injury/unknown,DRIVER DISTRACTED - EXPLAIN IN NARRATIVE,LANDMARK AVE,39.16261666,-86.55608452
902234762,2022,5,7,1300,Weekend,1-Car,No injury/unknown,OTHER (DRIVER) - EXPLAIN IN NARRATIVE,S WHITE TAIL RUN & WYLIE FARM,39.16259645,-86.52353994
902322829,2022,10,2,600,Weekday,2-Car,No injury/unknown,UNSAFE BACKING,S HENDERSON,39.162468,-86.527174
902303486,2022,9,6,1100,Weekday,2-Car,No injury/unknown,UNSAFE BACKING,DUNN ST,39.16244571,-86.528368
902283751,2022,8,5,700,Weekday,1-Car,No injury/unknown,RAN OFF ROAD RIGHT,S REISNER RD,39.162441,-86.486969
902334087,2022,11,6,900,Weekday,2-Car,No injury/unknown,FOLLOWING TOO CLOSELY,HOWE & ROGERS,39.16240007,-86.53868973
902301772,2022,9,3,1700,Weekday,2-Car,No injury/unknown,FOLLOWING TOO CLOSELY,HOWE & ROGERS ST,39.1624,-86.538592
902261793,2022,7,3,800,Weekday,3+ Cars,No injury/unknown,UNSAFE LANE MOVEMENT,S LANDMARK AVE,39.16237861,-86.5559256
902159262,2022,1,3,1100,Weekday,2-Car,No injury/unknown,OTHER (DRIVER) - EXPLAIN IN NARRATIVE,SOUTH HENDERSON ST,39.16226959,-86.52758026
902168498,2022,1,5,2300,Weekday,2-Car,No injury/unknown,SPEED TOO FAST FOR WEATHER CONDITIONS,HIGHLAND & HUNTER AVE,39.16224,-86.5183056
902178466,2022,2,5,1500,Weekday,2-Car,No injury/unknown,DISREGARD SIGNAL/REG SIGN,E HUNTER & S WOODLAWN AVE,39.16224,-86.522576
902194451,2022,3,7,100,Weekend,3+ Cars,No injury/unknown,UNSAFE SPEED,HUNTER AVE & WOODLAWN,39.16224,-86.522576
902352057,2022,12,5,1400,Weekday,3+ Cars,No injury/unknown,,919 E HUNTER & S FACULTY,39.16224,-86.520992
902225086,2022,4,3,700,Weekday,2-Car,Non-incapacitating,FAILURE TO YIELD RIGHT OF WAY,HIGHLAND AVE & HUNTER,39.16224,-86.5176
902281223,2022,8,7,0,Weekend,2-Car,Non-incapacitating,DISREGARD SIGNAL/REG SIGN,HUNTER & JORDAN AVE,39.16224,-86.516368
902309187,2022,10,2,1800,Weekday,2-Car,No injury/unknown,UNSAFE BACKING,S COLLEGE MALL RD,39.162201,-86.498665
902229773,2022,5,5,1600,Weekday,1-Car,Non-incapacitating,OVERCORRECTING/OVERSTEERING,SR37S & W 3RD,39.16200597,-86.57316611
902335713,2022,11,7,2100,Weekend,2-Car,No injury/unknown,OTHER (DRIVER) - EXPLAIN IN NARRATIVE,2ND & GRANT,39.16198929,-86.52975376
902319994,2022,10,5,1900,Weekday,Bus,No injury/unknown,UNSAFE BACKING,S MULLER,39.16180998,-86.56743228
902298027,2022,9,3,1600,Weekday,2-Car,No injury/unknown,UNSAFE BACKING,S MULLER PKWY,39.16177176,-86.567327
902253955,2022,6,2,1200,Weekday,2-Car,No injury/unknown,FAILURE TO YIELD RIGHT OF WAY,S MULLER PKWY,39.1617503,-86.56746782
902353334,2022,12,6,300,Weekday,2-Car,No injury/unknown,UNSAFE SPEED,MULLER,39.16171275,-86.56736255
902237691,2022,5,6,0,Weekday,2-Car,No injury/unknown,OTHER (DRIVER) - EXPLAIN IN NARRATIVE,SO PARKRIDGE RD,39.16169357,-86.4751358
902313844,2022,10,3,1200,Weekday,2-Car,No injury/unknown,FOLLOWING TOO CLOSELY,2ND & WALKER ST,39.161648,-86.546128
902336930,2022,11,2,2000,Weekday,Bus,No injury/unknown,IMPROPER LANE USAGE,S WALKER & W 2ND,39.161648,-86.546128
902345195,2022,12,2,900,Weekday,1-Car,Incapacitating,ROADWAY SURFACE CONDITION,W 2ND & WALKER,39.161648,-86.546128
902162944,2022,1,7,200,Weekend,2-Car,No injury/unknown,SPEED TOO FAST FOR WEATHER CONDITIONS,MULLER PKWY,39.16163228,-86.5675389
902163107,2022,1,7,1400,Weekend,2-Car,No injury/unknown,SPEED TOO FAST FOR WEATHER CONDITIONS,S MUELLER PKWY,39.16163228,-86.5675389
902265493,2022,7,2,1600,Weekday,2-Car,No injury/unknown,IMPROPER TURNING,W 2ND ST,39.16162667,-86.54486933
902319912,2022,10,5,1200,Weekday,2-Car,No injury/unknown,,W 2ND,39.16162667,-86.54486933
902284667,2022,8,6,1300,Weekday,3+ Cars,Non-incapacitating,FOLLOWING TOO CLOSELY,2ND ST & EUCLID,39.1616,-86.543296
902200607,2022,3,2,900,Weekday,1-Car,No injury/unknown,RAN OFF ROAD RIGHT,BIRDIE GALYAN & SR46E,39.16158391,-86.41219366
902359378,2022,12,3,1100,Weekday,2-Car,No injury/unknown,FOLLOWING TOO CLOSELY,S MAPLE & W 2ND,39.161568,-86.542096
902352028,2022,12,5,1400,Weekday,2-Car,No injury/unknown,FOLLOWING TOO CLOSELY,MAPLE & SECOND,39.161568,-86.542096
902235997,2022,5,3,1000,Weekday,1-Car,No injury/unknown,OTHER (DRIVER) - EXPLAIN IN NARRATIVE,W 2ND ST,39.16153675,-86.53981487
902173985,2022,1,6,1900,Weekend,2-Car,No injury/unknown,UNSAFE BACKING,W 2ND ST,39.16153611,-86.53976784
902212076,2022,4,4,2200,Weekday,2-Car,No injury/unknown,IMPROPER TURNING,W 2ND ST,39.16153611,-86.53976784
902288084,2022,8,5,1300,Weekday,2-Car,No injury/unknown,UNSAFE BACKING,W 2ND ST,39.16153611,-86.53976784
902305231,2022,9,3,200,Weekday,2-Car,No injury/unknown,UNSAFE BACKING,W 2ND ST,39.16153611,-86.53976784
902345606,2022,12,2,1700,Weekday,2-Car,No injury/unknown,IMPROPER TURNING,W 2ND,39.16153611,-86.53976784
902362010,2022,12,2,1200,Weekday,1-Car,No injury/unknown,IMPROPER TURNING,W 2ND,39.16153611,-86.53976784
902252243,2022,6,5,1700,Weekday,2-Car,Non-incapacitating,FOLLOWING TOO CLOSELY,2ND ST & ROGERS,39.16152484,-86.53894474
902191912,2022,2,2,1300,Weekday,2-Car,No injury/unknown,FOLLOWING TOO CLOSELY,S ROGERS & W 2ND ST,39.16152,-86.538592
902231103,2022,5,1,1700,Weekend,2-Car,No injury/unknown,FAILURE TO YIELD RIGHT OF WAY,2ND ST & S ROGERS,39.16152,-86.538592
902235395,2022,5,2,1200,Weekday,2-Car,No injury/unknown,OTHER (DRIVER) - EXPLAIN IN NARRATIVE,S ROGERS & WEST SECOND ST,39.16152,-86.538592
902256391,2022,6,6,1800,Weekday,2-Car,No injury/unknown,FOLLOWING TOO CLOSELY,S ROGERS ST & W 2ND,39.16152,-86.538592
902262795,2022,7,5,700,Weekday,3+ Cars,Non-incapacitating,DRIVER ASLEEP OR FATIGUED,S ROGERS ST & W 2ND,39.16152,-86.538592
902301508,2022,9,2,1100,Weekday,2-Car,Non-incapacitating,FAILURE TO YIELD RIGHT OF WAY,SO ROGERS & W 2ND ST,39.16152,-86.538592
902229587,2022,5,4,1500,Weekday,2-Car,No injury/unknown,FOLLOWING TOO CLOSELY,MADISON & W 2ND ST,39.161488,-86.537296
902257609,2022,6,2,1300,Weekday,3+ Cars,No injury/unknown,FOLLOWING TOO CLOSELY,2ND ST & MADISON,39.161488,-86.537296
902316250,2022,10,6,1400,Weekday,2-Car,No injury/unknown,FOLLOWING TOO CLOSELY,2ND & MADISON,39.161488,-86.537296
902322840,2022,10,3,1600,Weekday,2-Car,No injury/unknown,FOLLOWING TOO CLOSELY,2ND & MORTON,39.161472,-86.53624
902258507,2022,7,3,1200,Weekday,2-Car,No injury/unknown,FOLLOWING TOO CLOSELY,2ND ST & MORTON,39.161472,-86.5360636
902319153,2022,10,4,900,Weekday,1-Car,No injury/unknown,OTHER (VEHICLE) - EXPLAIN IN NARRATIVE,LIBERTY,39.16147068,-86.57919779
902180637,2022,2,1,1700,Weekend,2-Car,No injury/unknown,DRIVER DISTRACTED - EXPLAIN IN NARRATIVE,2ND ST & COLLEGE,39.16144735,-86.53511243
902316454,2022,10,7,1300,Weekend,3+ Cars,Non-incapacitating,FOLLOWING TOO CLOSELY,MADISON & SECOND,39.1614458,-86.53733254
902315416,2022,10,4,1200,Weekday,2-Car,No injury/unknown,,400 BLK E 2ND & DUNN,39.16144,-86.5279352
902207146,2022,3,1,1300,Weekend,2-Car,Non-incapacitating,DISREGARD SIGNAL/REG SIGN,2ND ST & COLLEGE,39.16144,-86.534848
902293389,2022,9,2,1200,Weekday,2-Car,No injury/unknown,FAILURE TO YIELD RIGHT OF WAY,2ND & COLLEGE AVE,39.16144,-86.534848
902320689,2022,10,6,1500,Weekday,Pedestrian,Incapacitating,PEDESTRIAN ACTION,COLLEGE & SECOND,39.16144,-86.534848
902239439,2022,5,3,1200,Weekday,3+ Cars,No injury/unknown,FOLLOWING TOO CLOSELY,2ND & WALNUT ST,39.16144,-86.5336
902278258,2022,8,1,1500,Weekend,2-Car,No injury/unknown,FOLLOWING TOO CLOSELY,2ND & WALNUT ST,39.16144,-86.5336
902282460,2022,8,2,1500,Weekday,Moped/Motorcycle,Non-incapacitating,IMPROPER TURNING,2ND & WALNUT ST,39.16144,-86.5336
902355274,2022,12,3,1700,Weekday,2-Car,No injury/unknown,LEFT OF CENTER,E 2ND & S WALNUT,39.16144,-86.5336
902336065,2022,11,2,800,Weekday,2-Car,No injury/unknown,FOLLOWING TOO CLOSELY,E 2ND,39.16144,-86.5324
902207987,2022,3,3,700,Weekday,2-Car,Non-incapacitating,FOLLOWING TOO CLOSELY,E 2ND & S LINCOLN ST,39.16144,-86.531056
902235762,2022,5,2,2300,Weekday,2-Car,No injury/unknown,IMPROPER LANE USAGE,2ND ST & GRANT,39.16144,-86.52976
902214425,2022,4,2,1200,Weekday,2-Car,No injury/unknown,UNSAFE BACKING,WEST 2ND ST,39.16144,-86.527152
902322516,2022,10,3,800,Weekday,2-Car,No injury/unknown,IMPROPER TURNING,WEST 2ND,39.16144,-86.527152
902290175,2022,9,3,1100,Weekday,1-Car,No injury/unknown,IMPROPER TURNING,E 2ND & S HENDERSON ST,39.16144,-86.527152
902316867,2022,10,1,1300,Weekend,2-Car,No injury/unknown,UNSAFE BACKING,E 2ND,39.16144,-86.52696457
902243973,2022,6,4,600,Weekday,2-Car,No injury/unknown,FOLLOWING TOO CLOSELY,2ND ST & WALKER,39.16142978,-86.54614023
902279662,2022,8,4,700,Weekday,2-Car,No injury/unknown,DISREGARD SIGNAL/REG SIGN,2ND ST & WALKER,39.16142978,-86.54614023
902294229,2022,9,3,1700,Weekday,3+ Cars,No injury/unknown,DISREGARD SIGNAL/REG SIGN,2ND ST & WALKER,39.16142978,-86.54614023
902307049,2022,10,5,2200,Weekday,2-Car,No injury/unknown,FOLLOWING TOO CLOSELY,2ND ST & WALKER,39.16142978,-86.54614023
902228592,2022,5,3,1400,Weekday,3+ Cars,Non-incapacitating,FOLLOWING TOO CLOSELY,S EUCLID & W 2ND ST,39.16141972,-86.54337018
902273492,2022,7,4,1800,Weekday,3+ Cars,No injury/unknown,DRIVER DISTRACTED - EXPLAIN IN NARRATIVE,2ND ST & EUCLID,39.16141972,-86.54337018
902250298,2022,6,2,1000,Weekday,1-Car,No injury/unknown,RAN OFF ROAD RIGHT,SR37N & W 2ND,39.16141129,-86.53729248
902277672,2022,8,6,1400,Weekday,2-Car,No injury/unknown,FOLLOWING TOO CLOSELY,S MADISON & W 2ND ST,39.16141033,-86.53743982
902311088,2022,10,5,1700,Weekday,2-Car,No injury/unknown,DRIVER DISTRACTED - EXPLAIN IN NARRATIVE,2ND ST & MADISON,39.16141033,-86.53743982
902357363,2022,12,6,1400,Weekday,2-Car,No injury/unknown,FAILURE TO YIELD RIGHT OF WAY,2ND & MADISON,39.16141033,-86.53743982
902338838,2022,11,4,1300,Weekday,2-Car,Non-incapacitating,FAILURE TO YIELD RIGHT OF WAY,S ROGERS & W 2ND,39.16140027,-86.53867029
902230330,2022,5,6,1400,Weekday,2-Car,Non-incapacitating,FOLLOWING TOO CLOSELY,SOUTH ROGERS & WEST 2ND ST,39.16140027,-86.53867028
902270026,2022,7,5,1200,Weekday,2-Car,No injury/unknown,FOLLOWING TOO CLOSELY,2ND & ROGERS ST,39.16140027,-86.53867028
902322963,2022,10,3,200,Weekday,1-Car,No injury/unknown,RAN OFF ROAD RIGHT,S ROGERS & W 2ND,39.16140027,-86.53867028
902283456,2022,8,3,1300,Weekday,2-Car,No injury/unknown,DRIVER DISTRACTED - EXPLAIN IN NARRATIVE,2ND ST & ROGERS,39.16140027,-86.53867028
902188891,2022,2,4,1400,Weekday,2-Car,No injury/unknown,FOLLOWING TOO CLOSELY,2ND & WALNUT ST,39.16140027,-86.53362974
902206805,2022,3,7,0,Weekend,Cyclist,Non-incapacitating,DISREGARD SIGNAL/REG SIGN,2ND ST & WALNUT,39.16140027,-86.53362974
902218120,2022,4,3,1200,Weekday,2-Car,No injury/unknown,FAILURE TO YIELD RIGHT OF WAY,2ND ST & WALNUT,39.16140027,-86.53362974
902229249,2022,5,4,1700,Weekday,Cyclist,Non-incapacitating,FAILURE TO YIELD RIGHT OF WAY,2ND & SOUTH WALNUT ST,39.16140027,-86.53362974
902213449,2022,4,7,1400,Weekend,2-Car,No injury/unknown,UNSAFE BACKING,E 2ND ST,39.16139984,-86.53363037
902233437,2022,5,5,1200,Weekday,Pedestrian,Incapacitating,PEDESTRIAN ACTION,2ND ST & MORTON,39.16139022,-86.53631426
902256165,2022,6,6,1200,Weekday,2-Car,No injury/unknown,DRIVER DISTRACTED - EXPLAIN IN NARRATIVE,2ND ST & MORTON,39.16139022,-86.53630994
902168980,2022,1,7,1200,Weekend,Pedestrian,Non-incapacitating,DISREGARD SIGNAL/REG SIGN,2ND ST & COLLEGE,39.16138016,-86.53492994
902209992,2022,3,7,1000,Weekend,2-Car,No injury/unknown,FAILURE TO YIELD RIGHT OF WAY,2ND ST & WASHINGTON,39.16136004,-86.53242731
902265811,2022,7,4,1000,Weekday,2-Car,No injury/unknown,IMPROPER LANE USAGE,EAST 2ND ST & WASHINGTON,39.16136004,-86.53241001
902345014,2022,11,1,1200,Weekend,2-Car,No injury/unknown,OTHER (DRIVER) - EXPLAIN IN NARRATIVE,S HENDERSON,39.16134857,-86.52715069
902200714,2022,3,3,1200,Weekday,2-Car,No injury/unknown,OTHER (DRIVER) - EXPLAIN IN NARRATIVE,W 2ND ST,39.16133858,-86.53531685
902291639,2022,9,5,1500,Weekday,1-Car,No injury/unknown,RAN OFF ROAD RIGHT,EAST 2ND ST & S PARK,39.16131981,-86.52399994
902303982,2022,9,7,1800,Weekend,Cyclist,Incapacitating,FAILURE TO YIELD RIGHT OF WAY,EAST 2ND ST & WOODLAWN,39.161312,-86.522576
902225092,2022,4,3,800,Weekday,2-Car,No injury/unknown,UNSAFE BACKING,E 2ND ST,39.16131152,-86.52255127
902174893,2022,1,4,1500,Weekday,2-Car,No injury/unknown,,WEST SR 45 RD,39.161296,-86.589792
902231035,2022,5,7,1900,Weekend,2-Car,No injury/unknown,UNSAFE LANE MOVEMENT,2ND ST & HAWTHORNE,39.16126919,-86.52039251
902303435,2022,9,6,900,Weekday,2-Car,Non-incapacitating,DISREGARD SIGNAL/REG SIGN,2ND ST & HIGHLAND,39.1612,-86.517584
902307140,2022,10,6,700,Weekday,2-Car,Non-incapacitating,DISREGARD SIGNAL/REG SIGN,2ND & JORDAN AVE,39.161168,-86.516352
902339779,2022,11,6,1100,Weekday,2-Car,No injury/unknown,DISREGARD SIGNAL/REG SIGN,2ND & JORDAN,39.161168,-86.516352
902152103,2022,1,6,1600,Weekday,2-Car,No injury/unknown,UNSAFE BACKING,S COLLEGE AVE,39.16115717,-86.53485253
902163434,2022,1,1,900,Weekend,1-Car,No injury/unknown,OTHER (DRIVER) - EXPLAIN IN NARRATIVE,S COLLEGE AVE,39.16115717,-86.53485253
902212060,2022,4,4,1900,Weekday,1-Car,No injury/unknown,OVERCORRECTING/OVERSTEERING,S COLLEGE AVE,39.16115717,-86.53485253
902224172,2022,4,6,1800,Weekday,2-Car,No injury/unknown,,S COLLEGE AVE,39.16115717,-86.53485253
902275542,2022,8,3,300,Weekday,1-Car,No injury/unknown,OTHER (DRIVER) - EXPLAIN IN NARRATIVE,S COLLEGE AVE,39.16115717,-86.53485253
902298540,2022,9,4,1800,Weekday,2-Car,No injury/unknown,UNSAFE BACKING,S COLLEGE AVE,39.16115717,-86.53485253
902320996,2022,10,6,1600,Weekday,2-Car,No injury/unknown,UNSAFE BACKING,S COLLEGE,39.16115717,-86.53485253
902330091,2022,11,7,1400,Weekend,2-Car,No injury/unknown,UNSAFE BACKING,S COLLEGE,39.16115717,-86.53485253
902332921,2022,11,4,1300,Weekday,2-Car,No injury/unknown,OTHER (DRIVER) - EXPLAIN IN NARRATIVE,COLLEGE,39.16115717,-86.53485253
902346561,2022,12,3,1900,Weekday,2-Car,No injury/unknown,,E 2ND & S SWAIN,39.161136,-86.51512
902162728,2022,1,6,1500,Weekday,2-Car,No injury/unknown,FAILURE TO YIELD RIGHT OF WAY,ADAMS ST & ARCH HAVEN,39.16106969,-86.55082002
902268346,2022,7,2,1100,Weekday,2-Car,No injury/unknown,LEFT OF CENTER,ADAMS & ARCH HAVEN BLVD,39.16106969,-86.55082002
902270016,2022,7,5,800,Weekday,Cyclist,Non-incapacitating,DISREGARD SIGNAL/REG SIGN,E 2ND & S WOODLAWN AVE,39.16106969,-86.52264006
902292968,2022,9,1,1800,Weekend,2-Car,Non-incapacitating,DISREGARD SIGNAL/REG SIGN,2ND ST & WOODLAWN,39.16106969,-86.52264006
902287503,2022,8,4,1500,Weekday,2-Car,No injury/unknown,DISREGARD SIGNAL/REG SIGN,E 2ND ST & S WOODLAWN,39.16106969,-86.52264006
902166860,2022,1,4,1100,Weekday,2-Car,No injury/unknown,DISREGARD SIGNAL/REG SIGN,2ND ST & BALLANTINE,39.1610603,-86.51913978
902328620,2022,11,4,1200,Weekday,2-Car,No injury/unknown,OTHER (DRIVER) - EXPLAIN IN NARRATIVE,S LANDMARK,39.16104889,-86.55483246
902351179,2022,12,2,1400,Weekday,2-Car,No injury/unknown,FAILURE TO YIELD RIGHT OF WAY,2ND & ROSE,39.16102007,-86.51095972
902229046,2022,5,3,1600,Weekday,Pedestrian,Non-incapacitating,UNSAFE BACKING,SOUTH WALNUT ST,39.16101225,-86.5336
902272007,2022,7,2,1500,Weekday,Moped/Motorcycle,Non-incapacitating,FAILURE TO YIELD RIGHT OF WAY,SOUTH WALNUT ST,39.16101225,-86.5336
902337228,2022,11,3,800,Weekday,Pedestrian,Non-incapacitating,OTHER (DRIVER) - EXPLAIN IN NARRATIVE,E 2ND,39.16099258,-86.50557049
902236244,2022,5,3,1000,Weekday,2-Car,No injury/unknown,OTHER (DRIVER) - EXPLAIN IN NARRATIVE,E 2ND ST,39.16099258,-86.50557048
902341625,2022,11,2,900,Weekday,2-Car,No injury/unknown,DISREGARD SIGNAL/REG SIGN,E 2ND & SO COLLEGE MALL,39.160944,-86.497696
902334525,2022,11,6,1300,Weekday,2-Car,Non-incapacitating,FAILURE TO YIELD RIGHT OF WAY,2ND & COLLEGE MALL,39.16094028,-86.49772033
902185885,2022,2,1,1700,Weekend,2-Car,No injury/unknown,FAILURE TO YIELD RIGHT OF WAY,2ND & COLLEGE MALL RD,39.16094027,-86.49772033
902277858,2022,8,7,1000,Weekend,2-Car,No injury/unknown,FAILURE TO YIELD RIGHT OF WAY,COLLEGE MALL & EAST 2ND ST,39.16094027,-86.49769438
902168732,2022,1,6,1300,Weekday,2-Car,No injury/unknown,FOLLOWING TOO CLOSELY,2ND ST & SOUTH WOODSCREST,39.16092016,-86.50248433