Master Record Number,Year,Month,Day,Hour,Weekend,Collision Type,Injury Type,Primary Factor,Reported_Location,Latitude,Longitude
902186172,2022,2,6,1500,Weekday,2-Car,No injury/unknown,FOLLOWING TOO CLOSELY,SECOND ST & WOODSCREST,39.16092016,-86.50236323
902152389,2022,1,7,1000,Weekend,2-Car,No injury/unknown,FAILURE TO YIELD RIGHT OF WAY,3RD & LIBERTY DR,39.16090915,-86.57913006
902152313,2022,1,6,1300,Weekday,2-Car,No injury/unknown,ROADWAY SURFACE CONDITION,EAST SECOND ST,39.16087657,-86.50200717
902343400,2022,11,4,1600,Weekday,2-Car,No injury/unknown,FAILURE TO YIELD RIGHT OF WAY,IN SR 45 & S LIBERTY,39.16087376,-86.57777019
902229294,2022,5,4,1600,Weekday,2-Car,No injury/unknown,UNSAFE BACKING,SOUTH FESS AVE,39.1607666,-86.52623748
902185710,2022,2,7,1400,Weekend,2-Car,Non-incapacitating,FAILURE TO YIELD RIGHT OF WAY,2ND ST & PATTERSON,39.16074984,-86.54850997
902348210,2022,12,6,1500,Weekday,2-Car,No injury/unknown,FOLLOWING TOO CLOSELY,2ND & PATTERSON,39.16074984,-86.54850997
902295663,2022,9,6,1100,Weekday,2-Car,No injury/unknown,FAILURE TO YIELD RIGHT OF WAY,S PATTERSON & W 2ND ST,39.16074984,-86.54851775
902150217,2022,1,5,700,Weekday,2-Car,No injury/unknown,ROADWAY SURFACE CONDITION,2ND & PATTERSON DR,39.16074984,-86.54850997
902152417,2022,1,7,1000,Weekend,2-Car,No injury/unknown,FAILURE TO YIELD RIGHT OF WAY,SO PATTERSON & W 2ND ST,39.16074984,-86.54850997
902154840,2022,1,3,700,Weekday,2-Car,No injury/unknown,SPEED TOO FAST FOR WEATHER CONDITIONS,2ND & PATTERSON ST,39.16074984,-86.54850997
902160486,2022,1,4,1900,Weekday,2-Car,No injury/unknown,FOLLOWING TOO CLOSELY,2ND ST & PATTERSON,39.16074984,-86.54850997
902167815,2022,1,6,400,Weekday,1-Car,No injury/unknown,RAN OFF ROAD RIGHT,2ND ST & PATTERSON,39.16074984,-86.54850997
902178417,2022,2,5,1100,Weekday,2-Car,No injury/unknown,FOLLOWING TOO CLOSELY,PATTERSON DR & W 2ND,39.16074984,-86.54850997
902202985,2022,3,6,1000,Weekday,2-Car,No injury/unknown,FOLLOWING TOO CLOSELY,2ND & PATTERSON DR,39.16074984,-86.54850997
902209927,2022,3,7,100,Weekend,1-Car,No injury/unknown,RAN OFF ROAD RIGHT,S PATTERSON & W 2ND ST,39.16074984,-86.54850997
902227774,2022,4,3,800,Weekday,2-Car,No injury/unknown,FAILURE TO YIELD RIGHT OF WAY,S PATTERSON & W 2ND ST,39.16074984,-86.54850997
902245878,2022,6,1,0,Weekend,2-Car,No injury/unknown,SPEED TOO FAST FOR WEATHER CONDITIONS,2ND ST & PATTERSON,39.16074984,-86.54850997
902275067,2022,8,2,1000,Weekday,2-Car,Non-incapacitating,FOLLOWING TOO CLOSELY,2ND & PATTERSON DR,39.16074984,-86.54850997
902276626,2022,8,5,200,Weekday,1-Car,No injury/unknown,ANIMAL/OBJECT IN ROADWAY,BLOOMFIED & PATTERSON,39.16074984,-86.54850131
902325042,2022,10,6,1600,Weekday,2-Car,No injury/unknown,IMPROPER PASSING,S PATTERSON & W 2ND,39.16074984,-86.54849698
902319352,2022,10,4,1200,Weekday,2-Car,Non-incapacitating,FOLLOWING TOO CLOSELY,PATTERSON & SECOND,39.16074702,-86.54853344
902221684,2022,4,2,1100,Weekday,2-Car,No injury/unknown,UNSAFE BACKING,S CLARIZZ BLVD,39.16067505,-86.49024963
902251740,2022,6,4,2200,Weekday,2-Car,No injury/unknown,OTHER (DRIVER) - EXPLAIN IN NARRATIVE,2ND & COLLEGE MALL RD,39.16066944,-86.49770547
902298955,2022,9,5,1100,Weekday,2-Car,No injury/unknown,UNSAFE BACKING,2ND & LINCOLN ST,39.16061609,-86.53106812
902209202,2022,3,5,700,Weekday,2-Car,Non-incapacitating,FAILURE TO YIELD RIGHT OF WAY,2ND ST & ADAMS,39.160544,-86.5508
902215057,2022,4,4,900,Weekday,2-Car,No injury/unknown,DISREGARD SIGNAL/REG SIGN,2ND ST & ADAMS,39.160544,-86.5508
902220210,2022,4,7,200,Weekend,Moped/Motorcycle,Incapacitating,RAN OFF ROAD RIGHT,S ADAMS & W BLOOMFIELD,39.160544,-86.5508
902309188,2022,10,2,1500,Weekday,2-Car,No injury/unknown,UNSAFE BACKING,S LANDMARK AVE,39.16051246,-86.55401453
902193882,2022,2,6,0,Weekday,3+ Cars,No injury/unknown,LEFT OF CENTER,1ST & WOODLAWN AVE,39.16044261,-86.5225622
902354849,2022,12,3,1000,Weekday,3+ Cars,No injury/unknown,FOLLOWING TOO CLOSELY,LIBERTY & SR48W,39.16043091,-86.57905703
902289712,2022,8,1,0,Weekend,2-Car,No injury/unknown,OTHER (DRIVER) - EXPLAIN IN NARRATIVE,BLOOMFIELD RD,39.16042462,-86.55086025
902234963,2022,5,1,1700,Weekend,2-Car,No injury/unknown,FAILURE TO YIELD RIGHT OF WAY,SOUTH HENDERSON ST & UNIVERSITY,39.16038975,-86.52718976
902221624,2022,4,3,400,Weekday,2-Car,No injury/unknown,UNSAFE BACKING,HENDERSON & UNIVERSITY ST,39.16038975,-86.5271811
902211606,2022,4,3,1500,Weekday,2-Car,Non-incapacitating,FAILURE TO YIELD RIGHT OF WAY,3RD & LIBERTY DR,39.16038043,-86.57913006
902226914,2022,5,5,1800,Weekday,2-Car,No injury/unknown,UNSAFE BACKING,S WALNUT ST,39.16037061,-86.5336
902179058,2022,2,6,900,Weekday,2-Car,No injury/unknown,FAILURE TO YIELD RIGHT OF WAY,E UNIVESRITY ST & S HENDERSON,39.16032,-86.527136
902274771,2022,8,1,1500,Weekend,2-Car,No injury/unknown,UNSAFE BACKING,E UNIVERSITY ST & S HENDERSON,39.16032,-86.527136
902154424,2022,1,3,1600,Weekday,2-Car,No injury/unknown,SPEED TOO FAST FOR WEATHER CONDITIONS,W 2ND ST,39.16025543,-86.54006195
902194663,2022,3,7,1800,Weekend,2-Car,No injury/unknown,UNSAFE BACKING,W 2ND ST,39.16025543,-86.54006195
902242003,2022,5,7,2200,Weekend,1-Car,No injury/unknown,RAN OFF ROAD RIGHT,W 2ND ST,39.16025543,-86.54006195
902256841,2022,6,5,2300,Weekday,2-Car,No injury/unknown,UNSAFE BACKING,W 2ND ST,39.160255,-86.540062
902188472,2022,2,4,900,Weekday,2-Car,No injury/unknown,FOLLOWING TOO CLOSELY,E 10 TH & N SMITH RD,39.15998836,-86.48266978
902226868,2022,5,6,1700,Weekday,2-Car,No injury/unknown,UNSAFE BACKING,W 2ND ST,39.15997314,-86.54981231
902338353,2022,11,4,1100,Weekday,2-Car,Non-incapacitating,FOLLOWING TOO CLOSELY,BLOOMFIELD & LANDMARK,39.15993981,-86.55382007
902242320,2022,6,1,1600,Weekend,2-Car,Non-incapacitating,FOLLOWING TOO CLOSELY,BLOOMFIELD RD & LANDMARK,39.15993981,-86.55382007
902232967,2022,5,4,1600,Weekday,2-Car,No injury/unknown,FOLLOWING TOO CLOSELY,BLOOMFIELD RD & LANDMARK,39.15993981,-86.55381358
902213514,2022,4,3,1200,Weekday,2-Car,No injury/unknown,OVERCORRECTING/OVERSTEERING,S CLARIZZ BLVD,39.15986252,-86.49027252
902237898,2022,5,5,1500,Weekday,1-Car,No injury/unknown,RAN OFF ROAD RIGHT,BIRDIE GALYAN & SR46E,39.15982565,-86.41038589
902265718,2022,7,2,1200,Weekday,1-Car,No injury/unknown,BRAKE FAILURE OR DEFECTIVE,BLOOMFIELD RD,39.1596756,-86.55188751
902279552,2022,8,3,1700,Weekday,2-Car,No injury/unknown,UNSAFE SPEED,S WALKER ST & W 1ST,39.159648,-86.546
902256427,2022,6,6,1600,Weekday,2-Car,No injury/unknown,FAILURE TO YIELD RIGHT OF WAY,1ST & COLLEGE AVE,39.15964598,-86.5348767
902225125,2022,4,2,1600,Weekday,2-Car,Non-incapacitating,DISREGARD SIGNAL/REG SIGN,E BUICK CADILLAC BLVD & S CLARIZZ,39.1596,-86.490784
902311833,2022,10,6,1700,Weekday,2-Car,Non-incapacitating,FAILURE TO YIELD RIGHT OF WAY,S LANDMARK AVE & W 2ND,39.15951581,-86.55335069
902249523,2022,4,4,700,Weekday,2-Car,No injury/unknown,UNSAFE BACKING,1ST & S ROGERS ST,39.159504,-86.538592
902221437,2022,4,2,1700,Weekday,Cyclist,Non-incapacitating,FAILURE TO YIELD RIGHT OF WAY,FIRST ST & MORTON,39.159472,-86.536272
902244835,2022,6,5,1800,Weekday,Cyclist,Non-incapacitating,PEDESTRIAN ACTION,S MORTON & W 1ST ST,39.159472,-86.536272
902295395,2022,9,6,100,Weekday,1-Car,No injury/unknown,RAN OFF ROAD RIGHT,W 1ST ST & WALKER,39.15946975,-86.5460505
902302866,2022,9,5,1400,Weekday,2-Car,No injury/unknown,FOLLOWING TOO CLOSELY,RANSOM & W BLOOMFIELD RD,39.15944,-86.555296
902327426,2022,11,3,1600,Weekday,2-Car,No injury/unknown,FOLLOWING TOO CLOSELY,RANSOM & W BLOOMFIELD,39.15944,-86.555296
902170918,2022,1,2,1300,Weekday,1-Car,No injury/unknown,DRIVER DISTRACTED - EXPLAIN IN NARRATIVE,S COLLEGE AVE,39.15944,-86.53488
902334546,2022,11,6,1700,Weekday,2-Car,No injury/unknown,DRIVER DISTRACTED - EXPLAIN IN NARRATIVE,S COLLEGE & W 1ST,39.15944,-86.53488
902216801,2022,4,1,1100,Weekend,2-Car,No injury/unknown,DISREGARD SIGNAL/REG SIGN,1ST & WALNUT ST,39.159344,-86.5336
902220738,2022,4,1,2300,Weekday,2-Car,Non-incapacitating,DISREGARD SIGNAL/REG SIGN,1ST & SOUTH WALNUT ST,39.159344,-86.5336
902363349,2022,12,3,900,Weekday,Bus,No injury/unknown,IMPROPER PASSING,1ST & WALNUT,39.159344,-86.5336
902302221,2022,9,4,1200,Weekday,Cyclist,Non-incapacitating,DISREGARD SIGNAL/REG SIGN,1ST & HENDERSON ST,39.159344,-86.52712
902194279,2022,2,6,1500,Weekday,2-Car,No injury/unknown,DISREGARD SIGNAL/REG SIGN,1ST ST & FESS,39.159344,-86.525872
902268050,2022,7,1,1900,Weekday,2-Car,No injury/unknown,FAILURE TO YIELD RIGHT OF WAY,E 1ST ST & S FESS,39.159344,-86.525872
902319434,2022,10,4,1700,Weekday,2-Car,No injury/unknown,FAILURE TO YIELD RIGHT OF WAY,E 1ST & S WOODLAWN,39.159344,-86.52256
902309376,2022,10,3,800,Weekday,2-Car,No injury/unknown,FAILURE TO YIELD RIGHT OF WAY,1ST ST & HENDERSON,39.15932022,-86.52711418
902334536,2022,11,6,1600,Weekday,2-Car,No injury/unknown,FAILURE TO YIELD RIGHT OF WAY,S ROGERS,39.15931004,-86.538592
902280917,2022,8,6,1100,Weekday,2-Car,No injury/unknown,FAILURE TO YIELD RIGHT OF WAY,FIRST & HAWTHORNE LN,39.15928942,-86.52019435
902335571,2022,11,1,1800,Weekend,2-Car,No injury/unknown,FAILURE TO YIELD RIGHT OF WAY,1ST & JORDAN,39.15925987,-86.51637979
902188599,2022,2,4,1000,Weekday,2-Car,No injury/unknown,OTHER (DRIVER) - EXPLAIN IN NARRATIVE,SOUTH ROGERS ST,39.15916935,-86.53873063
902346599,2022,12,3,1800,Weekday,2-Car,No injury/unknown,UNSAFE BACKING,S BASSWOOD,39.1591318,-86.56706885
902362139,2022,12,2,2300,Weekday,2-Car,No injury/unknown,FOLLOWING TOO CLOSELY,1ST & WALNUT,39.15906934,-86.5336
902317566,2022,10,7,1000,Weekend,2-Car,No injury/unknown,OTHER (DRIVER) - EXPLAIN IN NARRATIVE,SO RANSOM,39.15904999,-86.55525207
902220673,2022,4,1,2000,Weekday,Cyclist,Non-incapacitating,FAILURE TO YIELD RIGHT OF WAY,SOUTH BASSWOOD DR,39.15904328,-86.56723044
902264030,2022,7,7,2100,Weekend,1-Car,No injury/unknown,ANIMAL/OBJECT IN ROADWAY,HENDRICK & SR46W,39.15888977,-86.66209685
902363671,2022,12,7,2200,Weekend,1-Car,No injury/unknown,UNSAFE BACKING,BASSWOOD,39.15883943,-86.56759188
902301066,2022,9,3,1300,Weekday,2-Car,No injury/unknown,UNSAFE BACKING,LIBERTY DR,39.15865326,-86.57491302
902200608,2022,3,2,1000,Weekday,2-Car,Incapacitating,FOLLOWING TOO CLOSELY,CURRY PIKE & DOYLE,39.1584893,-86.58275552
902233018,2022,5,4,1600,Weekday,2-Car,Non-incapacitating,OTHER (VEHICLE) - EXPLAIN IN NARRATIVE,W BLOOMFIELD RD,39.158448,-86.556992
902256390,2022,6,6,1700,Weekday,3+ Cars,Non-incapacitating,FOLLOWING TOO CLOSELY,BURKS & S WALNUT ST,39.15836229,-86.53136998
902363206,2022,12,4,1800,Weekday,2-Car,No injury/unknown,FAILURE TO YIELD RIGHT OF WAY,S CURRY & SR45,39.15835953,-86.58264923
902331683,2022,11,2,1200,Weekday,2-Car,No injury/unknown,FAILURE TO YIELD RIGHT OF WAY,CURRY & SR46W,39.15835953,-86.58264923
902260536,2022,7,5,1300,Weekday,1-Car,No injury/unknown,OTHER (VEHICLE) - EXPLAIN IN NARRATIVE,CURRY & SR46W,39.15835953,-86.58273581
902166714,2022,1,3,600,Weekday,2-Car,No injury/unknown,SPEED TOO FAST FOR WEATHER CONDITIONS,CURRY & SR46W,39.15835953,-86.58264923
902295940,2022,9,4,600,Weekday,2-Car,No injury/unknown,FOLLOWING TOO CLOSELY,CURRY & SR46W,39.15835953,-86.58264923
902320973,2022,10,7,1600,Weekend,2-Car,No injury/unknown,FOLLOWING TOO CLOSELY,CURRY & SR45W,39.15835953,-86.58264923
902233442,2022,5,5,1000,Weekday,2-Car,Non-incapacitating,DRIVER ILLNESS,CURRY & SR46E,39.15835953,-86.58256264
902322905,2022,10,2,1500,Weekday,2-Car,No injury/unknown,FAILURE TO YIELD RIGHT OF WAY,CURRY & DOYLE,39.158352,-86.582752
902355943,2022,12,4,1600,Weekday,2-Car,No injury/unknown,FAILURE TO YIELD RIGHT OF WAY,CURRY & DOYLE,39.158352,-86.582752
902292996,2022,9,1,1600,Weekend,2-Car,No injury/unknown,UNSAFE BACKING,S CURRY PIKE,39.15834137,-86.58275165
902278417,2022,8,1,1800,Weekend,3+ Cars,No injury/unknown,OTHER (DRIVER) - EXPLAIN IN NARRATIVE,E BUICK CADILLAC BLVD,39.15829763,-86.49601981
902302984,2022,9,5,1800,Weekday,2-Car,No injury/unknown,UNSAFE LANE MOVEMENT,3RD & CURRY PIKE,39.15829504,-86.58292002
902297405,2022,9,1,1000,Weekend,2-Car,No injury/unknown,OTHER (DRIVER) - EXPLAIN IN NARRATIVE,S BASSWOOD DR,39.15826008,-86.57061405
902211600,2022,4,3,2100,Weekday,2-Car,Non-incapacitating,FOLLOWING TOO CLOSELY,BUICK CADILLAC & S COLLEGE MALL RD,39.15816,-86.497792
902229762,2022,5,5,1400,Weekday,2-Car,No injury/unknown,FOLLOWING TOO CLOSELY,BUICK CADILLAC & COLLEGE MALL RD,39.15816,-86.497792
902255271,2022,6,4,1900,Weekday,2-Car,No injury/unknown,FAILURE TO YIELD RIGHT OF WAY,E BUICK CADILLAC & S COLLEGE MALL RD,39.15816,-86.497792
902315442,2022,10,5,1400,Weekday,2-Car,No injury/unknown,FOLLOWING TOO CLOSELY,BUICK CADILLAC & COLLEGE MALL,39.15816,-86.497792
902357509,2022,12,7,700,Weekend,2-Car,No injury/unknown,SPEED TOO FAST FOR WEATHER CONDITIONS,ANNA LEE & BLOOMFIELD,39.158144,-86.5576
902307417,2022,10,6,1400,Weekday,2-Car,No injury/unknown,FAILURE TO YIELD RIGHT OF WAY,S CURRY PIKE & W DOYLE AVE,39.15805019,-86.58264406
902205983,2022,3,4,1500,Weekday,1-Car,No injury/unknown,ANIMAL/OBJECT IN ROADWAY,FIELD STONE & SR48W,39.15802002,-86.60535987
902209380,2022,3,4,1600,Weekday,2-Car,No injury/unknown,IMPROPER LANE USAGE,1205 E MAXWELL LN & HAWTHRONE,39.158012,-86.51966965
902168832,2022,1,7,1000,Weekend,1-Car,No injury/unknown,ROADWAY SURFACE CONDITION,E MAXWELL LN,39.15788444,-86.51996622
902156614,2022,1,4,1100,Weekday,2-Car,No injury/unknown,OTHER (ENVIRONMENTAL) - EXPLAIN IN NARR,S BASSWOOD & SR45W,39.1578598,-86.57102966
902158838,2022,1,1,1200,Weekend,2-Car,No injury/unknown,,FESS AVE & MAXWELL,39.1578497,-86.52595996
902217521,2022,4,1,1600,Weekend,2-Car,No injury/unknown,FAILURE TO YIELD RIGHT OF WAY,E MAXWELL LN & MITCHELL,39.157824,-86.5136
902340498,2022,11,5,1500,Weekday,2-Car,No injury/unknown,IMPROPER PASSING,E MAXWELL & S WOODLAWN,39.15781014,-86.52269198
902333619,2022,11,5,1500,Weekday,Bus,No injury/unknown,IMPROPER TURNING,MAXWELL & S HIGH,39.157792,-86.508288
902211605,2022,4,3,1700,Weekday,2-Car,No injury/unknown,UNSAFE BACKING,S COLLEGE MALL RD,39.15779167,-86.49780376
902318595,2022,10,3,1200,Weekday,2-Car,No injury/unknown,UNSAFE BACKING,HIGHLAND & MAXWELL,39.15779002,-86.51771373
902248180,2022,6,4,1200,Weekday,2-Car,No injury/unknown,FAILURE TO YIELD RIGHT OF WAY,JORDAN & MAXWELL LN,39.15779002,-86.51635967
902192993,2022,2,4,1100,Weekday,1-Car,No injury/unknown,ANIMAL/OBJECT IN ROADWAY,DODDS ST & FAIRVIEW,39.157648,-86.540944
902214812,2022,4,3,1900,Weekday,2-Car,No injury/unknown,UNSAFE BACKING,DODDS ST & FAIRVIEW,39.157648,-86.540944
902363047,2022,12,4,1200,Weekday,2-Car,No injury/unknown,UNSAFE BACKING,S AUTO MALL,39.15757343,-86.496168
902324749,2022,10,6,1300,Weekday,1-Car,No injury/unknown,RAN OFF ROAD RIGHT,COLLEGE & DODDS,39.157568,-86.534896
902277674,2022,8,6,1600,Weekday,2-Car,No injury/unknown,FOLLOWING TOO CLOSELY,E BRIGHTON & S SMITH RD,39.157552,-86.480592
902308071,2022,10,7,1100,Weekend,2-Car,No injury/unknown,OTHER (DRIVER) - EXPLAIN IN NARRATIVE,EASTSIDE DR & MAXWELL,39.15754937,-86.51252331
902305765,2022,9,3,1500,Weekday,2-Car,No injury/unknown,UNSAFE BACKING,W BLOOMFIELD RD,39.15753253,-86.55889011
902226922,2022,5,6,1800,Weekday,2-Car,No injury/unknown,DRIVER DISTRACTED - EXPLAIN IN NARRATIVE,E GENTRY & SR446S,39.15744,-86.471456
902256547,2022,6,6,900,Weekday,Moped/Motorcycle,Non-incapacitating,DISREGARD SIGNAL/REG SIGN,DODDS & WASHINGTON AVE,39.15738031,-86.53243012
902229602,2022,5,4,1800,Weekday,2-Car,No injury/unknown,IMPROPER TURNING,WEST BLOOMFIELD RD,39.15736355,-86.55924953
902240715,2022,5,5,1200,Weekday,2-Car,No injury/unknown,OTHER (DRIVER) - EXPLAIN IN NARRATIVE,BLOOMFIELD & CORY LN,39.157248,-86.559792
902291199,2022,9,4,1400,Weekday,2-Car,No injury/unknown,FAILURE TO YIELD RIGHT OF WAY,S CORY LN & W BLOOMFIELD,39.157248,-86.559792
902236243,2022,5,3,1600,Weekday,2-Car,No injury/unknown,UNSAFE BACKING,DUNCASTER CT & GENTRY,39.15724021,-86.47490344
902269912,2022,7,4,1100,Weekday,2-Car,No injury/unknown,FOLLOWING TOO CLOSELY,BLOOMFIELD RD & CORY,39.15710002,-86.55969658
902189632,2022,1,4,1800,Weekday,2-Car,Non-incapacitating,FAILURE TO YIELD RIGHT OF WAY,S CURRY PIKE & W GIFFORD,39.156896,-86.582704
902190253,2022,2,6,1200,Weekday,2-Car,No injury/unknown,DISREGARD SIGNAL/REG SIGN,CURRY PIKE & GIFFORD,39.156896,-86.582704
902251510,2022,6,2,1600,Weekday,2-Car,No injury/unknown,FOLLOWING TOO CLOSELY,GIFFORD & S CURRY PIKE,39.156896,-86.582704
902291587,2022,9,3,1700,Weekday,2-Car,No injury/unknown,FOLLOWING TOO CLOSELY,CURRY PIKE & GIFFORD,39.156896,-86.582704
902291837,2022,8,6,1500,Weekday,1-Car,No injury/unknown,OTHER (DRIVER) - EXPLAIN IN NARRATIVE,1425 S CURRY PIKE & W GIFFORD,39.156896,-86.582704
902303384,2022,9,6,900,Weekday,2-Car,Non-incapacitating,FOLLOWING TOO CLOSELY,CURRY PIKE & GIFFORD,39.156896,-86.582704
902355940,2022,12,4,1500,Weekday,2-Car,No injury/unknown,UNSAFE LANE MOVEMENT,S CURRY & W GIFFORD,39.156896,-86.582704
902332732,2022,1,4,1800,Weekday,1-Car,Non-incapacitating,FAILURE TO YIELD RIGHT OF WAY,S CURRY & W GIFFORD,39.156896,-86.582704
902222187,2022,4,4,900,Weekday,2-Car,No injury/unknown,WRONG WAY ON ONE WAY,PAPER BIRCH & WOODSIDE DR,39.15685996,-86.59123018
902300555,2022,9,1,2300,Weekday,2-Car,No injury/unknown,UNSAFE BACKING,GOODNIGHT WAY,39.15676542,-86.49204611
902244540,2022,6,5,600,Weekday,2-Car,No injury/unknown,FAILURE TO YIELD RIGHT OF WAY,DIXIE & FAIRVIEW ST,39.156752,-86.540976
902264919,2022,7,2,2100,Weekday,1-Car,No injury/unknown,SPEED TOO FAST FOR WEATHER CONDITIONS,BASSWOOD DR & COPPER BEECH,39.15669031,-86.57108008
902157808,2022,1,7,2000,Weekend,2-Car,No injury/unknown,OTHER (DRIVER) - EXPLAIN IN NARRATIVE,DIXIE & ROGERS ST,39.15664,-86.538592
902353783,2022,12,7,2100,Weekend,3+ Cars,Non-incapacitating,UNSAFE LANE MOVEMENT,DIXIE & FAIRVIEW,39.15657029,-86.54104142
902328261,2022,11,3,1900,Weekday,Pedestrian,No injury/unknown,,E DIXIE & S WALNUT,39.156544,-86.5336
902291643,2022,9,5,1400,Weekday,2-Car,No injury/unknown,,E DIXIE ST & S WALNUT,39.15648982,-86.53365711
902357507,2022,12,7,800,Weekend,1-Car,No injury/unknown,OVERCORRECTING/OVERSTEERING,MCCARTNEY & SARE,39.15645912,-86.49749972
902357985,2022,12,1,1200,Weekend,2-Car,No injury/unknown,FAILURE TO YIELD RIGHT OF WAY,E GOODNIGHT & E STRATUM,39.15633023,-86.4943897
902339061,2022,11,5,900,Weekday,1-Car,No injury/unknown,UNSAFE SPEED,GOODNIGHT & STRATUM,39.15633023,-86.4943897
902188575,2022,2,4,800,Weekday,1-Car,Non-incapacitating,RAN OFF ROAD RIGHT,CURRY & GIFFORD RD,39.15632673,-86.58369893
902230033,2022,5,6,1000,Weekday,2-Car,No injury/unknown,FAILURE TO YIELD RIGHT OF WAY,ALLEN & BLOOMFIELD RD,39.156144,-86.561296
902355268,2022,12,3,1100,Weekday,1-Car,No injury/unknown,RAN OFF ROAD RIGHT,E SHERIDAN & S WOODLAWN,39.156144,-86.522528
902199102,2022,3,6,2300,Weekend,1-Car,No injury/unknown,ANIMAL/OBJECT IN ROADWAY,S ADAMS & W ALLEN ST,39.155952,-86.550592
902209999,2022,3,7,1000,Weekend,3+ Cars,No injury/unknown,RAN OFF ROAD RIGHT,3RD & JORDAN AVE,39.1558007,-86.5163999
902195944,2022,3,2,1400,Weekday,1-Car,No injury/unknown,RAN OFF ROAD RIGHT,ALLEN & ROGERS ST,39.155776,-86.538592
902176963,2022,2,3,1700,Weekday,1-Car,No injury/unknown,SPEED TOO FAST FOR WEATHER CONDITIONS,S LARKSPUR & W ALLEN ST,39.1557502,-86.54797017
902227458,2022,5,1,1300,Weekend,1-Car,No injury/unknown,RAN OFF ROAD RIGHT,ALLEN ST & LAKESPUR,39.1557502,-86.54797017
902269233,2022,7,3,1400,Weekday,2-Car,No injury/unknown,FAILURE TO YIELD RIGHT OF WAY,STRONG & W ALLEN ST,39.15565029,-86.54431103
902222963,2022,4,5,1700,Weekday,2-Car,No injury/unknown,,ALLEN ST & WALNUT,39.155648,-86.5336
902298618,2022,9,4,1700,Weekday,2-Car,No injury/unknown,DISREGARD SIGNAL/REG SIGN,S PATTERSON DR & W ALLEN,39.15563316,-86.54330176
902211286,2022,4,3,800,Weekday,2-Car,No injury/unknown,FOLLOWING TOO CLOSELY,ALLEN & PATTERSON ST,39.15563017,-86.54330983
902306599,2022,10,5,1000,Weekday,2-Car,No injury/unknown,TIRE FAILURE OR DEFECTIVE,ALLEN ST & PATTERSON,39.15563017,-86.54330983
902307173,2022,10,6,800,Weekday,3+ Cars,No injury/unknown,FOLLOWING TOO CLOSELY,ALLEN & PATTERSON DR,39.15563017,-86.54330983
902331723,2022,11,3,700,Weekday,Bus,No injury/unknown,IMPROPER TURNING,ALLEN & ROGERS,39.15558994,-86.53874002
902207092,2022,3,6,1600,Weekday,2-Car,No injury/unknown,UNSAFE BACKING,CURRY PIKE,39.15556717,-86.58029937
902230291,2022,5,4,1500,Weekday,2-Car,No injury/unknown,DRIVER DISTRACTED - EXPLAIN IN NARRATIVE,SOUTH CURRY PIKE ROAD RD,39.15556717,-86.58029937
902295317,2022,9,5,1700,Weekday,2-Car,Non-incapacitating,FOLLOWING TOO CLOSELY,LAKE CREST & W BLOOMFIELD,39.15547264,-86.56245947
902340395,2022,11,7,700,Weekend,1-Car,No injury/unknown,ANIMAL/OBJECT IN ROADWAY,LAKECREST & W BLOOMFIELD,39.15544,-86.562192
902157628,2022,1,7,600,Weekend,1-Car,No injury/unknown,RAN OFF ROAD RIGHT,BLOOMFIELD RD & LAKE CREST,39.15543973,-86.56249537
902151154,2022,1,5,1700,Weekday,2-Car,No injury/unknown,ROADWAY SURFACE CONDITION,COVENANTER DR & STRATUM,39.15535994,-86.4944257
902310382,2022,10,4,1400,Weekday,2-Car,No injury/unknown,UNSAFE BACKING,E COVENANTER DR,39.155344,-86.503088
902320786,2022,10,6,1800,Weekday,2-Car,No injury/unknown,,E COVENANTER,39.155344,-86.503088
902347538,2022,12,5,1200,Weekday,1-Car,No injury/unknown,OTHER (DRIVER) - EXPLAIN IN NARRATIVE,E COVENANTER,39.155344,-86.503088
902333641,2022,11,3,700,Weekday,2-Car,No injury/unknown,,WEST ALDER,39.15534183,-86.57057382
902214588,2022,4,3,1100,Weekday,2-Car,No injury/unknown,FAILURE TO YIELD RIGHT OF WAY,COLLEGE MALL & COVENANTER DR,39.15518023,-86.4977441
902201822,2022,3,4,1400,Weekday,2-Car,No injury/unknown,DRIVER DISTRACTED - EXPLAIN IN NARRATIVE,COLLEGE MALL & COVENANTER DR,39.155152,-86.497888
902218902,2022,4,4,1500,Weekday,2-Car,No injury/unknown,FAILURE TO YIELD RIGHT OF WAY,COVENANTER & S COLLEGE MALL RD,39.155152,-86.497888
902313668,2022,10,3,700,Weekday,1-Car,No injury/unknown,RAN OFF ROAD RIGHT,COLLEGE MALL RD & COVENANTER,39.155152,-86.497888
902334280,2022,11,6,1200,Weekday,Bus,No injury/unknown,FOLLOWING TOO CLOSELY,E COVENANTER & S COLLEGE MALL,39.155152,-86.497888
902347245,2022,12,4,1700,Weekday,3+ Cars,Non-incapacitating,FOLLOWING TOO CLOSELY,COVENANTER & S COLLEGE MALL,39.155152,-86.497888
902350186,2022,12,2,1600,Weekday,2-Car,No injury/unknown,FAILURE TO YIELD RIGHT OF WAY,E COVENANTER & S COLLEGE MALL,39.155152,-86.497888
902149958,2022,1,4,1400,Weekday,2-Car,No injury/unknown,UNSAFE BACKING,BEDROCK & BUCKSKIN CT,39.15511988,-86.60295722