Master Record Number,Year,Month,Day,Hour,Weekend,Collision Type,Injury Type,Primary Factor,Reported_Location,Latitude,Longitude
902212212,2022,4,5,900,Weekday,2-Car,No injury/unknown,UNSAFE BACKING,COPPER BEECH WAY,39.15504679,-86.57064892
902232743,2022,5,4,900,Weekday,3+ Cars,No injury/unknown,FOLLOWING TOO CLOSELY,E BUICK CADILLAC & SO COLLEGE MALL RD,39.15494099,-86.49789042
902317424,2022,10,2,900,Weekday,2-Car,No injury/unknown,UNSAFE BACKING,CHERRY ORCHARD,39.15483288,-86.58920913
902206651,2022,3,6,1700,Weekday,2-Car,No injury/unknown,OTHER (DRIVER) - EXPLAIN IN NARRATIVE,CHERRY ORCHARD CT & WOODSIDE,39.154784,-86.588832
902310504,2022,10,4,2000,Weekday,2-Car,No injury/unknown,FOLLOWING TOO CLOSELY,COLLEGE MALL RD & COVENANTER,39.15460275,-86.49787712
902179389,2022,2,5,1600,Weekday,3+ Cars,No injury/unknown,FOLLOWING TOO CLOSELY,FRIENDSHIP & SR46E,39.15458656,-86.40717739
902265954,2022,7,4,1400,Weekday,2-Car,Non-incapacitating,FAILURE TO YIELD RIGHT OF WAY,FENBROOK & SMITH RD,39.15453985,-86.48059979
902261299,2022,7,2,1800,Weekday,1-Car,No injury/unknown,DRIVER DISTRACTED - EXPLAIN IN NARRATIVE,S FENBROOK LN & SMITH,39.15453985,-86.48016738
902171444,2022,1,1,700,Weekend,1-Car,No injury/unknown,SPEED TOO FAST FOR WEATHER CONDITIONS,GIFFORD RD & PARK SQUARE,39.154448,-86.591696
902212030,2022,4,3,2000,Weekday,Pedestrian,Non-incapacitating,RAN OFF ROAD RIGHT,PARK SQUARE & W GIFFORD RD,39.154448,-86.591696
902295919,2022,9,6,1600,Weekday,2-Car,No injury/unknown,FOLLOWING TOO CLOSELY,GIFFORD RD & PARK SQUARE,39.154448,-86.591696
902296461,2022,9,6,1300,Weekday,2-Car,No injury/unknown,UNSAFE BACKING,S CLARIZZ BLVD,39.15442787,-86.49078615
902152045,2022,1,6,1600,Weekday,2-Car,Non-incapacitating,FAILURE TO YIELD RIGHT OF WAY,E DAVIS & S WALNUT ST,39.154352,-86.5336
902215848,2022,4,5,1700,Weekday,2-Car,No injury/unknown,FAILURE TO YIELD RIGHT OF WAY,DAVIS & WALNUT ST,39.154352,-86.5336
902229176,2022,5,4,1500,Weekday,2-Car,No injury/unknown,UNSAFE LANE MOVEMENT,DAVIS & WALNUT ST,39.154352,-86.5336
902259016,2022,7,4,1700,Weekday,2-Car,No injury/unknown,FOLLOWING TOO CLOSELY,E DAVIS & S WALNUT ST,39.154352,-86.5336
902196864,2022,3,3,1700,Weekday,2-Car,No injury/unknown,FAILURE TO YIELD RIGHT OF WAY,DAVIS & WASHINGTON ST,39.154352,-86.5324
902188518,2022,2,4,700,Weekday,2-Car,Fatal,LEFT OF CENTER,OLD SR 46 & SR46E,39.15433121,-86.40343677
902213042,2022,4,6,1300,Weekday,2-Car,No injury/unknown,OTHER (DRIVER) - EXPLAIN IN NARRATIVE,S COLLEGE MALL RD,39.15430272,-86.49787118
902292437,2022,9,7,1200,Weekend,2-Car,No injury/unknown,UNSAFE BACKING,SO COLLEGE MALL RD,39.15427029,-86.49764657
902288552,2022,8,6,1500,Weekday,2-Car,No injury/unknown,IMPROPER TURNING,S COLLEGE MALL RD,39.15427029,-86.49764657
902208596,2022,3,3,2200,Weekday,2-Car,Incapacitating,LEFT OF CENTER,S WEIMER & W BLOOMFIELD RD,39.15424012,-86.56434975
902195586,2022,3,2,700,Weekday,1-Car,Incapacitating,SPEED TOO FAST FOR WEATHER CONDITIONS,BLOOMFIELD RD & WEIMER,39.15424012,-86.56432378
902160664,2022,1,5,700,Weekday,2-Car,No injury/unknown,FOLLOWING TOO CLOSELY,WEIMER & WEST BLOOMFIELD RD,39.15422924,-86.56425457
902215911,2022,4,5,2200,Weekday,2-Car,No injury/unknown,OTHER (DRIVER) - EXPLAIN IN NARRATIVE,S COLLEGE MALL RD,39.15412578,-86.49786768
902310448,2022,10,3,1800,Weekday,2-Car,No injury/unknown,IMPROPER TURNING,S COLLEGE MALL RD,39.15412578,-86.49786768
902316629,2022,10,7,1500,Weekend,2-Car,No injury/unknown,OTHER (DRIVER) - EXPLAIN IN NARRATIVE,S COLLEGE MALL,39.15412578,-86.49786768
902342717,2022,11,2,1500,Weekday,2-Car,No injury/unknown,UNSAFE BACKING,S COLLEGE MALL,39.15412578,-86.49786768
902169208,2022,1,7,1700,Weekend,2-Car,No injury/unknown,SPEED TOO FAST FOR WEATHER CONDITIONS,WEATHERSTONE & WOODLAWN AVE,39.15411003,-86.52264006
902284509,2022,8,6,1000,Weekday,2-Car,No injury/unknown,UNSAFE BACKING,W BLOOMFIELD RD,39.15394373,-86.56493045
902224730,2022,4,2,1600,Weekday,2-Car,No injury/unknown,UNSAFE BACKING,S ROGERS ST,39.153936,-86.538592
902153998,2022,1,5,1000,Weekday,1-Car,No injury/unknown,SPEED TOO FAST FOR WEATHER CONDITIONS,FRIENDSHIP & SR46,39.15390039,-86.40687956
902288706,2022,8,7,100,Weekend,1-Car,No injury/unknown,OTHER (DRIVER) - EXPLAIN IN NARRATIVE,GRIMES & MORTON ST,39.15385199,-86.536304
902331114,2022,11,2,800,Weekday,2-Car,Non-incapacitating,FOLLOWING TOO CLOSELY,FAIRVIEW & PATTERSON,39.15382974,-86.5411206
902199627,2022,3,1,1600,Weekend,2-Car,Non-incapacitating,FOLLOWING TOO CLOSELY,S FAIRVEIW & S PATTERSON DR,39.15382974,-86.5410903
902210983,2022,3,2,1300,Weekday,2-Car,No injury/unknown,FOLLOWING TOO CLOSELY,S ROGERS & W PATTERSON DR,39.15379296,-86.53875218
902185670,2022,2,1,900,Weekend,2-Car,No injury/unknown,DISREGARD SIGNAL/REG SIGN,PATTERSON & ROGERS ST,39.15379018,-86.53875008
902352020,2022,12,4,1800,Weekday,2-Car,No injury/unknown,FOLLOWING TOO CLOSELY,PATTERSON & SOUTH ROGERS,39.15379018,-86.53875008
902152112,2022,1,6,1700,Weekday,2-Car,Non-incapacitating,FOLLOWING TOO CLOSELY,PATTERSON DR & ROGERS,39.15379018,-86.53875008
902265561,2022,7,3,1700,Weekday,2-Car,Non-incapacitating,FAILURE TO YIELD RIGHT OF WAY,PATTERSON & ROGERS ST,39.15379018,-86.53875008
902276206,2022,8,4,800,Weekday,2-Car,No injury/unknown,UNSAFE LANE MOVEMENT,S ROGERS ST & W PATTERSON,39.15379018,-86.53875008
902319363,2022,10,4,1800,Weekday,2-Car,No injury/unknown,DISREGARD SIGNAL/REG SIGN,PATTERSON & ROGERS,39.15379018,-86.53875008
902316158,2022,10,6,1700,Weekday,Moped/Motorcycle,Non-incapacitating,OTHER (VEHICLE) - EXPLAIN IN NARRATIVE,BLOOMFIELD & WEIMER,39.15377468,-86.56501979
902275016,2022,8,2,700,Weekday,2-Car,No injury/unknown,FAILURE TO YIELD RIGHT OF WAY,COLLEGE MALL RD & THIRD,39.15366572,-86.49827018
902150469,2022,1,5,600,Weekday,2-Car,Non-incapacitating,SPEED TOO FAST FOR WEATHER CONDITIONS,LIBERTY & SR45W,39.15365982,-86.57530975
902213281,2022,4,7,1100,Weekend,2-Car,No injury/unknown,UNSAFE BACKING,S COLLEGE MALL RD,39.15365396,-86.49785834
902242375,2022,6,1,1500,Weekend,Moped/Motorcycle,Non-incapacitating,FOLLOWING TOO CLOSELY,BRUMMETTS CREEK & SR46E,39.15360838,-86.39414368
902194544,2022,3,7,1200,Weekend,2-Car,No injury/unknown,UNSAFE BACKING,S COLLEGE MALL RD,39.153536,-86.497856
902183263,2022,2,3,1600,Weekday,2-Car,No injury/unknown,FAILURE TO YIELD RIGHT OF WAY,S CURRY PIKE & W HERITAGE,39.153504,-86.58272
902343746,2022,11,2,1700,Weekday,2-Car,No injury/unknown,IMPROPER PASSING,S CURRY,39.15344974,-86.58271791
902293738,2022,9,2,2200,Weekday,1-Car,No injury/unknown,ANIMAL/OBJECT IN ROADWAY,KENT & SR46E,39.1534483,-86.39383017
902289434,2022,8,1,1300,Weekend,2-Car,No injury/unknown,FOLLOWING TOO CLOSELY,GRIMES LN & WALNUT,39.15344,-86.53395276
902170020,2022,1,2,100,Weekday,1-Car,No injury/unknown,RAN OFF ROAD RIGHT,GRIMES LN & MORTON,39.15344,-86.536304
902205653,2022,3,4,1500,Weekday,2-Car,No injury/unknown,,W GRIMES LN,39.15344,-86.53511837
902152528,2022,1,6,1300,Weekday,2-Car,No injury/unknown,FOLLOWING TOO CLOSELY,GRIMES & WALNUT ST,39.15344,-86.5336
902157671,2022,1,6,1400,Weekday,2-Car,No injury/unknown,FOLLOWING TOO CLOSELY,GRIMES & WALNUT ST,39.15344,-86.5336
902193782,2022,2,5,1700,Weekday,3+ Cars,Non-incapacitating,FOLLOWING TOO CLOSELY,GRIMES & WALNUT ST,39.15344,-86.5336
902195436,2022,3,2,600,Weekday,2-Car,No injury/unknown,FAILURE TO YIELD RIGHT OF WAY,GRIMES & S WALNUT ST,39.15344,-86.5336
902209304,2022,3,5,1400,Weekday,2-Car,No injury/unknown,UNSAFE LANE MOVEMENT,GRIMES AVE & WALNUT,39.15344,-86.5336
902209960,2022,3,7,700,Weekend,2-Car,Non-incapacitating,DISREGARD SIGNAL/REG SIGN,GRIMES & WALNUT ST,39.15344,-86.5336
902222062,2022,4,4,700,Weekday,2-Car,No injury/unknown,FAILURE TO YIELD RIGHT OF WAY,E GRIMES LN & S WALNUT,39.15344,-86.5336
902228694,2022,5,3,2000,Weekday,Moped/Motorcycle,Incapacitating,FAILURE TO YIELD RIGHT OF WAY,GRIMES & WALNUT ST,39.15344,-86.5336
902238265,2022,5,7,1500,Weekend,2-Car,No injury/unknown,IMPROPER TURNING,GRIMES & S WALNUT ST,39.15344,-86.5336
902245047,2022,6,6,800,Weekday,Cyclist,Non-incapacitating,FAILURE TO YIELD RIGHT OF WAY,GRIMES & S WALNUT ST,39.15344,-86.5336
902261249,2022,7,2,1700,Weekday,3+ Cars,Non-incapacitating,FAILURE TO YIELD RIGHT OF WAY,GRIMES & S WALNUT ST,39.15344,-86.5336
902271052,2022,7,7,1500,Weekend,2-Car,No injury/unknown,FOLLOWING TOO CLOSELY,E GRIMES LN & S WALNUT,39.15344,-86.5336
902315912,2022,10,6,1200,Weekday,2-Car,No injury/unknown,FAILURE TO YIELD RIGHT OF WAY,E GRIMES & S WALNUT,39.15344,-86.5336
902276478,2022,8,4,1500,Weekday,2-Car,No injury/unknown,DISREGARD SIGNAL/REG SIGN,GRIMES & WASHINGTON ST,39.15344,-86.5324
902347724,2022,12,2,2000,Weekday,2-Car,No injury/unknown,IMPROPER TURNING,GRIMES & WASHINGTON,39.15344,-86.5324
902311913,2022,10,7,0,Weekend,2-Car,No injury/unknown,,E COVENANTER RD,39.15342204,-86.491279
902159358,2022,1,3,900,Weekday,2-Car,No injury/unknown,FAILURE TO YIELD RIGHT OF WAY,E GRIMES & S HENDERSON ST,39.153392,-86.527008
902194212,2022,2,6,400,Weekday,2-Car,No injury/unknown,UNSAFE LANE MOVEMENT,GRIMES & PARK AVE,39.15336,-86.5236
902252318,2022,6,5,2300,Weekday,2-Car,No injury/unknown,IMPROPER LANE USAGE,S WALNUT & W GRIMES ST,39.15335029,-86.53371021
902269497,2022,7,4,900,Weekday,2-Car,No injury/unknown,FOLLOWING TOO CLOSELY,GRIMES & WALNUT ST,39.15335029,-86.53371021
902283051,2022,8,3,1700,Weekday,2-Car,No injury/unknown,IMPROPER TURNING,GRIMES & S WOODLAWN AVE,39.153344,-86.522512
902300744,2022,9,2,800,Weekday,2-Car,No injury/unknown,FAILURE TO YIELD RIGHT OF WAY,GRIMES & WOODLAWN AVE,39.153344,-86.522512
902247216,2022,6,3,1100,Weekday,2-Car,No injury/unknown,DRIVER DISTRACTED - EXPLAIN IN NARRATIVE,GRIMES LN & WASHINGTON,39.15334024,-86.5324898
902287502,2022,8,4,1600,Weekday,2-Car,No injury/unknown,OTHER (DRIVER) - EXPLAIN IN NARRATIVE,WEST GRIMES LN,39.15331744,-86.53535507
902256420,2022,6,6,1900,Weekend,2-Car,Non-incapacitating,FOLLOWING TOO CLOSELY,MEADOW CREEK & SARE RD,39.15331167,-86.49999015
902184869,2022,2,6,1600,Weekday,Bus,No injury/unknown,ROADWAY SURFACE CONDITION,GRIMES & HENDERSON ST,39.1533,-86.52696982
902240532,2022,5,4,1300,Weekday,2-Car,No injury/unknown,IMPROPER LANE USAGE,GRIMES & WALNUT ST,39.15316534,-86.5336
902290194,2022,8,7,0,Weekend,2-Car,No injury/unknown,UNSAFE BACKING,S FENBROOK LN,39.15300764,-86.48527219
902338303,2022,11,4,700,Weekday,2-Car,No injury/unknown,FAILURE TO YIELD RIGHT OF WAY,S PATTERSON,39.15296173,-86.54312897
902250644,2022,6,2,1400,Weekday,2-Car,No injury/unknown,OTHER (VEHICLE) - EXPLAIN IN NARRATIVE,S COLLEGE MALL RD,39.15289614,-86.49788584
902224780,2022,4,2,2200,Weekday,1-Car,No injury/unknown,RAN OFF ROAD RIGHT,GARRISON CHAPEL RD & RICE,39.15283437,-86.64413512
902302292,2022,9,4,1500,Weekday,2-Car,Non-incapacitating,OTHER (DRIVER) - EXPLAIN IN NARRATIVE,SR37S,39.15270883,-86.573301
902299942,2022,9,6,1200,Weekday,2-Car,No injury/unknown,IMPROPER LANE USAGE,S CLARIZZ BLVD,39.152634,-86.492729
902358225,2022,12,7,1600,Weekend,2-Car,No injury/unknown,UNSAFE SPEED,S CLARIZZ  APT L,39.15263367,-86.49272919
902334209,2022,11,6,900,Weekday,2-Car,No injury/unknown,,CLARIZZ,39.15263367,-86.49272919
902210022,2022,3,6,1500,Weekday,Moped/Motorcycle,Non-incapacitating,UNSAFE SPEED,S CLARIZZ BLVD,39.15263367,-86.49272918
902222941,2022,4,5,1800,Weekday,2-Car,No injury/unknown,UNSAFE BACKING,S CLARIZZ BLVD,39.15263367,-86.49272918
902193815,2022,2,5,1700,Weekday,2-Car,No injury/unknown,FAILURE TO YIELD RIGHT OF WAY,E DRISCOLL DR & S DUNN,39.152544,-86.528
902301651,2022,9,3,1500,Weekday,2-Car,No injury/unknown,UNSAFE BACKING,CLARIZZ & COVENANTER DR,39.15246986,-86.49054588
902248042,2022,6,4,1600,Weekday,2-Car,No injury/unknown,UNSAFE BACKING,S BASSWOOD CIR,39.15245511,-86.57238028
902195069,2022,2,6,1400,Weekday,2-Car,No injury/unknown,FAILURE TO YIELD RIGHT OF WAY,CURRY PIKE & SIERRA,39.1524,-86.582704
902324748,2022,10,6,1300,Weekday,2-Car,No injury/unknown,UNSAFE BACKING,CURRY & SIERRA,39.1524,-86.582704
902303790,2022,9,6,1200,Weekday,2-Car,No injury/unknown,UNSAFE BACKING,CURRY & SIERRA DR,39.1524,-86.582704
902289581,2022,9,2,1400,Weekday,2-Car,Non-incapacitating,FAILURE TO YIELD RIGHT OF WAY,SOUTH WALNUT ST & WEST MONON,39.15224,-86.5336
902335460,2022,11,1,300,Weekend,2-Car,No injury/unknown,ANIMAL/OBJECT IN ROADWAY,COBBLEFIELD & WEATHERSTONE,39.15215001,-86.51912972
902277361,2022,8,3,1700,Weekday,3+ Cars,No injury/unknown,FOLLOWING TOO CLOSELY,COLLEGE MALL RD & MOORES,39.15209485,-86.49792321
902203616,2022,3,7,1900,Weekend,1-Car,No injury/unknown,RAN OFF ROAD RIGHT,E BRENDA LN & HENDERSON ST,39.151952,-86.526976
902302140,2022,9,4,1000,Weekday,2-Car,No injury/unknown,UNSAFE BACKING,1400 S BRENDA LN & S FESS,39.151952,-86.525888
902338569,2022,11,4,1300,Weekday,2-Car,No injury/unknown,FOLLOWING TOO CLOSELY,E BRENDA & S HENDERSON,39.15182009,-86.5269497
902159469,2022,1,3,1600,Weekday,1-Car,No injury/unknown,RAN OFF ROAD RIGHT,S ROGERS ST & W COLLIDGE,39.15180825,-86.53880976
902326919,2022,11,2,1800,Weekday,1-Car,Non-incapacitating,RAN OFF ROAD RIGHT,SOUTH ROGERS & WEST WILSON,39.151744,-86.538592
902150220,2022,1,5,700,Weekday,2-Car,No injury/unknown,LEFT OF CENTER,E WILSON & S WALNUT ST,39.151648,-86.5336
902152052,2022,1,6,1400,Weekday,2-Car,No injury/unknown,FOLLOWING TOO CLOSELY,E WILSON & S WALNUT ST,39.151648,-86.5336
902194409,2022,2,6,1600,Weekday,Bus,No injury/unknown,IMPROPER PASSING,SOUTH BRENDA ST,39.15163301,-86.52554757
902199007,2022,3,4,1700,Weekday,1-Car,No injury/unknown,,SOUTH PARK AVE,39.151552,-86.523664
902345313,2022,11,5,1200,Weekday,2-Car,No injury/unknown,FAILURE TO YIELD RIGHT OF WAY,N BRUMMETTS CREEK & SR46E,39.151552,-86.389584
902334488,2022,11,6,1400,Weekday,2-Car,No injury/unknown,UNSAFE LANE MOVEMENT,BASSWOOD & SR45W,39.15153122,-86.572258
902231123,2022,5,1,1900,Weekday,1-Car,No injury/unknown,ANIMAL/OBJECT IN ROADWAY,HIGH ST & HILLSIDE,39.15136797,-86.508288
902210456,2022,3,6,1700,Weekday,1-Car,No injury/unknown,OTHER (DRIVER) - EXPLAIN IN NARRATIVE,W GIFFORD RD,39.15135684,-86.59828575
902244405,2022,6,5,100,Weekday,1-Car,Non-incapacitating,RAN OFF ROAD RIGHT,LARRY WAYNE & SMITH RDS,39.15132801,-86.48037984
902259508,2022,7,5,1500,Weekday,2-Car,No injury/unknown,FAILURE TO YIELD RIGHT OF WAY,CONSTITUTION & CURRY PIKE,39.15127024,-86.58262029
902230210,2022,4,1,1700,Weekend,2-Car,No injury/unknown,UNSAFE BACKING,CURRY & LAMPLIGHTER MALL CT,39.151248,-86.582704
902254293,2022,6,3,2100,Weekday,3+ Cars,No injury/unknown,DRIVER ILLNESS,S COLLEGE MALL RD,39.151184,-86.496292
902336279,2022,11,2,700,Weekday,1-Car,No injury/unknown,RAN OFF ROAD RIGHT,CURRY PIKE,39.15113278,-86.58256263
902283412,2022,8,4,1200,Weekday,2-Car,No injury/unknown,UNSAFE BACKING,FENBROOK LN,39.15075526,-86.48635312
902163387,2022,1,7,2100,Weekend,2-Car,No injury/unknown,SPEED TOO FAST FOR WEATHER CONDITIONS,HILLSIDE & WOODLAWN AVE,39.15072,-86.522496
902172633,2022,1,4,1400,Weekday,2-Car,Non-incapacitating,DISREGARD SIGNAL/REG SIGN,HILLSIDE DR & WOODLAWN,39.15072,-86.522496
902273119,2022,7,3,900,Weekday,2-Car,No injury/unknown,FAILURE TO YIELD RIGHT OF WAY,BASSWOOD & BASSWOOD DR,39.15070027,-86.57144017
902254190,2022,6,2,1800,Weekday,3+ Cars,Non-incapacitating,FOLLOWING TOO CLOSELY,600 BLK E HILLSIDE DR & HENDERSON,39.15067858,-86.52590322
902212532,2022,4,5,1300,Weekday,2-Car,No injury/unknown,FOLLOWING TOO CLOSELY,E HILLSIDE DR & OLIVE,39.150656,-86.5188
902174528,2022,2,7,1500,Weekend,2-Car,Non-incapacitating,FOLLOWING TOO CLOSELY,S ROGERS ST & W HILLSIDE,39.15064,-86.538592
902296124,2022,5,6,1100,Weekday,1-Car,Non-incapacitating,RAN OFF ROAD RIGHT,HILLSIDE & S ROGERS ST,39.15064,-86.538592
902196405,2022,3,3,700,Weekday,Bus,No injury/unknown,DISREGARD SIGNAL/REG SIGN,HILLSIDE & S HENDERSON ST,39.15064,-86.52696
902228692,2022,5,3,1700,Weekday,2-Car,No injury/unknown,FOLLOWING TOO CLOSELY,E HILLSIDE DR & S HENDERSON,39.15064,-86.52696
902239397,2022,5,3,1100,Weekday,2-Car,No injury/unknown,UNSAFE BACKING,E HILLSIDE DR & S HENDERSON,39.15064,-86.52696
902296125,2022,9,7,1300,Weekend,2-Car,No injury/unknown,FAILURE TO YIELD RIGHT OF WAY,E HILLSIDE DR & S HENDERSON,39.15064,-86.52696
902197152,2022,3,4,800,Weekday,2-Car,Non-incapacitating,FOLLOWING TOO CLOSELY,HENDERSON & HILLSIDE DR,39.15063737,-86.52713634
902182455,2022,2,3,1800,Weekday,2-Car,No injury/unknown,FAILURE TO YIELD RIGHT OF WAY,HILLSIDE DR & PALMER,39.150608,-86.529104
902248163,2022,6,4,1200,Weekday,2-Car,No injury/unknown,UNSAFE BACKING,E HILLSIDE DR,39.150608,-86.529104
902274411,2022,8,7,1500,Weekend,1-Car,No injury/unknown,UNSAFE LANE MOVEMENT,E HILLSIDE DR & S MAXWELL,39.150576,-86.515088
902339757,2022,11,6,800,Weekday,2-Car,No injury/unknown,FAILURE TO YIELD RIGHT OF WAY,HENDERSON & HILLSIDE,39.15056013,-86.52691014
902288822,2022,8,7,1100,Weekend,2-Car,No injury/unknown,SPEED TOO FAST FOR WEATHER CONDITIONS,HENDERSON & HILLSIDE DR,39.15056013,-86.52691446
902213437,2022,4,7,1400,Weekend,2-Car,Non-incapacitating,FOLLOWING TOO CLOSELY,E HILLSIDE ST & S HENDERSON,39.15056013,-86.52691014
902171443,2022,1,3,800,Weekday,3+ Cars,No injury/unknown,FAILURE TO YIELD RIGHT OF WAY,HIGHLAND & HILLSIDE DR,39.15055007,-86.51695981
902323551,2022,10,4,1900,Weekday,1-Car,No injury/unknown,ANIMAL/OBJECT IN ROADWAY,DORCHESTER & HILLSIDE,39.15054508,-86.51365021
902243936,2022,6,4,700,Weekday,2-Car,No injury/unknown,FOLLOWING TOO CLOSELY,HILLSIDE & WALNUT ST,39.150544,-86.5336
902291200,2022,9,4,1500,Weekday,2-Car,No injury/unknown,FAILURE TO YIELD RIGHT OF WAY,E HILLSIDE & S WALNUT ST,39.150544,-86.5336
902291219,2022,9,4,2000,Weekday,Pedestrian,Non-incapacitating,DISREGARD SIGNAL/REG SIGN,HILLSIDE DR & WALNUT,39.150544,-86.5336
902301771,2022,9,2,1700,Weekday,2-Car,No injury/unknown,UNSAFE LANE MOVEMENT,HILLSIDE & WALNUT,39.150544,-86.5336
902339184,2022,11,5,1300,Weekday,2-Car,Non-incapacitating,FOLLOWING TOO CLOSELY,E HILLSIDE & S WALNUT,39.150544,-86.5336
902351841,2022,12,5,1100,Weekday,2-Car,No injury/unknown,FAILURE TO YIELD RIGHT OF WAY,HILLSIDE & WALNUT,39.150544,-86.5336
902158311,2022,1,1,1100,Weekend,2-Car,No injury/unknown,UNSAFE BACKING,DORCHESTER DR & HILLSIDE,39.150544,-86.512592
902159299,2022,1,3,900,Weekday,3+ Cars,No injury/unknown,FAILURE TO YIELD RIGHT OF WAY,E HILLSIDE DR & LONGWOOD,39.150544,-86.512592
902327446,2022,11,3,1800,Weekday,3+ Cars,No injury/unknown,FOLLOWING TOO CLOSELY,DORCHESTER & HILLSIDE,39.150544,-86.512592
902298053,2022,9,3,1900,Weekday,Moped/Motorcycle,Non-incapacitating,ANIMAL/OBJECT IN ROADWAY,CLIFTON & HILLSIDE DR,39.150544,-86.5096
902334645,2022,11,6,1500,Weekday,3+ Cars,No injury/unknown,FOLLOWING TOO CLOSELY,E MOORES & S VALLEY FORGE,39.150544,-86.502992
902218966,2022,4,2,800,Weekday,3+ Cars,No injury/unknown,FAILURE TO YIELD RIGHT OF WAY,HENDERSON & HILLSIDE DR,39.15053895,-86.52588074
902353590,2022,12,1,1000,Weekend,2-Car,No injury/unknown,FOLLOWING TOO CLOSELY,HILLSIDE & WALNUT,39.15051989,-86.53366998
902237359,2022,5,5,2100,Weekday,2-Car,No injury/unknown,FOLLOWING TOO CLOSELY,EAST MOORES PIKE & SOUTH COLLEGE MALL,39.15048033,-86.49825006
902224332,2022,4,2,800,Weekday,3+ Cars,No injury/unknown,FOLLOWING TOO CLOSELY,MOORES PIKE & SARE,39.15046593,-86.49990511
902165072,2022,1,3,1100,Weekday,2-Car,No injury/unknown,FAILURE TO YIELD RIGHT OF WAY,MOORES & SARE RD,39.150448,-86.4992
902215369,2022,4,4,1300,Weekday,2-Car,No injury/unknown,FAILURE TO YIELD RIGHT OF WAY,E MOORES PIKE & S SARE,39.150448,-86.4992
902183798,2022,2,5,1200,Weekday,2-Car,No injury/unknown,FAILURE TO YIELD RIGHT OF WAY,E MOORES PIKE & SO COLLEGE MALL RD,39.150448,-86.498
902241707,2022,5,6,1300,Weekday,2-Car,No injury/unknown,FAILURE TO YIELD RIGHT OF WAY,COLLEGE MALL & MOORES PIKE,39.150448,-86.498
902246260,2022,6,1,2000,Weekday,2-Car,Non-incapacitating,FAILURE TO YIELD RIGHT OF WAY,COLLEGE MALL & MOORES PIKE,39.150448,-86.498
902271415,2022,7,1,1500,Weekend,2-Car,No injury/unknown,,E MOORES PIKE & S COLLEGE MALL,39.150448,-86.498
902348325,2022,12,6,1400,Weekday,2-Car,No injury/unknown,DISREGARD SIGNAL/REG SIGN,COLLEGE MALL & MOORES,39.150448,-86.498
902266067,2022,7,4,1300,Weekday,2-Car,No injury/unknown,UNSAFE BACKING,E MOORES PIKE,39.15036073,-86.49516655
902312023,2022,10,7,1200,Weekend,2-Car,No injury/unknown,FAILURE TO YIELD RIGHT OF WAY,E MOORES & S 446 RD,39.150352,-86.471296
902330178,2022,11,7,1300,Weekend,2-Car,No injury/unknown,DRIVER DISTRACTED - EXPLAIN IN NARRATIVE,MOORES & SR446,39.150352,-86.471296
902211974,2022,4,4,1700,Weekday,2-Car,No injury/unknown,FOLLOWING TOO CLOSELY,E MOORES PIKE & STATE RD 446,39.15035024,-86.47138975
902224097,2022,4,1,1500,Weekend,Moped/Motorcycle,Non-incapacitating,FOLLOWING TOO CLOSELY,MOORES & STATE ROAD 446 RD,39.15035024,-86.47138975
902296749,2022,9,2,600,Weekday,2-Car,No injury/unknown,IMPROPER TURNING,MOORES & SR446S,39.150345,-86.47138241
902325083,2022,10,6,2200,Weekend,1-Car,No injury/unknown,RAN OFF ROAD RIGHT,E MOORES & FENBROOK,39.15022016,-86.48725971
902346578,2022,12,3,1800,Weekday,3+ Cars,No injury/unknown,FOLLOWING TOO CLOSELY,MOORES & OLCOTT,39.15018998,-86.4849899
902272165,2022,7,2,700,Weekday,1-Car,No injury/unknown,DRIVER DISTRACTED - EXPLAIN IN NARRATIVE,E MOORES PIKE & S OLCOTT,39.15018998,-86.48498989
902213584,2022,4,7,700,Weekend,1-Car,No injury/unknown,ANIMAL/OBJECT IN ROADWAY,COUNTY LINE & SR37S,39.15000943,-86.68229675
902213227,2022,4,7,0,Weekend,1-Car,No injury/unknown,ANIMAL/OBJECT IN ROADWAY,E MOORES & SR446S,39.14994007,-86.47128727
902223653,2022,4,7,1100,Weekend,2-Car,No injury/unknown,FOLLOWING TOO CLOSELY,SOUTHERN & WALNUT ST,39.14984,-86.533392
902243095,2022,6,2,1600,Weekday,2-Car,Non-incapacitating,FOLLOWING TOO CLOSELY,SOUTHERN & WALNUT ST,39.14984,-86.533392
902256545,2022,6,6,0,Weekday,3+ Cars,No injury/unknown,FOLLOWING TOO CLOSELY,E SOUTHERN & S WALNUT ST,39.14984,-86.533392
902156115,2022,1,4,2100,Weekday,2-Car,No injury/unknown,OTHER (ENVIRONMENTAL) - EXPLAIN IN NARR,E SOUTHERN DR & HENDERSON,39.14984,-86.526944
902345538,2022,12,2,1400,Weekday,1-Car,No injury/unknown,SPEED TOO FAST FOR WEATHER CONDITIONS,BASSWOOD & BLOOMFIELD,39.14978027,-86.56889007
902230432,2022,5,5,1900,Weekday,2-Car,No injury/unknown,FAILURE TO YIELD RIGHT OF WAY,S OAKDALE & W BLOOMFIELD RD,39.14978027,-86.56889006
902254809,2022,6,3,2300,Weekday,1-Car,No injury/unknown,DRIVER DISTRACTED - EXPLAIN IN NARRATIVE,BASSWOOD DR & BLOOMFIELD,39.14978027,-86.56889006