Master Record Number,Year,Month,Day,Hour,Weekend,Collision Type,Injury Type,Primary Factor,Reported_Location,Latitude,Longitude
902286201,2022,8,1,1800,Weekend,2-Car,No injury/unknown,DISREGARD SIGNAL/REG SIGN,BASSWOOD & W BLOOMFIELD RD,39.14978027,-86.56889006
902288002,2022,8,5,1600,Weekday,1-Car,Non-incapacitating,OVERCORRECTING/OVERSTEERING,BLOOMFIELD & S BASSWOOD DR,39.14978027,-86.56889006
902232807,2022,5,4,1300,Weekday,2-Car,No injury/unknown,FOLLOWING TOO CLOSELY,BASSWOOD & BLOOMFIELD RD,39.14978027,-86.56887275
902199153,2022,3,7,700,Weekend,2-Car,No injury/unknown,FAILURE TO YIELD RIGHT OF WAY,S WALNUT ST & SOUTHERN,39.14977022,-86.53350032
902178543,2022,2,5,1700,Weekday,3+ Cars,No injury/unknown,FOLLOWING TOO CLOSELY,SOUTH OAKDALE & SR45W,39.14976538,-86.5688821
902255023,2022,6,4,1100,Weekday,2-Car,No injury/unknown,OTHER (DRIVER) - EXPLAIN IN NARRATIVE,S BASSWOOD CIR,39.14968,-86.57104
902181209,2022,2,2,1100,Weekday,2-Car,No injury/unknown,FOLLOWING TOO CLOSELY,CONSTITUTION & LIBERTY DR,39.149552,-86.575936
902184728,2022,2,6,1500,Weekday,2-Car,No injury/unknown,FOLLOWING TOO CLOSELY,CONSTITUTION & LIBERTY DR,39.149552,-86.575936
902197269,2022,3,4,1000,Weekday,2-Car,Non-incapacitating,FOLLOWING TOO CLOSELY,CONSTITUTION & LIBERTY DR,39.149552,-86.575936
902255293,2022,6,4,2000,Weekday,2-Car,No injury/unknown,FOLLOWING TOO CLOSELY,CONSTITUTION & LIBERTY ST,39.149552,-86.575936
902277669,2022,8,6,1300,Weekday,2-Car,No injury/unknown,FOLLOWING TOO CLOSELY,CONSTITUTION & LIBERTY DR,39.149552,-86.575936
902287521,2022,8,4,1700,Weekday,2-Car,No injury/unknown,FOLLOWING TOO CLOSELY,S LIBERTY DR & W CONSTITUTION,39.149552,-86.575936
902359658,2022,12,3,1500,Weekday,3+ Cars,No injury/unknown,FOLLOWING TOO CLOSELY,SOUTH LIBERTY & WEST CONSTITUTION,39.149552,-86.575936
902323582,2022,10,4,1900,Weekday,1-Car,No injury/unknown,ANIMAL/OBJECT IN ROADWAY,MOORES & SR446N,39.14952815,-86.47127855
902231036,2022,5,7,1300,Weekend,2-Car,No injury/unknown,DRIVER DISTRACTED - EXPLAIN IN NARRATIVE,OLIVE & THORTON DR,39.14945975,-86.51880262
902298639,2022,9,4,1800,Weekday,1-Car,Non-incapacitating,OTHER (DRIVER) - EXPLAIN IN NARRATIVE,BASSWOOD & BASSWOOD DR,39.149456,-86.57024
902260246,2022,7,7,500,Weekend,2-Car,No injury/unknown,,S HUNTINGTON GARDENS PL,39.149456,-86.520864
902336164,2022,11,2,1900,Weekday,2-Car,No injury/unknown,IMPROPER LANE USAGE,GARRISON CHAPEL & KEYWAY,39.1492901,-86.64307997
902199003,2022,3,6,1400,Weekday,3+ Cars,No injury/unknown,FOLLOWING TOO CLOSELY,CONSTITUTION & LIBERTY DR,39.14927792,-86.57591316
902236767,2022,5,4,1600,Weekday,2-Car,Non-incapacitating,FOLLOWING TOO CLOSELY,BLOOMFIELD & SR37S,39.14924247,-86.57301551
902328402,2022,11,5,500,Weekday,Pedestrian,Fatal,PEDESTRIAN ACTION,BEASLEY & CURRY,39.149152,-86.582704
902177987,2022,2,5,800,Weekday,2-Car,No injury/unknown,IMPROPER LANE USAGE,VERMILYA AVE & WALNUT,39.14897328,-86.53277209
902298503,2022,9,4,1200,Weekday,2-Car,No injury/unknown,,SOUTH ROGERS ST,39.148949,-86.537292
902339112,2022,11,5,800,Weekday,2-Car,No injury/unknown,IMPROPER TURNING,1595 S PIAZZA & CATHCART,39.14884283,-86.49986742
902236968,2022,5,5,800,Weekday,2-Car,No injury/unknown,FOLLOWING TOO CLOSELY,SR37N & W BLOOMFIELD,39.14881134,-86.57055664
902311486,2022,10,6,1200,Weekday,2-Car,Non-incapacitating,FOLLOWING TOO CLOSELY,CONSTITUTION & LIBERTY DR,39.14872891,-86.57591446
902219542,2022,4,5,1800,Weekday,2-Car,No injury/unknown,FOLLOWING TOO CLOSELY,EAST THORNTON & SOUTH HENDERSON ST,39.148544,-86.526912
902244580,2022,6,5,900,Weekday,2-Car,Non-incapacitating,FOLLOWING TOO CLOSELY,SR37,39.148448,-86.573
902267636,2022,7,6,1800,Weekday,2-Car,No injury/unknown,UNSAFE BACKING,YOST AVE,39.14841436,-86.58079437
902350199,2022,12,2,1900,Weekday,2-Car,No injury/unknown,OTHER (DRIVER) - EXPLAIN IN NARRATIVE,3RD & HAWTHORNE,39.1483886,-86.52008995
902309168,2022,10,2,1500,Weekday,2-Car,Non-incapacitating,FAILURE TO YIELD RIGHT OF WAY,MAXWELL ST & THORNTON,39.148336,-86.515024
902352988,2022,12,6,1500,Weekday,2-Car,No injury/unknown,,SOUTH HENDERSON,39.14818955,-86.52852631
902157775,2022,1,7,1700,Weekend,2-Car,Non-incapacitating,OTHER (DRIVER) - EXPLAIN IN NARRATIVE,BLOOMFIELD RD & SR37S,39.148144,-86.572992
902171089,2022,1,2,1400,Weekday,2-Car,No injury/unknown,FAILURE TO YIELD RIGHT OF WAY,BLOOMFIELD RD & SR37S,39.148144,-86.572992
902190880,2022,2,7,1400,Weekend,2-Car,Non-incapacitating,DISREGARD SIGNAL/REG SIGN,BLOOMFIELD RD & SR37S,39.148144,-86.572992
902206425,2022,3,6,1200,Weekday,2-Car,No injury/unknown,FOLLOWING TOO CLOSELY,SR37S & SR45,39.148144,-86.572992
902207145,2022,3,1,1700,Weekend,2-Car,No injury/unknown,FOLLOWING TOO CLOSELY,SR37S & SR45W,39.148144,-86.572992
902242179,2022,6,1,1400,Weekend,2-Car,No injury/unknown,FOLLOWING TOO CLOSELY,SR37 & SR45W,39.148144,-86.572992
902245556,2022,6,7,800,Weekend,2-Car,Non-incapacitating,FOLLOWING TOO CLOSELY,SR37S & SR45W,39.148144,-86.572992
902282605,2022,8,3,700,Weekday,2-Car,No injury/unknown,FOLLOWING TOO CLOSELY,45 & SR37S,39.148144,-86.572992
902302176,2022,9,4,700,Weekday,2-Car,Non-incapacitating,OTHER (DRIVER) - EXPLAIN IN NARRATIVE,BLOOMFIELD & SR37S,39.148144,-86.572992
902315083,2022,10,5,800,Weekday,2-Car,No injury/unknown,UNSAFE SPEED,SR37 & SR45W,39.148144,-86.572992
902315981,2022,10,6,1300,Weekday,2-Car,No injury/unknown,FOLLOWING TOO CLOSELY,SR37 & SR45W,39.148144,-86.572992
902316146,2022,10,6,1700,Weekday,2-Car,No injury/unknown,UNSAFE BACKING,SR37 & SR45W,39.148144,-86.572992
902355653,2022,12,4,1200,Weekday,2-Car,No injury/unknown,FOLLOWING TOO CLOSELY,BLOOMFIELD & SR37S,39.148144,-86.572992
902344707,2022,11,1,1100,Weekend,2-Car,No injury/unknown,DRIVER DISTRACTED - EXPLAIN IN NARRATIVE,SR37 & SR45,39.148144,-86.572992
902346738,2022,12,3,1200,Weekday,2-Car,No injury/unknown,FOLLOWING TOO CLOSELY,SR45W & STATE ROAD 37,39.148144,-86.572992
902351151,2022,12,4,1100,Weekday,2-Car,No injury/unknown,IMPROPER PASSING,SR37S & W BLOOMFIELD,39.148144,-86.572992
902362310,2022,12,2,1800,Weekday,2-Car,No injury/unknown,FAILURE TO YIELD RIGHT OF WAY,SR37S & SR45W,39.148144,-86.572992
902334428,2022,11,6,1600,Weekday,2-Car,No injury/unknown,DRIVER DISTRACTED - EXPLAIN IN NARRATIVE,S CURRY & W FARMER,39.148128,-86.58264
902330908,2022,11,7,900,Weekend,2-Car,Non-incapacitating,FOLLOWING TOO CLOSELY,SR37S,39.1481178,-86.57537699
902282646,2022,8,3,100,Weekday,2-Car,No injury/unknown,OTHER (DRIVER) - EXPLAIN IN NARRATIVE,IRA & WILCOX ST,39.1479899,-86.50077724
902297519,2022,9,2,1600,Weekday,2-Car,No injury/unknown,FOLLOWING TOO CLOSELY,CURRY PIKE & ROLL,39.14798817,-86.58263417
902266009,2022,7,4,1700,Weekday,2-Car,Non-incapacitating,FOLLOWING TOO CLOSELY,CURRY PIKE & ROLL,39.14771374,-86.58262082
902168979,2022,1,5,1700,Weekday,3+ Cars,Non-incapacitating,DISREGARD SIGNAL/REG SIGN,37 NB ON RAMP & BLOOMFIELD RD,39.14765186,-86.57290936
902357341,2022,12,6,1800,Weekday,2-Car,No injury/unknown,UNSAFE BACKING,SOUTH CURRY,39.14744568,-86.58229065
902307646,2022,10,6,1900,Weekend,3+ Cars,No injury/unknown,SPEED TOO FAST FOR WEATHER CONDITIONS,CURRY PIKE & ROLL,39.14744,-86.582592
902357459,2022,12,7,700,Weekend,1-Car,No injury/unknown,ROADWAY SURFACE CONDITION,ROLL & S CURRY,39.14744,-86.582592
902343332,2022,11,4,1400,Weekday,2-Car,Incapacitating,FAILURE TO YIELD RIGHT OF WAY,CURRY & ROLL,39.14744,-86.582592
902352400,2022,12,2,1300,Weekday,2-Car,No injury/unknown,,S CURRY & W ROLL,39.14744,-86.582592
902200350,2022,3,2,1400,Weekday,2-Car,No injury/unknown,UNSAFE LANE MOVEMENT,MILLER & WALNUT ST,39.14721203,-86.53262102
902351749,2022,12,5,1000,Weekday,1-Car,Non-incapacitating,DRIVER ILLNESS,CURRY & ROLL,39.14719999,-86.58259012
902310138,2022,10,4,1100,Weekday,2-Car,Non-incapacitating,FAILURE TO YIELD RIGHT OF WAY,S CURRY PIKE & W ROLL,39.14719999,-86.58259011
902280695,2022,8,6,600,Weekday,2-Car,Non-incapacitating,FOLLOWING TOO CLOSELY,E MILLER & S HENDERSON ST,39.147152,-86.526896
902290672,2022,9,4,800,Weekday,Cyclist,Non-incapacitating,FAILURE TO YIELD RIGHT OF WAY,E MILLER DR & S HENDERSON,39.147152,-86.526896
902347534,2022,12,5,1000,Weekday,2-Car,No injury/unknown,UNSAFE BACKING,E MILLER,39.147152,-86.526896
902280587,2022,8,5,1500,Weekday,Bus,No injury/unknown,UNSAFE BACKING,S SARE RD,39.147072,-86.498944
902232792,2022,5,4,700,Weekday,Pedestrian,Non-incapacitating,FAILURE TO YIELD RIGHT OF WAY,E MILLER DR & S WALNUT,39.146944,-86.532544
902266724,2022,7,5,1300,Weekday,2-Car,Non-incapacitating,FOLLOWING TOO CLOSELY,E MILLER DR & S WALNUT,39.146944,-86.532544
902301297,2022,9,2,1100,Weekday,2-Car,No injury/unknown,OTHER (DRIVER) - EXPLAIN IN NARRATIVE,MILLER & S WALNUT ST,39.146944,-86.532544
902326733,2022,11,2,1400,Weekday,2-Car,Non-incapacitating,FOLLOWING TOO CLOSELY,MILLER & WALNUT,39.146944,-86.532544
902338982,2022,11,5,900,Weekday,2-Car,Non-incapacitating,FOLLOWING TOO CLOSELY,STATE ROAD 37,39.14690302,-86.57434702
902348361,2022,12,6,1700,Weekday,2-Car,No injury/unknown,DISREGARD SIGNAL/REG SIGN,MILLER & S WALNUT,39.14689019,-86.53265007
902254245,2022,6,2,1500,Weekday,2-Car,No injury/unknown,FOLLOWING TOO CLOSELY,E MILLER & S WALNUT ST,39.14689019,-86.53265006
902252209,2022,6,5,1300,Weekday,1-Car,No injury/unknown,RAN OFF ROAD RIGHT,806 E MILLER DR & HUNTINGTON,39.14685699,-86.52082517
902287158,2022,8,2,900,Weekday,2-Car,No injury/unknown,FOLLOWING TOO CLOSELY,SR37S,39.14682803,-86.57464095
902314513,2022,10,4,1100,Weekday,2-Car,No injury/unknown,UNSAFE BACKING,OAKDALE,39.14679229,-86.57004811
902288756,2022,8,6,1800,Weekday,2-Car,No injury/unknown,FOLLOWING TOO CLOSELY,SR37S,39.14676685,-86.57458776
902288085,2022,8,5,1700,Weekday,2-Car,No injury/unknown,FAILURE TO YIELD RIGHT OF WAY,S OAKDALE DR & S PECAN,39.14676011,-86.57118305
902193188,2022,2,4,1600,Weekday,2-Car,No injury/unknown,FAILURE TO YIELD RIGHT OF WAY,LORELEI & S SMITH RD,39.1466099,-86.48042008
902285340,2022,8,1,800,Weekend,2-Car,No injury/unknown,,E ROGERS & WINDING BROOK CIR,39.14656647,-86.50409996
902350150,2022,12,2,1600,Weekday,2-Car,No injury/unknown,UNSAFE BACKING,E QUEENS & HIGH,39.146544,-86.50824
902315465,2022,10,2,1900,Weekday,2-Car,No injury/unknown,FAILURE TO YIELD RIGHT OF WAY,MILLER & WALNUT,39.14654277,-86.53242392
902194809,2022,3,1,100,Weekend,1-Car,No injury/unknown,RAN OFF ROAD RIGHT,ADAMS ST & WOODHILL,39.14646727,-86.55060008
902207808,2022,3,2,1600,Weekday,2-Car,No injury/unknown,UNSAFE BACKING,SOUTH ROGERS ST,39.146448,-86.5388
902213521,2022,4,1,500,Weekend,1-Car,Non-incapacitating,UNSAFE SPEED,SR 45 46 & SR37N,39.1464386,-86.57504272
902216761,2022,4,7,900,Weekend,2-Car,No injury/unknown,FAILURE TO YIELD RIGHT OF WAY,SR 45 & SR7160E,39.1464386,-86.57504272
902332723,2022,11,4,0,Weekday,2-Car,No injury/unknown,UNSAFE BACKING,MATTHEWS & MT TABOR,39.14604962,-86.62067011
902194891,2022,3,7,1000,Weekend,2-Car,No injury/unknown,FOLLOWING TOO CLOSELY,SR 4546 & WALNUT ST,39.14601566,-86.53352355
902325718,2022,11,1,1400,Weekend,2-Car,No injury/unknown,VIEW OBSTRUCTED,S WALNUT,39.14596978,-86.53225244
902334798,2022,11,6,1200,Weekday,2-Car,No injury/unknown,OTHER (DRIVER) - EXPLAIN IN NARRATIVE,LIBERTY & SR45W,39.14588052,-86.57631781
902278223,2022,8,5,1600,Weekday,3+ Cars,No injury/unknown,FOLLOWING TOO CLOSELY,S CURRY PIKE & WEST WOODLYN,39.145856,-86.582592
902326898,2022,11,2,1400,Weekday,Pedestrian,Non-incapacitating,FAILURE TO YIELD RIGHT OF WAY,SOUTH WALNUT,39.14583588,-86.53125
902279634,2022,8,2,1000,Weekday,2-Car,No injury/unknown,UNSAFE BACKING,S LIBERTY DR,39.14578848,-86.57807864
902296801,2022,9,2,700,Weekday,2-Car,No injury/unknown,UNSAFE BACKING,S WALNUT ST,39.14572622,-86.53217956
902297607,2022,9,2,1200,Weekday,2-Car,No injury/unknown,FOLLOWING TOO CLOSELY,LIBERTY & SR45W,39.14571863,-86.57660274
902316425,2022,10,7,1100,Weekend,2-Car,No injury/unknown,FAILURE TO YIELD RIGHT OF WAY,W INDUSTRIAL PARK & W VERNAL,39.14566663,-86.56205981
902237795,2022,5,6,1600,Weekday,2-Car,No injury/unknown,FAILURE TO YIELD RIGHT OF WAY,NORTH & WALNUT ST,39.14555447,-86.53212815
902223773,2022,4,4,1500,Weekday,3+ Cars,No injury/unknown,DRIVER DISTRACTED - EXPLAIN IN NARRATIVE,CURRY PIKE & WOODLYNN,39.14544401,-86.582592
902305092,2022,9,2,1400,Weekday,1-Car,No injury/unknown,UNSAFE LANE MOVEMENT,BLOOMFIELD & SR37S,39.14539955,-86.57298561
902285494,2022,8,1,1400,Weekend,2-Car,No injury/unknown,OTHER (DRIVER) - EXPLAIN IN NARRATIVE,EMINENCE WAY,39.14529495,-86.52238994
902338799,2022,11,5,300,Weekday,1-Car,No injury/unknown,RAN OFF ROAD RIGHT,THATCHER & WINSTON,39.14529026,-86.49606004
902162581,2022,1,6,1300,Weekday,2-Car,No injury/unknown,SPEED TOO FAST FOR WEATHER CONDITIONS,S LIBERTY DR,39.145264,-86.577616
902191204,2022,2,7,1500,Weekend,2-Car,No injury/unknown,FAILURE TO YIELD RIGHT OF WAY,LIBERTY DR,39.145264,-86.577616
902206902,2022,3,7,1900,Weekend,2-Car,No injury/unknown,UNSAFE BACKING,S LIBERTY DR,39.145264,-86.577616
902233981,2022,5,4,1200,Weekday,3+ Cars,No injury/unknown,FAILURE TO YIELD RIGHT OF WAY,LIBERTY DR,39.145264,-86.577616
902272516,2022,7,2,1600,Weekday,2-Car,No injury/unknown,UNSAFE BACKING,LIBERTY DR,39.145264,-86.577616
902275075,2022,8,2,1100,Weekday,2-Car,No injury/unknown,FAILURE TO YIELD RIGHT OF WAY,S LIBERTY DR,39.145264,-86.577616
902288171,2022,8,5,1000,Weekday,2-Car,No injury/unknown,FAILURE TO YIELD RIGHT OF WAY,S LIBERTY DR,39.145264,-86.577616
902292206,2022,9,6,1900,Weekend,2-Car,No injury/unknown,IMPROPER TURNING,S LIBERTY DR,39.145264,-86.577616
902333030,2022,11,4,2200,Weekday,2-Car,Non-incapacitating,UNSAFE SPEED,S LIBERTY,39.145264,-86.577616
902164461,2022,1,2,1900,Weekday,2-Car,No injury/unknown,UNSAFE BACKING,MARKET PL & MAYBURRY,39.1452449,-86.58092983
902176511,2022,2,3,1200,Weekday,2-Car,No injury/unknown,DRIVER DISTRACTED - EXPLAIN IN NARRATIVE,LIBERTY DR & SR45,39.145152,-86.5776
902232656,2022,5,3,1000,Weekday,Moped/Motorcycle,Incapacitating,FAILURE TO YIELD RIGHT OF WAY,LIBERTY & SR45W,39.145152,-86.5776
902241541,2022,5,6,1500,Weekday,2-Car,No injury/unknown,FAILURE TO YIELD RIGHT OF WAY,LIBERTY & SR45W,39.145152,-86.5776
902257157,2022,6,1,1900,Weekday,Cyclist,Non-incapacitating,IMPROPER TURNING,LIBERTY & SR45E,39.145152,-86.5776
902259999,2022,7,6,1300,Weekday,3+ Cars,Non-incapacitating,FAILURE TO YIELD RIGHT OF WAY,S LIBERTY & SR45S,39.145152,-86.5776
902311756,2022,10,6,1700,Weekday,2-Car,Incapacitating,FOLLOWING TOO CLOSELY,HICKORY LEAF & SR45W,39.145152,-86.5776
902345680,2022,12,2,1600,Weekday,2-Car,No injury/unknown,FOLLOWING TOO CLOSELY,LIBERTY & SR45,39.145152,-86.5776
902254774,2022,6,3,1600,Weekday,3+ Cars,No injury/unknown,FOLLOWING TOO CLOSELY,S LIBERTY & SR45W,39.14507343,-86.57774464
902359024,2022,12,2,1800,Weekday,3+ Cars,No injury/unknown,SPEED TOO FAST FOR WEATHER CONDITIONS,LIBERTY & SR45W,39.14507343,-86.57774464
902254146,2022,6,2,1500,Weekday,2-Car,No injury/unknown,DISREGARD SIGNAL/REG SIGN,HICKORY LEAF & W STATE 45,39.14502002,-86.57777019
902298074,2022,9,3,1600,Weekday,2-Car,No injury/unknown,FOLLOWING TOO CLOSELY,S LIBERTY & SR45W,39.14499486,-86.57788929
902316156,2022,10,6,1600,Weekday,Cyclist,Non-incapacitating,FAILURE TO YIELD RIGHT OF WAY,S OAKDALE,39.14497263,-86.56917572
902168131,2022,1,6,900,Weekday,2-Car,No injury/unknown,FOLLOWING TOO CLOSELY,SR37N & VERNAL,39.14488742,-86.56252288
902347858,2022,12,5,2200,Weekday,2-Car,Incapacitating,LEFT OF CENTER,NORTH & WALNUT,39.14488575,-86.53192803
902278999,2022,8,2,1700,Weekday,2-Car,Non-incapacitating,FAILURE TO YIELD RIGHT OF WAY,E NORTH & S HENDERSON ST,39.144848,-86.526848
902184871,2022,2,6,1500,Weekday,2-Car,Incapacitating,ROADWAY SURFACE CONDITION,HENDERSON & NORTH DR,39.14483245,-86.52737669
902191579,2022,2,2,1000,Weekday,2-Car,No injury/unknown,FAILURE TO YIELD RIGHT OF WAY,NORTH & S WALNUT ST,39.144752,-86.531888
902300352,2022,9,1,1000,Weekend,Moped/Motorcycle,Non-incapacitating,OTHER (DRIVER) - EXPLAIN IN NARRATIVE,NORTH & S WALNUT ST,39.144752,-86.531888
902222949,2022,4,5,1600,Weekday,2-Car,No injury/unknown,FOLLOWING TOO CLOSELY,CURRY PIKE & GLEN OAKS,39.14464,-86.582592
902287767,2022,8,5,800,Weekday,2-Car,Non-incapacitating,FAILURE TO YIELD RIGHT OF WAY,S HENDERSON ST & SUMMITVIEW,39.14454997,-86.52695976
902272438,2022,7,3,1600,Weekday,3+ Cars,No injury/unknown,DRIVER DISTRACTED - EXPLAIN IN NARRATIVE,CURRY PIKE & GLEN OAKS,39.14451979,-86.58262029
902182715,2022,2,3,1100,Weekday,2-Car,No injury/unknown,OTHER (DRIVER) - EXPLAIN IN NARRATIVE,CURRY PIKE & GLEN OAKS,39.14451979,-86.58262029
902213220,2022,4,7,400,Weekend,1-Car,No injury/unknown,OTHER (DRIVER) - EXPLAIN IN NARRATIVE,AZALEA LN & CHRIS,39.14441988,-86.51900969
902342802,2022,11,3,1800,Weekday,1-Car,No injury/unknown,RAN OFF ROAD RIGHT,GREEN BRIAR & LOCUST,39.14430991,-86.50897019
902173211,2022,1,5,1700,Weekday,2-Car,No injury/unknown,FAILURE TO YIELD RIGHT OF WAY,GREENBRIAR & HIGH ST,39.14424,-86.508208
902321392,2022,10,1,1900,Weekday,1-Car,No injury/unknown,ANIMAL/OBJECT IN ROADWAY,S HIGH & WIMBLETON,39.14424,-86.508208
902355451,2022,12,3,1100,Weekday,3+ Cars,Non-incapacitating,FAILURE TO YIELD RIGHT OF WAY,KNIGHTRIDGE & SR446S,39.14420245,-86.46687099
902340236,2022,11,6,2000,Weekend,2-Car,Non-incapacitating,FOLLOWING TOO CLOSELY,2700 BLK S SARE & MCCARTNEY,39.14410726,-86.49690628
902196058,2022,3,2,1100,Weekday,2-Car,No injury/unknown,UNSAFE BACKING,E MELVILLE ST,39.14403152,-86.49935913
902205918,2022,3,5,1100,Weekday,2-Car,No injury/unknown,FAILURE TO YIELD RIGHT OF WAY,HIGHLAND AVE & SHORT,39.143888,-86.517296
902294737,2022,9,4,1900,Weekday,2-Car,No injury/unknown,RAN OFF ROAD RIGHT,E SHORT & S MAXWELL ST,39.143888,-86.515008
902359725,2022,12,2,1700,Weekday,2-Car,No injury/unknown,FOLLOWING TOO CLOSELY,S CURRY & W INDUSTRIAL,39.143808,-86.582592
902344309,2022,11,6,1400,Weekday,2-Car,No injury/unknown,FOLLOWING TOO CLOSELY,CURRY & INDUSTRIAL,39.143808,-86.582592
902219530,2022,4,5,1700,Weekday,2-Car,Non-incapacitating,FAILURE TO YIELD RIGHT OF WAY,INDUSTRIAL & SR45W,39.143552,-86.580528
902263814,2022,7,6,1200,Weekday,2-Car,No injury/unknown,DRIVER DISTRACTED - EXPLAIN IN NARRATIVE,INDUSTRIAL BLVD & SR45,39.143552,-86.580528
902317966,2022,10,2,1800,Weekday,2-Car,No injury/unknown,FAILURE TO YIELD RIGHT OF WAY,INDUSTRIAL & SR45W,39.143552,-86.580528
902326860,2022,11,2,1800,Weekday,2-Car,Incapacitating,FOLLOWING TOO CLOSELY,INDUSTRIAL & SR45W,39.143552,-86.580528
902352445,2022,12,6,800,Weekday,2-Car,No injury/unknown,DISREGARD SIGNAL/REG SIGN,INDUSTRIAL & SR45E,39.143552,-86.580528
902265265,2022,7,3,1200,Weekday,2-Car,No injury/unknown,FOLLOWING TOO CLOSELY,3585 WEST STATE ROAD 45 RD & INDUSTRIAL,39.1434957,-86.58060526
902321258,2022,10,7,1100,Weekend,2-Car,Non-incapacitating,OTHER (DRIVER) - EXPLAIN IN NARRATIVE,BLOOMFIELD ROAD & CURRY PIKE,39.14347487,-86.58061266
902164433,2022,1,2,1700,Weekday,2-Car,No injury/unknown,FAILURE TO YIELD RIGHT OF WAY,SOUTH LIBERTY DR & WEST 3RD,39.14346132,-86.57913006
902153592,2022,1,2,1300,Weekday,2-Car,No injury/unknown,FAILURE TO YIELD RIGHT OF WAY,ROCKPORT RD,39.14344025,-86.54167938
902347102,2022,12,4,1500,Weekday,2-Car,No injury/unknown,FOLLOWING TOO CLOSELY,SOUTHERN & WALNUT,39.14342795,-86.53350033
902216969,2022,4,1,1300,Weekend,1-Car,Non-incapacitating,UNSAFE LANE MOVEMENT,JED & S ROGERS ST,39.143344,-86.538704
902279764,2022,8,4,1000,Weekday,3+ Cars,No injury/unknown,FOLLOWING TOO CLOSELY,S ROGERS ST & W PATTERSON,39.14321865,-86.53875008
902311086,2022,10,4,1900,Weekday,2-Car,No injury/unknown,FOLLOWING TOO CLOSELY,JOY & ROGERS ST,39.14264,-86.53864
902156387,2022,1,5,1300,Weekday,3+ Cars,No injury/unknown,FOLLOWING TOO CLOSELY,LEONARD SPRINGS & SR45S,39.14261099,-86.5818194
902237764,2022,5,6,1400,Weekday,Bus,No injury/unknown,UNSAFE BACKING,S WALNUT ST,39.142555,-86.531238
902334219,2022,11,6,700,Weekday,2-Car,No injury/unknown,FAILURE TO YIELD RIGHT OF WAY,S WALNUT,39.142555,-86.531238
902221937,2022,4,3,1200,Weekday,1-Car,No injury/unknown,RAN OFF ROAD RIGHT,HIGHLAND AVE & SHORT,39.14235809,-86.51613204
902286469,2022,8,3,800,Weekday,3+ Cars,Non-incapacitating,DRIVER DISTRACTED - EXPLAIN IN NARRATIVE,CURRY & SR 45 HWY,39.1423295,-86.5822057
902199652,2022,3,1,1800,Weekend,2-Car,No injury/unknown,FOLLOWING TOO CLOSELY,45 & CURRY PIKE,39.14232266,-86.582592
902243219,2022,6,2,2300,Weekday,1-Car,No injury/unknown,DRIVER DISTRACTED - EXPLAIN IN NARRATIVE,SARE RD & SPICEWOOD,39.14231438,-86.49660804
902304568,2022,9,2,800,Weekday,2-Car,No injury/unknown,VIEW OBSTRUCTED,PINE MEADOWS DR & PINEHURST,39.14221591,-86.54995958
902272663,2022,7,4,700,Weekday,3+ Cars,Non-incapacitating,DISREGARD SIGNAL/REG SIGN,HENDERSON ST & SOUTH,39.142144,-86.5268
902173443,2022,1,5,900,Weekday,Moped/Motorcycle,Non-incapacitating,FAILURE TO YIELD RIGHT OF WAY,LEONARD SPRINGS RD & SR45,39.142048,-86.582592
902236471,2022,5,4,900,Weekday,2-Car,No injury/unknown,DISREGARD SIGNAL/REG SIGN,LEONARD SPRINGS & SR45W,39.142048,-86.582592
902240543,2022,5,4,1200,Weekday,2-Car,No injury/unknown,UNSAFE LANE MOVEMENT,S LEONARD SPRINGS & SR45W,39.142048,-86.582592
902243071,2022,6,2,1500,Weekday,2-Car,Non-incapacitating,FOLLOWING TOO CLOSELY,LEONARD SPRINGS RD & SR45W,39.142048,-86.582592
902254775,2022,6,3,1500,Weekday,2-Car,No injury/unknown,FAILURE TO YIELD RIGHT OF WAY,S LEONARD SPRINGS & SR45W,39.142048,-86.582592
902258487,2022,7,4,500,Weekday,2-Car,No injury/unknown,OTHER (DRIVER) - EXPLAIN IN NARRATIVE,CURRY PIKE & SR45S,39.142048,-86.582592
902273569,2022,7,5,1400,Weekday,2-Car,Non-incapacitating,FOLLOWING TOO CLOSELY,S LEONARD SPRINGS DR & SR45W,39.142048,-86.582592
902355890,2022,12,4,1800,Weekday,2-Car,No injury/unknown,FAILURE TO YIELD RIGHT OF WAY,CURRY & SR45W,39.142048,-86.582592
902339707,2022,11,6,500,Weekday,2-Car,Non-incapacitating,FAILURE TO YIELD RIGHT OF WAY,CURRY & SR45W,39.142048,-86.582592
902340232,2022,11,6,1900,Weekend,2-Car,No injury/unknown,FAILURE TO YIELD RIGHT OF WAY,SOUTH LEONARD SPRINGS & SR45W,39.142048,-86.582592
902345833,2022,12,3,700,Weekday,2-Car,No injury/unknown,FOLLOWING TOO CLOSELY,S LEONARD SPRINGS & SR45E,39.142048,-86.582592
902270278,2022,7,5,1800,Weekday,Moped/Motorcycle,Incapacitating,FOLLOWING TOO CLOSELY,LEONARD SPRINGS RD & STATE ROAD 45,39.14195023,-86.58259011