Master Record Number,Year,Month,Day,Hour,Weekend,Collision Type,Injury Type,Primary Factor,Reported_Location,Latitude,Longitude
902272464,2022,7,3,1600,Weekday,2-Car,Non-incapacitating,DISREGARD SIGNAL/REG SIGN,S CURRY & SR 45 RD,39.14195023,-86.58259011
902357746,2022,12,7,1600,Weekend,2-Car,Non-incapacitating,FOLLOWING TOO CLOSELY,S CURRY & W STATE ROAD 45,39.14195023,-86.58259012
902288455,2022,8,5,2200,Weekday,2-Car,Non-incapacitating,FOLLOWING TOO CLOSELY,LEONARD SPRINGS & SR45W,39.1419117,-86.5828563
902312376,2022,10,1,1000,Weekend,2-Car,No injury/unknown,DISREGARD SIGNAL/REG SIGN,S HENDERSON ST & WYLIE FARM,39.14191,-86.52694031
902190387,2022,2,4,1500,Weekday,2-Car,No injury/unknown,UNSAFE BACKING,S LEONARD SPRINGS RD,39.14187494,-86.58259037
902237906,2022,5,5,2000,Weekday,2-Car,No injury/unknown,IMPROPER TURNING,S LEONARD SPRINGS RD,39.14187494,-86.58259037
902235686,2022,5,2,1600,Weekday,2-Car,No injury/unknown,DRIVER DISTRACTED - EXPLAIN IN NARRATIVE,S HIGHLAND AVE,39.14185333,-86.51425933
902302954,2022,9,5,1800,Weekday,Cyclist,Incapacitating,FAILURE TO YIELD RIGHT OF WAY,HIGHLAND AVE,39.14185333,-86.51425933
902249049,2022,6,4,1700,Weekday,2-Car,No injury/unknown,FAILURE TO YIELD RIGHT OF WAY,S LEONARD SPRINGS & SR45W,39.14173515,-86.58337308
902209124,2022,3,5,800,Weekday,1-Car,No injury/unknown,ANIMAL/OBJECT IN ROADWAY,N CURRY & SR45W,39.14145928,-86.58418054
902325298,2022,11,7,1300,Weekend,2-Car,Non-incapacitating,DRIVER DISTRACTED - EXPLAIN IN NARRATIVE,LEONARD SPRINGS & SR45,39.14145928,-86.58418054
902258885,2022,7,4,1400,Weekday,1-Car,No injury/unknown,DRIVER DISTRACTED - EXPLAIN IN NARRATIVE,S ROCKPORT RD,39.14144,-86.543632
902275788,2022,8,3,800,Weekday,2-Car,No injury/unknown,FAILURE TO YIELD RIGHT OF WAY,S ROCKPORT RD & W COOLIDGE,39.14144,-86.543632
902302665,2022,9,5,800,Weekday,1-Car,No injury/unknown,RAN OFF ROAD RIGHT,BROWN & COOLIDGE RD,39.14144,-86.542
902264048,2022,7,7,2000,Weekend,Moped/Motorcycle,Incapacitating,IMPROPER TURNING,S BRYAN ST & W COOLIDGE,39.141248,-86.536336
902179243,2022,2,6,900,Weekday,2-Car,No injury/unknown,OTHER (DRIVER) - EXPLAIN IN NARRATIVE,ROCKPORT 1205 RD,39.141129,-86.545921
902275536,2022,8,2,100,Weekday,2-Car,No injury/unknown,IMPROPER TURNING,SOUTH ROCKPORT RD,39.141129,-86.545921
902344037,2022,11,6,1300,Weekday,2-Car,No injury/unknown,UNSAFE BACKING,LEONARD SPRINGS,39.14107513,-86.5829773
902163516,2022,1,3,900,Weekday,2-Car,Non-incapacitating,FOLLOWING TOO CLOSELY,SARE & SPICEWOOD LN,39.14093752,-86.49686415
902329989,2022,11,7,1100,Weekend,2-Car,No injury/unknown,FAILURE TO YIELD RIGHT OF WAY,SO HICKORY LEAF & SR45W,39.14070129,-86.57746124
902209272,2022,3,5,1200,Weekday,2-Car,Non-incapacitating,FAILURE TO YIELD RIGHT OF WAY,HICKORY LEAF & SR45E,39.14070129,-86.57746124
902270816,2022,7,6,1700,Weekday,2-Car,No injury/unknown,DISREGARD SIGNAL/REG SIGN,HICKORY LEAF & SR45W,39.14070129,-86.57746124
902321239,2022,10,1,1100,Weekend,2-Car,No injury/unknown,UNSAFE BACKING,OAKLEAF,39.14032364,-86.57542419
902174134,2022,2,7,200,Weekend,2-Car,No injury/unknown,OVERCORRECTING/OVERSTEERING,S WALNUT ST,39.140288,-86.581984
902214206,2022,4,2,1700,Weekday,2-Car,No injury/unknown,FAILURE TO YIELD RIGHT OF WAY,GRAHAM & ROCKPORT RD,39.140144,-86.54496
902180156,2022,2,7,1600,Weekend,2-Car,No injury/unknown,FAILURE TO YIELD RIGHT OF WAY,S ROCKPORT RD & W GRAHAM,39.13998015,-86.54512971
902203266,2022,3,6,1200,Weekday,2-Car,No injury/unknown,OTHER (DRIVER) - EXPLAIN IN NARRATIVE,E GRAHAM PL,39.13995331,-86.53931527
902174847,2022,2,1,800,Weekend,1-Car,Non-incapacitating,RAN OFF ROAD RIGHT,LARRY LANE & SO SMITH RD,39.13976364,-86.48037314
902159141,2022,1,3,800,Weekday,2-Car,No injury/unknown,FAILURE TO YIELD RIGHT OF WAY,ROCKCREEK & S HIGH ST,39.13971998,-86.50822989
902197403,2022,3,2,1600,Weekday,2-Car,No injury/unknown,IMPROPER TURNING,SOUTH OLD STATE ROAD 37 HWY,39.138688,-86.465968
902207623,2022,3,2,300,Weekday,2-Car,No injury/unknown,UNSAFE BACKING,OLD STATE ROAD 37 HWY,39.138688,-86.465968
902215854,2022,4,4,1800,Weekday,Moped/Motorcycle,Non-incapacitating,UNSAFE SPEED,OLD STATE ROAD 37 SOUTH RD,39.138688,-86.465968
902263434,2022,7,6,1000,Weekday,2-Car,No injury/unknown,UNSAFE BACKING,SOUTH OLD STATE ROAD 37 RD,39.138688,-86.465968
902283686,2022,8,4,1700,Weekday,2-Car,No injury/unknown,IMPROPER TURNING,OLD STATE ROAD 37 S RD,39.138688,-86.465968
902317644,2022,10,5,1600,Weekday,2-Car,No injury/unknown,UNSAFE BACKING,OLD STATE ROAD 37,39.138688,-86.465968
902168404,2022,1,6,1500,Weekday,2-Car,No injury/unknown,FAILURE TO YIELD RIGHT OF WAY,RALSTON & ROCKPORT RD,39.13860016,-86.54647015
902223660,2022,4,7,1200,Weekend,2-Car,No injury/unknown,VIEW OBSTRUCTED,SR45S & W AIRPORT,39.13851891,-86.59099291
902359726,2022,12,2,1900,Weekday,1-Car,No injury/unknown,ANIMAL/OBJECT IN ROADWAY,SR45W & W AIRPORT,39.13851891,-86.59099291
902199637,2022,3,1,1700,Weekend,2-Car,Non-incapacitating,FOLLOWING TOO CLOSELY,SOUTH WALNUT ST,39.1383667,-86.52993011
902251437,2022,6,4,1100,Weekday,2-Car,Non-incapacitating,FOLLOWING TOO CLOSELY,VERMILYA & WALNUT ST,39.13834975,-86.53324015
902338908,2022,11,5,700,Weekday,2-Car,Non-incapacitating,FAILURE TO YIELD RIGHT OF WAY,LEONARD SPRINGS & STAPLETON,39.13824007,-86.58261024
902221694,2022,4,3,1100,Weekday,2-Car,No injury/unknown,FAILURE TO YIELD RIGHT OF WAY,GRAHAM & HENDERSON ST,39.13821073,-86.52677594
902232987,2022,5,3,1700,Weekday,3+ Cars,Non-incapacitating,UNSAFE LANE MOVEMENT,SR37S & TAPP,39.13778154,-86.57290515
902189039,2022,2,4,1300,Weekday,2-Car,No injury/unknown,WRONG WAY ON ONE WAY,SOUTH WALNUT ST,39.137744,-86.530288
902236786,2022,5,4,1600,Weekday,3+ Cars,Non-incapacitating,FOLLOWING TOO CLOSELY,SR37S & TAPP,39.13772661,-86.57290448
902300475,2022,9,1,1500,Weekend,3+ Cars,No injury/unknown,FAILURE TO YIELD RIGHT OF WAY,DANIEL ST & FORRESTER,39.13756013,-86.49338135
902240610,2022,5,5,800,Weekday,2-Car,No injury/unknown,IMPROPER LANE USAGE,DANIEL ST & FORRESTER,39.13756013,-86.49336837
902330323,2022,11,7,1700,Weekend,2-Car,No injury/unknown,LEFT OF CENTER,EAST MOSS CREEK & WINSLOW FARM,39.13736031,-86.5208403
902324182,2022,10,4,1600,Weekday,2-Car,No injury/unknown,FOLLOWING TOO CLOSELY,AIRPORT & SR45W,39.13734928,-86.59295229
902195076,2022,3,7,1800,Weekend,2-Car,No injury/unknown,UNSAFE SPEED,SR37S & TAPP,39.13731465,-86.57289939
902340263,2022,11,6,600,Weekday,2-Car,No injury/unknown,FOLLOWING TOO CLOSELY,SR37S & W TAPP,39.13731465,-86.57289939
902184866,2022,2,6,1800,Weekday,2-Car,No injury/unknown,UNSAFE BACKING,SOUTH WALNUT ST,39.137264,-86.529808
902283524,2022,8,4,1400,Weekday,1-Car,Incapacitating,RAN OFF ROAD RIGHT,N LOUDEN RD & W RATLIFF,39.13715872,-86.63986124
902295200,2022,9,5,1500,Weekday,3+ Cars,No injury/unknown,UNSAFE SPEED,SR37S & W TAPP,39.13712239,-86.57289702
902249492,2022,6,5,600,Weekday,2-Car,No injury/unknown,UNSAFE LANE MOVEMENT,DAWSON LN & MEETING HOUSE,39.13711396,-86.55509009
902226944,2022,5,5,1400,Weekday,2-Car,No injury/unknown,FOLLOWING TOO CLOSELY,AIRPORT & SR45W,39.13709864,-86.59337215
902156473,2022,1,4,1400,Weekday,2-Car,No injury/unknown,IMPROPER TURNING,S OLD STATE ROAD 37 RD,39.137088,-86.53056
902190833,2022,2,4,2000,Weekday,2-Car,No injury/unknown,UNSAFE LANE MOVEMENT,S OLD SR 37 RD,39.137088,-86.53056
902218984,2022,3,1,1900,Weekday,2-Car,No injury/unknown,,S OLD STATE ROAD 37 RD,39.137088,-86.53056
902226444,2022,5,5,1400,Weekday,2-Car,No injury/unknown,IMPROPER TURNING,S OLD SR 37 RD,39.137088,-86.53056
902245411,2022,6,3,2000,Weekday,2-Car,No injury/unknown,FAILURE TO YIELD RIGHT OF WAY,S OLD STATE ROAD 37 RD,39.137088,-86.53056
902254598,2022,6,7,1700,Weekend,1-Car,No injury/unknown,UNSAFE BACKING,S OLD STATE RD 37 RD,39.137088,-86.53056
902260601,2022,7,1,1900,Weekday,2-Car,No injury/unknown,UNSAFE BACKING,S OLD STATE ROAD 37 RD,39.137088,-86.53056
902303829,2022,9,7,1200,Weekend,2-Car,No injury/unknown,OTHER (DRIVER) - EXPLAIN IN NARRATIVE,S OLD SR 37 RD,39.137088,-86.53056
902336637,2022,11,7,1500,Weekend,2-Car,No injury/unknown,IMPROPER LANE USAGE,S OLD ST RD 37,39.137088,-86.53056
902362762,2022,12,7,1800,Weekend,2-Car,No injury/unknown,IMPROPER TURNING,S OLD STATE ROAD 37,39.137088,-86.53056
902160681,2022,1,5,700,Weekday,2-Car,No injury/unknown,FOLLOWING TOO CLOSELY,37 STATE & W TAPP RD,39.13704,-86.57324868
902355933,2022,12,3,1600,Weekday,1-Car,No injury/unknown,RAN OFF ROAD RIGHT,S GARRISON CHAPEL & W AIRPORT,39.13704,-86.642832
902173448,2022,1,6,700,Weekday,2-Car,No injury/unknown,FAILURE TO YIELD RIGHT OF WAY,LEONARD SPRINGS RD & TAPP,39.13704,-86.582512
902223467,2022,4,6,1700,Weekday,2-Car,Non-incapacitating,FAILURE TO YIELD RIGHT OF WAY,LEONARD SPRINGS RD & TAPP,39.13704,-86.582512
902225288,2022,4,3,1700,Weekday,3+ Cars,No injury/unknown,FAILURE TO YIELD RIGHT OF WAY,LEONARD SPRINGS RD & TAPP,39.13704,-86.582512
902285968,2022,8,2,800,Weekday,Moped/Motorcycle,No injury/unknown,DRIVER DISTRACTED - EXPLAIN IN NARRATIVE,LEONARD SPRINGS RD & TAPP,39.13704,-86.582512
902310497,2022,10,3,400,Weekday,2-Car,Non-incapacitating,FOLLOWING TOO CLOSELY,LEONARD SPRINGS RD & TAPP,39.13704,-86.582512
902315471,2022,10,4,1800,Weekday,3+ Cars,No injury/unknown,SPEED TOO FAST FOR WEATHER CONDITIONS,SOUTH LEONARD SPRINGS & WEST TAPP,39.13704,-86.582512
902190835,2022,2,4,1500,Weekday,2-Car,No injury/unknown,FOLLOWING TOO CLOSELY,RAYLE & W TAPP RD,39.13704,-86.577504
902286700,2022,8,2,1800,Weekday,Moped/Motorcycle,Non-incapacitating,FAILURE TO YIELD RIGHT OF WAY,SOUTH RAYLE & WEST TAPP RD,39.13704,-86.577504
902179680,2022,1,5,800,Weekday,2-Car,No injury/unknown,FOLLOWING TOO CLOSELY,SR37S & TAPP,39.13704,-86.572896
902197566,2022,3,2,1600,Weekday,3+ Cars,No injury/unknown,FOLLOWING TOO CLOSELY,SR37S & TAPP,39.13704,-86.572896
902207058,2022,3,1,1200,Weekend,2-Car,No injury/unknown,FOLLOWING TOO CLOSELY,SR37N & TAPP,39.13704,-86.572896
902207090,2022,3,1,1300,Weekend,2-Car,No injury/unknown,FOLLOWING TOO CLOSELY,SR37S & TAPP,39.13704,-86.572896
902216074,2022,4,6,600,Weekday,2-Car,Non-incapacitating,FOLLOWING TOO CLOSELY,SR37N & TAPP,39.13704,-86.572896
902228845,2022,5,4,700,Weekday,2-Car,No injury/unknown,FOLLOWING TOO CLOSELY,SR37N & TAPP,39.13704,-86.572896
902228876,2022,5,2,1400,Weekday,2-Car,Non-incapacitating,FAILURE TO YIELD RIGHT OF WAY,SR37 & TAPP RD,39.13704,-86.572896
902251582,2022,6,3,1700,Weekday,2-Car,No injury/unknown,FOLLOWING TOO CLOSELY,SR37S & TAPP,39.13704,-86.572896
902256449,2022,6,6,1700,Weekday,2-Car,No injury/unknown,FOLLOWING TOO CLOSELY,SR37S & TAPP,39.13704,-86.572896
902259961,2022,7,6,1700,Weekday,2-Car,No injury/unknown,DISREGARD SIGNAL/REG SIGN,SR37S & W TAPP,39.13704,-86.572896
902260211,2022,7,6,1400,Weekday,Moped/Motorcycle,No injury/unknown,FOLLOWING TOO CLOSELY,SR37S & W TAPP,39.13704,-86.572896
902279425,2022,8,1,200,Weekend,2-Car,No injury/unknown,FOLLOWING TOO CLOSELY,SR37S & W TAPP,39.13704,-86.572896
902280873,2022,8,4,1200,Weekday,2-Car,Non-incapacitating,FOLLOWING TOO CLOSELY,SR37S & TAPP,39.13704,-86.572896
902291697,2022,9,4,2100,Weekday,3+ Cars,Non-incapacitating,FAILURE TO YIELD RIGHT OF WAY,SR37S & W TAPP,39.13704,-86.572896
902313761,2022,10,2,1000,Weekday,2-Car,No injury/unknown,FOLLOWING TOO CLOSELY,SR37S & TAPP,39.13704,-86.572896
902350319,2022,12,2,2300,Weekday,2-Car,Non-incapacitating,FAILURE TO YIELD RIGHT OF WAY,SR37S & W TAPP,39.13704,-86.572896
902362713,2022,12,3,1500,Weekday,2-Car,Non-incapacitating,FOLLOWING TOO CLOSELY,TAPP,39.13704,-86.572896
902362904,2022,12,4,600,Weekday,2-Car,No injury/unknown,FOLLOWING TOO CLOSELY,SR37 & W TAPP,39.13704,-86.572896
902190023,2022,2,6,700,Weekday,1-Car,No injury/unknown,ROADWAY SURFACE CONDITION,2100 S SMITH RD & LORELEI,39.13703215,-86.481331
902277984,2022,8,6,2200,Weekend,1-Car,No injury/unknown,ANIMAL/OBJECT IN ROADWAY,AIRPORT RD & CAVE,39.13689005,-86.62524126
902361824,2022,12,1,1100,Weekend,2-Car,No injury/unknown,OVERCORRECTING/OVERSTEERING,7155 W AIRPORT & S CAVE,39.13688,-86.628768
902285195,2022,8,6,900,Weekday,2-Car,No injury/unknown,FOLLOWING TOO CLOSELY,AIRPORT RD & KIRBY,39.136848,-86.610192
902315612,2022,10,6,600,Weekday,1-Car,No injury/unknown,RAN OFF ROAD RIGHT,AIRPORT & KIRBY,39.136848,-86.610192
902280576,2022,8,3,1900,Weekday,2-Car,Non-incapacitating,FAILURE TO YIELD RIGHT OF WAY,AIRPORT RD & BUNGER,39.136848,-86.606
902299329,2022,8,3,400,Weekday,2-Car,No injury/unknown,FAILURE TO YIELD RIGHT OF WAY,S BUNGER RD & W AIRPORT,39.136848,-86.606
902214633,2022,4,3,1100,Weekday,1-Car,Incapacitating,RAN OFF ROAD RIGHT,AIRPORT & ENDWRIGHT RD,39.136848,-86.5964
902329148,2022,11,1,1300,Weekend,1-Car,No injury/unknown,RAN OFF ROAD RIGHT,AIRPORT & ENDWRIGHT,39.136848,-86.5964
902165550,2022,1,2,300,Weekday,2-Car,No injury/unknown,FOLLOWING TOO CLOSELY,AIRPORT & SR45W,39.136848,-86.593792
902203537,2022,3,6,1600,Weekday,2-Car,No injury/unknown,FOLLOWING TOO CLOSELY,AIRPORT & SR45W,39.136848,-86.593792
902318412,2022,10,2,1000,Weekday,2-Car,No injury/unknown,FOLLOWING TOO CLOSELY,SR45W & W AIRPORT,39.136848,-86.593792
902273060,2022,7,2,1900,Weekday,2-Car,No injury/unknown,UNSAFE BACKING,AIRPORT RD,39.13684532,-86.60324178
902287501,2022,8,4,1900,Weekday,1-Car,No injury/unknown,RAN OFF ROAD RIGHT,S LEANARD SPRINGS RD & W TAPP,39.1368299,-86.58261023
902342808,2022,11,1,1900,Weekday,2-Car,Non-incapacitating,FOLLOWING TOO CLOSELY,SR37S & W TAPP,39.13680116,-86.57290936
902163031,2022,1,6,1000,Weekday,2-Car,No injury/unknown,FAILURE TO YIELD RIGHT OF WAY,SR37 & W TAPP,39.13676894,-86.57289398
902215630,2022,4,5,1100,Weekday,2-Car,Non-incapacitating,FAILURE TO YIELD RIGHT OF WAY,SR37 & W TAPP,39.13676894,-86.57289398
902355488,2022,12,3,1200,Weekday,2-Car,No injury/unknown,IMPROPER PASSING,REX GROSSMAN & W TAPP,39.13674004,-86.57087021
902351996,2022,12,5,1300,Weekday,2-Car,No injury/unknown,UNSAFE BACKING,WINSLOW,39.136736,-86.523968
902285356,2022,8,1,1300,Weekend,1-Car,Non-incapacitating,RAN OFF ROAD RIGHT,REX GROSSMAN & W TAPP RD,39.13673401,-86.5709151
902215569,2022,4,5,1000,Weekday,2-Car,No injury/unknown,UNSAFE BACKING,S WINSLOW CT,39.13672219,-86.52395511
902183276,2022,2,4,1900,Weekday,2-Car,No injury/unknown,UNSAFE BACKING,S WINSLOW CT,39.13670837,-86.52394221
902231854,2022,5,2,1400,Weekday,1-Car,Non-incapacitating,DRIVER ASLEEP OR FATIGUED,DEBORAH & TAPP RD,39.13666025,-86.56784863
902232789,2022,5,4,1200,Weekday,2-Car,No injury/unknown,ANIMAL/OBJECT IN ROADWAY,CURRY PIKE & JONATHAN,39.13663356,-86.5829797
902200313,2022,3,2,1700,Weekday,2-Car,Non-incapacitating,FOLLOWING TOO CLOSELY,ADAMS & TAPP RD,39.13662001,-86.55431024
902287293,2022,8,3,2100,Weekday,1-Car,No injury/unknown,RAN OFF ROAD RIGHT,ADAMS & TAPP RD,39.13662001,-86.55431024
902297428,2022,9,2,1600,Weekday,Bus,No injury/unknown,BRAKE FAILURE OR DEFECTIVE,ADAMS & TAPP RD,39.13662001,-86.55431024
902348517,2022,12,6,1200,Weekday,2-Car,No injury/unknown,UNSAFE BACKING,EAST WINSLOW,39.13657379,-86.53004456
902347780,2022,12,4,1400,Weekday,2-Car,No injury/unknown,FOLLOWING TOO CLOSELY,SR37S & TAPP,39.13652039,-86.55490112
902361558,2022,12,1,1300,Weekend,1-Car,No injury/unknown,ANIMAL/OBJECT IN ROADWAY,S WEIMER & TAPP,39.136512,-86.562016
902207520,2022,3,2,1200,Weekday,2-Car,Non-incapacitating,OTHER (DRIVER) - EXPLAIN IN NARRATIVE,S ROCKPORT & TAPP RD,39.136448,-86.548704
902257502,2022,6,1,1300,Weekend,2-Car,No injury/unknown,FAILURE TO YIELD RIGHT OF WAY,COUNTRY CLUB DR & ROCKPORT,39.136448,-86.548704
902272277,2022,7,3,1200,Weekday,2-Car,No injury/unknown,FOLLOWING TOO CLOSELY,ROCKPORT & TAPP RD,39.136448,-86.548704
902277847,2022,8,7,1000,Weekend,2-Car,No injury/unknown,FAILURE TO YIELD RIGHT OF WAY,S ROCKPORT RD & W TAPP,39.136448,-86.548704
902295274,2022,9,5,1700,Weekday,3+ Cars,No injury/unknown,OTHER (DRIVER) - EXPLAIN IN NARRATIVE,W COUNTRYSIDE LN,39.136448,-86.548704
902189789,2022,2,5,1300,Weekday,2-Car,No injury/unknown,FOLLOWING TOO CLOSELY,COUNTRY CLUB DR & ROCKPORT,39.136411,-86.54764705
902313050,2022,10,2,1200,Weekday,2-Car,No injury/unknown,UNSAFE BACKING,EAST WINSLOW RD,39.136391,-86.527824
902262639,2022,7,4,1500,Weekday,1-Car,No injury/unknown,RAN OFF ROAD RIGHT,E ROGERS ST & WINDINGBROOK,39.136368,-86.505056
902301250,2022,9,2,1700,Weekday,3+ Cars,No injury/unknown,FOLLOWING TOO CLOSELY,BANTA & COUNTRY CLUB DR,39.13636571,-86.54635358
902247830,2022,6,4,1100,Weekday,2-Car,Non-incapacitating,FAILURE TO YIELD RIGHT OF WAY,1000 BLK W COUNTRY CLUB DR & ROCKPORT,39.13636165,-86.54623778
902243609,2022,6,3,1300,Weekday,2-Car,No injury/unknown,FAILURE TO YIELD RIGHT OF WAY,HENDERSON ST & WINSLOW,39.13634996,-86.5267951
902336158,2022,11,2,900,Weekday,2-Car,No injury/unknown,FOLLOWING TOO CLOSELY,ROCKPORT & TAPP,39.13634978,-86.54875003
902288648,2022,8,6,1900,Weekend,2-Car,Incapacitating,DISREGARD SIGNAL/REG SIGN,COUNTRY CLUB RD & ROCKPORT,39.13634978,-86.54875002
902321381,2022,10,1,1700,Weekend,2-Car,Incapacitating,FOLLOWING TOO CLOSELY,BANTA & COUNTRY CLUB,39.13634103,-86.54564895
902277127,2022,8,5,1300,Weekday,2-Car,No injury/unknown,LEFT OF CENTER,S BANTA & W COUNTRY CLUB DR,39.136304,-86.544592
902281651,2022,8,7,1900,Weekend,3+ Cars,Non-incapacitating,FOLLOWING TOO CLOSELY,BANTA & COUNTRY CLUB DR,39.136304,-86.544592
902293649,2022,9,2,1600,Weekday,2-Car,No injury/unknown,DRIVER DISTRACTED - EXPLAIN IN NARRATIVE,BANTA & COUNTRY CLUB DR,39.136304,-86.544592
902316637,2022,10,7,2100,Weekend,2-Car,Non-incapacitating,FOLLOWING TOO CLOSELY,BANTA & COUNTRY CLUB,39.13629254,-86.54423964
902196042,2022,3,2,1400,Weekday,2-Car,No injury/unknown,FOLLOWING TOO CLOSELY,S BANTA & W COUNTRY CLUB DR,39.13624987,-86.54482997
902221936,2022,4,3,1700,Weekday,2-Car,No injury/unknown,FOLLOWING TOO CLOSELY,COUNTRY CLUB DR & MILTON,39.13615095,-86.53988873
902249759,2022,6,1,1000,Weekend,Moped/Motorcycle,Non-incapacitating,OTHER (DRIVER) - EXPLAIN IN NARRATIVE,HENDERSON & WINSLOW RD,39.136144,-86.52644733
902179059,2022,2,6,1100,Weekday,2-Car,Non-incapacitating,FOLLOWING TOO CLOSELY,FAIRINGTON & LEONARD SPRINGS RD,39.136144,-86.582496
902159143,2022,1,3,700,Weekday,2-Car,Non-incapacitating,FAILURE TO YIELD RIGHT OF WAY,WALNUT ST & WINSLOW RD,39.136144,-86.528688
902204920,2022,3,3,800,Weekday,2-Car,Non-incapacitating,FAILURE TO YIELD RIGHT OF WAY,WALNUT ST & WINSLOW RD,39.136144,-86.528688
902206089,2022,3,5,1700,Weekday,2-Car,No injury/unknown,FAILURE TO YIELD RIGHT OF WAY,EAST WINSLOW & SOUTH WALNUT ST,39.136144,-86.528688
902252816,2022,6,6,1500,Weekday,2-Car,No injury/unknown,IMPROPER PASSING,E WINSLOW RD & S WALNUT,39.136144,-86.528688
902253610,2022,6,1,2000,Weekday,Pedestrian,Non-incapacitating,RAN OFF ROAD RIGHT,WALNUT STREET PIKE & WINSLOW,39.136144,-86.528688
902272348,2022,7,3,1300,Weekday,2-Car,Non-incapacitating,FOLLOWING TOO CLOSELY,E WINSLOW RD & SOUTH WALNUT,39.136144,-86.528688
902276393,2022,8,2,2000,Weekday,2-Car,No injury/unknown,FAILURE TO YIELD RIGHT OF WAY,E WINSLOW & S WALNUT ST,39.136144,-86.528688
902305429,2022,9,3,1100,Weekday,2-Car,No injury/unknown,UNSAFE LANE MOVEMENT,SOUTH WALNUT ST & WINSLOW,39.136144,-86.528688
902310981,2022,10,4,1800,Weekday,2-Car,No injury/unknown,FOLLOWING TOO CLOSELY,WALNUT ST & WINSLOW,39.136144,-86.528688
902319038,2022,10,4,900,Weekday,2-Car,No injury/unknown,OTHER TELEMATICS IN USE,E WINSLOW & S WALNUT,39.136144,-86.528688
902320637,2022,10,6,1300,Weekday,2-Car,No injury/unknown,FOLLOWING TOO CLOSELY,WALNUT & WINSLOW,39.136144,-86.528688
902353779,2022,12,1,1800,Weekend,1-Car,No injury/unknown,RAN OFF ROAD RIGHT,E WINSLOW & S WALNUT STREET,39.136144,-86.528688
902326900,2022,11,2,1400,Weekday,2-Car,No injury/unknown,DISREGARD SIGNAL/REG SIGN,WALNUT & WINSLOW,39.136144,-86.528688
902328932,2022,11,5,1800,Weekday,2-Car,No injury/unknown,FOLLOWING TOO CLOSELY,WALNUT & WINSLOW,39.136144,-86.528688
902344332,2022,11,7,900,Weekend,2-Car,No injury/unknown,FAILURE TO YIELD RIGHT OF WAY,WALNUT & WINSLOW,39.136144,-86.528688
902344712,2022,11,7,1700,Weekend,2-Car,No injury/unknown,FAILURE TO YIELD RIGHT OF WAY,WALNUT STREET & WINSLOW,39.136144,-86.528688
902353014,2022,12,6,1700,Weekday,2-Car,No injury/unknown,FAILURE TO YIELD RIGHT OF WAY,E WINSLOW & S WALNUT,39.136144,-86.528688
902231786,2022,5,2,1400,Weekday,2-Car,No injury/unknown,FOLLOWING TOO CLOSELY,HENDERSON ST & WINSLOW,39.136144,-86.5268
902259015,2022,7,4,1300,Weekday,2-Car,No injury/unknown,FAILURE TO YIELD RIGHT OF WAY,E WINSLOW RD & S HENDERSON,39.136144,-86.5268
902293726,2022,9,2,1400,Weekday,1-Car,No injury/unknown,IMPROPER TURNING,E WINSLOW RD & S HENDERSON,39.136144,-86.5268
902335595,2022,11,1,1700,Weekend,2-Car,No injury/unknown,DISREGARD SIGNAL/REG SIGN,HENDERSON & WINSLOW,39.136144,-86.5268
902197040,2022,3,3,1200,Weekday,2-Car,No injury/unknown,UNSAFE BACKING,E WINSLOW RD,39.136144,-86.525776
902249651,2022,6,7,2300,Weekend,1-Car,No injury/unknown,ANIMAL/OBJECT IN ROADWAY,BURBERRY & WINSLOW RD,39.136144,-86.52296
902291198,2022,9,4,1600,Weekday,Bus,No injury/unknown,UNSAFE BACKING,E WINSLOW & S BURBERRY LN,39.136144,-86.52296
902150326,2022,1,5,800,Weekday,1-Car,No injury/unknown,RAN OFF ROAD RIGHT,WESTMINSTER WAY & WINSLOW,39.136144,-86.521888
902227081,2022,5,7,1000,Weekend,2-Car,No injury/unknown,OTHER (DRIVER) - EXPLAIN IN NARRATIVE,S WALNUT & WINSLOW RD,39.13613411,-86.52798283
902255580,2022,6,5,900,Weekday,2-Car,Non-incapacitating,FAILURE TO YIELD RIGHT OF WAY,WALNUT & WINSLOW RD,39.13613411,-86.52798283
902272915,2022,7,4,1400,Weekday,2-Car,No injury/unknown,FOLLOWING TOO CLOSELY,COUNTRY CLUB DR & MILTON,39.136128,-86.539184
902285353,2022,8,1,1300,Weekend,2-Car,No injury/unknown,FAILURE TO YIELD RIGHT OF WAY,LEONARD SPRINGS & SR45E,39.1361084,-86.58261108
902241760,2022,5,6,1300,Weekday,2-Car,No injury/unknown,FAILURE TO YIELD RIGHT OF WAY,S ROGERS & W COUNTRY CLUB DR,39.13608,-86.538096
902252880,2022,6,6,2100,Weekend,2-Car,Non-incapacitating,DISREGARD SIGNAL/REG SIGN,COUNTRY CLUB & ROGERS ST,39.13608,-86.538096
902273019,2022,7,4,1600,Weekday,3+ Cars,Non-incapacitating,FOLLOWING TOO CLOSELY,S ROGERS ST & W COUNTRY CLUB,39.13608,-86.538096
902273978,2022,8,6,1300,Weekday,2-Car,No injury/unknown,CELL PHONE USAGE,COUNTRY CLUB DR & ROGERS,39.13608,-86.538096
902357182,2022,12,5,1800,Weekday,2-Car,No injury/unknown,FOLLOWING TOO CLOSELY,COUNTRY CLUB & ROGERS,39.13608,-86.538096
902341134,2022,11,1,1600,Weekend,2-Car,No injury/unknown,FOLLOWING TOO CLOSELY,S ROGERS & W COUNTRY CLUB,39.13608,-86.538096