Master Record Number,Year,Month,Day,Hour,Weekend,Collision Type,Injury Type,Primary Factor,Reported_Location,Latitude,Longitude
902348613,2022,12,7,800,Weekend,2-Car,No injury/unknown,LEFT OF CENTER,S ROGERS & W COUNTRY CLUB,39.13608,-86.538096
902352546,2022,12,6,1000,Weekday,2-Car,No injury/unknown,DRIVER DISTRACTED - EXPLAIN IN NARRATIVE,COUNTRY CLUB & ROGERS,39.13608,-86.538096
902226612,2022,5,6,1000,Weekday,2-Car,No injury/unknown,OTHER (DRIVER) - EXPLAIN IN NARRATIVE,E WINSLOW RD,39.13608,-86.529792
902214221,2022,4,2,1600,Weekday,2-Car,No injury/unknown,FAILURE TO YIELD RIGHT OF WAY,SOUTH MADISON & WEST COUNTRY CLUB RD,39.136048,-86.536992
902282236,2022,8,2,1100,Weekday,2-Car,Non-incapacitating,FOLLOWING TOO CLOSELY,COUNTRY CLUB DR & MADISON,39.136048,-86.536992
902309229,2022,10,3,0,Weekday,1-Car,No injury/unknown,ANIMAL/OBJECT IN ROADWAY,HIGHLAND & WINSLOW RD,39.136048,-86.518496
902311502,2022,10,6,1200,Weekday,2-Car,No injury/unknown,FAILURE TO YIELD RIGHT OF WAY,E WINSLOW RD & S HIGHLAND,39.136048,-86.518496
902169359,2022,1,6,1400,Weekday,2-Car,Non-incapacitating,FOLLOWING TOO CLOSELY,COUNTRY CLUB & SOUTH RODGERS RD,39.13603999,-86.53826996
902342253,2022,11,3,700,Weekday,2-Car,No injury/unknown,DISREGARD SIGNAL/REG SIGN,HENDERSON & WINSLOW,39.13603999,-86.52687997
902224665,2022,4,2,1500,Weekday,2-Car,No injury/unknown,FOLLOWING TOO CLOSELY,COUNTRY CLUB DR & MADISON,39.13603092,-86.53664001
902202906,2022,3,5,1100,Weekday,2-Car,No injury/unknown,FAILURE TO YIELD RIGHT OF WAY,DUNCAN & SR45W,39.13602845,-86.5949745
902215886,2022,4,5,1700,Weekday,2-Car,Non-incapacitating,FOLLOWING TOO CLOSELY,MADISON & W COUNTRY CLUB RD,39.13600981,-86.53712343
902314809,2022,10,4,1700,Weekday,2-Car,No injury/unknown,FOLLOWING TOO CLOSELY,PICCADILLY & WINSLOW,39.13599975,-86.52448006
902238059,2022,5,7,700,Weekend,2-Car,Non-incapacitating,IMPROPER TURNING,ACADIA & WINSLOW RD,39.13599975,-86.51902981
902181827,2022,2,3,600,Weekday,2-Car,No injury/unknown,FAILURE TO YIELD RIGHT OF WAY,WALNUT STREET & WINSLOW RD,39.1359897,-86.52879976
902205395,2022,3,4,1000,Weekday,2-Car,Non-incapacitating,FAILURE TO YIELD RIGHT OF WAY,WALNUT ST & WINSLOW RD,39.1359897,-86.52879975
902240294,2022,5,3,1600,Weekday,2-Car,No injury/unknown,FAILURE TO YIELD RIGHT OF WAY,WALNUT STREET & WINSLOW RD,39.1359897,-86.52879975
902338431,2022,11,2,1300,Weekday,2-Car,No injury/unknown,OTHER (DRIVER) - EXPLAIN IN NARRATIVE,100 E WINSLOW & S WALNUT,39.13597209,-86.53111957
902331311,2022,11,2,1600,Weekday,2-Car,No injury/unknown,UNSAFE LANE MOVEMENT,S WALNUT & WINSLOW,39.13597025,-86.53110981
902338784,2022,11,4,1500,Weekday,2-Car,No injury/unknown,DISREGARD SIGNAL/REG SIGN,WALNUT & WINSLOW,39.13597025,-86.53110981
902215981,2022,4,5,1300,Weekday,2-Car,Non-incapacitating,FOLLOWING TOO CLOSELY,E WINSLOW & S WALNUT ST,39.13597025,-86.5311098
902224397,2022,4,2,800,Weekday,2-Car,No injury/unknown,FAILURE TO YIELD RIGHT OF WAY,COUNTRY CLUB & S WALNUT ST,39.13597025,-86.5311098
902321688,2022,10,2,800,Weekday,Cyclist,Non-incapacitating,FAILURE TO YIELD RIGHT OF WAY,WALNUT & WINLSOW,39.13597025,-86.5311098
902280318,2022,8,5,800,Weekday,Pedestrian,Non-incapacitating,PEDESTRIAN ACTION,COUNTRY CLUB & WALNUT ST,39.13597025,-86.5311098
902290122,2022,9,3,800,Weekday,2-Car,No injury/unknown,DRIVER DISTRACTED - EXPLAIN IN NARRATIVE,COUNTRY CLUB DR & S WALNUT,39.13597025,-86.5311098
902306003,2022,10,4,800,Weekday,2-Car,No injury/unknown,FAILURE TO YIELD RIGHT OF WAY,S WALNUT ST & W COUNTRY SLUB,39.13597025,-86.5311098
902270461,2022,7,6,800,Weekday,2-Car,No injury/unknown,FAILURE TO YIELD RIGHT OF WAY,COUNTRY CLUB DR & WALNUT,39.13597025,-86.53110115
902352062,2022,12,5,1500,Weekday,2-Car,No injury/unknown,FAILURE TO YIELD RIGHT OF WAY,ROGERS & SARE,39.13595475,-86.49653651
902303870,2022,9,6,1800,Weekday,2-Car,No injury/unknown,FAILURE TO YIELD RIGHT OF WAY,FARINGTON & LEONARD SPRINGS RD,39.13588978,-86.58261023
902199528,2022,3,1,900,Weekend,2-Car,No injury/unknown,FAILURE TO YIELD RIGHT OF WAY,S ROGERS RD & S SARE,39.13584,-86.496288
902246982,2022,6,3,200,Weekday,1-Car,Non-incapacitating,ANIMAL/OBJECT IN ROADWAY,ROGERS RD & SMITH,39.1358349,-86.4812013
902364173,2022,12,4,1700,Weekday,2-Car,No injury/unknown,LEFT OF CENTER,E ROGERS & S HIGHPOINT,39.135808,-86.484912
902363307,2022,12,4,2300,Weekday,2-Car,No injury/unknown,OTHER (DRIVER) - EXPLAIN IN NARRATIVE,ROGERS & SNODDY,39.13579993,-86.48963012
902162866,2022,1,6,700,Weekday,1-Car,No injury/unknown,OVERCORRECTING/OVERSTEERING,ROGERS RD & SMITH,39.13579885,-86.48578574
902165341,2022,1,2,1200,Weekday,2-Car,No injury/unknown,UNSAFE BACKING,WEST COTA DR,39.13568191,-86.56878881
902312076,2022,10,2,1700,Weekday,2-Car,No injury/unknown,SPEED TOO FAST FOR WEATHER CONDITIONS,SR37S & TAPP,39.13566671,-86.572896
902160351,2022,1,4,1300,Weekday,2-Car,No injury/unknown,SPEED TOO FAST FOR WEATHER CONDITIONS,INVERNESS WOODS & KNIGHTSRIDGE RDS,39.135648,-86.462496
902238707,2022,5,1,2200,Weekday,2-Car,No injury/unknown,OTHER (DRIVER) - EXPLAIN IN NARRATIVE,SOUTH STATE ROAD 446 RD,39.135648,-86.462248
902294295,2022,9,2,0,Weekday,1-Car,No injury/unknown,RAN OFF ROAD RIGHT,446 & KNIGHT RIDGE RD,39.135648,-86.462
902311092,2022,10,3,2300,Weekday,2-Car,No injury/unknown,RAN OFF ROAD RIGHT,FAIRINGTON DR,39.13562393,-86.57837677
902322928,2022,10,3,1600,Weekday,2-Car,Non-incapacitating,FOLLOWING TOO CLOSELY,S WALNUT & W COUNTRY CLUB,39.13531988,-86.5277195
902208578,2022,3,3,2200,Weekday,2-Car,No injury/unknown,LEFT OF CENTER,S LEONARD SPRINGS RD & WEST BARGE,39.135248,-86.582496
902259013,2022,7,4,1700,Weekday,2-Car,Non-incapacitating,FAILURE TO YIELD RIGHT OF WAY,2910 SOUTH LEONARD SPRINGS RD & BARGE,39.135248,-86.582496
902192649,2022,2,3,1700,Weekday,3+ Cars,No injury/unknown,UNSAFE SPEED,S DUNCAN & SR45W,39.13504,-86.596192
902259030,2022,7,3,1600,Weekday,2-Car,No injury/unknown,FOLLOWING TOO CLOSELY,DUNCAN & SR45W,39.13504,-86.596192
902323953,2022,10,5,1200,Weekday,2-Car,No injury/unknown,UNSAFE BACKING,S WALNUT,39.13493114,-86.52778394
902302904,2022,9,4,1400,Weekday,2-Car,No injury/unknown,UNSAFE BACKING,SOUTH WALNUT ST,39.13493114,-86.52778394
902294410,2022,9,2,1100,Weekday,2-Car,No injury/unknown,FAILURE TO YIELD RIGHT OF WAY,INDIAN CREEK & YONKERS ST,39.13480833,-86.57432706
902280160,2022,8,4,1700,Weekday,3+ Cars,Incapacitating,FOLLOWING TOO CLOSELY,SR37S & TAPP,39.13429342,-86.572896
902258409,2022,7,3,1900,Weekday,Moped/Motorcycle,Incapacitating,UNSAFE SPEED,ROCKPORT RD & TAPP,39.13426528,-86.55084379
902347085,2022,12,4,1500,Weekday,2-Car,No injury/unknown,IMPROPER TURNING,S MCINTIRE,39.13425827,-86.57065582
902320236,2022,10,6,800,Weekday,2-Car,No injury/unknown,UNSAFE BACKING,SOUTH HENDERSON & SOUTH WALNUT STREET,39.13412941,-86.52686329
902222840,2022,4,4,1300,Weekday,1-Car,Incapacitating,RAN OFF ROAD RIGHT,DUNCAN & SR45W,39.13411967,-86.59750076
902357894,2022,12,7,1100,Weekend,2-Car,No injury/unknown,UNSAFE SPEED,AIRPORT & SR45,39.1340255,-86.59763467
902354501,2022,12,2,1800,Weekday,1-Car,No injury/unknown,ANIMAL/OBJECT IN ROADWAY,BUNGER & SR45W,39.13391113,-86.60557329
902245418,2022,5,4,2300,Weekday,2-Car,No injury/unknown,UNSAFE LANE MOVEMENT,S LEONARD SPRINGS RD,39.133808,-86.58258358
902353662,2022,12,7,1600,Weekend,2-Car,No injury/unknown,UNSAFE BACKING,ROLLING RIDGE,39.133744,-86.50592
902359975,2022,12,7,800,Weekend,1-Car,No injury/unknown,SPEED TOO FAST FOR WEATHER CONDITIONS,HOFF & W GARDNER,39.133376,-86.648848
902362131,2022,12,7,800,Weekend,2-Car,No injury/unknown,SPEED TOO FAST FOR WEATHER CONDITIONS,HOFF & W GARDNER,39.133376,-86.648848
902278969,2022,8,2,1300,Weekday,2-Car,Non-incapacitating,DISREGARD SIGNAL/REG SIGN,COUNTRY CLUB & ROGERS ST,39.13304,-86.5384
902337833,2022,11,3,1500,Weekday,2-Car,Incapacitating,FAILURE TO YIELD RIGHT OF WAY,COUNTRY CLUB & ROGERS,39.13304,-86.5384
902158525,2022,1,2,1100,Weekday,2-Car,Non-incapacitating,OTHER (DRIVER) - EXPLAIN IN NARRATIVE,EAST DRIVE SHERWOOD OAKS CHURC & SARE RD,39.13296474,-86.49876237
902260923,2022,6,2,1400,Weekday,2-Car,No injury/unknown,FOLLOWING TOO CLOSELY,SR37S & TAPP,39.13292012,-86.572896
902263726,2022,7,6,1800,Weekday,2-Car,Non-incapacitating,FAILURE TO YIELD RIGHT OF WAY,S LIBERTY DR & W 3RD,39.13288687,-86.57913006
902322839,2022,10,3,1500,Weekday,Bus,No injury/unknown,IMPROPER PASSING,3RD & LIBERTY,39.13288687,-86.57913006
902298351,2022,9,4,800,Weekday,2-Car,No injury/unknown,FAILURE TO YIELD RIGHT OF WAY,COMMONS & WESTMINSTER DR,39.132688,-86.52144
902223245,2022,4,5,1000,Weekday,2-Car,No injury/unknown,UNSAFE BACKING,3RD & HAWTHORNE AVE,39.13252708,-86.52008995
902317947,2022,10,7,1200,Weekend,2-Car,No injury/unknown,,SOUTH PARK RIDGE,39.132096,-86.531072
902301784,2022,9,3,2100,Weekday,Moped/Motorcycle,Non-incapacitating,RAN OFF ROAD RIGHT,S ROGERS ST & W FAIRWAY,39.13192011,-86.53851002
902298078,2022,9,3,1900,Weekday,1-Car,No injury/unknown,RAN OFF ROAD RIGHT,BEACH & DAPHNE DR,39.13187198,-86.60368032
902199460,2022,3,7,1000,Weekend,1-Car,No injury/unknown,RAN OFF ROAD RIGHT,S OAK RIDGE & SR446S,39.13166281,-86.44815467
902260472,2022,7,5,2200,Weekday,Moped/Motorcycle,Non-incapacitating,FAILURE TO YIELD RIGHT OF WAY,CEDAR CHASE & LEONARD SPRINGS RD,39.131648,-86.582496
902345164,2022,12,2,900,Weekday,2-Car,No injury/unknown,FAILURE TO YIELD RIGHT OF WAY,CEDAR CHASE & LEONARD SPRINGS,39.131648,-86.582496
902224595,2022,4,5,2100,Weekday,2-Car,No injury/unknown,UNSAFE BACKING,MARKET & MAYBERRY MALL RD,39.131648,-86.5808
902298057,2022,9,2,1700,Weekday,2-Car,No injury/unknown,FOLLOWING TOO CLOSELY,S SWARTZ RIDGE RD & SR446S,39.1316,-86.447968
902303944,2022,9,6,1400,Weekday,1-Car,No injury/unknown,OTHER (ENVIRONMENTAL) - EXPLAIN IN NARR,SR37 & TAPP,39.13154683,-86.572896
902201034,2022,3,3,2000,Weekday,Bus,No injury/unknown,UNSAFE LANE MOVEMENT,W GORDON PIKE,39.13152,-86.677664
902285265,2022,8,1,2200,Weekday,1-Car,No injury/unknown,OTHER (DRIVER) - EXPLAIN IN NARRATIVE,WEST GARDNER RD,39.13152,-86.677664
901280164,2022,9,4,2100,Weekday,3+ Cars,No injury/unknown,UNSAFE BACKING,MAYBURY MALL RD,39.13146481,-86.58125004
902179307,2022,2,6,1100,Weekday,1-Car,No injury/unknown,RAN OFF ROAD RIGHT,DUNSTAN & E ALLENDALE DR,39.13144,-86.516688
902308093,2022,10,7,2200,Weekend,1-Car,No injury/unknown,RAN OFF ROAD RIGHT,GREEN RD & ROGERS,39.13112015,-86.53855025
902363195,2022,12,4,1700,Weekday,2-Car,No injury/unknown,FAILURE TO YIELD RIGHT OF WAY,S OAKLAWN,39.13105011,-86.5005722
902270244,2022,7,5,1500,Weekday,2-Car,No injury/unknown,FOLLOWING TOO CLOSELY,ALLENDALE & WALNUT ST PIKE,39.130944,-86.526688
902285318,2022,8,1,1000,Weekend,1-Car,No injury/unknown,RAN OFF ROAD RIGHT,S BAINBRIDGE DR,39.13076637,-86.51974465
902187789,2022,2,2,1600,Weekday,1-Car,No injury/unknown,HOLES/RUTS IN SURFACE,S LIBERTY DR & W CONSTITUTION,39.13006024,-86.57687221
902189633,2022,2,3,1500,Weekday,3+ Cars,No injury/unknown,FOLLOWING TOO CLOSELY,LOIS LN & S ROGERS,39.12984,-86.538496
902176057,2022,2,3,100,Weekday,1-Car,No injury/unknown,OTHER (DRIVER) - EXPLAIN IN NARRATIVE,OAKLAWN CT,39.12961578,-86.50189208
902203790,2022,3,7,1000,Weekend,2-Car,No injury/unknown,UNSAFE BACKING,S OLD SR 37 RD & S ORHCARD LANE,39.12949229,-86.53130024
902323996,2022,10,3,1800,Weekday,3+ Cars,No injury/unknown,FOLLOWING TOO CLOSELY,BUNGER & SR45,39.12949215,-86.60413311
902224705,2022,4,2,1700,Weekday,2-Car,Non-incapacitating,FOLLOWING TOO CLOSELY,S ROGERS ST & W HILLSIDE,39.12942888,-86.53876014
902232329,2022,5,3,800,Weekday,2-Car,No injury/unknown,IMPROPER TURNING,S KNIGHTRIDGE RD,39.12939835,-86.44329071
902266818,2022,7,5,1700,Weekday,2-Car,No injury/unknown,FAILURE TO YIELD RIGHT OF WAY,BUNGER & SR45S,39.12936,-86.604336
902316353,2022,10,6,1300,Weekday,2-Car,No injury/unknown,FOLLOWING TOO CLOSELY,SR45W & W BUNGER,39.12936,-86.604336
902317832,2022,10,2,1600,Weekday,3+ Cars,No injury/unknown,FOLLOWING TOO CLOSELY,S BUNGER & SR45W,39.12936,-86.604336
902327650,2022,11,4,500,Weekday,1-Car,No injury/unknown,ANIMAL/OBJECT IN ROADWAY,BUNGER & SR45W,39.12936,-86.604336
902210162,2022,3,7,1500,Weekend,1-Car,No injury/unknown,RAN OFF ROAD RIGHT,ELWREN RD,39.12905133,-86.6612091
902230285,2022,5,4,2000,Weekday,2-Car,No injury/unknown,FOLLOWING TOO CLOSELY,BUNGER & SR45W,39.12900841,-86.60487788
902205348,2022,3,3,1300,Weekday,1-Car,Incapacitating,RAN OFF ROAD RIGHT,S FAIRFAX RD & S MCCORMICK,39.12842232,-86.50779001
902207885,2022,3,2,2200,Weekday,1-Car,No injury/unknown,OTHER (VEHICLE) - EXPLAIN IN NARRATIVE,LEONARD SPRINGS RD & WOODHAVEN,39.128368,-86.58256
902328689,2022,11,5,1000,Weekday,2-Car,No injury/unknown,FAILURE TO YIELD RIGHT OF WAY,LEONARD SRPINGS & WOODHAVEN,39.128368,-86.58256
902171976,2022,1,2,1100,Weekday,2-Car,No injury/unknown,OTHER (DRIVER) - EXPLAIN IN NARRATIVE,E CREEKS EDGE DR,39.12821665,-86.50074921
902154500,2022,1,3,1700,Weekday,2-Car,No injury/unknown,IMPROPER TURNING,WALNUT STREET PIKE,39.12806578,-86.52683369
902312977,2022,10,2,900,Weekday,2-Car,Non-incapacitating,FOLLOWING TOO CLOSELY,SR45W & W ISON,39.128,-86.606432
902199407,2022,3,7,2300,Weekend,1-Car,Non-incapacitating,DRIVER ASLEEP OR FATIGUED,1625 HENESSY ST & MCDOUGAL,39.12790757,-86.55618934
902223835,2022,4,7,2100,Weekend,Moped/Motorcycle,Incapacitating,FAILURE TO YIELD RIGHT OF WAY,HWY 45 RD & ISON,39.12787971,-86.60651207
902213124,2022,4,6,1800,Weekday,2-Car,No injury/unknown,UNSAFE BACKING,S EASTMONT AVE & S WALTER,39.127632,-86.617376
902358391,2022,12,2,0,Weekday,2-Car,Incapacitating,DRIVER DISTRACTED - EXPLAIN IN NARRATIVE,SOUTH ROGERS & WEST TERRACE,39.127616,-86.538688
902346721,2022,12,3,2200,Weekday,2-Car,No injury/unknown,SPEED TOO FAST FOR WEATHER CONDITIONS,SOUTH MCDOUGAL & WEST LOCKVIEW,39.1273503,-86.55407019
902274084,2022,8,6,1400,Weekday,2-Car,No injury/unknown,OTHER (DRIVER) - EXPLAIN IN NARRATIVE,WALNUT ST PIKE,39.12716835,-86.52677353
902153488,2022,1,2,1200,Weekday,2-Car,No injury/unknown,ROADWAY SURFACE CONDITION,HEATHERWOOD & LEONARD SPRINGS RD,39.126976,-86.582464
902176627,2022,2,2,2000,Weekday,1-Car,No injury/unknown,RAN OFF ROAD RIGHT,HEATHERWOOD LN & LEONARD SPRINGS,39.126976,-86.582464
902286973,2022,8,2,2200,Weekday,1-Car,Non-incapacitating,DRIVER ASLEEP OR FATIGUED,N BOTTOM & SR37S,39.12682515,-86.54193017
902216358,2022,4,6,1600,Weekday,3+ Cars,Non-incapacitating,FOLLOWING TOO CLOSELY,BURKS & WALNUT ST,39.12666969,-86.53136998
902251053,2022,6,3,1600,Weekday,3+ Cars,Non-incapacitating,FOLLOWING TOO CLOSELY,BURKS & WALNUT ST,39.12666969,-86.53136998
902320359,2022,10,6,1100,Weekday,2-Car,No injury/unknown,FOLLOWING TOO CLOSELY,BURKS & S WALNUT,39.12666969,-86.53136998
902233880,2022,4,5,1100,Weekday,2-Car,No injury/unknown,FAILURE TO YIELD RIGHT OF WAY,SOUTH STATE ROAD 37 HWY,39.12660505,-86.5726527
902196481,2022,3,3,800,Weekday,2-Car,No injury/unknown,FAILURE TO YIELD RIGHT OF WAY,CANADA & S SARE RD,39.12658989,-86.50429978
902199112,2022,3,6,0,Weekday,2-Car,No injury/unknown,UNSAFE BACKING,E BURKS DR & ODELL,39.12654027,-86.52875597
902272022,2022,7,2,1900,Weekday,Cyclist,Non-incapacitating,FAILURE TO YIELD RIGHT OF WAY,BURKS & WALNUT SPRINGS DR,39.12654027,-86.52873001
902248055,2022,6,4,1300,Weekday,2-Car,No injury/unknown,UNSAFE BACKING,S ODELL DR,39.12644841,-86.52893185
902297964,2022,9,2,1600,Weekday,2-Car,No injury/unknown,UNSAFE SPEED,SR37 & W FULLERTON,39.12635975,-86.57267824
902241122,2022,5,2,1000,Weekday,2-Car,No injury/unknown,UNSAFE BACKING,S WALNUT ST PIKE,39.12631655,-86.52674475
902363227,2022,12,4,1900,Weekday,2-Car,No injury/unknown,FOLLOWING TOO CLOSELY,S WALNUT & W PINEWOOD,39.12623704,-86.53143033
902337890,2022,11,3,2000,Weekday,1-Car,No injury/unknown,RAN OFF ROAD RIGHT,HEATHER & SHERBROOKE,39.12584022,-86.51970975
902188974,2022,2,2,700,Weekday,2-Car,No injury/unknown,LEFT OF CENTER,EAST BURKS DR & KENNEDY,39.12580239,-86.52801375
902194649,2022,3,7,1700,Weekend,2-Car,No injury/unknown,LEFT OF CENTER,HEATHER & LAURA WAY,39.12578993,-86.51912972
902282082,2022,8,2,900,Weekday,2-Car,Incapacitating,FAILURE TO YIELD RIGHT OF WAY,BURKS & S WALNUT STREET PIKE,39.12556998,-86.5267197
902235741,2022,5,7,2200,Weekend,2-Car,No injury/unknown,OTHER (DRIVER) - EXPLAIN IN NARRATIVE,WEST STATE ROAD 45,39.125552,-86.610192
902262099,2022,7,2,1500,Weekday,2-Car,No injury/unknown,FAILURE TO YIELD RIGHT OF WAY,W STATE ROAD 45,39.125552,-86.610192
902289490,2022,9,2,1000,Weekday,2-Car,No injury/unknown,FAILURE TO YIELD RIGHT OF WAY,S GILLHAM & SR45W,39.12546303,-86.61030469
902184833,2022,2,6,1400,Weekday,2-Car,Non-incapacitating,SPEED TOO FAST FOR WEATHER CONDITIONS,SOUTH WALNUT ST & WEST COUNTRY CLUB,39.12540354,-86.53110981
902169361,2022,1,6,1600,Weekday,2-Car,No injury/unknown,UNSAFE BACKING,SR45W,39.125312,-86.610496
902173351,2022,1,3,1400,Weekday,2-Car,No injury/unknown,FAILURE TO YIELD RIGHT OF WAY,STATE ROAD 45 HWY,39.125312,-86.610496
902184691,2022,2,6,1500,Weekday,2-Car,No injury/unknown,SPEED TOO FAST FOR WEATHER CONDITIONS,W STATE RD 45 RD,39.125312,-86.610496
902188517,2022,2,5,1000,Weekday,2-Car,No injury/unknown,UNSAFE BACKING,SR45W,39.125312,-86.610496
902195072,2022,2,6,1900,Weekend,2-Car,No injury/unknown,IMPROPER TURNING,W STATE ROAD 45 RD,39.125312,-86.610496
902195372,2022,2,6,1800,Weekday,2-Car,No injury/unknown,UNSAFE LANE MOVEMENT,W SR 45 RD,39.125312,-86.610496
902222477,2022,4,4,2000,Weekday,2-Car,No injury/unknown,UNSAFE BACKING,SR45W,39.125312,-86.610496
902223794,2022,4,7,1500,Weekend,2-Car,No injury/unknown,UNSAFE BACKING,W STATE ROAD 45 HWY,39.125312,-86.610496
902225852,2022,4,4,1400,Weekday,2-Car,No injury/unknown,UNSAFE BACKING,W SR 45 RD,39.125312,-86.610496
902226450,2022,4,2,1300,Weekday,2-Car,No injury/unknown,UNSAFE BACKING,STATE ROAD 45 RD,39.125312,-86.610496
902229819,2022,5,1,1700,Weekend,1-Car,No injury/unknown,UNSAFE LANE MOVEMENT,WEST STATE ROAD 45 HWY,39.125312,-86.610496
902266078,2022,7,6,1900,Weekend,2-Car,No injury/unknown,OTHER (DRIVER) - EXPLAIN IN NARRATIVE,SR45W,39.125312,-86.610496
902271031,2022,7,5,1800,Weekday,2-Car,No injury/unknown,UNSAFE BACKING,WEST 45 HWY,39.125312,-86.610496
902272314,2022,7,1,1300,Weekend,3+ Cars,No injury/unknown,UNSAFE BACKING,W SR45 HWY,39.125312,-86.610496
902322419,2022,10,2,1200,Weekday,2-Car,No injury/unknown,FAILURE TO YIELD RIGHT OF WAY,W STATE ROAD 45,39.125312,-86.610496
902279929,2022,8,2,1800,Weekday,2-Car,No injury/unknown,UNSAFE BACKING,SR45W,39.125312,-86.610496
902288677,2022,8,5,2300,Weekday,2-Car,No injury/unknown,UNSAFE BACKING,WEST STATE ROAD 45 RD,39.125312,-86.610496
902290230,2022,9,3,1300,Weekday,2-Car,No injury/unknown,FAILURE TO YIELD RIGHT OF WAY,W STATE ROAD 45 RD,39.125312,-86.610496
902294842,2022,9,3,1600,Weekday,2-Car,No injury/unknown,IMPROPER TURNING,SR45W,39.125312,-86.610496
902295953,2022,9,6,300,Weekday,Moped/Motorcycle,Non-incapacitating,BRAKE FAILURE OR DEFECTIVE,W STATE RD 45 RD,39.125312,-86.610496
902303403,2022,9,6,1200,Weekday,2-Car,No injury/unknown,UNSAFE BACKING,W 45 HWY,39.125312,-86.610496
902303868,2022,9,2,1600,Weekday,2-Car,No injury/unknown,UNSAFE BACKING,SR45W,39.125312,-86.610496
902305932,2022,10,4,900,Weekday,2-Car,No injury/unknown,IMPROPER LANE USAGE,SR45W,39.125312,-86.610496
902314824,2022,10,4,1800,Weekday,2-Car,No injury/unknown,FAILURE TO YIELD RIGHT OF WAY,SR45W,39.125312,-86.610496
902328260,2022,11,4,1600,Weekday,2-Car,No injury/unknown,UNSAFE BACKING,STATE ROAD 45,39.125312,-86.610496
902329395,2022,11,6,1200,Weekday,2-Car,No injury/unknown,FAILURE TO YIELD RIGHT OF WAY,SR45W,39.125312,-86.610496
902337448,2022,11,3,1200,Weekday,2-Car,No injury/unknown,UNSAFE BACKING,SR45W,39.125312,-86.610496
902339909,2022,11,6,1200,Weekday,2-Car,No injury/unknown,OTHER (DRIVER) - EXPLAIN IN NARRATIVE,SR45W,39.125312,-86.610496
902341021,2022,11,7,1500,Weekend,2-Car,No injury/unknown,IMPROPER LANE USAGE,W STATE RD 45,39.125312,-86.610496
902346458,2022,12,2,1600,Weekday,2-Car,No injury/unknown,,W SR 45,39.125312,-86.610496
902349063,2022,12,7,1900,Weekend,2-Car,No injury/unknown,FAILURE TO YIELD RIGHT OF WAY,W ST RD 45,39.125312,-86.610496
902352664,2022,12,6,1200,Weekday,2-Car,No injury/unknown,UNSAFE BACKING,W ST RD 45,39.125312,-86.610496
902362715,2022,12,3,1700,Weekday,2-Car,No injury/unknown,IMPROPER LANE USAGE,SR45W,39.125312,-86.610496
902169360,2022,1,6,1500,Weekday,1-Car,No injury/unknown,RAN OFF ROAD RIGHT,SOUTH MCDOUGAL ST,39.12528992,-86.55259704
902258792,2022,7,4,600,Weekday,2-Car,No injury/unknown,UNSAFE BACKING,S MILL STONE WAY,39.12506161,-86.50869583
902277705,2022,8,3,400,Weekday,Bus,No injury/unknown,FAILURE TO YIELD RIGHT OF WAY,VERNAL & W INDUSTRIAL PARK DR,39.12451083,-86.56205981
902186024,2022,2,7,1100,Weekend,1-Car,No injury/unknown,UNSAFE SPEED,EAST CARDINAL GLEEN & S WALNUT STREET PIKE,39.12396075,-86.52653999
902223738,2022,4,7,1500,Weekend,2-Car,No injury/unknown,UNSAFE BACKING,S WALNUT ST,39.12392521,-86.52665691
902215353,2022,4,5,200,Weekday,1-Car,No injury/unknown,UNSAFE SPEED,HEATHER LN & S WALNUT ST,39.123856,-86.526656
902239064,2022,5,2,2300,Weekday,1-Car,No injury/unknown,RAN OFF ROAD RIGHT,FULLERTON & LEONARD SPRINGS RD,39.123376,-86.582592
902317045,2022,10,1,2200,Weekday,1-Car,No injury/unknown,ANIMAL/OBJECT IN ROADWAY,SR37S & W FULLERTON,39.12326906,-86.57157013
902245935,2022,6,2,1000,Weekday,2-Car,No injury/unknown,FAILURE TO YIELD RIGHT OF WAY,FULLERTON PIKE & SIMS,39.123248,-86.578192
902190386,2022,2,4,1500,Weekday,2-Car,No injury/unknown,FOLLOWING TOO CLOSELY,S ISON & SR45W,39.12318039,-86.60572814
902299328,2022,9,6,1900,Weekend,2-Car,Non-incapacitating,FOLLOWING TOO CLOSELY,S ISON & SR45W,39.12318039,-86.60572814
902280280,2022,8,3,1500,Weekday,2-Car,No injury/unknown,UNSAFE SPEED,GORDON & S WALNUT ST,39.12282328,-86.52669309
902263593,2022,7,5,1800,Weekday,2-Car,No injury/unknown,FAILURE TO YIELD RIGHT OF WAY,FULLERTON PIKE & JUDD,39.122448,-86.574
902311834,2022,10,3,1700,Weekday,2-Car,No injury/unknown,FAILURE TO YIELD RIGHT OF WAY,FULLERTON & SR37S,39.12244371,-86.57123701
902257802,2022,6,2,1500,Weekday,1-Car,No injury/unknown,RAN OFF ROAD RIGHT,ELLER & S GARRISON CHAPEL RD,39.122416,-86.64296
902302666,2022,9,4,1200,Weekday,2-Car,Non-incapacitating,OTHER (DRIVER) - EXPLAIN IN NARRATIVE,RHORER & WALNUT ST,39.12240003,-86.52655958