Master Record Number,Year,Month,Day,Hour,Weekend,Collision Type,Injury Type,Primary Factor,Reported_Location,Latitude,Longitude
902271391,2022,7,1,1900,Weekday,1-Car,No injury/unknown,RAN OFF ROAD RIGHT,DUNCAN & LEONARDSPRINGS RD,39.122352,-86.5964
902273061,2022,7,3,2000,Weekday,2-Car,No injury/unknown,LEFT OF CENTER,S DUNCAN & W LEONARD SPRINGS RD,39.122352,-86.5964
902271174,2022,7,7,1300,Weekend,2-Car,No injury/unknown,FOLLOWING TOO CLOSELY,FULLERTON & SR37S,39.122352,-86.5712
902295109,2022,9,5,700,Weekday,1-Car,No injury/unknown,ANIMAL/OBJECT IN ROADWAY,S STATE 37 & W FULLERTON PIKE,39.122352,-86.5712
902360532,2022,12,6,900,Weekday,2-Car,No injury/unknown,FAILURE TO YIELD RIGHT OF WAY,FULLERTON & SR37S,39.122352,-86.5712
902229814,2022,5,5,1700,Weekday,2-Car,Non-incapacitating,FOLLOWING TOO CLOSELY,ISON & W LEONARD SPRINGS RD,39.12230976,-86.60576976
902234290,2022,5,5,2100,Weekday,2-Car,No injury/unknown,FAILURE TO YIELD RIGHT OF WAY,S ISON & W LEONARD SPRINGS RD,39.12230976,-86.60576976
902181313,2022,2,6,800,Weekday,1-Car,No injury/unknown,ENGINE FAILURE OR DEFECTIVE,S CASSANDRA & W LEONARD SPRINGS RD,39.12228671,-86.61264768
902248606,2022,6,5,1500,Weekday,2-Car,No injury/unknown,FAILURE TO YIELD RIGHT OF WAY,3900 BLK S WALNUT ST & RHORER,39.12226288,-86.52655049
902235844,2022,5,6,1600,Weekday,2-Car,No injury/unknown,IMPROPER TURNING,ELLER & SR45W,39.12224,-86.6144
902245413,2022,6,5,1700,Weekday,2-Car,Non-incapacitating,FAILURE TO YIELD RIGHT OF WAY,FULLERTON & ROCKPORT RD,39.122224,-86.562688
902352061,2022,12,3,1700,Weekday,2-Car,No injury/unknown,UNSAFE LANE MOVEMENT,FULLERTON & SR37,39.12221377,-86.57112747
902184018,2022,2,5,1900,Weekday,2-Car,No injury/unknown,FOLLOWING TOO CLOSELY,SR37S & W FULLERTON,39.12221146,-86.57353973
902357589,2022,12,7,1000,Weekend,2-Car,No injury/unknown,UNSAFE LANE MOVEMENT,FULLERTON & SR37S,39.12221146,-86.57353973
902325312,2022,11,7,1300,Weekend,2-Car,Non-incapacitating,DISREGARD SIGNAL/REG SIGN,FULLERTON & SR37S,39.12221146,-86.57353973
902227826,2022,5,2,700,Weekday,Bus,No injury/unknown,FAILURE TO YIELD RIGHT OF WAY,SR37S & W FULLERTON,39.12221146,-86.57353973
902241005,2022,5,5,1800,Weekday,2-Car,No injury/unknown,FAILURE TO YIELD RIGHT OF WAY,SR37S & W FULLERTON,39.12221146,-86.57353973
902249881,2022,6,1,1800,Weekend,2-Car,Non-incapacitating,FAILURE TO YIELD RIGHT OF WAY,FULLERTON & SR37S,39.12221146,-86.57353973
902155376,2022,1,4,1100,Weekday,1-Car,No injury/unknown,SPEED TOO FAST FOR WEATHER CONDITIONS,FULLERTON PIKE & JUDD,39.12209988,-86.57401253
902271560,2022,7,2,800,Weekday,2-Car,No injury/unknown,FAILURE TO YIELD RIGHT OF WAY,SR37S & W THAT,39.12209401,-86.57097534
902354580,2022,12,3,200,Weekday,1-Car,Incapacitating,SPEED TOO FAST FOR WEATHER CONDITIONS,SR37S & WEST THAT,39.12202072,-86.57611847
902262098,2022,7,1,2200,Weekday,1-Car,No injury/unknown,ANIMAL/OBJECT IN ROADWAY,DUNLAP & SR45W,39.12196944,-86.61482007
902306697,2022,10,4,1500,Weekday,1-Car,Incapacitating,ANIMAL/OBJECT IN ROADWAY,E RHORER,39.1219368,-86.5036087
902291414,2022,9,4,1600,Weekday,1-Car,No injury/unknown,OBSTRUCTION NOT MARKED,FULLERTON & SR37S,39.1218974,-86.57080413
902162785,2022,1,6,1600,Weekday,1-Car,No injury/unknown,RAN OFF ROAD RIGHT,HARRELL & RHORER RD,39.121808,-86.4993129
902157821,2022,1,6,500,Weekday,1-Car,No injury/unknown,SPEED TOO FAST FOR WEATHER CONDITIONS,E RHORER & HARRELL RD,39.121808,-86.498784
902360503,2022,12,5,1900,Weekday,1-Car,No injury/unknown,ANIMAL/OBJECT IN ROADWAY,4220 S HARRELL & E RHORER,39.121808,-86.498784
902184705,2022,2,6,1500,Weekday,2-Car,No injury/unknown,SPEED TOO FAST FOR WEATHER CONDITIONS,SOUTH WICKENS & WEST GORDON PIKE,39.12180014,-86.54792994
902352553,2022,12,6,1000,Weekday,2-Car,No injury/unknown,FAILURE TO YIELD RIGHT OF WAY,GORDON & SR37S,39.12179947,-86.54792786
902335667,2022,11,1,1800,Weekend,2-Car,No injury/unknown,UNSAFE BACKING,E DONINGTON & S BRIDWELL,39.12170576,-86.46293007
902216661,2022,4,6,1700,Weekday,3+ Cars,No injury/unknown,DRIVER ASLEEP OR FATIGUED,S ROGERS & W GORDON PIKE,39.121648,-86.539088
902275367,2022,7,3,1300,Weekday,1-Car,Incapacitating,RAN OFF ROAD RIGHT,S ROGERS ST & W GORDON,39.121648,-86.539088
902299070,2022,8,7,2100,Weekend,Moped/Motorcycle,Non-incapacitating,RAN OFF ROAD RIGHT,GORDAN PIKE & ROGERS,39.121648,-86.539088
902352074,2022,12,4,700,Weekday,2-Car,No injury/unknown,FAILURE TO YIELD RIGHT OF WAY,S ROGERS & W GORDON,39.121648,-86.539088
902267863,2022,7,4,800,Weekday,Moped/Motorcycle,Non-incapacitating,RAN OFF ROAD RIGHT,GORDON PIKE & S ROGERS,39.12163667,-86.5389123
902282393,2022,8,2,1600,Weekday,1-Car,Non-incapacitating,RAN OFF ROAD RIGHT,GORDON PIKE & ROGERS,39.12162533,-86.53873661
902336061,2022,11,2,800,Weekday,1-Car,No injury/unknown,RAN OFF ROAD RIGHT,HARRELL & RHORER,39.12160202,-86.49878087
902329359,2022,11,6,1100,Weekday,2-Car,No injury/unknown,FAILURE TO YIELD RIGHT OF WAY,W GORDON,39.12159053,-86.53819722
902190834,2022,2,5,1500,Weekday,2-Car,No injury/unknown,UNSAFE LANE MOVEMENT,E RHORER RD & S OLD SR 37,39.121552,-86.531296
902262548,2022,7,3,1700,Weekday,2-Car,No injury/unknown,FOLLOWING TOO CLOSELY,E RHORER & S OLD STATE ROAD 37 RD,39.121552,-86.531296
902288777,2022,8,4,800,Weekday,2-Car,No injury/unknown,FOLLOWING TOO CLOSELY,RHORER RD & S OLD SR 37,39.121552,-86.531296
902169370,2022,1,5,1600,Weekday,2-Car,No injury/unknown,FAILURE TO YIELD RIGHT OF WAY,W GORDON PIKE,39.12154418,-86.53386009
902216997,2022,4,1,1900,Weekday,Cyclist,Incapacitating,FAILURE TO YIELD RIGHT OF WAY,W GORDON PIKE,39.12154418,-86.53386009
902274153,2022,7,3,1300,Weekday,2-Car,No injury/unknown,OTHER (DRIVER) - EXPLAIN IN NARRATIVE,W GORDON PIKE,39.12154418,-86.53386009
902286697,2022,8,1,1800,Weekend,2-Car,Non-incapacitating,LEFT OF CENTER,W GORDON PIKE,39.12154418,-86.53386009
902211720,2022,4,4,700,Weekday,2-Car,No injury/unknown,ROADWAY SURFACE CONDITION,E RHORER RD & JAMIE,39.12152,-86.51792
902175334,2022,2,2,700,Weekday,2-Car,No injury/unknown,IMPROPER TURNING,E RHORER RD & S KENNEDY,39.12145396,-86.52850072
902267633,2022,7,4,1500,Weekday,2-Car,No injury/unknown,UNSAFE LANE MOVEMENT,RHORER RD & WALNUT,39.12144423,-86.52596713
902312451,2022,10,1,1200,Weekend,2-Car,No injury/unknown,FAILURE TO YIELD RIGHT OF WAY,RHORER & SARE RD,39.12144005,-86.51157998
902200349,2022,3,2,1700,Weekday,2-Car,Non-incapacitating,OVERCORRECTING/OVERSTEERING,RHORER RD & SARE,39.12144005,-86.51157997
902156472,2022,1,3,1700,Weekday,1-Car,No injury/unknown,RAN OFF ROAD RIGHT,RHORER RD & SARE,39.12144005,-86.51153671
902169373,2022,1,7,2100,Weekend,1-Car,No injury/unknown,SPEED TOO FAST FOR WEATHER CONDITIONS,E RHORER & S WALNUT STREET PIKE,39.12144,-86.526496
902179379,2022,2,3,1600,Weekday,Bus,Non-incapacitating,FOLLOWING TOO CLOSELY,E RHORER & WALNUT STREET PIKE,39.12144,-86.526496
902230569,2022,5,6,2100,Weekend,2-Car,No injury/unknown,FAILURE TO YIELD RIGHT OF WAY,E RHORER & SOUTH WALNUT STREET PIKE,39.12144,-86.526496
902241990,2022,5,7,1700,Weekend,2-Car,Non-incapacitating,FAILURE TO YIELD RIGHT OF WAY,RHORER RD & SOUTH WALNUT STREET,39.12144,-86.526496
902242372,2022,5,4,1500,Weekday,2-Car,No injury/unknown,INSECURE/LEAKY LOAD,E RHORER & S WALNUT STREET PIKE,39.12144,-86.526496
902245813,2022,6,7,2300,Weekend,2-Car,Non-incapacitating,FAILURE TO YIELD RIGHT OF WAY,RHORER & S WALNUT ST,39.12144,-86.526496
902248052,2022,6,4,1500,Weekday,2-Car,No injury/unknown,FOLLOWING TOO CLOSELY,RHORER & S WALNUT ST,39.12144,-86.526496
902274797,2022,8,1,2100,Weekday,2-Car,Non-incapacitating,DISREGARD SIGNAL/REG SIGN,RHORER & S WALNUT ST,39.12144,-86.526496
902307498,2022,10,6,1400,Weekday,2-Car,No injury/unknown,FOLLOWING TOO CLOSELY,RHORER & WALNUT ST,39.12144,-86.526496
902311836,2022,10,6,1700,Weekday,2-Car,No injury/unknown,FAILURE TO YIELD RIGHT OF WAY,E RHORER RD & S WALNUT STREET,39.12144,-86.526496
902328866,2022,11,3,1600,Weekday,2-Car,No injury/unknown,SPEED TOO FAST FOR WEATHER CONDITIONS,RHORER & WALNUT STREET,39.12144,-86.526496
902339710,2022,11,5,700,Weekday,2-Car,No injury/unknown,FAILURE TO YIELD RIGHT OF WAY,RHORER ROAD & WALNUT STREET PIKE,39.12144,-86.526496
902361974,2022,12,2,1000,Weekday,2-Car,No injury/unknown,FAILURE TO YIELD RIGHT OF WAY,RHORER & WALNUT STEET,39.12144,-86.526496
902331390,2022,11,2,1900,Weekday,2-Car,No injury/unknown,FOLLOWING TOO CLOSELY,OLD ST RD 37 & RHORER,39.12141994,-86.53134987
902287865,2022,8,5,1300,Weekday,1-Car,No injury/unknown,RAN OFF ROAD RIGHT,E RHORER RD,39.12138976,-86.5299189
902312783,2022,10,1,1300,Weekend,2-Car,No injury/unknown,UNSAFE SPEED,BURKS & WALNUT ST,39.12138759,-86.53136998
902292113,2022,9,3,1300,Weekday,2-Car,No injury/unknown,FOLLOWING TOO CLOSELY,S DUNLAP & SR45S,39.12074425,-86.61672221
902299904,2022,9,6,2200,Weekend,2-Car,No injury/unknown,OVERCORRECTING/OVERSTEERING,SOUTH OLD SR 37 RD,39.12021637,-86.52938079
902353021,2022,12,6,1800,Weekday,2-Car,No injury/unknown,UNSAFE BACKING,FALCON & W DOVE,39.12017003,-86.54685834
902186246,2022,2,6,1400,Weekday,1-Car,No injury/unknown,SPEED TOO FAST FOR WEATHER CONDITIONS,FULLERTON & SR37N,39.12007898,-86.56922069
902168887,2022,1,6,1000,Weekday,2-Car,No injury/unknown,DISREGARD SIGNAL/REG SIGN,SOUTH OLD ST RD 37 & SR37S,39.11906052,-86.5313034
902251123,2022,6,1,1400,Weekend,2-Car,No injury/unknown,DISREGARD SIGNAL/REG SIGN,S OLD 37 & SR37S,39.11906052,-86.5313034
902280629,2022,8,6,100,Weekday,1-Car,No injury/unknown,RAN OFF ROAD RIGHT,SOUTH OLD STATE ROAD 37 & SR37N,39.11906052,-86.5313034
902309156,2022,10,2,1900,Weekday,1-Car,No injury/unknown,BRAKE FAILURE OR DEFECTIVE,HILLSIDE & S WEATHERSTONE LN,39.11884817,-86.51882998
902245821,2022,6,4,1700,Weekday,3+ Cars,No injury/unknown,FOLLOWING TOO CLOSELY,DUNLAP & SR45S,39.11854315,-86.62032814
902336607,2022,11,4,1600,Weekday,2-Car,Non-incapacitating,LEFT OF CENTER,DUNLAP & SR45S,39.11854315,-86.62032814
902273605,2022,7,4,100,Weekday,1-Car,No injury/unknown,ANIMAL/OBJECT IN ROADWAY,S ROCKPORT & SR37S,39.11832992,-86.56769774
902227267,2022,5,7,1500,Weekend,1-Car,No injury/unknown,STEERING FAILURE,GARRISON CHAPEL & SR48W,39.11790085,-86.64198333
902230846,2022,5,7,1500,Weekend,2-Car,No injury/unknown,FAILURE TO YIELD RIGHT OF WAY,ROCKPORT & SR37S,39.117648,-86.567104
902264696,2022,7,2,1200,Weekday,2-Car,Non-incapacitating,FAILURE TO YIELD RIGHT OF WAY,S ROCKPORT & SR37S,39.117648,-86.567104
902236280,2022,5,2,1700,Weekday,2-Car,Non-incapacitating,FAILURE TO YIELD RIGHT OF WAY,S ROCKPORT RD & SR37S,39.117648,-86.567104
902251287,2022,6,3,1200,Weekday,2-Car,Incapacitating,FAILURE TO YIELD RIGHT OF WAY,ROCKPORT ROAD & SR37S,39.117648,-86.567104
902253269,2022,6,1,1200,Weekend,Moped/Motorcycle,Non-incapacitating,FAILURE TO YIELD RIGHT OF WAY,ROCKPORT & SR37S,39.117648,-86.567104
902321913,2022,10,1,1500,Weekend,1-Car,No injury/unknown,ANIMAL/OBJECT IN ROADWAY,ROCKPORT & SR37N,39.117648,-86.567104
902322426,2022,10,3,800,Weekday,1-Car,No injury/unknown,ANIMAL/OBJECT IN ROADWAY,DAVID & SARE,39.11743515,-86.4965301
902188785,2022,2,4,800,Weekday,1-Car,No injury/unknown,SPEED TOO FAST FOR WEATHER CONDITIONS,ROGERS ST & THAT,39.11738659,-86.539392
902258449,2022,7,4,100,Weekday,1-Car,Non-incapacitating,UNSAFE SPEED,S GARRISON CHAPEL RD,39.11732979,-86.64174557
902162725,2022,1,5,1800,Weekday,2-Car,No injury/unknown,SPEED TOO FAST FOR WEATHER CONDITIONS,GORDON PIKE,39.11717606,-86.53736114
902171445,2022,1,7,2000,Weekend,2-Car,No injury/unknown,RAN OFF ROAD RIGHT,GORDON PIKE,39.11717606,-86.53736114
902231240,2022,5,1,2200,Weekday,2-Car,No injury/unknown,RAN OFF ROAD RIGHT,WEST GORDON PIKE LOT 109 RD,39.11717606,-86.53736114
902246829,2022,6,3,1400,Weekday,2-Car,No injury/unknown,IMPROPER TURNING,BAYWOOD DR & CLEAR VIEW,39.11716998,-86.54149849
902353580,2022,12,1,900,Weekend,1-Car,No injury/unknown,RAN OFF ROAD RIGHT,W THAT & WATSON,39.117152,-86.573504
902352038,2022,12,4,1800,Weekday,1-Car,No injury/unknown,ANIMAL/OBJECT IN ROADWAY,S KETCHAM & W POPCORN,39.1170815,-86.56188011
902347583,2022,12,4,1600,Weekday,1-Car,No injury/unknown,RAN OFF ROAD RIGHT,LOCKVIEW & MCDOUGAL,39.11678592,-86.55407019
902186084,2022,2,6,1400,Weekday,2-Car,No injury/unknown,SPEED TOO FAST FOR WEATHER CONDITIONS,ROCKPORT & SR37N,39.11664474,-86.5659002
902314719,2022,10,2,300,Weekday,1-Car,Non-incapacitating,DISREGARD SIGNAL/REG SIGN,ROCKPORT & SR37S,39.11664474,-86.5659002
902249877,2022,6,1,1700,Weekend,2-Car,No injury/unknown,FOLLOWING TOO CLOSELY,PINE GROVE & SR446S,39.116464,-86.428672
902278126,2022,8,1,0,Weekend,1-Car,Non-incapacitating,RAN OFF ROAD RIGHT,CRESTLINE & S WALNUT STREET PIKE,39.116352,-86.526496
902190574,2022,2,4,600,Weekday,1-Car,No injury/unknown,ANIMAL/OBJECT IN ROADWAY,DARRELL & SR45W,39.11614674,-86.62461322
902317099,2022,10,7,1700,Weekend,1-Car,No injury/unknown,SPEED TOO FAST FOR WEATHER CONDITIONS,E PINE GROVE & SR446S,39.11578002,-86.42874943
902246448,2022,6,1,900,Weekend,1-Car,No injury/unknown,LEFT OF CENTER,PINE GROVE RD & SR446S,39.11564322,-86.42876492
902155811,2022,1,5,900,Weekday,2-Car,Non-incapacitating,FAILURE TO YIELD RIGHT OF WAY,SR37N & THAT,39.115552,-86.564592
902167843,2022,1,5,1400,Weekday,2-Car,No injury/unknown,FOLLOWING TOO CLOSELY,SR37S & THAT RD,39.115552,-86.564592
902295231,2022,9,4,2100,Weekday,1-Car,Non-incapacitating,UNSAFE LANE MOVEMENT,SR37S & THAT,39.115552,-86.564592
902355951,2022,12,3,1700,Weekday,1-Car,No injury/unknown,LEFT OF CENTER,SR37N & W THAT,39.115552,-86.564592
902321334,2022,10,1,1100,Weekend,2-Car,No injury/unknown,,S PATTERSON,39.115248,-86.573504
902357467,2022,12,7,700,Weekend,2-Car,No injury/unknown,UNSAFE SPEED,PATRICIA LANE & W THAT RD,39.115248,-86.573504
902336134,2022,11,2,600,Weekday,1-Car,No injury/unknown,RAN OFF ROAD RIGHT,S PATRICIA & W THAT,39.115248,-86.573504
902305745,2022,9,1,1800,Weekend,1-Car,No injury/unknown,RAN OFF ROAD RIGHT,SOUTH STATE ROAD 446 RD,39.11518097,-86.43262481
902237727,2022,5,6,1200,Weekday,2-Car,No injury/unknown,OVERCORRECTING/OVERSTEERING,SR45W & W DINSMORE,39.11504,-86.630992
902238351,2022,5,6,1200,Weekday,1-Car,No injury/unknown,FOLLOWING TOO CLOSELY,DINSMORE & SR45W,39.11504,-86.630992
902269531,2022,7,4,800,Weekday,3+ Cars,No injury/unknown,LEFT OF CENTER,DINSMORE & SR45W,39.11504,-86.630992
902320861,2022,9,2,900,Weekday,2-Car,No injury/unknown,BRAKE FAILURE OR DEFECTIVE,DINSMORE & SR45W,39.11504,-86.630992
902199140,2022,3,7,500,Weekend,1-Car,No injury/unknown,RAN OFF ROAD RIGHT,DINSMORE & SR45W,39.11502979,-86.63028699
902306700,2022,10,4,1500,Weekday,1-Car,Non-incapacitating,RAN OFF ROAD RIGHT,DARRELL & SR45W,39.114992,-86.62768
902357807,2022,12,7,600,Weekend,1-Car,No injury/unknown,SPEED TOO FAST FOR WEATHER CONDITIONS,SOUTH DARRELL & SR45W,39.114992,-86.62768
902345244,2022,12,2,1100,Weekday,1-Car,No injury/unknown,OVERSIZE/OVERWEIGHT LOAD,ROGERS & THAT,39.11464,-86.539392
902187858,2022,2,3,1400,Weekday,Bus,No injury/unknown,UNSAFE BACKING,W THAT RD,39.11390686,-86.54530334
902191187,2022,2,3,1400,Weekday,Bus,No injury/unknown,UNSAFE BACKING,W THAT RD,39.11390686,-86.54530334
902221569,2022,4,6,1500,Weekday,2-Car,No injury/unknown,DRIVER DISTRACTED - EXPLAIN IN NARRATIVE,W THAT RD,39.11390686,-86.54530334
902248162,2022,6,7,100,Weekend,1-Car,No injury/unknown,RAN OFF ROAD RIGHT,SR45W & WEST DINSMORE,39.11388114,-86.63338835
902195769,2022,3,2,1100,Weekday,2-Car,No injury/unknown,FOLLOWING TOO CLOSELY,KIRKWOOD & ROGERS ST,39.11373487,-86.53868973
902286880,2022,8,3,1700,Weekday,2-Car,No injury/unknown,LEFT OF CENTER,E CARDINAL GLEN DR & S HUMMINGBIRD,39.11339007,-86.52104791
902247128,2022,6,2,1200,Weekday,2-Car,Non-incapacitating,FAILURE TO YIELD RIGHT OF WAY,FAIRFAX & OLD STATE RD 37 RD,39.11253936,-86.53149001
902223789,2022,4,6,1600,Weekday,3+ Cars,No injury/unknown,FOLLOWING TOO CLOSELY,BIG SKY & SR37S,39.11223984,-86.56208801
902334037,2022,11,5,800,Weekday,2-Car,No injury/unknown,FOLLOWING TOO CLOSELY,SR37S & W GORDON,39.11123658,-86.54792786
902246341,2022,6,7,2200,Weekend,2-Car,No injury/unknown,UNSAFE BACKING,ELWREN RD,39.1111908,-86.64990234
902186023,2022,2,7,100,Weekend,1-Car,No injury/unknown,UNSAFE SPEED,THAT & VICTOR PIKE,39.11102726,-86.54887009
902240451,2022,5,4,1800,Weekday,Moped/Motorcycle,No injury/unknown,FOLLOWING TOO CLOSELY,GARRISON CHAPEL & SR45W,39.111024,-86.638304
902187769,2022,2,6,2100,Weekend,1-Car,No injury/unknown,RAN OFF ROAD RIGHT,S WOODBINE & SR45W,39.1098518,-86.64017954
902255110,2022,6,3,1600,Weekday,2-Car,No injury/unknown,FOLLOWING TOO CLOSELY,SR45W & WOODBINE,39.10943587,-86.64084501
902174586,2022,2,7,1700,Weekend,3+ Cars,Non-incapacitating,FOLLOWING TOO CLOSELY,SR45 & WOODBINE,39.10937572,-86.64094126
902282283,2022,8,2,100,Weekday,2-Car,No injury/unknown,FAILURE TO YIELD RIGHT OF WAY,SR45W & W ELWREN,39.10937033,-86.64094989
902161741,2022,1,5,1700,Weekday,2-Car,No injury/unknown,ROADWAY SURFACE CONDITION,S HARMONY RD & W ISON RD,39.108848,-86.6384
902242085,2022,6,1,800,Weekend,1-Car,Non-incapacitating,LEFT OF CENTER,ELWREN ROAD RD & SR45,39.10840986,-86.65055254
902310500,2022,10,3,1700,Weekday,3+ Cars,No injury/unknown,FOLLOWING TOO CLOSELY,SR37S & VICTOR,39.1083746,-86.55495588
902219971,2022,4,5,1700,Weekday,1-Car,No injury/unknown,RAN OFF ROAD RIGHT,ELWREN RD & STANDFORD,39.10833825,-86.66597392
902199103,2022,3,7,200,Weekend,1-Car,No injury/unknown,ANIMAL/OBJECT IN ROADWAY,S STANFORD & W ELWREN RD,39.10824,-86.666192
902237055,2022,5,5,1100,Weekday,2-Car,No injury/unknown,UNSAFE BACKING,W ELWREN RD,39.10819864,-86.64590599
902157904,2022,1,1,300,Weekend,1-Car,Non-incapacitating,RAN OFF ROAD RIGHT,PINE GROVE RD & RED BUSH,39.10818525,-86.40965939
902293712,2022,9,2,1800,Weekday,3+ Cars,Non-incapacitating,FOLLOWING TOO CLOSELY,SR45W & W ISON,39.10810089,-86.63702269
902237896,2022,5,5,1700,Weekday,3+ Cars,No injury/unknown,FOLLOWING TOO CLOSELY,ISON & SR45W,39.10810089,-86.63700103
902227418,2022,5,6,1100,Weekday,2-Car,No injury/unknown,IMPROPER PASSING,ROCKPORT RD & STANSIFER,39.108032,-86.575552
902317631,2022,10,7,1800,Weekend,1-Car,Non-incapacitating,RAN OFF ROAD RIGHT,MARIE & S FAIRFAX,39.10779177,-86.5224798
902199259,2022,3,3,1500,Weekday,3+ Cars,No injury/unknown,UNSAFE SPEED,ELWREN & SR45,39.10764414,-86.64370007
902327014,2022,11,3,400,Weekday,1-Car,No injury/unknown,ANIMAL/OBJECT IN ROADWAY,HARMONY & SR45W,39.10756539,-86.6437769
902206444,2022,3,6,600,Weekday,1-Car,No injury/unknown,ANIMAL/OBJECT IN ROADWAY,CHURCH LN & VICTOR,39.10748449,-86.54626781
902194770,2022,3,7,2200,Weekend,1-Car,Non-incapacitating,RAN OFF ROAD RIGHT,CHURCH LANE RD & ROGERS,39.107456,-86.540064
902276520,2022,8,3,1500,Weekday,2-Car,No injury/unknown,FAILURE TO YIELD RIGHT OF WAY,CHURCH & S ROGERS ST,39.107456,-86.540064
902280693,2022,8,5,1300,Weekday,2-Car,No injury/unknown,DRIVER DISTRACTED - EXPLAIN IN NARRATIVE,CHURCH LN & S ROGERS,39.107456,-86.540064
902286158,2022,8,7,1600,Weekend,Moped/Motorcycle,Non-incapacitating,OVERCORRECTING/OVERSTEERING,S ROGERS ST & W CHURCH,39.107456,-86.540064
902282798,2022,8,3,0,Weekday,1-Car,No injury/unknown,LEFT OF CENTER,S VICTOR & SR37S,39.10743375,-86.55367188
902225388,2022,4,3,2100,Weekday,1-Car,Non-incapacitating,UNSAFE SPEED,WALNUT ST,39.107344,-86.5264
902241536,2022,5,6,1600,Weekday,2-Car,No injury/unknown,FOLLOWING TOO CLOSELY,WALNUT & WALNUT ST PIKE,39.107344,-86.5264
902270289,2022,7,4,1600,Weekday,Moped/Motorcycle,Non-incapacitating,RAN OFF ROAD RIGHT,CHURCH LN & S RODGERS,39.10733029,-86.54019332
902262913,2022,7,7,900,Weekend,2-Car,No injury/unknown,FAILURE TO YIELD RIGHT OF WAY,S FAIRFAX & S OLD STATE 37 RD,39.10725988,-86.53149001
902283685,2022,8,6,1600,Weekday,2-Car,Non-incapacitating,FAILURE TO YIELD RIGHT OF WAY,FAIRFAX & OLD STATE ROAD 37 S RD,39.10725988,-86.53149001
902306967,2022,10,5,1700,Weekday,Moped/Motorcycle,Non-incapacitating,RAN OFF ROAD RIGHT,CHURCH & S OLD STATE ROAD 37 HWY,39.107248,-86.531392
902158302,2022,1,1,0,Weekend,2-Car,No injury/unknown,SPEED TOO FAST FOR WEATHER CONDITIONS,FAIRFAX & WALNUT STREET PIKE,39.10715997,-86.52650982
902263934,2022,7,6,1700,Weekday,Moped/Motorcycle,Incapacitating,FAILURE TO YIELD RIGHT OF WAY,FAIRFAX RD & WALNUT STREET,39.10715997,-86.52650982
902289796,2022,9,3,700,Weekday,2-Car,No injury/unknown,FOLLOWING TOO CLOSELY,S FAIRFAX RD & S WALNUT ST,39.10715997,-86.52650982
902252901,2022,6,6,2300,Weekend,2-Car,No injury/unknown,OTHER (DRIVER) - EXPLAIN IN NARRATIVE,FAIRFAX RD,39.107152,-86.523792
902195371,2022,2,6,1600,Weekday,1-Car,No injury/unknown,RAN OFF ROAD RIGHT,E SCHACHT & S FAIRFAX RD,39.10704,-86.523488
902333849,2022,11,6,2300,Weekend,1-Car,No injury/unknown,RAN OFF ROAD RIGHT,E SCHACHT & S FAIRFAX,39.10704,-86.523488
902353020,2022,12,6,1500,Weekday,2-Car,No injury/unknown,FOLLOWING TOO CLOSELY,EMPIRE MILL & S OLD 37,39.10702663,-86.54225975
902282580,2022,8,3,600,Weekday,1-Car,No injury/unknown,IMPROPER TURNING,SOUTH VICTOR PIKE,39.1069603,-86.55139923
902254889,2022,6,2,700,Weekday,1-Car,No injury/unknown,RAN OFF ROAD RIGHT,FAIRFAX RD & SCHACHT,39.10680853,-86.52329823
902342815,2022,11,3,1700,Weekday,2-Car,No injury/unknown,OTHER (VEHICLE) - EXPLAIN IN NARRATIVE,SR37S & W VICTOR,39.10649288,-86.55238793
902278127,2022,8,1,200,Weekend,1-Car,No injury/unknown,UNSAFE BACKING,S VICTOR PIKE,39.10649041,-86.55034722
902159165,2022,1,3,900,Weekday,2-Car,No injury/unknown,FAILURE TO YIELD RIGHT OF WAY,SR45S & STANFORD,39.10647964,-86.66599273
902186704,2022,2,6,1600,Weekday,2-Car,No injury/unknown,FOLLOWING TOO CLOSELY,HARMONY & SR45W,39.1064736,-86.64484612
902268144,2022,7,7,2200,Weekend,2-Car,No injury/unknown,INSECURE/LEAKY LOAD,SR37N & W VICTOR,39.10592835,-86.55161757
902317642,2022,10,4,1700,Weekday,1-Car,No injury/unknown,RAN OFF ROAD RIGHT,MARIE & S FAIRFAX,39.10568006,-86.5224798
902317643,2022,10,4,1700,Weekday,1-Car,No injury/unknown,RAN OFF ROAD RIGHT,FAIRFAX & MARIE,39.10568006,-86.5224798
902204890,2022,3,3,900,Weekday,2-Car,No injury/unknown,DISREGARD SIGNAL/REG SIGN,SR37 & VICTOR,39.10564948,-86.55126849
902247304,2022,6,3,0,Weekday,2-Car,No injury/unknown,SPEED TOO FAST FOR WEATHER CONDITIONS,SR37 & VICTOR PIKE,39.10564948,-86.55126849
902359736,2022,12,3,1700,Weekday,2-Car,No injury/unknown,IMPROPER PASSING,SR37S & VICTOR,39.10563668,-86.55121955
902166602,2022,1,4,2100,Weekday,2-Car,No injury/unknown,RAN OFF ROAD RIGHT,SR37S & VICTOR,39.105552,-86.551104