Master Record Number,Year,Month,Day,Hour,Weekend,Collision Type,Injury Type,Primary Factor,Reported_Location,Latitude,Longitude
902215875,2022,4,5,1700,Weekday,3+ Cars,Non-incapacitating,CELL PHONE USAGE,SR37S & VICTOR,39.105552,-86.551104
902234448,2022,5,7,1200,Weekend,2-Car,No injury/unknown,DISREGARD SIGNAL/REG SIGN,SR37N & VICTOR,39.105552,-86.551104
902237773,2022,5,5,1700,Weekday,2-Car,No injury/unknown,FOLLOWING TOO CLOSELY,SR37S & VICTOR,39.105552,-86.551104
902345053,2022,11,5,1300,Weekday,2-Car,No injury/unknown,UNSAFE SPEED,SR37 & VICTOR,39.105552,-86.551104
902345211,2022,11,7,1100,Weekend,2-Car,No injury/unknown,UNSAFE SPEED,SR37N & VICTOR,39.105552,-86.551104
902348062,2022,12,6,700,Weekday,3+ Cars,Incapacitating,SPEED TOO FAST FOR WEATHER CONDITIONS,SR37 & VICTOR,39.105552,-86.551104
902195070,2022,2,6,1700,Weekday,2-Car,No injury/unknown,LEFT OF CENTER,CURRY & SR46W,39.10549574,-86.58264923
902250650,2022,6,2,2100,Weekday,1-Car,No injury/unknown,ANIMAL/OBJECT IN ROADWAY,S VICTOR & SR37S,39.10526877,-86.55085496
902316424,2022,10,7,1000,Weekend,2-Car,No injury/unknown,FAILURE TO YIELD RIGHT OF WAY,MILLER & WALNUT,39.10461155,-86.53265007
902228347,2022,5,3,800,Weekday,2-Car,No injury/unknown,UNSAFE BACKING,SOUTH PRODUCTION DR,39.10329437,-86.55007171
902281833,2022,8,6,600,Weekday,2-Car,No injury/unknown,OTHER (DRIVER) - EXPLAIN IN NARRATIVE,SOUTH PRODUCTION DR,39.10329437,-86.55007171
902179894,2022,2,3,1600,Weekday,1-Car,No injury/unknown,SPEED TOO FAST FOR WEATHER CONDITIONS,SR37S & VICTOR,39.10328611,-86.54911173
902314628,2022,10,4,1300,Weekday,1-Car,No injury/unknown,UNSAFE BACKING,S FAIRFAX,39.10325486,-86.520384
902199670,2022,3,1,1600,Weekend,1-Car,No injury/unknown,RAN OFF ROAD RIGHT,DECKARD RIDGE & GILMORE RIDGE RD,39.1032,-86.38
902154686,2022,1,3,2200,Weekday,1-Car,No injury/unknown,ROADWAY SURFACE CONDITION,E MOORES CREEK & STIPP RD,39.102704,-86.461792
902342902,2022,11,3,300,Weekday,1-Car,No injury/unknown,UNSAFE SPEED,S ROCKPORT & W COCKRELL,39.101776,-86.576864
902197554,2022,3,1,1700,Weekend,1-Car,No injury/unknown,RAN OFF ROAD RIGHT,COCKRELL & S ROCKPORT RD,39.10162993,-86.57694637
902354579,2022,12,1,2300,Weekday,1-Car,No injury/unknown,ANIMAL/OBJECT IN ROADWAY,SR45W & WEST JOHN WILLIAMS,39.10108185,-86.64848723
902355965,2022,12,4,2300,Weekday,1-Car,No injury/unknown,DRIVER ASLEEP OR FATIGUED,JOHN WILLIAMS & SR45W,39.10108185,-86.64842224
902153472,2022,1,2,800,Weekday,1-Car,No injury/unknown,RAN OFF ROAD RIGHT,JOHN WILLIAMS & SR45W,39.10108185,-86.64841357
902185921,2022,2,7,2200,Weekend,1-Car,No injury/unknown,SPEED TOO FAST FOR WEATHER CONDITIONS,SR37S & VICTOR,39.10082938,-86.54762338
902197567,2022,3,3,1500,Weekday,1-Car,Incapacitating,RAN OFF ROAD RIGHT,SOUTH LEONARD SPRINGS RD & WEST FOWLER,39.100752,-86.593504
902256662,2022,6,1,1400,Weekend,1-Car,No injury/unknown,RAN OFF ROAD RIGHT,FOWLER & S LEONARD SPRINGS RD,39.100752,-86.593504
902207913,2022,3,2,800,Weekday,1-Car,No injury/unknown,RAN OFF ROAD RIGHT,E MESA & E STIPP RD,39.100432,-86.490864
902328864,2022,11,3,1500,Weekday,1-Car,No injury/unknown,RAN OFF ROAD RIGHT,FAIRFAX & MOFFETT,39.09990996,-86.51785031
902229817,2022,4,3,1600,Weekday,2-Car,No injury/unknown,FOLLOWING TOO CLOSELY,E MOFFETT & S FAIRFAX RD,39.09990996,-86.5178503
902286703,2022,8,1,1600,Weekend,2-Car,Non-incapacitating,FAILURE TO YIELD RIGHT OF WAY,E MOFFETT & S FAIRFAX RD,39.09990996,-86.5178503
902291292,2022,9,5,700,Weekday,2-Car,No injury/unknown,FOLLOWING TOO CLOSELY,E MOFFETT LANE & S FAIRFAX RD,39.09990996,-86.5178503
902180670,2022,2,1,1500,Weekend,1-Car,Non-incapacitating,ANIMAL/OBJECT IN ROADWAY,2150 E MOFFET LN & ORENAMENTAL,39.09982635,-86.50787115
902232663,2022,5,4,800,Weekday,2-Car,No injury/unknown,FOLLOWING TOO CLOSELY,PINEWOOD & S WALNUT ST,39.09982326,-86.53143033
902245680,2022,6,6,1500,Weekday,2-Car,No injury/unknown,FAILURE TO YIELD RIGHT OF WAY,HARRELL & MOFFETT LN,39.099792,-86.498448
902153597,2022,1,7,1900,Weekend,1-Car,No injury/unknown,ANIMAL/OBJECT IN ROADWAY,SR45W & W HINDS,39.09947986,-86.65167982
902344317,2022,11,7,800,Weekend,2-Car,No injury/unknown,UNSAFE BACKING,MOFFETT,39.09942627,-86.50015259
902298056,2022,9,2,1500,Weekday,2-Car,No injury/unknown,FOLLOWING TOO CLOSELY,S OLD STATE ROAD 37 & S ROGERS ST,39.099408,-86.537904
902252750,2022,6,6,1600,Weekday,2-Car,No injury/unknown,FAILURE TO YIELD RIGHT OF WAY,HINDS & SR45W,39.09937058,-86.65178655
902186928,2022,2,2,2300,Weekday,1-Car,No injury/unknown,SPEED TOO FAST FOR WEATHER CONDITIONS,N CENTER & SR45,39.09916994,-86.65205139
902186929,2022,2,2,2300,Weekday,1-Car,No injury/unknown,SPEED TOO FAST FOR WEATHER CONDITIONS,N CENTER & SR45,39.09916994,-86.65205139
902253585,2022,6,7,1000,Weekend,2-Car,Non-incapacitating,FOLLOWING TOO CLOSELY,HINDS & SR45E,39.09916994,-86.65205139
902166753,2022,1,5,500,Weekday,1-Car,No injury/unknown,SPEED TOO FAST FOR WEATHER CONDITIONS,HINDS & SR45W,39.099152,-86.652
902288493,2022,8,6,1400,Weekday,2-Car,No injury/unknown,FOLLOWING TOO CLOSELY,HINDS & SR45W,39.099152,-86.652
902340266,2022,11,5,1500,Weekday,3+ Cars,No injury/unknown,FOLLOWING TOO CLOSELY,HINDS & SR45W,39.099152,-86.652
902335847,2022,11,3,600,Weekday,2-Car,No injury/unknown,OTHER (DRIVER) - EXPLAIN IN NARRATIVE,HINDS & SR45W,39.09878383,-86.6525232
902277706,2022,8,3,2100,Weekday,1-Car,No injury/unknown,RAN OFF ROAD RIGHT,HINDS & SR45W,39.09859974,-86.6527848
902277412,2022,8,6,1300,Weekday,2-Car,No injury/unknown,FOLLOWING TOO CLOSELY,CONSTITUTION & LIBERTY DR,39.09834571,-86.5768703
902251729,2022,6,4,500,Weekday,2-Car,No injury/unknown,RAN OFF ROAD RIGHT,HINDS & SR45W,39.09823709,-86.65331172
902306694,2022,9,2,1700,Weekday,2-Car,No injury/unknown,FOLLOWING TOO CLOSELY,SR45W & W HINDS,39.09823709,-86.65331172
902295954,2022,9,6,1700,Weekday,2-Car,No injury/unknown,OTHER (VEHICLE) - EXPLAIN IN NARRATIVE,HINDS & SR45W,39.09791987,-86.65502648
902307259,2022,10,5,1100,Weekday,1-Car,No injury/unknown,SPEED TOO FAST FOR WEATHER CONDITIONS,ROCKPORT ROAD RDS & WEST BOLIN RD,39.0978812,-86.57508999
902156569,2022,1,6,0,Weekday,1-Car,No injury/unknown,SPEED TOO FAST FOR WEATHER CONDITIONS,E CHERRY & S FAIRFAX RD,39.09784,-86.5168
902343519,2022,11,4,1400,Weekday,1-Car,Incapacitating,RAN OFF ROAD RIGHT,SR45W,39.09772873,-86.65816498
902299824,2022,9,6,500,Weekday,1-Car,No injury/unknown,ANIMAL/OBJECT IN ROADWAY,SR45W & W HINDS,39.09749309,-86.65665092
902336135,2022,11,2,800,Weekday,1-Car,No injury/unknown,RAN OFF ROAD RIGHT,S ROCKPORT & W HENNESSY,39.096496,-86.55672021
902163404,2022,1,7,2100,Weekend,1-Car,No injury/unknown,SPEED TOO FAST FOR WEATHER CONDITIONS,AIRLINE & HANDY RD,39.09587994,-86.49366685
902189917,2022,2,4,700,Weekday,1-Car,Incapacitating,RAN OFF ROAD RIGHT,E FIRST SANDERS & S FAIRFAX RD,39.09518736,-86.51332005
902339654,2022,11,6,900,Weekday,2-Car,No injury/unknown,FAILURE TO YIELD RIGHT OF WAY,SR37N & VICTOR,39.09431839,-86.55906677
902321378,2022,10,1,1700,Weekend,2-Car,No injury/unknown,DISREGARD SIGNAL/REG SIGN,SR37S & VICTOR,39.09431839,-86.55906677
902347206,2022,12,4,1800,Weekday,2-Car,No injury/unknown,UNSAFE BACKING,S HANDY,39.0938614,-86.4878725
902189155,2022,2,4,1100,Weekday,1-Car,No injury/unknown,RAN OFF ROAD RIGHT,HARMONY & WEST MAY RD,39.093744,-86.638304
902204959,2022,3,3,0,Weekday,1-Car,No injury/unknown,UNSAFE BACKING,W MAY RD,39.09365845,-86.6384201
902179392,2022,2,6,1500,Weekday,1-Car,No injury/unknown,RAN OFF ROAD RIGHT,S BLAIKLEE & W MAY RD,39.0934398,-86.61231034
902213585,2022,4,1,900,Weekend,1-Car,No injury/unknown,RAN OFF ROAD RIGHT,S ROCKPORT RD & W MAY,39.093344,-86.5868
902243991,2022,6,4,900,Weekday,1-Car,No injury/unknown,RAN OFF ROAD RIGHT,OLD RICHARDSON & SR446S,39.09334123,-86.42645263
902166893,2022,1,7,1300,Weekend,2-Car,Non-incapacitating,FAILURE TO YIELD RIGHT OF WAY,DILLMAN & SR37S,39.092976,-86.545648
902191743,2022,2,2,1100,Weekday,Bus,No injury/unknown,FOLLOWING TOO CLOSELY,DILLMAN & SR37S,39.092976,-86.545648
902207089,2022,3,7,1200,Weekend,3+ Cars,Non-incapacitating,FAILURE TO YIELD RIGHT OF WAY,DILLMAN & SR37S,39.092976,-86.545648
902321890,2022,10,7,1100,Weekend,2-Car,Incapacitating,FAILURE TO YIELD RIGHT OF WAY,E DILLMAN & SR37S,39.092976,-86.545648
902197555,2022,3,2,1900,Weekday,2-Car,Non-incapacitating,UNSAFE SPEED,S OLD STATE ROAD 37 RD & STATE ROAD 37,39.09295969,-86.54403028
902173349,2022,1,5,2000,Weekday,2-Car,No injury/unknown,LEFT OF CENTER,E DILLMAN RD & S EMPIRE,39.092928,-86.54176
902190432,2022,2,6,1900,Weekend,1-Car,No injury/unknown,RAN OFF ROAD RIGHT,1050 DILLMAN RD & DILLMAN,39.09264591,-86.51724863
902321391,2022,10,6,1500,Weekday,1-Car,Non-incapacitating,UNSAFE SPEED,1371 E DILLMAN & S FAIRFAX,39.09264,-86.51672
902266076,2022,7,3,2000,Weekday,2-Car,No injury/unknown,FAILURE TO YIELD RIGHT OF WAY,E DILLMAN & S FAIRFAX RD,39.09261033,-86.51702016
902189823,2022,2,5,500,Weekday,1-Car,No injury/unknown,ANIMAL/OBJECT IN ROADWAY,FAIRFAX RD & RAYLETOWN,39.0925715,-86.51671393
902253528,2022,6,1,1600,Weekend,1-Car,No injury/unknown,RAN OFF ROAD RIGHT,PAYNETOWN CAMPGROUND & SR446N,39.092112,-86.422832
902241621,2022,5,6,1800,Weekday,1-Car,No injury/unknown,OTHER (DRIVER) - EXPLAIN IN NARRATIVE,STATE ROAD 446 HWY,39.09188882,-86.42310462
902336723,2022,11,6,1800,Weekday,1-Car,Non-incapacitating,ANIMAL/OBJECT IN ROADWAY,SR45W & STANFORD,39.09171295,-86.66372607
902302433,2022,9,3,2200,Weekday,2-Car,No injury/unknown,RAN OFF ROAD RIGHT,STANFORD RD,39.09145737,-86.66584014
902289182,2022,8,7,1400,Weekend,Moped/Motorcycle,Non-incapacitating,ROADWAY SURFACE CONDITION,PAYNETOWN SRA & SR446S,39.09077267,-86.42254836
902251856,2022,6,3,1300,Weekday,1-Car,Non-incapacitating,UNSAFE SPEED,SR45N & STANFORD,39.0907082,-86.66506908
902198386,2022,3,5,1400,Weekday,2-Car,No injury/unknown,LEFT OF CENTER,SR45W & STANFORD,39.09040189,-86.66553064
902221581,2022,4,3,600,Weekday,2-Car,Non-incapacitating,UNSAFE LANE MOVEMENT,S STANFORD & SR45W,39.09028951,-86.66568531
902323173,2022,10,4,900,Weekday,1-Car,No injury/unknown,RAN OFF ROAD RIGHT,SR45W & STANFORD,39.08993365,-86.66617511
902244395,2022,6,5,0,Weekday,1-Car,Non-incapacitating,RAN OFF ROAD RIGHT,HANDY RIDGE RD,39.08986213,-86.47741936
902223793,2022,4,6,1600,Weekday,2-Car,No injury/unknown,UNSAFE SPEED,SR45W & STANFORD,39.08984,-86.666304
902314270,2022,10,6,1300,Weekday,3+ Cars,No injury/unknown,FOLLOWING TOO CLOSELY,STANFORD & W SR 45,39.08984,-86.666304
902332510,2022,11,4,800,Weekday,2-Car,Non-incapacitating,DRIVER DISTRACTED - EXPLAIN IN NARRATIVE,E RHORER & S OLD SR 37,39.08973159,-86.53134987
902306696,2022,9,2,1700,Weekday,2-Car,No injury/unknown,FAILURE TO YIELD RIGHT OF WAY,E RHORER & S OLD 37 HWY,39.08973159,-86.53134986
902184921,2022,2,6,1900,Weekend,2-Car,No injury/unknown,LEFT OF CENTER,SR45 & STANFORD,39.08962597,-86.66664847
902325138,2022,10,6,2300,Weekend,1-Car,No injury/unknown,SPEED TOO FAST FOR WEATHER CONDITIONS,RED OAK & SR446S,39.08907122,-86.42325955
902187346,2022,2,3,700,Weekday,3+ Cars,Non-incapacitating,UNSAFE SPEED,N OLD SR37 & SR37S,39.08750265,-86.54271841
902329901,2022,11,6,1800,Weekday,1-Car,No injury/unknown,ANIMAL/OBJECT IN ROADWAY,SOUTH BREEDEN & SR45,39.08749403,-86.67013535
902187579,2022,2,3,700,Weekday,1-Car,No injury/unknown,UNSAFE SPEED,HARMONY RD & KIRKSVILLE,39.08709195,-86.63844981
902297650,2022,9,7,1400,Weekend,1-Car,Non-incapacitating,RAN OFF ROAD RIGHT,S BREEDEN & SR45W,39.08701513,-86.67099574
902332325,2022,10,3,2200,Weekday,1-Car,Incapacitating,UNSAFE SPEED,BREEDEN & SR45E,39.08701513,-86.67099574
902213087,2022,4,6,900,Weekday,2-Car,No injury/unknown,FOLLOWING TOO CLOSELY,BREEDEN & SR45,39.0868555,-86.67128253
902224752,2022,4,1,0,Weekend,1-Car,Non-incapacitating,RAN OFF ROAD RIGHT,BREEDEN & SR45W,39.0868555,-86.67128253
902343648,2022,11,4,2100,Weekday,1-Car,No injury/unknown,ANIMAL/OBJECT IN ROADWAY,BREEDEN & SR45W,39.08684429,-86.67145559
902198385,2022,3,1,2000,Weekday,1-Car,No injury/unknown,SPEED TOO FAST FOR WEATHER CONDITIONS,BREEDEN & SR45W,39.08683528,-86.67184309
902360802,2022,12,6,1200,Weekday,1-Car,No injury/unknown,RAN OFF ROAD RIGHT,BREEDEN & SR45W,39.086832,-86.671984
902269067,2022,7,1,1800,Weekend,3+ Cars,Non-incapacitating,FOLLOWING TOO CLOSELY,S BREEDEN & SR45W,39.08681297,-86.67416892
902154755,2022,1,1,1300,Weekend,1-Car,No injury/unknown,RAN OFF ROAD RIGHT,BREEDEN & SR45W,39.08680128,-86.67550806
902357776,2022,12,7,600,Weekend,1-Car,No injury/unknown,SPEED TOO FAST FOR WEATHER CONDITIONS,OLD STATE RD 37 & SR37S,39.08671047,-86.54365745
902348570,2022,12,6,800,Weekday,1-Car,Incapacitating,RAN OFF ROAD RIGHT,HARMONY & KIRKSVILLE,39.08659676,-86.64544568
902303869,2022,9,2,2100,Weekday,1-Car,Non-incapacitating,RAN OFF ROAD RIGHT,RUSH RIDGE & SR446S,39.08652396,-86.42189088
902347582,2022,12,2,2200,Weekday,1-Car,No injury/unknown,RAN OFF ROAD RIGHT,EMPIRE MILL & OLD STATE ROAD 37,39.08624,-86.542
902278136,2022,8,1,800,Weekend,1-Car,No injury/unknown,ROADWAY SURFACE CONDITION,RUSH RIDGE & SR446S,39.08587746,-86.42163628
902175239,2022,2,1,300,Weekend,1-Car,No injury/unknown,SPEED TOO FAST FOR WEATHER CONDITIONS,OLD STATE ROAD 37 RD & SR37,39.085632,-86.542304
902185738,2022,2,6,1500,Weekday,2-Car,No injury/unknown,SPEED TOO FAST FOR WEATHER CONDITIONS,S OLD STATE ROAD 37 & SR37N,39.085632,-86.542304
902188180,2022,2,3,800,Weekday,1-Car,No injury/unknown,SPEED TOO FAST FOR WEATHER CONDITIONS,S OLD SR 37 & SR37N,39.085632,-86.542304
902198384,2022,3,4,1600,Weekday,Bus,Non-incapacitating,UNSAFE LANE MOVEMENT,OLD STATE ROAD 37 SOUTH RD & SR37S,39.085632,-86.542304
902227020,2022,5,6,900,Weekday,2-Car,No injury/unknown,UNSAFE BACKING,S OLD SR 37 RD & SR37,39.085632,-86.542304
902233974,2022,5,6,1200,Weekday,2-Car,No injury/unknown,DISREGARD SIGNAL/REG SIGN,OLD STATE ROAD 37 & SR37S,39.085632,-86.542304
902271349,2022,7,5,700,Weekday,2-Car,No injury/unknown,FOLLOWING TOO CLOSELY,SOUTH OLD STATE ROAD 37 & SR37S,39.085632,-86.542304
902277707,2022,8,6,1800,Weekday,2-Car,No injury/unknown,SPEED TOO FAST FOR WEATHER CONDITIONS,SOUTH OLD SR 37 RD & SR37S,39.085632,-86.542304
902284643,2022,8,4,1600,Weekday,2-Car,Non-incapacitating,LEFT OF CENTER,S OLD STATE RD 37 HWY & SR37S,39.085632,-86.542304
902344310,2022,11,7,700,Weekend,1-Car,No injury/unknown,ANIMAL/OBJECT IN ROADWAY,OLD SR 37,39.085632,-86.542304
902259704,2022,7,5,2200,Weekday,1-Car,No injury/unknown,RAN OFF ROAD RIGHT,OLD RICHARDSON & SR446S,39.08542162,-86.42645263
902225269,2022,4,2,1700,Weekday,1-Car,No injury/unknown,OTHER (ENVIRONMENTAL) - EXPLAIN IN NARR,RUSH RIDGE & SR446S,39.08518299,-86.42106731
902306966,2022,9,1,1500,Weekend,Moped/Motorcycle,No injury/unknown,OVERCORRECTING/OVERSTEERING,RUSH RIDGE & SR446S,39.08518299,-86.42106731
902206587,2022,3,5,2000,Weekday,1-Car,No injury/unknown,ANIMAL/OBJECT IN ROADWAY,OLD STATE ROAD 37S & SR37S,39.08449007,-86.54132519
902220212,2022,4,7,200,Weekend,1-Car,No injury/unknown,ANIMAL/OBJECT IN ROADWAY,SOUTH OLD STATE ROAD 37 & SR37S,39.08449007,-86.54132519
902357777,2022,12,7,700,Weekend,1-Car,No injury/unknown,SPEED TOO FAST FOR WEATHER CONDITIONS,OLD STATE RD 37 & SR37S,39.08449007,-86.54132519
902178738,2022,2,5,2100,Weekday,2-Car,No injury/unknown,DISREGARD SIGNAL/REG SIGN,SR OLD 37 & SR37S,39.08384,-86.540768
902266075,2022,7,3,1500,Weekday,2-Car,Non-incapacitating,FOLLOWING TOO CLOSELY,S ROCKPORT RD & W TRAMWAY,39.083744,-86.592592
902335503,2022,11,3,1600,Weekday,1-Car,No injury/unknown,RAN OFF ROAD RIGHT,E EMPIRE & OLD STATE ROAD 37,39.083248,-86.5408
902355869,2022,12,2,1800,Weekday,1-Car,Non-incapacitating,RAN OFF ROAD RIGHT,E 2ND SANDERS & FAIRFAX,39.08161593,-86.51529386
902265672,2022,7,4,200,Weekday,1-Car,Non-incapacitating,RAN OFF ROAD RIGHT,SOUTH FAIRFAX RD & SR37S,39.080448,-86.514416
902213211,2022,4,5,2200,Weekday,1-Car,No injury/unknown,RAN OFF ROAD RIGHT,6695 S HARMONY RD & W KOONTZ,39.079248,-86.6304
902300070,2022,9,4,1600,Weekday,Bus,No injury/unknown,LEFT OF CENTER,LODGE RD & ROCKPORT,39.07899411,-86.59294448
902360232,2022,12,4,1600,Weekday,2-Car,No injury/unknown,LEFT OF CENTER,S BREEDEN & SR45W,39.07894135,-86.67573651
902182723,2022,2,4,800,Weekday,2-Car,No injury/unknown,OTHER (DRIVER) - EXPLAIN IN NARRATIVE,PINEWOOD & S WALNUT ST,39.07869224,-86.53143033
902296692,2022,9,2,0,Weekday,1-Car,No injury/unknown,ANIMAL/OBJECT IN ROADWAY,1ST & FAIRFAX RD,39.07808961,-86.51154656
902362591,2022,12,3,1100,Weekday,1-Car,No injury/unknown,OVERCORRECTING/OVERSTEERING,HOBART & OLD SR 37,39.0769972,-86.54097967
902182749,2022,2,4,700,Weekday,Bus,No injury/unknown,LEFT OF CENTER,BIRCH ROAD RD & TOM PHILLIPS RD,39.075952,-86.666192
902279309,2022,8,5,1200,Weekday,Moped/Motorcycle,Non-incapacitating,ROADWAY SURFACE CONDITION,FLUCKMILL RD & VICTOR,39.07387746,-86.57104254
902184660,2022,2,6,1600,Weekday,2-Car,No injury/unknown,IMPROPER TURNING,17TH ST & FORREST,39.07323635,-86.52249992
902267634,2022,7,5,1700,Weekday,Moped/Motorcycle,Incapacitating,FAILURE TO YIELD RIGHT OF WAY,PHYLLIS & ROGERS ST,39.07308521,-86.54028967
902273048,2022,7,1,500,Weekend,1-Car,No injury/unknown,UNSAFE BACKING,FAIRFAX RD,39.07264709,-86.5041275
902308591,2022,10,7,1800,Weekend,1-Car,No injury/unknown,UNSAFE SPEED,EAST RUSH RIDGE & SR446E,39.07231178,-86.41636478
902302987,2022,6,3,2000,Weekday,1-Car,Non-incapacitating,RAN OFF ROAD RIGHT,FLUCK MILL RD & MAMIE EADS,39.07183997,-86.56615732
902274086,2022,8,6,600,Weekday,1-Car,No injury/unknown,DRIVER ASLEEP OR FATIGUED,S MAMIE EADS & W FLUCK MILL RD,39.07176,-86.565824
902283136,2022,8,3,1100,Weekday,1-Car,Non-incapacitating,RAN OFF ROAD RIGHT,SMITHVILLE ROAD RD & ZIKES,39.071344,-86.5252
902355939,2022,12,4,1800,Weekday,1-Car,No injury/unknown,RAN OFF ROAD RIGHT,SMITHVILLE & SR37,39.07133594,-86.52538403
902266115,2022,4,1,0,Weekend,1-Car,Non-incapacitating,RAN OFF ROAD RIGHT,KETCHAM RUN & SMITHVILLE,39.07121208,-86.54550791
902253574,2022,6,7,800,Weekend,2-Car,No injury/unknown,FAILURE TO YIELD RIGHT OF WAY,FAIRFAX RD & SMITHVILLE,39.071152,-86.503088
902251651,2022,6,5,1800,Weekday,2-Car,No injury/unknown,FAILURE TO YIELD RIGHT OF WAY,FAIRFAX RD & RAMP CREEK,39.07114998,-86.50319002
902295233,2022,9,2,1900,Weekday,1-Car,No injury/unknown,IMPROPER TURNING,FAIRFAX RD & RAMP CREEK,39.07114998,-86.50319002
902168886,2022,1,6,900,Weekday,2-Car,No injury/unknown,OTHER (DRIVER) - EXPLAIN IN NARRATIVE,SMITHVILLE RD & STRAIN RIDGE,39.07112,-86.507008
902204022,2022,3,1,2200,Weekday,2-Car,No injury/unknown,FOLLOWING TOO CLOSELY,RAMP 14 & SR45W,39.07110977,-86.50228881
902211948,2022,4,4,1500,Weekday,2-Car,No injury/unknown,FOLLOWING TOO CLOSELY,RAMP 14 & SR45W,39.07110977,-86.50228881
902273405,2022,7,5,1300,Weekday,2-Car,Non-incapacitating,FOLLOWING TOO CLOSELY,RAMP 14 & SR45W,39.07110977,-86.50228881
902271716,2022,7,2,1200,Weekday,2-Car,No injury/unknown,FAILURE TO YIELD RIGHT OF WAY,SMITHVILLE & STRAIN RIDGE RD,39.07110974,-86.50704972
902166245,2022,1,4,700,Weekday,2-Car,No injury/unknown,FOLLOWING TOO CLOSELY,SMITHVILLE RD & SR37N,39.071056,-86.5356
902193186,2022,2,4,1500,Weekday,2-Car,Incapacitating,FAILURE TO YIELD RIGHT OF WAY,SMITHVILLE & SR37S,39.071056,-86.5356
902258590,2022,7,4,900,Weekday,2-Car,No injury/unknown,FAILURE TO YIELD RIGHT OF WAY,SMITHVILLE & SR37S,39.071056,-86.5356
902300261,2022,9,6,1500,Weekday,2-Car,No injury/unknown,FOLLOWING TOO CLOSELY,E SMITHVILLE & SR37S,39.071056,-86.5356
902177911,2022,2,4,1200,Weekday,1-Car,No injury/unknown,RAN OFF ROAD RIGHT,BAKERSFIELD & SMITHVILLE RD,39.07062024,-86.51904993
902351660,2022,12,4,1800,Weekday,1-Car,No injury/unknown,ANIMAL/OBJECT IN ROADWAY,SMITHVILLE & SR37,39.07050671,-86.53560702
902334974,2022,11,6,1800,Weekday,1-Car,No injury/unknown,RAN OFF ROAD RIGHT,S STRAINRIDGE,39.07033157,-86.50749207
902307725,2022,10,7,0,Weekend,1-Car,No injury/unknown,RAN OFF ROAD RIGHT,E NORTH & STRAIN RIDGE RD,39.07032914,-86.50749379
902333363,2022,11,3,1000,Weekday,2-Car,No injury/unknown,UNSAFE LANE MOVEMENT,POINTE & STRAINRIDGE,39.070301,-86.507506
902309968,2022,10,4,0,Weekday,1-Car,No injury/unknown,RAN OFF ROAD RIGHT,S FAIRFAX RD & S LOCUST,39.070256,-86.503232
902282362,2022,8,1,1400,Weekend,1-Car,No injury/unknown,RAN OFF ROAD RIGHT,BREEDEN RD & W GRAVES,39.06854543,-86.67140007
902179351,2022,1,5,2100,Weekday,1-Car,Incapacitating,RAN OFF ROAD RIGHT,EAST BERNICE & SOUTH FAIRFAX RD,39.068496,-86.50312
902261685,2022,7,7,1600,Weekend,1-Car,No injury/unknown,TOW HITCH FAILURE,CUTRIGHT SRA & SR446S,39.06725965,-86.41561686
902355934,2022,12,3,2000,Weekday,1-Car,Incapacitating,SPEED TOO FAST FOR WEATHER CONDITIONS,E HAYS & SR446S,39.06567061,-86.40818738
902158303,2022,1,1,100,Weekend,1-Car,Non-incapacitating,SPEED TOO FAST FOR WEATHER CONDITIONS,EAST ROGERS & SOUTH OLD ST RD 37 HWY,39.06441491,-86.54105544
902360231,2022,12,4,1500,Weekday,2-Car,No injury/unknown,FAILURE TO YIELD RIGHT OF WAY,S OLD STATE RD 37 & W ROGERS,39.06392008,-86.54097028
902190310,2022,2,6,1000,Weekday,2-Car,No injury/unknown,FOLLOWING TOO CLOSELY,S VICTOR PIKE,39.063136,-86.579472
902318842,2022,10,3,200,Weekday,2-Car,No injury/unknown,IMPROPER LANE USAGE,SR446S & WALDRIP CREEK,39.06173282,-86.41444601
902271032,2022,7,5,1800,Weekday,1-Car,No injury/unknown,OTHER (DRIVER) - EXPLAIN IN NARRATIVE,EAST WALDRIP CREEK RD & SR446S,39.0613398,-86.41417802
902218989,2022,4,4,2100,Weekday,1-Car,No injury/unknown,RAN OFF ROAD RIGHT,SR446S & WALDRIP CREEK,39.0613212,-86.4144235
902154756,2022,1,2,2100,Weekday,1-Car,No injury/unknown,RAN OFF ROAD RIGHT,CAROWINDS & FAIRFAX RD,39.06104,-86.498448
902251544,2022,6,3,1700,Weekday,1-Car,No injury/unknown,RAN OFF ROAD RIGHT,SR446 & WALDRIP CREEK RD,39.06081497,-86.41626007
902369129,2022,12,1,2100,Weekday,2-Car,No injury/unknown,FOLLOWING TOO CLOSELY,SCOTT & STRAIN RIDGE,39.05687995,-86.50779001
902357484,2022,12,7,900,Weekend,1-Car,No injury/unknown,RAN OFF ROAD RIGHT,S STRAINRIDGE & SCOTT,39.056848,-86.507776
902357526,2022,12,7,800,Weekend,2-Car,No injury/unknown,RAN OFF ROAD RIGHT,ROCKPORT & VICTOR,39.0564548,-86.60574519
902300334,2022,9,7,1300,Weekend,2-Car,No injury/unknown,FAILURE TO YIELD RIGHT OF WAY,HARMONY & SR7500W,39.05585861,-86.61650848
902165862,2022,1,3,700,Weekday,1-Car,No injury/unknown,RAN OFF ROAD RIGHT,S ROCKPORT RD RD & STANSIIFER,39.054745,-86.57585978