Master Record Number,Year,Month,Day,Hour,Weekend,Collision Type,Injury Type,Primary Factor,Reported_Location,Latitude,Longitude
902257797,2022,6,7,2000,Weekend,Moped/Motorcycle,Non-incapacitating,LEFT OF CENTER,S FAIRFAX RD & S WISLEY,39.054608,-86.498432
902226926,2022,5,6,1900,Weekend,1-Car,No injury/unknown,RAN OFF ROAD RIGHT,S BURCH RD & S MOUNT ZION,39.05424,-86.638944
902295320,2022,9,5,1500,Weekday,1-Car,No injury/unknown,RAN OFF ROAD RIGHT,S ROCKPORT RD & S VICTOR,39.053744,-86.606304
902195100,2022,3,1,1400,Weekend,1-Car,No injury/unknown,RAN OFF ROAD RIGHT,BOTTOM & SR37S,39.05370432,-86.55792236
902352041,2022,12,3,600,Weekday,1-Car,No injury/unknown,ANIMAL/OBJECT IN ROADWAY,SR37S & ZIKES,39.05308133,-86.5358382
902157432,2022,1,5,2100,Weekday,2-Car,No injury/unknown,UNSAFE BACKING,1 ST & S MAIN ST,39.05298165,-86.51574008
902273645,2022,7,4,100,Weekday,1-Car,No injury/unknown,RAN OFF ROAD RIGHT,1ST AVENUE SANDERS & SOUTH FAIRFAX RD,39.05298165,-86.51332005
902196995,2022,3,4,0,Weekday,1-Car,No injury/unknown,ANIMAL/OBJECT IN ROADWAY,7955 HARMONY RD & ROCKPORT,39.05232151,-86.61140222
902215131,2022,4,3,1500,Weekday,1-Car,Non-incapacitating,ANIMAL/OBJECT IN ROADWAY,SR37S & ZIKES,39.05055459,-86.53587315
902232986,2022,5,1,1700,Weekend,2-Car,Incapacitating,UNSAFE SPEED,OLD 37 HWY & S ORCHARD,39.05027645,-86.53130024
902158748,2022,1,1,1800,Weekend,1-Car,Non-incapacitating,OTHER (DRIVER) - EXPLAIN IN NARRATIVE,SR446S & WALDRIP CREEK,39.05005393,-86.40981894
902219660,2022,4,6,200,Weekday,1-Car,No injury/unknown,RAN OFF ROAD RIGHT,SR37 & ZIKES RD,39.04949752,-86.53236845
902238339,2022,5,6,2300,Weekend,1-Car,No injury/unknown,ANIMAL/OBJECT IN ROADWAY,SR37S & ZIKES,39.049456,-86.535888
902191199,2022,2,1,1700,Weekend,1-Car,No injury/unknown,RAN OFF ROAD RIGHT,SR37S & ZIKES,39.04670943,-86.53586743
902248733,2022,6,6,600,Weekday,1-Car,No injury/unknown,ANIMAL/OBJECT IN ROADWAY,SR37N & ZIKES,39.04533614,-86.53585714
902278407,2022,8,2,200,Weekday,1-Car,No injury/unknown,ANIMAL/OBJECT IN ROADWAY,SR37S & ZIKES,39.04396287,-86.53584423
902347772,2022,12,5,1900,Weekday,1-Car,No injury/unknown,ANIMAL/OBJECT IN ROADWAY,S OLD SR 37 & W CEDAR BLUFF,39.04212982,-86.54117011
902183272,2022,2,2,1500,Weekday,Bus,No injury/unknown,UNSAFE BACKING,W CEDAR BLUFF RD,39.04171584,-86.55704889
902188155,2022,2,3,500,Weekday,Bus,No injury/unknown,SPEED TOO FAST FOR WEATHER CONDITIONS,EAST POINTE RD & POINTE VIEW,39.03492004,-86.50863031
902268773,2022,7,1,1700,Weekend,2-Car,Incapacitating,FAILURE TO YIELD RIGHT OF WAY,ALLENS CREEK & SR446S,39.034112,-86.408208
902297888,2022,9,2,1000,Weekday,1-Car,No injury/unknown,FAILURE TO YIELD RIGHT OF WAY,S FAIRFAX RD,39.03407288,-86.4906311
902220083,2022,4,6,1300,Weekday,1-Car,No injury/unknown,VIEW OBSTRUCTED,STRAIN RIDGE RD,39.03269984,-86.52091339
902189911,2022,2,5,100,Weekday,1-Car,No injury/unknown,ANIMAL/OBJECT IN ROADWAY,GORE & OLD SR 37 RD,39.032544,-86.541696
902189435,2022,2,4,800,Weekday,1-Car,No injury/unknown,RAN OFF ROAD RIGHT,FAIRFAX & POINT RD,39.0324799,-86.48987328
902230847,2022,5,7,1900,Weekend,1-Car,Non-incapacitating,RAN OFF ROAD RIGHT,8645 SOUTH BREEDEN RD & ROCKEAST,39.03203603,-86.66166902
902167244,2022,1,5,1000,Weekday,1-Car,No injury/unknown,SPEED TOO FAST FOR WEATHER CONDITIONS,ALLENS CREEK & SR446N,39.03126907,-86.42194366
902168742,2022,1,5,900,Weekday,1-Car,No injury/unknown,RAN OFF ROAD RIGHT,ALLENS CREEK & SR446S,39.03014083,-86.40774745
902320862,2022,10,3,0,Weekday,1-Car,No injury/unknown,SPEED TOO FAST FOR WEATHER CONDITIONS,ALLENS CREEK & SR446S,39.03014083,-86.40774745
902219970,2022,4,5,1500,Weekday,1-Car,No injury/unknown,RAN OFF ROAD RIGHT,CHAPEL HILL & SR446N,39.03010902,-86.40775852
902243052,2022,6,2,1600,Weekday,1-Car,No injury/unknown,SPEED TOO FAST FOR WEATHER CONDITIONS,ALLENS CREEK & SR446S,39.02987578,-86.40783977
902249665,2022,6,7,2100,Weekend,2-Car,No injury/unknown,UNSAFE BACKING,SOUTH FAIRFAX RD,39.02936116,-86.48948259
902320070,2022,10,5,500,Weekday,1-Car,No injury/unknown,RAN OFF ROAD RIGHT,FAIRFAX,39.02936116,-86.48948259
902290158,2022,9,3,1100,Weekday,1-Car,No injury/unknown,SPEED TOO FAST FOR WEATHER CONDITIONS,EAST ALLENS CREEK & SR446S,39.02758297,-86.40724404
902320736,2022,10,6,1500,Weekday,2-Car,Non-incapacitating,FAILURE TO YIELD RIGHT OF WAY,POINT CLUB & STRAIN RIDGE,39.02245117,-86.52173281
902249928,2022,6,6,1800,Weekday,2-Car,No injury/unknown,FOLLOWING TOO CLOSELY,E MONROE DAM RD & FOGGY MORNING,39.02116969,-86.53159373
902321891,2022,10,7,1300,Weekend,1-Car,No injury/unknown,OVERSIZE/OVERWEIGHT LOAD,E MONROE DAM & S FOGGY MORNING,39.02116969,-86.53156345
902350022,2022,12,2,1100,Weekday,1-Car,No injury/unknown,RAN OFF ROAD RIGHT,FOGGY MORNING & MONROE DAM,39.02116969,-86.53147692
902288033,2022,8,5,1700,Weekday,1-Car,No injury/unknown,ANIMAL/OBJECT IN ROADWAY,MONROE DAM & SR37S,39.02032157,-86.5360806
902359948,2022,12,7,700,Weekend,2-Car,No injury/unknown,ROADWAY SURFACE CONDITION,MONROE DAM & SR37N,39.020254,-86.536096
902260587,2022,7,5,1500,Weekday,1-Car,No injury/unknown,ANIMAL/OBJECT IN ROADWAY,EAST MONROE DAM & SR37S,39.020048,-86.536096
902185580,2022,2,1,0,Weekend,1-Car,No injury/unknown,SPEED TOO FAST FOR WEATHER CONDITIONS,EAST MONROE DAM & SOUTH STRAIN RIDGE RD,39.018656,-86.522896
902347008,2022,12,4,800,Weekday,2-Car,No injury/unknown,LEFT OF CENTER,E MONROE DAM & S STRAIN RIDGE,39.018656,-86.522896
902253682,2022,6,2,400,Weekday,1-Car,Non-incapacitating,ANIMAL/OBJECT IN ROADWAY,E TOWER RIDGE RD & SR446,39.01650711,-86.39170458
902226449,2022,4,7,1300,Weekend,2-Car,No injury/unknown,VIEW OBSTRUCTED,HOBART ROAD RD & SR37,39.014352,-86.537088
902252133,2022,6,4,2100,Weekday,Moped/Motorcycle,Non-incapacitating,RAN OFF ROAD RIGHT,E DEPOT HILL & MONROE DAM RD,39.01330009,-86.52362979
902354163,2022,12,2,1200,Weekday,2-Car,No injury/unknown,UNSAFE BACKING,3 RD,39.01295853,-86.5491333
902243051,2022,5,6,2100,Weekend,1-Car,No injury/unknown,BRAKE FAILURE OR DEFECTIVE,MONROE DAM RD & VALLEY MISSION,39.01240324,-86.50785136
902284678,2022,8,3,400,Weekday,1-Car,Non-incapacitating,RAN OFF ROAD RIGHT,3RD & WEST POPCORN RD,39.011984,-86.549232
902201020,2022,3,7,2100,Weekend,1-Car,No injury/unknown,ANIMAL/OBJECT IN ROADWAY,KETCHUM & POPCORN RD,39.01174977,-86.56188876
902180711,2022,2,1,600,Weekend,1-Car,No injury/unknown,RAN OFF ROAD RIGHT,WEST POPCORN RD,39.01113957,-86.56308406
902325454,2022,10,5,2200,Weekday,1-Car,No injury/unknown,OTHER (DRIVER) - EXPLAIN IN NARRATIVE,KETCHAM & POPCORN,39.01108387,-86.56336515
902299736,2022,9,6,800,Weekday,1-Car,No injury/unknown,ANIMAL/OBJECT IN ROADWAY,MONROE DAM & SR37N,39.01074232,-86.53738755
902159093,2022,1,3,700,Weekday,1-Car,No injury/unknown,RAN OFF ROAD RIGHT,E MONROE DAM RD & S VALLEY MISSION,39.009344,-86.510096
902206335,2022,3,5,1200,Weekday,2-Car,No injury/unknown,LEFT OF CENTER,LIZZY & S LEONARD SPRINGS RD,39.00864125,-86.59514017
902252026,2022,6,4,2000,Weekday,2-Car,Incapacitating,LEFT OF CENTER,THACKER RD & WEAVER,39.00710712,-86.66268811
902239387,2022,5,3,1000,Weekday,1-Car,No injury/unknown,RAN OFF ROAD RIGHT,SR37S,39.00621589,-86.53712704
902357806,2022,12,7,500,Weekend,1-Car,No injury/unknown,SPEED TOO FAST FOR WEATHER CONDITIONS,SR37S,39.00621589,-86.53712704
902157206,2022,1,6,1400,Weekday,2-Car,No injury/unknown,ROADWAY SURFACE CONDITION,OARD RD & STATE ROAD 48,39.00620257,-86.62014976
902334033,2022,10,3,1300,Weekday,2-Car,No injury/unknown,FOLLOWING TOO CLOSELY,3RD & LIBERTY,39.00599354,-86.57913007
902284679,2022,8,4,1500,Weekday,2-Car,No injury/unknown,FOLLOWING TOO CLOSELY,S LIBERTY DR & W 3RD,39.00599354,-86.57913006
902246377,2022,6,1,2300,Weekday,1-Car,No injury/unknown,ANIMAL/OBJECT IN ROADWAY,SOUTH DUTCH RIDGE & SR446S,39.00413945,-86.39493821
902300077,2022,9,4,1700,Weekday,1-Car,Non-incapacitating,RAN OFF ROAD RIGHT,POPCORN RD & ROCKPORT,39.00279502,-86.59021482
902241716,2022,5,6,1300,Weekday,1-Car,Non-incapacitating,RAN OFF ROAD RIGHT,9400 S ROCKPORT RD & POPCORN,39.002752,-86.59
902241466,2022,5,4,1700,Weekday,2-Car,No injury/unknown,,W POPCORN RD,39.00133585,-86.60791749
902255382,2022,6,5,100,Weekday,1-Car,Non-incapacitating,RAN OFF ROAD RIGHT,DUTCH RIDGE & SR446N,38.99522272,-86.37118742
902345824,2022,12,3,700,Weekday,1-Car,No injury/unknown,ANIMAL/OBJECT IN ROADWAY,ORCHARD & SOUTH OLD 37,38.99218484,-86.53130025
902223709,2022,4,7,2100,Weekend,1-Car,No injury/unknown,ANIMAL/OBJECT IN ROADWAY,INGRAM & SR37S,38.99132941,-86.53726096
902272008,2022,7,6,1700,Weekday,1-Car,No injury/unknown,LEFT OF CENTER,ROCKPORT & SR37N,38.99090198,-86.59308624
902287557,2022,8,4,500,Weekday,1-Car,No injury/unknown,RAN OFF ROAD RIGHT,N HEADLEY RD & N HINKLE,38.98876077,-86.51437148
902182118,2022,2,2,2000,Weekday,1-Car,No injury/unknown,ANIMAL/OBJECT IN ROADWAY,EDGAR LANE & S HANDY ROAD RD,38.98664098,-86.48303993
902285602,2022,8,2,700,Weekday,1-Car,No injury/unknown,ANIMAL/OBJECT IN ROADWAY,GREEN & S STRAIN RIDGE RD,38.98473901,-86.50776989
902348067,2022,12,6,800,Weekday,2-Car,No injury/unknown,FOLLOWING TOO CLOSELY,E DILLMAN & S OLD ST RD 37,38.98213115,-86.5441601
902224756,2022,4,2,1700,Weekday,3+ Cars,No injury/unknown,INSECURE/LEAKY LOAD,E ELLIS & SR37N,38.98171686,-86.53289794
902152928,2022,1,1,800,Weekend,1-Car,No injury/unknown,ROADWAY SURFACE CONDITION,FAIRFAX & SR37S,38.94889902,-86.49017333
902288981,2022,8,6,1800,Weekday,1-Car,No injury/unknown,UNSAFE SPEED,CEDAR BLUFF & KETCHAM RD,38.93688592,-86.56989991
902344655,2022,11,7,1200,Weekend,3+ Cars,No injury/unknown,LEFT OF CENTER,S LIBERTY & W 3RD,38.90024909,-86.57913007
902355937,2022,12,2,2200,Weekday,1-Car,Incapacitating,OVERCORRECTING/OVERSTEERING,E GRAMERCY PARK & N HINKLE,38.89279597,-86.50542967
902338729,2022,11,2,2100,Weekday,1-Car,No injury/unknown,ROADWAY SURFACE CONDITION,E RAMP CREEK & S CHURCH,38.65200062,-86.48465999
902156584,2022,1,1,0,Weekend,1-Car,No injury/unknown,ANIMAL/OBJECT IN ROADWAY,HARMONY DR & MT ZION,38.64628355,-86.62609018
902324751,2022,10,6,1200,Weekday,2-Car,No injury/unknown,UNSAFE BACKING,W,38.63943368,-85.84378838
902203353,2022,3,6,2100,Weekend,1-Car,Non-incapacitating,OVERCORRECTING/OVERSTEERING,MT GILEAD RD & N UPPER  BIRDIE GALYAN,38.60308997,-86.42372019
902328443,2022,11,5,700,Weekday,1-Car,No injury/unknown,ANIMAL/OBJECT IN ROADWAY,SR37S & ZIKES,38.48812826,-86.53515625
902188609,2022,2,4,700,Weekday,1-Car,Non-incapacitating,SPEED TOO FAST FOR WEATHER CONDITIONS,K S ROLLOFF & OLD SR 37 RD,1,1
902213047,2022,4,6,800,Weekday,2-Car,Non-incapacitating,LEFT OF CENTER,HINES & SR45S,1,1
902223154,2022,4,6,800,Weekday,2-Car,Non-incapacitating,DRIVER DISTRACTED - EXPLAIN IN NARRATIVE,SR37N,1,1
902295110,2022,9,5,1100,Weekday,1-Car,Incapacitating,RAN OFF ROAD RIGHT,GREEN CO LINE & SR45W,1,1
902299553,2022,9,6,1000,Weekday,Bus,Non-incapacitating,FAILURE TO YIELD RIGHT OF WAY,ENT TO 3205 W SR 45 & SR45W,1,1
902153312,2022,1,5,800,Weekday,1-Car,No injury/unknown,UNSAFE LANE MOVEMENT,SR45W & UNKNOWN,0,0
902154392,2022,1,3,1600,Weekday,2-Car,No injury/unknown,SPEED TOO FAST FOR WEATHER CONDITIONS,3RD ST & 45 46,0,0
902154773,2022,1,5,1100,Weekday,1-Car,No injury/unknown,ROADWAY SURFACE CONDITION,600 BLOCK W DITTEMORE RD & CROSSOVER,0,0
902156470,2022,1,6,1700,Weekday,2-Car,No injury/unknown,OTHER (DRIVER) - EXPLAIN IN NARRATIVE,RICHLAND PARKING LOT & RICHLAND PLAZA PARKING LOT,0,0
902157207,2022,1,6,1900,Weekend,1-Car,No injury/unknown,SPEED TOO FAST FOR WEATHER CONDITIONS,COUNTY LINE & HEDRICK RD,0,0
902157985,2022,1,1,1200,Weekend,2-Car,No injury/unknown,OTHER (DRIVER) - EXPLAIN IN NARRATIVE,SR37S,0,0
902158556,2022,1,6,900,Weekday,1-Car,No injury/unknown,RAN OFF ROAD RIGHT,E ROBINSON RD & N OLD STATE,0,0
902160503,2022,1,3,1700,Weekday,2-Car,No injury/unknown,DRIVER DISTRACTED - EXPLAIN IN NARRATIVE,SR45W & W BUNGER,0,0
902161855,2022,1,5,800,Weekday,2-Car,No injury/unknown,SPEED TOO FAST FOR WEATHER CONDITIONS,N BOUND 37 EXIT RAMP TO 3RD & W 3RD ST,0,0
902162867,2022,1,6,1100,Weekday,2-Car,No injury/unknown,UNSAFE BACKING,NORTH CURRY & PARKING LOT PLN,0,0
902163515,2022,1,1,400,Weekend,3+ Cars,No injury/unknown,,E COVENANTER DR & GOODNIGHT,0,0
902163903,2022,1,5,1000,Weekday,1-Car,No injury/unknown,RAN OFF ROAD RIGHT,8840 WEST SR 45 RD & STANFORD,0,0
902164878,2022,1,3,1000,Weekday,1-Car,No injury/unknown,ROADWAY SURFACE CONDITION,SR46E,0,0
902165298,2022,1,2,1700,Weekday,2-Car,No injury/unknown,FAILURE TO YIELD RIGHT OF WAY,ARLINGTON RD & SHELBOURNE,0,0
902165591,2022,1,4,500,Weekday,2-Car,No injury/unknown,DISREGARD SIGNAL/REG SIGN,SR37 & SR46W,0,0
902166575,2022,1,4,1900,Weekday,2-Car,No injury/unknown,FOLLOWING TOO CLOSELY,BLOOMFIELD & STATE ROAD 37 SOUTH BOUND RD,0,0
902168078,2022,1,6,800,Weekday,2-Car,No injury/unknown,FAILURE TO YIELD RIGHT OF WAY,IU UNIVERSITY GYM DR & SR45E,0,0
902169815,2022,1,1,1200,Weekend,2-Car,No injury/unknown,,HEATWOOD CT,0,0
902170512,2022,1,2,900,Weekday,2-Car,No injury/unknown,UNSAFE BACKING,HAWTHORNE & KIRKWOOD AVE,0,0
902178405,2022,2,5,2200,Weekday,2-Car,No injury/unknown,FOLLOWING TOO CLOSELY,BLOOMFIELD RD RD & STATE HIGHWAY 37,0,0
902179064,2022,2,5,1100,Weekday,2-Car,No injury/unknown,FAILURE TO YIELD RIGHT OF WAY,CURRY PIKE & SR48N,0,0
902179163,2022,2,6,1200,Weekday,2-Car,No injury/unknown,UNSAFE BACKING,BUSINES SPEA PARKING LOT N DR & FEE,0,0
902180611,2022,2,1,1900,Weekday,2-Car,No injury/unknown,DISREGARD SIGNAL/REG SIGN,BLOOMFIELD RD & SR 37,0,0
902184821,2022,2,6,1600,Weekday,2-Car,No injury/unknown,SPEED TOO FAST FOR WEATHER CONDITIONS,BLOOMFIELD RD & INDUSTRIAL,0,0
902187345,2022,2,3,700,Weekday,1-Car,No injury/unknown,UNSAFE SPEED,N COLLEGE AVE RAMP,0,0
902189040,2022,2,4,1400,Weekday,2-Car,No injury/unknown,FAILURE TO YIELD RIGHT OF WAY,BLOOMFIELD & LIBERTY DR,0,0
902189434,2022,2,4,700,Weekday,1-Car,No injury/unknown,RAN OFF ROAD RIGHT,NORTH & S STRAIN RIDGE RD,0,0
902190097,2022,2,6,500,Weekday,1-Car,No injury/unknown,ROADWAY SURFACE CONDITION,KING RAIL OVERLOOK & W HOGE DR,0,0
902190130,2022,2,6,800,Weekday,2-Car,No injury/unknown,FOLLOWING TOO CLOSELY,PURPLE LOT GATE 10 & SR46E,0,0
902192557,2022,2,6,1700,Weekday,Bus,No injury/unknown,OTHER (DRIVER) - EXPLAIN IN NARRATIVE,GRAHAM & ROGERS RD,0,0
902194935,2022,3,1,700,Weekend,2-Car,No injury/unknown,ROADWAY SURFACE CONDITION,SMITH RD & SNODDY,0,0
902195441,2022,3,2,600,Weekday,2-Car,No injury/unknown,UNSAFE BACKING,INDIANA & VON LEE LOT DR,0,0
902199223,2022,3,7,1100,Weekend,2-Car,No injury/unknown,FAILURE TO YIELD RIGHT OF WAY,GATES & PARKING LOT RD,0,0
902200920,2022,3,3,1400,Weekday,2-Car,No injury/unknown,FOLLOWING TOO CLOSELY,SR37N,0,0
902205157,2022,3,3,1600,Weekday,2-Car,No injury/unknown,FOLLOWING TOO CLOSELY,BLOOMFIELD RD & LIBERTY,0,0
902207051,2022,3,1,1100,Weekend,2-Car,No injury/unknown,,N MORTON ST & W 12TH,0,0
902211865,2022,4,4,1200,Weekday,Bus,No injury/unknown,FAILURE TO YIELD RIGHT OF WAY,11TH & FEE LN,0,0
902227422,2022,5,1,1100,Weekend,2-Car,No injury/unknown,LEFT OF CENTER,3200 E 10 & 3211 E 10TH DR,0,0
902228380,2022,5,3,1100,Weekday,2-Car,No injury/unknown,OTHER (VEHICLE) - EXPLAIN IN NARRATIVE,2512 E 3RD ST,0,0
902213295,2022,4,7,1200,Weekend,2-Car,No injury/unknown,DRIVER DISTRACTED - EXPLAIN IN NARRATIVE,SR37N,0,0
902215545,2022,4,5,800,Weekday,2-Car,No injury/unknown,UNSAFE BACKING,2931 E 10TH PARKING LOT ST & RANGE,0,0
902216274,2022,4,6,1500,Weekday,2-Car,No injury/unknown,UNSAFE BACKING,E 1OTH ST,0,0
902216365,2022,4,6,1800,Weekday,2-Car,No injury/unknown,FAILURE TO YIELD RIGHT OF WAY,S LEONARD & SR45W,0,0
902218398,2022,4,2,1200,Weekday,2-Car,No injury/unknown,OTHER (DRIVER) - EXPLAIN IN NARRATIVE,FINE ARTS CIR & STADIUM,0,0
902219775,2022,4,6,900,Weekday,2-Car,No injury/unknown,UNSAFE BACKING,10TH & EIGENMANN (1900 E 10TH) CIR,0,0
902219965,2022,4,5,1600,Weekday,2-Car,No injury/unknown,FOLLOWING TOO CLOSELY,SR37S & THAT RD,0,0
902221953,2022,4,3,1600,Weekday,2-Car,No injury/unknown,IMPROPER TURNING,WELLNESS WAY,0,0
902222887,2022,4,5,1400,Weekday,2-Car,No injury/unknown,UNSAFE BACKING,AMARYLLIS DR,0,0
902223591,2022,4,6,900,Weekday,2-Car,No injury/unknown,OTHER (DRIVER) - EXPLAIN IN NARRATIVE,E THIRD ST & NORTH DRIVE K MART,0,0
902225631,2022,4,4,900,Weekday,2-Car,No injury/unknown,FAILURE TO YIELD RIGHT OF WAY,5340 S OLD SR 37 HWY & S FAIRFAX,0,0
902226017,2022,5,5,1000,Weekday,2-Car,No injury/unknown,UNSAFE BACKING,701 E 17TH (WHITE LOT) ST & NORTH DUNN,0,0
902226038,2022,5,5,1100,Weekday,2-Car,No injury/unknown,FAILURE TO YIELD RIGHT OF WAY,10TH ST & TULIP TREE,0,0
902226306,2022,4,4,2000,Weekday,1-Car,No injury/unknown,RAN OFF ROAD RIGHT,5330 W WOODYARD RD & N HARTSTRAIT,0,0
902226562,2022,5,6,900,Weekday,2-Car,No injury/unknown,UNSAFE BACKING,EIGENMANN HALL SOUTH LOT N DR & UNION,0,0
902230567,2022,5,6,700,Weekday,2-Car,No injury/unknown,FOLLOWING TOO CLOSELY,S FAIRFAX & S OLD SR37 RD,0,0
902230568,2022,5,7,500,Weekend,1-Car,No injury/unknown,RAN OFF ROAD RIGHT,3200 E 1OTH ST & PETE ELLIS,0,0
902230982,2022,5,6,0,Weekday,2-Car,No injury/unknown,OTHER (DRIVER) - EXPLAIN IN NARRATIVE,,0,0
902233573,2022,1,4,2100,Weekday,1-Car,No injury/unknown,RAN OFF ROAD RIGHT,SR9200E,0,0
902234487,2022,5,7,1100,Weekend,2-Car,No injury/unknown,FOLLOWING TOO CLOSELY,SR46E & THIRD,0,0
902235572,2022,5,2,800,Weekday,1-Car,No injury/unknown,OVERCORRECTING/OVERSTEERING,FOURTH & SR46W,0,0
902236782,2022,5,4,1800,Weekday,3+ Cars,No injury/unknown,FAILURE TO YIELD RIGHT OF WAY,BLOOMFIELD RD & INDUSTRIAL,0,0
902239665,2022,5,3,1500,Weekday,2-Car,No injury/unknown,FOLLOWING TOO CLOSELY,RAMP 17 & W BLOOMFIELD RD,0,0
902240072,2022,5,1,1000,Weekend,1-Car,No injury/unknown,UNSAFE SPEED,N MT GILEAD & W SR 45 RD,0,0
902240137,2022,5,4,1200,Weekday,2-Car,No injury/unknown,DRIVER DISTRACTED - EXPLAIN IN NARRATIVE,SR37S,0,0
902240352,2022,5,4,1600,Weekday,2-Car,No injury/unknown,FAILURE TO YIELD RIGHT OF WAY,BLOOMFIELD & LIBERTY DR,0,0
902241892,2022,5,7,1500,Weekend,2-Car,No injury/unknown,LEFT OF CENTER,CHESTER DR & DEER,0,0
902241960,2022,5,7,1900,Weekend,1-Car,No injury/unknown,RAN OFF ROAD RIGHT,EAST TIEMEY STREET & SOUTH STRAIN RIDGE RD,0,0
902243045,2022,6,2,1400,Weekday,2-Car,Non-incapacitating,FOLLOWING TOO CLOSELY,US37S,0,0
902247080,2022,6,2,1200,Weekday,2-Car,No injury/unknown,VIEW OBSTRUCTED,EW ALLEY E OF N COLLEGE AVE & NS ALLEY N OF 10TH ST ALY,0,0
902247196,2022,6,3,800,Weekday,2-Car,No injury/unknown,FOLLOWING TOO CLOSELY,SR37N,0,0
902248290,2022,6,5,900,Weekday,2-Car,No injury/unknown,VIEW OBSTRUCTED,SR46W & UNIONVALLEY,0,0
902249769,2022,6,1,1200,Weekend,Moped/Motorcycle,No injury/unknown,FOLLOWING TOO CLOSELY,10 & SR46E,0,0
902251126,2022,6,3,1700,Weekday,3+ Cars,No injury/unknown,DRIVER DISTRACTED - EXPLAIN IN NARRATIVE,SR46W & UNIONVALLEY,0,0
902251421,2022,6,4,1100,Weekday,2-Car,No injury/unknown,OTHER (DRIVER) - EXPLAIN IN NARRATIVE,SR37N,0,0
902253058,2022,6,6,1500,Weekday,2-Car,No injury/unknown,FOLLOWING TOO CLOSELY,45 46 BYP & KINSER,0,0
902254102,2022,6,2,1400,Weekday,1-Car,No injury/unknown,DRIVER ILLNESS,SR37N,0,0
902255822,2022,6,5,1600,Weekday,2-Car,No injury/unknown,FOLLOWING TOO CLOSELY,45 46 BYP & NORTHBOUND 37  5,0,0
902255839,2022,6,5,1700,Weekday,2-Car,No injury/unknown,UNSAFE BACKING,LINCOLN ST & PARKING LOT ENTRANCE,0,0
902263450,2022,7,6,1000,Weekday,2-Car,No injury/unknown,DISREGARD SIGNAL/REG SIGN,COLLEGE MALL RD & EASTLAND PLAZA,0,0
902269514,2022,7,4,1000,Weekday,2-Car,No injury/unknown,UNSAFE LANE MOVEMENT,N BOUND 37 ENT & W BLOOMFIELD RD,0,0
902272313,2022,7,7,1000,Weekend,1-Car,No injury/unknown,OVERCORRECTING/OVERSTEERING,S KETCHUM RUN AROUND & S OLD SR37 RD,0,0
902272449,2022,7,3,1600,Weekday,2-Car,No injury/unknown,ANIMAL/OBJECT IN ROADWAY,BLOOMFIELD & SR 37 RD,0,0
902278900,2022,6,4,1600,Weekday,2-Car,No injury/unknown,DRIVER DISTRACTED - EXPLAIN IN NARRATIVE,MAIN ST & MATTHEW,0,0
902279129,2022,8,6,700,Weekday,2-Car,No injury/unknown,SPEED TOO FAST FOR WEATHER CONDITIONS,E RHORER & S OLD SR37 HWY,0,0
902292693,2022,9,7,1200,Weekend,2-Car,No injury/unknown,INSECURE/LEAKY LOAD,S DOLIMAH AVE & W MILIEU,0,0
902292998,2022,9,1,2000,Weekday,2-Car,No injury/unknown,FAILURE TO YIELD RIGHT OF WAY,E 10TH ST & TULIP TREE,0,0
902324181,2022,10,4,1400,Weekday,2-Car,No injury/unknown,FOLLOWING TOO CLOSELY,SMITH & WOODYARD,0,0
902324282,2022,10,5,1900,Weekday,2-Car,Incapacitating,FOLLOWING TOO CLOSELY,BLOOMFIELD & LIBERTY,0,0
902324583,2022,10,5,1200,Weekday,2-Car,No injury/unknown,OTHER (DRIVER) - EXPLAIN IN NARRATIVE,BASSWOOD & SECOND,0,0
902281478,2022,8,7,1700,Weekend,2-Car,No injury/unknown,FOLLOWING TOO CLOSELY,IN SR 37 & W 2ND ST,0,0
902281547,2022,8,7,2100,Weekend,1-Car,No injury/unknown,ANIMAL/OBJECT IN ROADWAY,17 & SR4546W,0,0
902282144,2022,8,2,700,Weekday,2-Car,No injury/unknown,OTHER (DRIVER) - EXPLAIN IN NARRATIVE,W2ND ST,0,0
902282870,2022,8,3,100,Weekday,2-Car,No injury/unknown,UNSAFE BACKING,100 BLOCK W 11TH & ALLEY ALY,0,0
902283257,2022,8,3,1400,Weekday,2-Car,No injury/unknown,FAILURE TO YIELD RIGHT OF WAY,EIGENMANN S DR & JEFFERSON,0,0
902284629,2022,8,2,2100,Weekday,2-Car,No injury/unknown,FOLLOWING TOO CLOSELY,NORTH CURRY PIKE & NORTH LINTEL,0,0
902284684,2022,8,6,1200,Weekday,2-Car,No injury/unknown,FAILURE TO YIELD RIGHT OF WAY,FENBROOK LN & ROMANS,0,0
902285534,2022,8,7,200,Weekend,2-Car,No injury/unknown,OVERCORRECTING/OVERSTEERING,DOLIMAH & MILIEU DR,0,0
902288790,2022,8,7,900,Weekend,2-Car,No injury/unknown,FOLLOWING TOO CLOSELY,SR37S,0,0
902289367,2022,8,1,2200,Weekday,1-Car,No injury/unknown,RAN OFF ROAD RIGHT,45 46 BYPASS & KINSER PIKE,0,0
902290531,2022,9,3,1600,Weekday,2-Car,No injury/unknown,UNSAFE BACKING,S JUNYA ST,0,0
902291159,2022,9,4,1200,Weekday,2-Car,No injury/unknown,OTHER (VEHICLE) - EXPLAIN IN NARRATIVE,,0,0
902291295,2022,9,4,1400,Weekday,2-Car,No injury/unknown,OTHER (DRIVER) - EXPLAIN IN NARRATIVE,2451 EAST 10TH (PARKING LOT) ST & EAST 10TH,0,0
902291343,2022,9,5,800,Weekday,2-Car,No injury/unknown,FOLLOWING TOO CLOSELY,SR37S,0,0
902292155,2022,9,6,1500,Weekday,3+ Cars,No injury/unknown,FOLLOWING TOO CLOSELY,45 46 BYPASS BYP & RANGE,0,0
902292411,2022,9,7,1100,Weekend,2-Car,No injury/unknown,OTHER (DRIVER) - EXPLAIN IN NARRATIVE,W MILIEU DR,0,0
902294552,2022,9,4,700,Weekday,2-Car,No injury/unknown,ANIMAL/OBJECT IN ROADWAY,CRAMER & CRAMER CIR,0,0
902296630,2022,9,1,1400,Weekend,2-Car,No injury/unknown,FAILURE TO YIELD RIGHT OF WAY,SR45W & WALMART,0,0