Master Record Number,Year,Month,Day,Hour,Weekend,Collision Type,Injury Type,Primary Factor,Reported_Location,Latitude,Longitude
902297752,2022,9,2,800,Weekday,2-Car,No injury/unknown,DRIVER DISTRACTED - EXPLAIN IN NARRATIVE,SMITH & WOODYARD,0,0
902298610,2022,9,4,1700,Weekday,2-Car,No injury/unknown,FOLLOWING TOO CLOSELY,BLOOMFIELD RD & HICKORY LEAF,0,0
902300663,2022,9,2,700,Weekday,2-Car,No injury/unknown,ANIMAL/OBJECT IN ROADWAY,N OUTBACK & W STATE ROAD 46 RD,0,0
902300868,2022,9,7,1900,Weekend,2-Car,No injury/unknown,,JACOBS DR,0,0
902301067,2022,9,2,800,Weekday,3+ Cars,No injury/unknown,FOLLOWING TOO CLOSELY,BARGER & TAPP RD,0,0
902302986,2022,9,5,1700,Weekday,2-Car,No injury/unknown,OTHER (DRIVER) - EXPLAIN IN NARRATIVE,3069 MATHEA DR & LUCAS,0,0
902304754,2022,9,2,800,Weekday,1-Car,No injury/unknown,RAN OFF ROAD RIGHT,HINES & SR45W,0,0
902305418,2022,9,3,1000,Weekday,2-Car,No injury/unknown,UNSAFE BACKING,E4TH ST,0,0
902305521,2022,9,3,900,Weekday,2-Car,No injury/unknown,UNSAFE BACKING,1101 N FEE (PARKING NW LOT) LN & WALNUT GROVE,0,0
902307862,2022,10,7,1000,Weekend,2-Car,No injury/unknown,FAILURE TO YIELD RIGHT OF WAY,LIBERTY DR & PRIVATE,0,0
902308466,2022,10,2,1100,Weekday,1-Car,No injury/unknown,RAN OFF ROAD RIGHT,E 2ND AVE & SOUTH FAIRFAX RD,0,0
902308474,2022,10,1,300,Weekend,3+ Cars,No injury/unknown,IMPROPER LANE USAGE,20TH & VARSITY LN,0,0
902310658,2022,10,5,700,Weekday,1-Car,No injury/unknown,RAN OFF ROAD RIGHT,E SALT CREEK & S SR446 RD,0,0
902310865,2022,10,3,900,Weekday,2-Car,No injury/unknown,FAILURE TO YIELD RIGHT OF WAY,E RHORER & S OLD SR37 HWY,0,0
902313839,2022,10,3,1200,Weekday,2-Car,No injury/unknown,BRAKE FAILURE OR DEFECTIVE,MERIE & VERNAL,0,0
902315054,2022,10,4,1200,Weekday,2-Car,No injury/unknown,FAILURE TO YIELD RIGHT OF WAY,SUSAN & WHITEHALL CROSSING,0,0
902315082,2022,10,5,900,Weekday,2-Car,No injury/unknown,FOLLOWING TOO CLOSELY,SR37S,0,0
902315396,2022,10,5,1700,Weekday,2-Car,No injury/unknown,UNSAFE LANE MOVEMENT,KIRKWOOD,0,0
902315482,2022,10,6,1800,Weekday,2-Car,No injury/unknown,SPEED TOO FAST FOR WEATHER CONDITIONS,N SMITH & W FORREST PARK,0,0
902316734,2022,10,7,1200,Weekend,2-Car,No injury/unknown,FOLLOWING TOO CLOSELY,KINGSTON & PETE ELLIS,0,0
902317987,2022,10,2,1800,Weekday,2-Car,No injury/unknown,FOLLOWING TOO CLOSELY,SR45E,0,0
902319524,2022,10,5,0,Weekday,2-Car,No injury/unknown,OTHER (DRIVER) - EXPLAIN IN NARRATIVE,2374 S WINSLOW,0,0
902319878,2022,10,4,1200,Weekday,2-Car,No injury/unknown,,4TH,0,0
902320394,2022,10,6,1300,Weekday,2-Car,No injury/unknown,IMPROPER LANE USAGE,W THIRD,0,0
902320889,2022,10,7,1100,Weekend,2-Car,No injury/unknown,FOLLOWING TOO CLOSELY,COUNTRY CLUB & MILTON,0,0
902321208,2022,10,1,900,Weekend,1-Car,No injury/unknown,OVERCORRECTING/OVERSTEERING,2315 N SMITH & WOODYARD,0,0
902321299,2022,10,1,1300,Weekend,2-Car,No injury/unknown,DRIVER DISTRACTED - EXPLAIN IN NARRATIVE,3RD & S STATE RD 37 RAMP 13,0,0
902324791,2022,10,6,1300,Weekday,3+ Cars,Non-incapacitating,FAILURE TO YIELD RIGHT OF WAY,W 3RD & WHITE HALL,0,0
902325061,2022,10,6,1700,Weekday,3+ Cars,No injury/unknown,FOLLOWING TOO CLOSELY,45 46 & KINSER,0,0
902354246,2022,12,2,900,Weekday,1-Car,No injury/unknown,OTHER (DRIVER) - EXPLAIN IN NARRATIVE,EAST THIRD,0,0
902354430,2022,12,2,1900,Weekday,1-Car,Non-incapacitating,RAN OFF ROAD RIGHT,E CHAPEL & SR45W,0,0
902354493,2022,12,2,1800,Weekday,2-Car,No injury/unknown,FAILURE TO YIELD RIGHT OF WAY,BLOOMFIELD & LIBERTY,0,0
902355938,2022,12,3,1500,Weekday,2-Car,No injury/unknown,FOLLOWING TOO CLOSELY,SMITH & WOODYARD,0,0
902356704,2022,12,3,1700,Weekday,2-Car,No injury/unknown,FOLLOWING TOO CLOSELY,3RD & CURRY,0,0
902357245,2022,12,6,100,Weekday,2-Car,No injury/unknown,,EAST THIRD,0,0
902357345,2022,12,6,1800,Weekday,2-Car,No injury/unknown,FOLLOWING TOO CLOSELY,SB RAMP TO SR 37 & SR45W,0,0
902357454,2022,12,7,600,Weekend,2-Car,No injury/unknown,UNSAFE SPEED,DANIELS & W STATE ROAD 48,0,0
902357855,2022,12,7,2200,Weekend,1-Car,No injury/unknown,RAN OFF ROAD RIGHT,N PAYNE & SR37N,0,0
902358051,2022,12,1,1400,Weekend,2-Car,No injury/unknown,FOLLOWING TOO CLOSELY,COFFEY LANE & N SMITH,0,0
902358230,2022,12,7,1300,Weekend,2-Car,No injury/unknown,DRIVER DISTRACTED - EXPLAIN IN NARRATIVE,SR37S,0,0
902358372,2022,12,7,400,Weekend,1-Car,No injury/unknown,OVERCORRECTING/OVERSTEERING,E GRAHAM & S HENDERSON,0,0
902359173,2022,12,6,1900,Weekend,2-Car,No injury/unknown,OTHER (DRIVER) - EXPLAIN IN NARRATIVE,NORTH LAKE VIEW & SR46W,0,0
902359419,2022,12,3,1100,Weekday,2-Car,No injury/unknown,OTHER (DRIVER) - EXPLAIN IN NARRATIVE,N GATES,0,0
902359606,2022,12,2,2100,Weekday,1-Car,No injury/unknown,RAN OFF ROAD RIGHT,S ROCKPORT & W BOLIN,0,0
902359652,2022,12,3,1400,Weekday,2-Car,No injury/unknown,UNSAFE BACKING,N JACOB,0,0
902359699,2022,12,3,1500,Weekday,2-Car,No injury/unknown,UNSAFE BACKING,N GATES,0,0
902360076,2022,12,4,1300,Weekday,2-Car,No injury/unknown,OTHER (DRIVER) - EXPLAIN IN NARRATIVE,S BASSWOOD,0,0
902325763,2022,11,1,100,Weekend,1-Car,No injury/unknown,,EAST SECOND & SOUTH LINCOLN,0,0
902326530,2022,11,2,1000,Weekday,2-Car,No injury/unknown,FAILURE TO YIELD RIGHT OF WAY,BLOOMFIELD & LIBERTY,0,0
902327214,2022,11,3,1100,Weekday,2-Car,No injury/unknown,IMPROPER LANE USAGE,W THIRD,0,0
902327420,2022,11,2,1500,Weekday,3+ Cars,No injury/unknown,OVERCORRECTING/OVERSTEERING,DOLIMAH & MILIEU,0,0
902328265,2022,11,3,1700,Weekday,1-Car,No injury/unknown,ROADWAY SURFACE CONDITION,S BANTA & W COUNTRY CLUB,0,0
902328465,2022,10,6,1900,Weekend,3+ Cars,No injury/unknown,SPEED TOO FAST FOR WEATHER CONDITIONS,45 46 & KINSER,0,0
902329824,2022,11,7,0,Weekend,1-Car,No injury/unknown,ANIMAL/OBJECT IN ROADWAY,SR37N,0,0
902331020,2022,11,2,1000,Weekday,2-Car,No injury/unknown,FOLLOWING TOO CLOSELY,48 & CURRY,0,0
902334755,2022,11,6,1200,Weekday,2-Car,No injury/unknown,FOLLOWING TOO CLOSELY,COLLEGEMALL & E 2ND,0,0
902335482,2022,11,3,1500,Weekday,2-Car,No injury/unknown,UNSAFE LANE MOVEMENT,GATES & JACOBS,0,0
902335504,2022,11,3,1800,Weekday,2-Car,No injury/unknown,FAILURE TO YIELD RIGHT OF WAY,DANIELS,0,0
902335609,2022,11,7,2000,Weekend,2-Car,No injury/unknown,LEFT OF CENTER,N MONROE & W 2OTH,0,0
902335946,2022,11,2,600,Weekday,2-Car,No injury/unknown,FOLLOWING TOO CLOSELY,S FAIRFAX & S WALNUT STREET,0,0
902336059,2022,11,3,800,Weekday,2-Car,No injury/unknown,LEFT OF CENTER,N UNION VALLEY & N WESTFALL,0,0
902336538,2022,11,5,800,Weekday,2-Car,No injury/unknown,OTHER (DRIVER) - EXPLAIN IN NARRATIVE,GILMORE PARKING CENTER ROW & INDIANA,0,0
902336725,2022,11,3,1800,Weekday,1-Car,No injury/unknown,RAN OFF ROAD RIGHT,HUGES & MOORES CREEK,0,0
902336843,2022,11,2,1800,Weekday,1-Car,No injury/unknown,RAN OFF ROAD RIGHT,9625 CARMICHAL & ROCKEAST,0,0
902336902,2022,11,2,1900,Weekday,2-Car,No injury/unknown,FAILURE TO YIELD RIGHT OF WAY,SR4546E,0,0
902339113,2022,11,4,700,Weekday,2-Car,No injury/unknown,FOLLOWING TOO CLOSELY,NB OFF RAMP SR 37,0,0
902339344,2022,11,5,1400,Weekday,2-Car,No injury/unknown,OTHER (DRIVER) - EXPLAIN IN NARRATIVE,S DOLIMAH,0,0
902339980,2022,11,5,1900,Weekday,3+ Cars,Non-incapacitating,FOLLOWING TOO CLOSELY,45 46 & DUNN,0,0
902340540,2022,11,7,1200,Weekend,2-Car,No injury/unknown,FAILURE TO YIELD RIGHT OF WAY,N SMITH & W WOODYARD,0,0
902340931,2022,11,3,1900,Weekday,1-Car,No injury/unknown,RAN OFF ROAD RIGHT,SR46,0,0
902344313,2022,11,7,800,Weekend,2-Car,No injury/unknown,FAILURE TO YIELD RIGHT OF WAY,AIRPORT & BUNGER,0,0
902344827,2022,11,7,1800,Weekend,3+ Cars,No injury/unknown,FAILURE TO YIELD RIGHT OF WAY,S LIBERTY & W THIRD,0,0
902345835,2022,12,3,700,Weekday,2-Car,No injury/unknown,FAILURE TO YIELD RIGHT OF WAY,HARVEST & UNIONVALLEY,0,0
902348065,2022,12,6,1000,Weekday,2-Car,Incapacitating,FAILURE TO YIELD RIGHT OF WAY,ACCESS TO GREASE MONKEY & COUNTRY CLUB,0,0
902348389,2022,12,6,1900,Weekend,2-Car,No injury/unknown,FOLLOWING TOO CLOSELY,FORREST & SMITH,0,0
902348644,2022,12,7,1400,Weekend,2-Car,No injury/unknown,FAILURE TO YIELD RIGHT OF WAY,3 & GATES,0,0
902348726,2022,12,7,1700,Weekend,2-Car,No injury/unknown,FOLLOWING TOO CLOSELY,TAPP,0,0
902348967,2022,12,1,1200,Weekend,Pedestrian,Incapacitating,OTHER (DRIVER) - EXPLAIN IN NARRATIVE,E LIDEN,0,0
902349098,2022,12,5,1600,Weekday,2-Car,No injury/unknown,FAILURE TO YIELD RIGHT OF WAY,CAPITAL & SR46W,0,0
902349630,2022,12,5,1800,Weekday,2-Car,No injury/unknown,,,0,0
902351912,2022,12,5,900,Weekday,2-Car,No injury/unknown,OTHER (DRIVER) - EXPLAIN IN NARRATIVE,SR37S,0,0
902363077,2022,12,4,1000,Weekday,2-Car,No injury/unknown,DRIVER DISTRACTED - EXPLAIN IN NARRATIVE,RIDGESPRINGS & SR46W,0,0
902363150,2022,12,4,1500,Weekday,2-Car,No injury/unknown,UNSAFE LANE MOVEMENT,COLLEGE & SIXTH,0,0
902363220,2022,12,4,1700,Weekday,2-Car,No injury/unknown,DISREGARD SIGNAL/REG SIGN,BLOOMFIELD & RAMP 17,0,0
902229866,2022,5,5,2200,Weekday,2-Car,No injury/unknown,DRIVER DISTRACTED - EXPLAIN IN NARRATIVE,3RD ST & STATE ROAD 37,0,0
902255958,2022,6,4,2300,Weekday,2-Car,No injury/unknown,UNSAFE BACKING,WEST SUDBERRY DR,0,0
902256445,2022,6,5,1800,Weekday,2-Car,Non-incapacitating,LEFT OF CENTER,EAST ROBINSON RD & NORTH OLD 37,0,0
902257413,2022,6,6,1200,Weekday,1-Car,No injury/unknown,OTHER (DRIVER) - EXPLAIN IN NARRATIVE,BLOOMFIELD RD,0,0
902257796,2022,6,6,1500,Weekday,2-Car,No injury/unknown,FOLLOWING TOO CLOSELY,S FAIRFAX RD & S WALNUT STREET,0,0
902257804,2022,6,7,2100,Weekend,1-Car,No injury/unknown,ANIMAL/OBJECT IN ROADWAY,CONNAUGHT & SR37N,0,0
902257885,2022,6,2,600,Weekday,1-Car,No injury/unknown,ANIMAL/OBJECT IN ROADWAY,HENDRICK & SR46E,0,0
902258132,2022,7,3,1200,Weekday,2-Car,No injury/unknown,FAILURE TO YIELD RIGHT OF WAY,3RD ST & WOODSCREST,0,0
902258345,2022,7,3,1600,Weekday,2-Car,No injury/unknown,FOLLOWING TOO CLOSELY,S LIBERTY DR & STATE ROAD 45,0,0
902258398,2022,7,3,2000,Weekday,1-Car,No injury/unknown,SPEED TOO FAST FOR WEATHER CONDITIONS,CONSITIUTION & S LIBERTY DR,0,0
902258481,2022,6,6,1600,Weekday,2-Car,No injury/unknown,FAILURE TO YIELD RIGHT OF WAY,HARTSTRAIT ROAD & SR46W,0,0
902258881,2022,7,4,1400,Weekday,2-Car,No injury/unknown,FOLLOWING TOO CLOSELY,GORDON PIKE & ROGERS,0,0
902259139,2022,7,5,200,Weekday,2-Car,No injury/unknown,OTHER (DRIVER) - EXPLAIN IN NARRATIVE,E CARDINAL GLEN DR & S WALNUT STREET,0,0
902259547,2022,7,5,1200,Weekday,2-Car,No injury/unknown,OVERCORRECTING/OVERSTEERING,E KIRKWOOD AVE,0,0
902259868,2022,7,6,1200,Weekday,1-Car,Non-incapacitating,RAN OFF ROAD RIGHT,ADAMS ST & BLOOMFIELD,0,0
902260209,2022,7,7,1300,Weekend,Moped/Motorcycle,No injury/unknown,UNSAFE BACKING,BLOOMFIELD & LEONARD SPRINGS RD,0,0
902260297,2022,7,7,2000,Weekend,2-Car,No injury/unknown,FOLLOWING TOO CLOSELY,W JACOB DR,0,0
902308318,2022,10,1,1400,Weekend,2-Car,No injury/unknown,FOLLOWING TOO CLOSELY,BLOOMFIELD & LIBERTY,0,0
902357885,2022,12,7,700,Weekend,2-Car,No injury/unknown,SPEED TOO FAST FOR WEATHER CONDITIONS,COUNTY LINE & SR45,0,0
902358096,2022,12,7,2200,Weekend,1-Car,No injury/unknown,RAN OFF ROAD RIGHT,CHAPEL HILL & HUNTERS CREEK,0,0
902359110,2022,12,2,1800,Weekday,2-Car,No injury/unknown,FAILURE TO YIELD RIGHT OF WAY,CAMPBELLS PARK & HARTSTRAIGHT,0,0
902359466,2022,12,3,1100,Weekday,3+ Cars,Non-incapacitating,FOLLOWING TOO CLOSELY,HUNTERS GLEN & SARE,0,0
902359662,2022,12,3,1700,Weekday,2-Car,No injury/unknown,DRIVER DISTRACTED - EXPLAIN IN NARRATIVE,45 46 & MARTHA,0,0
902359839,2022,12,3,400,Weekday,1-Car,No injury/unknown,UNSAFE BACKING,WICKENS,0,0
902359987,2022,12,4,500,Weekday,1-Car,No injury/unknown,SPEED TOO FAST FOR WEATHER CONDITIONS,DUNN & OLD 37,0,0
902360984,2022,12,6,1900,Weekend,2-Car,No injury/unknown,FAILURE TO YIELD RIGHT OF WAY,SR46W,0,0
902361064,2022,12,7,200,Weekend,1-Car,Non-incapacitating,RAN OFF ROAD RIGHT,MOORES & RENWICK,0,0
902106698,2021,10,5,1200,Weekday,2-Car,No injury/unknown,IMPROPER TURNING,5TH ST & WALNUT,41.22866547,-85.81796868
902040142,2021,6,6,1700,Weekday,1-Car,No injury/unknown,OTHER (DRIVER) - EXPLAIN IN NARRATIVE,1ST ST & NORTH SOUTH,40.60466646,-86.86640566
901981827,2021,3,6,1600,Weekday,2-Car,No injury/unknown,FOLLOWING TOO CLOSELY,E 3RD ST & S PARK,40.25679758,-85.67143555
902133531,2021,12,6,600,Weekday,1-Car,No injury/unknown,SPEED TOO FAST FOR WEATHER CONDITIONS,INGRAM & SR37S,39.992208,-86.59564208
902123382,2021,11,7,1800,Weekend,1-Car,No injury/unknown,ANIMAL/OBJECT IN ROADWAY,MONROE DAM & SR37S,39.57675709,-86.53836059
902132813,2021,12,6,1100,Weekday,2-Car,No injury/unknown,SPEED TOO FAST FOR WEATHER CONDITIONS,10TH ST & PARK,39.45742966,-87.40306548
902128865,2021,11,3,500,Weekday,1-Car,No injury/unknown,RAN OFF ROAD RIGHT,BOTTOM & MT TABOR RD,39.4168988,-86.63320004
902026889,2021,5,6,2200,Weekend,2-Car,No injury/unknown,UNSAFE LANE MOVEMENT,BOTTOMS & SR37S,39.41638261,-86.55792236
902102249,2021,10,6,200,Weekday,1-Car,No injury/unknown,IMPROPER LANE USAGE,MT GILEAD & SR45E,39.39745182,-86.46720886
901981838,2021,3,6,1500,Weekday,3+ Cars,Non-incapacitating,FOLLOWING TOO CLOSELY,SR37S & VERNAL,39.38900649,-86.55998992
902139673,2021,12,2,1900,Weekday,1-Car,Non-incapacitating,RAN OFF ROAD RIGHT,BOTTOM & SR37N,39.3824478,-86.55792236
902119357,2021,11,3,700,Weekday,1-Car,Non-incapacitating,RAN OFF ROAD RIGHT,BARR & MT TABOR RD,39.3799397,-86.62183016
902122033,2021,11,1,1000,Weekend,1-Car,Non-incapacitating,ANIMAL/OBJECT IN ROADWAY,COOKSEY & SR37N,39.37599609,-86.50932888
902111291,2021,11,6,1000,Weekday,1-Car,No injury/unknown,SPEED TOO FAST FOR WEATHER CONDITIONS,BOTTOM & SIMPSON CHAPEL RD,39.37564801,-86.54774017
902049673,2021,7,6,300,Weekday,1-Car,No injury/unknown,RAN OFF ROAD RIGHT,ANDERSON & OLD STATE ROAD 37 RD,39.37191774,-86.50191999
902028755,2021,5,6,1200,Weekday,2-Car,No injury/unknown,OTHER (DRIVER) - EXPLAIN IN NARRATIVE,DUNN & OLD SR 37 RD,39.36681223,-86.52871996
902131665,2021,12,2,1500,Weekday,1-Car,No injury/unknown,UNSAFE SPEED,RED HILL RD & W CHAFIN CHAPEL,39.36549062,-86.63475975
901982453,2021,3,1,1700,Weekend,1-Car,Non-incapacitating,RAN OFF ROAD RIGHT,EAST MERRITT & SR446S,39.36357228,-86.42514777
902139691,2021,12,7,1000,Weekend,1-Car,No injury/unknown,RAN OFF ROAD RIGHT,MT TABOR RD & WOODLAND,39.36291853,-86.62419989
902139692,2021,12,7,1100,Weekend,1-Car,No injury/unknown,RAN OFF ROAD RIGHT,MT TABOR RD & WOODLAND,39.36291853,-86.62419989
902128135,2021,11,4,500,Weekday,1-Car,No injury/unknown,ANIMAL/OBJECT IN ROADWAY,SR37N & ZIKES,39.36101269,-86.53515625
902025554,2021,5,6,2200,Weekend,1-Car,No injury/unknown,RAN OFF ROAD RIGHT,EARL YOUNG & LENTZ RD,39.35901148,-86.46848022
902110353,2021,10,4,1700,Weekday,1-Car,No injury/unknown,SPEED TOO FAST FOR WEATHER CONDITIONS,BOLTINGHOUSE RD & EARL YOUNG,39.35741645,-86.47337995
902009747,2021,4,5,2300,Weekday,1-Car,Non-incapacitating,RAN OFF ROAD RIGHT,UNION VALLEY RD & W MCNEELY,39.34344061,-86.59277113
902099234,2021,10,3,1100,Weekday,Bus,No injury/unknown,RAN OFF ROAD RIGHT,MAPLE GROVE CHURCH & MAPLE GROVE RD,39.34320045,-86.5722502
901980425,2021,2,3,1300,Weekday,1-Car,No injury/unknown,ANIMAL/OBJECT IN ROADWAY,ANDERSON ROAD & BEAN BLOSSOM ROAD RD,39.33996348,-86.4321485
902134454,2021,12,2,900,Weekday,1-Car,No injury/unknown,RAN OFF ROAD RIGHT,NORTH BOTTOM & SR37N,39.33871061,-86.54191693
902133310,2021,12,5,1600,Weekday,1-Car,No injury/unknown,SPEED TOO FAST FOR WEATHER CONDITIONS,BRYANTS CREEK & SR37N,39.334368,-86.5124
901983014,2021,3,6,1800,Weekday,2-Car,Non-incapacitating,RAN OFF ROAD RIGHT,FULLERTON & SR37S,39.33345989,-86.56779479
902019538,2021,5,1,1700,Weekend,1-Car,No injury/unknown,RAN OFF ROAD RIGHT,WAMPLER RD,39.332859,-86.595306
901955631,2021,1,4,2000,Weekday,1-Car,Non-incapacitating,RAN OFF ROAD RIGHT,E HACKERS CREEK RD & MORGAN COUNTY,39.33018905,-86.46517363
902106924,2021,10,6,1900,Weekend,1-Car,No injury/unknown,ANIMAL/OBJECT IN ROADWAY,CROSSOVER & SR37N,39.32978121,-86.51870072
901968287,2021,2,6,1300,Weekday,1-Car,No injury/unknown,RAN OFF ROAD RIGHT,MONROE DAM & VALLEY MISSION RD,39.32520664,-86.510099
901994866,2021,3,2,1700,Weekday,2-Car,No injury/unknown,LEFT OF CENTER,NORTH BOWMAN RD & NORTH LIBERTY HOLLOW,39.32386203,-86.59936208
902099233,2021,10,3,1000,Weekday,1-Car,No injury/unknown,RAN OFF ROAD RIGHT,BOTTOM & DITTEMORE RD,39.3176477,-86.55560534
902111912,2021,11,1,1800,Weekend,1-Car,No injury/unknown,ANIMAL/OBJECT IN ROADWAY,SR37N & SR46W,39.31411041,-86.58039093
902031750,2021,6,3,1200,Weekday,2-Car,Non-incapacitating,UNSAFE LANE MOVEMENT,SR37N,39.31409746,-86.51169575
902120863,2021,11,7,700,Weekend,1-Car,No injury/unknown,ANIMAL/OBJECT IN ROADWAY,BURMA & SR37N,39.31409746,-86.51169575
902130921,2021,12,1,2200,Weekday,2-Car,No injury/unknown,ACCELERATOR FAILURE OR DEFECTIVE,E SAMPLE & SR37N,39.31349208,-86.51318359
901960835,2021,1,2,1800,Weekday,1-Car,No injury/unknown,ANIMAL/OBJECT IN ROADWAY,BURMA & SR37S,39.31233946,-86.51241759
902058840,2021,7,1,1500,Weekend,Moped/Motorcycle,Incapacitating,OTHER (DRIVER) - EXPLAIN IN NARRATIVE,N BOTTOM RD & W PRATHER,39.308592,-86.602176
902055713,2021,7,2,1100,Weekday,2-Car,Non-incapacitating,FOLLOWING TOO CLOSELY,SR37S & SR45W,39.30670166,-86.5161972
902058231,2021,7,6,1700,Weekday,2-Car,No injury/unknown,FOLLOWING TOO CLOSELY,SR37S & SR45W,39.30670166,-86.5161972
902089197,2021,9,2,1400,Weekday,Moped/Motorcycle,Non-incapacitating,FAILURE TO YIELD RIGHT OF WAY,SR37S & SR46E,39.30670166,-86.5161972
902092200,2021,9,2,1500,Weekday,2-Car,Non-incapacitating,FOLLOWING TOO CLOSELY,SR 37 & SR45W,39.30670166,-86.5161972
902123362,2021,11,3,2100,Weekday,2-Car,No injury/unknown,IMPROPER TURNING,SR37N & SR45W,39.30670166,-86.5161972
901969412,2021,1,5,1800,Weekday,1-Car,No injury/unknown,ROADWAY SURFACE CONDITION,MT TABOR RD & TABOR HILL,39.30579968,-86.6310697
902115453,2021,11,6,1700,Weekday,2-Car,No injury/unknown,FAILURE TO YIELD RIGHT OF WAY,E CHAMBERS & OLD STATE ROAD 37 N RD,39.30564009,-86.48694992
902014334,2021,5,6,1200,Weekday,2-Car,No injury/unknown,FOLLOWING TOO CLOSELY,CHAMBERS & SR37N,39.30405213,-86.51672595
902111916,2021,11,1,1800,Weekend,1-Car,No injury/unknown,ANIMAL/OBJECT IN ROADWAY,SR37S & SR46E,39.30352418,-86.58039093
902060461,2021,7,3,1100,Weekday,1-Car,No injury/unknown,RAN OFF ROAD RIGHT,EDAR & HANDY RD,39.30328772,-86.48303993
901989239,2021,3,4,2000,Weekday,1-Car,Non-incapacitating,RAN OFF ROAD RIGHT,N LITTLE WOLF MOUNTAIN RD & WOLF MOUNTAIN,39.30224,-86.663808
902116759,2021,11,2,0,Weekday,1-Car,No injury/unknown,RAN OFF ROAD RIGHT,GRIFFITH CEMETARY & SR37,39.30181481,-86.53163909
901959731,2021,1,6,1000,Weekday,2-Car,No injury/unknown,IMPROPER TURNING,CROSSOVER & SR37N,39.29945374,-86.51947021
902075966,2021,8,7,900,Weekend,2-Car,No injury/unknown,UNSAFE LANE MOVEMENT,CROSSOVER & SR37N,39.29944992,-86.51947021
902090194,2021,9,5,400,Weekday,1-Car,No injury/unknown,ANIMAL/OBJECT IN ROADWAY,CROSS OVER & SR37S,39.29944992,-86.51947021
902128068,2021,11,3,1800,Weekday,2-Car,No injury/unknown,FOLLOWING TOO CLOSELY,SR46W & STINESVILLE,39.29790878,-86.65662337
902095146,2021,10,7,2000,Weekend,1-Car,No injury/unknown,ANIMAL/OBJECT IN ROADWAY,N LOUDEN RD & W RATLIFF,39.29598351,-86.63987003
901971348,2021,2,5,1900,Weekday,1-Car,No injury/unknown,RAN OFF ROAD RIGHT,W WALKER LN,39.29591314,-86.63512294
902109086,2021,10,3,100,Weekday,1-Car,Non-incapacitating,UNSAFE SPEED,MT TABOR RD & WALKER,39.29584,-86.626304
902089032,2021,9,2,800,Weekday,1-Car,No injury/unknown,RAN OFF ROAD RIGHT,JENNER & WALKER LN,39.29532968,-86.6308281
902141554,2021,12,7,1100,Weekend,2-Car,No injury/unknown,FAILURE TO YIELD RIGHT OF WAY,17 & JORDAN AVE,39.29525492,-86.516358
901970862,2021,1,5,1900,Weekday,2-Car,No injury/unknown,SPEED TOO FAST FOR WEATHER CONDITIONS,CROSSOVER & SR37N,39.29523138,-86.51826281
902094872,2021,10,6,1000,Weekday,1-Car,Incapacitating,SPEED TOO FAST FOR WEATHER CONDITIONS,DENNY & W DITTEMORE RD,39.29506011,-86.54623009
902107617,2021,10,1,1200,Weekend,2-Car,No injury/unknown,FOLLOWING TOO CLOSELY,SR46W & STINESVILLE,39.29341125,-86.66164124
902121533,2021,11,1,1900,Weekday,1-Car,No injury/unknown,ANIMAL/OBJECT IN ROADWAY,FOX HOLLOW & SR37S,39.29096293,-86.51785174
902114124,2021,11,2,2300,Weekday,1-Car,No injury/unknown,ANIMAL/OBJECT IN ROADWAY,FOX HOLLOW & SR37,39.28773112,-86.51892553
902134970,2021,12,1,700,Weekend,1-Car,No injury/unknown,RAN OFF ROAD RIGHT,ANDERSON RD & FARR,39.28734514,-86.44117668
902132578,2021,12,6,800,Weekday,2-Car,No injury/unknown,SPEED TOO FAST FOR WEATHER CONDITIONS,SAMPLE & SR37S,39.28717211,-86.52255288
902142024,2021,12,2,700,Weekday,1-Car,No injury/unknown,ROADWAY SURFACE CONDITION,S ROCKPORT RD & W HENNESSY,39.286659,-86.55672021
902035900,2021,6,5,1600,Weekday,3+ Cars,Non-incapacitating,FOLLOWING TOO CLOSELY,17TH & KINSER PIKE,39.28482323,-86.53775028
902072661,2021,8,7,1500,Weekend,2-Car,No injury/unknown,OTHER (DRIVER) - EXPLAIN IN NARRATIVE,OLD 37 & SR37W,39.28445816,-86.49533081
902093860,2021,10,5,1000,Weekday,2-Car,No injury/unknown,UNSAFE BACKING,OLD SR 37 & SR37S,39.28445816,-86.49533081
902070981,2021,8,3,1200,Weekday,2-Car,No injury/unknown,UNSAFE LANE MOVEMENT,CROSSOVER & SR37N,39.28353364,-86.51947021
902032019,2021,5,5,800,Weekday,1-Car,No injury/unknown,ANIMAL/OBJECT IN ROADWAY,MT TABOR ROAD RD & WOODLAND ROAD,39.28344,-86.624192
902144216,2021,12,7,100,Weekend,1-Car,No injury/unknown,RAN OFF ROAD RIGHT,CLUBHOUSE DR & OLD SR 37,39.28280781,-86.53685979
902138401,2021,12,7,900,Weekend,1-Car,No injury/unknown,RAN OFF ROAD RIGHT,ANDERSON RD & LOW GAP,39.28258279,-86.41321091
902116170,2021,11,4,1700,Weekday,1-Car,No injury/unknown,RAN OFF ROAD RIGHT,ANDERSON & N LOW GAP RD,39.282576,-86.411808
902029403,2021,5,6,1800,Weekday,2-Car,Non-incapacitating,UNSAFE BACKING,8670 WEST HEDRICK ROAD & WEST HEDRICK ROAD RD,39.28208142,-86.66213036
902145425,2021,12,2,1000,Weekday,2-Car,Non-incapacitating,LEFT OF CENTER,COUNTY LINE & SR46W,39.28186607,-86.69362998
902148253,2021,12,7,1500,Weekend,3+ Cars,No injury/unknown,FOLLOWING TOO CLOSELY,N COUNTY LINE & SR46W,39.281744,-86.6848
902026141,2021,5,6,1900,Weekend,2-Car,No injury/unknown,UNSAFE SPEED,HODGE & RED HILL RD,39.28140029,-86.63969032
902116028,2021,11,6,600,Weekday,1-Car,No injury/unknown,ANIMAL/OBJECT IN ROADWAY,COUNTY LINE & SR46W,39.28130328,-86.68312646
902133560,2021,12,2,200,Weekday,1-Car,No injury/unknown,ROADWAY SURFACE CONDITION,COUNTY LINE & SR46W,39.28130328,-86.68312646