Master Record Number,Year,Month,Day,Hour,Weekend,Collision Type,Injury Type,Primary Factor,Reported_Location,Latitude,Longitude
902050051,2021,7,4,700,Weekday,2-Car,Non-incapacitating,LEFT OF CENTER,BARR & W WOODLAND RD,39.28108983,-86.60720637
901958442,2021,1,7,800,Weekend,1-Car,No injury/unknown,RAN OFF ROAD RIGHT,KINZER & SR37N,39.28092024,-86.54624938
902016097,2021,5,6,200,Weekday,1-Car,No injury/unknown,DRIVER DISTRACTED - EXPLAIN IN NARRATIVE,SR37S,39.28081758,-86.52294918
902128104,2021,11,1,1700,Weekend,1-Car,No injury/unknown,UNSAFE BACKING,VIXEN DR,39.28077698,-86.50963592
902099942,2021,10,1,800,Weekend,1-Car,No injury/unknown,ANIMAL/OBJECT IN ROADWAY,SR37N & WINERY,39.28076172,-86.52158355
902106653,2021,10,1,1000,Weekend,1-Car,No injury/unknown,ANIMAL/OBJECT IN ROADWAY,WOODALL RD & WOODLAND,39.28068617,-86.58337873
902137374,2021,12,5,2000,Weekday,1-Car,No injury/unknown,ANIMAL/OBJECT IN ROADWAY,SIMPSON CHAPEL & SR37S,39.280496,-86.522864
902134738,2021,12,1,2000,Weekday,2-Car,No injury/unknown,LEFT OF CENTER,COUNTY LINE & SR46W,39.27827613,-86.67792565
901967104,2021,2,6,1100,Weekday,2-Car,No injury/unknown,FOLLOWING TOO CLOSELY,CROSSOVER & SR37N,39.27823203,-86.51947021
902004234,2021,4,1,2100,Weekday,1-Car,No injury/unknown,ANIMAL/OBJECT IN ROADWAY,ANDERSON RD & FISH,39.27799992,-86.46902002
902130907,2021,12,3,1700,Weekday,3+ Cars,No injury/unknown,DRIVER DISTRACTED - EXPLAIN IN NARRATIVE,HEDRICK & SR46W,39.27775955,-86.67730469
901967585,2021,2,6,2300,Weekend,1-Car,Non-incapacitating,RAN OFF ROAD RIGHT,SR46W & W HEDRICK,39.27761942,-86.67729238
902079689,2021,9,7,2100,Weekend,1-Car,No injury/unknown,ANIMAL/OBJECT IN ROADWAY,BOTTOM & SR37N,39.27640152,-86.55792236
902080808,2021,9,7,2100,Weekend,1-Car,No injury/unknown,ANIMAL/OBJECT IN ROADWAY,BOTTOM & SR37,39.27640152,-86.55792236
902038800,2021,6,4,1100,Weekday,2-Car,No injury/unknown,UNSAFE BACKING,THAMES DR,39.27497101,-86.51756286
902024372,2021,5,5,0,Weekday,1-Car,No injury/unknown,RAN OFF ROAD RIGHT,DELAP & WOODALL RD,39.27462306,-86.57803103
902105203,2021,10,4,800,Weekday,1-Car,Non-incapacitating,RAN OFF ROAD RIGHT,BARR & NORTH MT TABOR RD,39.273888,-86.621456
902056892,2021,7,3,1600,Weekday,2-Car,Non-incapacitating,LEFT OF CENTER,SIMPSON CHAPEL & W SAMPLE RD,39.27156615,-86.52751062
902026259,2021,5,1,1600,Weekend,1-Car,Non-incapacitating,RAN OFF ROAD RIGHT,7888 E NORTHSHORE DR & N NORTH BAY,39.271145,-86.4119012
902137366,2021,12,5,1700,Weekday,1-Car,No injury/unknown,RAN OFF ROAD RIGHT,E WHISNAND & SR37N,39.27075204,-86.53192901
901997093,2021,3,7,1200,Weekend,1-Car,Non-incapacitating,OTHER (DRIVER) - EXPLAIN IN NARRATIVE,OARD RD & STATE ROAD 48,39.2705651,-86.62014976
902045027,2021,7,2,800,Weekday,2-Car,No injury/unknown,FOLLOWING TOO CLOSELY,SAMPLE & SR37N,39.27027733,-86.52293441
902025657,2021,5,1,1000,Weekend,1-Car,No injury/unknown,OVERCORRECTING/OVERSTEERING,HIGHWAY BUSINESS 37 & SR37N,39.26955347,-86.54051208
902094858,2021,10,6,2200,Weekend,Moped/Motorcycle,Non-incapacitating,RAN OFF ROAD RIGHT,REDHILL & SR46W,39.26932907,-86.63477655
902013349,2021,5,4,1700,Weekday,2-Car,Non-incapacitating,RAN OFF ROAD RIGHT,SIMPSON & SR37,39.26822318,-86.52294972
902066715,2021,8,3,400,Weekday,1-Car,No injury/unknown,ANIMAL/OBJECT IN ROADWAY,SR46 & STINESVILLE RD,39.26801274,-86.66489961
902133707,2021,12,5,2100,Weekday,1-Car,No injury/unknown,SPEED TOO FAST FOR WEATHER CONDITIONS,SAMPLE & SR37N,39.26753244,-86.5228128
902149338,2021,12,2,1300,Weekday,2-Car,Incapacitating,FOLLOWING TOO CLOSELY,SAMPLE & SR37N,39.26753244,-86.5228128
902081872,2021,9,4,1100,Weekday,1-Car,No injury/unknown,RAN OFF ROAD RIGHT,ANDERSON RD & DORA,39.26706271,-86.48772031
902091555,2021,9,1,1600,Weekend,2-Car,No injury/unknown,FOLLOWING TOO CLOSELY,SAMPLE & SR37N,39.26698347,-86.52278848
902047492,2021,7,6,2100,Weekend,1-Car,No injury/unknown,ANIMAL/OBJECT IN ROADWAY,COWDEN & N MT TABOR RD,39.266864,-86.620704
902139098,2021,12,1,1700,Weekend,1-Car,No injury/unknown,ANIMAL/OBJECT IN ROADWAY,N MT TABOR RD & W COWDEN,39.266864,-86.620704
902123396,2021,11,4,1500,Weekday,2-Car,Non-incapacitating,LEFT OF CENTER,N FOX HOLLOW RD & N OLD 37,39.26677018,-86.50152812
901955189,2021,1,4,1200,Weekday,2-Car,No injury/unknown,UNSAFE BACKING,46 & STINESVILLE RD,39.266752,-86.6656
902003282,2021,4,6,1500,Weekday,Bus,No injury/unknown,FOLLOWING TOO CLOSELY,2ND & PATTERSON DR,39.26648386,-86.54850997
902146265,2021,12,4,2000,Weekday,2-Car,No injury/unknown,FAILURE TO YIELD RIGHT OF WAY,SAMPLE & SR37N,39.26616,-86.522752
902092417,2021,9,2,2300,Weekday,1-Car,No injury/unknown,ANIMAL/OBJECT IN ROADWAY,ANDERSON RD & OLD SR 37,39.266,-86.501696
902143390,2021,12,5,2300,Weekday,1-Car,No injury/unknown,LEFT OF CENTER,SAMPLE RD & SR37,39.26597022,-86.52277657
902072326,2021,8,3,1900,Weekday,1-Car,No injury/unknown,SPEED TOO FAST FOR WEATHER CONDITIONS,E ANDERSON RD & N OLD 37,39.26589981,-86.5021276
902135708,2021,12,2,500,Weekday,1-Car,No injury/unknown,ROADWAY SURFACE CONDITION,BOTTOM & SR37N,39.26579689,-86.55792236
902049676,2021,7,4,700,Weekday,1-Car,No injury/unknown,RAN OFF ROAD RIGHT,ROCKPORT RD & VICTOR,39.26474052,-86.60648994
902087168,2021,9,5,1700,Weekday,2-Car,No injury/unknown,LEFT OF CENTER,N JOHN YOUNG RD & SHILO,39.26461397,-86.43472029
902067031,2021,8,7,1300,Weekend,2-Car,No injury/unknown,UNSAFE LANE MOVEMENT,SAMPLE & SR37S,39.26449949,-86.52249594
902130469,2021,12,3,800,Weekday,3+ Cars,Non-incapacitating,SPEED TOO FAST FOR WEATHER CONDITIONS,FIELDSTONE & KIRBY RD,39.26366666,-86.61046028
901992014,2021,3,3,1200,Weekday,2-Car,No injury/unknown,DRIVER DISTRACTED - EXPLAIN IN NARRATIVE,WAYPORT ROAD RD,39.26360321,-86.5217514
902048855,2021,7,2,700,Weekday,2-Car,No injury/unknown,UNSAFE BACKING,WAYPORT RD,39.26330942,-86.52144356
901970861,2021,1,4,1500,Weekday,2-Car,No injury/unknown,IMPROPER PASSING,SR37 & WAYPORT,39.26307137,-86.52255833
901959006,2021,1,4,1100,Weekday,1-Car,No injury/unknown,RAN OFF ROAD RIGHT,SR37 & WAYPORT RD,39.2630409,-86.523358
902033538,2021,6,7,1200,Weekend,2-Car,No injury/unknown,DRIVER DISTRACTED - EXPLAIN IN NARRATIVE,LAWSON & NORTH BOTTOM RD,39.26248,-86.546096
901956409,2021,1,6,1600,Weekday,2-Car,Non-incapacitating,FAILURE TO YIELD RIGHT OF WAY,BASSWOOD DR & COPPER BEECH,39.26241338,-86.57108008
902056083,2021,7,1,1900,Weekday,2-Car,No injury/unknown,FAILURE TO YIELD RIGHT OF WAY,SR37N & WAYPORT,39.26179886,-86.52230834
902031343,2021,6,3,2200,Weekday,1-Car,No injury/unknown,ANIMAL/OBJECT IN ROADWAY,SR37 & WAYPORT,39.26090774,-86.52311797
902017514,2021,5,6,2000,Weekend,Bus,No injury/unknown,UNSAFE LANE MOVEMENT,SAMPLE & SR37N,39.26049042,-86.51318359
901950961,2021,1,3,2200,Weekday,1-Car,No injury/unknown,RAN OFF ROAD RIGHT,SR37N & WAYPORT,39.26041222,-86.52349167
902002359,2021,4,4,1100,Weekday,2-Car,No injury/unknown,DRIVER DISTRACTED - EXPLAIN IN NARRATIVE,CHAFIN CHAPEL & SR46W,39.25962637,-86.65754539
901968647,2021,2,2,800,Weekday,1-Car,No injury/unknown,ANIMAL/OBJECT IN ROADWAY,SR37 & WAYPORT,39.25918397,-86.52433306
902040341,2021,6,7,1100,Weekend,2-Car,Non-incapacitating,UNSAFE SPEED,HARTSTRAIGHT RD & VERNAL,39.25660077,-86.6112703
902024300,2021,5,4,900,Weekday,2-Car,Non-incapacitating,FAILURE TO YIELD RIGHT OF WAY,FLATWOODS & SR46W,39.25578165,-86.65554879
902118548,2021,11,4,1000,Weekday,2-Car,No injury/unknown,UNSAFE BACKING,E MILLER DR,39.255568,-86.469632
902006947,2021,4,7,1800,Weekend,2-Car,Non-incapacitating,IMPROPER PASSING,SOUTH OLD STATE ROAD 37 & SR37S,39.25457699,-86.52745745
902106949,2021,10,7,600,Weekend,1-Car,Non-incapacitating,OTHER (DRIVER) - EXPLAIN IN NARRATIVE,4594 W COWDEN RD & DUNLAP,39.25371803,-86.59237876
901978799,2021,2,7,1900,Weekend,2-Car,No injury/unknown,OVERCORRECTING/OVERSTEERING,EAST SOUTHSHORE DR & TUNNEL,39.25316237,-86.41665683
901957108,2021,1,7,1900,Weekend,2-Car,Incapacitating,LEFT OF CENTER,SR46W & W FLATWOODS,39.25241966,-86.65398335
901968003,2021,1,5,1800,Weekday,2-Car,No injury/unknown,SPEED TOO FAST FOR WEATHER CONDITIONS,FLATWOODS & SR46E,39.25241966,-86.65408733
902107205,2021,10,3,1700,Weekday,2-Car,No injury/unknown,FOLLOWING TOO CLOSELY,DELAP RD & MT TABOR,39.2520301,-86.6206701
902036381,2021,6,5,1900,Weekday,2-Car,No injury/unknown,DISREGARD SIGNAL/REG SIGN,UNION VALLEY & W DELAP RD,39.251904,-86.592816
901985738,2021,3,5,500,Weekday,1-Car,No injury/unknown,ANIMAL/OBJECT IN ROADWAY,E WYLIE RD & SR37,39.251648,-86.529056
902149517,2021,12,2,1700,Weekday,2-Car,Non-incapacitating,FAILURE TO YIELD RIGHT OF WAY,SR37N & WYLIE,39.25145518,-86.52923177
902036275,2021,6,6,1200,Weekday,2-Car,Incapacitating,FAILURE TO YIELD RIGHT OF WAY,E WYLIE & SR37N,39.25141907,-86.5226593
902083832,2021,9,1,2200,Weekday,1-Car,No injury/unknown,RAN OFF ROAD RIGHT,E WYLIE RD & OLD STATE 37 NORTH,39.25136022,-86.50120954
901992385,2021,3,4,2200,Weekday,1-Car,No injury/unknown,ANIMAL/OBJECT IN ROADWAY,EAST WYLE RD & NORTH OLD STATE ROAD 37,39.251296,-86.500832
901962029,2021,1,4,1900,Weekday,2-Car,No injury/unknown,UNSAFE BACKING,WEST STATE ROAD 46 HWY,39.2512,-86.652504
901962031,2021,1,4,1700,Weekday,2-Car,No injury/unknown,FAILURE TO YIELD RIGHT OF WAY,W SR 46 HWY,39.2512,-86.652504
901965403,2021,1,2,1700,Weekday,2-Car,No injury/unknown,FOLLOWING TOO CLOSELY,W STATE ROAD 46 HWY,39.2512,-86.652504
901989282,2021,3,5,2200,Weekday,2-Car,No injury/unknown,UNSAFE BACKING,STATE ROAD 46 HWY,39.2512,-86.652504
901993327,2021,3,6,1900,Weekend,1-Car,No injury/unknown,DRIVER ASLEEP OR FATIGUED,SR46W,39.2512,-86.652504
902003782,2021,1,5,1500,Weekday,2-Car,No injury/unknown,UNSAFE BACKING,WEST STATE ROAD 46 HWY,39.2512,-86.652504
902007541,2021,4,6,2300,Weekend,1-Car,No injury/unknown,OVERCORRECTING/OVERSTEERING,SR46W,39.2512,-86.652504
902022694,2021,5,2,1200,Weekday,2-Car,No injury/unknown,UNSAFE BACKING,W STATE ROAD 46 ST,39.2512,-86.652504
902071067,2021,8,4,1200,Weekday,2-Car,No injury/unknown,UNSAFE BACKING,STATE ROAD 46 HWY,39.2512,-86.652504
902060856,2021,8,5,1000,Weekday,1-Car,No injury/unknown,OTHER (ENVIRONMENTAL) - EXPLAIN IN NARR,WEST STATE ROAD 46 HWY,39.2512,-86.652504
902072371,2021,8,5,1500,Weekday,2-Car,No injury/unknown,UNSAFE BACKING,SR46W,39.2512,-86.652504
902116324,2021,11,6,1600,Weekday,2-Car,No injury/unknown,UNSAFE BACKING,WEST STATE ROAD 46 HWY,39.2512,-86.652504
902002457,2021,4,5,700,Weekday,2-Car,No injury/unknown,FAILURE TO YIELD RIGHT OF WAY,RICHARDSON & SOUTHSHORE DR,39.25114131,-86.38882447
901981271,2021,2,5,1800,Weekday,1-Car,Non-incapacitating,RAN OFF ROAD RIGHT,MILLER & ROBINSON RD,39.25103031,-86.46972422
902038260,2021,6,7,1900,Weekend,1-Car,Non-incapacitating,OTHER (DRIVER) - EXPLAIN IN NARRATIVE,5501 ROBINSON RD & HUDOFF,39.2510133,-86.46846041
902001949,2021,4,4,800,Weekday,2-Car,No injury/unknown,UNSAFE BACKING,WALNUT & WALNUT STREET PIKE,39.250688,-86.529744
902017117,2021,5,5,1700,Weekday,2-Car,No injury/unknown,FOLLOWING TOO CLOSELY,N WALNUT ST & SR37N,39.250688,-86.529744
902061309,2021,8,6,700,Weekday,2-Car,No injury/unknown,FOLLOWING TOO CLOSELY,SR37N & WALNUT,39.250688,-86.529744
901974995,2021,2,6,600,Weekday,1-Car,Non-incapacitating,RAN OFF ROAD RIGHT,FLATWOODS & SR46W,39.25037815,-86.65158204
902049672,2021,7,5,1200,Weekday,2-Car,No injury/unknown,OTHER (DRIVER) - EXPLAIN IN NARRATIVE,KNIGHTRIDGE & SR446S,39.24989179,-86.46687098
902133386,2021,12,1,2100,Weekday,1-Car,Non-incapacitating,ROADWAY SURFACE CONDITION,BOTTOM & SR37N,39.24988995,-86.55792236
902136136,2021,12,1,2100,Weekday,1-Car,No injury/unknown,ROADWAY SURFACE CONDITION,BOTTOM & SR37N,39.24988995,-86.55792236
902058910,2021,7,1,1500,Weekend,2-Car,No injury/unknown,OTHER (DRIVER) - EXPLAIN IN NARRATIVE,BUSINESS 37 & SR37N,39.24837079,-86.54051208
902070768,2021,8,3,2000,Weekday,2-Car,No injury/unknown,OTHER (DRIVER) - EXPLAIN IN NARRATIVE,SR46W & UNION VALLEY,39.24765015,-86.59285736
902051285,2021,7,6,1800,Weekday,2-Car,Non-incapacitating,FOLLOWING TOO CLOSELY,SR46W & UNION VALLEY,39.24765015,-86.59285736
902090123,2021,9,5,1800,Weekday,2-Car,No injury/unknown,IMPROPER LANE USAGE,SR46W & UNION VALLEY,39.24765015,-86.59288333
902049950,2021,7,4,1400,Weekday,2-Car,No injury/unknown,LEFT OF CENTER,NORTH BOTTOM ROAD RD & WEST MAPLE GROVE ROAD,39.24744,-86.547792
902146924,2021,12,5,1900,Weekday,1-Car,Non-incapacitating,RAN OFF ROAD RIGHT,N MAPLE GROVE & W MAPLE GROVE RD,39.24744,-86.547792
902037251,2021,6,1,1400,Weekend,2-Car,No injury/unknown,FAILURE TO YIELD RIGHT OF WAY,RED HILL RD & SR46,39.245744,-86.636896
902101567,2021,10,4,1700,Weekday,2-Car,No injury/unknown,OTHER (DRIVER) - EXPLAIN IN NARRATIVE,RED HILL & SR46W,39.245744,-86.636896
902114566,2021,7,2,1100,Weekday,2-Car,No injury/unknown,FAILURE TO YIELD RIGHT OF WAY,MAPLE GROVE & MATTHEWS DR,39.245408,-86.6204
902058167,2021,7,7,1500,Weekend,1-Car,No injury/unknown,OTHER (ENVIRONMENTAL) - EXPLAIN IN NARR,MAPLE GROVE RD & N MATTHEWS,39.24534,-86.62061658
902122034,2021,11,2,1600,Weekday,1-Car,No injury/unknown,ANIMAL/OBJECT IN ROADWAY,CONNAUGHT & SR37N,39.24464873,-86.53384054
902132960,2021,12,7,1000,Weekend,1-Car,No injury/unknown,SPEED TOO FAST FOR WEATHER CONDITIONS,OLD SR 37 & WALNUT ST,39.24419236,-86.53415009
902067189,2021,8,3,1600,Weekday,2-Car,No injury/unknown,FAILURE TO YIELD RIGHT OF WAY,CONNAUGHT & SR37N,39.24419022,-86.533432
902042911,2021,6,2,2200,Weekday,1-Car,No injury/unknown,ANIMAL/OBJECT IN ROADWAY,MAPLE GROVE & UNION VALLEY RD,39.24406538,-86.59279461
902078180,2021,9,4,1700,Weekday,2-Car,No injury/unknown,FOLLOWING TOO CLOSELY,MATTHEWS & SR46W,39.2437706,-86.62110727
902061896,2021,8,7,800,Weekend,1-Car,Non-incapacitating,ROADWAY SURFACE CONDITION,IN 45 N & SHUFFLE CREEK RD,39.24282322,-86.40429497
901969462,2021,1,5,2100,Weekday,2-Car,No injury/unknown,ROADWAY SURFACE CONDITION,MAPLE GROVE & UNION VALLEY RD,39.24200551,-86.59277843
902036893,2021,6,1,1000,Weekend,1-Car,Non-incapacitating,OVERCORRECTING/OVERSTEERING,COUNTY LINE ROAD & REEVES ROAD RD,39.24175548,-86.68418348
902092334,2021,9,1,1800,Weekend,1-Car,No injury/unknown,SPEED TOO FAST FOR WEATHER CONDITIONS,N COUNTY LINE & REEVES RD,39.24172799,-86.68419815
902029340,2021,6,7,1200,Weekend,1-Car,No injury/unknown,ANIMAL/OBJECT IN ROADWAY,KNIGHTRIDGE SOUTH & SR446S,39.24153388,-86.45682164
901961074,2021,1,3,900,Weekday,2-Car,No injury/unknown,FOLLOWING TOO CLOSELY,RIDGE SPRINGS & SR46W,39.24104,-86.632096
902005568,2021,4,6,0,Weekday,1-Car,No injury/unknown,UNSAFE BACKING,SR46E,39.24066925,-86.63175201
902014508,2021,5,7,1500,Weekend,1-Car,Non-incapacitating,SPEED TOO FAST FOR WEATHER CONDITIONS,E ROBINSON RD & NEHRT,39.24065016,-86.44318669
901995758,2021,3,3,800,Weekday,1-Car,No injury/unknown,ROADWAY SURFACE CONDITION,OLD STATE ROAD 37 N RD & ROBINSON,39.24032,-86.49928
902143384,2021,12,5,1200,Weekday,1-Car,No injury/unknown,RAN OFF ROAD RIGHT,4580 EAST ROBINSON RD & NORTH OLD SR 37,39.24032,-86.49928
902115950,2021,11,5,2300,Weekday,1-Car,No injury/unknown,OTHER (DRIVER) - EXPLAIN IN NARRATIVE,N VALLEY VIEW DR & RIDGEWAY,39.239952,-86.606704
902092999,2021,10,3,0,Weekday,1-Car,No injury/unknown,ANIMAL/OBJECT IN ROADWAY,JUDY & SR46W,39.2395493,-86.63076905
902052938,2021,7,3,1400,Weekday,3+ Cars,Non-incapacitating,DISREGARD SIGNAL/REG SIGN,DILLMAN RD & OLD STATE ROAD 37,39.23944,-86.499392
902113901,2021,11,7,1100,Weekend,2-Car,No injury/unknown,FAILURE TO YIELD RIGHT OF WAY,COLLEGE & SR37N,39.23923043,-86.53453826
902119937,2021,11,4,1100,Weekday,2-Car,No injury/unknown,IMPROPER PASSING,RIDGE SPRINGS LN & ROSEWOOD,39.238736,-86.63872
902002858,2021,4,4,700,Weekday,2-Car,No injury/unknown,FOLLOWING TOO CLOSELY,46 & GRANT ST,39.23836136,-86.62767791
902102718,2021,10,6,1500,Weekday,2-Car,No injury/unknown,OTHER (DRIVER) - EXPLAIN IN NARRATIVE,GRANT & SR46W,39.23836136,-86.62767791
902107192,2021,10,5,700,Weekday,2-Car,No injury/unknown,FAILURE TO YIELD RIGHT OF WAY,GRANT & SR46W,39.23836136,-86.62767791
902138703,2021,12,5,500,Weekday,2-Car,No injury/unknown,FAILURE TO YIELD RIGHT OF WAY,GRANT & SR46W,39.23836136,-86.62767791
902114387,2021,11,4,1300,Weekday,2-Car,No injury/unknown,FAILURE TO YIELD RIGHT OF WAY,ACADIA CT,39.237248,-86.539216
902026313,2021,5,2,900,Weekday,2-Car,No injury/unknown,OTHER (VEHICLE) - EXPLAIN IN NARRATIVE,POPLAR DR & SR46W,39.237248,-86.629296
902033630,2021,6,2,0,Weekday,1-Car,No injury/unknown,RAN OFF ROAD RIGHT,EDGEWOOD & POPLAR DR,39.237152,-86.6304
902094824,2021,10,3,2100,Weekday,2-Car,No injury/unknown,FAILURE TO YIELD RIGHT OF WAY,EDGEWOOD & SR46W,39.23670959,-86.63545989
902064654,2021,8,7,2100,Weekend,1-Car,Non-incapacitating,UNSAFE SPEED,MORGAN & SHUFFLE CREEK RD,39.23670739,-86.41081274
902097988,2021,10,4,1400,Weekday,2-Car,Non-incapacitating,FAILURE TO YIELD RIGHT OF WAY,EDGEWOOD DR & SCHOOL,39.23666718,-86.63133907
902037869,2021,6,2,1600,Weekday,2-Car,Incapacitating,DISREGARD SIGNAL/REG SIGN,MAIN ST & MATTHEWS,39.236096,-86.625168
902099078,2021,10,6,300,Weekday,2-Car,Non-incapacitating,FAILURE TO YIELD RIGHT OF WAY,MATTHEW & SR46W,39.2360426,-86.62509441
902084002,2021,9,7,100,Weekend,2-Car,No injury/unknown,OTHER (DRIVER) - EXPLAIN IN NARRATIVE,WEST VINE ST,39.235728,-86.626032
901982302,2021,3,1,300,Weekend,2-Car,No injury/unknown,OTHER (DRIVER) - EXPLAIN IN NARRATIVE,MATTHEWS DR & VINE STREET ST,39.235504,-86.625712
902086598,2021,9,6,1400,Weekday,2-Car,No injury/unknown,UNSAFE LANE MOVEMENT,SOUTH WALNUT & SR46W,39.235376,-86.627168
902018080,2021,5,7,1700,Weekend,2-Car,No injury/unknown,IMPROPER TURNING,NORTH SALE & WEST MAIN ST,39.234944,-86.623392
902033721,2021,6,1,1300,Weekend,2-Car,No injury/unknown,FAILURE TO YIELD RIGHT OF WAY,MATTHEWS & SR46W,39.234768,-86.626384
902040873,2021,6,1,1600,Weekend,2-Car,No injury/unknown,DISREGARD SIGNAL/REG SIGN,MATTHEWS DR & SR46W,39.234768,-86.626384
902064714,2021,8,5,1900,Weekday,2-Car,Non-incapacitating,DISREGARD SIGNAL/REG SIGN,MATTHEWS DR & SR46W,39.234768,-86.626384
902074338,2021,8,4,700,Weekday,2-Car,Non-incapacitating,DISREGARD SIGNAL/REG SIGN,MATTHEWS & SR46W,39.234768,-86.626384
901965632,2021,1,4,200,Weekday,1-Car,No injury/unknown,RAN OFF ROAD RIGHT,BREEDEN RD & TOP PHILLIPS,39.23428818,-86.67456977
902111099,2021,11,6,1600,Weekday,2-Car,No injury/unknown,OTHER (DRIVER) - EXPLAIN IN NARRATIVE,N SALE ST & TEMPERANCE,39.23414396,-86.62434641
902098319,2021,10,5,1500,Weekday,2-Car,No injury/unknown,UNSAFE BACKING,WEST TEMPERANCE ST ST,39.2340889,-86.62478637
901951803,2021,1,4,1200,Weekday,1-Car,No injury/unknown,ANIMAL/OBJECT IN ROADWAY,SR37S,39.23392962,-86.54127818
901987494,2021,3,2,1600,Weekday,2-Car,No injury/unknown,FAILURE TO YIELD RIGHT OF WAY,SALE & TEMPERANCE ST,39.23384,-86.624704
902005334,2021,4,4,1000,Weekday,2-Car,No injury/unknown,FAILURE TO YIELD RIGHT OF WAY,SALE & SR46W,39.23384,-86.624704
902068875,2021,8,7,1000,Weekend,2-Car,No injury/unknown,UNSAFE BACKING,SALE & WEST TEMPERANCE ST,39.23384,-86.624704
902091542,2021,9,1,1800,Weekend,1-Car,Non-incapacitating,DISREGARD SIGNAL/REG SIGN,N SALE & SR46W,39.23384,-86.624704
902116605,2021,11,1,1600,Weekend,2-Car,No injury/unknown,DRIVER DISTRACTED - EXPLAIN IN NARRATIVE,SALE ST & SR46W,39.23384,-86.624704
902139815,2021,11,6,1000,Weekday,2-Car,No injury/unknown,FOLLOWING TOO CLOSELY,SALE & SR46W,39.23384,-86.624704
902138651,2021,12,7,2100,Weekend,2-Car,No injury/unknown,DRIVER DISTRACTED - EXPLAIN IN NARRATIVE,WEST TEMPERANCE ST,39.23374176,-86.62436676
902085866,2021,9,4,800,Weekday,2-Car,No injury/unknown,FAILURE TO YIELD RIGHT OF WAY,KELLI & SR46W,39.233181,-86.61887359
901994304,2021,3,2,700,Weekday,Bus,No injury/unknown,ROADWAY SURFACE CONDITION,ASSOCIATION & SALE ST,39.23308969,-86.62547998
902050798,2021,7,6,1300,Weekday,2-Car,No injury/unknown,FAILURE TO YIELD RIGHT OF WAY,SALE & SR46E,39.23302841,-86.62554931
902090062,2021,9,4,700,Weekday,2-Car,No injury/unknown,FAILURE TO YIELD RIGHT OF WAY,BOTTOM RD & SR37,39.23285989,-86.54190129
902060395,2021,7,3,1300,Weekday,3+ Cars,Non-incapacitating,DISREGARD SIGNAL/REG SIGN,SR37 & SR46W,39.232688,-86.623056
902016803,2021,5,5,1000,Weekday,2-Car,No injury/unknown,UNSAFE BACKING,N WALNUT ST,39.232544,-86.540704
902061223,2021,8,6,100,Weekday,2-Car,No injury/unknown,UNSAFE BACKING,N WALNUT ST,39.232544,-86.540704
902139855,2021,12,7,1800,Weekend,3+ Cars,No injury/unknown,ROADWAY SURFACE CONDITION,N WALNUT ST,39.232544,-86.540704
902072673,2021,7,7,500,Weekend,1-Car,No injury/unknown,RAN OFF ROAD RIGHT,ERAL YOUNG & LENTZ RD,39.23190013,-86.46851049
902029591,2021,6,1,100,Weekend,1-Car,No injury/unknown,ANIMAL/OBJECT IN ROADWAY,OLD MYERS & SR37N,39.23185808,-86.50634149
902057534,2021,7,3,1300,Weekday,1-Car,No injury/unknown,ANIMAL/OBJECT IN ROADWAY,N OLD 37 & OLD MEYERS RD,39.23183978,-86.50670575
901968004,2021,1,5,1800,Weekday,1-Car,Non-incapacitating,SPEED TOO FAST FOR WEATHER CONDITIONS,CHAMBERS & SR37N,39.23179578,-86.50701904
902011549,2021,4,4,1800,Weekday,2-Car,No injury/unknown,FOLLOWING TOO CLOSELY,17TH & JORDAN AVE,39.23172136,-86.51093021
902087385,2021,9,6,2000,Weekend,1-Car,Non-incapacitating,UNSAFE SPEED,W GILMORE & W REEVES RD,39.231648,-86.671296
902057852,2021,7,6,400,Weekday,1-Car,No injury/unknown,OTHER (VEHICLE) - EXPLAIN IN NARRATIVE,OAK ST,39.23138808,-86.62459363
902059161,2021,7,2,1100,Weekday,2-Car,No injury/unknown,LEFT OF CENTER,HILLVIEW & SR37N,39.23136332,-86.53076171
902017917,2021,5,6,1100,Weekday,2-Car,No injury/unknown,UNSAFE LANE MOVEMENT,1ST & SR46E,39.23125467,-86.62103537
901982717,2021,2,6,2000,Weekend,2-Car,No injury/unknown,LEFT OF CENTER,SALE ST & THOMAS,39.231152,-86.6308
902106376,2021,10,6,300,Weekday,1-Car,No injury/unknown,DRIVER DISTRACTED - EXPLAIN IN NARRATIVE,OLD MYERS RD & OLD SR 37 NORTH,39.23066881,-86.50493342
901986418,2021,3,7,800,Weekend,2-Car,No injury/unknown,FAILURE TO YIELD RIGHT OF WAY,BRUMMETTS CREEK & SR46E,39.230544,-86.42
902095239,2021,10,6,900,Weekday,1-Car,No injury/unknown,ANIMAL/OBJECT IN ROADWAY,BRUMMETTS CREEK & SR46E,39.230544,-86.42
902139817,2021,12,2,700,Weekday,2-Car,No injury/unknown,ANIMAL/OBJECT IN ROADWAY,SALE & THOMAS RD,39.23047063,-86.63069096
902129215,2021,12,1,0,Weekend,1-Car,No injury/unknown,RAN OFF ROAD RIGHT,16TH & MONROE ST,39.23029921,-86.54709979
901983640,2021,3,7,1400,Weekend,2-Car,Non-incapacitating,FAILURE TO YIELD RIGHT OF WAY,SR45E & TUNNEL,39.230048,-86.4316
902095482,2021,10,1,2000,Weekday,1-Car,Non-incapacitating,RAN OFF ROAD RIGHT,3420 E OLD MEYERS RD & LITTLE HORSE,39.22984,-86.502