Master Record Number,Year,Month,Day,Hour,Weekend,Collision Type,Injury Type,Primary Factor,Reported_Location,Latitude,Longitude
901977147,2021,2,4,1100,Weekday,2-Car,No injury/unknown,OTHER (DRIVER) - EXPLAIN IN NARRATIVE,PAUL & SR46W,39.22981269,-86.61900411
902116409,2021,11,1,100,Weekend,1-Car,Incapacitating,RAN OFF ROAD RIGHT,2855 OLD MYERS RD & LITTLE HORSE,39.22975041,-86.50376193
902085644,2021,9,2,1600,Weekday,1-Car,No injury/unknown,,N THOMAS RD,39.22918571,-86.63056818
902131663,2021,11,5,1800,Weekday,1-Car,No injury/unknown,ANIMAL/OBJECT IN ROADWAY,ACUFF & SR37S,39.22907327,-86.55677032
901986280,2021,3,6,1700,Weekday,2-Car,No injury/unknown,UNSAFE BACKING,W 3RD ST,39.228944,-86.627504
901997410,2021,3,1,1600,Weekend,2-Car,No injury/unknown,IMPROPER TURNING,W 3RD ST,39.228944,-86.627504
901974898,2021,1,2,1900,Weekday,2-Car,No injury/unknown,OTHER (DRIVER) - EXPLAIN IN NARRATIVE,KINSER & SR46W,39.22796249,-86.54624938
901989745,2021,3,6,1500,Weekday,2-Car,No injury/unknown,FAILURE TO YIELD RIGHT OF WAY,KINSER & SR46W,39.22796249,-86.54624938
901967396,2021,1,5,2000,Weekday,1-Car,No injury/unknown,ROADWAY SURFACE CONDITION,HART STRAIT & SR46W,39.2276627,-86.61593307
902000876,2021,4,5,1800,Weekday,2-Car,No injury/unknown,DISREGARD SIGNAL/REG SIGN,HARTSTRAIT & SR46W,39.2276627,-86.61593307
902139212,2021,12,7,0,Weekend,1-Car,No injury/unknown,RAN OFF ROAD RIGHT,1ST & CHESTER DR,39.22662942,-86.62438815
902115036,2021,11,5,1500,Weekday,2-Car,No injury/unknown,DRIVER DISTRACTED - EXPLAIN IN NARRATIVE,SR46W & TEMPERANCE,39.226352,-86.614192
902120582,2021,11,7,1100,Weekend,2-Car,No injury/unknown,UNSAFE LANE MOVEMENT,SR46W & TEMPERANCE,39.22626374,-86.61405676
902090039,2021,9,5,1500,Weekday,2-Car,No injury/unknown,UNSAFE BACKING,11TH & COLLEGE AVE,39.2261637,-86.53479985
902096881,2021,10,3,1200,Weekday,2-Car,No injury/unknown,VIEW OBSTRUCTED,LAKEVIEW & SR46W,39.22571945,-86.60509594
902119807,2021,11,5,2200,Weekday,1-Car,No injury/unknown,ANIMAL/OBJECT IN ROADWAY,LOESCH RD & PROFILE,39.22478185,-86.58868007
902010959,2021,4,6,1300,Weekday,2-Car,No injury/unknown,UNSAFE BACKING,STONE MILL RD,39.22420883,-86.53900146
902064129,2021,8,4,1600,Weekday,2-Car,No injury/unknown,FOLLOWING TOO CLOSELY,CAPATIL AVE & SR46W,39.22377014,-86.6088531
902144183,2021,12,7,900,Weekend,1-Car,No injury/unknown,ROADWAY SURFACE CONDITION,BOTTOM ROAD & SR37N,39.22337838,-86.55792236
902060498,2021,7,4,1400,Weekday,1-Car,No injury/unknown,RAN OFF ROAD RIGHT,PARK ST & PARK ST ST,39.223248,-86.6188
902084422,2021,9,2,1500,Weekday,2-Car,No injury/unknown,FAILURE TO YIELD RIGHT OF WAY,LOST MANS & UNIONVALLEY RD,39.222848,-86.592704
902076528,2021,9,1,100,Weekend,1-Car,No injury/unknown,RAN OFF ROAD RIGHT,4855 N THOMAS RD & TECUMSEH,39.222848,-86.63048
902090188,2021,9,5,1600,Weekday,1-Car,No injury/unknown,ANIMAL/OBJECT IN ROADWAY,W LOST MANS LN & WHITE RIVER,39.22284029,-86.58894351
901961006,2021,1,2,1100,Weekday,2-Car,No injury/unknown,OTHER (DRIVER) - EXPLAIN IN NARRATIVE,N KINSER PIKE,39.222752,-86.550096
901988947,2021,3,5,700,Weekday,2-Car,No injury/unknown,FOLLOWING TOO CLOSELY,SOUTH OLD ST RD 37 RD & WHISNAND,39.22257277,-86.5171255
901976566,2021,2,3,600,Weekday,1-Car,No injury/unknown,RAN OFF ROAD RIGHT,N LAKEVIEW DR,39.22243037,-86.6053502
901997078,2021,3,7,1100,Weekend,1-Car,No injury/unknown,DRIVER DISTRACTED - EXPLAIN IN NARRATIVE,SMITH PIKE & WOODYARD,39.22238412,-86.58308029
901969830,2021,2,3,1000,Weekday,2-Car,No injury/unknown,FAILURE TO YIELD RIGHT OF WAY,SR37N & WHISNAND,39.22203827,-86.53192901
902134030,2021,12,6,1400,Weekday,2-Car,No injury/unknown,SPEED TOO FAST FOR WEATHER CONDITIONS,SR37S & STONEBELT,39.22143593,-86.52886962
901997442,2021,3,1,1600,Weekend,2-Car,No injury/unknown,OTHER (DRIVER) - EXPLAIN IN NARRATIVE,LANTERN & MUSKET DR,39.22117077,-86.61874274
901968768,2021,2,1,1300,Weekend,2-Car,No injury/unknown,ROADWAY SURFACE CONDITION,LAKEVIEW DR & SR46W,39.221152,-86.6056
902071981,2021,8,5,1200,Weekday,2-Car,Incapacitating,FAILURE TO YIELD RIGHT OF WAY,LAKEVIEW & SR46W,39.221152,-86.6056
902097987,2021,10,4,1300,Weekday,2-Car,No injury/unknown,FAILURE TO YIELD RIGHT OF WAY,LAKEVIEW & SR46W,39.221152,-86.6056
902130963,2021,12,3,1800,Weekday,1-Car,No injury/unknown,ANIMAL/OBJECT IN ROADWAY,MAYFIELD & UNION VALLEY RD,39.22102484,-86.59269773
902013623,2021,5,6,800,Weekday,3+ Cars,No injury/unknown,FAILURE TO YIELD RIGHT OF WAY,MAEFIELD & UNION VALLEY RD,39.22100969,-86.59268997
902119424,2021,11,5,700,Weekday,1-Car,No injury/unknown,ANIMAL/OBJECT IN ROADWAY,HARVEST & UNION VALLEY RD,39.22100969,-86.59268997
902058098,2021,7,3,1700,Weekday,1-Car,No injury/unknown,ANIMAL/OBJECT IN ROADWAY,HARBISON & HARTSTRAIT RD,39.220944,-86.612192
902115949,2021,11,5,500,Weekday,1-Car,No injury/unknown,ANIMAL/OBJECT IN ROADWAY,NORTH KINSER & SR37N,39.22088285,-86.55024525
902063634,2021,8,3,1600,Weekday,2-Car,Non-incapacitating,FAILURE TO YIELD RIGHT OF WAY,WALNUT ST & WINLSOW,39.22050395,-86.5311098
902100375,2021,10,1,2300,Weekday,2-Car,No injury/unknown,FAILURE TO YIELD RIGHT OF WAY,CANSTER & N SHADOW WOOD DR,39.22035027,-86.58428432
902031889,2021,6,4,2300,Weekday,1-Car,No injury/unknown,RAN OFF ROAD RIGHT,HARBISON & HARTSTRAIGHT RD,39.22025908,-86.61213142
901961483,2021,1,3,2000,Weekday,2-Car,No injury/unknown,FAILURE TO YIELD RIGHT OF WAY,MT GILEAD & SR45E,39.21901703,-86.42536926
901982481,2021,3,1,500,Weekend,1-Car,No injury/unknown,RAN OFF ROAD RIGHT,MT GILEAD & SR45E,39.21901703,-86.42541247
901996573,2021,3,5,1800,Weekday,2-Car,No injury/unknown,ANIMAL/OBJECT IN ROADWAY,SIMPSON CHAPEL ROAD & SR37S,39.21898216,-86.54723358
901981332,2021,2,3,2100,Weekday,1-Car,No injury/unknown,RAN OFF ROAD RIGHT,EARL YOUNG & SR45,39.21897935,-86.45289344
902070452,2021,8,2,1700,Weekday,2-Car,No injury/unknown,FOLLOWING TOO CLOSELY,SR37S & VERNAL,39.21893123,-86.56252288
902083532,2021,8,4,1200,Weekday,2-Car,Non-incapacitating,FOLLOWING TOO CLOSELY,LOVE & SR46W,39.21849352,-86.60119115
902110373,2021,10,5,1700,Weekday,2-Car,No injury/unknown,IMPROPER TURNING,JONES & JORDAN AVE,39.21827341,-86.51640996
902086092,2021,9,2,1500,Weekday,2-Car,No injury/unknown,FAILURE TO YIELD RIGHT OF WAY,SR46 & UNION VALLEY,39.21810913,-86.59268951
902126356,2021,11,4,1500,Weekday,2-Car,Non-incapacitating,FAILURE TO YIELD RIGHT OF WAY,SR46W & UNION VALLEY,39.21810913,-86.5927419
902026086,2021,5,1,1300,Weekend,2-Car,Incapacitating,LEFT OF CENTER,OLD RIHARDSON ROAD & SR446S,39.21780428,-86.43133871
901953359,2021,1,7,1700,Weekend,2-Car,No injury/unknown,IMPROPER LANE USAGE,RIDGEWOOD & SR46,39.21738915,-86.59900719
902042262,2021,6,3,2300,Weekday,2-Car,No injury/unknown,FAILURE TO YIELD RIGHT OF WAY,RIDGWOOD & SR46W,39.21738139,-86.59893745
902063461,2021,8,2,1200,Weekday,2-Car,Non-incapacitating,FAILURE TO YIELD RIGHT OF WAY,RIDGEWOOD & SR46W,39.21738052,-86.59898376
902129737,2021,12,2,900,Weekday,2-Car,Non-incapacitating,FAILURE TO YIELD RIGHT OF WAY,3RD & LANDMARK AVE,39.21730181,-86.55630983
902022259,2021,5,5,600,Weekday,1-Car,No injury/unknown,ANIMAL/OBJECT IN ROADWAY,RIDGEWOOD & SR46W,39.217248,-86.598992
902132505,2021,12,6,500,Weekday,2-Car,No injury/unknown,IMPROPER TURNING,SR46N & THIRD,39.21712186,-86.47205024
901999169,2021,3,7,1400,Weekend,2-Car,No injury/unknown,FAILURE TO YIELD RIGHT OF WAY,RATLIFF & STARNES RD,39.2168697,-86.65871992
902083596,2021,9,1,1200,Weekend,2-Car,Non-incapacitating,FOLLOWING TOO CLOSELY,BRIAR GATE & SR46W,39.21672821,-86.5963908
902056689,2021,7,6,1900,Weekend,1-Car,No injury/unknown,ANIMAL/OBJECT IN ROADWAY,N BUISNESS 37 RD & WISHNAND,39.21671718,-86.53976999
902009722,2021,4,5,600,Weekday,2-Car,Non-incapacitating,FAILURE TO YIELD RIGHT OF WAY,BRIARGATE & SR46W,39.21662779,-86.59651279
902010239,2021,4,6,1400,Weekday,2-Car,No injury/unknown,DRIVER ILLNESS,W RICHLAND PLAZA DR,39.21655923,-86.59484311
901952379,2021,1,5,1800,Weekday,2-Car,Non-incapacitating,UNSAFE LANE MOVEMENT,BRIARGATE & SR46,39.21651801,-86.59613201
902065533,2021,8,6,200,Weekday,2-Car,No injury/unknown,UNSAFE LANE MOVEMENT,SR46 & UNION VALLEY,39.21607567,-86.59449891
901996216,2021,3,5,800,Weekday,2-Car,No injury/unknown,FAILURE TO YIELD RIGHT OF WAY,LYNWEST & UNIONVALLEY RD,39.21584,-86.5928
902146735,2021,12,5,1300,Weekday,2-Car,Incapacitating,LEFT OF CENTER,UNION VALLEY RD & W LYNWEST,39.21584,-86.5928
902090148,2021,9,5,2100,Weekday,3+ Cars,No injury/unknown,FAILURE TO YIELD RIGHT OF WAY,OUTBACK & SR46,39.21535861,-86.59301239
902039683,2021,6,4,1700,Weekday,2-Car,No injury/unknown,UNSAFE BACKING,RATLIFF & THOMAS RD,39.21520002,-86.63040988
901993777,2021,3,7,1200,Weekend,2-Car,Incapacitating,UNSAFE LANE MOVEMENT,SR46W & UNION VALLEY,39.215152,-86.5928
901995757,2021,3,3,700,Weekday,2-Car,No injury/unknown,DRIVER DISTRACTED - EXPLAIN IN NARRATIVE,SR46 & UNION VALLEY ROAD RD,39.215152,-86.5928
902060336,2021,7,3,1100,Weekday,3+ Cars,No injury/unknown,DRIVER DISTRACTED - EXPLAIN IN NARRATIVE,SR46W & UNION VALLEY ROAD,39.215152,-86.5928
902089710,2021,9,5,700,Weekday,2-Car,No injury/unknown,FAILURE TO YIELD RIGHT OF WAY,SR46W & UNION VALLEY,39.215152,-86.5928
902003810,2021,4,7,100,Weekend,1-Car,No injury/unknown,ANIMAL/OBJECT IN ROADWAY,ACUFF & SR37,39.21514332,-86.55345656
901979513,2021,2,2,2000,Weekday,2-Car,No injury/unknown,FAILURE TO YIELD RIGHT OF WAY,SR46W & UNION VALLEY,39.21513482,-86.59267202
902061472,2021,8,5,800,Weekday,2-Car,No injury/unknown,UNSAFE LANE MOVEMENT,KINSER & SR37S,39.21496269,-86.55331485
901995226,2021,3,3,800,Weekday,1-Car,No injury/unknown,SPEED TOO FAST FOR WEATHER CONDITIONS,BETHEL LN & ROBBS,39.21481982,-86.4679972
901955660,2021,1,5,900,Weekday,2-Car,Non-incapacitating,FAILURE TO YIELD RIGHT OF WAY,BETHAL LANE LN & BOLTINGHOUSE ROAD,39.214752,-86.472896
901987484,2021,3,1,1700,Weekend,1-Car,No injury/unknown,ANIMAL/OBJECT IN ROADWAY,BETHEL & E BOLTINGHOUSE RD,39.214752,-86.472896
902057264,2021,7,4,1900,Weekday,2-Car,No injury/unknown,FAILURE TO YIELD RIGHT OF WAY,E BETHEL & E BOLTINGHOUSE RD,39.214752,-86.472896
901993670,2021,3,5,2000,Weekday,2-Car,Non-incapacitating,FOLLOWING TOO CLOSELY,OUTBACK & SR46W,39.21467972,-86.59262847
902002903,2021,4,2,1300,Weekday,2-Car,No injury/unknown,DRIVER ILLNESS,OUTBACK & SR46W,39.21467972,-86.59262847
902065721,2021,8,4,1500,Weekday,Moped/Motorcycle,No injury/unknown,FOLLOWING TOO CLOSELY,OUTBACK & SR46W,39.21467972,-86.59262847
902133228,2021,12,6,1600,Weekday,1-Car,No injury/unknown,ROADWAY SURFACE CONDITION,BRUMMETTS CREEK RD & NORTH MCCOY,39.21457976,-86.39936976
902111165,2021,10,5,1500,Weekday,1-Car,No injury/unknown,RAN OFF ROAD RIGHT,HILLCREST & N RIDGEWOOD DR,39.2140616,-86.598
901975872,2021,2,2,1600,Weekday,2-Car,No injury/unknown,DISREGARD SIGNAL/REG SIGN,BLUE SPRINGS LANE & SR46E,39.21375275,-86.7153778
901967686,2021,2,6,700,Weekday,1-Car,No injury/unknown,ROADWAY SURFACE CONDITION,FAIRFAX & OLD STATE ROAD 37 RD,39.21284949,-86.53149001
902113671,2021,11,4,800,Weekday,2-Car,No injury/unknown,FAILURE TO YIELD RIGHT OF WAY,BETHEL LN & HINKLE,39.21282023,-86.50541022
901961511,2021,1,3,2000,Weekday,2-Car,No injury/unknown,FAILURE TO YIELD RIGHT OF WAY,BETHEL & HINKLE RD,39.21280418,-86.50541992
902138650,2021,12,6,1500,Weekday,2-Car,No injury/unknown,ROADWAY SURFACE CONDITION,BETHEL & HINKLE RD,39.21280418,-86.50541992
901955148,2021,1,4,1200,Weekday,2-Car,No injury/unknown,FAILURE TO YIELD RIGHT OF WAY,E MOORES PIKE,39.212528,-86.496128
902062256,2021,8,1,1100,Weekend,2-Car,No injury/unknown,FOLLOWING TOO CLOSELY,OUTBACK & SR46W,39.2125206,-86.59179687
902095222,2021,10,7,1000,Weekend,2-Car,No injury/unknown,LEFT OF CENTER,COFFEY & SMITH PIKE,39.21232296,-86.58315002
901995170,2021,3,3,900,Weekday,2-Car,Non-incapacitating,FAILURE TO YIELD RIGHT OF WAY,DEER PARK & SR46W,39.21211628,-86.58719271
902000055,2021,4,6,1500,Weekday,2-Car,Non-incapacitating,FAILURE TO YIELD RIGHT OF WAY,FORREST PARK & SR46W,39.21206495,-86.58700777
902149141,2021,12,2,0,Weekday,2-Car,Non-incapacitating,FAILURE TO YIELD RIGHT OF WAY,FORREST PARK & SR46W,39.21205902,-86.58701324
902009080,2021,4,4,1700,Weekday,2-Car,No injury/unknown,OTHER (DRIVER) - EXPLAIN IN NARRATIVE,FOREST PARK & SR46W,39.212048,-86.5872
902058826,2021,7,7,1900,Weekend,2-Car,No injury/unknown,FOLLOWING TOO CLOSELY,DEER PARK & SR46W,39.212048,-86.5872
902059137,2021,7,6,1500,Weekday,2-Car,Non-incapacitating,FAILURE TO YIELD RIGHT OF WAY,NORTH DEER PARK & SR46E,39.212048,-86.5872
902095456,2021,10,7,1500,Weekend,1-Car,No injury/unknown,SPEED TOO FAST FOR WEATHER CONDITIONS,E BETHEL LN & HINKLE,39.21181186,-86.49858633
902095333,2021,10,1,900,Weekend,1-Car,No injury/unknown,SPEED TOO FAST FOR WEATHER CONDITIONS,BETHAL & SR45E,39.21171951,-86.46336161
902018348,2021,5,6,1600,Weekday,2-Car,No injury/unknown,FAILURE TO YIELD RIGHT OF WAY,SMITH & SR46W,39.21055646,-86.58390563
902102827,2021,10,5,1800,Weekday,2-Car,No injury/unknown,IMPROPER TURNING,N SMITH PIKE & W 46,39.210144,-86.5832
902137487,2021,12,6,200,Weekday,1-Car,Non-incapacitating,RAN OFF ROAD RIGHT,ARLINGTON & SR46W,39.20998263,-86.58294449
902146206,2021,12,2,1800,Weekday,3+ Cars,No injury/unknown,FAILURE TO YIELD RIGHT OF WAY,E BETHEL & SR45E,39.209952,-86.463392
902021870,2021,5,6,1600,Weekday,2-Car,No injury/unknown,VIEW OBSTRUCTED,SMITH PIKE & SR46,39.20991579,-86.58276778
902038503,2021,6,3,1100,Weekday,2-Car,Non-incapacitating,DISREGARD SIGNAL/REG SIGN,SMITH & SR46,39.20991579,-86.58276778
901977899,2021,2,6,900,Weekday,2-Car,No injury/unknown,FOLLOWING TOO CLOSELY,ARLINGTON & SR46E,39.209808,-86.582672
902086712,2021,9,6,1500,Weekday,2-Car,No injury/unknown,FOLLOWING TOO CLOSELY,ARLINGTON & SR46W,39.209808,-86.582672
901962672,2021,1,4,1600,Weekday,2-Car,Non-incapacitating,FAILURE TO YIELD RIGHT OF WAY,SMITH PIKE & SR46,39.20947444,-86.58310609
902094136,2021,10,5,1600,Weekday,2-Car,No injury/unknown,FAILURE TO YIELD RIGHT OF WAY,SR46W & W FORREST PARK,39.20933914,-86.58882904
901981677,2021,2,5,1500,Weekday,2-Car,No injury/unknown,FOLLOWING TOO CLOSELY,SR37S & VERNAL,39.20918201,-86.55998992
902128072,2021,11,4,1500,Weekday,2-Car,No injury/unknown,DRIVER DISTRACTED - EXPLAIN IN NARRATIVE,HARTSTRAIT & RATLIFF RD,39.20911264,-86.6113738
902018209,2021,5,1,300,Weekend,2-Car,No injury/unknown,UNSAFE BACKING,BAUGH RD & BETHEL,39.20885771,-86.48676742
902021598,2021,5,7,600,Weekend,1-Car,No injury/unknown,ANIMAL/OBJECT IN ROADWAY,SR37N & W ACUFF,39.20851117,-86.55464797
902012171,2021,4,2,900,Weekday,1-Car,No injury/unknown,RAN OFF ROAD RIGHT,ACUFF & KINSER PIKE,39.20835435,-86.54741802
902092335,2021,9,1,1200,Weekend,1-Car,No injury/unknown,SPEED TOO FAST FOR WEATHER CONDITIONS,BETHEL & SR45E,39.20830531,-86.46331025
902138503,2021,12,7,400,Weekend,1-Car,No injury/unknown,RAN OFF ROAD RIGHT,WEST STATE ROAD 46 HWY,39.20824814,-86.58039093
902028577,2021,5,5,800,Weekday,2-Car,Non-incapacitating,SPEED TOO FAST FOR WEATHER CONDITIONS,3525 PROW RD & ACUFF,39.20824,-86.552192
901999171,2021,4,4,300,Weekday,2-Car,No injury/unknown,FAILURE TO YIELD RIGHT OF WAY,ACUFF & SR37N,39.20824,-86.554704
902099865,2021,10,1,1000,Weekend,Moped/Motorcycle,Non-incapacitating,FAILURE TO YIELD RIGHT OF WAY,ACUFF & SR37N,39.20824,-86.554704
902129932,2021,12,2,800,Weekday,2-Car,Incapacitating,FAILURE TO YIELD RIGHT OF WAY,ACUFF & SR37N,39.20824,-86.554704
901998947,2021,2,1,1000,Weekend,2-Car,No injury/unknown,FAILURE TO YIELD RIGHT OF WAY,FORREST PARK & SMITH PIKE PIKE,39.20822024,-86.58315002
902035987,2021,6,2,1700,Weekday,1-Car,Non-incapacitating,SPEED TOO FAST FOR WEATHER CONDITIONS,FORREST PARK & SMITH PIKE,39.20822024,-86.58315002
902068765,2021,8,6,1600,Weekday,2-Car,No injury/unknown,FOLLOWING TOO CLOSELY,N SMITH PIKE & W FORREST PARK,39.20822024,-86.58315002
902044340,2021,6,4,1700,Weekday,2-Car,No injury/unknown,SPEED TOO FAST FOR WEATHER CONDITIONS,FORREST PARK & SMITH PIKE,39.20822024,-86.58315002
902055690,2021,7,7,1700,Weekend,3+ Cars,Non-incapacitating,FOLLOWING TOO CLOSELY,FORREST PARK & SMITH PIKE,39.20822024,-86.58315002
902087169,2021,9,6,1700,Weekday,2-Car,No injury/unknown,UNSAFE SPEED,FORREST PARK & N SMITH PIKE,39.20822024,-86.58315002
902028718,2021,5,6,1200,Weekday,1-Car,Non-incapacitating,SPEED TOO FAST FOR WEATHER CONDITIONS,N DUNN & N SR 37 RD,39.208182,-86.52943611
901970644,2021,2,4,1100,Weekday,2-Car,No injury/unknown,OTHER (DRIVER) - EXPLAIN IN NARRATIVE,SMITHPIKE CROSSING XING,39.208144,-86.5832
902055687,2021,7,6,1600,Weekday,1-Car,No injury/unknown,SPEED TOO FAST FOR WEATHER CONDITIONS,FOREST PARK & N SMITH PIKE,39.208144,-86.5832
902109658,2021,10,4,1500,Weekday,2-Car,No injury/unknown,FOLLOWING TOO CLOSELY,FOREST PARK & SMITH PIKE,39.20810568,-86.58315422
902071759,2021,8,5,1500,Weekday,1-Car,No injury/unknown,RAN OFF ROAD RIGHT,4000 BLK N OLD STATE RD 37 RD & N DUNN,39.208048,-86.528704
902054647,2021,7,6,1500,Weekday,1-Car,Non-incapacitating,ANIMAL/OBJECT IN ROADWAY,DUNN & OLD STATE ROAD 37 N RD,39.208048,-86.528704
902105690,2021,10,4,500,Weekday,1-Car,No injury/unknown,SPEED TOO FAST FOR WEATHER CONDITIONS,DUNN & OLD SR 37 HWY,39.208048,-86.528704
902109676,2021,10,4,2100,Weekday,1-Car,No injury/unknown,RAN OFF ROAD RIGHT,DUNN & N OLD STATE ROAD 37 RD,39.208048,-86.528704
902117574,2021,11,4,1900,Weekday,1-Car,No injury/unknown,SPEED TOO FAST FOR WEATHER CONDITIONS,N DUNN & OLD STATE ROAD 37 RD,39.208048,-86.528704
902123720,2021,11,5,1100,Weekday,1-Car,No injury/unknown,SPEED TOO FAST FOR WEATHER CONDITIONS,DUNN & NORTH OLD STATE ROAD 37 RD,39.208048,-86.528704
902117573,2021,11,4,1500,Weekday,3+ Cars,No injury/unknown,FOLLOWING TOO CLOSELY,FOREST PARK & SMITH PIKE,39.20797921,-86.5832
902119423,2021,11,5,600,Weekday,1-Car,No injury/unknown,ANIMAL/OBJECT IN ROADWAY,ACUFF & SR37N,39.207901,-86.55677032
902124817,2021,11,5,1500,Weekday,2-Car,No injury/unknown,IMPROPER PASSING,ACUFF & SR37S,39.207901,-86.55677032
902058825,2021,7,7,1800,Weekend,2-Car,No injury/unknown,UNSAFE BACKING,S OLD STATE ROAD 37 RD,39.20786775,-86.52824978
901957124,2021,1,1,2200,Weekday,1-Car,No injury/unknown,LEFT OF CENTER,SMITH PIKE & SR46,39.20773413,-86.58315341
901971682,2021,2,5,1700,Weekday,2-Car,Non-incapacitating,LEFT OF CENTER,N MOUNT GILLIAD RD & N UPPER BIRDIE GALYAN,39.20765826,-86.42368197
902002291,2021,4,4,1700,Weekday,2-Car,No injury/unknown,OTHER (DRIVER) - EXPLAIN IN NARRATIVE,SR46 & SR46W,39.207648,-86.573792
902022972,2021,5,2,1700,Weekday,2-Car,No injury/unknown,FAILURE TO YIELD RIGHT OF WAY,SR46 & SR46W,39.207648,-86.573792
902023710,2021,5,3,1500,Weekday,3+ Cars,No injury/unknown,DRIVER DISTRACTED - EXPLAIN IN NARRATIVE,SR46 & SR46W,39.207648,-86.573792
902094039,2021,10,5,1500,Weekday,2-Car,No injury/unknown,DRIVER DISTRACTED - EXPLAIN IN NARRATIVE,SR46 & SR46W,39.207648,-86.573792
902039682,2021,6,3,1900,Weekday,2-Car,No injury/unknown,FOLLOWING TOO CLOSELY,ARLINGTON & SR46W,39.20762703,-86.57987873
902025488,2021,5,6,2000,Weekend,1-Car,No injury/unknown,ANIMAL/OBJECT IN ROADWAY,ARLINGTON & SR46W,39.20762703,-86.57996531
902011895,2021,4,2,2000,Weekday,1-Car,Non-incapacitating,DRIVER ILLNESS,3500 BLK SOUTH ROCKPORT RD & HENNESSY,39.20741798,-86.55671533
901976965,2021,2,4,1500,Weekday,2-Car,No injury/unknown,OTHER (DRIVER) - EXPLAIN IN NARRATIVE,SMITH PIKE & WEST 46,39.20739745,-86.5832
901955155,2021,1,4,900,Weekday,2-Car,No injury/unknown,FAILURE TO YIELD RIGHT OF WAY,N OLD STATE RD 37 & N WALNUT ST,39.20704,-86.534704
902065775,2021,8,1,1600,Weekend,2-Car,No injury/unknown,IMPROPER TURNING,OLD STATE ROAD 37 & WALNUT ST,39.20704,-86.534704
902091465,2021,9,1,1800,Weekend,1-Car,No injury/unknown,SPEED TOO FAST FOR WEATHER CONDITIONS,OLD SR 37 ST & WALNUT,39.20704,-86.534704
902103145,2021,10,7,1500,Weekend,2-Car,No injury/unknown,FAILURE TO YIELD RIGHT OF WAY,OLD STATE RD 37 & WALNUT ST,39.20704,-86.534704
902030810,2021,6,3,900,Weekday,2-Car,No injury/unknown,OTHER (DRIVER) - EXPLAIN IN NARRATIVE,KINSER PIKE & SR4546W,39.20695017,-86.54271697
902099251,2021,10,7,1200,Weekend,2-Car,No injury/unknown,FAILURE TO YIELD RIGHT OF WAY,1700 N WALNUT ST & OLD SR 37,39.20676558,-86.5347187
902036382,2021,6,6,1500,Weekday,2-Car,No injury/unknown,UNSAFE BACKING,W STASTE ROAD 46 RD,39.20659952,-86.57143749
901992015,2021,3,3,1300,Weekday,2-Car,Incapacitating,LEFT OF CENTER,ACUFF ROAD RD & MAPLE GROVE ROAD,39.206352,-86.557696
902083270,2021,9,7,900,Weekend,2-Car,No injury/unknown,IMPROPER TURNING,ACUFF RD & N MAPLE GROVE,39.206352,-86.557696
902099511,2021,10,7,100,Weekend,1-Car,No injury/unknown,RAN OFF ROAD RIGHT,ACUFF RD & MAPLE GROVE,39.206352,-86.557696
902149148,2021,12,2,1200,Weekday,2-Car,No injury/unknown,FAILURE TO YIELD RIGHT OF WAY,ACUFF RD & MAPLE GROVE,39.206352,-86.557696
901962030,2021,1,4,1400,Weekday,2-Car,No injury/unknown,FAILURE TO YIELD RIGHT OF WAY,W SR 46 HWY,39.206312,-86.571312
902061488,2021,8,6,1200,Weekday,2-Car,No injury/unknown,FOLLOWING TOO CLOSELY,S STATE RD 46 HWY,39.206312,-86.571312
902085865,2021,9,4,1100,Weekday,2-Car,No injury/unknown,DISREGARD SIGNAL/REG SIGN,HARTSTRAIT & SR46W,39.20619965,-86.61134338
902094825,2021,10,6,900,Weekday,2-Car,No injury/unknown,VIEW OBSTRUCTED,HARTSTRAIT & SR46W,39.20619965,-86.61134338
902101552,2021,10,4,1600,Weekday,2-Car,No injury/unknown,FOLLOWING TOO CLOSELY,HARTSTRAIGHT & SR46W,39.20619965,-86.61134338
902035113,2021,6,4,1300,Weekday,2-Car,Non-incapacitating,FAILURE TO YIELD RIGHT OF WAY,ROHRER & WALNUT ST,39.2059222,-86.53134986
902032494,2021,6,4,1400,Weekday,2-Car,No injury/unknown,UNSAFE LANE MOVEMENT,ACUFF & SR37,39.20483826,-86.55366582
901999162,2021,4,4,2000,Weekday,2-Car,No injury/unknown,FOLLOWING TOO CLOSELY,DUNN & SR4546W,39.20448303,-86.52912139
902070204,2021,8,3,0,Weekday,1-Car,No injury/unknown,CELL PHONE USAGE,HEADLY RD & HINKLE,39.20437535,-86.50831326
902132602,2021,12,6,900,Weekday,2-Car,No injury/unknown,UNSAFE BACKING,LAW & UNION ST,39.20406993,-86.50966018
901961576,2021,1,3,1200,Weekday,2-Car,No injury/unknown,WRONG WAY ON ONE WAY,SR37N & W WHITEHALL CROSSING,39.20361185,-86.5724945
901981987,2021,3,6,900,Weekday,Bus,No injury/unknown,OTHER (DRIVER) - EXPLAIN IN NARRATIVE,N KINSER PKWY,39.20304,-86.547392
902118559,2021,11,4,800,Weekday,2-Car,No injury/unknown,LEFT OF CENTER,N KINSER PIKE,39.20304,-86.547392