Master Record Number,Year,Month,Day,Hour,Weekend,Collision Type,Injury Type,Primary Factor,Reported_Location,Latitude,Longitude
902131817,2021,12,5,700,Weekday,2-Car,No injury/unknown,UNSAFE BACKING,N KINSER PIKE,39.20304,-86.547392
902062632,2021,8,5,1400,Weekday,3+ Cars,No injury/unknown,LEFT OF CENTER,HARTSTRAIT RD & SEKIU,39.20268014,-86.61131992
902113104,2021,11,3,800,Weekday,2-Car,No injury/unknown,FOLLOWING TOO CLOSELY,SMITH & SR46E,39.20220184,-86.58310926
902091674,2021,9,1,1300,Weekend,2-Car,Non-incapacitating,DISREGARD SIGNAL/REG SIGN,SMITH & SR46W,39.20220184,-86.58312225
902101127,2021,10,4,500,Weekday,1-Car,No injury/unknown,RAN OFF ROAD RIGHT,SMITH PIKE CROSSING ALY,39.20220184,-86.58312225
902021734,2021,5,7,1400,Weekend,2-Car,No injury/unknown,,W CLUB HOUSE DR,39.201952,-86.537792
902021888,2021,5,7,2300,Weekend,2-Car,No injury/unknown,UNSAFE BACKING,SERENDIPITY DR,39.20188522,-86.48239135
902148254,2021,12,1,1900,Weekday,1-Car,No injury/unknown,IMPROPER TURNING,N NORWAY DR & N SMITH,39.20188017,-86.58311985
902093765,2021,10,5,1100,Weekday,2-Car,No injury/unknown,OTHER (VEHICLE) - EXPLAIN IN NARRATIVE,THIRTEENTH & WALNUT GRV,39.20157304,-86.52103006
901981927,2021,3,6,2300,Weekend,1-Car,No injury/unknown,RAN OFF ROAD RIGHT,WALCOTT & WOODYARD RD,39.20121968,-86.60179171
902011207,2021,4,1,200,Weekend,1-Car,No injury/unknown,SPEED TOO FAST FOR WEATHER CONDITIONS,WALNUT STREET PIKE,39.20095325,-86.53521736
901964997,2021,1,2,1600,Weekday,2-Car,No injury/unknown,OVERCORRECTING/OVERSTEERING,CLUB HOUSE & KINSER PIKE,39.20082003,-86.54285989
902132269,2021,12,5,1600,Weekday,2-Car,No injury/unknown,LEFT OF CENTER,N KINSER PIKE & W CLUBHOUSE,39.20082003,-86.54285989
901955861,2021,1,5,1400,Weekday,1-Car,No injury/unknown,RAN OFF ROAD RIGHT,N KINSER PIKE,39.20077896,-86.54376983
902073165,2021,8,2,700,Weekday,2-Car,No injury/unknown,UNSAFE LANE MOVEMENT,KINSER PIKE,39.20061493,-86.5491333
902076572,2021,8,5,1200,Weekday,2-Car,No injury/unknown,UNSAFE BACKING,KINSER PIKE,39.20061493,-86.5491333
902100812,2021,10,3,1500,Weekday,2-Car,Non-incapacitating,LEFT OF CENTER,N KINSER PIKE,39.20061493,-86.5491333
902123687,2021,11,5,700,Weekday,2-Car,No injury/unknown,OTHER (DRIVER) - EXPLAIN IN NARRATIVE,N KINSER PIKE,39.20061493,-86.5491333
902042174,2021,6,3,1700,Weekday,2-Car,No injury/unknown,FAILURE TO YIELD RIGHT OF WAY,KINSER & SR4546E,39.20059967,-86.54271697
902100335,2021,10,2,1500,Weekday,2-Car,Incapacitating,FAILURE TO YIELD RIGHT OF WAY,KINSER & SR46E,39.20059967,-86.54271697
902114178,2021,11,4,900,Weekday,2-Car,No injury/unknown,DISREGARD SIGNAL/REG SIGN,KINSER & SR46W,39.20059967,-86.54271697
901972412,2021,2,2,0,Weekday,1-Car,No injury/unknown,RAN OFF ROAD RIGHT,HEADLY RD & HINKLE,39.20053715,-86.51415019
902107574,2021,10,7,1800,Weekend,1-Car,No injury/unknown,UNSAFE SPEED,HEADLY RD & HINKLE,39.20053715,-86.51415019
901971654,2021,2,6,800,Weekday,2-Car,No injury/unknown,OTHER (DRIVER) - EXPLAIN IN NARRATIVE,1469 E 17TH (WESTPARKING LOT) ST & 17TH,39.20047783,-86.513481
902128499,2021,11,4,1300,Weekday,1-Car,No injury/unknown,RAN OFF ROAD RIGHT,WALCOTT & WOODYARD RD,39.20033623,-86.6010068
902141233,2021,12,7,2100,Weekend,1-Car,No injury/unknown,ANIMAL/OBJECT IN ROADWAY,OLD STATE RD 46 & SR46E,39.2003026,-86.11331563
901981333,2021,2,5,1800,Weekday,2-Car,Non-incapacitating,FAILURE TO YIELD RIGHT OF WAY,MAPLE GROVE RD & W ARLINGTON,39.1999336,-86.55979908
902095457,2021,10,6,1900,Weekend,1-Car,No injury/unknown,RAN OFF ROAD RIGHT,N MAPLE GROVE & W ARLINGTON RD,39.19990337,-86.5597961
901982343,2021,2,5,1500,Weekday,2-Car,No injury/unknown,UNSAFE BACKING,7TH & UNION ST,39.19982592,-86.50945968
902009500,2021,4,5,1300,Weekday,2-Car,Non-incapacitating,FAILURE TO YIELD RIGHT OF WAY,MILLER & WALNUT ST,39.19973849,-86.53265006
902101017,2021,10,3,1800,Weekday,1-Car,No injury/unknown,SPEED TOO FAST FOR WEATHER CONDITIONS,ARLINGTON & N MAPLE GROVE RD,39.19968,-86.55968
902124296,2021,11,5,1300,Weekday,1-Car,No injury/unknown,RAN OFF ROAD RIGHT,3450 NORTH MAPLE GROVE RD RD & ARLINGTON,39.19968,-86.55968
902086196,2021,9,5,1800,Weekday,2-Car,Non-incapacitating,SPEED TOO FAST FOR WEATHER CONDITIONS,MOUNT GILEAD & UPPER BIRDIE GALYAN RD,39.19899853,-86.41871029
901967369,2021,1,5,1800,Weekday,1-Car,No injury/unknown,RAN OFF ROAD RIGHT,DILLMAN & SR37S,39.1986414,-86.55418395
901966860,2021,1,5,1900,Weekday,1-Car,No injury/unknown,RAN OFF ROAD RIGHT,DUNN & KENWOOD PL,39.19851139,-86.52876357
902037459,2021,6,1,1100,Weekend,1-Car,Non-incapacitating,ROADWAY SURFACE CONDITION,CLUB HOUSE & NORTH OLD SR 37 RD,39.19824,-86.5368
902086024,2021,9,5,1500,Weekday,2-Car,No injury/unknown,FOLLOWING TOO CLOSELY,N KINSER PIKE & WINDING,39.198144,-86.542096
902105934,2021,10,3,1000,Weekday,2-Car,No injury/unknown,OTHER (DRIVER) - EXPLAIN IN NARRATIVE,SUNRISE DR & TENTH,39.19802074,-86.51247985
901966315,2021,1,5,1100,Weekday,2-Car,No injury/unknown,FAILURE TO YIELD RIGHT OF WAY,LIBERTY DR & SR45W,39.1978658,-86.57777018
902079642,2021,9,7,2100,Weekend,1-Car,Non-incapacitating,RAN OFF ROAD RIGHT,N ACUFF & N KINSER PIKE,39.19776276,-86.54749135
902143551,2021,12,6,800,Weekday,2-Car,Non-incapacitating,FAILURE TO YIELD RIGHT OF WAY,45 46 & N WALNUT ST,39.19691037,-86.53453968
902132901,2021,12,6,1300,Weekday,2-Car,No injury/unknown,SPEED TOO FAST FOR WEATHER CONDITIONS,BLUE RIDGE & WALNUT ST,39.19691004,-86.53452023
902060448,2021,7,3,1400,Weekday,2-Car,No injury/unknown,UNSAFE LANE MOVEMENT,SR37 & SR46W,39.19665319,-86.55731999
902118618,2021,11,4,1100,Weekday,1-Car,No injury/unknown,ANIMAL/OBJECT IN ROADWAY,RANGE & SR45N,39.19638274,-86.49550628
901966807,2021,2,6,500,Weekday,1-Car,No injury/unknown,ROADWAY SURFACE CONDITION,SR37S & VICTOR,39.19594478,-86.56349182
902015997,2021,5,3,1700,Weekday,2-Car,Non-incapacitating,UNSAFE LANE MOVEMENT,GORDON & WALNUT ST,39.19535942,-86.53134986
901957153,2021,1,2,0,Weekday,1-Car,No injury/unknown,ANIMAL/OBJECT IN ROADWAY,SR37 & SR46W,39.1951508,-86.55579153
902096343,2021,10,3,0,Weekday,1-Car,Incapacitating,RAN OFF ROAD RIGHT,HEADLEY RD & MAPLECREST,39.1950292,-86.51242074
901966977,2021,2,6,900,Weekday,2-Car,No injury/unknown,UNSAFE SPEED,1001 E 17TH  (BLUE LOT WEST) ST & 17TH,39.19483996,-86.53349103
902121319,2021,11,2,500,Weekday,1-Car,No injury/unknown,ANIMAL/OBJECT IN ROADWAY,SR37N & SR4546,39.19469329,-86.55459784
902007995,2021,4,7,0,Weekend,1-Car,No injury/unknown,RAN OFF ROAD RIGHT,LOESCH & WOODYARD RD,39.19451413,-86.592344
901997573,2021,3,6,800,Weekday,2-Car,No injury/unknown,DRIVER DISTRACTED - EXPLAIN IN NARRATIVE,SR37 & SR46W,39.19434263,-86.55483577
901967354,2021,1,5,1800,Weekday,3+ Cars,No injury/unknown,ROADWAY SURFACE CONDITION,SR37 & SR46W,39.194144,-86.554592
901996705,2021,3,6,1200,Weekday,2-Car,No injury/unknown,IMPROPER LANE USAGE,SR37 & SR46 W HWY,39.194144,-86.554592
902048156,2021,7,2,300,Weekday,Moped/Motorcycle,Non-incapacitating,OTHER (ENVIRONMENTAL) - EXPLAIN IN NARR,SR37N & SR46E,39.194144,-86.554592
902048201,2021,7,1,1400,Weekend,2-Car,Incapacitating,FAILURE TO YIELD RIGHT OF WAY,SR37S & SR46W,39.194144,-86.554592
902147933,2021,12,5,1700,Weekday,2-Car,No injury/unknown,FOLLOWING TOO CLOSELY,RUSSELL & SR45E,39.19403828,-86.4677375
902036688,2021,6,7,1800,Weekend,1-Car,No injury/unknown,RAN OFF ROAD RIGHT,LOESCH & W WOODYARD RD,39.193872,-86.590784
902053327,2021,7,4,800,Weekday,2-Car,No injury/unknown,FOLLOWING TOO CLOSELY,N CURRY & SR46W,39.19377136,-86.5711975
902111530,2021,11,6,2200,Weekend,1-Car,No injury/unknown,ANIMAL/OBJECT IN ROADWAY,N CURRY & SR46W,39.19377136,-86.57120616
902142020,2021,12,2,800,Weekday,1-Car,No injury/unknown,ROADWAY SURFACE CONDITION,N CURRY & SR46W,39.19377136,-86.57128408
902118385,2021,11,3,700,Weekday,2-Car,No injury/unknown,UNSAFE SPEED,ARLINGTON & SR37N,39.19345736,-86.554592
901986586,2021,3,7,0,Weekend,1-Car,No injury/unknown,RAN OFF ROAD RIGHT,GETTYS CREEK & MT GILEAD RD,39.19344,-86.436288
902137088,2021,12,7,500,Weekend,1-Car,No injury/unknown,UNSAFE SPEED,GETTYS CREEK & MOUNT GILLEAD RD,39.19344,-86.436288
902036099,2021,6,5,1100,Weekday,2-Car,No injury/unknown,,N BROWNCLIFF LN,39.19333267,-86.51803588
902078845,2021,9,6,200,Weekday,1-Car,Non-incapacitating,RAN OFF ROAD RIGHT,LOESCH & WOODYARD RD,39.19323108,-86.5892232
902112048,2021,11,6,2300,Weekend,2-Car,No injury/unknown,IMPROPER PASSING,FRITZ & N WALNUT ST,39.19261238,-86.53309648
901971835,2021,2,7,0,Weekend,1-Car,No injury/unknown,RAN OFF ROAD RIGHT,ARLINGTON RD & PROW,39.192352,-86.552592
902058899,2021,7,2,400,Weekday,1-Car,No injury/unknown,RAN OFF ROAD RIGHT,ARLINGTON RD & PROW,39.192352,-86.552592
902099244,2021,10,7,1000,Weekend,Moped/Motorcycle,Non-incapacitating,LEFT OF CENTER,2542 N CASCADE DR & CLOVER TERRECE,39.19213358,-86.53933802
902012755,2021,4,3,1600,Weekday,2-Car,No injury/unknown,OTHER (DRIVER) - EXPLAIN IN NARRATIVE,TAMARRACK TRL,39.19189072,-86.52085113
901983030,2021,3,2,1300,Weekday,Pedestrian,No injury/unknown,IMPROPER PASSING,JONES & ROSE AVE,39.19172672,-86.51090003
901977014,2021,2,4,1400,Weekday,2-Car,No injury/unknown,FAILURE TO YIELD RIGHT OF WAY,JACOB DR & SUSAN,39.19141222,-86.57266996
902097562,2021,10,4,1100,Weekday,2-Car,No injury/unknown,DRIVER DISTRACTED - EXPLAIN IN NARRATIVE,DUNN & GLENDORA DR,39.191248,-86.528432
902086758,2021,9,6,1400,Weekday,2-Car,No injury/unknown,FAILURE TO YIELD RIGHT OF WAY,FRITZ & N WALNUT ST,39.191248,-86.532896
902014606,2021,5,1,1800,Weekend,2-Car,Non-incapacitating,FOLLOWING TOO CLOSELY,2600 BLK N WALNUT ST & FRITZ,39.19105963,-86.53294545
902032466,2021,6,6,0,Weekday,Moped/Motorcycle,Non-incapacitating,UNSAFE SPEED,46 & SR37S,39.19084859,-86.55465063
902142214,2021,12,4,1500,Weekday,2-Car,No injury/unknown,FAILURE TO YIELD RIGHT OF WAY,SMITH & WOODYARD RD,39.1906397,-86.58308029
902133518,2021,12,2,400,Weekday,1-Car,No injury/unknown,SPEED TOO FAST FOR WEATHER CONDITIONS,MARTHA & SR46E,39.19036642,-86.5319519
902069222,2021,8,7,1100,Weekend,2-Car,No injury/unknown,DRIVER DISTRACTED - EXPLAIN IN NARRATIVE,OBRIEN PL & STONEYCREST,39.19028995,-86.54395021
902128121,2021,11,4,300,Weekday,3+ Cars,Non-incapacitating,FAILURE TO YIELD RIGHT OF WAY,CURRY PIKE & WOODYARD,39.19028029,-86.58252976
901992351,2021,3,3,1700,Weekday,2-Car,No injury/unknown,DRIVER DISTRACTED - EXPLAIN IN NARRATIVE,CURRY PIKE & WOODYARD,39.19025117,-86.58254201
902067050,2021,8,3,700,Weekday,3+ Cars,No injury/unknown,FOLLOWING TOO CLOSELY,KINSER PIKE & W SKYLINE,39.19001387,-86.53773267
902111694,2021,11,1,600,Weekend,1-Car,No injury/unknown,ANIMAL/OBJECT IN ROADWAY,E GLENDORA & N WALNUT ST,39.189968,-86.533232
902039240,2021,6,5,2200,Weekday,2-Car,No injury/unknown,IMPROPER TURNING,WALNUT ST,39.18961577,-86.53335951
902033070,2021,6,7,600,Weekend,2-Car,No injury/unknown,FAILURE TO YIELD RIGHT OF WAY,OLD SR 37 N & SR37N,39.18955883,-86.53527832
902078850,2021,9,6,200,Weekday,1-Car,No injury/unknown,ANIMAL/OBJECT IN ROADWAY,CURRY & WOODYARD RD,39.18948198,-86.57982113
901966779,2021,1,5,2200,Weekday,2-Car,No injury/unknown,ROADWAY SURFACE CONDITION,FOSTER DR & LAW,39.18945555,-86.51666007
901993396,2021,3,7,300,Weekend,1-Car,No injury/unknown,RAN OFF ROAD RIGHT,S WALNUT ST,39.18940963,-86.53339331
902130420,2021,12,3,700,Weekday,1-Car,No injury/unknown,RAN OFF ROAD RIGHT,N STARNES & W HOWARD RD,39.18934017,-86.66065364
901977168,2021,2,5,900,Weekday,2-Car,No injury/unknown,LEFT OF CENTER,SOUTH LIBERTY DR,39.189248,-86.531472
901985044,2021,3,7,1500,Weekend,2-Car,No injury/unknown,FAILURE TO YIELD RIGHT OF WAY,LIBERTY DR,39.189248,-86.531472
902008057,2021,4,2,1100,Weekday,2-Car,No injury/unknown,UNSAFE BACKING,S LIBERTY DR,39.189248,-86.531472
902018546,2021,5,2,800,Weekday,3+ Cars,No injury/unknown,DRIVER ASLEEP OR FATIGUED,S LIBERTY DR,39.189248,-86.531472
901963427,2021,1,6,1500,Weekday,2-Car,No injury/unknown,DRIVER DISTRACTED - EXPLAIN IN NARRATIVE,GILBERT & N WALNUT ST,39.189248,-86.53344
901957852,2021,1,3,0,Weekday,1-Car,Non-incapacitating,RAN OFF ROAD RIGHT,HOWARD RD & STARNES,39.18920404,-86.65717506
902063115,2021,8,7,800,Weekend,1-Car,Non-incapacitating,OVERCORRECTING/OVERSTEERING,THOMAS & VERNAL PIKE,39.18903012,-86.63000869
902049301,2021,7,3,1600,Weekday,1-Car,No injury/unknown,RAN OFF ROAD RIGHT,COUNTRY CLUB & MILTON DR,39.188924,-86.53937973
901985381,2021,3,4,1700,Weekday,1-Car,No injury/unknown,SPEED TOO FAST FOR WEATHER CONDITIONS,E COMMODORE TRL,39.18871307,-86.48529052
902045393,2021,7,2,2200,Weekday,1-Car,No injury/unknown,UNSAFE SPEED,HEADLEY RD & MAPLECREST,39.18866935,-86.5144
901967022,2021,2,6,1000,Weekday,1-Car,No injury/unknown,RAN OFF ROAD RIGHT,N ORRIS DR & W COTTAGE GROVE,39.1884748,-86.54492989
902027984,2021,5,5,0,Weekday,2-Car,No injury/unknown,FAILURE TO YIELD RIGHT OF WAY,KINSER & PARRISH RD,39.18807015,-86.53777535
901981986,2021,3,7,900,Weekend,2-Car,No injury/unknown,UNSAFE BACKING,W RAPPEL AVE,39.18768311,-86.54618835
902106651,2021,10,7,1300,Weekend,1-Car,No injury/unknown,BRAKE FAILURE OR DEFECTIVE,LOESCH RD,39.18765843,-86.59259073
901952951,2021,1,6,1800,Weekday,2-Car,No injury/unknown,UNSAFE BACKING,N KINSER PIKE,39.18763351,-86.53923797
902014204,2021,5,7,1600,Weekend,2-Car,No injury/unknown,UNSAFE BACKING,NORTH KINSER PIKE,39.18763351,-86.53923797
902083700,2021,9,1,1800,Weekend,2-Car,No injury/unknown,,KINSER PIKE,39.18763351,-86.53923797
902001332,2021,4,2,1700,Weekday,2-Car,No injury/unknown,FOLLOWING TOO CLOSELY,10TH & SR4546E,39.18753735,-86.52827453
901958100,2021,1,2,1100,Weekday,2-Car,No injury/unknown,FAILURE TO YIELD RIGHT OF WAY,SR37 & SR45W,39.187344,-86.5552
901972559,2021,2,2,800,Weekday,2-Car,No injury/unknown,FOLLOWING TOO CLOSELY,SR37 & SR45W,39.187344,-86.5552
901985234,2021,3,4,1300,Weekday,2-Car,Non-incapacitating,FAILURE TO YIELD RIGHT OF WAY,SR37 & SR45W,39.187344,-86.5552
902003469,2021,4,7,1000,Weekend,2-Car,No injury/unknown,FOLLOWING TOO CLOSELY,SR37 & STATE ROAD 45 HWY,39.187344,-86.5552
902059533,2021,7,2,1700,Weekday,2-Car,Non-incapacitating,FOLLOWING TOO CLOSELY,SR37 & W 45 RD,39.187344,-86.5552
902128841,2021,11,6,1700,Weekday,1-Car,Non-incapacitating,OTHER (DRIVER) - EXPLAIN IN NARRATIVE,RAMP 9 RAMP,39.1872294,-86.55509949
902036101,2021,6,5,1200,Weekday,1-Car,No injury/unknown,OVERSIZE/OVERWEIGHT LOAD,SR37 & SR45W,39.18719976,-86.55167597
902141194,2021,12,1,1800,Weekend,2-Car,No injury/unknown,SPEED TOO FAST FOR WEATHER CONDITIONS,SR37 & SR46,39.18713206,-86.55800568
902003896,2021,4,1,1800,Weekend,Moped/Motorcycle,Non-incapacitating,OTHER (ENVIRONMENTAL) - EXPLAIN IN NARR,45 46 & NB 37 RAMP,39.18712961,-86.55806065
901966904,2021,1,5,1800,Weekday,2-Car,Non-incapacitating,FOLLOWING TOO CLOSELY,MONROE & SR46W,39.18712742,-86.55032137
901996996,2021,3,7,100,Weekend,1-Car,No injury/unknown,ANIMAL/OBJECT IN ROADWAY,MONROE & SR4546W,39.186944,-86.5468
902087590,2021,9,1,2200,Weekday,1-Car,No injury/unknown,ANIMAL/OBJECT IN ROADWAY,ARLINGTON & SR37N,39.18693924,-86.55130767
902124293,2021,11,5,900,Weekday,2-Car,No injury/unknown,FOLLOWING TOO CLOSELY,ARLINGTON & SR46W,39.18693924,-86.55133364
902058165,2021,7,6,1600,Weekday,1-Car,No injury/unknown,RAN OFF ROAD RIGHT,N STONELAKE DR & W SR 45 46,39.18691963,-86.54664811
902015971,2021,5,3,1600,Weekday,2-Car,Non-incapacitating,FAILURE TO YIELD RIGHT OF WAY,45 46 BYP & MONROE,39.18679791,-86.54665985
902144164,2021,12,6,2300,Weekend,1-Car,Non-incapacitating,RAN OFF ROAD RIGHT,HARTSTRAIT RD & VERNAL,39.186752,-86.611504
902089583,2021,9,4,2000,Weekday,1-Car,No injury/unknown,ANIMAL/OBJECT IN ROADWAY,MCMULLEN & W VERNAL PIKE,39.18672033,-86.60840666
902108007,2021,10,2,900,Weekday,2-Car,No injury/unknown,OTHER (ENVIRONMENTAL) - EXPLAIN IN NARR,14TH & INDIANA AVE,39.18668773,-86.52701005
902028789,2021,5,5,2300,Weekday,1-Car,No injury/unknown,ANIMAL/OBJECT IN ROADWAY,SR46,39.18667644,-86.55956032
902102824,2021,10,6,1000,Weekday,3+ Cars,Fatal,FAILURE TO YIELD RIGHT OF WAY,45 46 BYP & KINSER,39.18657245,-86.53763294
902131669,2021,12,4,1900,Weekday,2-Car,Non-incapacitating,OTHER (DRIVER) - EXPLAIN IN NARRATIVE,NORTH KINSER & SR46E,39.18656757,-86.53841652
902086614,2021,9,6,1500,Weekday,2-Car,No injury/unknown,FOLLOWING TOO CLOSELY,KINSER & SR45W,39.18655971,-86.53824035
902122040,2021,11,2,1800,Weekday,2-Car,No injury/unknown,FAILURE TO YIELD RIGHT OF WAY,JONES & JORDAN AVE,39.18654943,-86.51640996
902031279,2021,6,3,1800,Weekday,2-Car,Non-incapacitating,UNSAFE LANE MOVEMENT,KINSER PIKE & SR4546,39.186544,-86.537888
902051558,2021,7,1,1700,Weekend,1-Car,Non-incapacitating,OVERCORRECTING/OVERSTEERING,NORTH KINSER & SR4546E,39.186544,-86.537888
902061969,2021,8,5,1500,Weekday,2-Car,No injury/unknown,DRIVER DISTRACTED - EXPLAIN IN NARRATIVE,KINSER & SR46W,39.186544,-86.537888
902082817,2021,9,6,1400,Weekday,2-Car,No injury/unknown,FOLLOWING TOO CLOSELY,KINSER & SR45E,39.186544,-86.537888
902083137,2021,9,6,2200,Weekend,2-Car,Non-incapacitating,FAILURE TO YIELD RIGHT OF WAY,KINSER & SR46W,39.186544,-86.537888
902095072,2021,10,7,1900,Weekend,2-Car,No injury/unknown,IMPROPER TURNING,N KINSER PIKE & SR4546,39.186544,-86.537888
902123128,2021,11,3,1300,Weekday,2-Car,Non-incapacitating,DISREGARD SIGNAL/REG SIGN,KINSER & STATE ROAD 45 46 BYP,39.186544,-86.537888
902127409,2021,11,3,1900,Weekday,2-Car,No injury/unknown,FOLLOWING TOO CLOSELY,KINSER & SR46E,39.186544,-86.537888
902131617,2021,12,4,1800,Weekday,2-Car,No injury/unknown,DRIVER DISTRACTED - EXPLAIN IN NARRATIVE,KINSER & SR46E,39.186544,-86.537888
902131826,2021,12,4,1800,Weekday,Pedestrian,Non-incapacitating,FOLLOWING TOO CLOSELY,KINSER & STATE ROAD 45 46 BYP,39.186544,-86.537888
901978059,2021,2,6,1500,Weekday,2-Car,No injury/unknown,FOLLOWING TOO CLOSELY,ARLINGTON RD & GOURLEY,39.186544,-86.551168
902131096,2021,12,4,700,Weekday,3+ Cars,No injury/unknown,FOLLOWING TOO CLOSELY,KINSER & SR46E,39.18653339,-86.53771207
902095275,2021,10,1,1100,Weekend,2-Car,No injury/unknown,SPEED TOO FAST FOR WEATHER CONDITIONS,SR45S & TENTH,39.18649879,-86.53102874
902116606,2021,11,1,0,Weekend,1-Car,No injury/unknown,,W GOURLEY PIKE,39.18647506,-86.54545847
902110607,2021,10,5,1300,Weekday,1-Car,Non-incapacitating,RAN OFF ROAD RIGHT,THOMAS & VERNAL PIKE,39.18646982,-86.63578101
902089274,2021,9,4,800,Weekday,2-Car,No injury/unknown,RAN OFF ROAD RIGHT,W GOURLEY PIKE,39.18644931,-86.5469022
902020296,2021,5,5,400,Weekday,1-Car,No injury/unknown,ANIMAL/OBJECT IN ROADWAY,MONROE & SR4546E,39.18642044,-86.54669849
902133412,2021,12,1,2200,Weekday,Pedestrian,Non-incapacitating,SPEED TOO FAST FOR WEATHER CONDITIONS,N MONROE & W GOURLEY PIKE,39.18641798,-86.54671631
901979423,2021,2,2,1600,Weekday,2-Car,No injury/unknown,OTHER (VEHICLE) - EXPLAIN IN NARRATIVE,EAST 45 46 BYP,39.18637365,-86.53420172
901958168,2021,1,2,2100,Weekday,3+ Cars,No injury/unknown,FOLLOWING TOO CLOSELY,HIGHWAY 46 BYP & WALNUT,39.186368,-86.5344
902033453,2021,6,1,1300,Weekend,2-Car,No injury/unknown,UNSAFE LANE MOVEMENT,SR45 & WALNUT ST,39.186368,-86.5344
902008833,2021,4,4,1000,Weekday,2-Car,No injury/unknown,FOLLOWING TOO CLOSELY,N WALNUT & SR4546E,39.186368,-86.5344
902039796,2021,6,6,800,Weekday,2-Car,Non-incapacitating,FOLLOWING TOO CLOSELY,N WALNUT ST & SR4546,39.186368,-86.5344
902049520,2021,7,3,1200,Weekday,2-Car,No injury/unknown,FAILURE TO YIELD RIGHT OF WAY,N WALNUT ST & SR 45 46 BYPASS,39.186368,-86.5344
902083472,2021,9,1,400,Weekend,2-Car,Non-incapacitating,DISREGARD SIGNAL/REG SIGN,N WALNUT & SR4546W,39.186368,-86.5344
902116917,2021,11,2,1000,Weekday,2-Car,Non-incapacitating,FOLLOWING TOO CLOSELY,ST RD 45 46 BYP & WALNUT,39.186368,-86.5344
902037889,2021,6,2,1800,Weekday,2-Car,No injury/unknown,FOLLOWING TOO CLOSELY,SR46W & WALNUT,39.18636592,-86.53404709
901972402,2021,2,6,2100,Weekend,2-Car,No injury/unknown,UNSAFE BACKING,W SR 45 HWY,39.18636,-86.533048
901981334,2021,2,4,1600,Weekday,2-Car,No injury/unknown,UNSAFE BACKING,W SR 45 HWY,39.18636,-86.533048
901993741,2021,3,7,1300,Weekend,2-Car,No injury/unknown,UNSAFE BACKING,WEST STATE ROAD 45 HWY,39.18636,-86.533048
902021732,2021,5,5,1500,Weekday,2-Car,No injury/unknown,IMPROPER LANE USAGE,W SR 45 HWY,39.18636,-86.533048
902070764,2021,8,3,1600,Weekday,2-Car,No injury/unknown,UNSAFE BACKING,SR45W,39.18636,-86.533048
902063680,2021,8,7,1800,Weekend,2-Car,No injury/unknown,IMPROPER TURNING,W STATE ROAD 45,39.18636,-86.533048
902106383,2021,10,5,1200,Weekday,2-Car,No injury/unknown,FAILURE TO YIELD RIGHT OF WAY,W SR 45 RD,39.18636,-86.533048
902149594,2021,12,3,2000,Weekday,2-Car,Non-incapacitating,FOLLOWING TOO CLOSELY,N DUNN & SR46E,39.18635202,-86.52779016
902134481,2021,12,2,500,Weekday,1-Car,No injury/unknown,ROADWAY SURFACE CONDITION,MILO B SAMPSON LN & SR 45 46,39.186352,-86.522192
901966608,2021,1,5,1800,Weekday,2-Car,No injury/unknown,SPEED TOO FAST FOR WEATHER CONDITIONS,4546 & DUNN ST,39.186352,-86.528496
902079498,2021,9,7,1100,Weekend,2-Car,No injury/unknown,DISREGARD SIGNAL/REG SIGN,DUNN & SR46E,39.186352,-86.528496
902110289,2021,10,5,1500,Weekday,2-Car,No injury/unknown,SPEED TOO FAST FOR WEATHER CONDITIONS,DUNN & SR4546E,39.186352,-86.528496
902010310,2021,4,6,1200,Weekday,2-Car,No injury/unknown,FAILURE TO YIELD RIGHT OF WAY,N COLLEGE & SR4546E,39.186352,-86.534704
902058241,2021,7,6,1900,Weekend,Moped/Motorcycle,Non-incapacitating,UNSAFE SPEED,COLLEGE & OLD SR 37,39.186352,-86.534704
902063722,2021,8,3,2200,Weekday,1-Car,No injury/unknown,RAN OFF ROAD RIGHT,COLLEGE & OLD SR 37 RD,39.186352,-86.534704
902076766,2021,8,6,1800,Weekday,2-Car,No injury/unknown,UNSAFE LANE MOVEMENT,COLLEGE & SR46E,39.186352,-86.534704
902130882,2021,12,3,1800,Weekday,2-Car,No injury/unknown,FOLLOWING TOO CLOSELY,N WALNUT & STATE RD 45 46 BYP,39.18633007,-86.53453968
902081598,2021,9,4,1500,Weekday,2-Car,No injury/unknown,OTHER (DRIVER) - EXPLAIN IN NARRATIVE,MATLOCK & SR4545E,39.18632126,-86.5284143
901966669,2021,1,5,1800,Weekday,2-Car,No injury/unknown,SPEED TOO FAST FOR WEATHER CONDITIONS,45 46 BYP & DUNN,39.18632001,-86.52842022
902132565,2021,12,6,800,Weekday,2-Car,No injury/unknown,FAILURE TO YIELD RIGHT OF WAY,MARTHA & ST RD 45 46 BYP,39.18632001,-86.53164021
902014071,2021,5,7,1100,Weekend,2-Car,Non-incapacitating,FOLLOWING TOO CLOSELY,DUNN & SR46,39.18630288,-86.52839688
902106906,2021,10,6,1600,Weekday,2-Car,No injury/unknown,FOLLOWING TOO CLOSELY,DUNN ST & SR46,39.18630288,-86.52839688