Master Record Number,Year,Month,Day,Hour,Weekend,Collision Type,Injury Type,Primary Factor,Reported_Location,Latitude,Longitude
902142109,2021,12,4,1700,Weekday,2-Car,No injury/unknown,FOLLOWING TOO CLOSELY,DUNN ST & SR46,39.18630288,-86.52839688
902144080,2021,12,6,2100,Weekend,2-Car,No injury/unknown,FOLLOWING TOO CLOSELY,DUNN ST & SR46,39.18630288,-86.52839688
902086871,2021,9,6,1500,Weekday,1-Car,No injury/unknown,SPEED TOO FAST FOR WEATHER CONDITIONS,COLLEGE & WALNUT ST,39.18629379,-86.53455208
902116426,2021,11,7,1500,Weekend,2-Car,No injury/unknown,FAILURE TO YIELD RIGHT OF WAY,SR45 & WALNUT,39.18629379,-86.53455208
902066573,2021,8,2,1500,Weekday,2-Car,Non-incapacitating,FAILURE TO YIELD RIGHT OF WAY,N MILO B SAMPSON & SR46,39.18623663,-86.52222917
902133667,2021,12,7,900,Weekend,1-Car,No injury/unknown,SPEED TOO FAST FOR WEATHER CONDITIONS,FEE & SR46E,39.18616889,-86.52088402
902142023,2021,12,2,600,Weekday,2-Car,No injury/unknown,SPEED TOO FAST FOR WEATHER CONDITIONS,W OLD VERNAL & W VERNAL PIKE,39.18611012,-86.59628011
902127312,2021,11,3,1700,Weekday,2-Car,Non-incapacitating,FOLLOWING TOO CLOSELY,4546 & SR4546S,39.18599865,-86.51969433
902088885,2021,9,3,1300,Weekday,2-Car,No injury/unknown,UNSAFE BACKING,E STATE ROAD 45 46 BYP,39.18597794,-86.5307846
902062262,2021,8,1,1100,Weekend,2-Car,No injury/unknown,OVERCORRECTING/OVERSTEERING,FEE & SR46,39.18587599,-86.51907397
902089370,2021,9,2,700,Weekday,2-Car,No injury/unknown,OTHER (VEHICLE) - EXPLAIN IN NARRATIVE,N KINSER PIKE,39.18584,-86.537872
901961051,2021,1,3,800,Weekday,2-Car,No injury/unknown,FOLLOWING TOO CLOSELY,FAIRVIEW & PATTERSON DR,39.18554434,-86.5410903
902136953,2021,12,1,1700,Weekend,2-Car,No injury/unknown,LEFT OF CENTER,GETTYS CREEK & SR46E,39.18532944,-86.42052223
901960097,2021,1,7,1600,Weekend,Bus,No injury/unknown,FAILURE TO YIELD RIGHT OF WAY,W GOURLEY PIKE,39.185232,-86.54060206
901972148,2021,2,7,2200,Weekend,2-Car,No injury/unknown,IMPROPER TURNING,W GOURLEY PIKE,39.185232,-86.54060206
902002884,2021,4,5,2300,Weekday,1-Car,No injury/unknown,RAN OFF ROAD RIGHT,W GOURLEY PIKE,39.185232,-86.54060206
902083561,2021,9,1,1200,Weekend,Bus,No injury/unknown,UNSAFE BACKING,W GOURLEY PIKE,39.185232,-86.54060206
902128194,2021,11,5,200,Weekday,Moped/Motorcycle,Non-incapacitating,RAN OFF ROAD RIGHT,W GOURLEY PIKE,39.185232,-86.54060206
902120907,2021,11,1,600,Weekend,1-Car,No injury/unknown,RAN OFF ROAD RIGHT,W GOURLEY PIKE,39.1852192,-86.541616
902085608,2021,9,4,1600,Weekday,2-Car,No injury/unknown,UNSAFE BACKING,W CASCADE AVE,39.18518476,-86.54393211
902100977,2021,10,3,1600,Weekday,2-Car,No injury/unknown,SPEED TOO FAST FOR WEATHER CONDITIONS,GOURLEY & W GOURLEY PIKE,39.185152,-86.535296
901975213,2021,2,7,1900,Weekend,1-Car,Non-incapacitating,STEERING FAILURE,GOURLEY PIKE & KINSER,39.18509471,-86.53686857
901990844,2021,3,2,900,Weekday,2-Car,No injury/unknown,FAILURE TO YIELD RIGHT OF WAY,GOURLEY & KINSER PIKE,39.18506004,-86.53777979
902052664,2021,7,2,1700,Weekday,1-Car,No injury/unknown,RAN OFF ROAD RIGHT,GOURLEY PIKE & KINSER,39.18506004,-86.53777979
902104333,2021,10,3,0,Weekday,2-Car,No injury/unknown,LEFT OF CENTER,N FEE & SR46E,39.18504585,-86.51656815
901985915,2021,3,6,900,Weekday,2-Car,No injury/unknown,BRAKE FAILURE OR DEFECTIVE,W GOURLEY PIKE,39.18503523,-86.54018439
902012406,2021,5,4,400,Weekday,2-Car,No injury/unknown,UNSAFE BACKING,GOURLEY PIKE,39.18503523,-86.54018439
902116599,2021,11,1,100,Weekend,2-Car,No injury/unknown,DRIVER DISTRACTED - EXPLAIN IN NARRATIVE,WEST GOURLEY PIKE,39.18503523,-86.54018439
902000421,2021,4,7,2300,Weekend,2-Car,No injury/unknown,LEFT OF CENTER,N FEE & N JORDAN AVE,39.18384,-86.5192
901991747,2021,3,3,1300,Weekday,2-Car,No injury/unknown,DRIVER DISTRACTED - EXPLAIN IN NARRATIVE,FISHER & NORTH JORDAN EXTENSION AVE,39.18377079,-86.51688355
901964176,2021,1,1,1400,Weekend,2-Car,Non-incapacitating,FAILURE TO YIELD RIGHT OF WAY,FISHER & JORDAN AVE,39.1837699,-86.51685557
902000453,2021,4,1,300,Weekend,1-Car,Non-incapacitating,RAN OFF ROAD RIGHT,SR37N,39.18373669,-86.55608654
902094356,2021,10,6,900,Weekday,1-Car,No injury/unknown,OVERCORRECTING/OVERSTEERING,N DUNN & SR37N,39.18363953,-86.52833887
902068246,2021,8,5,1600,Weekday,2-Car,Non-incapacitating,DISREGARD SIGNAL/REG SIGN,DUNN & SR46E,39.18363953,-86.5283432
902093855,2021,10,5,1200,Weekday,3+ Cars,No injury/unknown,FOLLOWING TOO CLOSELY,DUNN & SR46E,39.18363953,-86.5283432
902037395,2021,6,2,900,Weekday,2-Car,No injury/unknown,UNSAFE BACKING,SOUTH WALNUT ST,39.18350109,-86.53424
902043160,2021,6,5,2300,Weekday,2-Car,No injury/unknown,UNSAFE BACKING,WALNUT ST,39.18347943,-86.53423289
902035412,2021,6,5,400,Weekday,2-Car,No injury/unknown,OTHER (DRIVER) - EXPLAIN IN NARRATIVE,AMARYLLIS DR,39.18336488,-86.53938174
901974695,2021,2,6,1100,Weekday,2-Car,No injury/unknown,FAILURE TO YIELD RIGHT OF WAY,OLD SR 37 & WALNUT ST,39.18336019,-86.53415009
902002750,2021,4,5,1700,Weekday,2-Car,Non-incapacitating,FAILURE TO YIELD RIGHT OF WAY,OLD STATE ROAD 37 & WALNUT ST,39.18336019,-86.53415009
902095191,2021,10,7,2300,Weekend,2-Car,No injury/unknown,IMPROPER TURNING,SR OLD 37 & WALNUT ST,39.18336019,-86.53415009
902062623,2021,8,6,1200,Weekday,2-Car,No injury/unknown,FAILURE TO YIELD RIGHT OF WAY,SR46 BYP,39.18328705,-86.511731
901966781,2021,1,5,2200,Weekday,2-Car,No injury/unknown,OTHER (ENVIRONMENTAL) - EXPLAIN IN NARR,VARSITY LN,39.18325043,-86.52952575
901954236,2021,1,1,1200,Weekend,2-Car,No injury/unknown,OTHER (ENVIRONMENTAL) - EXPLAIN IN NARR,NORTH DUNN ST,39.18313757,-86.52827404
902037422,2021,6,2,700,Weekday,1-Car,No injury/unknown,ANIMAL/OBJECT IN ROADWAY,E BALFOUR & SR46,39.18312766,-86.51147092
902081747,2021,9,2,0,Weekday,2-Car,No injury/unknown,,17TH & JORDAN AVE,39.18306125,-86.51093021
901962956,2021,1,6,900,Weekday,2-Car,No injury/unknown,SPEED TOO FAST FOR WEATHER CONDITIONS,DUNN ST & VARSITY,39.1830001,-86.5283297
902075211,2021,8,5,1600,Weekday,2-Car,Non-incapacitating,FOLLOWING TOO CLOSELY,DUNN ST & VARSITY,39.1830001,-86.5283297
902077255,2021,9,3,1200,Weekday,1-Car,No injury/unknown,OBSTRUCTION NOT MARKED,DUNN ST & VARSITY,39.1830001,-86.5283297
902071781,2021,8,5,900,Weekday,2-Car,No injury/unknown,,E VARSITY LN,39.182976,-86.528416
902065635,2021,8,5,1000,Weekday,Pedestrian,Non-incapacitating,OTHER (DRIVER) - EXPLAIN IN NARRATIVE,ARLINGTON VALLEY DR & NORTH WILLIS,39.1828,-86.544032
902116035,2021,11,7,400,Weekend,1-Car,No injury/unknown,UNSAFE SPEED,INDUSTRIAL PARK DR & VERNAL,39.18268927,-86.56205981
902090675,2021,9,6,2200,Weekend,2-Car,No injury/unknown,OTHER (DRIVER) - EXPLAIN IN NARRATIVE,WALNUT ST,39.18250456,-86.53403207
902097025,2021,10,6,500,Weekday,1-Car,No injury/unknown,ANIMAL/OBJECT IN ROADWAY,GETTYS CREEK RD & KERR CREEK,39.18244668,-86.41684032
902124979,2021,11,1,800,Weekend,2-Car,No injury/unknown,OTHER (DRIVER) - EXPLAIN IN NARRATIVE,N FEE LN,39.18242962,-86.51914028
901984202,2021,3,3,2300,Weekday,2-Car,No injury/unknown,UNSAFE SPEED,BALFOUR & NORTH JORDAN AVE,39.18241002,-86.51259988
902111110,2021,11,6,1800,Weekday,2-Car,Non-incapacitating,DRIVER ASLEEP OR FATIGUED,EAST 17TH & FEE LN,39.18232313,-86.5191617
902016608,2021,4,3,1600,Weekday,3+ Cars,No injury/unknown,UNSAFE LANE MOVEMENT,CURRY PIKE & VERNAL,39.1820853,-86.58309302
902130814,2021,12,2,1400,Weekday,2-Car,No injury/unknown,UNSAFE BACKING,KINSER PIKE,39.18201707,-86.53771005
902036800,2021,6,5,1200,Weekday,Moped/Motorcycle,No injury/unknown,OTHER (VEHICLE) - EXPLAIN IN NARRATIVE,WALNUT ST,39.18183804,-86.53387784
902005916,2021,4,4,0,Weekday,2-Car,No injury/unknown,UNSAFE BACKING,20TH ST & WASHINGTON,39.18179981,-86.53231009
902092944,2021,10,3,2000,Weekday,2-Car,No injury/unknown,UNSAFE BACKING,N COLLEGE AVE,39.18157757,-86.53471023
901985133,2021,3,3,2000,Weekday,2-Car,No injury/unknown,OTHER (DRIVER) - EXPLAIN IN NARRATIVE,E 19TH ST & N WALNUT,39.181552,-86.5336
902006195,2021,4,5,2300,Weekday,1-Car,No injury/unknown,SPEED TOO FAST FOR WEATHER CONDITIONS,19TH & WALNUT ST,39.181552,-86.5336
902120988,2021,11,1,1200,Weekend,1-Car,No injury/unknown,SPEED TOO FAST FOR WEATHER CONDITIONS,S BASSWOOD DR & W BLOOMFIELD,39.1814916,-86.56889006
902138643,2021,12,4,2000,Weekday,1-Car,No injury/unknown,UNSAFE BACKING,N RANGE RD,39.1814028,-86.49475391
902048191,2021,5,5,1200,Weekday,1-Car,No injury/unknown,RAN OFF ROAD RIGHT,ORD RD & VERNAL,39.181344,-86.637104
902038403,2021,6,3,1200,Weekday,2-Car,Non-incapacitating,DRIVER DISTRACTED - EXPLAIN IN NARRATIVE,2480 CURRY PIKE & VERNAL,39.18130772,-86.5831625
902053118,2021,7,3,1300,Weekday,2-Car,No injury/unknown,UNSAFE BACKING,E 19TH ST & N WASHINGTON,39.18128,-86.531792
902118157,2021,11,3,1400,Weekday,2-Car,No injury/unknown,FAILURE TO YIELD RIGHT OF WAY,BLOOMFIELD & LANDMARK AVE,39.18108618,-86.55382007
902025809,2021,5,7,1600,Weekend,Moped/Motorcycle,No injury/unknown,UNSAFE SPEED,N ARLINGTON PARK DR,39.18108369,-86.54917498
901979874,2021,2,3,1200,Weekday,2-Car,Non-incapacitating,FAILURE TO YIELD RIGHT OF WAY,E 19TH & N DUNN ST,39.18104,-86.5284
902004005,2021,4,6,1300,Weekday,2-Car,No injury/unknown,FAILURE TO YIELD RIGHT OF WAY,19TH ST & DUNN,39.18104,-86.5284
902075324,2021,8,5,1900,Weekday,Cyclist,Non-incapacitating,FAILURE TO YIELD RIGHT OF WAY,E 19TH & N DUNN ST,39.18104,-86.5284
902142329,2021,12,1,100,Weekend,1-Car,No injury/unknown,OTHER (DRIVER) - EXPLAIN IN NARRATIVE,NORTH JORDAN AVE,39.18101883,-86.51049804
902132529,2021,12,6,200,Weekday,1-Car,Non-incapacitating,SPEED TOO FAST FOR WEATHER CONDITIONS,DUNN & NINETEENTH ST,39.1810143,-86.52832197
902017346,2021,5,5,1200,Weekday,1-Car,Non-incapacitating,OTHER (DRIVER) - EXPLAIN IN NARRATIVE,N COLLEGE AVE,39.18097484,-86.53471248
902052783,2021,7,2,1500,Weekday,2-Car,No injury/unknown,UNSAFE LANE MOVEMENT,MCNUTT CIRCLE DR & N FEE,39.18077087,-86.51912256
902130868,2021,12,3,1900,Weekday,2-Car,Non-incapacitating,FOLLOWING TOO CLOSELY,FEE & SR46W,39.18077087,-86.51912689
901970092,2021,2,3,1500,Weekday,2-Car,No injury/unknown,FAILURE TO YIELD RIGHT OF WAY,FEE & SR4546E,39.18077087,-86.51913452
901972741,2021,2,1,1400,Weekend,2-Car,No injury/unknown,IMPROPER TURNING,1ST & COLLEGE AVE,39.1805159,-86.53499029
902058665,2021,7,1,700,Weekend,1-Car,No injury/unknown,ANIMAL/OBJECT IN ROADWAY,EAST 17TH & SR46,39.18049191,-86.50791551
902101343,2021,10,1,200,Weekend,2-Car,No injury/unknown,UNSAFE BACKING,N JORDAN AVE,39.18048859,-86.5116806
901960009,2021,1,6,2000,Weekend,2-Car,No injury/unknown,UNSAFE BACKING,N WILLIS DR,39.18045807,-86.54541015
902027879,2021,5,4,1900,Weekday,2-Car,No injury/unknown,UNSAFE BACKING,N WILLIS DR,39.18045807,-86.54541015
902093571,2021,10,5,0,Weekday,3+ Cars,No injury/unknown,OTHER (DRIVER) - EXPLAIN IN NARRATIVE,N WILLIS DR,39.18045807,-86.54541015
902083240,2021,9,7,1200,Weekend,3+ Cars,Non-incapacitating,DRIVER DISTRACTED - EXPLAIN IN NARRATIVE,S GATES DR & W 3RD,39.18045175,-86.57619975
901996755,2021,3,5,1800,Weekday,1-Car,No injury/unknown,UNSAFE BACKING,NORTH JACKSON ST,39.18040363,-86.53992675
901957545,2021,1,2,1500,Weekday,2-Car,No injury/unknown,,W MARBLE LN,39.18040104,-86.54064305
901965593,2021,1,4,2300,Weekday,2-Car,No injury/unknown,UNSAFE BACKING,N FEE LN,39.18023743,-86.51914715
902087107,2021,9,7,1300,Weekend,2-Car,No injury/unknown,UNSAFE BACKING,N WASHINGTON ST,39.18004364,-86.53213543
901984170,2021,3,3,1800,Weekday,2-Car,No injury/unknown,UNSAFE SPEED,17TH & NORTH JORDAN AVE,39.17994662,-86.511088
901956872,2021,1,1,1000,Weekend,2-Car,No injury/unknown,,N DUNN ST,39.179936,-86.5284
902007068,2021,4,6,1000,Weekday,2-Car,No injury/unknown,,N DUNN ST,39.179936,-86.5284
902144064,2021,12,6,1500,Weekday,2-Car,Non-incapacitating,FAILURE TO YIELD RIGHT OF WAY,EAST 17TH & SR46,39.17990595,-86.50733475
901983896,2021,3,3,1700,Weekday,2-Car,No injury/unknown,FOLLOWING TOO CLOSELY,17TH & SR4546N,39.17984,-86.507088
902067186,2021,8,3,2100,Weekday,2-Car,No injury/unknown,DISREGARD SIGNAL/REG SIGN,17TH & SR4546S,39.17984,-86.507088
902078690,2021,9,5,1600,Weekday,2-Car,Non-incapacitating,FAILURE TO YIELD RIGHT OF WAY,17TH & SR4546N,39.17984,-86.507088
902090956,2021,9,7,2000,Weekend,2-Car,No injury/unknown,FOLLOWING TOO CLOSELY,17TH & SR4546S,39.17984,-86.507088
902094535,2021,10,6,1400,Weekday,2-Car,No injury/unknown,OTHER (DRIVER) - EXPLAIN IN NARRATIVE,1001 E 17TH ST & 17TH,39.17984,-86.507088
902134934,2021,12,3,1800,Weekday,2-Car,No injury/unknown,SPEED TOO FAST FOR WEATHER CONDITIONS,17TH & SR46W,39.17984,-86.507088
901959882,2021,1,6,2000,Weekend,2-Car,No injury/unknown,FOLLOWING TOO CLOSELY,EAST 17TH & SR46,39.17979888,-86.50723113
901984121,2021,3,3,1700,Weekday,2-Car,No injury/unknown,ROADWAY SURFACE CONDITION,EAST 17TH & SR46,39.17979888,-86.50723113
902066274,2021,8,2,1200,Weekday,2-Car,Non-incapacitating,FAILURE TO YIELD RIGHT OF WAY,EAST 17TH ST & SR46,39.17979888,-86.50723113
902039572,2021,6,5,1700,Weekday,2-Car,No injury/unknown,FOLLOWING TOO CLOSELY,17TH ST & 45 46,39.17973988,-86.50718986
902111081,2021,11,6,1500,Weekday,2-Car,No injury/unknown,FOLLOWING TOO CLOSELY,17TH & 45 46 BYP,39.17973988,-86.50718986
902053466,2021,7,4,1400,Weekday,2-Car,No injury/unknown,OTHER (DRIVER) - EXPLAIN IN NARRATIVE,N FEE LN,39.17970501,-86.51898957
902067596,2021,8,2,2100,Weekday,1-Car,No injury/unknown,ANIMAL/OBJECT IN ROADWAY,PRAIRIE GREEN & SR45E,39.17950821,-86.47551777
902123341,2021,11,4,1700,Weekday,2-Car,No injury/unknown,OTHER (DRIVER) - EXPLAIN IN NARRATIVE,WASHINGTON ST & WYLIE,39.1795055,-86.53242006
902022978,2021,5,2,1900,Weekday,2-Car,No injury/unknown,UNSAFE LANE MOVEMENT,10TH & 45 46 BYP,39.17946254,-86.50220967
902142185,2021,12,4,1900,Weekday,2-Car,No injury/unknown,UNSAFE BACKING,EAST 17TH ST,39.17942429,-86.53018951
902038252,2021,6,3,1200,Weekday,2-Car,No injury/unknown,OTHER (DRIVER) - EXPLAIN IN NARRATIVE,EAST SEVENTEENTH ST,39.17932129,-86.51348114
902057248,2021,7,3,1800,Weekday,1-Car,No injury/unknown,RAN OFF ROAD RIGHT,FLUCK MILL & VICTOR PIKE,39.17927909,-86.57107003
902038261,2021,6,1,1700,Weekend,1-Car,No injury/unknown,OTHER (ENVIRONMENTAL) - EXPLAIN IN NARR,4100 WEST VERNAL PIKE & CURRY,39.179248,-86.58251187
902068744,2021,8,5,1400,Weekday,2-Car,No injury/unknown,FOLLOWING TOO CLOSELY,CURRY & VERNAL PIKE,39.179248,-86.58302356
902138245,2021,12,6,2100,Weekend,1-Car,No injury/unknown,RAN OFF ROAD RIGHT,17TH ST & MONROE,39.179248,-86.54675111
902088396,2021,9,2,2300,Weekday,1-Car,No injury/unknown,UNSAFE BACKING,W 17TH ST,39.179248,-86.54678008
901979039,2021,2,2,700,Weekday,3+ Cars,Incapacitating,FAILURE TO YIELD RIGHT OF WAY,N MONROE & W 17TH ST,39.179248,-86.547104
902033454,2021,6,7,1600,Weekend,2-Car,Non-incapacitating,FAILURE TO YIELD RIGHT OF WAY,17TH ST & MONROE,39.179248,-86.547104
902052819,2021,7,3,1600,Weekday,1-Car,Incapacitating,RAN OFF ROAD RIGHT,17TH ST & MONROE,39.179248,-86.547104
901966650,2021,1,5,1900,Weekday,2-Car,No injury/unknown,SPEED TOO FAST FOR WEATHER CONDITIONS,17TH ST & LINDBERGH,39.179248,-86.552592
901983891,2021,3,3,1800,Weekday,1-Car,No injury/unknown,SPEED TOO FAST FOR WEATHER CONDITIONS,17TH ST & LINDBERGH,39.179248,-86.552592
902082486,2021,9,5,2200,Weekday,2-Car,No injury/unknown,DRIVER DISTRACTED - EXPLAIN IN NARRATIVE,W VERNAL 124 PIKE,39.179248,-86.574224
902135157,2021,12,4,1500,Weekday,2-Car,No injury/unknown,FAILURE TO YIELD RIGHT OF WAY,ANN AVE & W VERNAL,39.179248,-86.580384
902082872,2021,9,3,2000,Weekday,2-Car,No injury/unknown,,W VERNAL PIKE,39.179248,-86.58292
902006835,2021,4,7,1300,Weekend,2-Car,No injury/unknown,FOLLOWING TOO CLOSELY,NORTH CURRY PIKE & VERNAL,39.179248,-86.5832
902085121,2021,9,2,800,Weekday,2-Car,No injury/unknown,DISREGARD SIGNAL/REG SIGN,CURRY PIKE & VERNAL,39.179248,-86.5832
902141254,2021,12,2,500,Weekday,3+ Cars,No injury/unknown,DISREGARD SIGNAL/REG SIGN,N CURRY & W VERNAL PIKE,39.179248,-86.5832
901975900,2021,2,2,1800,Weekday,1-Car,No injury/unknown,SPEED TOO FAST FOR WEATHER CONDITIONS,ARLINGTON RD & MONROE,39.1792202,-86.54709979
902112813,2021,11,2,2100,Weekday,2-Car,Non-incapacitating,FAILURE TO YIELD RIGHT OF WAY,NORTH MONROE ST & WEST 17 TH,39.1792202,-86.54709979
902100814,2021,10,3,1500,Weekday,Pedestrian,Non-incapacitating,PEDESTRIAN ACTION,930 W 17TH ST & MONROE,39.1792045,-86.54604821
901975284,2021,2,1,500,Weekend,1-Car,No injury/unknown,DRIVER ASLEEP OR FATIGUED,800 BLK W 17TH ST & MAPLE,39.17919813,-86.54596864
902068509,2021,8,3,1100,Weekday,2-Car,No injury/unknown,UNSAFE BACKING,NORTH DUNN ST,39.1791687,-86.52874755
902120664,2021,11,5,1500,Weekday,2-Car,Incapacitating,DISREGARD SIGNAL/REG SIGN,CURRY PIKE & VERNAL,39.17916412,-86.58307659
902129033,2021,11,6,1900,Weekend,2-Car,No injury/unknown,FOLLOWING TOO CLOSELY,CURRY PIKE & VERNAL,39.17915985,-86.58308029
902106994,2021,10,7,200,Weekend,1-Car,No injury/unknown,RAN OFF ROAD RIGHT,17TH ST & CRESENT,39.17911886,-86.55654053
901966787,2021,2,6,100,Weekday,2-Car,No injury/unknown,OVERCORRECTING/OVERSTEERING,17TH & N WILLIS DR,39.179104,-86.544016
902060682,2021,7,4,2200,Weekday,Moped/Motorcycle,Non-incapacitating,OVERCORRECTING/OVERSTEERING,17TH ST & WILLIS,39.179104,-86.544016
902002279,2021,4,4,2000,Weekday,1-Car,Non-incapacitating,RAN OFF ROAD RIGHT,17TH ST & LINDBERG,39.17908005,-86.55261978
902043334,2021,6,4,1600,Weekday,3+ Cars,Non-incapacitating,FOLLOWING TOO CLOSELY,17TH ST & LINDBERGH,39.17908005,-86.55261978
902084482,2021,9,2,2200,Weekday,Moped/Motorcycle,Non-incapacitating,ANIMAL/OBJECT IN ROADWAY,N LINDBERG & W 17TH ST,39.17908005,-86.55261978
902130255,2021,12,2,1700,Weekday,1-Car,No injury/unknown,DRIVER DISTRACTED - EXPLAIN IN NARRATIVE,17TH ST & LINDBERGH,39.17908005,-86.55261978
902071853,2021,8,5,200,Weekday,2-Car,No injury/unknown,IMPROPER LANE USAGE,18TH & LINCOLN ST,39.17907478,-86.53084761
902015047,2021,5,2,1200,Weekday,1-Car,No injury/unknown,UNSAFE BACKING,SEVENTEENTH ST,39.17906329,-86.5209221
902078748,2021,9,5,1800,Weekday,2-Car,No injury/unknown,UNSAFE BACKING,N JORDAN AVE,39.17904473,-86.511088
902099261,2021,10,7,800,Weekend,3+ Cars,No injury/unknown,OTHER (DRIVER) - EXPLAIN IN NARRATIVE,N JORDAN AVE,39.17904473,-86.511088
902008827,2021,4,3,1600,Weekday,2-Car,No injury/unknown,FOLLOWING TOO CLOSELY,CURRY PIKE & VERNAL,39.1790422,-86.58318872
901983943,2021,3,3,1800,Weekday,3+ Cars,No injury/unknown,ROADWAY SURFACE CONDITION,17TH & DUNN ST,39.17904,-86.5284
902089781,2021,9,5,900,Weekday,2-Car,No injury/unknown,OTHER (DRIVER) - EXPLAIN IN NARRATIVE,DUNN & SEVENTEENTH ST,39.17904,-86.5284
902090961,2021,9,7,800,Weekend,2-Car,No injury/unknown,IMPROPER TURNING,701 EAST 17TH ST & DUNN,39.17904,-86.5284
902084381,2021,9,2,1900,Weekday,2-Car,No injury/unknown,FAILURE TO YIELD RIGHT OF WAY,17TH ST & LINCOLN,39.17904,-86.530848
902087237,2021,9,1,0,Weekend,Pedestrian,Incapacitating,PEDESTRIAN ACTION,17TH ST & LINCOLN,39.17904,-86.530848
901971291,2021,2,5,1800,Weekday,2-Car,No injury/unknown,,W 17TH ST,39.17904,-86.531888
902048343,2021,7,2,800,Weekday,2-Car,No injury/unknown,FAILURE TO YIELD RIGHT OF WAY,N MAPLE & W 17TH ST,39.17904,-86.542096
901975336,2021,2,1,1200,Weekend,2-Car,No injury/unknown,IMPROPER TURNING,17TH ST & WOODLAWN,39.17903982,-86.52360029
902016904,2021,5,1,1700,Weekend,2-Car,Non-incapacitating,DISREGARD SIGNAL/REG SIGN,N KINSER & W 17TH ST,39.17903982,-86.53775028
902026671,2021,5,2,2100,Weekday,Moped/Motorcycle,Non-incapacitating,FAILURE TO YIELD RIGHT OF WAY,17TH & KINSER PIKE,39.17903982,-86.53775028
902113896,2021,11,4,1300,Weekday,2-Car,Non-incapacitating,FAILURE TO YIELD RIGHT OF WAY,17TH ST & KINSER,39.17903982,-86.53775028
902132055,2021,12,4,1700,Weekday,2-Car,No injury/unknown,FOLLOWING TOO CLOSELY,17TH ST & MADISON,39.17903982,-86.53775028
901962709,2021,1,6,100,Weekday,1-Car,No injury/unknown,IMPROPER LANE USAGE,E 17TH ST,39.17903837,-86.52827755
902081201,2021,9,3,1600,Weekday,2-Car,No injury/unknown,IMPROPER TURNING,EAST 17TH ST & FESS,39.17903286,-86.52526707
902074634,2021,8,4,1800,Weekday,2-Car,No injury/unknown,FAILURE TO YIELD RIGHT OF WAY,EAST 17TH ST & INDIANA,39.17903251,-86.52706252
902118815,2021,11,4,1400,Weekday,2-Car,No injury/unknown,DRIVER DISTRACTED - EXPLAIN IN NARRATIVE,EAST 17TH ST & INDIANA,39.17903251,-86.52706252
902088935,2021,9,3,1700,Weekday,2-Car,Non-incapacitating,FOLLOWING TOO CLOSELY,JACKSON & W 17TH ST,39.179024,-86.539616
902120408,2021,11,7,200,Weekend,1-Car,No injury/unknown,ANIMAL/OBJECT IN ROADWAY,17TH & SR46E,39.17901993,-86.52598367
902056046,2021,7,2,1800,Weekday,2-Car,No injury/unknown,FOLLOWING TOO CLOSELY,17TH & SR45N,39.17901993,-86.52600097
902103587,2021,10,1,2100,Weekday,2-Car,Non-incapacitating,OTHER (DRIVER) - EXPLAIN IN NARRATIVE,17TH & SR4546S,39.17901993,-86.52600097
902111284,2021,11,6,1000,Weekday,2-Car,No injury/unknown,FOLLOWING TOO CLOSELY,17TH & SR46S,39.17901993,-86.52600097
902120094,2021,11,6,1300,Weekday,2-Car,No injury/unknown,UNSAFE BACKING,17TH & SR46W,39.17901993,-86.52600097
902123665,2021,11,5,700,Weekday,2-Car,Incapacitating,FAILURE TO YIELD RIGHT OF WAY,17TH & SR46,39.17901993,-86.52600097
902106635,2021,10,6,1200,Weekday,2-Car,Non-incapacitating,DRIVER DISTRACTED - EXPLAIN IN NARRATIVE,17TH ST & WALNUT,39.1790197,-86.5210998
902034317,2021,6,3,900,Weekday,1-Car,No injury/unknown,OTHER (DRIVER) - EXPLAIN IN NARRATIVE,EAST 17TH (YELLOW LOT) ST & FESS,39.1790197,-86.52601318
902111537,2021,11,7,1900,Weekend,2-Car,No injury/unknown,UNSAFE LANE MOVEMENT,17TH ST & INDIANA,39.1790197,-86.52705028
901963480,2021,1,6,1600,Weekday,2-Car,No injury/unknown,ENGINE FAILURE OR DEFECTIVE,17TH ST & COLLEGE,39.1790197,-86.53470567
902063518,2021,8,3,1500,Weekday,2-Car,No injury/unknown,FOLLOWING TOO CLOSELY,17TH ST & WOODBURN,39.1790197,-86.53594985
902106800,2021,10,6,1600,Weekday,2-Car,No injury/unknown,DRIVER DISTRACTED - EXPLAIN IN NARRATIVE,17TH ST & JACKSON,39.1790197,-86.53967007
902070666,2021,8,3,1300,Weekday,1-Car,No injury/unknown,OTHER (DRIVER) - EXPLAIN IN NARRATIVE,WEST 17TH ST,39.17901461,-86.53064485
902114143,2021,11,2,2100,Weekday,Pedestrian,Non-incapacitating,PEDESTRIAN ACTION,17TH ST & DUNN,39.17901032,-86.5283297
902031772,2021,6,4,900,Weekday,2-Car,No injury/unknown,FAILURE TO YIELD RIGHT OF WAY,E 17TH ST,39.179008,-86.525888
902021911,2021,5,7,2200,Weekend,2-Car,No injury/unknown,UNSAFE BACKING,EAST 17TH ST,39.179008,-86.525888