Master Record Number,Year,Month,Day,Hour,Weekend,Collision Type,Injury Type,Primary Factor,Reported_Location,Latitude,Longitude
902124866,2021,11,6,1400,Weekday,3+ Cars,No injury/unknown,UNSAFE BACKING,E 17TH ST,39.179008,-86.525888
902124980,2021,11,6,1300,Weekday,2-Car,No injury/unknown,UNSAFE BACKING,E 17TH ST,39.179008,-86.525888
902075483,2021,8,5,1400,Weekday,1-Car,No injury/unknown,OTHER (DRIVER) - EXPLAIN IN NARRATIVE,1001 EAST 17TH (LOADING DOCK) ST & FEE,39.17899797,-86.51885612
902035093,2021,6,3,500,Weekday,Pedestrian,Non-incapacitating,FAILURE TO YIELD RIGHT OF WAY,17TH ST & MADISON,39.178992,-86.537792
902043608,2021,6,6,800,Weekday,2-Car,Non-incapacitating,FOLLOWING TOO CLOSELY,17TH ST & KINSER,39.178992,-86.537792
902052316,2021,7,2,2200,Weekday,2-Car,No injury/unknown,IMPROPER PASSING,MADISON & W 17TH ST,39.178992,-86.537792
902109261,2021,10,4,800,Weekday,2-Car,No injury/unknown,DISREGARD SIGNAL/REG SIGN,N MADISON & W 17TH ST,39.178992,-86.537792
902120838,2021,11,7,2300,Weekend,2-Car,No injury/unknown,SPEED TOO FAST FOR WEATHER CONDITIONS,KINSER & W 17TH ST,39.178992,-86.537792
902075387,2021,8,6,700,Weekday,1-Car,No injury/unknown,ANIMAL/OBJECT IN ROADWAY,PACKING HOUSE & VERNAL PIKE,39.17899144,-86.56327218
902006083,2021,4,5,2100,Weekday,2-Car,No injury/unknown,FOLLOWING TOO CLOSELY,17TH ST & FEE,39.1789902,-86.51894482
902077164,2021,9,3,1100,Weekday,2-Car,No injury/unknown,FAILURE TO YIELD RIGHT OF WAY,W 17TH ST & WOODBURN,39.178976,-86.536032
902100331,2021,10,2,1700,Weekday,2-Car,No injury/unknown,UNSAFE BACKING,E 17TH ST,39.17897394,-86.52938043
902090737,2021,9,6,1300,Weekday,2-Car,No injury/unknown,IMPROPER PASSING,W 17TH ST & WOODBURN,39.17897363,-86.53583794
902132455,2021,12,6,300,Weekday,2-Car,No injury/unknown,IMPROPER LANE USAGE,17TH ST & GRANT,39.17897008,-86.5297003
902040082,2021,6,6,1600,Weekday,2-Car,Non-incapacitating,FAILURE TO YIELD RIGHT OF WAY,17TH ST & LINCOLN,39.17897008,-86.53097033
902075804,2021,8,6,1500,Weekday,2-Car,No injury/unknown,FOLLOWING TOO CLOSELY,17TH ST & LINCOLN,39.17897008,-86.53097033
901993884,2021,3,1,1600,Weekend,2-Car,No injury/unknown,FOLLOWING TOO CLOSELY,17TH ST & WALNUT,39.17897008,-86.53349027
902109042,2021,10,3,2200,Weekday,3+ Cars,No injury/unknown,BRAKE FAILURE OR DEFECTIVE,17TH & WALNUT ST,39.17897008,-86.53349027
902113956,2021,11,4,1400,Weekday,3+ Cars,Non-incapacitating,SPEED TOO FAST FOR WEATHER CONDITIONS,17TH & WALNUT ST,39.17897008,-86.53349027
902114186,2021,11,4,1700,Weekday,2-Car,No injury/unknown,SPEED TOO FAST FOR WEATHER CONDITIONS,17TH ST & WALNUT,39.17897008,-86.53349027
902132709,2021,12,6,1200,Weekday,2-Car,No injury/unknown,SPEED TOO FAST FOR WEATHER CONDITIONS,N WALNUT & W 17TH ST,39.17897008,-86.53349027
902093570,2021,10,5,0,Weekday,Pedestrian,Non-incapacitating,FAILURE TO YIELD RIGHT OF WAY,E 17TH & N GRANT ST,39.17896484,-86.52969872
902070718,2021,8,3,1800,Weekday,3+ Cars,No injury/unknown,FOLLOWING TOO CLOSELY,EAST 17TH & WASHINGTON ST,39.17896401,-86.53223986
902006485,2021,4,7,2100,Weekend,2-Car,No injury/unknown,OTHER (DRIVER) - EXPLAIN IN NARRATIVE,E 17TH ST,39.17896,-86.521088
902077489,2021,9,3,1200,Weekday,1-Car,No injury/unknown,OTHER (VEHICLE) - EXPLAIN IN NARRATIVE,EAST 17TH ST,39.17896,-86.521088
902079708,2021,9,7,2200,Weekend,2-Car,No injury/unknown,FOLLOWING TOO CLOSELY,17TH ST & WALNUT,39.17896,-86.521088
902111398,2021,11,7,1300,Weekend,2-Car,No injury/unknown,IMPROPER TURNING,E 17TH ST,39.17896,-86.521088
901964077,2021,1,1,1400,Weekend,2-Car,No injury/unknown,FOLLOWING TOO CLOSELY,17TH ST & COLLEGE,39.17896,-86.53472
902032879,2021,6,2,0,Weekday,2-Car,No injury/unknown,DISREGARD SIGNAL/REG SIGN,17TH & COLLEGE AVE,39.17896,-86.53472
902025134,2021,5,6,1100,Weekday,2-Car,No injury/unknown,FOLLOWING TOO CLOSELY,N COLLEGE & W 17TH ST,39.17896,-86.53472
902040567,2021,6,7,2200,Weekend,Moped/Motorcycle,Non-incapacitating,FAILURE TO YIELD RIGHT OF WAY,17TH & COLLEGE AVE,39.17896,-86.53472
902139161,2021,12,1,1500,Weekend,2-Car,No injury/unknown,FAILURE TO YIELD RIGHT OF WAY,NORTH COLLEGE ST & WEST 17TH,39.17896,-86.53472
902021353,2021,5,6,1100,Weekday,2-Car,No injury/unknown,UNSAFE BACKING,EAST 17TH ST,39.17895463,-86.52073632
902094927,2021,10,7,1100,Weekend,2-Car,No injury/unknown,IMPROPER TURNING,17TH ST & WALNUT,39.17895441,-86.53325148
902065882,2021,8,1,2300,Weekday,2-Car,No injury/unknown,VIEW OBSTRUCTED,E 17TH ST,39.17895065,-86.52955121
902088709,2021,9,3,900,Weekday,1-Car,No injury/unknown,OTHER (DRIVER) - EXPLAIN IN NARRATIVE,W 17TH ST,39.1789454,-86.52013144
901966603,2021,1,5,2000,Weekday,2-Car,No injury/unknown,SPEED TOO FAST FOR WEATHER CONDITIONS,17TH ST & WALNUT,39.178944,-86.533392
901975648,2021,2,2,1200,Weekday,2-Car,Non-incapacitating,DISREGARD SIGNAL/REG SIGN,17TH & N WALNUT ST,39.178944,-86.533392
901988164,2021,3,4,600,Weekday,2-Car,No injury/unknown,FAILURE TO YIELD RIGHT OF WAY,N WALNUT & W 17TH ST,39.178944,-86.533392
902091508,2021,9,1,1900,Weekday,Moped/Motorcycle,Incapacitating,SPEED TOO FAST FOR WEATHER CONDITIONS,17TH ST & WALNUT,39.178944,-86.533392
902111204,2021,10,5,2100,Weekday,2-Car,No injury/unknown,FOLLOWING TOO CLOSELY,E 17TH ST & N WALNUT,39.178944,-86.533392
902114374,2021,11,4,1100,Weekday,2-Car,No injury/unknown,FOLLOWING TOO CLOSELY,N WALNUT & W 17TH ST,39.178944,-86.533392
902131718,2021,12,5,100,Weekday,1-Car,No injury/unknown,SPEED TOO FAST FOR WEATHER CONDITIONS,17TH ST & WALNUT,39.178944,-86.533392
902095312,2021,10,1,1200,Weekend,2-Car,No injury/unknown,FOLLOWING TOO CLOSELY,17TH ST & FEE,39.17893608,-86.51952122
902099477,2021,10,1,0,Weekend,2-Car,Non-incapacitating,FAILURE TO YIELD RIGHT OF WAY,17TH ST & FEE,39.178928,-86.518992
902111675,2021,11,1,0,Weekend,1-Car,No injury/unknown,DRIVER DISTRACTED - EXPLAIN IN NARRATIVE,17TH ST & FEE,39.17891282,-86.51775706
902157031,2021,12,7,600,Weekend,1-Car,No injury/unknown,SPEED TOO FAST FOR WEATHER CONDITIONS,17TH ST & NORTH JORDAN,39.1789117,-86.51056504
902056284,2021,7,3,300,Weekday,2-Car,No injury/unknown,RAN OFF ROAD RIGHT,17TH & N LINCOLN ST,39.17890268,-86.53084976
902008138,2021,4,3,900,Weekday,2-Car,No injury/unknown,VIEW OBSTRUCTED,SEVENTEENTH & SR45N,39.17889786,-86.51591491
902071573,2021,8,4,1600,Weekday,Cyclist,Non-incapacitating,PEDESTRIAN ACTION,1ST & S LINCOLN ST,39.17889057,-86.53084992
902076444,2021,9,1,1400,Weekend,2-Car,No injury/unknown,,E 17TH ST,39.17887129,-86.51438724
901963607,2021,1,7,200,Weekend,2-Car,No injury/unknown,FOLLOWING TOO CLOSELY,17TH ST & JORDAN,39.178848,-86.511088
901980629,2021,2,7,2300,Weekend,2-Car,No injury/unknown,UNSAFE BACKING,N JORDAN AVE,39.178848,-86.511088
902014903,2021,5,2,800,Weekday,1-Car,Non-incapacitating,OTHER (DRIVER) - EXPLAIN IN NARRATIVE,105 NORTH JORDAN (GARAGE) AVE & JORDAN,39.178848,-86.511088
902091557,2021,9,1,1400,Weekend,2-Car,No injury/unknown,ROADWAY SURFACE CONDITION,17TH ST & JORDAN,39.178848,-86.511088
902157033,2021,12,7,700,Weekend,2-Car,No injury/unknown,SPEED TOO FAST FOR WEATHER CONDITIONS,EAST 17TH ST & NORTH JORDAN,39.178848,-86.511088
902109267,2021,10,4,1100,Weekday,2-Car,No injury/unknown,FAILURE TO YIELD RIGHT OF WAY,17TH ST & JORDAN,39.178848,-86.51126444
901957238,2021,1,3,1000,Weekday,1-Car,No injury/unknown,OTHER (DRIVER) - EXPLAIN IN NARRATIVE,EAST 17TH ST,39.178848,-86.51144
901998814,2021,4,4,600,Weekday,2-Car,No injury/unknown,UNSAFE BACKING,EAST 17TH ST,39.178848,-86.51144
902006937,2021,4,6,1700,Weekday,1-Car,No injury/unknown,,EAST 17TH ST,39.178848,-86.51144
902018309,2021,5,5,2200,Weekday,Bus,No injury/unknown,UNSAFE BACKING,17TH ST,39.178848,-86.51192519
902024623,2021,5,5,1200,Weekday,1-Car,No injury/unknown,UNSAFE BACKING,EAST 17TH ST,39.178848,-86.51192519
902104867,2021,10,3,1900,Weekday,2-Car,No injury/unknown,FOLLOWING TOO CLOSELY,EAST 17TH ST & JORDAN,39.17884657,-86.51094249
902118939,2021,11,4,1700,Weekday,2-Car,No injury/unknown,FOLLOWING TOO CLOSELY,EAST 17TH ST & JORDAN,39.17883778,-86.51245301
902105171,2021,10,4,900,Weekday,2-Car,No injury/unknown,FOLLOWING TOO CLOSELY,17TH ST & JORDAN,39.17882994,-86.51244029
902110189,2021,10,5,1400,Weekday,2-Car,No injury/unknown,FAILURE TO YIELD RIGHT OF WAY,17TH ST & JORDAN,39.17882994,-86.51244029
902120852,2021,11,7,2300,Weekend,1-Car,No injury/unknown,SPEED TOO FAST FOR WEATHER CONDITIONS,17TH ST & JORDAN,39.17882994,-86.51244029
902131058,2021,12,3,1200,Weekday,3+ Cars,No injury/unknown,UNSAFE BACKING,EAST 17TH ST,39.17879708,-86.51074916
902137491,2021,12,5,1700,Weekday,2-Car,No injury/unknown,FOLLOWING TOO CLOSELY,SR37 & VERNAL,39.17861085,-86.55932963
902088728,2021,9,3,1100,Weekday,1-Car,No injury/unknown,RAN OFF ROAD RIGHT,17TH & MADISON ST,39.17858013,-86.53777952
902115970,2021,11,6,2300,Weekend,1-Car,No injury/unknown,ANIMAL/OBJECT IN ROADWAY,SR37N & VERNAL,39.17856339,-86.56000817
902113927,2021,11,4,700,Weekday,Cyclist,Non-incapacitating,OTHER (DRIVER) - EXPLAIN IN NARRATIVE,BURKS & WALNUT STREET PIKE,39.1783895,-86.5267197
902125062,2021,11,7,400,Weekend,1-Car,No injury/unknown,RAN OFF ROAD RIGHT,GRANT ST,39.17830276,-86.52934265
902004653,2021,4,3,700,Weekday,2-Car,No injury/unknown,FAILURE TO YIELD RIGHT OF WAY,WALNUT ST & WINSLOW,39.1782371,-86.5311098
901973114,2021,2,3,800,Weekday,2-Car,No injury/unknown,FAILURE TO YIELD RIGHT OF WAY,6TH & MORTON ST,39.17815533,-86.53611011
902095026,2021,10,7,1500,Weekend,2-Car,No injury/unknown,ROADWAY SURFACE CONDITION,EAST 17TH ST,39.17807867,-86.52517226
902081202,2021,9,3,1800,Weekday,Pedestrian,Non-incapacitating,VIEW OBSTRUCTED,EAST 17TH & FEE LN,39.17802255,-86.51883073
901957816,2021,1,2,2100,Weekday,2-Car,No injury/unknown,UNSAFE BACKING,N FEE LN,39.17800784,-86.51889301
902018084,2021,5,7,2000,Weekend,1-Car,Non-incapacitating,UNSAFE BACKING,NORTH JACKSON ST,39.17782237,-86.53966106
902058129,2021,7,6,1400,Weekday,2-Car,No injury/unknown,FAILURE TO YIELD RIGHT OF WAY,16TH ST & LINCOLN,39.17775974,-86.53097972
901970102,2021,2,3,200,Weekday,2-Car,No injury/unknown,,MADISON & W 16TH ST,39.177744,-86.53740712
902063763,2021,8,3,1200,Weekday,2-Car,No injury/unknown,FAILURE TO YIELD RIGHT OF WAY,MADISON & W 16 ST,39.177744,-86.53776
902079950,2021,9,1,1500,Weekend,2-Car,No injury/unknown,IMPROPER LANE USAGE,16TH & MADISON ST,39.17773023,-86.53774023
902021886,2021,5,1,100,Weekend,2-Car,No injury/unknown,,N MAPLE ST,39.1776992,-86.542096
902111419,2021,11,7,1400,Weekend,2-Car,No injury/unknown,FOLLOWING TOO CLOSELY,SR37S & VERNAL,39.1775537,-86.5612041
901956248,2021,1,6,1000,Weekday,2-Car,No injury/unknown,FOLLOWING TOO CLOSELY,SR37S & VERNAIL,39.17744827,-86.55998992
902002336,2021,4,5,300,Weekday,Moped/Motorcycle,Incapacitating,RAN OFF ROAD RIGHT,ANGELINA & W VERNAL PIKE,39.17744827,-86.55998992
902005763,2021,4,5,900,Weekday,2-Car,No injury/unknown,IMPROPER TURNING,8TH & COLLEGE AVE,39.17744176,-86.53484009
902132389,2021,12,6,0,Weekday,2-Car,No injury/unknown,RAN OFF ROAD RIGHT,DUNN ST,39.17734528,-86.52803039
902006694,2021,4,7,200,Weekend,2-Car,No injury/unknown,UNSAFE BACKING,N FEE LN,39.17729391,-86.5189799
901974342,2021,2,5,1800,Weekday,2-Car,Non-incapacitating,FAILURE TO YIELD RIGHT OF WAY,300 BLK N JACOB DR & ALEXANDER,39.17723078,-86.57355088
901954704,2021,1,3,800,Weekday,Bus,No injury/unknown,OTHER (DRIVER) - EXPLAIN IN NARRATIVE,15TH & INDIANA AVE,39.177152,-86.527152
901954571,2021,1,3,900,Weekday,2-Car,No injury/unknown,FAILURE TO YIELD RIGHT OF WAY,JORDAN AVE & LINGELBACH,39.1771502,-86.51253014
901962536,2021,1,5,1500,Weekday,2-Car,No injury/unknown,OTHER (DRIVER) - EXPLAIN IN NARRATIVE,JORDAN & LINGELBACH LN,39.1771502,-86.5125561
902068218,2021,8,5,1600,Weekday,2-Car,No injury/unknown,UNSAFE BACKING,SR37S & VERNAL,39.17714982,-86.56168247
902013627,2021,5,5,1900,Weekday,2-Car,No injury/unknown,FOLLOWING TOO CLOSELY,N MAPLE ST,39.1771009,-86.542096
902033725,2021,6,1,1100,Weekend,2-Car,No injury/unknown,FOLLOWING TOO CLOSELY,SR37N & W VERNAL,39.17704885,-86.56180206
901982573,2021,3,6,1400,Weekday,2-Car,No injury/unknown,UNSAFE SPEED,SR37S & VERNAL,39.17701553,-86.5615451
902133320,2021,12,6,2100,Weekend,2-Car,No injury/unknown,FOLLOWING TOO CLOSELY,10TH & SR4546S,39.17698007,-86.53102874
901978150,2021,2,6,1700,Weekday,2-Car,No injury/unknown,FOLLOWING TOO CLOSELY,SR37N & VERNAL,39.17694788,-86.56192165
902131685,2021,12,4,0,Weekday,3+ Cars,No injury/unknown,OTHER (DRIVER) - EXPLAIN IN NARRATIVE,15TH ST & GRANT,39.17693119,-86.52933538
902104785,2021,10,7,2200,Weekend,2-Car,No injury/unknown,UNSAFE BACKING,EAST 15TH ST,39.17692624,-86.52950383
902129659,2021,12,1,2000,Weekday,2-Car,No injury/unknown,UNSAFE BACKING,EAST 15TH ST,39.17692624,-86.52950383
902000139,2021,4,6,2000,Weekend,2-Car,No injury/unknown,OTHER (DRIVER) - EXPLAIN IN NARRATIVE,EAST 15TH ST & LINCOLN,39.176896,-86.53088
902111509,2021,11,7,1500,Weekend,2-Car,No injury/unknown,FAILURE TO YIELD RIGHT OF WAY,15TH ST & WASHINGTON,39.17685986,-86.53223969
901966763,2021,1,5,2200,Weekday,1-Car,No injury/unknown,SPEED TOO FAST FOR WEATHER CONDITIONS,EAST 10TH ST & SR4546,39.176848,-86.478192
901958592,2021,1,3,1300,Weekday,2-Car,No injury/unknown,UNSAFE LANE MOVEMENT,E 10TH ST & SR4546,39.176848,-86.478192
901988885,2021,3,4,800,Weekday,2-Car,No injury/unknown,OTHER (ENVIRONMENTAL) - EXPLAIN IN NARR,EAST 10TH ST & SR4546,39.176848,-86.478192
902038752,2021,6,4,1200,Weekday,2-Car,No injury/unknown,FAILURE TO YIELD RIGHT OF WAY,10TH ST & SR4546,39.176848,-86.478192
902042923,2021,6,4,2300,Weekday,2-Car,No injury/unknown,UNSAFE SPEED,E 10TH ST & SR4546,39.176848,-86.478192
902056606,2021,7,3,1500,Weekday,2-Car,No injury/unknown,UNSAFE LANE MOVEMENT,10TH ST & CR4546,39.176848,-86.478192
902081429,2021,9,3,1000,Weekday,2-Car,No injury/unknown,UNSAFE BACKING,10TH & 1827 EAST 10TH ST,39.176848,-86.478192
902086811,2021,9,6,1800,Weekday,2-Car,No injury/unknown,IMPROPER TURNING,10TH & SR4546N,39.176848,-86.478192
902102105,2021,10,5,1100,Weekday,2-Car,No injury/unknown,FOLLOWING TOO CLOSELY,45 46 & E 10TH ST,39.176848,-86.478192
902121063,2021,11,1,1400,Weekend,3+ Cars,No injury/unknown,FOLLOWING TOO CLOSELY,10TH ST & SR4546,39.176848,-86.478192
902134248,2021,12,2,1600,Weekday,2-Car,No injury/unknown,FOLLOWING TOO CLOSELY,10TH & SR4546N,39.176848,-86.478192
902137782,2021,12,6,1300,Weekday,2-Car,No injury/unknown,DRIVER DISTRACTED - EXPLAIN IN NARRATIVE,10TH & SR4546S,39.176848,-86.478192
901956956,2021,1,1,1600,Weekend,2-Car,No injury/unknown,FAILURE TO YIELD RIGHT OF WAY,15TH & WALNUT ST,39.176848,-86.533424
902070700,2021,8,3,1700,Weekday,2-Car,No injury/unknown,DRIVER DISTRACTED - EXPLAIN IN NARRATIVE,15TH & N WALNUT ST,39.176848,-86.533424
902037196,2021,6,2,100,Weekday,1-Car,No injury/unknown,ANIMAL/OBJECT IN ROADWAY,SR37N & SR45W,39.17682626,-86.57756805
901986668,2021,3,1,900,Weekend,2-Car,Non-incapacitating,DRIVER DISTRACTED - EXPLAIN IN NARRATIVE,SR37S & W VERNAL,39.17674594,-86.56216082
902119434,2021,11,5,1200,Weekday,2-Car,No injury/unknown,FAILURE TO YIELD RIGHT OF WAY,LIBERTY DR & SR 45,39.17672749,-86.57777018
902060726,2021,8,5,600,Weekday,1-Car,No injury/unknown,UNSAFE BACKING,N MAPLE ST,39.17668852,-86.542096
902017851,2021,5,7,300,Weekend,1-Car,No injury/unknown,RAN OFF ROAD RIGHT,15TH ST & HANCOCK,39.17666003,-86.54892973
902000531,2021,4,1,300,Weekend,3+ Cars,No injury/unknown,OTHER (DRIVER) - EXPLAIN IN NARRATIVE,15 TH ST & ROGERS,39.17664,-86.538496
901976720,2021,2,4,900,Weekday,Pedestrian,Non-incapacitating,FAILURE TO YIELD RIGHT OF WAY,S ROGERS & W 1ST ST,39.17664,-86.538496
902051667,2021,7,1,2100,Weekday,3+ Cars,Incapacitating,DISREGARD SIGNAL/REG SIGN,SR37S & VERNAL,39.17662048,-86.56252288
902051968,2021,7,1,1700,Weekend,3+ Cars,Non-incapacitating,FOLLOWING TOO CLOSELY,SR37N & W VERNAL,39.17662048,-86.56252288
902084883,2021,9,3,1500,Weekday,2-Car,No injury/unknown,FOLLOWING TOO CLOSELY,SR37N & VERNAL,39.17662048,-86.56252288
902087529,2021,9,1,2000,Weekday,2-Car,No injury/unknown,FOLLOWING TOO CLOSELY,SR37S & VERNAL,39.17662048,-86.56252288
902109347,2021,10,3,1400,Weekday,2-Car,No injury/unknown,FOLLOWING TOO CLOSELY,SR37S & VERNAL,39.17662048,-86.56252288
901956238,2021,1,5,0,Weekday,2-Car,No injury/unknown,UNSAFE BACKING,NORTH FEE LN,39.17658828,-86.51891313
901973825,2021,2,6,1000,Weekday,2-Car,No injury/unknown,,N FEE LN,39.17658828,-86.51891313
901954455,2021,1,3,600,Weekday,2-Car,No injury/unknown,FAILURE TO YIELD RIGHT OF WAY,SR37N & VERNAL,39.176544,-86.5624
902014585,2021,5,1,1500,Weekend,2-Car,No injury/unknown,FOLLOWING TOO CLOSELY,SR37S & VERNAL,39.176544,-86.5624
902066184,2021,8,2,1100,Weekday,2-Car,Incapacitating,FOLLOWING TOO CLOSELY,SR37N & VERNAL,39.176544,-86.5624
902079920,2021,9,1,1800,Weekend,2-Car,No injury/unknown,UNSAFE LANE MOVEMENT,SR37N & VERNAL PIKE,39.176544,-86.5624
902094922,2021,10,7,1000,Weekend,2-Car,No injury/unknown,,SR37N & VERNAL,39.176544,-86.5624
902082086,2021,9,5,1200,Weekday,2-Car,No injury/unknown,FOLLOWING TOO CLOSELY,E LINGELBACH & JORDAN AVE,39.17654097,-86.50991863
901997380,2021,3,3,1500,Weekday,2-Car,No injury/unknown,FOLLOWING TOO CLOSELY,HARTSTRAIGHT & SR46W,39.17649078,-86.61120069
901965342,2021,1,3,1300,Weekday,2-Car,No injury/unknown,FOLLOWING TOO CLOSELY,HARTSTRAIGHT & SR46W,39.17649078,-86.61121368
902018347,2021,5,5,1800,Weekday,2-Car,No injury/unknown,FAILURE TO YIELD RIGHT OF WAY,HARTSTRAIGHT & SR46W,39.17649078,-86.61125698
902016446,2021,5,4,1300,Weekday,2-Car,No injury/unknown,FOLLOWING TOO CLOSELY,SR37N & VERNAL,39.176455,-86.56232349
902066998,2021,8,1,1900,Weekday,2-Car,Incapacitating,DISREGARD SIGNAL/REG SIGN,SR37 & VERNAL,39.176455,-86.56232349
902087109,2021,9,6,1600,Weekday,2-Car,No injury/unknown,UNSAFE LANE MOVEMENT,SR37N & VERNAL,39.176455,-86.56232349
902123638,2021,11,4,900,Weekday,2-Car,No injury/unknown,UNSAFE LANE MOVEMENT,SR37 & VERNAL PIKE,39.176455,-86.56232349
901966614,2021,1,5,1800,Weekday,2-Car,No injury/unknown,SPEED TOO FAST FOR WEATHER CONDITIONS,SR37N & VERNAL,39.17635934,-86.56266121
902027305,2021,5,3,1700,Weekday,3+ Cars,No injury/unknown,FOLLOWING TOO CLOSELY,SR37N & VERNAL,39.17635934,-86.56266121
902076552,2021,9,1,1400,Weekend,2-Car,No injury/unknown,IMPROPER TURNING,14TH & INDIANA AVE,39.176192,-86.52712
901993101,2021,3,6,1200,Weekday,2-Car,No injury/unknown,FAILURE TO YIELD RIGHT OF WAY,14TH ST & DUNN,39.17616,-86.528224
901997075,2021,3,7,0,Weekend,2-Car,No injury/unknown,RAN OFF ROAD RIGHT,E 14TH ST & N DUNN,39.17616,-86.528224
901951634,2021,1,4,1700,Weekday,2-Car,No injury/unknown,UNSAFE BACKING,S PARK AVE,39.176144,-86.524688
902018242,2021,5,5,900,Weekday,2-Car,No injury/unknown,OTHER (DRIVER) - EXPLAIN IN NARRATIVE,N FEE LN,39.17612549,-86.51898236
902044433,2021,6,6,1600,Weekday,2-Car,No injury/unknown,OTHER (DRIVER) - EXPLAIN IN NARRATIVE,N FEE LN,39.17612549,-86.51898236
902054712,2021,7,6,1200,Weekday,2-Car,No injury/unknown,OTHER (VEHICLE) - EXPLAIN IN NARRATIVE,N FEE LN,39.17612549,-86.51898236
902072558,2021,8,7,1200,Weekend,2-Car,No injury/unknown,UNSAFE BACKING,N FEE LN,39.17612549,-86.51898236
902116229,2021,11,7,1600,Weekend,2-Car,No injury/unknown,,N FEE LN,39.17612549,-86.51898236
901959085,2021,1,5,1000,Weekday,2-Car,No injury/unknown,FAILURE TO YIELD RIGHT OF WAY,FOURTEENTH & INDIANA AVE,39.17612362,-86.52701309
902013366,2021,5,5,1900,Weekday,Moped/Motorcycle,Non-incapacitating,FAILURE TO YIELD RIGHT OF WAY,14TH & INDIANA AVE,39.17611018,-86.52701005
901986223,2021,3,6,1200,Weekday,2-Car,No injury/unknown,,N ROGERS ST,39.17604828,-86.53881835
901963716,2021,1,7,1200,Weekend,1-Car,No injury/unknown,RAN OFF ROAD RIGHT,14TH & MADISON ST,39.176048,-86.537696
902075482,2021,8,6,700,Weekday,1-Car,No injury/unknown,RAN OFF ROAD RIGHT,14TH & MADISON ST,39.176048,-86.537696
902143461,2021,12,6,800,Weekday,2-Car,Non-incapacitating,DRIVER DISTRACTED - EXPLAIN IN NARRATIVE,14TH & MADISON ST,39.176048,-86.537696
901971915,2021,2,7,1200,Weekend,2-Car,No injury/unknown,,E BARRINGTON DR,39.176016,-86.5296
901953374,2021,1,7,2200,Weekend,2-Car,No injury/unknown,FAILURE TO YIELD RIGHT OF WAY,14TH & N COLLEGE AVE,39.175984,-86.534736
902044126,2021,6,6,1500,Weekday,2-Car,No injury/unknown,FAILURE TO YIELD RIGHT OF WAY,14TH ST & COLLEGE,39.175984,-86.534736
902072348,2021,8,6,1800,Weekday,2-Car,No injury/unknown,LEFT OF CENTER,N COLLEGE AVE,39.175984,-86.534736
902124035,2021,11,4,1200,Weekday,2-Car,No injury/unknown,UNSAFE BACKING,NORTH COLLEGE AVE,39.175984,-86.534736
902005930,2021,4,5,1300,Weekday,2-Car,No injury/unknown,FAILURE TO YIELD RIGHT OF WAY,14TH & MADISON ST,39.17597003,-86.53771005
901953551,2021,1,1,1400,Weekend,2-Car,No injury/unknown,FAILURE TO YIELD RIGHT OF WAY,14TH & WALNUT ST,39.175952,-86.53344
902000367,2021,4,7,1500,Weekend,2-Car,No injury/unknown,UNSAFE LANE MOVEMENT,NORTH WALNUT ST & WEST 14TH,39.175952,-86.53344
902014638,2021,5,1,2200,Weekday,2-Car,No injury/unknown,FOLLOWING TOO CLOSELY,14TH & WALNUT ST,39.175952,-86.53344
902076217,2021,9,1,0,Weekend,2-Car,No injury/unknown,FOLLOWING TOO CLOSELY,14TH & N WALNUT ST,39.175952,-86.53344
902091207,2021,9,6,2100,Weekend,1-Car,No injury/unknown,RAN OFF ROAD RIGHT,14TH ST & WALNUT,39.175952,-86.53344
902100956,2021,10,3,1500,Weekday,2-Car,No injury/unknown,FAILURE TO YIELD RIGHT OF WAY,14TH & N WALNUT ST,39.175952,-86.53344
902103371,2021,10,1,1100,Weekend,2-Car,No injury/unknown,FAILURE TO YIELD RIGHT OF WAY,14TH & WALNUT ST,39.175952,-86.53344
901971753,2021,2,6,1600,Weekday,2-Car,Non-incapacitating,FAILURE TO YIELD RIGHT OF WAY,14TH & WALNUT ST,39.17594992,-86.53356
902054977,2021,7,7,1700,Weekend,2-Car,No injury/unknown,IMPROPER TURNING,14TH & WALNUT ST,39.17594992,-86.53356
902132377,2021,12,5,2300,Weekday,2-Car,No injury/unknown,IMPROPER TURNING,14TH & N WALNUT ST,39.17594992,-86.53356
901973312,2021,2,2,1500,Weekday,2-Car,No injury/unknown,FAILURE TO YIELD RIGHT OF WAY,14TH & COLLEGE AVE,39.17594992,-86.53476968
901986109,2021,3,6,1300,Weekday,2-Car,No injury/unknown,DISREGARD SIGNAL/REG SIGN,14TH & COLLEGE AVE,39.17594992,-86.53476968
902094766,2021,10,6,1700,Weekday,2-Car,Non-incapacitating,UNSAFE LANE MOVEMENT,14TH & COLLEGE AVE,39.17594992,-86.53476968
902107271,2021,10,7,1700,Weekend,2-Car,No injury/unknown,FOLLOWING TOO CLOSELY,EAST 17TH & JORDAN AVE,39.1759274,-86.51337805
902141082,2021,12,3,1600,Weekday,Cyclist,No injury/unknown,FAILURE TO YIELD RIGHT OF WAY,45 46 BYPASS & RANGE ROAD RD,39.17579093,-86.50450378