Master Record Number,Year,Month,Day,Hour,Weekend,Collision Type,Injury Type,Primary Factor,Reported_Location,Latitude,Longitude
901990461,2021,3,1,1800,Weekend,2-Car,No injury/unknown,UNSAFE LANE MOVEMENT,SR37 & SR45,39.17576051,-86.56335743
902029913,2021,5,4,900,Weekday,Moped/Motorcycle,Non-incapacitating,FAILURE TO YIELD RIGHT OF WAY,FOX HOLLOW RD & VIXEN,39.17571902,-86.51236988
902024358,2021,5,5,0,Weekday,1-Car,No injury/unknown,ANIMAL/OBJECT IN ROADWAY,14TH & RANGE RD,39.17563006,-86.49592659
902027975,2021,5,4,2300,Weekday,1-Car,No injury/unknown,IMPROPER TURNING,10TH & RANGE RD,39.1756238,-86.495296
901956779,2021,1,1,100,Weekend,2-Car,No injury/unknown,UNSAFE BACKING,NORTH JORDAN AVE,39.17560577,-86.51441192
902030479,2021,6,2,1700,Weekday,2-Car,No injury/unknown,FAILURE TO YIELD RIGHT OF WAY,INDUSTRIAL & SR45E,39.17559814,-86.5646286
902136739,2021,12,5,1100,Weekday,2-Car,Incapacitating,LEFT OF CENTER,E 13TH ST & N DUNN,39.175552,-86.528192
901980800,2021,2,5,200,Weekday,2-Car,No injury/unknown,SPEED TOO FAST FOR WEATHER CONDITIONS,MADISON ST,39.17551609,-86.537696
901994878,2021,3,2,1500,Weekday,2-Car,Non-incapacitating,FAILURE TO YIELD RIGHT OF WAY,13TH & INDIANA AVE,39.175504,-86.527104
902011916,2021,4,3,1600,Weekday,2-Car,No injury/unknown,UNSAFE BACKING,13TH ST & INDIANA,39.175504,-86.527104
902083535,2021,9,7,1500,Weekend,2-Car,Non-incapacitating,FAILURE TO YIELD RIGHT OF WAY,13TH ST & INDIANA,39.175504,-86.527104
902086306,2021,9,5,1300,Weekday,2-Car,Non-incapacitating,FAILURE TO YIELD RIGHT OF WAY,13TH & INDIANA AVE,39.175504,-86.527104
901982397,2021,3,1,1500,Weekend,2-Car,No injury/unknown,FAILURE TO YIELD RIGHT OF WAY,N JORDAN AVE,39.17550246,-86.51384749
901975461,2021,2,7,1400,Weekend,2-Car,No injury/unknown,OTHER (DRIVER) - EXPLAIN IN NARRATIVE,EAST 13TH ST,39.17550008,-86.52702563
902031761,2021,6,4,1600,Weekday,2-Car,No injury/unknown,UNSAFE LANE MOVEMENT,6TH & WALNUT ST,39.17548134,-86.53360024
901962330,2021,1,4,1200,Weekday,1-Car,No injury/unknown,OTHER (DRIVER) - EXPLAIN IN NARRATIVE,13TH & 900 N FESS AVE,39.17544,-86.525824
901968417,2021,2,1,100,Weekend,2-Car,No injury/unknown,IMPROPER TURNING,N JORDAN AVE,39.17539053,-86.51397285
901983326,2021,3,3,100,Weekday,2-Car,No injury/unknown,RAN OFF ROAD RIGHT,NORTH COLLEGE RD,39.17528784,-86.53474939
902100229,2021,10,5,1400,Weekday,2-Car,No injury/unknown,OTHER (DRIVER) - EXPLAIN IN NARRATIVE,N CURRY PIKE,39.1752739,-86.58629608
902087304,2021,9,1,1100,Weekend,2-Car,Non-incapacitating,FOLLOWING TOO CLOSELY,INDIANA AVE & THIRTEENTH,39.17524746,-86.52701896
902129454,2021,12,1,2100,Weekday,2-Car,No injury/unknown,FAILURE TO YIELD RIGHT OF WAY,INDIANA AVE & THIRTEENTH,39.17524746,-86.52701896
901955720,2021,1,5,1000,Weekday,2-Car,No injury/unknown,OTHER (DRIVER) - EXPLAIN IN NARRATIVE,NORTH FEE LN,39.17524114,-86.51896409
902005942,2021,4,5,1400,Weekday,2-Car,No injury/unknown,UNSAFE BACKING,N FEE LN,39.17524114,-86.51896409
902007924,2021,4,2,2000,Weekday,2-Car,No injury/unknown,UNSAFE BACKING,N FEE LN,39.17524114,-86.51896409
902013345,2021,5,5,1700,Weekday,2-Car,No injury/unknown,OTHER (DRIVER) - EXPLAIN IN NARRATIVE,NORTH FEE LN,39.17524114,-86.51896409
902070968,2021,8,4,1100,Weekday,2-Car,No injury/unknown,UNSAFE BACKING,N FEE LN,39.17524114,-86.51896409
902087343,2021,9,7,2100,Weekend,2-Car,No injury/unknown,UNSAFE BACKING,N FEE LN,39.17524114,-86.51896409
902102119,2021,10,5,1700,Weekday,2-Car,No injury/unknown,UNSAFE BACKING,N FEE LN,39.17524114,-86.51896409
902138734,2021,12,1,200,Weekend,3+ Cars,No injury/unknown,SPEED TOO FAST FOR WEATHER CONDITIONS,NORTH FEE LN,39.17524114,-86.51896409
902004466,2021,4,2,1500,Weekday,2-Car,No injury/unknown,FAILURE TO YIELD RIGHT OF WAY,13TH & INDIANA AVE,39.1752398,-86.52699999
902010730,2021,4,1,1400,Weekend,2-Car,No injury/unknown,FAILURE TO YIELD RIGHT OF WAY,13TH & INDIANA AVE,39.1752398,-86.52699999
902122693,2021,11,3,1900,Weekday,2-Car,Non-incapacitating,FAILURE TO YIELD RIGHT OF WAY,13TH & INDIANA AVE,39.1752398,-86.52699999
902054945,2021,7,7,1600,Weekend,2-Car,No injury/unknown,FAILURE TO YIELD RIGHT OF WAY,3RD & CURRY PIKE,39.17523429,-86.58292002
902097583,2021,10,4,1200,Weekday,2-Car,No injury/unknown,FAILURE TO YIELD RIGHT OF WAY,13TH ST & WALNUT,39.175232,-86.520976
902107468,2021,10,1,1300,Weekend,2-Car,No injury/unknown,FOLLOWING TOO CLOSELY,RANGE & SR45N,39.17522812,-86.49550628
902110385,2021,10,5,1800,Weekday,2-Car,No injury/unknown,UNSAFE LANE MOVEMENT,RANGE & SR4546N,39.17522812,-86.49550628
902040161,2021,6,6,1600,Weekday,3+ Cars,Non-incapacitating,FAILURE TO YIELD RIGHT OF WAY,E 10TH ST & N RUSSELL,39.175152,-86.4812
901996676,2021,3,6,100,Weekday,1-Car,Incapacitating,DRIVER DISTRACTED - EXPLAIN IN NARRATIVE,E 13TH ST & N FEE,39.175152,-86.518992
902083977,2021,9,1,1300,Weekend,Pedestrian,Non-incapacitating,PEDESTRIAN ACTION,1101 N FEE (SOUTH LOT) LN & 13TH,39.175152,-86.518992
902136071,2021,12,4,1400,Weekday,2-Car,No injury/unknown,FOLLOWING TOO CLOSELY,13TH ST & FEE,39.175152,-86.518992
901992344,2021,3,4,1800,Weekday,2-Car,No injury/unknown,UNSAFE BACKING,NORTH ROGERS & WEST 13TH ST,39.175152,-86.538512
902111622,2021,11,7,2000,Weekend,2-Car,No injury/unknown,FAILURE TO YIELD RIGHT OF WAY,THIRTEENTH & WALNUT GROVE ST,39.17512767,-86.52103911
902047565,2021,7,6,2200,Weekend,1-Car,No injury/unknown,RAN OFF ROAD RIGHT,SR37S & VERNAL,39.17506668,-86.56448965
902088309,2021,9,2,1500,Weekday,Bus,No injury/unknown,IMPROPER TURNING,N CRESCENT RD & W VERNAL,39.17504,-86.556496
902116359,2021,11,1,0,Weekend,1-Car,No injury/unknown,OTHER (DRIVER) - EXPLAIN IN NARRATIVE,W CRESCENT & W VERNAL PIKE,39.17504,-86.556496
902129414,2021,12,1,1800,Weekend,2-Car,No injury/unknown,FOLLOWING TOO CLOSELY,CRESCENT & VERNAL PIKE,39.1749803,-86.55653983
902105616,2021,10,4,2300,Weekday,2-Car,No injury/unknown,IMPROPER TURNING,WOODBRIDGE DR,39.17485423,-86.49131789
902070141,2021,8,2,1600,Weekday,3+ Cars,Incapacitating,DRIVER DISTRACTED - EXPLAIN IN NARRATIVE,SR37N & VERNAL,39.17469734,-86.56501204
902114385,2021,11,3,1000,Weekday,2-Car,No injury/unknown,UNSAFE SPEED,SR37 & VERNAL,39.17459151,-86.56491138
902106513,2021,10,5,1300,Weekday,2-Car,No injury/unknown,UNSAFE BACKING,FAIRVIEW ST & KIRKWOOD,39.17457121,-86.54091998
902083558,2021,9,1,1000,Weekend,2-Car,No injury/unknown,FOLLOWING TOO CLOSELY,JORDAN AVE & LAW,39.17452715,-86.5148379
901967668,2021,2,7,800,Weekend,1-Car,No injury/unknown,RAN OFF ROAD RIGHT,SR37N & W VERNAL,39.17451267,-86.56527324
902070472,2021,8,3,800,Weekday,2-Car,No injury/unknown,IMPROPER LANE USAGE,W 12TH ST,39.17441927,-86.53085976
902120985,2021,11,1,1000,Weekend,1-Car,No injury/unknown,DRIVER ASLEEP OR FATIGUED,W 12TH ST,39.17441927,-86.53085976
901978825,2021,2,1,400,Weekend,2-Car,No injury/unknown,WRONG WAY ON ONE WAY,E 12TH & N LINCOLN ST,39.174416,-86.530992
901994829,2021,3,1,1900,Weekday,2-Car,No injury/unknown,OTHER (DRIVER) - EXPLAIN IN NARRATIVE,12TH & LINCOLN ST,39.174416,-86.530992
902012445,2021,4,7,100,Weekend,3+ Cars,No injury/unknown,UNSAFE BACKING,E 12TH & N LINCOLN ST,39.174416,-86.530992
902000418,2021,4,6,2200,Weekend,2-Car,No injury/unknown,FAILURE TO YIELD RIGHT OF WAY,12TH ST & INDIANA,39.174368,-86.527088
902053961,2021,7,5,1500,Weekday,2-Car,No injury/unknown,FAILURE TO YIELD RIGHT OF WAY,12TH & INDIANA AVE,39.174368,-86.527088
902094935,2021,10,7,1100,Weekend,2-Car,No injury/unknown,FAILURE TO YIELD RIGHT OF WAY,12TH ST & INDIANA,39.174368,-86.527088
902111427,2021,11,7,1200,Weekend,2-Car,No injury/unknown,FAILURE TO YIELD RIGHT OF WAY,12TH & INDIANA AVE,39.174368,-86.527088
902006687,2021,4,7,100,Weekend,3+ Cars,No injury/unknown,OTHER (DRIVER) - EXPLAIN IN NARRATIVE,12TH ST & WASHINGTON,39.174368,-86.5324
901953524,2021,1,1,1300,Weekend,1-Car,No injury/unknown,RAN OFF ROAD RIGHT,INDIANA AVE & TWELVETH,39.17436283,-86.52699273
902003593,2021,4,7,1600,Weekend,2-Car,No injury/unknown,FAILURE TO YIELD RIGHT OF WAY,INDIANA & TWELVETH ST,39.17436283,-86.52699273
902004985,2021,4,3,1500,Weekday,Moped/Motorcycle,No injury/unknown,UNSAFE BACKING,12TH ST & SUMMIT,39.174352,-86.54852929
901960460,2021,1,1,100,Weekend,2-Car,No injury/unknown,IMPROPER PASSING,E 12TH & N WALNUT ST,39.174352,-86.533472
901961983,2021,1,4,1800,Weekday,2-Car,No injury/unknown,FAILURE TO YIELD RIGHT OF WAY,12TH & INDIANA AVE,39.17434998,-86.52698993
902081712,2021,9,4,1600,Weekday,3+ Cars,Non-incapacitating,FOLLOWING TOO CLOSELY,12TH & INDIANA AVE,39.17434998,-86.52698993
902098698,2021,10,5,1400,Weekday,Cyclist,Non-incapacitating,FAILURE TO YIELD RIGHT OF WAY,12TH ST & WOODLAWN,39.17428024,-86.52355
901998735,2021,4,4,100,Weekday,3+ Cars,No injury/unknown,UNSAFE LANE MOVEMENT,12TH & LINCOLN ST,39.17414134,-86.530992
901966922,2021,1,5,2300,Weekday,1-Car,Non-incapacitating,RAN OFF ROAD RIGHT,W VERNAL PIKE,39.17381823,-86.55565738
902118992,2021,11,4,1700,Weekday,2-Car,No injury/unknown,FAILURE TO YIELD RIGHT OF WAY,ATWATER & WOODLAWN AVE,39.17369428,-86.52261994
901971749,2021,2,5,1600,Weekday,2-Car,No injury/unknown,UNSAFE BACKING,DANIELS WAY,39.17368698,-86.59799957
902091411,2021,9,1,1400,Weekend,2-Car,No injury/unknown,FOLLOWING TOO CLOSELY,ATWATER & MITCHELL ST,39.17365404,-86.5141797
901953884,2021,1,2,900,Weekday,2-Car,No injury/unknown,UNSAFE SPEED,JORDAN & LAW LN,39.17364542,-86.51618343
902078308,2021,8,4,2000,Weekday,2-Car,No injury/unknown,,FOSTER DR & LAW,39.17359024,-86.51666007
901967490,2021,1,5,1900,Weekday,3+ Cars,Non-incapacitating,SPEED TOO FAST FOR WEATHER CONDITIONS,JORDAN & LAW LN,39.173552,-86.515488
901966598,2021,1,5,1900,Weekday,3+ Cars,No injury/unknown,SPEED TOO FAST FOR WEATHER CONDITIONS,JORDAN & LAW LN,39.173552,-86.515488
901974032,2021,2,5,900,Weekday,2-Car,No injury/unknown,IMPROPER TURNING,801 N JORDAN (DOCK) AVE & LAW,39.173552,-86.515488
902014073,2021,5,7,1200,Weekend,2-Car,No injury/unknown,DISREGARD SIGNAL/REG SIGN,JORDAN AVE & LAW,39.173552,-86.515488
901967639,2021,2,7,800,Weekend,2-Car,No injury/unknown,SPEED TOO FAST FOR WEATHER CONDITIONS,ELEVENTH & INDIANA AVE,39.17347472,-86.52699102
901971315,2021,2,5,1700,Weekday,1-Car,No injury/unknown,OTHER (DRIVER) - EXPLAIN IN NARRATIVE,11TH ST & GRANT,39.17347021,-86.52973987
902071595,2021,8,5,1200,Weekday,2-Car,No injury/unknown,FAILURE TO YIELD RIGHT OF WAY,11TH ST & INDIANA,39.17346016,-86.52696982
902065821,2021,8,1,1900,Weekday,2-Car,No injury/unknown,UNSAFE BACKING,E 11TH ST,39.17344,-86.528112
901964030,2021,1,1,1200,Weekend,2-Car,No injury/unknown,FAILURE TO YIELD RIGHT OF WAY,E 11TH ST & N GRANT,39.17344,-86.529696
902085706,2021,9,5,200,Weekday,3+ Cars,No injury/unknown,UNSAFE LANE MOVEMENT,11TH & LINCOLN ST,39.17344,-86.530992
901973013,2021,2,2,2100,Weekday,2-Car,No injury/unknown,OTHER (DRIVER) - EXPLAIN IN NARRATIVE,MAPLE ST & SMITH,39.17343404,-86.54222019
902067668,2021,8,4,1600,Weekday,3+ Cars,Non-incapacitating,FOLLOWING TOO CLOSELY,SMITH & WALNUT ST,39.17342398,-86.53362974
901965027,2021,1,2,1700,Weekday,2-Car,No injury/unknown,UNSAFE BACKING,JORDAN & LAW LN,39.17340986,-86.51542237
902132321,2021,12,5,1700,Weekday,2-Car,No injury/unknown,WRONG WAY ON ONE WAY,JORDAN & LAW LN,39.17340986,-86.51543448
901983588,2021,3,3,1000,Weekday,2-Car,No injury/unknown,UNSAFE BACKING,JORDAN & LAW LN,39.17340986,-86.51543967
902035860,2021,6,5,1500,Weekday,2-Car,No injury/unknown,FOLLOWING TOO CLOSELY,JORDAN & LAW LN,39.17340986,-86.51545697
902028126,2021,5,5,800,Weekday,2-Car,No injury/unknown,,N MAPLE & W 11TH ST,39.173408,-86.542
902132680,2021,12,6,1200,Weekday,2-Car,No injury/unknown,UNSAFE BACKING,E 10TH ST,39.17339325,-86.49424743
901958000,2021,1,3,900,Weekday,2-Car,No injury/unknown,OTHER (DRIVER) - EXPLAIN IN NARRATIVE,EAST ELEVENTH ST,39.17337365,-86.5222337
902106517,2021,10,6,900,Weekday,2-Car,No injury/unknown,FAILURE TO YIELD RIGHT OF WAY,MONROE & W 11TH ST,39.173344,-86.547104
902021927,2021,5,7,1300,Weekend,2-Car,No injury/unknown,FAILURE TO YIELD RIGHT OF WAY,WEST 11TH ST,39.173344,-86.54734825
901970973,2021,2,5,700,Weekday,2-Car,Non-incapacitating,IMPROPER TURNING,N LINDBERGH & W 11TH ST,39.173344,-86.552592
902008855,2021,4,4,1300,Weekday,2-Car,No injury/unknown,FAILURE TO YIELD RIGHT OF WAY,NORTH JORDAN AVE,39.17328849,-86.51554025
902063934,2021,8,4,1300,Weekday,2-Car,No injury/unknown,FAILURE TO YIELD RIGHT OF WAY,11TH & WALNUT ST,39.17327978,-86.53359018
901973871,2021,2,4,2200,Weekday,2-Car,No injury/unknown,FOLLOWING TOO CLOSELY,11TH & COLLEGE AVE,39.17327978,-86.53479985
901989717,2021,3,6,1900,Weekend,2-Car,No injury/unknown,FAILURE TO YIELD RIGHT OF WAY,11TH & COLLEGE AVE,39.17327978,-86.53479985
902108923,2021,10,3,1400,Weekday,2-Car,No injury/unknown,FOLLOWING TOO CLOSELY,11TH ST & COLLEGE,39.17327978,-86.53479985
902132246,2021,12,5,1500,Weekday,2-Car,No injury/unknown,UNSAFE LANE MOVEMENT,11TH & COLLEGE AVE,39.17327978,-86.53479985
902081779,2021,9,4,1800,Weekday,Moped/Motorcycle,No injury/unknown,FAILURE TO YIELD RIGHT OF WAY,11TH ST & MORTON,39.17326972,-86.53605982
902100823,2021,10,3,1500,Weekday,2-Car,No injury/unknown,FAILURE TO YIELD RIGHT OF WAY,11TH ST & MORTON,39.17326972,-86.53605982
901955546,2021,1,4,800,Weekday,Bus,No injury/unknown,OTHER (DRIVER) - EXPLAIN IN NARRATIVE,11TH ST & BLAIR,39.17326972,-86.54378995
902024281,2021,5,4,1800,Weekday,1-Car,Non-incapacitating,DRIVER ILLNESS,11TH ST & ROGERS,39.17326033,-86.53858408
902064769,2021,8,5,2100,Weekday,2-Car,No injury/unknown,FAILURE TO YIELD RIGHT OF WAY,11TH & WALNUT ST,39.173248,-86.533488
902077824,2021,9,3,1100,Weekday,2-Car,No injury/unknown,UNSAFE LANE MOVEMENT,11TH & N WALNUT ST,39.173248,-86.533488
902129415,2021,12,1,1800,Weekend,2-Car,No injury/unknown,OTHER (DRIVER) - EXPLAIN IN NARRATIVE,11TH ST & ADAMS,39.17324021,-86.54981017
901981897,2021,3,6,2200,Weekend,1-Car,No injury/unknown,VIEW OBSTRUCTED,ELEVENTH ST & FORREST,39.17323718,-86.52214409
901975239,2021,2,1,200,Weekend,2-Car,No injury/unknown,FAILURE TO YIELD RIGHT OF WAY,11TH ST & COLLEGE,39.173232,-86.534752
902040246,2021,6,6,1200,Weekday,2-Car,No injury/unknown,IMPROPER TURNING,11TH ST & COLLEGE,39.173232,-86.534752
902057512,2021,7,5,1000,Weekday,2-Car,No injury/unknown,FOLLOWING TOO CLOSELY,11TH & COLLEGE AVE,39.173232,-86.534752
902080785,2021,9,3,800,Weekday,2-Car,No injury/unknown,FOLLOWING TOO CLOSELY,11TH & COLLEGE AVE,39.173232,-86.534752
902134308,2021,12,2,1900,Weekday,2-Car,No injury/unknown,DISREGARD SIGNAL/REG SIGN,11TH & NORTH COLLEGE ST,39.173232,-86.534752
901973535,2021,2,3,1300,Weekday,2-Car,No injury/unknown,FOLLOWING TOO CLOSELY,11TH ST & LINDBURGH,39.17323016,-86.55252993
901966764,2021,1,5,2100,Weekday,2-Car,No injury/unknown,ROADWAY SURFACE CONDITION,11TH & N MORTON ST,39.173216,-86.536
902100616,2021,10,2,1200,Weekday,Moped/Motorcycle,No injury/unknown,UNSAFE BACKING,N MORTON ST,39.173216,-86.536
901966647,2021,1,5,2100,Weekday,2-Car,No injury/unknown,SPEED TOO FAST FOR WEATHER CONDITIONS,11TH ST & ROGERS,39.173184,-86.538528
902086960,2021,9,6,1000,Weekday,2-Car,No injury/unknown,VIEW OBSTRUCTED,11TH & ROGERS ST,39.173184,-86.538528
902113925,2021,11,7,1500,Weekend,1-Car,No injury/unknown,ANIMAL/OBJECT IN ROADWAY,SMITH & SR45,39.17304602,-86.48245722
902017779,2021,5,6,2000,Weekend,2-Car,No injury/unknown,UNSAFE BACKING,LAW LN,39.17302832,-86.51339918
902024862,2021,5,5,1800,Weekday,2-Car,No injury/unknown,UNSAFE BACKING,E LAW LN,39.17302832,-86.51339918
902076697,2021,9,2,1400,Weekday,2-Car,No injury/unknown,UNSAFE BACKING,E LAW LN,39.17302832,-86.51339918
901993656,2021,3,7,1800,Weekend,2-Car,No injury/unknown,WRONG WAY ON ONE WAY,11TH & LINCOLN ST,39.17302802,-86.530992
902054857,2021,7,7,1100,Weekend,2-Car,No injury/unknown,BRAKE FAILURE OR DEFECTIVE,E LAW LN,39.17297448,-86.51331469
902101779,2021,10,5,700,Weekday,2-Car,No injury/unknown,LEFT OF CENTER,E LAW LN & N UNION,39.17293655,-86.51315181
902027688,2021,5,4,1300,Weekday,Moped/Motorcycle,Non-incapacitating,OVERCORRECTING/OVERSTEERING,SR37N & VERNAL,39.17285105,-86.56762445
901965613,2021,1,4,300,Weekday,1-Car,No injury/unknown,UNSAFE BACKING,N FEE LN,39.17281455,-86.51879273
901966641,2021,1,5,1900,Weekday,1-Car,No injury/unknown,SPEED TOO FAST FOR WEATHER CONDITIONS,N FEE LN,39.17281455,-86.51879273
901972334,2021,2,1,1800,Weekend,2-Car,No injury/unknown,FAILURE TO YIELD RIGHT OF WAY,N FEE LN,39.17281455,-86.51879273
901976753,2021,2,4,1000,Weekday,2-Car,No injury/unknown,OTHER (DRIVER) - EXPLAIN IN NARRATIVE,E 10TH & N SMITH RD,39.172752,-86.482288
902014176,2021,5,7,1700,Weekend,2-Car,No injury/unknown,SPEED TOO FAST FOR WEATHER CONDITIONS,10 TH ST & SMITH,39.172752,-86.482288
902019615,2021,5,3,1700,Weekday,2-Car,Non-incapacitating,FOLLOWING TOO CLOSELY,E 10TH ST & N SMITH,39.172752,-86.482288
902093261,2021,10,4,1100,Weekday,1-Car,No injury/unknown,RAN OFF ROAD RIGHT,E 10TH ST & SMITH,39.172752,-86.482288
901979662,2021,2,1,400,Weekend,1-Car,No injury/unknown,UNSAFE BACKING,N LINCOLN ST,39.17268898,-86.530992
902086544,2021,9,6,1200,Weekday,2-Car,No injury/unknown,FOLLOWING TOO CLOSELY,10TH & SR46N,39.17264788,-86.5026808
901994852,2021,3,2,1500,Weekday,2-Car,No injury/unknown,FAILURE TO YIELD RIGHT OF WAY,COTTAGE GROVE & INDIANA AVE,39.17264,-86.52704
902096504,2021,10,3,700,Weekday,2-Car,No injury/unknown,FAILURE TO YIELD RIGHT OF WAY,COTTAGE GROVE & INDIANA AVE,39.17264,-86.52704
901990483,2021,3,2,0,Weekday,3+ Cars,No injury/unknown,UNSAFE BACKING,E COTTAGE GROVE AVE,39.17264,-86.528272
902128968,2021,11,7,1200,Weekend,2-Car,No injury/unknown,DISREGARD SIGNAL/REG SIGN,COTTAGE GROVE & N GRANT ST,39.17264,-86.529696
902113603,2021,11,4,700,Weekday,2-Car,No injury/unknown,FAILURE TO YIELD RIGHT OF WAY,GATES & SR48W,39.17263031,-86.57347869
902092051,2021,9,2,900,Weekday,2-Car,No injury/unknown,UNSAFE BACKING,RANGE RD,39.17257033,-86.49535194
901960230,2021,1,1,1100,Weekend,2-Car,No injury/unknown,WRONG WAY ON ONE WAY,COTTAGE GROVE & INDIANA AVE,39.17256866,-86.52697412
902111508,2021,11,7,1600,Weekend,2-Car,No injury/unknown,FAILURE TO YIELD RIGHT OF WAY,COTTAGE GROVE & INDIANA AVE,39.17256027,-86.52696982
902106244,2021,10,5,1800,Weekday,Bus,No injury/unknown,FAILURE TO YIELD RIGHT OF WAY,COTTAGE GROVE & WOODLAWN AVE,39.1725301,-86.52351982
902008220,2021,4,2,1800,Weekday,2-Car,No injury/unknown,FOLLOWING TOO CLOSELY,COTTAGE GROVE & WALNUT ST,39.1725301,-86.53359018
902082982,2021,9,6,1600,Weekday,3+ Cars,No injury/unknown,DRIVER DISTRACTED - EXPLAIN IN NARRATIVE,COTTAGE GROVE & WALNUT ST,39.1725301,-86.53359018
901969081,2021,2,2,1300,Weekday,2-Car,No injury/unknown,FAILURE TO YIELD RIGHT OF WAY,COTTAGE GRV & FORREST,39.17252004,-86.5224
902072837,2021,8,1,1500,Weekend,1-Car,No injury/unknown,UNSAFE BACKING,COTTAGE & FORREST AVE,39.17252004,-86.5224
902114969,2021,11,5,1400,Weekday,2-Car,No injury/unknown,UNSAFE BACKING,COTTAGE GROVE AVE & FORREST,39.17252004,-86.52240865
902083105,2021,9,6,1700,Weekday,3+ Cars,Incapacitating,FOLLOWING TOO CLOSELY,SR46 & UNIONVILLE,39.17251405,-86.50278374
901991199,2021,3,2,1700,Weekday,1-Car,No injury/unknown,UNSAFE BACKING,NORTH FEE LN,39.17250261,-86.51898354
902008558,2021,4,3,2100,Weekday,1-Car,Incapacitating,UNSAFE SPEED,NORTH FEE LN,39.17250261,-86.51898354
902107263,2021,10,7,2100,Weekend,2-Car,No injury/unknown,UNSAFE BACKING,N FEE LN,39.17250261,-86.51898354
902119655,2021,11,5,1900,Weekday,1-Car,No injury/unknown,OTHER (DRIVER) - EXPLAIN IN NARRATIVE,NORTH FEE LN,39.17250261,-86.51898354
902001340,2021,4,2,1700,Weekday,3+ Cars,No injury/unknown,FOLLOWING TOO CLOSELY,E 10TH & SR46E,39.17239791,-86.5025346
902076471,2021,9,1,1800,Weekend,2-Car,No injury/unknown,,BARRINGTON DR,39.17236246,-86.48777671
902105696,2021,10,3,1600,Weekday,1-Car,No injury/unknown,,BARRINGTON DR,39.17236246,-86.48777671
902077579,2021,9,3,1700,Weekday,Pedestrian,Non-incapacitating,UNSAFE LANE MOVEMENT,LAW LN & UNION,39.17234033,-86.50956883
902091856,2021,9,2,900,Weekday,1-Car,No injury/unknown,OTHER (DRIVER) - EXPLAIN IN NARRATIVE,LAW & UNION ST,39.17234033,-86.50966018
902069343,2021,8,6,0,Weekday,2-Car,No injury/unknown,,E BARRINGTON DR,39.17219684,-86.48835472
902096217,2021,10,7,2300,Weekend,2-Car,No injury/unknown,OTHER (DRIVER) - EXPLAIN IN NARRATIVE,N UNION ST,39.172144,-86.509392
902115767,2021,11,6,400,Weekday,1-Car,No injury/unknown,ANIMAL/OBJECT IN ROADWAY,10TH & RANGE RD,39.17205331,-86.49530932
901973980,2021,2,5,700,Weekday,2-Car,No injury/unknown,FAILURE TO YIELD RIGHT OF WAY,10TH & COLLEGE AVE,39.17201865,-86.53476505
902140906,2021,11,4,1500,Weekday,2-Car,No injury/unknown,FOLLOWING TOO CLOSELY,10TH & COLLEGE AVE,39.17199118,-86.53476534
902060121,2021,7,3,2000,Weekday,2-Car,No injury/unknown,FAILURE TO YIELD RIGHT OF WAY,2ND & WALNUT ST,39.17197385,-86.53362974
901973629,2021,2,4,1000,Weekday,3+ Cars,Non-incapacitating,ACCELERATOR FAILURE OR DEFECTIVE,SO ROGERS ST & W 2ND,39.17197385,-86.53867028
902087522,2021,9,1,1400,Weekend,2-Car,No injury/unknown,FAILURE TO YIELD RIGHT OF WAY,2ND & EAST ALLEY OF WALNUT ST,39.17197334,-86.53362757
902039681,2021,6,3,1400,Weekday,2-Car,No injury/unknown,FOLLOWING TOO CLOSELY,CURRY PIKE & PROFILE,39.17196013,-86.5829797
902000690,2021,4,1,200,Weekend,2-Car,No injury/unknown,,10TH & PARK AVE,39.17192257,-86.52461686
902080206,2021,9,2,700,Weekday,2-Car,No injury/unknown,FOLLOWING TOO CLOSELY,10TH ST & GRANDVIEW,39.17189978,-86.48744009
902102293,2021,10,5,1600,Weekday,2-Car,Non-incapacitating,FOLLOWING TOO CLOSELY,10TH & SR46,39.17189797,-86.5022422
902093759,2021,10,5,1100,Weekday,2-Car,No injury/unknown,FOLLOWING TOO CLOSELY,COLLEGE AVE & KIRKWOOD,39.17188723,-86.53488032
902147731,2021,12,7,700,Weekend,1-Car,Non-incapacitating,ROADWAY SURFACE CONDITION,10TH ST & GRANDVIEW,39.17187203,-86.48713756
902115467,2021,11,6,800,Weekday,2-Car,No injury/unknown,IMPROPER LANE USAGE,N JACOB & WHITE HALL CROSSING BLVD,39.17183004,-86.57166011
902000540,2021,4,7,1200,Weekend,2-Car,Non-incapacitating,UNSAFE LANE MOVEMENT,N JACOB & W WHITEHALL CROSSING BLVD,39.17183004,-86.57167743
901997020,2021,3,5,2300,Weekday,2-Car,No injury/unknown,RAN OFF ROAD RIGHT,N PARK AVE,39.17174922,-86.52461127
901976953,2021,2,4,1500,Weekday,2-Car,Non-incapacitating,FOLLOWING TOO CLOSELY,10TH ST & GRANDVIEW,39.17174873,-86.48853997
902071307,2021,8,6,100,Weekday,1-Car,No injury/unknown,OTHER (DRIVER) - EXPLAIN IN NARRATIVE,10TH ST & COLLEGE,39.171744,-86.53441515