Master Record Number,Year,Month,Day,Hour,Weekend,Collision Type,Injury Type,Primary Factor,Reported_Location,Latitude,Longitude
901963913,2021,1,7,2200,Weekend,2-Car,No injury/unknown,FAILURE TO YIELD RIGHT OF WAY,N WALNUT & W 10TH ST,39.171744,-86.53352
902003744,2021,4,7,700,Weekend,Moped/Motorcycle,Non-incapacitating,DISREGARD SIGNAL/REG SIGN,10TH ST & WALNUT,39.171744,-86.53352
902042512,2021,6,4,800,Weekday,2-Car,No injury/unknown,DISREGARD SIGNAL/REG SIGN,10TH & WALNUT ST,39.171744,-86.53352
902078334,2021,9,4,1100,Weekday,2-Car,No injury/unknown,UNSAFE LANE MOVEMENT,10TH & N WALNUT ST,39.171744,-86.53352
902006037,2021,4,5,1300,Weekday,2-Car,No injury/unknown,,N COLLEGE AVE,39.171744,-86.534768
902028689,2021,5,6,1100,Weekday,2-Car,No injury/unknown,SPEED TOO FAST FOR WEATHER CONDITIONS,10TH & COLLEGE AVE,39.171744,-86.534768
902041115,2021,6,2,1000,Weekday,2-Car,No injury/unknown,FAILURE TO YIELD RIGHT OF WAY,10TH & COLLEGE AVE,39.171744,-86.534768
902047213,2021,7,6,1000,Weekday,2-Car,No injury/unknown,IMPROPER TURNING,10TH & COLLEGE AVE,39.171744,-86.534768
902089261,2021,9,4,900,Weekday,2-Car,No injury/unknown,IMPROPER LANE USAGE,N COLLEGE AVE & W 10TH,39.171744,-86.534768
902142219,2021,12,4,1700,Weekday,2-Car,No injury/unknown,IMPROPER TURNING,10TH & COLLEGE AVE,39.171744,-86.534768
901993318,2021,3,6,1900,Weekend,2-Car,No injury/unknown,UNSAFE BACKING,N MORTON ST,39.171744,-86.536
902078995,2021,9,6,800,Weekday,2-Car,No injury/unknown,DRIVER DISTRACTED - EXPLAIN IN NARRATIVE,10TH & N MORTON ST,39.171744,-86.536
902044334,2021,6,7,1600,Weekend,2-Car,No injury/unknown,FOLLOWING TOO CLOSELY,10TH ST & WASHINGTON,39.171728,-86.5324
902089480,2021,9,4,1700,Weekday,2-Car,No injury/unknown,FAILURE TO YIELD RIGHT OF WAY,10TH ST & WASHINGTON,39.171728,-86.5324
901957150,2021,1,6,2300,Weekend,2-Car,No injury/unknown,UNSAFE BACKING,10TH & LINCOLN ST,39.171712,-86.530992
902035017,2021,5,6,1600,Weekday,2-Car,No injury/unknown,IMPROPER TURNING,S FESS AVE,39.17170384,-86.52576065
901960515,2021,1,2,900,Weekday,2-Car,No injury/unknown,FAILURE TO YIELD RIGHT OF WAY,10TH ST & GRANT,39.171696,-86.529696
901999631,2021,4,5,2300,Weekday,2-Car,No injury/unknown,UNSAFE BACKING,10TH & GRANT ST,39.171696,-86.529696
902051138,2021,7,7,900,Weekend,2-Car,No injury/unknown,FAILURE TO YIELD RIGHT OF WAY,10TH ST & GRANT,39.171696,-86.529696
902063411,2021,8,3,1100,Weekday,2-Car,No injury/unknown,DRIVER DISTRACTED - EXPLAIN IN NARRATIVE,SR45N & TENTH,39.17169189,-86.53102874
902064650,2021,8,5,1700,Weekday,2-Car,No injury/unknown,DRIVER DISTRACTED - EXPLAIN IN NARRATIVE,10TH ST & 46,39.17169189,-86.53102874
902085565,2021,9,4,1800,Weekday,2-Car,No injury/unknown,FOLLOWING TOO CLOSELY,10TH & SR4546S,39.17169189,-86.53102874
902089435,2021,9,3,2100,Weekday,2-Car,No injury/unknown,FOLLOWING TOO CLOSELY,10TH & SR4546S,39.17169189,-86.53102874
902093119,2021,10,4,0,Weekday,2-Car,No injury/unknown,FOLLOWING TOO CLOSELY,10TH & SR46E,39.17169189,-86.53102874
902093476,2021,10,4,1900,Weekday,Bus,No injury/unknown,OTHER (DRIVER) - EXPLAIN IN NARRATIVE,10TH ST & SR4546S,39.17169189,-86.53102874
902093750,2021,10,5,1000,Weekday,2-Car,No injury/unknown,UNSAFE SPEED,10TH & SR46E,39.17169189,-86.53102874
902093458,2021,10,4,1700,Weekday,Moped/Motorcycle,No injury/unknown,FOLLOWING TOO CLOSELY,10TH ST & LINCOLN,39.1716899,-86.53103001
902101832,2021,10,5,1100,Weekday,2-Car,No injury/unknown,FAILURE TO YIELD RIGHT OF WAY,10TH ST & LINCOLN,39.1716899,-86.53103001
902136383,2021,12,3,1200,Weekday,1-Car,No injury/unknown,UNSAFE BACKING,EAST 10TH ST,39.17168118,-86.50658033
902138656,2021,12,7,2100,Weekend,2-Car,No injury/unknown,FAILURE TO YIELD RIGHT OF WAY,GRANT & TENTH ST,39.17168001,-86.52978264
902003957,2021,4,1,2200,Weekday,2-Car,Non-incapacitating,DRIVER DISTRACTED - EXPLAIN IN NARRATIVE,10TH ST & INDIANA,39.17168,-86.527024
902009440,2021,4,5,1000,Weekday,2-Car,No injury/unknown,DISREGARD SIGNAL/REG SIGN,E 10TH ST & N INDIANA,39.17168,-86.527024
902094779,2021,10,6,2000,Weekend,2-Car,Non-incapacitating,DISREGARD SIGNAL/REG SIGN,E 10TH ST & N INDIANA,39.17168,-86.527024
902126586,2021,11,2,1700,Weekday,2-Car,No injury/unknown,FAILURE TO YIELD RIGHT OF WAY,10TH & INDIANA AVE,39.17168,-86.527024
902134954,2021,12,6,1500,Weekday,3+ Cars,No injury/unknown,DISREGARD SIGNAL/REG SIGN,10TH ST & INDIANA,39.17168,-86.527024
901966757,2021,2,6,0,Weekday,2-Car,No injury/unknown,ROADWAY SURFACE CONDITION,10TH & N DUNN ST,39.17168,-86.528256
901958400,2021,1,3,2300,Weekday,2-Car,No injury/unknown,FAILURE TO YIELD RIGHT OF WAY,10TH ST & DUNN,39.17168,-86.528256
902095206,2021,10,1,100,Weekend,2-Car,No injury/unknown,FAILURE TO YIELD RIGHT OF WAY,10TH ST & DUNN,39.17168,-86.528256
902105697,2021,10,4,1100,Weekday,2-Car,No injury/unknown,FOLLOWING TOO CLOSELY,E 10TH ST & N DUNN,39.17168,-86.528256
902143199,2021,12,5,1700,Weekday,2-Car,Non-incapacitating,FOLLOWING TOO CLOSELY,DUNN & TENTH ST,39.17168,-86.528256
902004847,2021,4,3,1200,Weekday,2-Car,Incapacitating,FOLLOWING TOO CLOSELY,10TH & SR46N,39.17167282,-86.52827453
902072664,2021,8,7,2100,Weekend,2-Car,No injury/unknown,FOLLOWING TOO CLOSELY,10TH ST & BARRINGTON,39.17166978,-86.48929014
902075347,2021,8,5,2200,Weekday,2-Car,No injury/unknown,FOLLOWING TOO CLOSELY,E 10TH ST & E BARRINGTON,39.17166978,-86.48929014
902075737,2021,8,6,1500,Weekday,2-Car,Non-incapacitating,OTHER (DRIVER) - EXPLAIN IN NARRATIVE,BARRINGTON & E 10TH ST,39.17166978,-86.48929014
902077539,2021,9,3,1700,Weekday,2-Car,Non-incapacitating,FAILURE TO YIELD RIGHT OF WAY,10TH ST & BARRINGTON,39.17166978,-86.48929014
902094065,2021,10,4,1400,Weekday,2-Car,No injury/unknown,FAILURE TO YIELD RIGHT OF WAY,10TH ST & BARRINGTON,39.17166978,-86.48929014
902101328,2021,10,4,1100,Weekday,2-Car,No injury/unknown,FAILURE TO YIELD RIGHT OF WAY,BARRINGTON & E 10TH ST,39.17166978,-86.48929014
902149220,2021,12,3,500,Weekday,1-Car,Non-incapacitating,RAN OFF ROAD RIGHT,BARRINGTON DR & E 10TH,39.17166978,-86.48929014
901959157,2021,1,5,1400,Weekday,2-Car,No injury/unknown,FAILURE TO YIELD RIGHT OF WAY,10TH ST & GRANT,39.17166978,-86.52975998
902036463,2021,6,6,1500,Weekday,3+ Cars,Non-incapacitating,DISREGARD SIGNAL/REG SIGN,10TH ST & GRANT,39.17166978,-86.52975998
902006348,2021,4,6,1000,Weekday,2-Car,No injury/unknown,FAILURE TO YIELD RIGHT OF WAY,E 10TH ST & N FESS,39.171664,-86.52576
902089515,2021,9,4,1600,Weekday,2-Car,No injury/unknown,FOLLOWING TOO CLOSELY,10TH ST & INDIANA,39.17165972,-86.52696982
902132392,2021,12,6,0,Weekday,2-Car,No injury/unknown,FOLLOWING TOO CLOSELY,10TH ST & INDIANA,39.17165972,-86.52696982
902005581,2021,4,4,1800,Weekday,2-Car,No injury/unknown,FOLLOWING TOO CLOSELY,10TH ST & WALNUT,39.17165972,-86.53358012
902111809,2021,10,5,2000,Weekday,2-Car,No injury/unknown,FOLLOWING TOO CLOSELY,TENTH & WALNUT ST,39.17165972,-86.53358012
902019989,2021,5,4,1300,Weekday,2-Car,No injury/unknown,IMPROPER TURNING,10TH & COLLEGE AVE,39.17165972,-86.53483003
902116934,2021,11,2,1000,Weekday,2-Car,No injury/unknown,IMPROPER TURNING,10TH & COLLEGE AVE,39.17165972,-86.53483003
902133678,2021,12,1,2000,Weekday,2-Car,No injury/unknown,FAILURE TO YIELD RIGHT OF WAY,10TH & COLLEGE AVE,39.17165972,-86.53483003
902135984,2021,12,4,600,Weekday,2-Car,No injury/unknown,IMPROPER TURNING,EAST 10TH ST,39.17165503,-86.51853963
902105429,2021,10,4,1500,Weekday,1-Car,No injury/unknown,UNSAFE BACKING,E TENTH ST,39.17165369,-86.51814199
902002755,2021,4,5,1700,Weekday,2-Car,No injury/unknown,FAILURE TO YIELD RIGHT OF WAY,10TH ST & WASHINGTON,39.17165034,-86.53233021
902012736,2021,5,4,1700,Weekday,2-Car,No injury/unknown,FOLLOWING TOO CLOSELY,10TH ST & WASHINGTON,39.17165034,-86.53233021
902063743,2021,8,3,1500,Weekday,2-Car,Non-incapacitating,FAILURE TO YIELD RIGHT OF WAY,10TH ST & WASHINGTON,39.17165034,-86.53233021
902058220,2021,7,6,1500,Weekday,1-Car,Non-incapacitating,DRIVER ASLEEP OR FATIGUED,E 10TH ST & JEFFERSON,39.17164801,-86.50638231
902046039,2021,6,6,1200,Weekday,1-Car,No injury/unknown,OTHER (VEHICLE) - EXPLAIN IN NARRATIVE,10TH ST & JEFFERSON,39.171648,-86.50691158
902109784,2021,10,5,500,Weekday,1-Car,No injury/unknown,SPEED TOO FAST FOR WEATHER CONDITIONS,10TH ST & JEFFERSON,39.171648,-86.50694686
901954803,2021,1,3,1500,Weekday,2-Car,No injury/unknown,UNSAFE LANE MOVEMENT,E 10TH & SR46,39.171648,-86.502096
901972922,2021,2,2,1600,Weekday,2-Car,No injury/unknown,FOLLOWING TOO CLOSELY,E 10TH & SR46E,39.171648,-86.502096
902046827,2021,7,5,600,Weekday,2-Car,No injury/unknown,DRIVER ASLEEP OR FATIGUED,10TH & SR46N,39.171648,-86.502096
902102251,2021,10,5,2300,Weekday,2-Car,No injury/unknown,OTHER (DRIVER) - EXPLAIN IN NARRATIVE,SR45E & SR46,39.171648,-86.502096
902109394,2021,10,4,900,Weekday,2-Car,No injury/unknown,UNSAFE LANE MOVEMENT,10TH ST & SR46N,39.171648,-86.502096
902132546,2021,12,6,700,Weekday,2-Car,No injury/unknown,SPEED TOO FAST FOR WEATHER CONDITIONS,10TH & SR46E,39.171648,-86.502096
902110439,2021,10,5,2000,Weekday,2-Car,No injury/unknown,UNSAFE BACKING,E 10TH ST,39.171648,-86.50362639
901980620,2021,2,1,1700,Weekend,2-Car,No injury/unknown,,E 10TH ST,39.171648,-86.50435515
902094747,2021,10,6,1800,Weekday,1-Car,No injury/unknown,UNSAFE BACKING,E 10TH ST,39.171648,-86.50435515
901978869,2021,2,2,400,Weekday,1-Car,No injury/unknown,UNSAFE SPEED,E 10TH ST & N JEFFERSON,39.171648,-86.507088
902071813,2021,8,5,2000,Weekday,1-Car,No injury/unknown,UNSAFE SPEED,E 10TH ST & N JEFFERSON,39.171648,-86.507088
902131079,2021,12,4,700,Weekday,2-Car,No injury/unknown,FOLLOWING TOO CLOSELY,JEFFERSON & TENTH ST,39.171648,-86.507088
901983968,2021,3,3,1700,Weekday,2-Car,No injury/unknown,FAILURE TO YIELD RIGHT OF WAY,E 10TH ST & N PARK,39.171648,-86.524608
902057763,2021,7,5,1500,Weekday,3+ Cars,No injury/unknown,FOLLOWING TOO CLOSELY,10TH ST & PARK,39.171648,-86.524608
902012768,2021,5,4,2100,Weekday,2-Car,No injury/unknown,UNSAFE LANE MOVEMENT,10TH ST & SR46,39.17164438,-86.50191964
902050382,2021,7,5,1100,Weekday,2-Car,Non-incapacitating,FOLLOWING TOO CLOSELY,E 10TH ST,39.1716433,-86.50186748
901974762,2021,2,6,1200,Weekday,3+ Cars,Non-incapacitating,UNSAFE SPEED,10TH ST & WOODLAWN,39.17164028,-86.52349365
902002293,2021,4,4,2000,Weekday,2-Car,Non-incapacitating,FAILURE TO YIELD RIGHT OF WAY,10TH ST & WOODLAWN,39.17164028,-86.52349971
902034271,2021,6,3,800,Weekday,2-Car,Non-incapacitating,UNSAFE LANE MOVEMENT,10TH ST & WOODLAWN,39.17164028,-86.52349971
902057140,2021,7,4,1200,Weekday,2-Car,No injury/unknown,UNSAFE BACKING,10TH ST & WOODLAWN,39.17164028,-86.52349971
902088789,2021,9,2,1900,Weekday,Cyclist,Non-incapacitating,FAILURE TO YIELD RIGHT OF WAY,10TH ST & WOODLAWN,39.17164028,-86.52349971
902094147,2021,10,5,2100,Weekday,Moped/Motorcycle,Incapacitating,FAILURE TO YIELD RIGHT OF WAY,10TH ST & WOODLAWN,39.17164028,-86.52349971
902114270,2021,11,4,1900,Weekday,3+ Cars,No injury/unknown,DRIVER DISTRACTED - EXPLAIN IN NARRATIVE,10TH ST & WOODLAWN,39.17164028,-86.52349971
902079892,2021,9,1,1600,Weekend,2-Car,No injury/unknown,DRIVER DISTRACTED - EXPLAIN IN NARRATIVE,TENTH ST & WALNUT GROVE,39.17163221,-86.52137986
902015728,2021,5,3,1400,Weekday,2-Car,No injury/unknown,OTHER (DRIVER) - EXPLAIN IN NARRATIVE,10TH ST & WOODLAWN,39.171632,-86.523536
902071305,2021,8,5,0,Weekday,2-Car,No injury/unknown,FAILURE TO YIELD RIGHT OF WAY,10TH ST & WOODLAWN,39.171632,-86.523536
902046293,2021,7,4,800,Weekday,3+ Cars,No injury/unknown,OTHER (DRIVER) - EXPLAIN IN NARRATIVE,TENTH ST & WOODLAWN,39.171632,-86.523536
902073320,2021,8,2,1100,Weekday,3+ Cars,No injury/unknown,FOLLOWING TOO CLOSELY,10TH ST & WOODLAWN,39.171632,-86.523536
902087470,2021,9,1,1800,Weekend,1-Car,No injury/unknown,UNSAFE BACKING,E 10TH ST,39.171632,-86.523536
902089389,2021,9,4,1200,Weekday,2-Car,No injury/unknown,UNSAFE BACKING,10TH ST & WOODLAWN,39.171632,-86.523536
902097783,2021,10,4,1600,Weekday,1-Car,No injury/unknown,OTHER (DRIVER) - EXPLAIN IN NARRATIVE,E 10TH ST,39.171632,-86.523536
902104765,2021,10,3,1600,Weekday,2-Car,No injury/unknown,UNSAFE BACKING,EAST 10TH ST,39.171632,-86.523536
902143927,2021,12,6,1500,Weekday,Bus,No injury/unknown,FOLLOWING TOO CLOSELY,10TH & WOODLAWN AVE,39.171632,-86.523536
902071220,2021,8,4,1900,Weekday,2-Car,No injury/unknown,UNSAFE SPEED,10TH ST & FORREST,39.17163022,-86.52237989
902078836,2021,9,6,0,Weekday,1-Car,No injury/unknown,DRIVER DISTRACTED - EXPLAIN IN NARRATIVE,10TH ST & FORREST,39.17163022,-86.52237989
902119997,2021,11,6,1200,Weekday,2-Car,No injury/unknown,FAILURE TO YIELD RIGHT OF WAY,10TH ST & FORREST,39.17163022,-86.52237989
902129086,2021,11,7,1600,Weekend,2-Car,No injury/unknown,DISREGARD SIGNAL/REG SIGN,FEE LN & TENTH,39.17163013,-86.51902446
902131824,2021,12,5,0,Weekday,2-Car,No injury/unknown,UNSAFE BACKING,FEE & TENTH ST,39.17163011,-86.51901956
902066592,2021,8,2,1600,Weekday,2-Car,No injury/unknown,FAILURE TO YIELD RIGHT OF WAY,TENTH & WOODLAWN AVE,39.17162998,-86.52351778
901969419,2021,2,2,1700,Weekday,2-Car,Non-incapacitating,IMPROPER PASSING,10TH & N SMITH RD,39.17162407,-86.48129791
901958091,2021,1,3,1200,Weekday,2-Car,No injury/unknown,UNSAFE BACKING,EAST 10TH ST,39.17162087,-86.50077565
902005847,2021,4,4,1600,Weekday,2-Car,No injury/unknown,IMPROPER TURNING,E 10TH ST,39.17162087,-86.50077565
902093212,2021,10,4,700,Weekday,1-Car,No injury/unknown,UNSAFE BACKING,E 10TH ST,39.1716193,-86.50069948
902036152,2021,6,6,1000,Weekday,2-Car,No injury/unknown,UNSAFE SPEED,10TH ST & FEE,39.1716101,-86.51903273
902101023,2021,10,2,2000,Weekday,2-Car,No injury/unknown,FOLLOWING TOO CLOSELY,10TH ST & FEE,39.1716101,-86.51903273
902133273,2021,12,7,1700,Weekend,2-Car,No injury/unknown,FOLLOWING TOO CLOSELY,E 10TH ST & N FEE,39.1716101,-86.51903705
902076152,2021,8,7,1900,Weekend,2-Car,No injury/unknown,FOLLOWING TOO CLOSELY,10TH ST & FEE,39.1716101,-86.51906301
901966667,2021,1,5,1900,Weekday,2-Car,No injury/unknown,SPEED TOO FAST FOR WEATHER CONDITIONS,10TH ST & WALNUNT GROVE,39.1716101,-86.52099416
901985577,2021,3,4,1700,Weekday,3+ Cars,Non-incapacitating,FOLLOWING TOO CLOSELY,10TH ST & WALNUT GROVE,39.17160131,-86.52101949
901989475,2021,3,6,1100,Weekday,3+ Cars,No injury/unknown,DRIVER DISTRACTED - EXPLAIN IN NARRATIVE,10TH ST & WALNUT,39.1716,-86.520896
901995804,2021,3,4,1200,Weekday,2-Car,No injury/unknown,IMPROPER TURNING,TENTH ST & WALNUT,39.1716,-86.520896
902014202,2021,5,6,1600,Weekday,2-Car,No injury/unknown,FOLLOWING TOO CLOSELY,10TH ST & WALNUT GROVE,39.1716,-86.520896
902116838,2021,11,4,1300,Weekday,2-Car,Non-incapacitating,FOLLOWING TOO CLOSELY,TENTH ST & WALNUT,39.1716,-86.520896
902138039,2021,12,6,1400,Weekday,2-Car,No injury/unknown,FOLLOWING TOO CLOSELY,E 10TH ST & N WALNUT GROVE,39.1716,-86.520896
902097149,2021,10,3,1300,Weekday,2-Car,No injury/unknown,UNSAFE BACKING,1309 E 10TH (DOCK) ST & NORTH FEE,39.17159884,-86.51902426
902091211,2021,9,1,2300,Weekday,2-Car,No injury/unknown,UNSAFE BACKING,JORDAN & TENTH ST,39.17159746,-86.51259531
902028228,2021,5,5,1200,Weekday,2-Car,No injury/unknown,UNSAFE BACKING,1320 E 10TH (S PARKING LOT) ST & JORDAN,39.1715952,-86.51566449
901981863,2021,3,6,1700,Weekday,2-Car,No injury/unknown,FOLLOWING TOO CLOSELY,10TH ST & CAMPBELL,39.17158999,-86.51394031
901963161,2021,1,6,1200,Weekday,Pedestrian,Non-incapacitating,FAILURE TO YIELD RIGHT OF WAY,10TH ST & JORDAN,39.17158999,-86.51563433
902109031,2021,10,3,2200,Weekday,3+ Cars,No injury/unknown,FOLLOWING TOO CLOSELY,10TH ST & JORDAN,39.17158999,-86.5156473
902110556,2021,10,5,2300,Weekday,1-Car,No injury/unknown,SPEED TOO FAST FOR WEATHER CONDITIONS,10TH ST & JORDAN,39.17158999,-86.51565163
902124030,2021,11,5,1800,Weekday,Pedestrian,No injury/unknown,SPEED TOO FAST FOR WEATHER CONDITIONS,10TH ST & JORDAN,39.17158999,-86.51565163
901979493,2021,2,2,1700,Weekday,3+ Cars,No injury/unknown,DRIVER DISTRACTED - EXPLAIN IN NARRATIVE,10TH & JORDAN AVE,39.17158999,-86.51566028
902005571,2021,4,4,1900,Weekday,Bus,No injury/unknown,FAILURE TO YIELD RIGHT OF WAY,10TH & JORDAN AVE,39.17158999,-86.51566028
902085839,2021,9,5,800,Weekday,Bus,No injury/unknown,SPEED TOO FAST FOR WEATHER CONDITIONS,10TH & JORDAN AVE,39.17158999,-86.51566028
901996876,2021,3,6,1400,Weekday,1-Car,No injury/unknown,OVERCORRECTING/OVERSTEERING,10TH ST,39.17158931,-86.50409527
902107470,2021,10,6,700,Weekday,2-Car,No injury/unknown,UNSAFE BACKING,E 10TH ST,39.17158931,-86.50409527
902004041,2021,4,6,900,Weekday,2-Car,No injury/unknown,UNSAFE BACKING,1315 N FEE (PARKING LOT) LN & FEE,39.171584,-86.518688
902104546,2021,10,3,900,Weekday,2-Car,Non-incapacitating,UNSAFE SPEED,10TH ST & FEE,39.171584,-86.518688
902069379,2021,8,1,1900,Weekday,2-Car,No injury/unknown,FOLLOWING TOO CLOSELY,10TH ST & SUNRISE,39.17157993,-86.51247639
901981291,2021,2,5,2000,Weekday,3+ Cars,No injury/unknown,DRIVER DISTRACTED - EXPLAIN IN NARRATIVE,10TH ST & SUNRISE,39.17157993,-86.51247985
901982111,2021,3,7,1600,Weekend,2-Car,No injury/unknown,FOLLOWING TOO CLOSELY,10TH ST & SUNRISE,39.17157993,-86.51247985
901998085,2021,4,2,1800,Weekday,2-Car,No injury/unknown,DISREGARD SIGNAL/REG SIGN,10TH ST & SUNRISE,39.17157993,-86.51247985
902080497,2021,9,7,1600,Weekend,Cyclist,Non-incapacitating,FAILURE TO YIELD RIGHT OF WAY,10TH & SUNRISE DR,39.17157993,-86.51247985
901977909,2021,2,6,1200,Weekday,2-Car,No injury/unknown,FAILURE TO YIELD RIGHT OF WAY,10TH ST & SUNRISE,39.17157993,-86.51249715
902003272,2021,4,6,1600,Weekday,2-Car,No injury/unknown,FAILURE TO YIELD RIGHT OF WAY,E 10TH ST & N SUNRISE,39.17157993,-86.51250581
902013040,2021,5,5,1200,Weekday,2-Car,No injury/unknown,UNSAFE BACKING,E 10TH ST,39.17157943,-86.51826514
901959318,2021,1,5,1500,Weekday,2-Car,No injury/unknown,IMPROPER PASSING,E 10TH ST,39.17157747,-86.51808392
901962538,2021,1,4,1900,Weekday,2-Car,No injury/unknown,OTHER (VEHICLE) - EXPLAIN IN NARRATIVE,E 10TH ST,39.17157747,-86.51808392
902012804,2021,5,4,2300,Weekday,2-Car,No injury/unknown,UNSAFE BACKING,E 10TH ST,39.17157747,-86.51808392
902126355,2021,11,2,1200,Weekday,2-Car,No injury/unknown,UNSAFE BACKING,EAST 10TH ST,39.17157747,-86.51808392
902131119,2021,12,4,700,Weekday,2-Car,No injury/unknown,UNSAFE SPEED,10TH ST & FEE,39.17157638,-86.51798237
901961391,2021,1,3,1700,Weekday,2-Car,No injury/unknown,UNSAFE LANE MOVEMENT,TENTH & UNION ST,39.17157235,-86.50945322
901965549,2021,1,3,1900,Weekday,2-Car,No injury/unknown,DRIVER DISTRACTED - EXPLAIN IN NARRATIVE,TENTH & UNION ST,39.17157235,-86.50945322
902132820,2021,12,6,1300,Weekday,2-Car,No injury/unknown,SPEED TOO FAST FOR WEATHER CONDITIONS,TENTH ST & UNION,39.17157235,-86.50945322
902068688,2021,8,6,1600,Weekday,2-Car,No injury/unknown,FOLLOWING TOO CLOSELY,SR46 & UNIONVILLE,39.17156644,-86.50228603
902081413,2021,9,3,1700,Weekday,3+ Cars,No injury/unknown,FOLLOWING TOO CLOSELY,SR45 & SR46,39.1715658,-86.50228603
902135412,2021,12,4,900,Weekday,2-Car,No injury/unknown,SPEED TOO FAST FOR WEATHER CONDITIONS,SR45 & SR46,39.1715658,-86.50228603
902144070,2021,12,6,1900,Weekend,3+ Cars,No injury/unknown,FOLLOWING TOO CLOSELY,SR46 & UNIONVILLE,39.1715658,-86.50228603
902005723,2021,4,5,800,Weekday,2-Car,No injury/unknown,OTHER (VEHICLE) - EXPLAIN IN NARRATIVE,E TENTH ST,39.17156383,-86.51814334
901961033,2021,1,3,700,Weekday,2-Car,Non-incapacitating,OTHER (DRIVER) - EXPLAIN IN NARRATIVE,JORDAN & TENTH ST,39.171552,-86.515728
902006935,2021,4,7,1500,Weekend,2-Car,No injury/unknown,UNSAFE SPEED,10TH & WOODBRIDGE DR,39.17154975,-86.49086996
902071234,2021,8,4,1500,Weekday,Moped/Motorcycle,Non-incapacitating,FAILURE TO YIELD RIGHT OF WAY,10TH ST & JOHN HINKLE,39.17154975,-86.49086996
902071863,2021,8,5,2100,Weekday,2-Car,Non-incapacitating,FAILURE TO YIELD RIGHT OF WAY,EAST 10TH ST & WOODBRIDGE,39.17154975,-86.49086996
902079719,2021,9,1,0,Weekend,2-Car,No injury/unknown,FAILURE TO YIELD RIGHT OF WAY,10TH ST & N DRIVE TO HILLTOP GARDENS,39.17154975,-86.50485031
902056966,2021,7,4,1200,Weekday,2-Car,No injury/unknown,UNSAFE BACKING,TENTH ST & UNION,39.17154975,-86.50943905
901997582,2021,3,6,1400,Weekday,2-Car,No injury/unknown,UNSAFE BACKING,10TH & UNION ST,39.17154975,-86.5094503
902071672,2021,8,5,1500,Weekday,Bus,No injury/unknown,DRIVER DISTRACTED - EXPLAIN IN NARRATIVE,10TH ST & UNION,39.17154975,-86.5094503
902129182,2021,11,7,2200,Weekend,2-Car,Non-incapacitating,FOLLOWING TOO CLOSELY,10TH ST & UNION,39.17154975,-86.5094503
902115145,2021,11,5,2100,Weekday,2-Car,No injury/unknown,FOLLOWING TOO CLOSELY,10TH ST & UNION,39.17154975,-86.50945462
902017157,2021,5,5,1700,Weekday,Pedestrian,Incapacitating,FAILURE TO YIELD RIGHT OF WAY,10TH ST & UNION,39.17154975,-86.50945678
901955858,2021,1,5,1500,Weekday,2-Car,No injury/unknown,FOLLOWING TOO CLOSELY,10TH & 45 46 BYPASS ST,39.17153031,-86.50220967
902021780,2021,5,7,1600,Weekend,2-Car,No injury/unknown,FOLLOWING TOO CLOSELY,10TH ST & 45 46,39.17153031,-86.50220967
902076454,2021,9,1,1500,Weekend,2-Car,No injury/unknown,FOLLOWING TOO CLOSELY,10TH & 45 46 BYP,39.17153031,-86.50220967
902096904,2021,10,3,1500,Weekday,2-Car,No injury/unknown,DRIVER DISTRACTED - EXPLAIN IN NARRATIVE,10TH ST & 45 46,39.17153031,-86.50220967
902107560,2021,10,1,1800,Weekend,2-Car,Non-incapacitating,FOLLOWING TOO CLOSELY,10TH ST & 45 46,39.17153031,-86.50220967
901973339,2021,2,3,1400,Weekday,2-Car,No injury/unknown,UNSAFE LANE MOVEMENT,EAST TENTH ST & STATE ROAD 45 46,39.17152876,-86.50224706
901974849,2021,2,6,1700,Weekday,2-Car,No injury/unknown,FOLLOWING TOO CLOSELY,E 10TH ST & JORDAN,39.1715274,-86.51396405
902016164,2021,5,3,1300,Weekday,Cyclist,Non-incapacitating,FOLLOWING TOO CLOSELY,SR45 & SR46,39.17152599,-86.49774101
902123283,2021,11,4,1400,Weekday,3+ Cars,No injury/unknown,FAILURE TO YIELD RIGHT OF WAY,EAST TENTH ST,39.17150684,-86.5092726
902085587,2021,9,4,1600,Weekday,2-Car,No injury/unknown,IMPROPER PASSING,E 10TH ST & RANGE,39.171504,-86.49478273
901958840,2021,1,1,1800,Weekend,3+ Cars,No injury/unknown,FOLLOWING TOO CLOSELY,10 ST & PETE ELLIS,39.171504,-86.495312
901960250,2021,1,4,1800,Weekday,2-Car,No injury/unknown,FOLLOWING TOO CLOSELY,10TH ST & PETE ELLIS,39.171504,-86.495312
902033370,2021,6,1,1000,Weekend,2-Car,No injury/unknown,DISREGARD SIGNAL/REG SIGN,10TH ST & RANGE,39.171504,-86.495312
902008328,2021,4,3,1600,Weekday,Cyclist,Non-incapacitating,FAILURE TO YIELD RIGHT OF WAY,10TH ST & RANGE,39.171504,-86.495312