Master Record Number,Year,Month,Day,Hour,Weekend,Collision Type,Injury Type,Primary Factor,Reported_Location,Latitude,Longitude
902083077,2021,9,6,1700,Weekday,2-Car,Non-incapacitating,FAILURE TO YIELD RIGHT OF WAY,RANGE & SR46E,39.171504,-86.495312
902122821,2021,11,3,1200,Weekday,2-Car,No injury/unknown,FOLLOWING TOO CLOSELY,E 10TH ST & PETE ELLIS,39.171504,-86.495312
901981280,2021,2,5,1900,Weekday,2-Car,No injury/unknown,UNSAFE BACKING,E 10TH ST,39.171504,-86.512288
902029790,2021,6,1,1700,Weekend,2-Car,No injury/unknown,UNSAFE BACKING,E 10TH ST,39.171504,-86.512288
902013272,2021,5,5,1600,Weekday,2-Car,No injury/unknown,FAILURE TO YIELD RIGHT OF WAY,E 10TH ST,39.171504,-86.512288
902037888,2021,6,2,1900,Weekday,2-Car,No injury/unknown,UNSAFE BACKING,BLOCK OF EAST 10TH ST,39.171504,-86.512288
902063957,2021,8,3,1300,Weekday,2-Car,No injury/unknown,UNSAFE BACKING,EAST 10TH ST,39.171504,-86.512288
902081782,2021,9,4,2000,Weekday,1-Car,No injury/unknown,OTHER (DRIVER) - EXPLAIN IN NARRATIVE,E 10TH ST,39.171504,-86.512288
902114968,2021,11,5,900,Weekday,2-Car,No injury/unknown,,E 10TH ST,39.17149326,-86.51131082
901980065,2021,2,3,1700,Weekday,3+ Cars,Non-incapacitating,DISREGARD SIGNAL/REG SIGN,10TH ST & PETE ELLIS,39.17149007,-86.4953801
901993300,2021,3,6,1900,Weekend,2-Car,No injury/unknown,DISREGARD SIGNAL/REG SIGN,10TH ST & RANGE,39.17149007,-86.4953801
902028828,2021,5,6,1300,Weekday,2-Car,No injury/unknown,UNSAFE SPEED,10TH ST & PETE ELLIS,39.17149007,-86.4953801
902098653,2021,10,6,800,Weekday,1-Car,No injury/unknown,UNSAFE BACKING,10TH ST & RANGE,39.17149007,-86.4953801
902125870,2021,11,1,1500,Weekend,2-Car,Non-incapacitating,DISREGARD SIGNAL/REG SIGN,10TH ST & PETE ELLIS,39.17149007,-86.4953801
902129149,2021,11,7,500,Weekend,1-Car,No injury/unknown,ANIMAL/OBJECT IN ROADWAY,10TH ST & PETE ELLIS,39.17149007,-86.4953974
902086596,2021,9,6,1300,Weekday,1-Car,No injury/unknown,UNSAFE BACKING,2931 E 10TH (LOT) ST & NORTH RANGE,39.17148598,-86.49537255
901974345,2021,2,5,1800,Weekday,2-Car,Non-incapacitating,FOLLOWING TOO CLOSELY,E 10TH ST & UNION,39.17148364,-86.51043443
902106317,2021,10,5,2000,Weekday,2-Car,No injury/unknown,IMPROPER TURNING,E 10TH ST,39.17148317,-86.51039227
902141575,2021,12,4,1400,Weekday,2-Car,No injury/unknown,IMPROPER TURNING,10TH ST,39.17148166,-86.51025546
902058151,2021,7,6,1400,Weekday,2-Car,No injury/unknown,UNSAFE BACKING,E 10TH ST,39.17148145,-86.51023592
902018357,2021,5,1,1800,Weekend,2-Car,No injury/unknown,FOLLOWING TOO CLOSELY,10TH ST & UNION,39.17147782,-86.50990522
901954186,2021,1,2,1300,Weekday,2-Car,No injury/unknown,UNSAFE BACKING,N UNION ST,39.171472,-86.509376
901960898,2021,1,2,2200,Weekday,1-Car,No injury/unknown,IMPROPER TURNING,E 10TH & UNION ST,39.171472,-86.509376
902003590,2021,4,6,2200,Weekend,2-Car,No injury/unknown,UNSAFE BACKING,E 10TH ST,39.171472,-86.509376
902003625,2021,4,6,2100,Weekend,2-Car,Non-incapacitating,FAILURE TO YIELD RIGHT OF WAY,E 10TH ST,39.171472,-86.509376
902070117,2021,8,2,2000,Weekday,2-Car,No injury/unknown,FAILURE TO YIELD RIGHT OF WAY,E 10TH ST,39.171472,-86.509376
902071669,2021,8,5,1500,Weekday,2-Car,No injury/unknown,UNSAFE BACKING,N UNION ST,39.171472,-86.509376
902056122,2021,7,2,2300,Weekday,Moped/Motorcycle,Non-incapacitating,UNSAFE SPEED,10TH ST & UNION,39.171472,-86.509376
902073928,2021,8,3,1100,Weekday,2-Car,No injury/unknown,FAILURE TO YIELD RIGHT OF WAY,10TH & UNION ST,39.171472,-86.509376
902047463,2021,7,6,1600,Weekday,Moped/Motorcycle,Non-incapacitating,OTHER (DRIVER) - EXPLAIN IN NARRATIVE,PETE ELLIS DR & SR45,39.17146144,-86.49541336
902144077,2021,12,6,1900,Weekend,2-Car,No injury/unknown,UNSAFE LANE MOVEMENT,PETE ELLIS DR & SR45,39.17146144,-86.49541336
902008308,2021,4,2,2200,Weekday,2-Car,No injury/unknown,FOLLOWING TOO CLOSELY,10TH & JORDAN AVE,39.17144254,-86.51574009
902006978,2021,4,1,100,Weekend,1-Car,No injury/unknown,OTHER (DRIVER) - EXPLAIN IN NARRATIVE,W 10TH ST,39.17144,-86.548192
902079315,2021,9,6,1800,Weekday,2-Car,No injury/unknown,OTHER (DRIVER) - EXPLAIN IN NARRATIVE,EAST 10TH ST,39.17144,-86.548192
902135566,2021,12,6,1300,Weekday,2-Car,Non-incapacitating,SPEED TOO FAST FOR WEATHER CONDITIONS,800 NORTH SMITH RD & MEADOW BROOK APT,39.171425,-86.479675
902132824,2021,12,6,1300,Weekday,1-Car,No injury/unknown,SPEED TOO FAST FOR WEATHER CONDITIONS,10TH ST & JEFFERSON,39.17141028,-86.50722728
902073077,2021,8,1,1200,Weekend,2-Car,No injury/unknown,OTHER (DRIVER) - EXPLAIN IN NARRATIVE,N WALNUT ST,39.17132767,-86.53352555
901967109,2021,2,6,1300,Weekday,2-Car,No injury/unknown,UNSAFE BACKING,EAST 10TH ST,39.171312,-86.5492
901980378,2021,2,4,1100,Weekday,2-Car,No injury/unknown,UNSAFE BACKING,10TH ST,39.171312,-86.5492
902038679,2021,6,4,700,Weekday,2-Car,No injury/unknown,UNSAFE BACKING,EAST 10TH ST,39.171312,-86.5492
902110261,2021,10,5,1400,Weekday,1-Car,No injury/unknown,UNSAFE BACKING,E 10TH ST,39.171312,-86.5492
902013382,2021,5,5,2200,Weekday,1-Car,No injury/unknown,UNSAFE BACKING,N GATES DR,39.17126846,-86.57679748
902019936,2021,5,4,900,Weekday,2-Car,No injury/unknown,FAILURE TO YIELD RIGHT OF WAY,N SMITH RD,39.171248,-86.481328
901966545,2021,1,4,2200,Weekday,2-Car,No injury/unknown,IMPROPER LANE USAGE,10TH & UNION ST,39.17119738,-86.50937067
902071861,2021,8,5,2200,Weekday,1-Car,No injury/unknown,UNSAFE BACKING,WALNUT ST,39.17115625,-86.53352784
902114380,2021,11,3,900,Weekday,2-Car,No injury/unknown,FAILURE TO YIELD RIGHT OF WAY,10TH & UNION ST,39.17106006,-86.509368
902072945,2021,8,1,1700,Weekend,2-Car,Incapacitating,FOLLOWING TOO CLOSELY,SR46 & UNIONVILLE,39.17098821,-86.5019736
902089504,2021,9,4,1400,Weekday,2-Car,No injury/unknown,UNSAFE BACKING,S COLLEGE AVE,39.17088686,-86.534768
902127199,2021,11,3,1400,Weekday,2-Car,No injury/unknown,FAILURE TO YIELD RIGHT OF WAY,S COLLEGE AVE,39.17088686,-86.534768
902116824,2021,11,1,1300,Weekend,2-Car,Non-incapacitating,DRIVER DISTRACTED - EXPLAIN IN NARRATIVE,E 10TH & SR46E,39.17088014,-86.50171207
902030547,2021,6,2,2000,Weekday,2-Car,No injury/unknown,UNSAFE BACKING,N WALNUT ST,39.17086237,-86.53353176
902005085,2021,4,3,1800,Weekday,2-Car,No injury/unknown,DRIVER DISTRACTED - EXPLAIN IN NARRATIVE,E HILLSIDE DR,39.170848,-86.503696
902075606,2021,8,6,1200,Weekday,2-Car,No injury/unknown,UNSAFE BACKING,E HILLSIDE DR,39.170848,-86.503696
901993153,2021,3,6,1400,Weekday,2-Car,No injury/unknown,OTHER (DRIVER) - EXPLAIN IN NARRATIVE,4TH & GRANT ST,39.17084706,-86.52981966
901962594,2021,1,5,1500,Weekday,2-Car,No injury/unknown,OTHER (DRIVER) - EXPLAIN IN NARRATIVE,N WALNUT ST,39.17073992,-86.53353339
901999368,2021,4,5,1100,Weekday,Bus,No injury/unknown,IMPROPER TURNING,E JOHN HINKLE & N PETE ELLIS DR,39.17072,-86.4956
902086728,2021,9,6,1700,Weekday,2-Car,No injury/unknown,SPEED TOO FAST FOR WEATHER CONDITIONS,JOHN HINKLE & PETE ELLIS DR,39.17072,-86.4956
902086683,2021,9,6,1600,Weekday,3+ Cars,No injury/unknown,FOLLOWING TOO CLOSELY,9TH & WALNUT ST,39.17068132,-86.53353417
902049902,2021,7,4,1600,Weekday,2-Car,No injury/unknown,UNSAFE BACKING,N PARK AVE,39.17058906,-86.52456196
901973179,2021,2,3,1200,Weekday,2-Car,No injury/unknown,UNSAFE BACKING,N JACOBS DR,39.17057008,-86.5723139
901981375,2021,2,4,1100,Weekday,2-Car,No injury/unknown,UNSAFE BACKING,N JACOBS DR,39.17057008,-86.5723139
902036796,2021,6,6,1000,Weekday,2-Car,Non-incapacitating,UNSAFE BACKING,N JACOB DR,39.17057008,-86.5723139
902045510,2021,7,3,700,Weekday,1-Car,No injury/unknown,OTHER (DRIVER) - EXPLAIN IN NARRATIVE,NINTH ST & WOODLAWN,39.170544,-86.523488
901954693,2021,1,3,800,Weekday,2-Car,No injury/unknown,OTHER (DRIVER) - EXPLAIN IN NARRATIVE,9TH ST & PARK,39.170544,-86.52456
902031722,2021,6,4,1400,Weekday,2-Car,No injury/unknown,UNSAFE BACKING,E 9TH ST,39.170544,-86.52793437
902048277,2021,7,2,700,Weekday,2-Car,No injury/unknown,,501 N DUNN ST & 9TH,39.170544,-86.52824
902072638,2021,8,7,1900,Weekend,2-Car,No injury/unknown,UNSAFE BACKING,BLOCK OF DUNN ST,39.170544,-86.52824
902076591,2021,9,2,1000,Weekday,Cyclist,Non-incapacitating,PEDESTRIAN ACTION,9TH & N DUNN ST,39.170544,-86.52824
902071591,2021,8,4,1600,Weekday,2-Car,No injury/unknown,FAILURE TO YIELD RIGHT OF WAY,E 9TH ST & GRANT,39.170544,-86.529696
902013843,2021,5,6,1800,Weekday,2-Car,No injury/unknown,SPEED TOO FAST FOR WEATHER CONDITIONS,W 9TH ST & WALNUT,39.170544,-86.533536
902058575,2021,7,7,1900,Weekend,Pedestrian,Non-incapacitating,FAILURE TO YIELD RIGHT OF WAY,E 9TH ST & WALNUT,39.170544,-86.533536
901967052,2021,1,5,1800,Weekday,Bus,No injury/unknown,SPEED TOO FAST FOR WEATHER CONDITIONS,9TH & NORTH COLLEGE AVE,39.170544,-86.534768
901985134,2021,3,4,1100,Weekday,2-Car,No injury/unknown,FAILURE TO YIELD RIGHT OF WAY,N COLLEGE AVE & W 9TH,39.170544,-86.534768
901993472,2021,3,7,1000,Weekend,2-Car,Non-incapacitating,FAILURE TO YIELD RIGHT OF WAY,9TH & N COLLEGE AVE,39.170544,-86.534768
901956627,2021,1,7,1400,Weekend,1-Car,No injury/unknown,OTHER (DRIVER) - EXPLAIN IN NARRATIVE,EAST JOHN HINKLE PL,39.17053986,-86.49426269
902020165,2021,5,4,1500,Weekday,2-Car,No injury/unknown,FAILURE TO YIELD RIGHT OF WAY,9TH & GRANT ST,39.1704601,-86.52977004
901961970,2021,1,4,1800,Weekday,2-Car,No injury/unknown,FOLLOWING TOO CLOSELY,9TH & WALNUT ST,39.1704601,-86.53356
901962525,2021,1,4,1700,Weekday,2-Car,No injury/unknown,IMPROPER TURNING,9TH & WALNUT ST,39.1704601,-86.53356
902075766,2021,8,6,1600,Weekday,2-Car,No injury/unknown,FOLLOWING TOO CLOSELY,9TH & WALNUT ST,39.1704601,-86.53356
901971294,2021,2,5,1800,Weekday,2-Car,No injury/unknown,FAILURE TO YIELD RIGHT OF WAY,9TH & COLLEGE AVE,39.1704601,-86.53485015
902099468,2021,10,7,2200,Weekend,2-Car,No injury/unknown,UNSAFE LANE MOVEMENT,9TH & COLLEGE AVE,39.1704601,-86.53485015
901955370,2021,1,3,1400,Weekday,2-Car,No injury/unknown,IMPROPER LANE USAGE,9TH ST & WOODLAWN,39.17042993,-86.52349971
902123007,2021,11,4,0,Weekday,2-Car,No injury/unknown,,HILLSDALE & HILLSDALE DR,39.17040712,-86.50305993
902129554,2021,12,2,600,Weekday,1-Car,No injury/unknown,ANIMAL/OBJECT IN ROADWAY,BOTTOM & SR37N,39.17035524,-86.55792236
901983665,2021,3,3,1300,Weekday,2-Car,No injury/unknown,UNSAFE BACKING,NORTH JACOB DR,39.1702919,-86.57196044
901995517,2021,3,3,1900,Weekday,2-Car,No injury/unknown,FAILURE TO YIELD RIGHT OF WAY,EASTGATE & SR4546N,39.17024,-86.501392
902144052,2021,12,6,1800,Weekday,3+ Cars,Non-incapacitating,BRAKE FAILURE OR DEFECTIVE,EASTGATE & SR45N,39.17024,-86.501392
902081353,2021,9,3,800,Weekday,2-Car,No injury/unknown,UNSAFE BACKING,8TH & HOPEWELL ST,39.17022931,-86.552192
902084032,2021,9,2,900,Weekday,2-Car,No injury/unknown,UNSAFE BACKING,E EASTGATE LN,39.170159,-86.501186
902094526,2021,10,6,1400,Weekday,2-Car,No injury/unknown,DRIVER DISTRACTED - EXPLAIN IN NARRATIVE,EASTGATE & SR45S,39.17015076,-86.5014801
902043475,2021,6,4,1600,Weekday,2-Car,No injury/unknown,FAILURE TO YIELD RIGHT OF WAY,N DANIELS WAY & ZENITTH,39.17015031,-86.59829981
901971066,2021,2,5,1000,Weekday,2-Car,No injury/unknown,UNSAFE BACKING,N PARK RIDGE RD,39.170144,-86.474896
902112738,2021,11,2,1200,Weekday,2-Car,No injury/unknown,,N COLLEGE AVE,39.17009861,-86.53477518
902156514,2021,12,1,300,Weekend,2-Car,No injury/unknown,UNSAFE BACKING,NORTH WALNUT ST,39.17002869,-86.53322601
902125524,2021,11,7,1000,Weekend,1-Car,No injury/unknown,UNSAFE BACKING,SOUTH WALNUT ST,39.16999739,-86.53354482
902009642,2021,4,5,1400,Weekday,2-Car,No injury/unknown,FAILURE TO YIELD RIGHT OF WAY,CATHCART & SOUTH WILCOX ST,39.1699906,-86.49986006
902067645,2021,8,4,1400,Weekday,1-Car,No injury/unknown,DRIVER ILLNESS,NORTH COLLEGE AVE,39.16997528,-86.53449249
902058998,2021,7,1,1300,Weekend,2-Car,No injury/unknown,UNSAFE BACKING,GATES DR,39.1698761,-86.57495117
902072640,2021,8,7,1800,Weekend,2-Car,No injury/unknown,UNSAFE BACKING,NORTH GATES DR,39.1698761,-86.57495117
901968194,2021,2,1,1200,Weekend,2-Car,No injury/unknown,IMPROPER TURNING,8TH & N COLLEGE AVE,39.16982663,-86.53477957
902099895,2021,10,1,1100,Weekend,2-Car,No injury/unknown,FOLLOWING TOO CLOSELY,8TH & COLLEGE AVE,39.16982663,-86.53477957
901950578,2021,1,3,100,Weekday,1-Car,No injury/unknown,OVERCORRECTING/OVERSTEERING,W SMITH AVE,39.1698213,-86.48138871
902081354,2021,9,3,1200,Weekday,2-Car,No injury/unknown,OTHER (DRIVER) - EXPLAIN IN NARRATIVE,BELL TRACE CIR,39.16973121,-86.49048909
901955676,2021,1,4,1300,Weekday,1-Car,No injury/unknown,OTHER (VEHICLE) - EXPLAIN IN NARRATIVE,WEST 8TH TRLR 6 ST,39.16972931,-86.55493061
902098671,2021,10,5,1400,Weekday,2-Car,No injury/unknown,OTHER (DRIVER) - EXPLAIN IN NARRATIVE,SEVENTH & UNION ST,39.16970103,-86.50943432
902144163,2021,12,7,1500,Weekend,2-Car,No injury/unknown,OTHER (DRIVER) - EXPLAIN IN NARRATIVE,8TH & WALNUT ST,39.16968932,-86.53354979
902075135,2021,8,2,1600,Weekday,1-Car,No injury/unknown,UNSAFE BACKING,WALNUT ST,39.1696883,-86.53351038
902098988,2021,10,6,1600,Weekday,2-Car,Non-incapacitating,FAILURE TO YIELD RIGHT OF WAY,EAST 8TH & NORTH DUNN ST,39.169648,-86.52824
901956594,2021,1,7,1200,Weekend,2-Car,No injury/unknown,UNSAFE BACKING,NORTH JORDAN AVE,39.16964203,-86.51621751
901981464,2021,2,2,1900,Weekday,2-Car,No injury/unknown,,E 8TH ST & INDIANA,39.169616,-86.52696
901965350,2021,1,3,1200,Weekday,2-Car,No injury/unknown,DRIVER DISTRACTED - EXPLAIN IN NARRATIVE,EAST 8TH ST,39.169616,-86.5432
901977015,2021,2,4,1400,Weekday,2-Car,No injury/unknown,,N ROGERS,39.16961371,-86.53857567
902076598,2021,9,2,1000,Weekday,2-Car,No injury/unknown,FAILURE TO YIELD RIGHT OF WAY,N PETE ELLIS DR,39.169584,-86.495904
901989024,2021,3,5,1200,Weekday,2-Car,No injury/unknown,FAILURE TO YIELD RIGHT OF WAY,8TH & N ROGERS ST,39.169584,-86.538576
902085172,2021,9,4,800,Weekday,2-Car,No injury/unknown,FAILURE TO YIELD RIGHT OF WAY,8TH & S ROGERS ST,39.169584,-86.538576
902101482,2021,10,4,1700,Weekday,2-Car,No injury/unknown,FAILURE TO YIELD RIGHT OF WAY,8TH & ROGERS ST,39.169584,-86.538576
902116607,2021,11,1,1500,Weekend,Moped/Motorcycle,Fatal,LEFT OF CENTER,SR48W & VERNAL,39.1695645,-86.67307377
902044514,2021,6,1,1200,Weekend,2-Car,Non-incapacitating,WRONG WAY ON ONE WAY,E 8TH & N LINCOLN ST,39.169552,-86.530992
902025852,2021,5,7,1900,Weekend,3+ Cars,Non-incapacitating,FAILURE TO YIELD RIGHT OF WAY,8TH & N WALNUT ST,39.169552,-86.533552
902149697,2021,12,3,2200,Weekday,Pedestrian,Non-incapacitating,IMPROPER TURNING,8TH & N WALNUT ST,39.169552,-86.533552
901975012,2021,2,7,200,Weekend,2-Car,Non-incapacitating,UNSAFE LANE MOVEMENT,8TH & COLLEGE AVE,39.169552,-86.534784
902099564,2021,10,1,1100,Weekend,2-Car,No injury/unknown,UNSAFE LANE MOVEMENT,N COLLEGE AVE & W 8TH,39.169552,-86.534784
902119791,2021,11,5,2300,Weekday,2-Car,No injury/unknown,FAILURE TO YIELD RIGHT OF WAY,8TH & COLLEGE ST,39.169552,-86.534784
902144286,2021,12,6,1100,Weekday,2-Car,No injury/unknown,FAILURE TO YIELD RIGHT OF WAY,N COLLEGE AVE & W 8TH,39.169552,-86.534784
902095914,2021,10,2,1100,Weekday,2-Car,No injury/unknown,FAILURE TO YIELD RIGHT OF WAY,8TH & ROGERS ST,39.16951999,-86.53866022
902105884,2021,10,5,1000,Weekday,2-Car,Non-incapacitating,DISREGARD SIGNAL/REG SIGN,EIGHTH & INDIANA AVE,39.16951018,-86.52696246
902022949,2021,5,2,1700,Weekday,2-Car,No injury/unknown,UNSAFE LANE MOVEMENT,8TH & COLLEGE AVE,39.16950993,-86.53484009
902063196,2021,8,5,1000,Weekday,2-Car,No injury/unknown,UNSAFE SPEED,KERR CREEK RD & SR46,39.16950736,-86.45889222
902118221,2021,11,3,1800,Weekday,2-Car,No injury/unknown,FAILURE TO YIELD RIGHT OF WAY,EIGHTH & WALNUT ST,39.16949578,-86.53357019
902005772,2021,4,5,200,Weekday,1-Car,Non-incapacitating,DRIVER DISTRACTED - EXPLAIN IN NARRATIVE,8TH & INDIANA AVE,39.16948982,-86.52695976
901964700,2021,1,2,1400,Weekday,2-Car,No injury/unknown,OTHER (DRIVER) - EXPLAIN IN NARRATIVE,DUNN & E 8TH ST,39.16948982,-86.528283
902123075,2021,11,4,1100,Weekday,2-Car,No injury/unknown,FAILURE TO YIELD RIGHT OF WAY,EIGHTH & WOODLAWN AVE,39.16947976,-86.52349032
901997214,2021,3,7,2000,Weekend,Pedestrian,Non-incapacitating,FAILURE TO YIELD RIGHT OF WAY,8TH & WALNUT ST,39.16947976,-86.53357006
902009670,2021,4,5,2100,Weekday,2-Car,No injury/unknown,FAILURE TO YIELD RIGHT OF WAY,8TH & WALNUT ST,39.16947976,-86.53357006
902090072,2021,9,5,1700,Weekday,Bus,No injury/unknown,FAILURE TO YIELD RIGHT OF WAY,E 8TH ST & WOODLAWN,39.16947817,-86.52349401
901995709,2021,3,2,800,Weekday,1-Car,No injury/unknown,ROADWAY SURFACE CONDITION,NORTH HARTSTRAIGHT RD,39.16925049,-86.61382293
901968078,2021,2,7,1100,Weekend,1-Car,No injury/unknown,DISREGARD SIGNAL/REG SIGN,7TH & ADAMS ST,39.16912327,-86.54953919
901968290,2021,2,1,0,Weekend,2-Car,No injury/unknown,,SOUTH MORTON ST,39.169056,-86.536
902012232,2021,4,3,1100,Weekday,3+ Cars,Non-incapacitating,FAILURE TO YIELD RIGHT OF WAY,7TH & UNION ST,39.16899987,-86.509328
902130189,2021,11,7,0,Weekend,1-Car,No injury/unknown,ANIMAL/OBJECT IN ROADWAY,SR48 & VERNAL,39.16898809,-86.66456348
901993661,2021,3,7,1400,Weekend,Cyclist,No injury/unknown,DISREGARD SIGNAL/REG SIGN,7TH & JORDAN AVE,39.168944,-86.516016
902081807,2021,9,4,1800,Weekday,Moped/Motorcycle,Non-incapacitating,IMPROPER LANE USAGE,7TH ST & JORDAN,39.168944,-86.516016
902093308,2021,10,4,1400,Weekday,Pedestrian,Non-incapacitating,FAILURE TO YIELD RIGHT OF WAY,7TH & JORDAN AVE,39.168944,-86.516016
902058013,2021,7,6,1000,Weekday,Cyclist,Non-incapacitating,OTHER (DRIVER) - EXPLAIN IN NARRATIVE,S WALNUT ST,39.16890057,-86.53356343
902025455,2021,5,4,1600,Weekday,2-Car,No injury/unknown,,E EASTGATE LN,39.16887492,-86.49876303
901991195,2021,3,2,900,Weekday,2-Car,No injury/unknown,,E EASTGATE LN,39.16887492,-86.49906545
902093492,2021,10,4,1900,Weekday,Cyclist,No injury/unknown,FAILURE TO YIELD RIGHT OF WAY,7TH & JORDAN AVE,39.16885011,-86.51615984
902104844,2021,10,3,1900,Weekday,Cyclist,Non-incapacitating,FAILURE TO YIELD RIGHT OF WAY,7TH & JORDAN AVE,39.16885011,-86.51615984
901981858,2021,3,6,1900,Weekend,2-Car,No injury/unknown,FAILURE TO YIELD RIGHT OF WAY,7TH ST & JORDAN,39.16885011,-86.51616849
901970306,2021,2,4,1300,Weekday,2-Car,No injury/unknown,FOLLOWING TOO CLOSELY,7TH & N COLLEGE AVE,39.16876586,-86.534784
902087327,2021,9,1,0,Weekend,2-Car,No injury/unknown,,COLLEGE AVE,39.16876495,-86.53479784
902110846,2021,11,6,1200,Weekday,2-Car,No injury/unknown,DISREGARD SIGNAL/REG SIGN,GATES DR & JONATHAN,39.16876025,-86.57641969
902145162,2021,12,2,1000,Weekday,2-Car,Non-incapacitating,FOLLOWING TOO CLOSELY,GATES & JONATHAN DR,39.16876025,-86.57641969
901981845,2021,3,6,1400,Weekday,2-Car,No injury/unknown,OTHER (DRIVER) - EXPLAIN IN NARRATIVE,E 7TH ST,39.168752,-86.5436
902037097,2021,6,1,1800,Weekend,2-Car,No injury/unknown,,E 7TH ST,39.168752,-86.5436
902079397,2021,9,5,2300,Weekday,1-Car,No injury/unknown,RAN OFF ROAD RIGHT,EAST 7TH ST,39.168752,-86.5436
902092201,2021,9,2,1200,Weekday,2-Car,No injury/unknown,,E 7TH ST,39.168752,-86.5436
902129034,2021,11,6,1200,Weekday,2-Car,No injury/unknown,UNSAFE BACKING,EAST 7TH ST,39.168752,-86.5436
902002446,2021,4,5,0,Weekday,2-Car,No injury/unknown,UNSAFE LANE MOVEMENT,826 W 7TH ST & WALDRON,39.16874825,-86.5432472
902125182,2021,11,7,800,Weekend,2-Car,No injury/unknown,OTHER (DRIVER) - EXPLAIN IN NARRATIVE,N COLLEGE AVE,39.16874743,-86.534784
901998850,2021,4,4,900,Weekday,2-Car,No injury/unknown,UNSAFE BACKING,E 7TH ST & N CAMPBELL,39.16873199,-86.51390544
902148386,2021,12,2,300,Weekday,1-Car,No injury/unknown,RAN OFF ROAD RIGHT,SR43 & SR48W,39.16873169,-86.68357953
901968074,2021,2,1,0,Weekend,2-Car,Non-incapacitating,FAILURE TO YIELD RIGHT OF WAY,NORTH ROGERS ST & WEST 7TH,39.168704,-86.538576
902023790,2021,5,3,600,Weekday,1-Car,Non-incapacitating,RAN OFF ROAD RIGHT,N ROGERS ST & W 7TH,39.168704,-86.538576
902028605,2021,5,6,800,Weekday,2-Car,No injury/unknown,UNSAFE BACKING,7TH & ROGERS ST,39.168704,-86.538576
902133305,2021,12,7,1600,Weekend,2-Car,No injury/unknown,FOLLOWING TOO CLOSELY,S ROGERS ST & W 7TH,39.168704,-86.538576
902097000,2021,10,3,1700,Weekday,2-Car,No injury/unknown,FOLLOWING TOO CLOSELY,SR37N & VERNAL,39.16868722,-86.56252288
901965975,2021,1,4,1300,Weekday,2-Car,No injury/unknown,UNSAFE LANE MOVEMENT,SR37 & SR48,39.16867843,-86.57236845
902046198,2021,7,3,1200,Weekday,Bus,No injury/unknown,UNSAFE BACKING,7TH & MORTON ST,39.168672,-86.536
902071954,2021,8,6,800,Weekday,1-Car,Non-incapacitating,DRIVER DISTRACTED - EXPLAIN IN NARRATIVE,N WALNUT ST,39.16865861,-86.53356767
902076007,2021,8,7,100,Weekend,2-Car,No injury/unknown,,N WALNUT ST,39.16865861,-86.53356767
901999883,2021,4,6,1200,Weekday,2-Car,No injury/unknown,FAILURE TO YIELD RIGHT OF WAY,COLLEGE & SEVENTH ST,39.168656,-86.534784
901975255,2021,2,1,0,Weekend,2-Car,No injury/unknown,FAILURE TO YIELD RIGHT OF WAY,S COLLEGE & W 7TH ST,39.168656,-86.534784
902028423,2021,5,5,1500,Weekday,2-Car,No injury/unknown,UNSAFE BACKING,N COLLEGE AVE,39.168656,-86.534784
902082985,2021,9,6,1500,Weekday,3+ Cars,No injury/unknown,FOLLOWING TOO CLOSELY,7TH & NORTH COLLEGE AVE,39.168656,-86.534784
902096930,2021,9,7,0,Weekend,Pedestrian,Non-incapacitating,DISREGARD SIGNAL/REG SIGN,7TH & N COLLEGE AVE,39.168656,-86.534784
902108915,2021,10,3,800,Weekday,2-Car,No injury/unknown,,COLLEGE & WEST 7TH ST,39.168656,-86.534784
901953623,2021,1,1,200,Weekend,2-Car,No injury/unknown,OTHER (DRIVER) - EXPLAIN IN NARRATIVE,7TH ST & WALNUT,39.16864232,-86.53374439
902132000,2021,12,5,1200,Weekday,2-Car,No injury/unknown,FAILURE TO YIELD RIGHT OF WAY,N OAK & W 7TH ST,39.16864023,-86.54687985
902090372,2021,9,6,800,Weekday,2-Car,No injury/unknown,DRIVER DISTRACTED - EXPLAIN IN NARRATIVE,7TH ST & OAK,39.16864023,-86.54688634
902118100,2021,11,3,1400,Weekday,Bus,No injury/unknown,UNSAFE LANE MOVEMENT,E 7TH ST & WASHINGTON,39.16864,-86.53257642
902112287,2021,10,5,1300,Weekday,2-Car,No injury/unknown,VIEW OBSTRUCTED,7TH ST & WOODLAWN,39.16864,-86.523392
902118089,2021,11,3,1300,Weekday,1-Car,No injury/unknown,UNSAFE BACKING,7TH & WOODLAWN AVE,39.16864,-86.523392
902035284,2021,6,4,1800,Weekday,1-Car,No injury/unknown,OTHER (ENVIRONMENTAL) - EXPLAIN IN NARR,7TH & INDIANA AVE,39.16864,-86.526944
901961397,2021,1,7,1700,Weekend,1-Car,No injury/unknown,STEERING FAILURE,7TH ST & INDIANA,39.16864,-86.52697928
901951757,2021,1,5,100,Weekday,2-Car,No injury/unknown,IMPROPER LANE USAGE,7TH ST & GRANT,39.16864,-86.529696