Master Record Number,Year,Month,Day,Hour,Weekend,Collision Type,Injury Type,Primary Factor,Reported_Location,Latitude,Longitude
901994869,2021,3,2,1500,Weekday,1-Car,No injury/unknown,IMPROPER TURNING,EAST 7TH ST,39.16864,-86.529696
901999156,2021,4,4,1900,Weekday,2-Car,No injury/unknown,,7TH & NORTH LINCOLN ST,39.16864,-86.530992
902080307,2021,9,1,0,Weekend,2-Car,No injury/unknown,,7TH ST & WASHINGTON,39.16864,-86.5324
902114375,2021,11,4,1100,Weekday,2-Car,No injury/unknown,FAILURE TO YIELD RIGHT OF WAY,E 7TH ST & S WASHINGTON,39.16864,-86.5324
901955013,2021,1,6,1000,Weekday,2-Car,No injury/unknown,FAILURE TO YIELD RIGHT OF WAY,7TH & WALNUT ST,39.16864,-86.533568
902001343,2021,4,2,1900,Weekday,2-Car,No injury/unknown,UNSAFE LANE MOVEMENT,7TH & WALNUT ST,39.16864,-86.533568
901989319,2021,3,5,2300,Weekday,2-Car,No injury/unknown,IMPROPER TURNING,205 N WALNUT ST & 7TH,39.16864,-86.533568
902087219,2021,9,7,200,Weekend,2-Car,No injury/unknown,UNSAFE LANE MOVEMENT,7TH & WALNUT ST,39.16864,-86.533568
902106981,2021,10,7,200,Weekend,2-Car,No injury/unknown,UNSAFE BACKING,N WALNUT ST,39.16864,-86.533568
902146941,2021,12,6,200,Weekday,2-Car,No injury/unknown,FAILURE TO YIELD RIGHT OF WAY,N WALNUT AVE & W 7TH,39.16864,-86.533568
901953980,2021,1,2,1100,Weekday,2-Car,No injury/unknown,FAILURE TO YIELD RIGHT OF WAY,7TH & ROGERS ST,39.16858993,-86.53867028
902011950,2021,4,3,1500,Weekday,2-Car,Non-incapacitating,DRIVER DISTRACTED - EXPLAIN IN NARRATIVE,7TH & ROGERS ST,39.16858993,-86.53867028
902118635,2021,11,4,1100,Weekday,2-Car,Non-incapacitating,FAILURE TO YIELD RIGHT OF WAY,7TH & ROGERS ST,39.16858993,-86.53867028
902090371,2021,9,6,700,Weekday,Cyclist,No injury/unknown,FAILURE TO YIELD RIGHT OF WAY,7TH ST & MADISON,39.16857988,-86.53740458
902053222,2021,7,4,1100,Weekday,2-Car,Non-incapacitating,IMPROPER TURNING,7TH & COLLEGE AVE,39.16855976,-86.5348602
902087325,2021,9,1,1200,Weekend,Bus,No injury/unknown,LEFT OF CENTER,7TH ST & COLLEGE,39.16855976,-86.5348602
901956436,2021,1,6,1800,Weekday,2-Car,No injury/unknown,DRIVER DISTRACTED - EXPLAIN IN NARRATIVE,7TH & WALNUT ST,39.1685497,-86.53359018
901965847,2021,1,3,1400,Weekday,2-Car,No injury/unknown,FAILURE TO YIELD RIGHT OF WAY,7TH ST & WALNUT,39.1685497,-86.53359018
901993319,2021,3,6,1400,Weekday,2-Car,No injury/unknown,OTHER (DRIVER) - EXPLAIN IN NARRATIVE,7TH ST & WALNUT,39.1685497,-86.53359018
902006136,2021,4,6,0,Weekday,Pedestrian,Non-incapacitating,FAILURE TO YIELD RIGHT OF WAY,7TH & WALNUT ST,39.1685497,-86.53359018
902051194,2021,7,6,1400,Weekday,2-Car,No injury/unknown,DRIVER DISTRACTED - EXPLAIN IN NARRATIVE,7TH & WALNUT ST,39.1685497,-86.53359018
901998024,2021,4,2,1300,Weekday,2-Car,Non-incapacitating,FAILURE TO YIELD RIGHT OF WAY,7TH ST & WALNUT,39.1685497,-86.53361614
902006067,2021,4,5,1800,Weekday,2-Car,Non-incapacitating,FOLLOWING TOO CLOSELY,7TH ST & LINCOLN,39.16854031,-86.53106018
902100315,2021,10,2,1700,Weekday,2-Car,No injury/unknown,UNSAFE BACKING,7TH & WASHINGTON ST,39.16854031,-86.53233021
902001895,2021,4,3,2300,Weekday,Pedestrian,Non-incapacitating,LEFT OF CENTER,7TH ST & SUNRISE,39.16853026,-86.51242017
902004073,2021,4,2,900,Weekday,2-Car,No injury/unknown,UNSAFE BACKING,JACOB DR,39.16852154,-86.57362014
902111326,2021,11,7,1000,Weekend,2-Car,No injury/unknown,UNSAFE LANE MOVEMENT,7TH ST & DUNN,39.16851014,-86.5282499
902131642,2021,12,4,1900,Weekday,Pedestrian,Non-incapacitating,FAILURE TO YIELD RIGHT OF WAY,7TH ST & DUNN,39.16851014,-86.5282499
902132232,2021,12,5,1700,Weekday,2-Car,No injury/unknown,,NORTH GATES DR,39.16850746,-86.57636202
902051466,2021,7,6,1800,Weekday,2-Car,No injury/unknown,OTHER (VEHICLE) - EXPLAIN IN NARRATIVE,DANLYN RD & TAPP,39.16850053,-86.57611995
902108413,2021,10,2,1000,Weekday,2-Car,No injury/unknown,OTHER (ENVIRONMENTAL) - EXPLAIN IN NARR,7TH ST & FESS,39.16850008,-86.52578026
901965850,2021,1,3,1400,Weekday,2-Car,Non-incapacitating,FAILURE TO YIELD RIGHT OF WAY,7TH ST & INDIANA,39.16850008,-86.5269497
902118190,2021,11,3,1700,Weekday,2-Car,No injury/unknown,UNSAFE SPEED,7TH ST & INDIANA,39.16850008,-86.5269497
902138125,2021,12,6,2000,Weekend,Cyclist,No injury/unknown,FAILURE TO YIELD RIGHT OF WAY,PARK AVE & SEVENTH,39.16849932,-86.52462619
901963710,2021,1,7,1000,Weekend,Bus,No injury/unknown,UNSAFE BACKING,SEVENTH & WOODLAWN AVE,39.16848867,-86.52347771
902016134,2021,5,2,1100,Weekday,1-Car,No injury/unknown,OTHER (VEHICLE) - EXPLAIN IN NARRATIVE,7TH & FORREST AVE,39.16846991,-86.52236701
902044408,2021,6,7,2200,Weekend,2-Car,No injury/unknown,UNSAFE BACKING,E 7TH ST & FORREST,39.16846991,-86.52239297
902032383,2021,6,5,1700,Weekday,Pedestrian,Non-incapacitating,BRAKE FAILURE OR DEFECTIVE,E EASTGATE LN,39.168434,-86.498863
902009624,2021,4,4,1700,Weekday,2-Car,No injury/unknown,FOLLOWING TOO CLOSELY,E ATWATER & S FACULTY AVE,39.16838627,-86.52105767
902066566,2021,8,2,1600,Weekday,2-Car,No injury/unknown,UNSAFE BACKING,7TH ST,39.16837311,-86.54669952
901953504,2021,1,6,1300,Weekday,2-Car,No injury/unknown,FAILURE TO YIELD RIGHT OF WAY,CURRY PIKE & JONATHAN,39.16835994,-86.5829797
902052851,2021,7,5,1900,Weekday,2-Car,No injury/unknown,FOLLOWING TOO CLOSELY,JONATHAN & N CURRY PIKE,39.16835994,-86.5829797
902056690,2021,7,2,1500,Weekday,2-Car,No injury/unknown,FAILURE TO YIELD RIGHT OF WAY,JOHNATHAN & N CURRY PIKE PIKE,39.16835994,-86.5829797
902078542,2021,9,5,1300,Weekday,2-Car,No injury/unknown,UNSAFE LANE MOVEMENT,CURRY PIKE & JONATHAN,39.16835994,-86.5829797
902099943,2021,10,1,1300,Weekend,Moped/Motorcycle,No injury/unknown,FOLLOWING TOO CLOSELY,CUURY PIKE & JONATHAN,39.16835994,-86.5829797
902125229,2021,11,5,1700,Weekday,Moped/Motorcycle,Non-incapacitating,FAILURE TO YIELD RIGHT OF WAY,CURRY PIKE & JONATHAN,39.16835994,-86.5829797
902141231,2021,12,6,1700,Weekday,3+ Cars,Non-incapacitating,FAILURE TO YIELD RIGHT OF WAY,CURRY PIKE & JONATHAN,39.16835994,-86.5829797
902021554,2021,5,4,1500,Weekday,1-Car,Non-incapacitating,DRIVER ILLNESS,CURRY & JONATHAN DR,39.16835994,-86.58298403
902053116,2021,7,4,1000,Weekday,Bus,No injury/unknown,IMPROPER PASSING,ATWATER & JORDAN AVE,39.16833684,-86.51638984
902145731,2021,12,4,1700,Weekday,2-Car,No injury/unknown,,NORTH JORDAN AVE,39.16833115,-86.51569366
902127197,2021,11,5,1500,Weekday,2-Car,No injury/unknown,FAILURE TO YIELD RIGHT OF WAY,CURRY & JONATHAN DR,39.16830909,-86.58298388
902106652,2021,10,6,900,Weekday,1-Car,Non-incapacitating,ANIMAL/OBJECT IN ROADWAY,KINGS & SR46E,39.16830826,-86.44885152
901953836,2021,1,2,800,Weekday,2-Car,No injury/unknown,UNSAFE BACKING,CAMBRIDGE DR & PARKRIDGE,39.16830624,-86.47511712
902050352,2021,7,5,1500,Weekday,3+ Cars,Non-incapacitating,FOLLOWING TOO CLOSELY,SR37S & TAPP,39.16828969,-86.5544281
901980615,2021,2,4,1500,Weekday,2-Car,No injury/unknown,FAILURE TO YIELD RIGHT OF WAY,7TH & UNION ST,39.16825839,-86.5093136
902078558,2021,9,4,1900,Weekday,2-Car,No injury/unknown,,N GATES DR,39.16825801,-86.5763399
902095898,2021,10,2,900,Weekday,2-Car,No injury/unknown,IMPROPER TURNING,11TH & 709 N FEE GARAGE LN,39.16825648,-86.54174
901985785,2021,3,4,800,Weekday,3+ Cars,No injury/unknown,SPEED TOO FAST FOR WEATHER CONDITIONS,7TH ST & ROSE,39.16822509,-86.51123526
902027249,2021,5,3,1700,Weekday,2-Car,No injury/unknown,UNSAFE BACKING,7TH & N CLARK ST,39.168224,-86.504832
901996214,2021,3,5,1600,Weekday,1-Car,No injury/unknown,UNSAFE BACKING,BRAESIDE DR,39.16819967,-86.49439707
901966620,2021,1,5,1800,Weekday,1-Car,No injury/unknown,ROADWAY SURFACE CONDITION,7TH ST & UNION,39.168176,-86.509312
901966648,2021,1,5,1900,Weekday,2-Car,No injury/unknown,SPEED TOO FAST FOR WEATHER CONDITIONS,7TH ST & UNION,39.168176,-86.509312
901991386,2021,3,1,800,Weekend,2-Car,No injury/unknown,UNSAFE BACKING,NORTH COLLEGE AVE,39.16810057,-86.534784
901991192,2021,3,2,1600,Weekday,2-Car,No injury/unknown,DRIVER DISTRACTED - EXPLAIN IN NARRATIVE,7TH ST & UNION,39.16809976,-86.50945968
902059825,2021,7,3,900,Weekday,2-Car,No injury/unknown,FAILURE TO YIELD RIGHT OF WAY,7TH & UNION ST,39.16809976,-86.50945968
901974895,2021,2,6,1900,Weekend,2-Car,No injury/unknown,UNSAFE BACKING,N GATES DR,39.16803807,-86.57621853
902090775,2021,9,6,400,Weekday,2-Car,No injury/unknown,FOLLOWING TOO CLOSELY,JONATHAN DR,39.16797638,-86.58177185
902101559,2021,10,3,1500,Weekday,1-Car,No injury/unknown,RAN OFF ROAD RIGHT,BRAESIDE & PETE ELLIS DR,39.16791735,-86.49504
902134228,2021,12,1,2200,Weekday,2-Car,No injury/unknown,FOLLOWING TOO CLOSELY,FISHERS & JORDAN AVE,39.16790047,-86.5168599
901967930,2021,2,6,1700,Weekday,2-Car,No injury/unknown,OTHER (DRIVER) - EXPLAIN IN NARRATIVE,S FRANKLIN RD,39.16789246,-86.57160186
902000533,2021,4,5,700,Weekday,1-Car,No injury/unknown,OTHER (DRIVER) - EXPLAIN IN NARRATIVE,N MADISON ST,39.16787298,-86.537296
902042601,2021,6,3,1300,Weekday,Cyclist,Non-incapacitating,OTHER (DRIVER) - EXPLAIN IN NARRATIVE,6TH & MORTON ST,39.16786999,-86.536
901993641,2021,3,7,1600,Weekend,2-Car,No injury/unknown,,N GATES DR,39.16781209,-86.57606229
902106275,2021,10,5,1500,Weekday,2-Car,No injury/unknown,UNSAFE BACKING,N GATES DR,39.16781209,-86.57606229
901988402,2021,3,4,700,Weekday,2-Car,No injury/unknown,ROADWAY SURFACE CONDITION,DANIELS & SR48W,39.16778946,-86.5989685
902054868,2021,7,7,1200,Weekend,2-Car,No injury/unknown,,NORTH MORTON ST,39.16778743,-86.536
902000639,2021,4,1,1700,Weekend,2-Car,No injury/unknown,FOLLOWING TOO CLOSELY,6TH & ADAMS ST,39.167728,-86.5496
902116268,2021,11,7,1500,Weekend,2-Car,No injury/unknown,FAILURE TO YIELD RIGHT OF WAY,ADAMS & WEST 6TH ST,39.167728,-86.5496
902059762,2021,7,3,800,Weekday,2-Car,No injury/unknown,UNSAFE BACKING,N ELM ST & W 6TH,39.167712,-86.5452
901954857,2021,1,3,1600,Weekday,2-Car,No injury/unknown,FOLLOWING TOO CLOSELY,N ROGERS ST & WEST 6TH,39.16768,-86.538592
902034461,2021,6,3,1400,Weekday,2-Car,No injury/unknown,FAILURE TO YIELD RIGHT OF WAY,N ROGERS & WEST 6TH ST,39.16768,-86.538592
902125856,2021,11,1,2000,Weekday,2-Car,No injury/unknown,,NORTH ROGERS & WEST 6TH ST,39.16768,-86.538592
902078934,2021,9,5,1200,Weekday,2-Car,No injury/unknown,FAILURE TO YIELD RIGHT OF WAY,6TH ST & MADISON,39.167664,-86.53701374
901990456,2021,3,2,0,Weekday,2-Car,No injury/unknown,UNSAFE BACKING,N MORTON ST & W 6TH,39.167664,-86.536
902080268,2021,9,2,1000,Weekday,Pedestrian,Non-incapacitating,UNSAFE BACKING,N MORTON ST & W 6TH,39.167664,-86.536
902081527,2021,9,4,1100,Weekday,Pedestrian,Incapacitating,FAILURE TO YIELD RIGHT OF WAY,MORTON & W 6TH ST,39.167664,-86.536
902126640,2021,11,2,1500,Weekday,2-Car,No injury/unknown,UNSAFE BACKING,6TH & MORTON ST,39.167664,-86.536
902043197,2021,6,5,1200,Weekday,2-Car,No injury/unknown,FAILURE TO YIELD RIGHT OF WAY,6TH & MADISON ST,39.167664,-86.537296
902091530,2021,9,1,1800,Weekend,2-Car,No injury/unknown,UNSAFE BACKING,BLOCK OF E 6TH AND DUNN ST,39.167664,-86.537296
901961819,2021,1,4,1400,Weekday,2-Car,No injury/unknown,UNSAFE BACKING,6TH ST & WALNUT,39.16765038,-86.53340761
902102709,2021,10,6,1600,Weekday,2-Car,No injury/unknown,FAILURE TO YIELD RIGHT OF WAY,6TH & ADAMS ST,39.16764982,-86.54965996
902032647,2021,6,6,1200,Weekday,2-Car,No injury/unknown,FOLLOWING TOO CLOSELY,6TH ST & WALNUT,39.167648,-86.53376041
901982413,2021,3,1,1700,Weekend,2-Car,No injury/unknown,UNSAFE LANE MOVEMENT,E 6TH & N WALNUT ST,39.167648,-86.533584
902035345,2021,6,4,2100,Weekday,2-Car,No injury/unknown,UNSAFE LANE MOVEMENT,6TH & WALNUT ST,39.167648,-86.533584
902010572,2021,4,7,1200,Weekend,2-Car,No injury/unknown,UNSAFE LANE MOVEMENT,100 N WALNUT ST & 6TH,39.167648,-86.533584
902025146,2021,5,6,1100,Weekday,2-Car,Non-incapacitating,IMPROPER TURNING,6TH & WALNUT ST,39.167648,-86.533584
901991560,2021,3,3,1100,Weekday,2-Car,No injury/unknown,UNSAFE BACKING,COLLEGE & W 6TH ST,39.167648,-86.534784
902113549,2021,11,3,1300,Weekday,2-Car,No injury/unknown,DISREGARD SIGNAL/REG SIGN,6TH & COLLEGE AVE,39.167648,-86.534784
902120881,2021,11,7,1300,Weekend,Bus,No injury/unknown,IMPROPER TURNING,COLLEGE & W 6TH ST,39.167648,-86.534784
902008266,2021,4,3,1300,Weekday,2-Car,No injury/unknown,FAILURE TO YIELD RIGHT OF WAY,6TH ST & ELM,39.16763976,-86.54527992
902057189,2021,7,2,1900,Weekday,2-Car,No injury/unknown,FOLLOWING TOO CLOSELY,ROGERS ST & SIXTH,39.16759014,-86.53867967
902060047,2021,7,3,1300,Weekday,2-Car,Non-incapacitating,FAILURE TO YIELD RIGHT OF WAY,6 TH & ROGERS ST,39.16759014,-86.53867967
902094752,2021,10,6,1800,Weekday,2-Car,Non-incapacitating,FAILURE TO YIELD RIGHT OF WAY,6TH & ROGERS ST,39.16759014,-86.53867967
902141927,2021,12,4,1200,Weekday,2-Car,No injury/unknown,DRIVER DISTRACTED - EXPLAIN IN NARRATIVE,6TH & N MORTON ST,39.16758008,-86.53611011
902059494,2021,7,2,1600,Weekday,2-Car,No injury/unknown,DISREGARD SIGNAL/REG SIGN,6 TH & COLLEGE AVE,39.16757002,-86.5348602
902082170,2021,9,4,2100,Weekday,2-Car,No injury/unknown,UNSAFE BACKING,NORTH JORDAN AVE,39.16756058,-86.51656341
902109651,2021,10,3,2200,Weekday,1-Car,No injury/unknown,IMPROPER LANE USAGE,NORTH JORDAN AVE,39.16756058,-86.51656341
902027806,2021,5,1,1500,Weekend,Moped/Motorcycle,Non-incapacitating,OTHER (VEHICLE) - EXPLAIN IN NARRATIVE,6TH & WALNUT ST,39.16754991,-86.53360024
902076137,2021,8,7,1800,Weekend,2-Car,No injury/unknown,UNSAFE LANE MOVEMENT,6TH & WALNUT ST,39.16754991,-86.53360024
901993220,2021,3,6,1100,Weekday,2-Car,No injury/unknown,IMPROPER TURNING,GRANT ST & SIXTH,39.16753985,-86.52979016
902032826,2021,6,6,1300,Weekday,2-Car,No injury/unknown,,6TH ST & DUNN,39.16752979,-86.52825996
902056691,2021,7,1,1700,Weekend,2-Car,No injury/unknown,UNSAFE BACKING,INDIANA AVE & SIXTH,39.16751336,-86.5269452
902074022,2021,8,3,1300,Weekday,Cyclist,Non-incapacitating,FOLLOWING TOO CLOSELY,6TH & N DUNN ST,39.16745336,-86.52820396
902006617,2021,4,6,1900,Weekend,2-Car,No injury/unknown,UNSAFE BACKING,E LONGVIEW AVE,39.16742706,-86.49233245
902087312,2021,9,7,1200,Weekend,2-Car,No injury/unknown,OTHER (DRIVER) - EXPLAIN IN NARRATIVE,KINGSTON DR,39.16742706,-86.49314117
902076417,2021,9,1,1500,Weekend,1-Car,No injury/unknown,RAN OFF ROAD RIGHT,CONCORD & LONGVIEW AVE,39.16734003,-86.48723886
902093518,2021,9,2,2100,Weekday,1-Car,No injury/unknown,ANIMAL/OBJECT IN ROADWAY,GETTYS CREEK & SR46E,39.1673317,-86.41666713
902045552,2021,7,3,100,Weekday,2-Car,No injury/unknown,,FRANKLIN RD,39.16729736,-86.57054138
902133995,2021,12,6,1200,Weekday,2-Car,No injury/unknown,UNSAFE BACKING,FRANKLIN RD,39.16729736,-86.57054138
901964568,2021,1,2,1000,Weekday,2-Car,No injury/unknown,UNSAFE BACKING,E KIRKWOOD AVE,39.16724212,-86.52359627
902082075,2021,9,5,1200,Weekday,2-Car,No injury/unknown,UNSAFE BACKING,S FRANKLIN RD,39.16719437,-86.57176971
902077083,2021,8,4,1000,Weekday,Cyclist,Non-incapacitating,FAILURE TO YIELD RIGHT OF WAY,JORDAN AVE & READ N,39.16716892,-86.51593924
902003784,2021,4,1,1400,Weekend,1-Car,No injury/unknown,OTHER (DRIVER) - EXPLAIN IN NARRATIVE,NORTH JORDAN AVE,39.16711003,-86.51624299
902032524,2021,6,5,1300,Weekday,2-Car,No injury/unknown,OTHER (VEHICLE) - EXPLAIN IN NARRATIVE,N DANIELS WAY,39.16710265,-86.59823788
902098705,2021,10,5,1800,Weekday,1-Car,No injury/unknown,,N JOHNSON AVE,39.16708441,-86.564992
901973366,2021,2,3,300,Weekday,2-Car,No injury/unknown,OTHER (DRIVER) - EXPLAIN IN NARRATIVE,W KIRKWOOD AVE,39.16697693,-86.55130767
902054411,2021,7,2,800,Weekday,Moped/Motorcycle,Non-incapacitating,OTHER (DRIVER) - EXPLAIN IN NARRATIVE,W KIRKWOOD AVE,39.1669693,-86.55064392
902089035,2021,9,3,1500,Weekday,2-Car,No injury/unknown,DRIVER DISTRACTED - EXPLAIN IN NARRATIVE,E LONGVIEW DR & PETE ELLIS,39.166944,-86.495056
902121751,2021,11,2,0,Weekday,2-Car,No injury/unknown,,KIRKWOOD & PINE ST,39.16693722,-86.5482951
901993105,2021,3,6,1000,Weekday,2-Car,No injury/unknown,DISREGARD SIGNAL/REG SIGN,LONGVIEW & PETE ELLIS DR,39.1669102,-86.4949201
902129103,2021,11,7,1700,Weekend,2-Car,Non-incapacitating,FAILURE TO YIELD RIGHT OF WAY,LONGVIEW & PETE ELLIS DR,39.1669102,-86.4949201
902101342,2021,10,4,1200,Weekday,1-Car,No injury/unknown,OTHER (DRIVER) - EXPLAIN IN NARRATIVE,E KIRKWOOD AVE,39.16686662,-86.52211166
901986557,2021,3,7,1500,Weekend,1-Car,No injury/unknown,DRIVER DISTRACTED - EXPLAIN IN NARRATIVE,FORREST AVE & KIRKWOOD,39.16684985,-86.52156986
901973014,2021,2,3,400,Weekday,1-Car,No injury/unknown,RAN OFF ROAD RIGHT,HOPEWELL & KIRKWOOD AVE,39.16684985,-86.55232589
902065811,2021,8,1,1700,Weekend,1-Car,No injury/unknown,OTHER (DRIVER) - EXPLAIN IN NARRATIVE,E LONGVIEW DR,39.166848,-86.495088
902026223,2021,5,4,2100,Weekday,2-Car,No injury/unknown,UNSAFE BACKING,E 5TH & N ROOSEVELT ST,39.166848,-86.505888
901983240,2021,3,2,1800,Weekday,2-Car,No injury/unknown,FAILURE TO YIELD RIGHT OF WAY,5TH & N JEFFERSON ST,39.166848,-86.506992
902086746,2021,9,6,1800,Weekday,2-Car,No injury/unknown,UNSAFE BACKING,FAIRVIEW LN & KIRKWOOD,39.16684133,-86.5408
901997070,2021,3,5,2000,Weekday,2-Car,No injury/unknown,IMPROPER TURNING,EAST KIRKWOOD AVE,39.16681671,-86.52758789
902036874,2021,6,1,1100,Weekend,2-Car,No injury/unknown,FOLLOWING TOO CLOSELY,KIRKWOOD & S ADAMS ST,39.166816,-86.549488
902141555,2021,12,7,700,Weekend,2-Car,No injury/unknown,UNSAFE BACKING,JORDAN AVE,39.16680895,-86.51620209
902134591,2021,12,3,900,Weekday,2-Car,No injury/unknown,IMPROPER TURNING,DUNN ST & KIRKWOOD,39.16680478,-86.52819442
902099041,2021,10,6,1500,Weekday,2-Car,No injury/unknown,OTHER (ENVIRONMENTAL) - EXPLAIN IN NARR,PINE & WEST KIRKWOOD ST,39.1668,-86.548288
902021941,2021,5,7,800,Weekend,2-Car,No injury/unknown,FAILURE TO YIELD RIGHT OF WAY,KIRKWOOD AVE & OAK,39.1667878,-86.54715279
901954853,2021,1,3,1700,Weekday,2-Car,No injury/unknown,UNSAFE BACKING,E KIRKWOOD AVE,39.16678078,-86.52203053
901966644,2021,1,5,1900,Weekday,1-Car,No injury/unknown,SPEED TOO FAST FOR WEATHER CONDITIONS,E KIRKWOOD AVE,39.16678078,-86.52203053
901973545,2021,2,4,800,Weekday,2-Car,No injury/unknown,OTHER (DRIVER) - EXPLAIN IN NARRATIVE,EAST KIRKWOOD AVE,39.16678078,-86.52203053
901978157,2021,2,6,1700,Weekday,2-Car,No injury/unknown,UNSAFE BACKING,E KIRKWOOD AVE,39.16678078,-86.52203053
902081181,2021,9,3,1800,Weekday,2-Car,No injury/unknown,IMPROPER LANE USAGE,EAST KIRKWOOD AVE,39.16678078,-86.52203053
902093506,2021,10,4,2000,Weekday,1-Car,No injury/unknown,UNSAFE BACKING,E KIRKWOOD AVE,39.16678078,-86.52203053
901998077,2021,4,2,1500,Weekday,2-Car,No injury/unknown,IMPROPER LANE USAGE,KIRKWOOD & N COLLEGE AVE,39.16677732,-86.53479782
902091938,2021,9,2,1100,Weekday,2-Car,No injury/unknown,UNSAFE BACKING,N ROGERS ST,39.16677486,-86.53860637
902009344,2021,4,5,800,Weekday,2-Car,Non-incapacitating,FAILURE TO YIELD RIGHT OF WAY,ELM ST & KIRKWOOD,39.166768,-86.5452
902091209,2021,9,1,100,Weekend,Bus,No injury/unknown,FAILURE TO YIELD RIGHT OF WAY,N ELM & W KIRKWOOD AVE,39.166768,-86.5452
902115797,2021,11,6,0,Weekday,2-Car,No injury/unknown,UNSAFE BACKING,E KIRKWOOD AVE,39.16674793,-86.52246639
901953304,2021,1,7,1600,Weekend,2-Car,No injury/unknown,UNSAFE BACKING,GRANT ST & KIRKWOOD,39.16673613,-86.529696
902036497,2021,6,4,1100,Weekday,2-Car,No injury/unknown,OVERCORRECTING/OVERSTEERING,N DANIELS WAY,39.16673116,-86.59909039
902074652,2021,8,4,1900,Weekday,2-Car,No injury/unknown,UNSAFE BACKING,N DANIELS WAY,39.16673116,-86.59909039
902097779,2021,10,4,1200,Weekday,2-Car,No injury/unknown,UNSAFE BACKING,NORTH DANIELS WAY,39.16673116,-86.59909039
901979416,2021,2,2,1600,Weekday,3+ Cars,No injury/unknown,FOLLOWING TOO CLOSELY,KIRKWOOD AVE & MAPLE,39.16672,-86.542096
901995571,2021,3,4,200,Weekday,2-Car,No injury/unknown,UNSAFE LANE MOVEMENT,KIRKWOOD AVE & MAPLE,39.16671674,-86.54183142
901958617,2021,1,4,1000,Weekday,2-Car,No injury/unknown,UNSAFE BACKING,EAST KIRKWOOD ST,39.166704,-86.5408
902068357,2021,8,5,1400,Weekday,2-Car,No injury/unknown,UNSAFE BACKING,N FAIRVIEW ST & W KIRKWOOD,39.166704,-86.5408
902004490,2021,4,2,1600,Weekday,2-Car,No injury/unknown,FOLLOWING TOO CLOSELY,ADAMS & KIRKWOOD AVE,39.16670032,-86.54963985
901976966,2021,2,4,1500,Weekday,2-Car,No injury/unknown,OTHER (DRIVER) - EXPLAIN IN NARRATIVE,KIRKWOOD AVE,39.1666849,-86.54194727
902066118,2021,8,2,900,Weekday,2-Car,No injury/unknown,FAILURE TO YIELD RIGHT OF WAY,ROGERS & W KIRKWOOD AVE,39.16667482,-86.53881966
902112891,2021,11,2,1100,Weekday,2-Car,No injury/unknown,FAILURE TO YIELD RIGHT OF WAY,KIRKWOOD AVE & ROGERS,39.16667435,-86.53878439
902065384,2021,8,7,900,Weekend,Moped/Motorcycle,Non-incapacitating,OTHER (DRIVER) - EXPLAIN IN NARRATIVE,W KIRKWOOD AVE,39.16667233,-86.53863249
901993652,2021,3,7,1600,Weekend,Moped/Motorcycle,Incapacitating,OTHER (DRIVER) - EXPLAIN IN NARRATIVE,KIRKWOOD & ROGERS ST,39.166672,-86.538608
902134394,2021,12,2,2300,Weekday,2-Car,Non-incapacitating,DISREGARD SIGNAL/REG SIGN,ROGERS & W KIRKWOOD AVE,39.166672,-86.538608
901997038,2021,3,6,1300,Weekday,2-Car,No injury/unknown,FAILURE TO YIELD RIGHT OF WAY,KIRKWOOD AVE & MADISON,39.166656,-86.537296
901994328,2021,3,2,0,Weekday,2-Car,No injury/unknown,,KIRKWOOD AVE & MADISON,39.1666513,-86.53694323
901973859,2021,2,4,1400,Weekday,2-Car,No injury/unknown,IMPROPER PASSING,NORTH CURRY PIKE,39.16664802,-86.58291265
902012726,2021,5,4,1700,Weekday,3+ Cars,No injury/unknown,FOLLOWING TOO CLOSELY,E KIRKWOOD AVE & FAIRVIEW,39.16664424,-86.54092183
902087307,2021,9,7,1200,Weekend,2-Car,No injury/unknown,UNSAFE BACKING,E KIRKWOOD AVE & GRANT,39.16664,-86.52872574
902082491,2021,9,6,400,Weekday,Pedestrian,Non-incapacitating,FAILURE TO YIELD RIGHT OF WAY,INDIANA & KIRKWOOD AVE,39.16664,-86.52707241
902064222,2021,8,4,1300,Weekday,2-Car,No injury/unknown,UNSAFE BACKING,GRANT & KIRKWOOD AVE,39.16664,-86.52946667
902038005,2021,6,2,1100,Weekday,2-Car,No injury/unknown,IMPROPER TURNING,KIRKWOOD AVE & WALNUT,39.16664,-86.53324718
902030892,2021,5,6,700,Weekday,3+ Cars,No injury/unknown,FAILURE TO YIELD RIGHT OF WAY,E KIRKWOOD AVE & WALNUT,39.16664,-86.53342359
902089540,2021,9,4,1800,Weekday,2-Car,No injury/unknown,UNSAFE BACKING,COLLEGE & KIRKWOOD AVE,39.16664,-86.53453538
901960146,2021,1,7,1700,Weekend,3+ Cars,Non-incapacitating,FOLLOWING TOO CLOSELY,KINGS & SR46E,39.16664,-86.454992
902093583,2021,10,5,200,Weekday,1-Car,No injury/unknown,ANIMAL/OBJECT IN ROADWAY,KERR CREEK & SR46E,39.16664,-86.462496
902103297,2021,10,7,1100,Weekend,2-Car,No injury/unknown,SPEED TOO FAST FOR WEATHER CONDITIONS,46 & SR4546N,39.16664,-86.462496