Master Record Number,Year,Month,Day,Hour,Weekend,Collision Type,Injury Type,Primary Factor,Reported_Location,Latitude,Longitude
902091210,2021,9,7,2300,Weekend,2-Car,No injury/unknown,FAILURE TO YIELD RIGHT OF WAY,DUNN ST & KIRKWOOD,39.16664,-86.528192
902099573,2021,10,1,1100,Weekend,2-Car,No injury/unknown,UNSAFE LANE MOVEMENT,E KIRKWOOD & N DUNN ST,39.16664,-86.528192
902129080,2021,11,7,1400,Weekend,Pedestrian,Non-incapacitating,OTHER (DRIVER) - EXPLAIN IN NARRATIVE,DUNN ST & KIRKWOOD,39.16664,-86.528192
902125091,2021,11,7,300,Weekend,1-Car,No injury/unknown,RAN OFF ROAD RIGHT,DUNN & KIRKWOOD AVE,39.16664,-86.528192
902029187,2021,6,7,200,Weekend,1-Car,No injury/unknown,OTHER (DRIVER) - EXPLAIN IN NARRATIVE,E KIRKWOOD AVE,39.16664,-86.52923559
902145682,2021,12,3,200,Weekday,2-Car,No injury/unknown,IMPROPER TURNING,E KIRKWOOD AVE,39.16664,-86.52923559
901992750,2021,3,5,1300,Weekday,2-Car,No injury/unknown,UNSAFE BACKING,KIRKWOOD & S GRANT ST,39.16664,-86.529696
902116122,2021,11,7,900,Weekend,Cyclist,Non-incapacitating,FAILURE TO YIELD RIGHT OF WAY,110 S LINCOLN & S LINCOLN ST,39.16664,-86.530992
902030006,2021,6,2,700,Weekday,1-Car,No injury/unknown,RAN OFF ROAD RIGHT,E KIRKWOOD AVE & N WASHINGTON,39.16664,-86.5324
902070771,2021,8,6,1600,Weekday,2-Car,No injury/unknown,UNSAFE BACKING,KIRKWOOD AVE,39.16664,-86.5324
901985366,2021,3,5,1200,Weekday,2-Car,No injury/unknown,FOLLOWING TOO CLOSELY,KIRKWOOD & WALNUT ST,39.16664,-86.5336
902034585,2021,6,3,1800,Weekday,Cyclist,Incapacitating,DISREGARD SIGNAL/REG SIGN,KIRKWOOD AVE & N WALNUT,39.16664,-86.5336
902007910,2021,4,2,1600,Weekday,3+ Cars,Non-incapacitating,FAILURE TO YIELD RIGHT OF WAY,E KIRKWOOD AVE & WALNUT,39.16664,-86.5336
902010552,2021,4,1,200,Weekend,3+ Cars,No injury/unknown,WRONG WAY ON ONE WAY,KIRKWOOD & S WALNUT ST,39.16664,-86.5336
902042492,2021,6,4,1000,Weekday,Pedestrian,Incapacitating,FAILURE TO YIELD RIGHT OF WAY,KIRKWOOD & N WALNUT ST,39.16664,-86.5336
902049052,2021,7,3,800,Weekday,2-Car,Non-incapacitating,UNSAFE LANE MOVEMENT,KIRKWOOD & S WALNUT ST,39.16664,-86.5336
902081198,2021,9,3,1800,Weekday,2-Car,No injury/unknown,DISREGARD SIGNAL/REG SIGN,KIRKWOOD & WALNUT ST,39.16664,-86.5336
902143948,2021,12,6,1400,Weekday,2-Car,No injury/unknown,UNSAFE BACKING,KIRKWOOD & WALNUT ST,39.16664,-86.5336
901955045,2021,1,3,1100,Weekday,2-Car,No injury/unknown,FAILURE TO YIELD RIGHT OF WAY,COLLEGE & KIRKWOOD AVE,39.16664,-86.5348
901963674,2021,1,7,900,Weekend,2-Car,No injury/unknown,DISREGARD SIGNAL/REG SIGN,KIRKWOOD & N COLLEGE AVE,39.16664,-86.5348
901996682,2021,3,6,0,Weekday,3+ Cars,No injury/unknown,IMPROPER LANE USAGE,N COLLEGE AVE & W KIRKWOOD,39.16664,-86.5348
902017901,2021,5,7,900,Weekend,2-Car,No injury/unknown,DISREGARD SIGNAL/REG SIGN,COLLEGE AVE & KIRKWOOD,39.16664,-86.5348
902056928,2021,7,4,900,Weekday,2-Car,Non-incapacitating,DISREGARD SIGNAL/REG SIGN,COLLEGE & KIRKWOOD AVE,39.16664,-86.5348
902072493,2021,8,7,1200,Weekend,2-Car,No injury/unknown,FAILURE TO YIELD RIGHT OF WAY,COLLEGE AVE & KIRKWOOD,39.16664,-86.5348
902127526,2021,11,3,1200,Weekday,2-Car,No injury/unknown,UNSAFE LANE MOVEMENT,N COLLEGE & W KIRKWOOD AVE,39.16664,-86.5348
902144251,2021,12,7,700,Weekend,2-Car,No injury/unknown,DISREGARD SIGNAL/REG SIGN,COLLEGE AVE & KIRKWOOD,39.16664,-86.5348
902106885,2021,10,6,1500,Weekday,2-Car,No injury/unknown,UNSAFE BACKING,FAIRVIEW & W KIRKWOOD AVE,39.16663997,-86.54091566
901958801,2021,1,1,1700,Weekend,3+ Cars,No injury/unknown,FOLLOWING TOO CLOSELY,KIRKWOOD AVE & MAPLE,39.16663997,-86.54220007
902067605,2021,8,4,1400,Weekday,2-Car,No injury/unknown,OTHER (VEHICLE) - EXPLAIN IN NARRATIVE,KIRKWOOD AVE & MAPLE,39.16663997,-86.54220007
901980114,2021,2,3,1700,Weekday,3+ Cars,No injury/unknown,DRIVER DISTRACTED - EXPLAIN IN NARRATIVE,JACKSON & KIRKWOOD AVE,39.16662991,-86.53985335
902038472,2021,6,3,1700,Weekday,2-Car,No injury/unknown,FOLLOWING TOO CLOSELY,JACKSON & KIRKWOOD AVE,39.16662991,-86.53985984
901962546,2021,1,5,400,Weekday,2-Car,No injury/unknown,OTHER (VEHICLE) - EXPLAIN IN NARRATIVE,S JORDAN AVE,39.1666165,-86.51632212
901974341,2021,2,5,1700,Weekday,2-Car,No injury/unknown,UNSAFE BACKING,S JORDAN AVE,39.1666165,-86.51632212
902008510,2021,4,3,1600,Weekday,2-Car,No injury/unknown,FAILURE TO YIELD RIGHT OF WAY,KIRKWOOD AVE & ROGERS,39.16660979,-86.53868324
901981852,2021,3,6,1700,Weekday,2-Car,No injury/unknown,FAILURE TO YIELD RIGHT OF WAY,KIRKWOOD AVE & ROGERS,39.16660979,-86.53868973
902084222,2021,9,2,1400,Weekday,2-Car,No injury/unknown,FAILURE TO YIELD RIGHT OF WAY,KIRKWOOD AVE & ROGERS,39.16660979,-86.53868973
902021229,2021,5,6,1200,Weekday,2-Car,No injury/unknown,FAILURE TO YIELD RIGHT OF WAY,E KIRKWOOD AVE,39.16660376,-86.53088383
902022568,2021,5,1,2300,Weekday,2-Car,No injury/unknown,OTHER (DRIVER) - EXPLAIN IN NARRATIVE,COLLEGE AVE & KIRKWOOD,39.16659974,-86.53488032
902084856,2021,9,6,1400,Weekday,2-Car,No injury/unknown,IMPROPER TURNING,COLLEGE AVE & KIRKWOOD,39.16659974,-86.53488032
902107088,2021,10,5,1800,Weekday,2-Car,No injury/unknown,UNSAFE BACKING,COLLEGE & KIRKWOOD AVE,39.16659974,-86.53488032
902042866,2021,6,4,1400,Weekday,Pedestrian,Non-incapacitating,PEDESTRIAN ACTION,RODGERS & WEST KIRKWOOD AVE,39.16659496,-86.53870046
902017172,2021,5,5,1500,Weekday,2-Car,No injury/unknown,OTHER (VEHICLE) - EXPLAIN IN NARRATIVE,E KINGS & SR46E,39.16659254,-86.45501392
902136593,2021,12,6,700,Weekday,1-Car,No injury/unknown,RAN OFF ROAD RIGHT,KINGS & SR46,39.16659092,-86.45510893
902010869,2021,4,1,1800,Weekend,2-Car,No injury/unknown,OTHER (DRIVER) - EXPLAIN IN NARRATIVE,KIRKWOOD & MORTON ST,39.16658968,-86.53604976
902149302,2021,12,3,1100,Weekday,Cyclist,Non-incapacitating,IMPROPER PASSING,KIRKWOOD AVE & MORTON,39.16658968,-86.53604976
901954191,2021,1,2,1400,Weekday,1-Car,No injury/unknown,RAN OFF ROAD RIGHT,KIRKWOOD & WALNUT ST,39.16658029,-86.53361029
902086127,2021,9,5,1800,Weekday,Pedestrian,No injury/unknown,FAILURE TO YIELD RIGHT OF WAY,KIRKWOOD & WALNUT ST,39.16658029,-86.53361029
902101422,2021,10,4,1400,Weekday,1-Car,No injury/unknown,OTHER (DRIVER) - EXPLAIN IN NARRATIVE,KIRKWOOD AVE & WALNUT,39.16658029,-86.53361029
902101764,2021,10,5,900,Weekday,2-Car,No injury/unknown,DISREGARD SIGNAL/REG SIGN,KIRKWOOD & WALNUT ST,39.16658029,-86.53361029
902070938,2021,8,4,800,Weekday,2-Car,No injury/unknown,DRIVER DISTRACTED - EXPLAIN IN NARRATIVE,LINGLEBACH & NORTH JORDAN AVE,39.16657237,-86.51253014
901956211,2021,1,6,500,Weekday,1-Car,No injury/unknown,OTHER (DRIVER) - EXPLAIN IN NARRATIVE,WEST KIRKWOOD AVE,39.16656822,-86.53888486
902057956,2021,7,6,1000,Weekday,1-Car,No injury/unknown,BRAKE FAILURE OR DEFECTIVE,WEST KIRKWOOD AVE,39.16656822,-86.53888486
902054402,2021,7,5,2000,Weekday,Moped/Motorcycle,No injury/unknown,FAILURE TO YIELD RIGHT OF WAY,GRANT ST & KIRKWOOD,39.16655011,-86.52981027
902075628,2021,8,5,1500,Weekday,Cyclist,Non-incapacitating,FAILURE TO YIELD RIGHT OF WAY,GRANT & KIRKWOOD AVE,39.16655011,-86.52981027
902069141,2021,8,1,300,Weekend,Moped/Motorcycle,No injury/unknown,UNSAFE BACKING,DUNN & KIRKWOOD AVE,39.16654006,-86.52824298
902005067,2021,4,3,1700,Weekday,2-Car,No injury/unknown,UNSAFE LANE MOVEMENT,DUNN ST & KIRKWOOD,39.16654006,-86.5282499
902068693,2021,8,6,1800,Weekday,Bus,No injury/unknown,IMPROPER TURNING,DUNN ST & KIRKWOOD,39.16654006,-86.5282499
902017053,2021,5,5,1500,Weekday,2-Car,No injury/unknown,UNSAFE BACKING,E KIRKWOOD AVE,39.16650385,-86.52963392
902000215,2021,4,6,1200,Weekday,2-Car,No injury/unknown,FOLLOWING TOO CLOSELY,DUNN ST & KIRKWOOD,39.16650277,-86.52818536
901974844,2021,2,6,1600,Weekday,2-Car,No injury/unknown,FAILURE TO YIELD RIGHT OF WAY,KIRKWOOD & S COLLEGE AVE,39.16650267,-86.5348
901961329,2021,1,3,1400,Weekday,2-Car,No injury/unknown,FAILURE TO YIELD RIGHT OF WAY,KIRKWOOD AVE,39.16650251,-86.52938783
902141705,2021,12,7,1000,Weekend,1-Car,No injury/unknown,OTHER (DRIVER) - EXPLAIN IN NARRATIVE,S FRANKLIN RD,39.166496,-86.571216
902109011,2021,10,3,1500,Weekday,2-Car,Non-incapacitating,FAILURE TO YIELD RIGHT OF WAY,CURRY PIKE & GRAND,39.16648977,-86.58297032
901984969,2021,3,4,1600,Weekday,2-Car,No injury/unknown,SPEED TOO FAST FOR WEATHER CONDITIONS,MORNINGSIDE & SMITH RD,39.166432,-86.4812
901992970,2021,3,6,500,Weekday,2-Car,No injury/unknown,FOLLOWING TOO CLOSELY,MORNINGSIDE & SMITH RD,39.166432,-86.4812
902061461,2021,8,6,1100,Weekday,2-Car,No injury/unknown,FAILURE TO YIELD RIGHT OF WAY,E MORNINGSIDE & N SMITH RD,39.166432,-86.4812
902086815,2021,9,6,1500,Weekday,2-Car,Non-incapacitating,SPEED TOO FAST FOR WEATHER CONDITIONS,MORNINGSIDE & SMITH RD,39.166432,-86.4812
902109675,2021,10,4,400,Weekday,2-Car,No injury/unknown,OVERCORRECTING/OVERSTEERING,MORNINGSIDE & SARATOGA DR,39.16638985,-86.48047479
902115136,2021,11,5,1900,Weekday,2-Car,No injury/unknown,FAILURE TO YIELD RIGHT OF WAY,3RD & SOUTH FRANKLIN RD,39.16633588,-86.57121338
902050422,2021,7,5,1400,Weekday,Moped/Motorcycle,Incapacitating,ACCELERATOR FAILURE OR DEFECTIVE,W KIRKWOOD AVE,39.16630554,-86.53767395
902110309,2021,10,5,1500,Weekday,3+ Cars,No injury/unknown,FAILURE TO YIELD RIGHT OF WAY,10TH & UNION ST,39.16626159,-86.5094503
902050509,2021,7,5,0,Weekday,2-Car,No injury/unknown,UNSAFE BACKING,EAST KIRKWOOD AVE,39.16624832,-86.52851104
902075926,2021,8,6,1400,Weekday,2-Car,No injury/unknown,,E KIRWOOD AVE,39.16624832,-86.52851104
901953654,2021,1,1,2200,Weekday,2-Car,No injury/unknown,UNSAFE BACKING,N ROSE AVE,39.1662177,-86.51097988
902032900,2021,6,6,2300,Weekend,2-Car,No injury/unknown,UNSAFE BACKING,SOUTH ROSE AVE,39.1662177,-86.51097988
902120238,2021,11,4,2100,Weekday,2-Car,No injury/unknown,IMPROPER TURNING,N ROSE AVE,39.1662177,-86.51097988
902081211,2021,9,3,2000,Weekday,2-Car,No injury/unknown,FAILURE TO YIELD RIGHT OF WAY,E 3RD & SR46N,39.16619049,-86.46728758
902023079,2021,5,3,400,Weekday,2-Car,Non-incapacitating,UNSAFE SPEED,CR480N & SR45W,39.16612236,-86.57302593
902073580,2021,8,2,1600,Weekday,2-Car,No injury/unknown,FOLLOWING TOO CLOSELY,NORTH ROGERS ST & WEST 10TH,39.16611058,-86.53859778
902144354,2021,12,7,1200,Weekend,2-Car,No injury/unknown,UNSAFE BACKING,N GATES DR,39.16609012,-86.57594829
902033789,2021,6,2,800,Weekday,2-Car,Non-incapacitating,OTHER TELEMATICS IN USE,SR37N & VERNAL,39.1660428,-86.56252288
901959937,2021,1,6,1200,Weekday,2-Car,No injury/unknown,FAILURE TO YIELD RIGHT OF WAY,E BUICK CADILLAC & SO COLLEGE MALL RD,39.16603939,-86.49788998
901962941,2021,1,6,900,Weekday,3+ Cars,No injury/unknown,ROADWAY SURFACE CONDITION,4TH & S WALNUT ST,39.16592266,-86.5336
901954187,2021,1,2,1200,Weekday,2-Car,Non-incapacitating,FOLLOWING TOO CLOSELY,3RD & SR37S,39.16584824,-86.57304798
902019887,2021,5,4,1000,Weekday,2-Car,Non-incapacitating,FAILURE TO YIELD RIGHT OF WAY,ROGERS & W 4TH ST,39.165696,-86.53894482
901960180,2021,1,1,100,Weekend,2-Car,No injury/unknown,FAILURE TO YIELD RIGHT OF WAY,4TH & N ROGERS ST,39.165696,-86.538592
902000186,2021,4,7,0,Weekend,2-Car,No injury/unknown,OTHER (DRIVER) - EXPLAIN IN NARRATIVE,S ROGERS ST,39.165696,-86.538592
901976783,2021,2,4,1200,Weekday,2-Car,No injury/unknown,FOLLOWING TOO CLOSELY,S ROGERS ST & W 4TH,39.165696,-86.538592
901981934,2021,3,6,1200,Weekday,2-Car,No injury/unknown,FOLLOWING TOO CLOSELY,4TH & S ROGERS ST,39.165696,-86.538592
902034471,2021,6,2,1700,Weekday,2-Car,No injury/unknown,DISREGARD SIGNAL/REG SIGN,COLLEGE & W 4TH ST,39.165664,-86.5348
902104988,2021,10,3,2300,Weekday,2-Car,No injury/unknown,DISREGARD SIGNAL/REG SIGN,4TH & S COLLEGE AVE,39.165664,-86.5348
902127962,2021,11,3,1600,Weekday,2-Car,No injury/unknown,UNSAFE BACKING,W 4TH ST,39.16564865,-86.53364898
901982446,2021,3,1,2000,Weekday,2-Car,No injury/unknown,,4TH ST & INDIANA,39.165648,-86.52755364
902085005,2021,9,3,1500,Weekday,2-Car,No injury/unknown,OTHER (DRIVER) - EXPLAIN IN NARRATIVE,BLOCK OF S INDIANA (GILMORE) AVE,39.165648,-86.526848
902087071,2021,9,6,2200,Weekend,Pedestrian,Non-incapacitating,PEDESTRIAN ACTION,E 4TH & S INDIANA AVE,39.165648,-86.526848
901971982,2021,2,7,1500,Weekend,2-Car,No injury/unknown,UNSAFE BACKING,E 4TH ST,39.165648,-86.52774727
901970573,2021,2,4,1200,Weekday,2-Car,No injury/unknown,FOLLOWING TOO CLOSELY,E 4TH & S LINCOLN ST,39.165648,-86.531008
901969111,2021,2,7,2100,Weekend,2-Car,No injury/unknown,SPEED TOO FAST FOR WEATHER CONDITIONS,N WALNUT ST,39.165648,-86.5336
901984291,2021,3,4,300,Weekday,1-Car,No injury/unknown,SPEED TOO FAST FOR WEATHER CONDITIONS,NORTH WALNUT ST,39.165648,-86.5336
901986225,2021,3,6,1900,Weekend,2-Car,No injury/unknown,UNSAFE BACKING,NORTH WALNUT ST,39.165648,-86.5336
902016585,2021,5,4,1900,Weekday,1-Car,Non-incapacitating,RAN OFF ROAD RIGHT,N WALNUT ST,39.165648,-86.5336
902039717,2021,6,5,2200,Weekday,1-Car,No injury/unknown,UNSAFE BACKING,SOUTH WALNUT ST,39.165648,-86.5336
902042977,2021,6,3,1300,Weekday,2-Car,No injury/unknown,FAILURE TO YIELD RIGHT OF WAY,4TH ST & WALNUT,39.165648,-86.5336
902058931,2021,7,1,1200,Weekend,2-Car,No injury/unknown,,WALNUT STREET PIKE,39.165648,-86.5336
902059036,2021,7,2,800,Weekday,2-Car,No injury/unknown,FAILURE TO YIELD RIGHT OF WAY,N WALNUT ST,39.165648,-86.5336
902103341,2021,10,1,1000,Weekend,2-Car,No injury/unknown,DISREGARD SIGNAL/REG SIGN,E 4TH & S WALNUT ST,39.165648,-86.5336
902115994,2021,11,7,0,Weekend,2-Car,No injury/unknown,OTHER (DRIVER) - EXPLAIN IN NARRATIVE,WALNUT SPRINGS DR,39.165648,-86.5336
902119542,2021,11,5,1900,Weekday,2-Car,No injury/unknown,,N WALNUT ST,39.165648,-86.5336
902120412,2021,11,7,300,Weekend,2-Car,No injury/unknown,UNSAFE BACKING,4TH & CLARK ST,39.16562006,-86.50497972
901971747,2021,2,5,1900,Weekday,3+ Cars,No injury/unknown,CELL PHONE USAGE,4TH ST & MADISON,39.16561,-86.53742543
902031800,2021,6,4,1300,Weekday,Bus,No injury/unknown,UNSAFE LANE MOVEMENT,S MADISON & W 4TH ST,39.16561,-86.53742976
902131667,2021,12,3,1800,Weekday,3+ Cars,Non-incapacitating,FOLLOWING TOO CLOSELY,SR46E & TRAILWAY,39.16559982,-86.42546331
902094757,2021,10,5,1200,Weekday,2-Car,Non-incapacitating,FOLLOWING TOO CLOSELY,4TH & COLLEGE AVE,39.16558988,-86.53488971
901957316,2021,1,2,900,Weekday,1-Car,No injury/unknown,ANIMAL/OBJECT IN ROADWAY,AZALEA & HIGHLAND AVE,39.16558806,-86.51739969
901993149,2021,3,6,1500,Weekday,2-Car,Non-incapacitating,FOLLOWING TOO CLOSELY,4TH ST & LINCOLN,39.16557983,-86.53108969
902085819,2021,9,5,800,Weekday,2-Car,Non-incapacitating,DISREGARD SIGNAL/REG SIGN,4TH ST & LINCOLN,39.16557983,-86.53108969
901983039,2021,3,2,1400,Weekday,2-Car,No injury/unknown,DISREGARD SIGNAL/REG SIGN,4TH ST & WALNUT,39.16557983,-86.53361968
902112704,2021,11,1,2100,Weekday,2-Car,No injury/unknown,,4TH & WALNUT ST,39.16557983,-86.53361968
902124949,2021,11,6,1900,Weekend,2-Car,No injury/unknown,DISREGARD SIGNAL/REG SIGN,4TH ST & WALNUT,39.16557983,-86.53361968
902118151,2021,11,2,2300,Weekday,Pedestrian,Non-incapacitating,FAILURE TO YIELD RIGHT OF WAY,4TH & DUNN ST,39.16555971,-86.52822978
902006129,2021,4,5,2200,Weekday,2-Car,No injury/unknown,SPEED TOO FAST FOR WEATHER CONDITIONS,4TH & GRANT ST,39.16555971,-86.52981966
902019402,2021,5,3,1200,Weekday,2-Car,No injury/unknown,UNSAFE BACKING,4TH ST & INDIANA,39.16555032,-86.52689283
902079111,2021,9,6,1300,Weekday,2-Car,No injury/unknown,UNSAFE LANE MOVEMENT,4TH & INDIANA AVE,39.16555032,-86.52691014
902050705,2021,7,6,1100,Weekday,2-Car,No injury/unknown,OTHER (DRIVER) - EXPLAIN IN NARRATIVE,DUNN & FOURTH ST,39.16554922,-86.52753224
902079609,2021,9,7,1300,Weekend,2-Car,No injury/unknown,IMPROPER LANE USAGE,FOURTH ST & INDIANA,39.16554919,-86.52753862
902142464,2021,12,4,1300,Weekday,2-Car,No injury/unknown,UNSAFE BACKING,EAST 4TH ST,39.1655349,-86.53344266
902041321,2021,6,4,1300,Weekday,2-Car,No injury/unknown,FAILURE TO YIELD RIGHT OF WAY,GATES DR,39.1654826,-86.57605759
902112687,2021,11,2,1500,Weekday,2-Car,No injury/unknown,OTHER (DRIVER) - EXPLAIN IN NARRATIVE,SOUTH WALNUT ST,39.16546286,-86.5336
901980121,2021,2,3,2000,Weekday,2-Car,No injury/unknown,FAILURE TO YIELD RIGHT OF WAY,JONES & JORDAN AVE,39.16540012,-86.51640996
902133293,2021,12,7,1900,Weekend,2-Car,No injury/unknown,FOLLOWING TOO CLOSELY,JONES & JORDAN AVE,39.16540012,-86.51640996
902102588,2021,10,6,1000,Weekday,2-Car,No injury/unknown,UNSAFE BACKING,JONES AVE & JORDAN,39.16540012,-86.51642726
901957361,2021,1,2,900,Weekday,2-Car,No injury/unknown,OTHER (VEHICLE) - EXPLAIN IN NARRATIVE,JONES AVE & JORDAN,39.16540012,-86.51643591
902082266,2021,9,5,1500,Weekday,2-Car,No injury/unknown,FAILURE TO YIELD RIGHT OF WAY,4TH & S INDIANA AVE,39.16537348,-86.52683702
902015322,2021,5,2,1900,Weekday,1-Car,No injury/unknown,UNSAFE BACKING,SOUTH HAWTHORNE DR,39.1653163,-86.52071893
902068681,2021,8,6,1500,Weekday,1-Car,No injury/unknown,OBSTRUCTION NOT MARKED,JONES & ROSE AVE,39.16529015,-86.51089354
901957107,2021,1,6,2000,Weekend,2-Car,No injury/unknown,UNSAFE LANE MOVEMENT,SR446 & SR46,39.16527834,-86.46954813
902003476,2021,4,7,900,Weekend,1-Car,No injury/unknown,OTHER (DRIVER) - EXPLAIN IN NARRATIVE,SO PETE ELLIS DR,39.16527808,-86.49487584
901992675,2021,3,5,1400,Weekday,2-Car,No injury/unknown,FAILURE TO YIELD RIGHT OF WAY,JACOB DR,39.1652565,-86.57556915
902002577,2021,4,5,1400,Weekday,2-Car,No injury/unknown,UNSAFE LANE MOVEMENT,9TH & COLLEGE AVE,39.16517209,-86.53485015
902050059,2021,7,4,1300,Weekday,2-Car,No injury/unknown,UNSAFE BACKING,WEST THIRD ST,39.16516876,-86.57852172
902013655,2021,5,6,1400,Weekday,2-Car,No injury/unknown,FOLLOWING TOO CLOSELY,HILLSDALE & S HILLSDALE DR,39.165152,-86.50296
902021934,2021,5,1,600,Weekend,1-Car,No injury/unknown,RAN OFF ROAD RIGHT,N TRAILWAY & SR46E,39.16510298,-86.42990248
902004830,2021,4,3,1200,Weekday,2-Car,No injury/unknown,FOLLOWING TOO CLOSELY,3700 W 3RD ST & LIBERTY,39.165016,-86.57989001
902070848,2021,8,4,800,Weekday,2-Car,Non-incapacitating,FOLLOWING TOO CLOSELY,3700 W 3RD ST & LIBERTY,39.165016,-86.57989434
901983774,2021,3,3,1600,Weekday,2-Car,No injury/unknown,IMPROPER TURNING,3RD & DUNN ST,39.16499705,-86.52811796
902129246,2021,11,7,1000,Weekend,2-Car,No injury/unknown,FAILURE TO YIELD RIGHT OF WAY,N HARTSTRAIT RD & W STATE 48,39.164944,-86.611296
902126197,2021,11,2,600,Weekday,2-Car,Non-incapacitating,FOLLOWING TOO CLOSELY,HARTSTRAIGHT ROAD & SR48W,39.164944,-86.611296
902102726,2021,10,5,800,Weekday,2-Car,Non-incapacitating,FAILURE TO YIELD RIGHT OF WAY,KIRBY RD & SR48,39.16491475,-86.61097062
901962456,2021,1,4,1600,Weekday,2-Car,No injury/unknown,UNSAFE SPEED,WEST 3RD ST,39.164848,-86.57487674
902128523,2021,11,6,800,Weekday,2-Car,No injury/unknown,FAILURE TO YIELD RIGHT OF WAY,W 3RD ST,39.164848,-86.57634041
902097035,2021,10,3,1600,Weekday,2-Car,Non-incapacitating,FAILURE TO YIELD RIGHT OF WAY,W 3RD ST,39.164848,-86.57962482
901996897,2021,3,6,1300,Weekday,2-Car,No injury/unknown,,W 3RD ST,39.16484379,-86.58164716
902101542,2021,10,4,1300,Weekday,2-Car,No injury/unknown,UNSAFE BACKING,W 3RD ST,39.16484379,-86.58164716
902147900,2021,12,7,1600,Weekend,1-Car,No injury/unknown,OTHER (DRIVER) - EXPLAIN IN NARRATIVE,W 3RD ST,39.16484379,-86.58164716
902054858,2021,7,7,1200,Weekend,1-Car,No injury/unknown,UNSAFE BACKING,W 3RD ST,39.164832,-86.582048
902017111,2021,5,5,1400,Weekday,2-Car,No injury/unknown,LEFT OF CENTER,W 3RD ST,39.16482122,-86.5789551
902034425,2021,6,3,1300,Weekday,Moped/Motorcycle,Non-incapacitating,ENGINE FAILURE OR DEFECTIVE,13 & WEST 3RD ST,39.16480652,-86.57295227
901985632,2021,3,5,1600,Weekday,2-Car,Non-incapacitating,OTHER (DRIVER) - EXPLAIN IN NARRATIVE,3RD ST & SR37,39.1648,-86.573792
902017960,2021,5,7,1300,Weekend,2-Car,No injury/unknown,DISREGARD SIGNAL/REG SIGN,SOUTH 37 & WEST 3RD ST,39.1648,-86.573792
901978450,2021,2,7,1300,Weekend,2-Car,No injury/unknown,FAILURE TO YIELD RIGHT OF WAY,3RD & PETE ELLIS DR,39.16478931,-86.495088
902089839,2021,9,5,1100,Weekday,2-Car,No injury/unknown,OTHER (DRIVER) - EXPLAIN IN NARRATIVE,E THIRD ST,39.16477585,-86.4952774
901975228,2021,2,7,600,Weekend,2-Car,No injury/unknown,FOLLOWING TOO CLOSELY,KINGS & SR46E,39.164763,-86.45072501
902047614,2021,4,4,700,Weekday,2-Car,No injury/unknown,OTHER (DRIVER) - EXPLAIN IN NARRATIVE,3RD ST & JACKSON,39.164752,-86.53984
901954129,2021,1,2,1200,Weekday,2-Car,Non-incapacitating,FOLLOWING TOO CLOSELY,3RD & SR37S,39.164752,-86.573104
902028692,2021,5,6,1100,Weekday,2-Car,No injury/unknown,OTHER (DRIVER) - EXPLAIN IN NARRATIVE,SR37 & W 3RD ST,39.164752,-86.573104
902037197,2021,6,7,1800,Weekend,Pedestrian,Non-incapacitating,PEDESTRIAN ACTION,3RD ST & US37N,39.164752,-86.573104
902043526,2021,6,5,2200,Weekday,2-Car,No injury/unknown,DISREGARD SIGNAL/REG SIGN,37 & WEST 3RD ST ST,39.164752,-86.573104
902052516,2021,7,3,1000,Weekday,2-Car,No injury/unknown,FOLLOWING TOO CLOSELY,SR37 & W 3RD ST,39.164752,-86.573104
902084726,2021,9,3,700,Weekday,2-Car,No injury/unknown,FAILURE TO YIELD RIGHT OF WAY,SR37 & SR48W,39.164752,-86.573104
902090742,2021,9,6,1700,Weekday,2-Car,Non-incapacitating,FOLLOWING TOO CLOSELY,SR37 & W 3RD ST,39.164752,-86.573104
902092049,2021,9,1,2100,Weekday,2-Car,No injury/unknown,FOLLOWING TOO CLOSELY,3RD ST & SR37,39.164752,-86.573104
902098248,2021,10,5,1300,Weekday,3+ Cars,Non-incapacitating,FOLLOWING TOO CLOSELY,3RD & SR37,39.164752,-86.573104
902103103,2021,10,7,1600,Weekend,2-Car,No injury/unknown,FOLLOWING TOO CLOSELY,3RD & SR37N,39.164752,-86.573104
902122251,2021,11,3,500,Weekday,2-Car,No injury/unknown,FAILURE TO YIELD RIGHT OF WAY,SR37 & W 3RD ST,39.164752,-86.573104
902140255,2021,12,2,1200,Weekday,3+ Cars,No injury/unknown,FOLLOWING TOO CLOSELY,3RD ST & STATE ROAD 37,39.164752,-86.573104
901958395,2021,1,3,2200,Weekday,2-Car,No injury/unknown,UNSAFE LANE MOVEMENT,3RD ST,39.16474251,-86.57282163
901959466,2021,1,3,1900,Weekday,2-Car,No injury/unknown,,W 3RD ST,39.16474251,-86.57282163
901995579,2021,3,4,0,Weekday,2-Car,No injury/unknown,OTHER (VEHICLE) - EXPLAIN IN NARRATIVE,W 3RD ST,39.16474251,-86.57282163
902002226,2021,4,4,1600,Weekday,2-Car,No injury/unknown,SPEED TOO FAST FOR WEATHER CONDITIONS,PARK SQUARE DR & WEST STATE ROAD 48,39.16474029,-86.59259006
902063950,2021,8,4,1400,Weekday,2-Car,No injury/unknown,OVERCORRECTING/OVERSTEERING,W 3RD ST,39.16473898,-86.57271675
902090080,2021,9,3,1600,Weekday,3+ Cars,No injury/unknown,UNSAFE SPEED,PROFILE & SR48,39.16473203,-86.59292201
901996798,2021,3,6,1200,Weekday,2-Car,No injury/unknown,FOLLOWING TOO CLOSELY,SR37 & WEST 3RD ST,39.16472831,-86.57239903