Master Record Number,Year,Month,Day,Hour,Weekend,Collision Type,Injury Type,Primary Factor,Reported_Location,Latitude,Longitude
902030426,2021,6,7,1500,Weekend,2-Car,No injury/unknown,,E 3RD ST,39.16472732,-86.57236983
901987485,2021,3,2,2000,Weekday,1-Car,No injury/unknown,UNSAFE SPEED,ROGERS ST,39.16472,-86.538592
902025721,2021,5,7,1100,Weekend,1-Car,No injury/unknown,RAN OFF ROAD RIGHT,SOUTH ROGERS ST,39.16472,-86.538592
902052733,2021,7,3,1500,Weekday,1-Car,No injury/unknown,DRIVER DISTRACTED - EXPLAIN IN NARRATIVE,S ROGERS ST,39.16472,-86.538592
902051016,2021,7,6,2000,Weekend,2-Car,No injury/unknown,UNSAFE BACKING,E 3RD ST,39.16470933,-86.57183467
902081633,2021,9,4,1500,Weekday,2-Car,No injury/unknown,OTHER (DRIVER) - EXPLAIN IN NARRATIVE,E 3RD ST,39.16470933,-86.57183467
902094634,2021,10,6,1400,Weekday,2-Car,No injury/unknown,OTHER (DRIVER) - EXPLAIN IN NARRATIVE,E 3RD ST,39.16470933,-86.57183467
901996550,2021,3,5,1600,Weekday,2-Car,No injury/unknown,UNSAFE BACKING,E 3RD ST,39.16470536,-86.57171634
902124053,2021,11,5,1800,Weekday,Cyclist,Non-incapacitating,,3RD & S MADISON ST,39.164704,-86.537296
902050984,2021,7,6,1700,Weekday,2-Car,No injury/unknown,OTHER (DRIVER) - EXPLAIN IN NARRATIVE,E 3RD ST,39.1647021,-86.57161953
902098318,2021,10,5,1700,Weekday,3+ Cars,No injury/unknown,OTHER (DRIVER) - EXPLAIN IN NARRATIVE,FRANKLIN & W 3RD ST,39.16469985,-86.57155249
902050564,2021,7,5,1200,Weekday,2-Car,No injury/unknown,OTHER (DRIVER) - EXPLAIN IN NARRATIVE,FRANKLIN & WEST THIRD ST,39.164688,-86.5712
902088420,2021,9,3,300,Weekday,1-Car,Non-incapacitating,UNSAFE LANE MOVEMENT,FRANKLIN RD & W 3RD,39.164688,-86.5712
901962548,2021,1,5,1300,Weekday,Bus,No injury/unknown,FOLLOWING TOO CLOSELY,WEST 3RD ST & WYNNDALE,39.164672,-86.570288
902032783,2021,6,6,1900,Weekend,2-Car,No injury/unknown,FAILURE TO YIELD RIGHT OF WAY,EAST 3RD ST,39.16466933,-86.57021333
902007555,2021,4,1,1200,Weekend,2-Car,No injury/unknown,UNSAFE BACKING,E 3RD ST,39.16466933,-86.57021333
902047271,2021,7,6,1100,Weekday,2-Car,No injury/unknown,OTHER (DRIVER) - EXPLAIN IN NARRATIVE,EAST 3RD ST,39.16466933,-86.57021333
902060064,2021,7,3,1500,Weekday,2-Car,No injury/unknown,FAILURE TO YIELD RIGHT OF WAY,E 3RD ST,39.16466933,-86.57021333
902030180,2021,6,2,1200,Weekday,2-Car,No injury/unknown,,WEST THIRD ST,39.1646605,-86.57929301
901956938,2021,1,1,1400,Weekend,2-Car,Incapacitating,FAILURE TO YIELD RIGHT OF WAY,3RD ST & CURRY,39.16465983,-86.58292002
902003089,2021,4,5,1200,Weekday,2-Car,No injury/unknown,FOLLOWING TOO CLOSELY,S CURRY & SR 48 RD,39.16465983,-86.58292002
902068276,2021,8,5,1700,Weekday,2-Car,No injury/unknown,FOLLOWING TOO CLOSELY,CURRY & W 3RD ST,39.16465983,-86.58292002
902084557,2021,9,3,700,Weekday,2-Car,Non-incapacitating,FAILURE TO YIELD RIGHT OF WAY,CURRY PIKE & W THIRD,39.16465983,-86.58292002
902091296,2021,9,3,1100,Weekday,2-Car,No injury/unknown,OTHER (DRIVER) - EXPLAIN IN NARRATIVE,3RD ST & CURRY,39.16465983,-86.58292002
902102064,2021,10,5,1600,Weekday,2-Car,No injury/unknown,OTHER (ENVIRONMENTAL) - EXPLAIN IN NARR,3RD & CURRY PIKE,39.16465983,-86.58292002
902077514,2021,9,3,1800,Weekday,2-Car,No injury/unknown,FOLLOWING TOO CLOSELY,CURRY & THIRD ST,39.16465983,-86.58293734
902073326,2021,8,2,600,Weekday,2-Car,Non-incapacitating,IMPROPER TURNING,S CURRY & W 3RD ST,39.16465983,-86.58293951
902133400,2021,12,7,2200,Weekend,3+ Cars,No injury/unknown,FOLLOWING TOO CLOSELY,S COLLEGE AVE & W 1ST,39.16465636,-86.53499029
902052248,2021,7,2,1400,Weekday,2-Car,Non-incapacitating,FAILURE TO YIELD RIGHT OF WAY,3800 BLK W 3RD ST & S CURRY,39.16465575,-86.58296153
902142403,2021,12,4,1200,Weekday,2-Car,No injury/unknown,FAILURE TO YIELD RIGHT OF WAY,W 3RD ST,39.16465513,-86.57863721
902101659,2021,10,4,1300,Weekday,2-Car,No injury/unknown,DRIVER DISTRACTED - EXPLAIN IN NARRATIVE,3RD ST & WASHINGTON,39.16464,-86.53257641
901976286,2021,2,2,2000,Weekday,1-Car,No injury/unknown,ANIMAL/OBJECT IN ROADWAY,3RD ST & WALNUT,39.16464,-86.53324719
901999431,2021,4,5,1100,Weekday,2-Car,Non-incapacitating,FOLLOWING TOO CLOSELY,3RD ST & WALNUT,39.16464,-86.53333539
901968195,2021,2,1,1200,Weekend,2-Car,No injury/unknown,FAILURE TO YIELD RIGHT OF WAY,E 3RD ST & GRANT,39.16464,-86.529728
901956569,2021,1,7,900,Weekend,2-Car,No injury/unknown,FAILURE TO YIELD RIGHT OF WAY,3RD ST & GRANT,39.16464,-86.529728
901974364,2021,2,5,1900,Weekday,2-Car,No injury/unknown,FAILURE TO YIELD RIGHT OF WAY,EAST 3RD ST & GRANT,39.16464,-86.529728
902003959,2021,4,2,200,Weekday,2-Car,No injury/unknown,OTHER (DRIVER) - EXPLAIN IN NARRATIVE,3RD & GRANT ST,39.16464,-86.529728
902010356,2021,4,7,1200,Weekend,2-Car,No injury/unknown,FAILURE TO YIELD RIGHT OF WAY,E 3RD ST & S GRANT,39.16464,-86.529728
902106884,2021,10,6,1300,Weekday,2-Car,No injury/unknown,UNSAFE LANE MOVEMENT,E 3RD ST & GRANT,39.16464,-86.529728
902012987,2021,5,4,1100,Weekday,Bus,No injury/unknown,UNSAFE SPEED,3RD ST & LINCOLN,39.16464,-86.531024
902101451,2021,10,4,1300,Weekday,2-Car,No injury/unknown,DISREGARD SIGNAL/REG SIGN,EAST 3RD ST & SOUTH LINCOLN,39.16464,-86.531024
901967435,2021,2,6,1600,Weekday,3+ Cars,Non-incapacitating,DISREGARD SIGNAL/REG SIGN,3RD ST & WASHINGTON,39.16464,-86.5324
901966589,2021,1,5,1900,Weekday,2-Car,No injury/unknown,DISREGARD SIGNAL/REG SIGN,E 3RD ST & S WASHINGTON,39.16464,-86.5324
901999821,2021,4,6,1100,Weekday,2-Car,No injury/unknown,,S WASHINGTON ST,39.16464,-86.5324
902107989,2021,10,2,1100,Weekday,2-Car,Non-incapacitating,CELL PHONE USAGE,E 3RD ST & WASHINGTON,39.16464,-86.5324
902113390,2021,11,3,900,Weekday,2-Car,No injury/unknown,UNSAFE BACKING,E 3RD ST,39.16464,-86.5324
902143374,2021,12,5,1200,Weekday,2-Car,No injury/unknown,DISREGARD SIGNAL/REG SIGN,3RD ST & WASHINGTON,39.16464,-86.5324
902145845,2021,12,3,1100,Weekday,2-Car,No injury/unknown,DISREGARD SIGNAL/REG SIGN,3RD ST & WASHINGTON,39.16464,-86.5324
901963943,2021,1,1,100,Weekend,2-Car,No injury/unknown,OTHER (VEHICLE) - EXPLAIN IN NARRATIVE,SOUTH WALNUT ST,39.16464,-86.5336
901993283,2021,3,6,1500,Weekday,2-Car,No injury/unknown,,S WALNUT ST,39.16464,-86.5336
902019275,2021,5,3,1000,Weekday,3+ Cars,No injury/unknown,FOLLOWING TOO CLOSELY,3RD & S WALNUT ST,39.16464,-86.5336
902063645,2021,8,3,1600,Weekday,2-Car,No injury/unknown,FAILURE TO YIELD RIGHT OF WAY,S WALNUT ST,39.16464,-86.5336
902117800,2021,11,3,1100,Weekday,2-Car,No injury/unknown,UNSAFE BACKING,SOUTH WALNUT ST,39.16464,-86.5336
902118784,2021,11,3,1200,Weekday,2-Car,No injury/unknown,UNSAFE BACKING,S WALNUT ST & SR37,39.16464,-86.5336
901967827,2021,1,5,2200,Weekday,3+ Cars,No injury/unknown,SPEED TOO FAST FOR WEATHER CONDITIONS,COLLEGE & SR37S,39.16464,-86.534816
901961178,2021,1,3,1100,Weekday,2-Car,No injury/unknown,IMPROPER TURNING,SO COLLEGE AVE & W 3RD,39.16464,-86.534816
901975894,2021,2,2,1900,Weekday,2-Car,Non-incapacitating,DISREGARD SIGNAL/REG SIGN,3RD ST & COLLEGE,39.16464,-86.534816
901998579,2021,4,3,1400,Weekday,2-Car,Non-incapacitating,FAILURE TO YIELD RIGHT OF WAY,COLLEGE & WEST 3RD ST,39.16464,-86.534816
902018241,2021,5,1,1100,Weekend,2-Car,No injury/unknown,DISREGARD SIGNAL/REG SIGN,S COLLEGE AVE & W 3RD,39.16464,-86.534816
902068088,2021,8,4,1800,Weekday,2-Car,No injury/unknown,DISREGARD SIGNAL/REG SIGN,3RD & COLLEGE AVE,39.16464,-86.534816
902047283,2021,7,6,1200,Weekday,Cyclist,Non-incapacitating,DISREGARD SIGNAL/REG SIGN,S COLLEGE AVE & W 3RD,39.16464,-86.534816
902128445,2021,11,5,2300,Weekday,2-Car,Non-incapacitating,FAILURE TO YIELD RIGHT OF WAY,E 3RD & S COLLEGE AVE,39.16464,-86.534816
901999367,2021,4,5,1100,Weekday,2-Car,No injury/unknown,FOLLOWING TOO CLOSELY,3RD ST & KIMBLE,39.16464,-86.568
902032291,2021,6,5,1500,Weekday,3+ Cars,Non-incapacitating,FOLLOWING TOO CLOSELY,KIMBLE & WEST THIRD ST,39.16464,-86.568
902033299,2021,6,7,1300,Weekend,3+ Cars,No injury/unknown,DRIVER DISTRACTED - EXPLAIN IN NARRATIVE,2500 W 3RD ST & S KIMBLE,39.16464,-86.568
902035225,2021,6,4,1300,Weekday,2-Car,No injury/unknown,FOLLOWING TOO CLOSELY,KIMBLE & W 3RD ST,39.16464,-86.568
902021071,2021,5,6,1200,Weekday,2-Car,No injury/unknown,FOLLOWING TOO CLOSELY,KIMBLE & WEST 3RD ST,39.16464,-86.568
902085703,2021,9,4,2100,Weekday,2-Car,No injury/unknown,IMPROPER LANE USAGE,3RD ST & KIMBLE,39.16464,-86.568
902124095,2021,11,5,1600,Weekday,2-Car,No injury/unknown,UNSAFE BACKING,E 3RD ST,39.16464,-86.56905455
901996139,2021,3,4,1300,Weekday,2-Car,No injury/unknown,UNSAFE BACKING,E 3RD ST,39.16464,-86.56913891
902105192,2021,10,4,800,Weekday,3+ Cars,Non-incapacitating,FOLLOWING TOO CLOSELY,CURRY & W 3RD ST,39.16463971,-86.58292002
902113824,2021,11,4,1000,Weekday,2-Car,No injury/unknown,FOLLOWING TOO CLOSELY,3RD ST & CURRY,39.16463971,-86.58292002
902120808,2021,11,7,2200,Weekend,2-Car,No injury/unknown,FAILURE TO YIELD RIGHT OF WAY,3RD & CURRY PIKE,39.16463971,-86.58292002
902129152,2021,11,6,1800,Weekday,2-Car,No injury/unknown,FOLLOWING TOO CLOSELY,S CURRY & W 3RD ST,39.16463971,-86.58296332
902002224,2021,4,4,1700,Weekday,2-Car,No injury/unknown,FAILURE TO YIELD RIGHT OF WAY,W THIRD ST,39.16462563,-86.57083064
902078908,2021,9,6,800,Weekday,1-Car,Non-incapacitating,OTHER (DRIVER) - EXPLAIN IN NARRATIVE,W 3RD ST,39.16462094,-86.58336393
902056319,2021,7,3,1100,Weekday,2-Car,No injury/unknown,FAILURE TO YIELD RIGHT OF WAY,3RD ST & MADISON,39.16462027,-86.53741031
901996818,2021,3,5,1900,Weekday,2-Car,No injury/unknown,FAILURE TO YIELD RIGHT OF WAY,3RD ST & LIBERTY,39.16461021,-86.57908677
902140619,2021,12,3,1200,Weekday,2-Car,No injury/unknown,OTHER (DRIVER) - EXPLAIN IN NARRATIVE,3RD ST & LIBERTY,39.16461021,-86.57911708
901987082,2021,3,2,900,Weekday,2-Car,No injury/unknown,DISREGARD SIGNAL/REG SIGN,3RD ST & LIBERTY,39.16461021,-86.57913006
902023756,2021,5,3,2200,Weekday,2-Car,No injury/unknown,FAILURE TO YIELD RIGHT OF WAY,3RD ST & LIBERTY,39.16461021,-86.57913006
902047441,2021,7,2,2000,Weekday,2-Car,No injury/unknown,FAILURE TO YIELD RIGHT OF WAY,3RD ST & LIBERTY,39.16461021,-86.57913006
902074687,2021,8,2,1300,Weekday,2-Car,No injury/unknown,FOLLOWING TOO CLOSELY,S LIBERTY & W 3RD ST,39.16461021,-86.57913006
902141703,2021,12,5,800,Weekday,2-Car,No injury/unknown,FAILURE TO YIELD RIGHT OF WAY,3RD & LIBERTY DR,39.16461021,-86.57913006
902091003,2021,9,7,1300,Weekend,2-Car,No injury/unknown,UNSAFE LANE MOVEMENT,LIBERTY & W 3RD ST,39.16461021,-86.57913872
901993728,2021,3,7,1100,Weekend,2-Car,No injury/unknown,FAILURE TO YIELD RIGHT OF WAY,SO LIBERTY & W 3RD ST,39.16461021,-86.57914045
902070747,2021,8,3,1800,Weekday,2-Car,Non-incapacitating,DISREGARD SIGNAL/REG SIGN,3RD ST & WASHINGTON,39.16460015,-86.53235971
902100816,2021,10,7,1600,Weekend,2-Car,Non-incapacitating,FOLLOWING TOO CLOSELY,3RD ST & WASHINGTON,39.16460015,-86.53235971
902118932,2021,11,4,1600,Weekday,2-Car,No injury/unknown,DISREGARD SIGNAL/REG SIGN,3RD ST & WASHINGTON,39.16460015,-86.53235971
902054410,2021,7,6,1100,Weekday,Moped/Motorcycle,Non-incapacitating,FAILURE TO YIELD RIGHT OF WAY,3RD & WALNUT ST,39.16460015,-86.53362974
902112449,2021,11,2,1300,Weekday,2-Car,No injury/unknown,FOLLOWING TOO CLOSELY,THIRD ST & WALNUT,39.16460015,-86.53362974
901971787,2021,2,6,2000,Weekend,2-Car,No injury/unknown,FAILURE TO YIELD RIGHT OF WAY,3RD ST & COLLEGE,39.16460015,-86.53489977
902083022,2021,9,6,1500,Weekday,2-Car,No injury/unknown,FAILURE TO YIELD RIGHT OF WAY,3RD ST & COLLEGE,39.16460015,-86.53489977
902111264,2021,11,6,1200,Weekday,2-Car,No injury/unknown,DISREGARD SIGNAL/REG SIGN,3RD & COLLEGE AVE,39.16460015,-86.53489977
902120790,2021,11,7,2100,Weekend,2-Car,No injury/unknown,DISREGARD SIGNAL/REG SIGN,3RD ST & COLLEGE,39.16460015,-86.53489977
902105249,2021,10,4,700,Weekday,1-Car,No injury/unknown,OTHER (DRIVER) - EXPLAIN IN NARRATIVE,W 3RD ST,39.16460015,-86.58302865
902055079,2021,7,1,0,Weekend,Moped/Motorcycle,Non-incapacitating,RAN OFF ROAD RIGHT,3RD & ROGERS ST,39.16459641,-86.538592
902048844,2021,7,2,1700,Weekday,2-Car,No injury/unknown,FOLLOWING TOO CLOSELY,3RD & LINCOLN ST,39.16459009,-86.5311098
902090143,2021,9,5,1600,Weekday,3+ Cars,Non-incapacitating,FOLLOWING TOO CLOSELY,GATES & W 3RD ST,39.16459009,-86.57617378
901971314,2021,2,5,1600,Weekday,2-Car,No injury/unknown,DRIVER DISTRACTED - EXPLAIN IN NARRATIVE,GATES & W 3RD ST,39.16459009,-86.57619975
901992376,2021,3,4,1800,Weekday,Bus,No injury/unknown,DISREGARD SIGNAL/REG SIGN,3RD ST & GATES,39.16459009,-86.57619975
902003487,2021,4,7,1100,Weekend,2-Car,No injury/unknown,FAILURE TO YIELD RIGHT OF WAY,GATES & W 3RD ST,39.16459009,-86.57619975
902015380,2021,5,2,2200,Weekday,2-Car,No injury/unknown,DISREGARD SIGNAL/REG SIGN,GATES & WEST 3RD ST,39.16459009,-86.57619975
902016542,2021,4,4,1600,Weekday,Bus,No injury/unknown,FAILURE TO YIELD RIGHT OF WAY,3RD & GATES DR,39.16459009,-86.57619975
902070444,2021,8,3,1100,Weekday,2-Car,No injury/unknown,FOLLOWING TOO CLOSELY,GATES & W 3RD ST,39.16459009,-86.57619975
902071608,2021,8,5,1400,Weekday,2-Car,No injury/unknown,FOLLOWING TOO CLOSELY,3RD ST & GATES,39.16459009,-86.57619975
902040796,2021,6,1,1800,Weekend,1-Car,Non-incapacitating,RAN OFF ROAD RIGHT,3RD ST & GATES,39.16459009,-86.57619975
902042135,2021,6,3,1600,Weekday,3+ Cars,Non-incapacitating,FOLLOWING TOO CLOSELY,GATES & W 3RD ST,39.16459009,-86.57619975
902064612,2021,8,5,1600,Weekday,3+ Cars,No injury/unknown,FOLLOWING TOO CLOSELY,GATES & W 3RD ST,39.16459009,-86.57619975
902122678,2021,11,3,1600,Weekday,3+ Cars,No injury/unknown,FOLLOWING TOO CLOSELY,3RD ST & GATES,39.16459009,-86.57619975
902135764,2021,12,4,1400,Weekday,2-Car,No injury/unknown,FAILURE TO YIELD RIGHT OF WAY,3RD ST & GATES,39.16459009,-86.57619975
901961044,2021,1,3,800,Weekday,2-Car,No injury/unknown,FAILURE TO YIELD RIGHT OF WAY,GATES & SR48,39.16458572,-86.57618347
901972234,2021,2,1,1200,Weekend,1-Car,No injury/unknown,OTHER (DRIVER) - EXPLAIN IN NARRATIVE,400 3RD ST & DUNN,39.16457778,-86.52830149
901960301,2021,1,1,1700,Weekend,1-Car,No injury/unknown,RAN OFF ROAD RIGHT,GRANT ST & THIRD,39.16456997,-86.52982972
902013585,2021,5,6,1300,Weekday,2-Car,No injury/unknown,,3RD ST & GRANT,39.16456997,-86.52982972
902023641,2021,5,3,1400,Weekday,2-Car,Non-incapacitating,FAILURE TO YIELD RIGHT OF WAY,3RD ST & GRANT,39.16456997,-86.52982972
902049367,2021,7,3,1500,Weekday,2-Car,No injury/unknown,FOLLOWING TOO CLOSELY,3RD ST & GRANT,39.16456997,-86.52982972
902111784,2021,11,1,1200,Weekend,2-Car,Non-incapacitating,UNSAFE LANE MOVEMENT,E 3RD ST & S GRANT,39.16456997,-86.52982972
901982005,2021,3,7,1200,Weekend,2-Car,No injury/unknown,UNSAFE BACKING,(NS ALLEY) E 3RD ST & S GRANT,39.16456997,-86.52984703
902027219,2021,5,3,1400,Weekday,2-Car,No injury/unknown,UNSAFE BACKING,EAST 3RD ST,39.16456,-86.5550845
902062825,2021,8,2,1500,Weekday,2-Car,No injury/unknown,FAILURE TO YIELD RIGHT OF WAY,THIRD ST & YANCY,39.16455992,-86.56948015
901967081,2021,2,6,1200,Weekday,2-Car,No injury/unknown,DRIVER DISTRACTED - EXPLAIN IN NARRATIVE,3RD ST & FRANKLIN,39.16455992,-86.5701816
902007950,2021,4,1,1300,Weekend,Moped/Motorcycle,Non-incapacitating,FAILURE TO YIELD RIGHT OF WAY,3RD ST & FRANKLIN,39.16455992,-86.57019026
902072293,2021,8,6,1600,Weekday,2-Car,Non-incapacitating,FOLLOWING TOO CLOSELY,3RD ST & FRANKLIN,39.16455992,-86.57019026
902091424,2021,9,1,1500,Weekend,2-Car,Non-incapacitating,BRAKE FAILURE OR DEFECTIVE,3RD ST & WYNNEDALE,39.16455992,-86.57019026
902132454,2021,12,6,300,Weekday,1-Car,No injury/unknown,RAN OFF ROAD RIGHT,FRANKLIN RD & W 3RD,39.16455992,-86.57019026
902145697,2021,12,2,2200,Weekday,3+ Cars,No injury/unknown,FOLLOWING TOO CLOSELY,THIRD & WYNNEDALE DR,39.16455992,-86.57019026
901980018,2021,2,1,1800,Weekend,2-Car,No injury/unknown,,W 3RD ST,39.16455981,-86.55584763
902059613,2021,7,3,100,Weekday,2-Car,No injury/unknown,UNSAFE BACKING,W 3RD ST,39.16454406,-86.55360366
901976983,2021,2,4,1600,Weekday,2-Car,No injury/unknown,FAILURE TO YIELD RIGHT OF WAY,3RD & CORY LN,39.164544,-86.560096
901991585,2021,3,2,1700,Weekday,2-Car,No injury/unknown,DRIVER ASLEEP OR FATIGUED,S CURRY PIKE & W 3RD,39.164544,-86.560096
902015296,2021,5,2,1300,Weekday,2-Car,No injury/unknown,UNSAFE LANE MOVEMENT,3RD & CURRY PIKE,39.164544,-86.560096
902072569,2021,8,7,1600,Weekend,2-Car,No injury/unknown,FAILURE TO YIELD RIGHT OF WAY,CORY & THIRD ST,39.164544,-86.560096
902105442,2021,10,4,1600,Weekday,2-Car,Non-incapacitating,FOLLOWING TOO CLOSELY,KIMBLE & THIRD ST,39.1645398,-86.56798152
901966758,2021,1,3,200,Weekday,1-Car,No injury/unknown,RAN OFF ROAD RIGHT,S KIMBLE DR & W 3RD,39.1645398,-86.56799018
902013772,2021,5,5,1700,Weekday,2-Car,No injury/unknown,FOLLOWING TOO CLOSELY,3RD ST & KIMBLE,39.1645398,-86.56799018
902043381,2021,6,5,1700,Weekday,2-Car,Non-incapacitating,FOLLOWING TOO CLOSELY,3RD ST & KIMBLE,39.1645398,-86.56799018
902120295,2021,11,6,1700,Weekday,2-Car,No injury/unknown,FOLLOWING TOO CLOSELY,3RD ST & KIMBLE,39.1645398,-86.56799018
902084133,2021,9,5,1100,Weekday,2-Car,No injury/unknown,LEFT OF CENTER,S ADAMS & W 3RD ST,39.164512,-86.550624
902029061,2021,5,6,1700,Weekday,2-Car,No injury/unknown,DRIVER DISTRACTED - EXPLAIN IN NARRATIVE,3RD ST & MULLER,39.16450024,-86.56267422
901966569,2021,1,5,1900,Weekday,2-Car,No injury/unknown,SPEED TOO FAST FOR WEATHER CONDITIONS,MULLER & W 3RD ST,39.16450024,-86.56270019
901977009,2021,2,4,1600,Weekday,2-Car,Non-incapacitating,FAILURE TO YIELD RIGHT OF WAY,3RD ST & MULLER,39.16450024,-86.56270019
901982803,2021,3,6,1700,Weekday,2-Car,No injury/unknown,UNSAFE LANE MOVEMENT,MULLER & WEST 3 ST ST,39.16450024,-86.56270019
901994376,2021,3,2,800,Weekday,2-Car,No injury/unknown,SPEED TOO FAST FOR WEATHER CONDITIONS,MULLER PKWY & W 3RD,39.16450024,-86.56270019
902032476,2021,6,6,200,Weekday,1-Car,No injury/unknown,RAN OFF ROAD RIGHT,S MULLER PKWY & W 3RD,39.16450024,-86.56270019
902010657,2021,4,7,1900,Weekend,2-Car,No injury/unknown,FAILURE TO YIELD RIGHT OF WAY,MULLER & WEST THIRD ST,39.16450024,-86.56270019
902064468,2021,8,5,1400,Weekday,1-Car,No injury/unknown,DISREGARD SIGNAL/REG SIGN,3RD ST & MULLER,39.16450024,-86.56270019
902010318,2021,4,7,800,Weekend,1-Car,No injury/unknown,,MULLER & W 3RD ST,39.16450024,-86.56271318
902080955,2021,9,3,1200,Weekday,3+ Cars,No injury/unknown,OTHER (VEHICLE) - EXPLAIN IN NARRATIVE,E 3RD ST,39.164491,-86.549814
901953726,2021,1,1,1400,Weekend,2-Car,No injury/unknown,UNSAFE BACKING,3RD ST,39.164488,-86.54969829
902143964,2021,12,6,1600,Weekday,1-Car,No injury/unknown,OBSTRUCTION NOT MARKED,E 3RD ST,39.164488,-86.54969829
902083026,2021,9,6,1600,Weekday,2-Car,No injury/unknown,DRIVER ASLEEP OR FATIGUED,3RD ST & CORY,39.16448012,-86.56015008
902136641,2021,12,4,1000,Weekday,2-Car,No injury/unknown,IMPROPER LANE USAGE,CORY & THIRD ST,39.16448012,-86.56015008
902032941,2021,6,7,1300,Weekend,1-Car,Non-incapacitating,RAN OFF ROAD RIGHT,WEST 3RD ST,39.16447742,-86.54929031
902048856,2021,7,2,900,Weekday,2-Car,No injury/unknown,FOLLOWING TOO CLOSELY,SR37N,39.16446797,-86.57233285
902090954,2021,9,6,800,Weekday,2-Car,No injury/unknown,,S COLLEGE AVE,39.16446694,-86.53481763
902020543,2021,5,3,1200,Weekday,2-Car,No injury/unknown,UNSAFE BACKING,EAST 3RD ST,39.1644625,-86.54871471
902123358,2021,11,4,1200,Weekday,2-Car,No injury/unknown,OVERCORRECTING/OVERSTEERING,E 3RD ST,39.1644625,-86.54871471
902132461,2021,12,6,0,Weekday,2-Car,No injury/unknown,SPEED TOO FAST FOR WEATHER CONDITIONS,3RD ST & DUNN,39.16444995,-86.52821972
901960992,2021,1,2,1300,Weekday,2-Car,Non-incapacitating,FOLLOWING TOO CLOSELY,E 3RD ST & SR 45 46 BYPASS,39.164448,-86.471888
901970405,2021,2,4,800,Weekday,3+ Cars,Non-incapacitating,FOLLOWING TOO CLOSELY,3RD ST & SR 45 46,39.164448,-86.471888
901991442,2021,3,2,1300,Weekday,2-Car,No injury/unknown,FOLLOWING TOO CLOSELY,3RD & SR 45 46 BYP,39.164448,-86.471888
902047265,2021,7,6,1200,Weekday,2-Car,Non-incapacitating,FOLLOWING TOO CLOSELY,EAST THIRD ST & SR4546,39.164448,-86.471888
901965171,2021,1,3,800,Weekday,2-Car,No injury/unknown,FOLLOWING TOO CLOSELY,FESS & THIRD ST,39.164448,-86.525792
901985410,2021,3,5,1300,Weekday,2-Car,Non-incapacitating,FAILURE TO YIELD RIGHT OF WAY,FESS & THIRD ST,39.164448,-86.525792
902086843,2021,9,6,1700,Weekday,3+ Cars,No injury/unknown,FOLLOWING TOO CLOSELY,E 3RD ST & S FESS,39.164448,-86.525792
902121059,2021,11,1,1500,Weekend,3+ Cars,No injury/unknown,FOLLOWING TOO CLOSELY,3RD ST & FESS,39.164448,-86.525792
902135615,2021,12,4,1200,Weekday,2-Car,No injury/unknown,FAILURE TO YIELD RIGHT OF WAY,FESS & THIRD ST,39.164448,-86.525792
902045522,2021,7,2,1200,Weekday,2-Car,No injury/unknown,FAILURE TO YIELD RIGHT OF WAY,3RD ST & INDIANA,39.164448,-86.52591797
901961382,2021,1,3,1500,Weekday,2-Car,No injury/unknown,FOLLOWING TOO CLOSELY,3RD ST & INDIANA,39.164448,-86.52669416
902073886,2021,8,2,1400,Weekday,2-Car,No injury/unknown,UNSAFE LANE MOVEMENT,INDIANA & THIRD ST,39.164448,-86.5268
902075603,2021,8,6,800,Weekday,1-Car,No injury/unknown,UNSAFE BACKING,3RD ST & INDIANA,39.164448,-86.5268
902088160,2021,9,2,1300,Weekday,2-Car,No injury/unknown,FOLLOWING TOO CLOSELY,3RD ST & INDIANA,39.164448,-86.5268
902138032,2021,12,7,100,Weekend,2-Car,No injury/unknown,SPEED TOO FAST FOR WEATHER CONDITIONS,E 3RD ST & S INDIANA,39.164448,-86.5268
902138169,2021,12,6,2100,Weekend,2-Car,No injury/unknown,FAILURE TO YIELD RIGHT OF WAY,INDIANA 37 & W 3RD ST,39.164448,-86.5268
901961466,2021,1,3,2000,Weekday,2-Car,No injury/unknown,LEFT OF CENTER,3RD ST & ATWATER,39.164448,-86.528096
901966637,2021,1,1,1900,Weekday,2-Car,No injury/unknown,ROADWAY SURFACE CONDITION,DUNN & THIRD ST,39.164448,-86.528096
902000790,2021,4,2,600,Weekday,2-Car,No injury/unknown,DISREGARD SIGNAL/REG SIGN,DUNN & E 3RD ST,39.164448,-86.528096
901981941,2021,3,6,1200,Weekday,3+ Cars,Non-incapacitating,UNSAFE LANE MOVEMENT,E 3RD & S DUNN ST,39.164448,-86.528096
902024959,2021,5,6,200,Weekday,1-Car,No injury/unknown,UNSAFE BACKING,ATWATER AVE & DUNN,39.164448,-86.528096
902083385,2021,9,7,1900,Weekend,2-Car,No injury/unknown,UNSAFE LANE MOVEMENT,3RD ST & DUNN,39.164448,-86.528096
902105748,2021,10,5,700,Weekday,2-Car,No injury/unknown,UNSAFE LANE MOVEMENT,DUNN & E 3RD ST,39.164448,-86.528096
902080466,2021,9,7,1600,Weekend,2-Car,No injury/unknown,UNSAFE BACKING,E 3RD ST,39.16444703,-86.52575968
901991337,2021,3,2,2300,Weekday,2-Car,No injury/unknown,FAILURE TO YIELD RIGHT OF WAY,E 3RD ST,39.16443758,-86.54775367