Master Record Number,Year,Month,Day,Hour,Weekend,Collision Type,Injury Type,Primary Factor,Reported_Location,Latitude,Longitude
902081798,2021,9,4,2000,Weekday,2-Car,No injury/unknown,FOLLOWING TOO CLOSELY,3RD ST & FESS,39.16443214,-86.52526318
902001017,2021,4,2,1100,Weekday,2-Car,No injury/unknown,FAILURE TO YIELD RIGHT OF WAY,LANDMARK & W  3RD ST,39.16442983,-86.55629252
901959856,2021,1,5,1500,Weekday,2-Car,No injury/unknown,FOLLOWING TOO CLOSELY,LANDMARK & WEST THIRD ST,39.16442983,-86.55630983
902067592,2021,8,4,1400,Weekday,2-Car,No injury/unknown,FAILURE TO YIELD RIGHT OF WAY,LANDMARK & THIRD ST,39.16442983,-86.55630983
902068825,2021,8,6,1200,Weekday,2-Car,No injury/unknown,FAILURE TO YIELD RIGHT OF WAY,3RD ST & LANDMARK,39.16442983,-86.55630983
902078483,2021,9,4,900,Weekday,Cyclist,Non-incapacitating,BRAKE FAILURE OR DEFECTIVE,S LANDMARK & W 3RD ST,39.16442983,-86.55630983
902100982,2021,10,3,1700,Weekday,3+ Cars,Non-incapacitating,DISREGARD SIGNAL/REG SIGN,3RD ST & LANDMARK,39.16442983,-86.55630983
902035447,2021,6,4,1200,Weekday,2-Car,No injury/unknown,UNSAFE LANE MOVEMENT,LANDMARK & WEST THIRD ST,39.16442983,-86.5563358
902057187,2021,7,4,1700,Weekday,2-Car,No injury/unknown,UNSAFE BACKING,WEST THIRD ST,39.16442983,-86.57200276
901967328,2021,1,5,1400,Weekday,2-Car,No injury/unknown,UNSAFE BACKING,EAST 3RD ST,39.16442667,-86.52508089
902096977,2021,10,3,1500,Weekday,2-Car,No injury/unknown,FOLLOWING TOO CLOSELY,E 3RD ST,39.16442667,-86.52508089
902096998,2021,10,3,1600,Weekday,2-Car,No injury/unknown,FAILURE TO YIELD RIGHT OF WAY,E 3RD ST,39.16442667,-86.52508089
902043528,2021,6,6,1300,Weekday,2-Car,No injury/unknown,UNSAFE BACKING,3RD ST & WESTPLEX,39.16440971,-86.5538964
902000006,2021,4,3,1700,Weekday,2-Car,Non-incapacitating,FOLLOWING TOO CLOSELY,3RD ST & WESTPLEX,39.16440971,-86.55389986
902080981,2021,9,2,1700,Weekday,2-Car,Non-incapacitating,FOLLOWING TOO CLOSELY,3RD ST & WESTPLEX,39.16440971,-86.55389986
902090958,2021,9,7,800,Weekend,2-Car,No injury/unknown,UNSAFE LANE MOVEMENT,E 3RD ST & SR446,39.1644096,-86.47214797
902080891,2021,9,2,1900,Weekday,1-Car,No injury/unknown,,W THIRD ST & WALKER,39.1644,-86.546304
902047523,2021,7,7,0,Weekend,1-Car,No injury/unknown,UNSAFE LANE MOVEMENT,S PATTERSON & W 3RD ST,39.16439943,-86.55195948
902091471,2021,9,1,1700,Weekend,2-Car,No injury/unknown,FOLLOWING TOO CLOSELY,SOUTH PATTERSON & WEST 3RD ST,39.16439943,-86.55195948
902016111,2021,5,3,1300,Weekday,2-Car,No injury/unknown,,W THIRD ST,39.16438675,-86.58110809
902107421,2021,10,7,1200,Weekend,2-Car,No injury/unknown,FAILURE TO YIELD RIGHT OF WAY,400 E 3RD ST & S GRANT,39.164375,-86.52949665
902001479,2021,4,3,800,Weekday,2-Car,No injury/unknown,IMPROPER TURNING,HENDERSON ST & HUNTER,39.1643687,-86.52682873
902002898,2021,4,6,500,Weekday,1-Car,No injury/unknown,RAN OFF ROAD RIGHT,S UNION ST,39.16435494,-86.509296
901993496,2021,3,7,1000,Weekend,2-Car,No injury/unknown,FOLLOWING TOO CLOSELY,E 3RD & SO HIGH ST,39.164352,-86.508288
901991458,2021,3,3,900,Weekday,2-Car,Non-incapacitating,FOLLOWING TOO CLOSELY,3RD ST & HIGH,39.164352,-86.50855261
901990232,2021,3,7,1400,Weekend,3+ Cars,No injury/unknown,FOLLOWING TOO CLOSELY,3RD ST & UNION,39.164352,-86.5088
902091595,2021,9,1,1900,Weekday,1-Car,No injury/unknown,IMPROPER TURNING,E 3RD & UNION ST,39.164352,-86.5088
902015702,2021,5,3,1100,Weekday,Cyclist,Non-incapacitating,OTHER (DRIVER) - EXPLAIN IN NARRATIVE,EAST 3RD ST & ROSE,39.164352,-86.510944
902101517,2021,10,4,1800,Weekday,2-Car,No injury/unknown,IMPROPER TURNING,3RD ST & ROSE,39.164352,-86.510944
901965919,2021,1,4,1400,Weekday,1-Car,No injury/unknown,UNSAFE BACKING,E 3RD ST,39.164352,-86.521088
902102999,2021,10,7,1000,Weekend,2-Car,No injury/unknown,SPEED TOO FAST FOR WEATHER CONDITIONS,3RD ST & FACULTY,39.164352,-86.521088
902141913,2021,12,4,1200,Weekday,2-Car,No injury/unknown,FOLLOWING TOO CLOSELY,S FACULTY & THIRD ST,39.164352,-86.521088
902142679,2021,12,4,1200,Weekday,2-Car,No injury/unknown,FOLLOWING TOO CLOSELY,FACULTY & THIRD ST,39.164352,-86.521088
902019302,2021,5,3,1100,Weekday,1-Car,No injury/unknown,OTHER (DRIVER) - EXPLAIN IN NARRATIVE,SOUTH WOODLAWN AVE,39.164352,-86.522592
902056624,2021,7,3,1700,Weekday,1-Car,No injury/unknown,UNSAFE BACKING,S WOODLAWN AVE,39.164352,-86.522592
901966959,2021,2,6,800,Weekday,1-Car,No injury/unknown,SPEED TOO FAST FOR WEATHER CONDITIONS,WEST 3RD ST,39.16432953,-86.5832901
902005567,2021,4,4,1600,Weekday,2-Car,No injury/unknown,FAILURE TO YIELD RIGHT OF WAY,W 3RD ST,39.16432953,-86.5832901
901977331,2021,2,5,1300,Weekday,2-Car,No injury/unknown,FOLLOWING TOO CLOSELY,E 3RD ST & S BRYAN,39.16432,-86.50824
902018246,2021,5,1,1200,Weekend,2-Car,Incapacitating,FAILURE TO YIELD RIGHT OF WAY,BURMA ROAD & SR37N,39.16432,-86.50824
902050074,2021,7,4,1300,Weekday,2-Car,No injury/unknown,FOLLOWING TOO CLOSELY,E 3RD ST & SO BRYAN,39.16432,-86.50824
902109954,2021,10,4,1500,Weekday,2-Car,No injury/unknown,IMPROPER LANE USAGE,E THIRD ST,39.16431248,-86.50218285
901956437,2021,1,6,1400,Weekday,3+ Cars,No injury/unknown,DRIVER DISTRACTED - EXPLAIN IN NARRATIVE,E 3RD ST & ROOSEVELT,39.164304,-86.505792
901997024,2021,3,6,1300,Weekday,2-Car,No injury/unknown,FOLLOWING TOO CLOSELY,E 3RD ST & S ROOSEVELT,39.164304,-86.505792
902082816,2021,9,6,100,Weekday,2-Car,No injury/unknown,FAILURE TO YIELD RIGHT OF WAY,EAST THIRD ST & ROOSEVELT,39.164304,-86.505792
902088433,2021,9,2,1200,Weekday,2-Car,No injury/unknown,FOLLOWING TOO CLOSELY,EAST 3RD ST & ROOSEVELT,39.164304,-86.505792
902095302,2021,10,1,1200,Weekend,2-Car,No injury/unknown,FOLLOWING TOO CLOSELY,E 3RD ST & S ROOSEVELT,39.164304,-86.505792
901980822,2021,2,4,1200,Weekday,2-Car,No injury/unknown,FOLLOWING TOO CLOSELY,3RD ST & JEFFERSON,39.164304,-86.506992
901980826,2021,2,4,1300,Weekday,2-Car,No injury/unknown,FOLLOWING TOO CLOSELY,3RD ST & JEFFERSON,39.164304,-86.506992
902005135,2021,4,4,300,Weekday,1-Car,No injury/unknown,IMPROPER TURNING,E 3RD ST & JEFFERSON,39.164304,-86.506992
902066837,2021,8,3,900,Weekday,2-Car,No injury/unknown,UNSAFE BACKING,MAPLE ST & WEST 3RD,39.16429974,-86.54222019
902143725,2021,12,5,900,Weekday,2-Car,No injury/unknown,UNSAFE BACKING,EAST 3RD ST,39.16429505,-86.49985268
901969945,2021,2,3,1500,Weekday,Moped/Motorcycle,Non-incapacitating,OTHER (DRIVER) - EXPLAIN IN NARRATIVE,E 3RD ST & FESS,39.16428968,-86.52587444
901975629,2021,2,2,1100,Weekday,2-Car,No injury/unknown,FAILURE TO YIELD RIGHT OF WAY,FESS & THIRD ST,39.16428968,-86.52589174
902089017,2021,9,3,1700,Weekday,Cyclist,Non-incapacitating,IMPROPER LANE USAGE,HENDERSON & THIRD ST,39.16427777,-86.52588752
902049694,2021,7,4,1100,Weekday,2-Car,Non-incapacitating,UNSAFE LANE MOVEMENT,FESS & THIRD ST,39.1642777,-86.52587125
902020108,2021,5,2,1600,Weekday,2-Car,No injury/unknown,OTHER (DRIVER) - EXPLAIN IN NARRATIVE,S MADISON ST,39.16427589,-86.537296
901953603,2021,1,1,1900,Weekday,2-Car,No injury/unknown,FAILURE TO YIELD RIGHT OF WAY,JORDAN AVE & THIRD,39.16427532,-86.51640856
901954286,2021,1,2,1500,Weekday,Pedestrian,Non-incapacitating,PEDESTRIAN ACTION,JORDAN AVE & THIRD,39.16427532,-86.51640856
902038430,2021,6,3,1700,Weekday,2-Car,No injury/unknown,IMPROPER PASSING,JORDAN AVE & THIRD,39.16427532,-86.51640856
902056968,2021,7,4,1200,Weekday,2-Car,No injury/unknown,UNSAFE LANE MOVEMENT,JORDAN & THIRD ST,39.16427532,-86.51640856
902074626,2021,8,4,1700,Weekday,2-Car,No injury/unknown,UNSAFE BACKING,E JONES & JORDAN AVE,39.16427532,-86.51640856
901971742,2021,2,5,1900,Weekday,2-Car,Non-incapacitating,IMPROPER TURNING,BALLANTINE RD & THIRD,39.16427388,-86.5191192
902073737,2021,8,2,1400,Weekday,2-Car,No injury/unknown,UNSAFE LANE MOVEMENT,BALLANTINE RD & THIRD,39.16427388,-86.5191192
902059243,2021,7,2,1300,Weekday,2-Car,Non-incapacitating,IMPROPER LANE USAGE,SWAIN & THIRD ST,39.16427358,-86.51583434
901955887,2021,1,5,1700,Weekday,3+ Cars,No injury/unknown,UNSAFE LANE MOVEMENT,E THIRD ST & OVERHILL,39.164272,-86.501488
901985893,2021,3,6,1000,Weekday,2-Car,No injury/unknown,FAILURE TO YIELD RIGHT OF WAY,E 3RD ST & S OVERHILL,39.164272,-86.501488
902046237,2021,7,4,700,Weekday,2-Car,No injury/unknown,FAILURE TO YIELD RIGHT OF WAY,EAST THIRD ST & OVERHILL,39.164272,-86.501488
902038021,2021,6,7,1100,Weekend,2-Car,No injury/unknown,IMPROPER TURNING,E 3RD ST,39.164272,-86.50177208
901978161,2021,2,6,1300,Weekday,2-Car,No injury/unknown,UNSAFE BACKING,E 3RD ST,39.164272,-86.50199935
902089058,2021,9,3,2200,Weekday,2-Car,No injury/unknown,UNSAFE BACKING,W 3RD ST,39.164272,-86.50232131
901995011,2021,3,2,1200,Weekday,2-Car,No injury/unknown,FAILURE TO YIELD RIGHT OF WAY,3RD & SO WOODSCREST DR,39.164272,-86.502416
901996137,2021,3,4,1200,Weekday,2-Car,No injury/unknown,FOLLOWING TOO CLOSELY,3RD & WOODSCREST DR,39.164272,-86.502416
902006345,2021,4,6,1000,Weekday,2-Car,No injury/unknown,OTHER (DRIVER) - EXPLAIN IN NARRATIVE,3RD & WOODSCREST DR,39.164272,-86.502416
902031957,2021,6,4,1000,Weekday,2-Car,No injury/unknown,FOLLOWING TOO CLOSELY,3RD & SR46E,39.16427161,-86.47362489
902096270,2021,10,2,0,Weekday,2-Car,No injury/unknown,OTHER (DRIVER) - EXPLAIN IN NARRATIVE,MITCHELL ST & THIRD,39.16427137,-86.51420373
901996739,2021,3,4,1200,Weekday,2-Car,No injury/unknown,DISREGARD SIGNAL/REG SIGN,3RD ST & WOODSCREST,39.16427024,-86.50241017
902106883,2021,10,6,1400,Weekday,2-Car,No injury/unknown,FAILURE TO YIELD RIGHT OF WAY,E 3RD ST & S WOODSCREST,39.16427024,-86.50241882
902083060,2021,9,5,700,Weekday,2-Car,No injury/unknown,UNSAFE BACKING,3RD ST & ROOSEVELT,39.16427024,-86.50600969
901991621,2021,3,3,1200,Weekday,2-Car,No injury/unknown,FOLLOWING TOO CLOSELY,3RD ST & ROOSEVELT,39.16427024,-86.50601834
902051007,2021,7,6,1800,Weekday,3+ Cars,No injury/unknown,FOLLOWING TOO CLOSELY,3RD ST & JEFFERSON,39.16427024,-86.50710001
902087141,2021,9,7,1900,Weekend,2-Car,No injury/unknown,FOLLOWING TOO CLOSELY,3RD ST & JEFFERSON,39.16427024,-86.50710001
902110264,2021,10,5,1500,Weekday,2-Car,No injury/unknown,FOLLOWING TOO CLOSELY,3RD ST & JEFFERSON,39.16427024,-86.50710001
902075010,2021,8,5,1200,Weekday,2-Car,Non-incapacitating,FOLLOWING TOO CLOSELY,3RD ST & UNION,39.16427024,-86.50910027
902100983,2021,10,3,2000,Weekday,2-Car,No injury/unknown,FAILURE TO YIELD RIGHT OF WAY,3RD ST & UNION,39.16427024,-86.50910027
902118200,2021,11,3,1800,Weekday,2-Car,No injury/unknown,IMPROPER PASSING,3RD ST & UNION,39.16427024,-86.50910027
901953796,2021,1,7,1000,Weekend,2-Car,No injury/unknown,DISREGARD SIGNAL/REG SIGN,E 3RD ST & S ARBUTUS,39.16427024,-86.51217006
902017712,2021,5,6,1600,Weekday,2-Car,No injury/unknown,IMPROPER TURNING,3RD ST & ARBUTUS,39.16427024,-86.51217006
902071068,2021,8,4,1300,Weekday,2-Car,No injury/unknown,IMPROPER TURNING,EASTSIDE & THIRD ST,39.16427024,-86.51321008
901953837,2021,1,2,700,Weekday,2-Car,No injury/unknown,FOLLOWING TOO CLOSELY,3RD ST & HIGHLAND,39.16427024,-86.51772022
901982994,2021,3,2,1300,Weekday,2-Car,No injury/unknown,IMPROPER LANE USAGE,HIGHLAND & THIRD ST,39.16427024,-86.51772022
902075956,2021,8,6,1300,Weekday,2-Car,No injury/unknown,IMPROPER LANE USAGE,3RD ST & HIGHLAND,39.16427024,-86.51772022
902111855,2021,11,1,1400,Weekend,2-Car,No injury/unknown,IMPROPER TURNING,3RD ST & HIGHLAND,39.16427024,-86.51772022
902038419,2021,6,3,1600,Weekday,2-Car,No injury/unknown,FAILURE TO YIELD RIGHT OF WAY,3RD ST & HIGHLAND,39.16427024,-86.51772454
902106663,2021,10,6,1100,Weekday,2-Car,No injury/unknown,UNSAFE LANE MOVEMENT,3RD ST & HIGHLAND,39.16427024,-86.51772454
901961101,2021,1,3,1000,Weekday,2-Car,No injury/unknown,UNSAFE LANE MOVEMENT,BALLANTINE & EAST THIRD ST,39.16427024,-86.51912972
901984135,2021,3,3,1700,Weekday,2-Car,No injury/unknown,UNSAFE LANE MOVEMENT,3RD ST & BALLANTINE,39.16427024,-86.51912972
902038206,2021,6,3,900,Weekday,2-Car,No injury/unknown,IMPROPER LANE USAGE,3RD ST & BALLANTINE,39.16427024,-86.51912972
902096705,2021,10,3,1200,Weekday,2-Car,No injury/unknown,FOLLOWING TOO CLOSELY,3RD ST & BALLANTINE,39.16427024,-86.51912972
902124008,2021,11,5,1800,Weekday,2-Car,No injury/unknown,UNSAFE LANE MOVEMENT,3RD ST & BALLENTINE,39.16427024,-86.51912972
902043705,2021,6,6,1100,Weekday,2-Car,Non-incapacitating,UNSAFE SPEED,FACULTY & THIRD ST,39.16427024,-86.52104499
902077560,2021,9,3,1700,Weekday,2-Car,No injury/unknown,FOLLOWING TOO CLOSELY,3RD ST & FACULTY,39.16427024,-86.52104672
901967735,2021,2,7,1100,Weekend,2-Car,No injury/unknown,IMPROPER TURNING,SWAIN & THIRD ST,39.16426988,-86.51527565
901978164,2021,2,6,1500,Weekday,2-Car,Non-incapacitating,FAILURE TO YIELD RIGHT OF WAY,SWAIN AVE & THIRD,39.16426988,-86.51527565
902065472,2021,8,7,1800,Weekend,2-Car,No injury/unknown,IMPROPER TURNING,SWAIN & THIRD ST,39.16426988,-86.51527565
902069014,2021,8,7,1900,Weekend,2-Car,No injury/unknown,IMPROPER TURNING,SWAIN AVE & THIRD,39.16426988,-86.51527565
902051008,2021,7,6,1900,Weekend,2-Car,No injury/unknown,UNSAFE LANE MOVEMENT,SWAIN & THIRD ST,39.16426988,-86.51527565
901955462,2021,1,5,500,Weekday,1-Car,No injury/unknown,RAN OFF ROAD RIGHT,ARBUTUS & SR46E,39.16426849,-86.51208237
902001377,2021,4,2,1400,Weekday,2-Car,No injury/unknown,UNSAFE LANE MOVEMENT,3RD ST & FESS,39.16426449,-86.5226336
902055017,2021,7,7,2000,Weekend,2-Car,No injury/unknown,IMPROPER TURNING,THIRD & WOODLAWN AVE,39.16426449,-86.5226336
902098406,2021,10,5,2100,Weekday,2-Car,No injury/unknown,FAILURE TO YIELD RIGHT OF WAY,THIRD ST & UNION,39.16426449,-86.50938642
902006077,2021,4,5,2000,Weekday,2-Car,No injury/unknown,FOLLOWING TOO CLOSELY,CLIFTON AVE & THIRD,39.16426413,-86.50969852
902045361,2021,7,2,1900,Weekday,2-Car,No injury/unknown,IMPROPER TURNING,HIGHLAND AVE & THIRD,39.16426229,-86.51775641
902086803,2021,9,6,1600,Weekday,2-Car,No injury/unknown,IMPROPER TURNING,HIGHLAND & THIRD ST,39.16426229,-86.51775641
902088430,2021,9,2,1200,Weekday,2-Car,No injury/unknown,UNSAFE BACKING,E 3RD ST,39.16426048,-86.50037632
901967053,2021,2,6,1000,Weekday,2-Car,Non-incapacitating,FOLLOWING TOO CLOSELY,3RD ST & OVERHILL,39.16426018,-86.50164976
901956883,2021,1,1,1300,Weekend,2-Car,No injury/unknown,UNSAFE LANE MOVEMENT,3RD ST & JORDAN,39.16426018,-86.5163999
901964685,2021,1,2,1200,Weekday,2-Car,Non-incapacitating,FAILURE TO YIELD RIGHT OF WAY,3RD ST & JORDAN,39.16426018,-86.5163999
901988779,2021,3,4,2200,Weekday,2-Car,No injury/unknown,IMPROPER PASSING,3RD & JORDAN AVE,39.16426018,-86.5163999
902047326,2021,7,6,1300,Weekday,2-Car,No injury/unknown,IMPROPER LANE USAGE,EAST 3RD ST & JORDAN,39.16426018,-86.5163999
902053265,2021,7,4,1200,Weekday,2-Car,No injury/unknown,DISREGARD SIGNAL/REG SIGN,JORDAN & THIRD ST,39.16426018,-86.5163999
902054002,2021,7,5,1500,Weekday,2-Car,No injury/unknown,DISREGARD SIGNAL/REG SIGN,3RD ST & JORDAN,39.16426018,-86.5163999
902082265,2021,9,5,1600,Weekday,2-Car,No injury/unknown,UNSAFE LANE MOVEMENT,3RD ST & JORDAN,39.16426018,-86.5163999
902101971,2021,10,5,900,Weekday,Bus,No injury/unknown,FOLLOWING TOO CLOSELY,3RD ST & JORDAN,39.16426018,-86.5163999
902111723,2021,11,7,1300,Weekend,Cyclist,Non-incapacitating,PEDESTRIAN ACTION,3RD & JORDAN AVE,39.16426018,-86.5163999
902113839,2021,11,4,1000,Weekday,2-Car,No injury/unknown,UNSAFE SPEED,EAST 3RD ST & JORDAN,39.16426018,-86.51640639
902092889,2021,10,3,1500,Weekday,2-Car,No injury/unknown,UNSAFE BACKING,E 3RD ST,39.16425856,-86.50019104
902118217,2021,11,2,1600,Weekday,2-Car,Non-incapacitating,FOLLOWING TOO CLOSELY,SR37N,39.16425751,-86.57243729
902142638,2021,12,6,1000,Weekday,1-Car,No injury/unknown,DRIVER DISTRACTED - EXPLAIN IN NARRATIVE,E 3RD ST,39.16425344,-86.49969696
902074903,2021,8,5,900,Weekday,2-Car,No injury/unknown,UNSAFE LANE MOVEMENT,FACULTY & THIRD ST,39.16425212,-86.52107176
902138009,2021,12,6,1600,Weekday,2-Car,No injury/unknown,IMPROPER TURNING,FACULTY AVE & THIRD,39.16425212,-86.52107176
902062329,2021,8,1,1600,Weekend,2-Car,No injury/unknown,UNSAFE LANE MOVEMENT,3RD ST & SR446S,39.16425012,-86.47205024
902109297,2021,10,3,1100,Weekday,2-Car,No injury/unknown,UNSAFE LANE MOVEMENT,MITCHELL & THIRD ST,39.16425012,-86.51422134
901982254,2021,3,1,600,Weekend,1-Car,No injury/unknown,WRONG WAY ON ONE WAY,MITCHELL & THIRD ST,39.16425012,-86.51422999
901982011,2021,3,7,1100,Weekend,2-Car,No injury/unknown,FAILURE TO YIELD RIGHT OF WAY,3RD ST & SWAIN,39.16425012,-86.51525131
901972672,2021,2,2,1200,Weekday,2-Car,No injury/unknown,IMPROPER LANE USAGE,3RD ST & SWAIN,39.16425012,-86.51525996
901974652,2021,2,6,1100,Weekday,2-Car,No injury/unknown,IMPROPER LANE USAGE,3RD ST & SWAIN,39.16425012,-86.51525996
902003113,2021,4,6,1300,Weekday,2-Car,No injury/unknown,IMPROPER LANE USAGE,3RD ST & SWAIN,39.16425012,-86.51525996
902037103,2021,6,1,2000,Weekday,2-Car,No injury/unknown,IMPROPER LANE USAGE,3RD ST & SWAIN,39.16425012,-86.51525996
902012332,2021,5,4,800,Weekday,2-Car,No injury/unknown,IMPROPER TURNING,EAST 3RD ST & SWAIN,39.16425012,-86.51525996
902037920,2021,6,2,2000,Weekday,2-Car,No injury/unknown,UNSAFE LANE MOVEMENT,3RD ST & SWAIN,39.16425012,-86.51525996
902070068,2021,8,2,1700,Weekday,2-Car,No injury/unknown,UNSAFE LANE MOVEMENT,3RD ST & SWAIN,39.16425012,-86.51525996
902070712,2021,8,3,1900,Weekday,2-Car,No injury/unknown,UNSAFE LANE MOVEMENT,3RD ST & SWAIN,39.16425012,-86.51525996
902070713,2021,8,3,1900,Weekday,2-Car,No injury/unknown,IMPROPER TURNING,3RD ST & SWAIN,39.16425012,-86.51525996
902072057,2021,8,6,1200,Weekday,2-Car,No injury/unknown,IMPROPER LANE USAGE,3RD ST & SWAIN,39.16425012,-86.51525996
902078755,2021,9,5,1900,Weekday,3+ Cars,No injury/unknown,UNSAFE LANE MOVEMENT,3RD ST & SWAIN,39.16425012,-86.51525996
902098122,2021,10,4,1700,Weekday,Pedestrian,Non-incapacitating,IMPROPER TURNING,3RD ST & SWAIN,39.16425012,-86.51525996
901965941,2021,1,4,1500,Weekday,2-Car,No injury/unknown,UNSAFE LANE MOVEMENT,HAWTHORNE & THIRD ST,39.16425012,-86.52008995
901992802,2021,3,5,1600,Weekday,2-Car,No injury/unknown,UNSAFE LANE MOVEMENT,E 3RD ST & S HAWTHORNE,39.16425012,-86.52008995
902004824,2021,4,3,1200,Weekday,1-Car,No injury/unknown,UNSAFE BACKING,HAWTHORNE & THIRD ST,39.16425012,-86.52008995
902090777,2021,9,6,800,Weekday,2-Car,No injury/unknown,FOLLOWING TOO CLOSELY,3RD ST & HAWTHORNE,39.16425012,-86.52008995
902010762,2021,4,1,1500,Weekend,2-Car,Non-incapacitating,FOLLOWING TOO CLOSELY,3RD ST & WOODLAWN,39.16425012,-86.52257668
901963428,2021,1,6,1500,Weekday,2-Car,No injury/unknown,FOLLOWING TOO CLOSELY,3RD ST & WOODLAWN,39.16425012,-86.52261994
902081188,2021,9,3,1900,Weekday,2-Car,No injury/unknown,FOLLOWING TOO CLOSELY,3RD ST & WOODLAWN,39.16425012,-86.52261994
902090678,2021,9,6,1400,Weekday,2-Car,No injury/unknown,FOLLOWING TOO CLOSELY,3RD ST & WOODLAWN,39.16425012,-86.52261994
902061161,2021,8,5,2300,Weekday,1-Car,No injury/unknown,ANIMAL/OBJECT IN ROADWAY,PARK SQUARE & SR48W,39.16424942,-86.59249774
902106265,2021,10,5,1500,Weekday,2-Car,No injury/unknown,FOLLOWING TOO CLOSELY,PARK SQUARE & SR48W,39.16424942,-86.5925064
902106280,2021,10,5,1500,Weekday,Pedestrian,Non-incapacitating,DRIVER DISTRACTED - EXPLAIN IN NARRATIVE,PARK SQUARE & SR48W,39.16424942,-86.5925064
902044932,2021,7,2,1100,Weekday,Pedestrian,Non-incapacitating,PEDESTRIAN ACTION,CLARIZZ BLVD & EAST THIRD,39.16424087,-86.49102688
902036389,2021,6,6,1300,Weekday,2-Car,No injury/unknown,FAILURE TO YIELD RIGHT OF WAY,3RD ST & COLLEGE MALL,39.16424006,-86.49820098
901992303,2021,3,4,1600,Weekday,2-Car,No injury/unknown,FAILURE TO YIELD RIGHT OF WAY,3RD ST & COLLEGE MALL,39.16424006,-86.49827018
902008595,2021,4,3,2200,Weekday,2-Car,No injury/unknown,FOLLOWING TOO CLOSELY,3RD & COLLEGE MALL RD,39.16424006,-86.49827018
902038976,2021,6,4,2000,Weekday,2-Car,No injury/unknown,UNSAFE BACKING,SR46S & THIRD,39.16424006,-86.49827018
902013586,2021,5,5,100,Weekday,2-Car,No injury/unknown,FOLLOWING TOO CLOSELY,COLLEGE MALL & THIRD ST,39.16424006,-86.49828056
901983153,2021,3,2,1500,Weekday,2-Car,No injury/unknown,FAILURE TO YIELD RIGHT OF WAY,E 3RD ST & PARK RIDGE,39.16424001,-86.47786005
902087830,2021,9,2,800,Weekday,2-Car,No injury/unknown,FOLLOWING TOO CLOSELY,3RD ST & MEADOWBROOK,39.16424001,-86.48473681
902024832,2021,5,5,1600,Weekday,2-Car,Non-incapacitating,FOLLOWING TOO CLOSELY,3900 BLK E 3RD ST & SMITH,39.16424,-86.47857115
901980332,2021,2,4,800,Weekday,2-Car,No injury/unknown,SPEED TOO FAST FOR WEATHER CONDITIONS,EAST THIRD ST & SR46,39.16424,-86.473296
901982004,2021,3,7,1000,Weekend,2-Car,No injury/unknown,UNSAFE LANE MOVEMENT,E 3RD ST & MORNINGSIDE,39.16424,-86.473696
902028788,2021,5,6,1200,Weekday,2-Car,No injury/unknown,FOLLOWING TOO CLOSELY,E 3RD ST & MORNINGSIDE,39.16424,-86.473696
902038491,2021,6,3,1900,Weekday,2-Car,No injury/unknown,DRIVER DISTRACTED - EXPLAIN IN NARRATIVE,E 3RD ST & MORNINGSIDE,39.16424,-86.473696
902085836,2021,9,5,800,Weekday,3+ Cars,Non-incapacitating,FOLLOWING TOO CLOSELY,E 3RD ST & MORNINGSIDE,39.16424,-86.473696
902032438,2021,6,6,200,Weekday,2-Car,No injury/unknown,DISREGARD SIGNAL/REG SIGN,3RD ST & PARK RIDGE,39.16424,-86.476096
902008928,2021,4,4,1100,Weekday,2-Car,No injury/unknown,FAILURE TO YIELD RIGHT OF WAY,E 3RD ST & PARK RIDGE,39.16424,-86.476096
902041273,2021,6,2,1300,Weekday,2-Car,No injury/unknown,FAILURE TO YIELD RIGHT OF WAY,E 3RD ST & PARK RIDGE,39.16424,-86.476096
902100999,2021,10,3,1600,Weekday,2-Car,No injury/unknown,SPEED TOO FAST FOR WEATHER CONDITIONS,EAST 3RD ST & SMITH,39.16424,-86.47962957
902022904,2021,5,2,1500,Weekday,1-Car,No injury/unknown,RAN OFF ROAD RIGHT,WEST 3RD ST,39.16424,-86.48057698
901962628,2021,1,5,1800,Weekday,2-Car,No injury/unknown,IMPROPER LANE USAGE,EAST 3RD ST & SMITH,39.16424,-86.480688
901986301,2021,3,6,1700,Weekday,3+ Cars,No injury/unknown,OTHER (DRIVER) - EXPLAIN IN NARRATIVE,EAST THIRD ST & NORTH SMITH,39.16424,-86.480688
901991364,2021,3,7,900,Weekend,1-Car,No injury/unknown,LEFT OF CENTER,SMITHVILLE RD & SR37,39.16424,-86.480688
902012262,2021,5,4,500,Weekday,2-Car,No injury/unknown,DRIVER ASLEEP OR FATIGUED,SMITHVILLE & SR37S,39.16424,-86.480688
902028825,2021,5,6,1200,Weekday,2-Car,Non-incapacitating,BRAKE FAILURE OR DEFECTIVE,3RD & N SMITH RD,39.16424,-86.480688
902076863,2021,9,2,1400,Weekday,1-Car,Non-incapacitating,DRIVER ILLNESS,SMITHVILLE & SR37S,39.16424,-86.480688
902131671,2021,12,4,2100,Weekday,2-Car,Non-incapacitating,FOLLOWING TOO CLOSELY,3RD & SMITH RD,39.16424,-86.480688