Master Record Number,Year,Month,Day,Hour,Weekend,Collision Type,Injury Type,Primary Factor,Reported_Location,Latitude,Longitude
902045392,2021,7,2,1800,Weekday,3+ Cars,No injury/unknown,LEFT OF CENTER,E SMITHVILLE RD,39.16424,-86.4812
902041951,2021,6,3,1200,Weekday,2-Car,No injury/unknown,,W 3RD ST,39.16424,-86.488
901958444,2021,1,2,1200,Weekday,2-Car,No injury/unknown,UNSAFE BACKING,WEST 3RD ST,39.16424,-86.48955556
902112941,2021,11,1,1300,Weekend,1-Car,No injury/unknown,UNSAFE BACKING,WEST 3RD ST,39.16424,-86.4903102
901955353,2021,1,1,1900,Weekday,2-Car,No injury/unknown,FAILURE TO YIELD RIGHT OF WAY,3RD & S CLARIZZ BLVD,39.16424,-86.4908
902044146,2021,6,6,1200,Weekday,2-Car,Non-incapacitating,FAILURE TO YIELD RIGHT OF WAY,E3RD & SO CLARIZZ BLVD,39.16424,-86.4908
902137725,2021,12,6,900,Weekday,2-Car,Non-incapacitating,FOLLOWING TOO CLOSELY,3RD ST & CLARIZZ,39.16424,-86.4908
902036181,2021,6,6,800,Weekday,2-Car,No injury/unknown,UNSAFE BACKING,E 3RD ST,39.16424,-86.49250645
902094044,2021,10,5,1600,Weekday,2-Car,No injury/unknown,FAILURE TO YIELD RIGHT OF WAY,E 3RD ST,39.16424,-86.49250645
902013780,2021,5,5,1600,Weekday,1-Car,No injury/unknown,UNSAFE BACKING,E 3RD ST,39.16424,-86.49259396
902002079,2021,4,4,1200,Weekday,2-Car,No injury/unknown,DRIVER DISTRACTED - EXPLAIN IN NARRATIVE,3200 E THIRD ST & KINGSTON,39.16424,-86.492944
901978468,2021,2,7,1600,Weekend,2-Car,No injury/unknown,FAILURE TO YIELD RIGHT OF WAY,E 3RD & S KINGSTON DR,39.16424,-86.492944
901988133,2021,3,4,300,Weekday,1-Car,No injury/unknown,RAN OFF ROAD RIGHT,E THIRD ST & KINGSTON,39.16424,-86.492944
902020522,2021,5,5,1000,Weekday,Pedestrian,Non-incapacitating,FAILURE TO YIELD RIGHT OF WAY,E 3RD ST & SOUTH KINGSTON,39.16424,-86.492944
902083389,2021,9,7,1300,Weekend,2-Car,Non-incapacitating,FOLLOWING TOO CLOSELY,3RD ST & KINGSTON,39.16424,-86.492944
902086727,2021,9,6,1300,Weekday,3+ Cars,No injury/unknown,UNSAFE SPEED,E 3RD ST & KINGSTON,39.16424,-86.492944
902101553,2021,10,4,1500,Weekday,2-Car,Non-incapacitating,FAILURE TO YIELD RIGHT OF WAY,E 3RD ST & KINGSTON,39.16424,-86.492944
902040261,2021,6,6,1300,Weekday,2-Car,No injury/unknown,OTHER (DRIVER) - EXPLAIN IN NARRATIVE,W 3RD ST,39.16424,-86.49307941
902085256,2021,9,4,1000,Weekday,2-Car,No injury/unknown,OTHER (DRIVER) - EXPLAIN IN NARRATIVE,W 3RD ST,39.16424,-86.49307941
901974998,2021,2,6,2100,Weekend,1-Car,No injury/unknown,UNSAFE BACKING,E 3RD ST,39.16424,-86.49368135
902044067,2021,6,7,2200,Weekend,2-Car,No injury/unknown,IMPROPER TURNING,E 3RD ST,39.16424,-86.4939483
901967598,2021,2,6,1300,Weekday,2-Car,No injury/unknown,UNSAFE BACKING,E 3RD ST,39.16424,-86.49406114
901997848,2021,4,2,1300,Weekday,2-Car,No injury/unknown,IMPROPER TURNING,E 3RD ST,39.16424,-86.49425989
902010645,2021,4,7,1000,Weekend,2-Car,No injury/unknown,UNSAFE BACKING,E 3RD ST,39.16424,-86.49425989
902024571,2021,5,5,1200,Weekday,2-Car,No injury/unknown,UNSAFE BACKING,E 3RD ST,39.16424,-86.49425989
902057700,2021,7,5,1600,Weekday,2-Car,No injury/unknown,UNSAFE BACKING,E 3RD ST,39.16424,-86.49425989
902079461,2021,9,6,1100,Weekday,2-Car,No injury/unknown,UNSAFE BACKING,E 3RD ST,39.16424,-86.49425989
902084389,2021,9,2,1400,Weekday,2-Car,No injury/unknown,,E 3RD ST,39.16424,-86.49425989
902046958,2021,7,5,2100,Weekday,1-Car,No injury/unknown,UNSAFE BACKING,E 3RD ST,39.16424,-86.49462535
901986817,2021,3,1,2000,Weekday,2-Car,Non-incapacitating,DISREGARD SIGNAL/REG SIGN,3RD ST & PETE ELLIS,39.16424,-86.495088
902068381,2021,8,5,1100,Weekday,2-Car,Non-incapacitating,FAILURE TO YIELD RIGHT OF WAY,E 3RD ST & PETE ELLIS,39.16424,-86.495088
902061939,2021,8,7,1300,Weekend,2-Car,No injury/unknown,FAILURE TO YIELD RIGHT OF WAY,E 3RD ST & PETE ELLIS,39.16424,-86.495088
902095917,2021,10,2,1100,Weekday,2-Car,No injury/unknown,FAILURE TO YIELD RIGHT OF WAY,E THIRD ST & PETE ELLIS,39.16424,-86.495088
902137113,2021,12,5,1500,Weekday,2-Car,No injury/unknown,FOLLOWING TOO CLOSELY,3RD ST & PETE ELLIS,39.16424,-86.495088
901967054,2021,2,6,1200,Weekday,2-Car,No injury/unknown,FOLLOWING TOO CLOSELY,3RD & S COLLEGE MALL RD,39.16424,-86.4984
901953075,2021,1,7,900,Weekend,2-Car,No injury/unknown,FAILURE TO YIELD RIGHT OF WAY,COLLEGE MALL RD & E 3RD,39.16424,-86.4984
901959390,2021,1,6,1200,Weekday,2-Car,No injury/unknown,DISREGARD SIGNAL/REG SIGN,3RD ST & COLLEGE MALL,39.16424,-86.4984
901972305,2021,2,7,2000,Weekend,2-Car,No injury/unknown,IMPROPER TURNING,E 3RD ST,39.16424,-86.4984
902000272,2021,4,7,1100,Weekend,2-Car,No injury/unknown,UNSAFE BACKING,E 3RD ST,39.16424,-86.4984
902000640,2021,4,1,1500,Weekend,2-Car,No injury/unknown,UNSAFE LANE MOVEMENT,3RD ST & COLLEGE MALL,39.16424,-86.4984
901976506,2021,2,3,1900,Weekday,2-Car,Non-incapacitating,LEFT OF CENTER,3RD & COLLEGE MALL RD,39.16424,-86.4984
902035116,2021,6,3,1200,Weekday,2-Car,No injury/unknown,FAILURE TO YIELD RIGHT OF WAY,3RD & COLLEGE MALL RD,39.16424,-86.4984
902004591,2021,4,2,2300,Weekday,2-Car,Non-incapacitating,FOLLOWING TOO CLOSELY,EAST 3RD ST & SOUTH COLLEGE MALL,39.16424,-86.4984
902008832,2021,4,7,1400,Weekend,2-Car,No injury/unknown,FAILURE TO YIELD RIGHT OF WAY,E 3RD ST & S COLLEGE MALL,39.16424,-86.4984
902010696,2021,4,7,1800,Weekend,2-Car,No injury/unknown,FOLLOWING TOO CLOSELY,3RD & SOUTH COLLEGE MALL RD,39.16424,-86.4984
902019751,2021,5,3,1200,Weekday,2-Car,No injury/unknown,OTHER (DRIVER) - EXPLAIN IN NARRATIVE,COLLEGE MALL & EAST THIRD ST,39.16424,-86.4984
902044232,2021,6,6,1800,Weekday,2-Car,No injury/unknown,FAILURE TO YIELD RIGHT OF WAY,3RD ST & COLLEGE MALL,39.16424,-86.4984
902052226,2021,7,1,1900,Weekday,2-Car,No injury/unknown,IMPROPER TURNING,3RD ST & COLLEGE MALL,39.16424,-86.4984
902062242,2021,8,1,1200,Weekend,3+ Cars,No injury/unknown,FOLLOWING TOO CLOSELY,E 3RD & S COLLEGE MALL RD,39.16424,-86.4984
902129426,2021,12,1,1800,Weekend,2-Car,No injury/unknown,FOLLOWING TOO CLOSELY,3RD & S COLLEGE MALL RD,39.16424,-86.4984
902141262,2021,12,3,1400,Weekday,2-Car,Non-incapacitating,OTHER (DRIVER) - EXPLAIN IN NARRATIVE,3RD ST & COLLEGE MALL,39.16424,-86.4984
901952454,2021,1,5,800,Weekday,2-Car,No injury/unknown,OTHER (DRIVER) - EXPLAIN IN NARRATIVE,EAST THIRD ST & SWAIN,39.16424,-86.5152
901967841,2021,2,7,1300,Weekend,2-Car,No injury/unknown,UNSAFE BACKING,EAST 3RD ST,39.16424,-86.51605714
902096342,2021,10,2,2100,Weekday,2-Car,No injury/unknown,UNSAFE BACKING,EAST 3RD ST,39.16424,-86.51605714
902037901,2021,6,2,1800,Weekday,1-Car,No injury/unknown,OTHER (DRIVER) - EXPLAIN IN NARRATIVE,E 3RD ST,39.16424,-86.51757551
902014546,2021,5,1,1600,Weekend,2-Car,No injury/unknown,FOLLOWING TOO CLOSELY,3RD ST & HIGHLAND,39.16424,-86.5176
901972729,2021,2,2,1400,Weekday,2-Car,No injury/unknown,OTHER (DRIVER) - EXPLAIN IN NARRATIVE,E 3RD ST,39.16423861,-86.49522852
902002899,2021,4,5,1200,Weekday,1-Car,No injury/unknown,RAN OFF ROAD RIGHT,E 3RD ST,39.16423861,-86.49522852
902015114,2021,5,2,1500,Weekday,2-Car,No injury/unknown,FAILURE TO YIELD RIGHT OF WAY,E 3RD ST,39.16423861,-86.49522852
902022595,2021,5,2,800,Weekday,1-Car,No injury/unknown,OTHER (DRIVER) - EXPLAIN IN NARRATIVE,EAST THIRD ST,39.16423604,-86.52510769
901974660,2021,2,6,1100,Weekday,2-Car,No injury/unknown,FAILURE TO YIELD RIGHT OF WAY,E 3RD ST & PARK RIDGE,39.16421995,-86.4763002
902003344,2021,4,6,1700,Weekday,2-Car,No injury/unknown,FOLLOWING TOO CLOSELY,3RD ST & PARK RIDGE,39.16421995,-86.4763002
902040463,2021,6,7,1700,Weekend,2-Car,Non-incapacitating,SPEED TOO FAST FOR WEATHER CONDITIONS,E 3RD ST & PARKRIDGE,39.16421995,-86.4763002
902065192,2021,8,6,1300,Weekday,2-Car,Non-incapacitating,FAILURE TO YIELD RIGHT OF WAY,PARK RIDGE & THIRD ST,39.16421995,-86.4763002
902056056,2021,7,2,1900,Weekday,2-Car,Non-incapacitating,FOLLOWING TOO CLOSELY,3RD & SR37N,39.1642189,-86.48274993
902098628,2021,10,6,1100,Weekday,2-Car,No injury/unknown,FOLLOWING TOO CLOSELY,3RD & SR46E,39.1642189,-86.48274993
902021339,2021,5,6,1400,Weekday,1-Car,Non-incapacitating,RAN OFF ROAD RIGHT,E 3RD ST & S PARKRIDGE,39.16421882,-86.47630972
902079959,2021,9,1,1700,Weekend,2-Car,No injury/unknown,OTHER (DRIVER) - EXPLAIN IN NARRATIVE,3RD & S HIGH ST,39.16421467,-86.508288
901981640,2021,3,6,1100,Weekday,2-Car,No injury/unknown,UNSAFE BACKING,E THIRD ST,39.16421391,-86.51622354
902115888,2021,11,6,1400,Weekday,2-Car,Non-incapacitating,FOLLOWING TOO CLOSELY,3RD & SR46N,39.16421127,-86.49083709
902131333,2021,12,4,1100,Weekday,3+ Cars,Non-incapacitating,OTHER (DRIVER) - EXPLAIN IN NARRATIVE,3RD & SR46E,39.16421127,-86.49083709
901962423,2021,1,4,1200,Weekday,2-Car,Non-incapacitating,OTHER (DRIVER) - EXPLAIN IN NARRATIVE,3RD ST & SMITH,39.16420989,-86.48122005
901986227,2021,3,6,1800,Weekday,2-Car,No injury/unknown,LEFT OF CENTER,SMITH RD & THIRD,39.16420989,-86.48122005
902107598,2021,10,1,1900,Weekday,2-Car,Non-incapacitating,DISREGARD SIGNAL/REG SIGN,3RD ST & SMITH,39.16420989,-86.48122005
902104260,2021,10,2,1600,Weekday,2-Car,No injury/unknown,UNSAFE LANE MOVEMENT,3RD ST & SMITH,39.16420989,-86.48129356
902020185,2021,5,4,1800,Weekday,2-Car,No injury/unknown,FOLLOWING TOO CLOSELY,3RD ST & PLEASANT RIDGE,39.16420989,-86.48928008
902056669,2021,7,3,1800,Weekday,2-Car,Non-incapacitating,DISREGARD SIGNAL/REG SIGN,3RD ST & KINGSTON,39.16420989,-86.49303987
902132105,2021,12,5,1400,Weekday,Bus,No injury/unknown,FOLLOWING TOO CLOSELY,3RD ST & KINGSTON,39.16420989,-86.49303987
902120321,2021,11,6,1600,Weekday,2-Car,No injury/unknown,UNSAFE BACKING,3RD ST,39.16420519,-86.49962872
902132845,2021,12,6,1300,Weekday,2-Car,No injury/unknown,ROADWAY SURFACE CONDITION,BASSWOOD DR & GREEN LEAF,39.16420139,-86.5725097
901985603,2021,3,5,1800,Weekday,2-Car,No injury/unknown,DISREGARD SIGNAL/REG SIGN,E THIRD ST,39.16416496,-86.49437427
902011566,2021,4,2,1500,Weekday,2-Car,No injury/unknown,OTHER (DRIVER) - EXPLAIN IN NARRATIVE,THIRD ST,39.16416496,-86.49437427
902030497,2021,5,2,1900,Weekday,2-Car,No injury/unknown,UNSAFE BACKING,EAST THIRD ST,39.16416496,-86.4947424
902067502,2021,7,4,1400,Weekday,2-Car,No injury/unknown,UNSAFE BACKING,EAST THIRD ST,39.16416496,-86.4947424
902086310,2021,9,5,100,Weekday,2-Car,No injury/unknown,FAILURE TO YIELD RIGHT OF WAY,EAST THIRD ST,39.16416496,-86.4947424
902099503,2021,10,7,1300,Weekend,2-Car,No injury/unknown,FAILURE TO YIELD RIGHT OF WAY,E THIRD ST,39.16416496,-86.4947424
902127503,2021,11,3,1200,Weekday,2-Car,No injury/unknown,OTHER (DRIVER) - EXPLAIN IN NARRATIVE,WEST 3RD ST,39.16414261,-86.58426666
901955438,2021,1,4,2100,Weekday,2-Car,No injury/unknown,OTHER (DRIVER) - EXPLAIN IN NARRATIVE,3RD & CLIFTON AVE,39.16410267,-86.5096
901996861,2021,3,5,1800,Weekday,2-Car,No injury/unknown,UNSAFE BACKING,S FESS AVE,39.16406237,-86.52593381
902025356,2021,5,5,2100,Weekday,1-Car,No injury/unknown,IMPROPER TURNING,S FESS AVE,39.16406237,-86.52593381
902111923,2021,11,7,1200,Weekend,2-Car,No injury/unknown,IMPROPER TURNING,SOUTH FESS AVE,39.16406237,-86.52593381
902145916,2021,12,3,1500,Weekday,2-Car,No injury/unknown,FAILURE TO YIELD RIGHT OF WAY,S COLLEGE MALL RD,39.16405257,-86.49835886
902118228,2021,10,7,2100,Weekend,2-Car,No injury/unknown,,3RD & S COLLEGE MALL RD,39.16403695,-86.49835543
902056407,2021,7,3,1300,Weekday,2-Car,No injury/unknown,UNSAFE SPEED,OARD & SR48W,39.16400931,-86.62335763
901979749,2021,2,3,1000,Weekday,2-Car,No injury/unknown,UNSAFE BACKING,HENDERSON AVE,39.16398928,-86.52733393
902104220,2021,10,2,1800,Weekday,2-Car,No injury/unknown,FAILURE TO YIELD RIGHT OF WAY,3RD & KINGSTON DR,39.16396575,-86.49296313
902003543,2021,4,7,1300,Weekend,2-Car,No injury/unknown,IMPROPER TURNING,S COLLEGE MALL RD,39.16394547,-86.49833535
902051728,2021,7,6,800,Weekday,1-Car,No injury/unknown,DRIVER ASLEEP OR FATIGUED,CAVE & SR48W,39.16394376,-86.63364868
902102317,2021,10,5,1500,Weekday,2-Car,No injury/unknown,UNSAFE BACKING,EAST THIRD ST,39.16390228,-86.52293395
901975110,2021,2,7,1300,Weekend,2-Car,No injury/unknown,UNSAFE BACKING,S COLLEGE MALL RD,39.16387595,-86.49826213
902121372,2021,11,6,1800,Weekday,1-Car,No injury/unknown,ANIMAL/OBJECT IN ROADWAY,CAVE & SR48,39.16387512,-86.6342742
902083220,2021,9,5,1600,Weekday,2-Car,No injury/unknown,UNSAFE SPEED,CAVE & SR48,39.16377133,-86.63544109
902005608,2021,4,4,500,Weekday,1-Car,No injury/unknown,UNSAFE SPEED,S WALNUT ST ST,39.16376229,-86.5336
902095008,2021,10,7,1500,Weekend,Pedestrian,Non-incapacitating,UNSAFE BACKING,S CURRY PIKE,39.16371971,-86.58282481
902072844,2021,8,4,1800,Weekday,2-Car,No injury/unknown,UNSAFE BACKING,SOUTH SWAIN AVE,39.16365433,-86.51498413
902003783,2021,1,5,2100,Weekday,1-Car,No injury/unknown,ANIMAL/OBJECT IN ROADWAY,BENDER & SR46E,39.163648,-86.438
902045334,2021,6,1,2000,Weekday,1-Car,No injury/unknown,ANIMAL/OBJECT IN ROADWAY,BENDER & SR46E,39.16362283,-86.43932262
901974787,2021,2,6,1400,Weekday,2-Car,Non-incapacitating,FOLLOWING TOO CLOSELY,3000 W 3RD ST & RAMP 13,39.16362,-86.49514
902127590,2021,11,4,600,Weekday,2-Car,Non-incapacitating,FOLLOWING TOO CLOSELY,SR37N,39.16360866,-86.57265186
901953637,2021,1,6,2200,Weekend,2-Car,No injury/unknown,FOLLOWING TOO CLOSELY,SR46E & TWINLEAF,39.16359844,-86.44433578
902017173,2021,5,5,1600,Weekday,2-Car,No injury/unknown,FOLLOWING TOO CLOSELY,SR46E & TWINLEAF,39.16359844,-86.44436171
901975647,2021,2,2,1100,Weekday,2-Car,Non-incapacitating,FAILURE TO YIELD RIGHT OF WAY,SO COLLEGE MALL RD,39.16355896,-86.49880218
901986274,2021,3,6,2000,Weekend,2-Car,No injury/unknown,UNSAFE BACKING,S SWAIN AVE,39.16355811,-86.51532769
902014339,2021,5,7,1200,Weekend,2-Car,No injury/unknown,OTHER (DRIVER) - EXPLAIN IN NARRATIVE,GARRISON CHAPEL & SR48W,39.163552,-86.649696
902054715,2021,7,5,2200,Weekday,1-Car,No injury/unknown,IMPROPER TURNING,GARRISON CHAPEL & SR48W,39.163552,-86.649696
902111171,2021,11,6,1900,Weekend,2-Car,No injury/unknown,UNSAFE BACKING,KIRBY RD & SR48,39.16352949,-86.61068058
902060096,2021,7,3,1500,Weekday,2-Car,No injury/unknown,,S COLLEGE MALL RD,39.16348837,-86.49819239
902084464,2021,9,2,1400,Weekday,2-Car,No injury/unknown,FOLLOWING TOO CLOSELY,SR48W & STONECHASE,39.16347885,-86.59490863
901955012,2021,1,4,700,Weekday,2-Car,No injury/unknown,UNSAFE BACKING,3RD ST & PATTERSON,39.16344009,-86.55128002
901988185,2021,3,4,700,Weekday,2-Car,No injury/unknown,SPEED TOO FAST FOR WEATHER CONDITIONS,PATTERSON & W 3RD ST,39.16344009,-86.55128002
901988262,2021,3,4,700,Weekday,2-Car,No injury/unknown,SPEED TOO FAST FOR WEATHER CONDITIONS,PATTERSON & THIRD ST,39.16344009,-86.55128002
902030470,2021,6,2,1500,Weekday,2-Car,No injury/unknown,OTHER (DRIVER) - EXPLAIN IN NARRATIVE,PATTERSON & W 3RD ST,39.16344009,-86.55128002
902040272,2021,6,6,1200,Weekday,2-Car,No injury/unknown,UNSAFE LANE MOVEMENT,PATTERSON & THIRD ST,39.16344009,-86.55128002
902142203,2021,12,3,1500,Weekday,2-Car,No injury/unknown,FOLLOWING TOO CLOSELY,PATTERSON & WEST THIRD ST,39.16344009,-86.55128002
902147981,2021,12,7,2300,Weekend,2-Car,No injury/unknown,FOLLOWING TOO CLOSELY,PATTERSON & THIRD ST,39.16344009,-86.55128002
901970238,2021,2,3,500,Weekday,1-Car,No injury/unknown,DRIVER DISTRACTED - EXPLAIN IN NARRATIVE,PATTERSON & WEST 3RD ST,39.16344009,-86.55128867
902054078,2021,7,5,1800,Weekday,2-Car,Non-incapacitating,FAILURE TO YIELD RIGHT OF WAY,S PATTERSON & W 3RD ST,39.16344009,-86.55130598
902033382,2021,6,1,1000,Weekend,2-Car,No injury/unknown,OTHER (DRIVER) - EXPLAIN IN NARRATIVE,S PARKWAY DR,39.16344,-86.5888
902068741,2021,8,6,1800,Weekday,2-Car,Non-incapacitating,FAILURE TO YIELD RIGHT OF WAY,CLARIZZ BLVD & WILMINGTON,39.16343004,-86.49082973
902049925,2021,7,4,1800,Weekday,2-Car,No injury/unknown,FAILURE TO YIELD RIGHT OF WAY,CLARIZZ BLVD & WILLMINGTON,39.16343004,-86.49082973
902012136,2021,4,3,1400,Weekday,2-Car,No injury/unknown,FAILURE TO YIELD RIGHT OF WAY,3RD & S COLLEGE MALL RD,39.16342781,-86.49822171
901956019,2021,1,6,200,Weekday,1-Car,No injury/unknown,ANIMAL/OBJECT IN ROADWAY,GARRISON CHAPEL & SR48W,39.16339763,-86.64617348
901996873,2021,3,4,1300,Weekday,2-Car,No injury/unknown,,LANDMARK DR,39.16334534,-86.55659484
902058235,2021,7,6,1500,Weekday,2-Car,No injury/unknown,UNSAFE BACKING,SOUTH LANDMARK AVE,39.16334534,-86.55659484
901981805,2021,3,6,1800,Weekday,2-Car,No injury/unknown,OTHER (DRIVER) - EXPLAIN IN NARRATIVE,E ATWATER AVE,39.16334152,-86.51577758
901976624,2021,2,3,1300,Weekday,2-Car,No injury/unknown,OTHER (DRIVER) - EXPLAIN IN NARRATIVE,EAST ATWATER AVE,39.16333008,-86.51999664
902121439,2021,11,2,800,Weekday,2-Car,No injury/unknown,FAILURE TO YIELD RIGHT OF WAY,ATWATER AVE & FESS,39.163328,-86.525808
902087525,2021,9,1,1800,Weekend,2-Car,No injury/unknown,UNSAFE BACKING,S CURRY & W BELLE AVE,39.16331408,-86.58302262
902109230,2021,10,4,700,Weekday,Cyclist,Non-incapacitating,FAILURE TO YIELD RIGHT OF WAY,2222 E 3RD ST & S ROOSERVELT,39.163303,-86.50644483
902120608,2021,11,7,1300,Weekend,1-Car,No injury/unknown,UNSAFE LANE MOVEMENT,48 & SR37S,39.16330196,-86.57312605
902092256,2021,9,2,1600,Weekday,2-Car,No injury/unknown,DISREGARD SIGNAL/REG SIGN,BELLE AVE & PARKWAY,39.16327983,-86.58895969
901965511,2021,1,3,1500,Weekday,Pedestrian,Non-incapacitating,FAILURE TO YIELD RIGHT OF WAY,ATWATER & S HAWTHORNE DR,39.163232,-86.520176
902081618,2021,9,4,1500,Weekday,1-Car,No injury/unknown,OVERCORRECTING/OVERSTEERING,ATWATER AVE & INDIANA,39.16323021,-86.52783013
902038477,2021,6,3,1900,Weekday,2-Car,No injury/unknown,IMPROPER TURNING,SOUTH HIGHLAND AVE,39.1632,-86.517584
902121243,2021,11,1,2300,Weekday,2-Car,No injury/unknown,DISREGARD SIGNAL/REG SIGN,E ATWATER AVE & JORDAN,39.163168,-86.516384
902107523,2021,10,1,1600,Weekend,2-Car,No injury/unknown,WRONG WAY ON ONE WAY,E ATWATER AVE,39.16315913,-86.52214653
902111092,2021,11,6,1200,Weekday,2-Car,No injury/unknown,UNSAFE BACKING,E ATWATER AVE,39.16315913,-86.52214653
902141594,2021,12,6,700,Weekday,2-Car,No injury/unknown,UNSAFE BACKING,E ATWATER AVE,39.16315913,-86.52214653
902005337,2021,4,4,1200,Weekday,2-Car,No injury/unknown,UNSAFE BACKING,LANDMARK AVE,39.1631484,-86.55621595
902008757,2021,4,4,800,Weekday,2-Car,No injury/unknown,OTHER (DRIVER) - EXPLAIN IN NARRATIVE,S LANDMARK AVE,39.1631484,-86.55621595
902071606,2021,8,5,1000,Weekday,2-Car,No injury/unknown,DISREGARD SIGNAL/REG SIGN,ATWATER AVE & HENDERSON,39.16313969,-86.52727022
902139858,2021,12,2,1300,Weekday,2-Car,No injury/unknown,FAILURE TO YIELD RIGHT OF WAY,ATWATER & MITCHELL ST,39.163136,-86.514096
901959229,2021,1,5,1500,Weekday,2-Car,No injury/unknown,UNSAFE BACKING,S LINCOLN ST & SMITH,39.16312265,-86.53103755
902130487,2021,12,3,900,Weekday,2-Car,No injury/unknown,FAILURE TO YIELD RIGHT OF WAY,ATWATER AVE AVE & FESS,39.16312024,-86.52590028
901980674,2021,2,4,1500,Weekday,2-Car,Non-incapacitating,FAILURE TO YIELD RIGHT OF WAY,E ATWATER AVE & S EASTSIDE,39.16312,-86.513088
902101569,2021,10,4,1900,Weekday,2-Car,No injury/unknown,UNSAFE BACKING,ATWATER AVE & FACULTY,39.16311023,-86.5217975
901977832,2021,2,6,900,Weekday,2-Car,No injury/unknown,SPEED TOO FAST FOR WEATHER CONDITIONS,E  ATWATER AVE & S PARK,39.16311018,-86.52403011
902087353,2021,9,1,1100,Weekend,1-Car,No injury/unknown,RAN OFF ROAD RIGHT,ATWATER AVE & PARK,39.16311018,-86.52403011
902111096,2021,11,6,1500,Weekday,1-Car,No injury/unknown,RAN OFF ROAD RIGHT,ARBUTUS & E ATWATER AVE,39.16310628,-86.51223709
902092843,2021,10,3,0,Weekday,2-Car,No injury/unknown,OTHER (DRIVER) - EXPLAIN IN NARRATIVE,S BALLANTINE RD,39.16309649,-86.51902596
902042626,2021,6,4,0,Weekday,1-Car,No injury/unknown,RAN OFF ROAD RIGHT,ATWATER & HIGH ST,39.16308001,-86.50846995
902042908,2021,6,4,2200,Weekday,1-Car,No injury/unknown,SPEED TOO FAST FOR WEATHER CONDITIONS,ATWATER & HIGH ST,39.16308001,-86.50846995
902119248,2021,11,7,1300,Weekend,2-Car,No injury/unknown,FAILURE TO YIELD RIGHT OF WAY,ATWATER AVE & MITCHELL,39.16308001,-86.5141797
902105883,2021,10,5,1100,Weekday,2-Car,No injury/unknown,IMPROPER TURNING,ATWATER AVE & SWAIN,39.16308001,-86.51527002
901954323,2021,1,2,1800,Weekday,Bus,No injury/unknown,OVERCORRECTING/OVERSTEERING,ATWATER & JORDAN AVE,39.16307055,-86.51640172
902125061,2021,11,7,0,Weekend,2-Car,No injury/unknown,OTHER (DRIVER) - EXPLAIN IN NARRATIVE,ATWATER AVE & JORDAN,39.16307055,-86.51640172
901955716,2021,1,2,1000,Weekday,Bus,No injury/unknown,FAILURE TO YIELD RIGHT OF WAY,ATWATER AVE & BALLANTINE,39.16306995,-86.51912972
901998070,2021,4,2,1700,Weekday,2-Car,No injury/unknown,FAILURE TO YIELD RIGHT OF WAY,ATWATER AVE & BALLANTINE,39.16306995,-86.51912972
902096931,2021,10,3,1500,Weekday,2-Car,No injury/unknown,FOLLOWING TOO CLOSELY,ATWATER AVE & JORDAN,39.16306824,-86.51584473
902020423,2021,5,4,900,Weekday,2-Car,No injury/unknown,FAILURE TO YIELD RIGHT OF WAY,EAST ATWATER AVE,39.1630666,-86.52385242
901966623,2021,1,5,1900,Weekday,2-Car,No injury/unknown,OTHER (ENVIRONMENTAL) - EXPLAIN IN NARR,E ATWATER AVE & HIGHLAND,39.16305989,-86.5177173
901966630,2021,1,5,1800,Weekday,Bus,No injury/unknown,ROADWAY SURFACE CONDITION,ATWATER AVE & HIGHLAND,39.16305989,-86.51773028
902001967,2021,4,3,1300,Weekday,2-Car,No injury/unknown,FAILURE TO YIELD RIGHT OF WAY,ATWATER AVE & HIGHLAND,39.16305989,-86.51773028
902039917,2021,6,6,1200,Weekday,2-Car,Non-incapacitating,FOLLOWING TOO CLOSELY,ATWATER ST & HIGHLAND,39.16305989,-86.51773028
902074759,2021,8,3,1300,Weekday,2-Car,No injury/unknown,FAILURE TO YIELD RIGHT OF WAY,ATWATER AVE & HIGHLAND,39.16305989,-86.51773028
902105511,2021,10,4,1700,Weekday,2-Car,No injury/unknown,UNSAFE BACKING,ALLEY EAST OF JORDAN AVE & ATWATER,39.16305243,-86.5163888
901958851,2021,1,4,1800,Weekday,2-Car,No injury/unknown,IMPROPER LANE USAGE,ATWATER & JORDAN AVE,39.16304983,-86.51638984
902000191,2021,4,7,100,Weekend,2-Car,Non-incapacitating,DISREGARD SIGNAL/REG SIGN,ATWATER AVE & JORDAN,39.16304983,-86.51638984
902110048,2021,10,5,1100,Weekday,2-Car,No injury/unknown,SPEED TOO FAST FOR WEATHER CONDITIONS,ATWATER AVE & JORDAN,39.16304983,-86.51638984
901972043,2021,2,7,2000,Weekend,1-Car,No injury/unknown,ANIMAL/OBJECT IN ROADWAY,FAIRFAX RD & SMITHVILLE,39.16304,-86.5408
902133005,2021,12,6,1300,Weekday,2-Car,Non-incapacitating,DISREGARD SIGNAL/REG SIGN,EASTLAND PLAZA & S COLLEGE MALL RD,39.16300972,-86.498124
902041511,2021,6,2,1600,Weekday,Bus,No injury/unknown,IMPROPER TURNING,HAGAN ST & SMITH,39.16294992,-86.48080028