Master Record Number,Year,Month,Day,Hour,Weekend,Collision Type,Injury Type,Primary Factor,Reported_Location,Latitude,Longitude
901960198,2021,1,7,100,Weekend,2-Car,No injury/unknown,FAILURE TO YIELD RIGHT OF WAY,500 S LIBERTY DR & NORTHWEST DR  WHITAHALL PLAZA,39.162895,-86.580246
902097934,2021,10,5,800,Weekday,2-Car,Non-incapacitating,UNSAFE LANE MOVEMENT,SMITH & WALNUT ST,39.16285001,-86.53362974
902077554,2021,9,3,1700,Weekday,Cyclist,Incapacitating,IMPROPER TURNING,COLLEGE AVE & SMITH,39.16285001,-86.53494
902035281,2021,6,4,1800,Weekday,2-Car,Non-incapacitating,FAILURE TO YIELD RIGHT OF WAY,E SMITH AVE & HENDERSON,39.162848,-86.527184
901971576,2021,2,6,1100,Weekday,2-Car,No injury/unknown,FAILURE TO YIELD RIGHT OF WAY,S WASHINGTON ST & SMITH,39.162848,-86.5324
902006897,2021,4,7,1800,Weekend,2-Car,No injury/unknown,OTHER (DRIVER) - EXPLAIN IN NARRATIVE,WASHINGTON ST,39.162848,-86.5324
902036387,2021,6,6,1600,Weekday,2-Car,No injury/unknown,IMPROPER PASSING,E SMITH AVE & S WASHINGTON,39.16283995,-86.53238989
901953250,2021,1,7,1400,Weekend,2-Car,No injury/unknown,UNSAFE BACKING,SOUTH COLLEGE AVE,39.16272914,-86.53483429
902094191,2021,10,6,200,Weekday,3+ Cars,No injury/unknown,OTHER (DRIVER) - EXPLAIN IN NARRATIVE,GRANT ST & SMITH,39.16271068,-86.52974556
901977320,2021,2,5,1300,Weekday,2-Car,No injury/unknown,UNSAFE BACKING,400 E 7TH (SOUTH ALLEY) ST & GRANT,39.162685,-86.53008192
901974843,2021,2,6,1000,Weekday,2-Car,No injury/unknown,OTHER (DRIVER) - EXPLAIN IN NARRATIVE,400 EAST SMITH AVE & DUNN,39.162682,-86.529694
902067375,2021,8,4,800,Weekday,1-Car,No injury/unknown,RAN OFF ROAD RIGHT,W HOWE ST,39.16265869,-86.54165649
902124094,2021,11,4,2000,Weekday,1-Car,No injury/unknown,UNSAFE BACKING,W HOWE ST,39.16265869,-86.54165649
902045727,2021,7,2,900,Weekday,2-Car,Non-incapacitating,FAILURE TO YIELD RIGHT OF WAY,BIRDIE GALYAN & SR46E,39.162656,-86.413296
902136376,2021,12,4,2200,Weekday,1-Car,No injury/unknown,ANIMAL/OBJECT IN ROADWAY,BIRDIE GALYAN & SR46E,39.16254879,-86.41318576
902001743,2021,4,3,1600,Weekday,2-Car,No injury/unknown,UNSAFE LANE MOVEMENT,CURRY PIKE & THIRD,39.16254494,-86.58292002
901975837,2021,2,2,1600,Weekday,2-Car,No injury/unknown,UNSAFE LANE MOVEMENT,9TH & COLLEGE AVE,39.16252809,-86.53485015
902112599,2021,11,2,1300,Weekday,2-Car,No injury/unknown,OTHER (DRIVER) - EXPLAIN IN NARRATIVE,9TH & COLLEGE AVE,39.16252809,-86.53485015
902101020,2021,10,2,1700,Weekday,1-Car,No injury/unknown,IMPROPER TURNING,CURRY PIKE,39.16251373,-86.58200836
901961557,2021,1,3,900,Weekday,Bus,No injury/unknown,UNSAFE LANE MOVEMENT,800 BLK W HOWE ST & EUCLID,39.1624866,-86.5429434
902138065,2021,12,6,1600,Weekday,2-Car,No injury/unknown,,HOWE ST & ROGERS,39.1624,-86.538592
902083733,2021,9,1,1900,Weekday,2-Car,No injury/unknown,OTHER (DRIVER) - EXPLAIN IN NARRATIVE,S PARK RIDGE RD,39.16235849,-86.47618889
902045289,2021,7,2,1600,Weekday,3+ Cars,Non-incapacitating,FOLLOWING TOO CLOSELY,6TH & ROGERS ST,39.16230252,-86.53867967
902011536,2021,4,2,1700,Weekday,2-Car,Incapacitating,FAILURE TO YIELD RIGHT OF WAY,HENDERSON & HUNTER AVE,39.16225992,-86.52728331
901955868,2021,1,5,100,Weekday,2-Car,No injury/unknown,,EAST HUNTER & SOUTH FESS AVE,39.16224986,-86.52590967
902060193,2021,7,4,100,Weekday,2-Car,No injury/unknown,FAILURE TO YIELD RIGHT OF WAY,HUNTER AVE & JORDAN,39.16224,-86.516368
902071557,2021,8,5,900,Weekday,2-Car,No injury/unknown,IMPROPER LANE USAGE,HIGHLAND AVE & HUNTER,39.16224,-86.5176
902122152,2021,11,2,2200,Weekday,2-Car,No injury/unknown,FAILURE TO YIELD RIGHT OF WAY,FESS & HUNTER AVE,39.16224,-86.525824
901978649,2021,2,1,700,Weekend,1-Car,Non-incapacitating,LEFT OF CENTER,CURRY & SR46W,39.16222,-86.58275355
902105246,2021,10,4,1200,Weekday,2-Car,No injury/unknown,FAILURE TO YIELD RIGHT OF WAY,HUNTER AVE & PARK,39.16221969,-86.52402006
901995404,2021,3,3,1500,Weekday,2-Car,No injury/unknown,FOLLOWING TOO CLOSELY,ROGERS ST,39.16221835,-86.5387474
901975850,2021,2,2,1600,Weekday,2-Car,Non-incapacitating,FAILURE TO YIELD RIGHT OF WAY,HAWTHORNE DR & HUNTER,39.1622103,-86.52019992
902067468,2021,8,5,2100,Weekday,2-Car,No injury/unknown,UNSAFE BACKING,S COLLEGE MALL RD,39.16220093,-86.49866485
901963435,2021,1,6,1700,Weekday,2-Car,No injury/unknown,FAILURE TO YIELD RIGHT OF WAY,BALLANTINE & HUNTER AVE,39.16220024,-86.51913978
902034465,2021,6,3,1300,Weekday,2-Car,No injury/unknown,FAILURE TO YIELD RIGHT OF WAY,HUNTER & JORDAN AVE,39.16218013,-86.51637978
902100181,2021,10,7,1300,Weekend,2-Car,Non-incapacitating,LEFT OF CENTER,SPRIGGS & STONECHASE XING,39.16195325,-86.59598708
902148957,2021,12,2,1400,Weekday,2-Car,No injury/unknown,OTHER (VEHICLE) - EXPLAIN IN NARRATIVE,S COLLEGE MALL RD,39.16191346,-86.49789927
902089037,2021,9,3,1900,Weekday,2-Car,No injury/unknown,,S PARK RIDGE RD,39.1619072,-86.47730255
902091269,2021,9,3,700,Weekday,2-Car,No injury/unknown,FAILURE TO YIELD RIGHT OF WAY,2ND & MADISON ST,39.16189999,-86.537296
902049951,2021,7,4,1700,Weekday,2-Car,No injury/unknown,UNSAFE BACKING,S MULLER PKWY,39.16180998,-86.56743228
902007204,2021,4,1,1600,Weekend,2-Car,No injury/unknown,UNSAFE BACKING,MULLER PKWY,39.16177176,-86.567327
902100906,2021,10,3,1700,Weekday,2-Car,No injury/unknown,UNSAFE BACKING,MULLER PKWY,39.1617503,-86.56746782
902007065,2021,4,7,1000,Weekend,2-Car,No injury/unknown,UNSAFE BACKING,MULLER PKWY,39.16171275,-86.56736254
902053464,2021,7,4,1200,Weekday,2-Car,No injury/unknown,,SOUTH MULLER PKWY,39.16169129,-86.56750336
902067614,2021,8,3,1500,Weekday,1-Car,No injury/unknown,RAN OFF ROAD RIGHT,SOUTH MULLER PKWY,39.16163228,-86.5675389
902002988,2021,4,6,0,Weekday,2-Car,No injury/unknown,,E SECOND ST,39.16160965,-86.50016784
901993044,2021,3,6,800,Weekday,2-Car,Incapacitating,DRIVER DISTRACTED - EXPLAIN IN NARRATIVE,SR37N & VERNAL,39.16158141,-86.55998992
902050129,2021,7,3,2200,Weekday,1-Car,No injury/unknown,OTHER (VEHICLE) - EXPLAIN IN NARRATIVE,500 BLK W 2ND ST & ROGERS,39.16154417,-86.54035571
902024507,2021,5,5,700,Weekday,2-Car,No injury/unknown,IMPROPER TURNING,W 2ND ST,39.16153675,-86.53981487
901979693,2021,2,3,900,Weekday,2-Car,No injury/unknown,FOLLOWING TOO CLOSELY,ROGERS & W 2ND ST,39.16152,-86.538592
901996148,2021,3,4,600,Weekday,3+ Cars,Non-incapacitating,VIEW OBSTRUCTED,ROGERS & W 2ND ST,39.16152,-86.538592
902014295,2021,5,7,2300,Weekend,Cyclist,Non-incapacitating,FAILURE TO YIELD RIGHT OF WAY,2ND ST & ROGERS,39.16152,-86.538592
902057759,2021,7,5,1300,Weekday,2-Car,Non-incapacitating,DISREGARD SIGNAL/REG SIGN,ROGERS & SECOND ST,39.16152,-86.538592
902111173,2021,11,6,2100,Weekend,2-Car,No injury/unknown,FOLLOWING TOO CLOSELY,2ND ST & COLLEGE,39.16145959,-86.53555315
901981759,2021,3,6,1500,Weekday,2-Car,No injury/unknown,OTHER (DRIVER) - EXPLAIN IN NARRATIVE,SOUTH MULLER PKWY,39.16145392,-86.56764551
902003227,2021,4,7,1800,Weekend,2-Car,No injury/unknown,FAILURE TO YIELD RIGHT OF WAY,S MULLER PKWY,39.16145392,-86.56764551
902032664,2021,6,6,0,Weekday,Moped/Motorcycle,Non-incapacitating,WRONG WAY ON ONE WAY,2ND & HENDERSON ST,39.16144,-86.527152
902053494,2021,7,4,1900,Weekday,2-Car,No injury/unknown,OTHER (DRIVER) - EXPLAIN IN NARRATIVE,W 2ND ST,39.16144,-86.527152
902065836,2021,8,1,800,Weekend,1-Car,No injury/unknown,RAN OFF ROAD RIGHT,E 2ND ST,39.16144,-86.52929516
902079464,2021,9,7,800,Weekend,1-Car,No injury/unknown,RAN OFF ROAD RIGHT,WEST 2ND ST,39.16144,-86.52952758
902075925,2021,8,6,1300,Weekday,1-Car,No injury/unknown,RAN OFF ROAD RIGHT,2ND ST & GRANT,39.16144,-86.52976
902076005,2021,8,7,1200,Weekend,2-Car,No injury/unknown,FAILURE TO YIELD RIGHT OF WAY,E 2ND ST & SO GRANT,39.16144,-86.52976
902140260,2021,12,3,1300,Weekday,2-Car,No injury/unknown,FAILURE TO YIELD RIGHT OF WAY,E 2ND ST & GRANT,39.16144,-86.52976
901991573,2021,3,3,1200,Weekday,2-Car,No injury/unknown,FAILURE TO YIELD RIGHT OF WAY,2ND & S LINCOLN ST,39.16144,-86.531056
902088308,2021,9,2,1700,Weekday,2-Car,No injury/unknown,,E 2ND ST,39.16144,-86.5324
902090677,2021,9,6,1600,Weekday,2-Car,No injury/unknown,FOLLOWING TOO CLOSELY,2ND & S WASHINGTON ST,39.16144,-86.5324
902089680,2021,9,4,1300,Weekday,2-Car,No injury/unknown,BRAKE FAILURE OR DEFECTIVE,2ND & WALNUT ST,39.16144,-86.5336
902033393,2021,6,1,1000,Weekend,2-Car,Non-incapacitating,DISREGARD SIGNAL/REG SIGN,2ND ST & COLLEGE,39.16144,-86.534848
902008890,2021,4,5,2000,Weekday,2-Car,No injury/unknown,FOLLOWING TOO CLOSELY,2ND ST & COLLEGE,39.16144,-86.534848
901960183,2021,1,1,200,Weekend,Moped/Motorcycle,Non-incapacitating,OTHER (DRIVER) - EXPLAIN IN NARRATIVE,2ND ST & WALKER,39.16142978,-86.54613591
902091392,2021,9,1,1400,Weekend,2-Car,Non-incapacitating,DISREGARD SIGNAL/REG SIGN,2ND ST & WALKER,39.16142978,-86.54614023
902110729,2021,11,6,1100,Weekday,2-Car,No injury/unknown,FOLLOWING TOO CLOSELY,2ND ST & WALKER,39.16142978,-86.54614456
901985004,2021,3,4,1400,Weekday,2-Car,Non-incapacitating,FOLLOWING TOO CLOSELY,BLOOMFIELD RD & WALKER,39.16142978,-86.54614889
901991891,2021,3,3,1700,Weekday,1-Car,Incapacitating,RAN OFF ROAD RIGHT,2ND ST & WALKER,39.16142978,-86.54615754
902034002,2021,6,2,1700,Weekday,3+ Cars,No injury/unknown,FOLLOWING TOO CLOSELY,MAPLE & WEST 2ND ST,39.16141033,-86.54224969
902102615,2021,10,6,1400,Weekday,3+ Cars,Non-incapacitating,FOLLOWING TOO CLOSELY,2ND ST & MAPLE,39.16141033,-86.54224969
902047613,2021,7,7,1000,Weekend,2-Car,No injury/unknown,FOLLOWING TOO CLOSELY,2ND & WALNUT ST,39.16140027,-86.53362974
902095546,2021,10,2,300,Weekday,1-Car,No injury/unknown,UNSAFE SPEED,2ND ST & WALNUT,39.16140027,-86.53362974
902108330,2021,10,2,700,Weekday,Cyclist,Non-incapacitating,FAILURE TO YIELD RIGHT OF WAY,2ND ST & WALNUT,39.16140027,-86.53362974
902122679,2021,11,4,1500,Weekday,1-Car,No injury/unknown,IMPROPER TURNING,2ND ST & WALNUT,39.16140027,-86.53362974
902133411,2021,12,7,2200,Weekend,2-Car,No injury/unknown,FAILURE TO YIELD RIGHT OF WAY,2ND ST & WALNUT,39.16140027,-86.53362974
902003345,2021,4,6,1700,Weekday,Pedestrian,Non-incapacitating,PEDESTRIAN ACTION,2ND ST & WALNUT,39.16140027,-86.53364272
901956220,2021,1,6,800,Weekday,2-Car,No injury/unknown,OVERCORRECTING/OVERSTEERING,2ND ST & ROGERS,39.16140027,-86.53858374
902139984,2021,12,2,1600,Weekday,2-Car,No injury/unknown,FAILURE TO YIELD RIGHT OF WAY,SOUTH ROGERS & WEST 2ND ST,39.16140027,-86.53865297
901962215,2021,1,5,700,Weekday,2-Car,Non-incapacitating,FOLLOWING TOO CLOSELY,2ND & ROGERS ST,39.16140027,-86.53867028
901979879,2021,2,3,1400,Weekday,2-Car,No injury/unknown,SPEED TOO FAST FOR WEATHER CONDITIONS,2ND & ROGERS ST,39.16140027,-86.53867028
902030803,2021,6,3,900,Weekday,2-Car,No injury/unknown,DISREGARD SIGNAL/REG SIGN,ROGERS & WEST 2ND ST,39.16140027,-86.53867028
902031002,2021,6,3,1300,Weekday,2-Car,Non-incapacitating,FOLLOWING TOO CLOSELY,2ND ST & ROGERS,39.16140027,-86.53867028
902008688,2021,4,4,800,Weekday,2-Car,No injury/unknown,FAILURE TO YIELD RIGHT OF WAY,S ROGERS & W 2ND ST,39.16140027,-86.53867028
902039832,2021,6,6,800,Weekday,2-Car,Non-incapacitating,FAILURE TO YIELD RIGHT OF WAY,2ND ST & ROGERS,39.16140027,-86.53867028
902131652,2021,12,4,1600,Weekday,2-Car,No injury/unknown,FAILURE TO YIELD RIGHT OF WAY,ROGERS & WEST 2ND ST,39.16140027,-86.53867028
902141227,2021,12,2,1600,Weekday,2-Car,No injury/unknown,FAILURE TO YIELD RIGHT OF WAY,2ND ST & ROGERS,39.16140027,-86.53867028
902046663,2021,7,4,1500,Weekday,2-Car,Non-incapacitating,FOLLOWING TOO CLOSELY,2ND ST & MORTON,39.16139022,-86.53630994
902120299,2021,11,6,1700,Weekday,3+ Cars,No injury/unknown,FOLLOWING TOO CLOSELY,2ND ST & MORTON,39.16139022,-86.53630994
902123655,2021,11,5,900,Weekday,2-Car,No injury/unknown,FOLLOWING TOO CLOSELY,2ND ST & MORTON,39.16139022,-86.53630994
902081403,2021,9,3,700,Weekday,2-Car,No injury/unknown,DISREGARD SIGNAL/REG SIGN,COLLEGE & WEST 2ND ST,39.16138016,-86.53492994
902113406,2021,11,3,1600,Weekday,2-Car,No injury/unknown,FAILURE TO YIELD RIGHT OF WAY,2ND & COLLEGE AVE,39.16138016,-86.53492994
902131998,2021,12,5,1100,Weekday,2-Car,Non-incapacitating,DISREGARD SIGNAL/REG SIGN,2ND ST & COLLEGE,39.16138016,-86.53492994
902085867,2021,9,5,600,Weekday,2-Car,Non-incapacitating,IMPROPER LANE USAGE,2ND ST & COLLEGE,39.16138016,-86.53493427
902055549,2021,7,1,1200,Weekend,2-Car,No injury/unknown,FAILURE TO YIELD RIGHT OF WAY,S COLLEGE AVE & W 2ND,39.16137851,-86.53492981
901971090,2021,2,5,1100,Weekday,2-Car,No injury/unknown,UNSAFE BACKING,W 2ND ST,39.16137077,-86.54158517
901956516,2021,1,7,100,Weekend,Cyclist,No injury/unknown,OTHER (VEHICLE) - EXPLAIN IN NARRATIVE,2ND & WASHINGTON ST,39.16136004,-86.53241001
902109705,2021,10,4,2200,Weekday,2-Car,No injury/unknown,FOLLOWING TOO CLOSELY,2ND ST & WASHINGTON,39.16136004,-86.53241001
902102556,2021,10,6,1200,Weekday,2-Car,No injury/unknown,OTHER (DRIVER) - EXPLAIN IN NARRATIVE,W 2ND ST,39.16135535,-86.53980821
902085011,2021,9,3,1900,Weekday,2-Car,No injury/unknown,FAILURE TO YIELD RIGHT OF WAY,2ND ST & DUNN,39.16134998,-86.52841016
902095061,2021,10,7,1400,Weekend,2-Car,No injury/unknown,FAILURE TO YIELD RIGHT OF WAY,2ND ST & DUNN,39.16134998,-86.52841449
902051675,2021,7,2,300,Weekday,1-Car,No injury/unknown,RAN OFF ROAD RIGHT,2ND ST & PARK,39.16131981,-86.52399994
902017916,2021,5,7,1000,Weekend,2-Car,No injury/unknown,DISREGARD SIGNAL/REG SIGN,2ND ST & WOODLAWN,39.161312,-86.522576
901960304,2021,1,1,1600,Weekend,2-Car,No injury/unknown,OTHER (DRIVER) - EXPLAIN IN NARRATIVE,2ND ST & WOODLAWN,39.16130509,-86.52222332
902115761,2021,11,3,1200,Weekday,2-Car,No injury/unknown,UNSAFE BACKING,WEST S R 45 HWY,39.161296,-86.589792
902019531,2021,5,1,2100,Weekday,1-Car,No injury/unknown,ANIMAL/OBJECT IN ROADWAY,PARK SQUARE & SR48W,39.16121292,-86.59181007
902002281,2021,4,4,1400,Weekday,Pedestrian,Non-incapacitating,FAILURE TO YIELD RIGHT OF WAY,2ND & JORDAN AVE,39.161168,-86.516352
902075256,2021,8,5,2000,Weekday,2-Car,No injury/unknown,FAILURE TO YIELD RIGHT OF WAY,2ND & S JORDAN AVE,39.161168,-86.516352
902033071,2021,6,7,1100,Weekend,2-Car,No injury/unknown,FAILURE TO YIELD RIGHT OF WAY,S COLLEGE AVE,39.16115717,-86.53485253
902004537,2021,4,2,1900,Weekday,2-Car,No injury/unknown,OTHER (DRIVER) - EXPLAIN IN NARRATIVE,SOUTH COLLEGE AVE,39.16115717,-86.53485253
902013039,2021,5,5,1200,Weekday,2-Car,No injury/unknown,OTHER (DRIVER) - EXPLAIN IN NARRATIVE,S COLLEGE AVE,39.16115717,-86.53485253
902138911,2021,12,1,1100,Weekend,2-Car,No injury/unknown,,S COLLEGE AVE,39.16115717,-86.53485253
902144497,2021,12,7,2200,Weekend,Pedestrian,Non-incapacitating,VIEW OBSTRUCTED,COLLEGE AVE,39.16115717,-86.53485253
902061675,2021,7,3,1700,Weekday,2-Car,No injury/unknown,FAILURE TO YIELD RIGHT OF WAY,2ND ST & HAWTHORNE,39.16106969,-86.52019992
901984442,2021,3,4,800,Weekday,2-Car,No injury/unknown,FAILURE TO YIELD RIGHT OF WAY,E 2ND ST & WOODLAWN,39.16106969,-86.52264006
901998860,2021,4,4,1000,Weekday,2-Car,No injury/unknown,DISREGARD SIGNAL/REG SIGN,2ND ST & WOODLAWN,39.16106969,-86.52264006
902109546,2021,10,4,1600,Weekday,2-Car,No injury/unknown,DISREGARD SIGNAL/REG SIGN,2ND ST & WOODLAWN,39.16106969,-86.52264006
902100996,2021,10,2,1400,Weekday,2-Car,No injury/unknown,DISREGARD SIGNAL/REG SIGN,2ND ST & BALLANTINE,39.1610603,-86.51913978
902021508,2021,5,6,1700,Weekday,2-Car,Non-incapacitating,FOLLOWING TOO CLOSELY,S LANDMARK AVE,39.16104889,-86.55483245
902121540,2021,11,2,900,Weekday,2-Car,No injury/unknown,IMPROPER TURNING,LANDMARK AVE,39.16104889,-86.55483245
902134296,2021,12,2,1800,Weekday,2-Car,No injury/unknown,UNSAFE BACKING,S LANDMARK AVE,39.16104889,-86.55483245
902086656,2021,9,6,1500,Weekday,2-Car,No injury/unknown,UNSAFE BACKING,S WALNUT ST,39.16101225,-86.5336
901954865,2021,1,3,1600,Weekday,2-Car,No injury/unknown,FAILURE TO YIELD RIGHT OF WAY,E SECOND ST,39.16099325,-86.50563217
902011513,2021,4,2,1500,Weekday,2-Car,No injury/unknown,,E 2ND ST,39.16097581,-86.4992237
902080980,2021,9,2,1500,Weekday,Cyclist,Non-incapacitating,PEDESTRIAN ACTION,2ND ST & COLLEGE MALL,39.16094401,-86.49857798
901981849,2021,3,6,1900,Weekend,2-Car,Non-incapacitating,FAILURE TO YIELD RIGHT OF WAY,2ND & COLLEGE MALL RD,39.160944,-86.497696
902071623,2021,8,5,1400,Weekday,3+ Cars,Non-incapacitating,BRAKE FAILURE OR DEFECTIVE,2ND & COLLEGE MALL RD,39.160944,-86.497696
902074982,2021,8,5,1100,Weekday,2-Car,No injury/unknown,FAILURE TO YIELD RIGHT OF WAY,COLLEGE MALL RD & E 2ND,39.160944,-86.497696
902131585,2021,12,4,1700,Weekday,2-Car,No injury/unknown,SPEED TOO FAST FOR WEATHER CONDITIONS,COLLEGE MALL ENTRANCE & S COLLEGE MALL RD,39.160944,-86.497696
902156513,2021,12,6,1100,Weekday,2-Car,No injury/unknown,FAILURE TO YIELD RIGHT OF WAY,2ND ST & COLLEGE MALL,39.160944,-86.497696
902087046,2021,9,7,1300,Weekend,2-Car,No injury/unknown,LEFT OF CENTER,E 2ND ST & S CLIFTON,39.160944,-86.509584
901984108,2021,3,3,2100,Weekday,2-Car,No injury/unknown,IMPROPER TURNING,COLLEGE MALL RD & SECOND,39.16094027,-86.49772033
902018672,2021,5,2,1100,Weekday,2-Car,No injury/unknown,FOLLOWING TOO CLOSELY,2ND & COLLEGE MALL RD,39.16094027,-86.49772033
902076070,2021,8,7,1500,Weekend,2-Car,No injury/unknown,IMPROPER LANE USAGE,2ND ST & COLLEGE MALL,39.16094027,-86.49772033
902093536,2021,10,4,2100,Weekday,2-Car,No injury/unknown,FAILURE TO YIELD RIGHT OF WAY,2ND & COLLEGE MALL RD,39.16094027,-86.49772033
902094756,2021,10,6,1900,Weekend,Bus,No injury/unknown,IMPROPER LANE USAGE,2ND & COLLEGE MALL RD,39.16094027,-86.49772033
902100332,2021,10,2,1900,Weekday,3+ Cars,Non-incapacitating,FAILURE TO YIELD RIGHT OF WAY,2ND & COLLEGE MALL RD,39.16094027,-86.49772033
902120298,2021,11,6,1800,Weekday,2-Car,No injury/unknown,FOLLOWING TOO CLOSELY,2ND ST & COLLEGE MALL,39.16094027,-86.49772033
902034381,2021,6,3,1100,Weekday,2-Car,No injury/unknown,FAILURE TO YIELD RIGHT OF WAY,2ND ST & WOODSCREST,39.16092016,-86.50238485
902045634,2021,7,2,1100,Weekday,2-Car,No injury/unknown,FOLLOWING TOO CLOSELY,E 2ND ST & S WOODSCREST,39.16092016,-86.50244973
901965996,2021,1,4,1900,Weekday,2-Car,Non-incapacitating,FOLLOWING TOO CLOSELY,2ND ST & WOODSCREST,39.16092016,-86.50246271
901976088,2021,2,3,800,Weekday,Bus,No injury/unknown,IMPROPER LANE USAGE,2ND & WALNUT ST,39.16089069,-86.5336
901998666,2021,4,3,1700,Weekday,2-Car,No injury/unknown,FAILURE TO YIELD RIGHT OF WAY,LIBERTY DR & SR45W,39.16087376,-86.57777018
902053973,2021,7,5,1700,Weekday,2-Car,No injury/unknown,FOLLOWING TOO CLOSELY,10TH & ROGERS ST,39.16082394,-86.53859987
902131686,2021,12,4,1700,Weekday,3+ Cars,No injury/unknown,FOLLOWING TOO CLOSELY,SR37N & VERNAL,39.16075395,-86.56252288
902110020,2021,10,5,1100,Weekday,2-Car,Incapacitating,FAILURE TO YIELD RIGHT OF WAY,S PATTERSON DR & W 2ND,39.16075,-86.54851238
901964669,2021,1,1,1600,Weekend,2-Car,Non-incapacitating,FAILURE TO YIELD RIGHT OF WAY,PATTERSON & WEST SECOND ST,39.16074984,-86.54850997
901994987,2021,3,2,1200,Weekday,2-Car,No injury/unknown,FOLLOWING TOO CLOSELY,2ND & PATTERSON DR,39.16074984,-86.54850997
901997061,2021,3,6,1200,Weekday,3+ Cars,No injury/unknown,FOLLOWING TOO CLOSELY,2ND & PATTERSON DR,39.16074984,-86.54850997
902006966,2021,4,7,2300,Weekend,2-Car,No injury/unknown,UNSAFE BACKING,2ND & PATTERSON DR,39.16074984,-86.54850997
902071293,2021,8,4,2200,Weekday,2-Car,No injury/unknown,BRAKE FAILURE OR DEFECTIVE,2ND & PATTERSON DR,39.16074984,-86.54850997
902044343,2021,6,7,1700,Weekend,2-Car,Non-incapacitating,FOLLOWING TOO CLOSELY,2ND & PATTERSON DR,39.16074984,-86.54850997
902049026,2021,7,3,800,Weekday,2-Car,Non-incapacitating,OTHER (DRIVER) - EXPLAIN IN NARRATIVE,S PATTERSON DR & W 2ND,39.16074984,-86.54850997
902081147,2021,9,3,1700,Weekday,3+ Cars,No injury/unknown,SPEED TOO FAST FOR WEATHER CONDITIONS,2ND & PATTERSON DR,39.16074984,-86.54850997
902087076,2021,9,7,1500,Weekend,2-Car,No injury/unknown,FOLLOWING TOO CLOSELY,2ND ST & PATTERSON,39.16074984,-86.54850997
902094805,2021,10,6,1600,Weekday,3+ Cars,Non-incapacitating,FOLLOWING TOO CLOSELY,2ND ST & PATTERSON,39.16074984,-86.54850997
902124396,2021,11,6,800,Weekday,2-Car,Non-incapacitating,FOLLOWING TOO CLOSELY,PATTERSON & W 2ND ST,39.16074984,-86.54850997
902133261,2021,12,7,1800,Weekend,2-Car,No injury/unknown,FOLLOWING TOO CLOSELY,2ND ST & PATTERSON,39.16074984,-86.54850997
902142627,2021,12,5,800,Weekday,2-Car,No injury/unknown,FOLLOWING TOO CLOSELY,2ND & PATTERSON DR,39.16074984,-86.54850997
902089482,2021,9,4,1600,Weekday,2-Car,No injury/unknown,,E 2ND ST,39.1606636,-86.50541687
902056032,2021,7,2,1700,Weekday,2-Car,No injury/unknown,UNSAFE BACKING,2ND & S ADAMS ST,39.160544,-86.5508
901959167,2021,1,5,1400,Weekday,2-Car,No injury/unknown,OTHER (DRIVER) - EXPLAIN IN NARRATIVE,SOUTH LANDMARK AVE,39.16051246,-86.55401453
902054048,2021,7,5,1400,Weekday,1-Car,No injury/unknown,OTHER (DRIVER) - EXPLAIN IN NARRATIVE,SOUTH LANDMARK AVE,39.16051246,-86.55401453
902108679,2021,10,3,1100,Weekday,2-Car,No injury/unknown,OTHER (DRIVER) - EXPLAIN IN NARRATIVE,BLOOMFIELD RD,39.16042462,-86.55086025
902086078,2021,9,5,1700,Weekday,2-Car,No injury/unknown,FOLLOWING TOO CLOSELY,ADAMS & BLOOMFIELD RD,39.16037969,-86.55082142
902076966,2021,9,3,700,Weekday,2-Car,No injury/unknown,FAILURE TO YIELD RIGHT OF WAY,LINCOLN & UNIVERSITY ST,39.16034765,-86.53071925
902015969,2021,5,3,1700,Weekday,Cyclist,Non-incapacitating,FAILURE TO YIELD RIGHT OF WAY,S WOODLAWN AVE & UNIVERSITY,39.160304,-86.52256
902138595,2021,12,7,1700,Weekend,3+ Cars,Non-incapacitating,FAILURE TO YIELD RIGHT OF WAY,E UNIVERSITY & S PARK AVE,39.160304,-86.52392
901974945,2021,2,6,2200,Weekend,2-Car,No injury/unknown,UNSAFE BACKING,W BLOOMFIELD RD,39.16021541,-86.55312471
902081148,2021,9,3,1600,Weekday,2-Car,No injury/unknown,UNSAFE BACKING,W BLOOMFIELD RD,39.15998862,-86.55307876
901978207,2021,2,6,1500,Weekday,2-Car,No injury/unknown,OTHER (DRIVER) - EXPLAIN IN NARRATIVE,SOUTH ROGERS ST,39.1599617,-86.53781127
902117286,2021,11,2,1300,Weekday,2-Car,No injury/unknown,OTHER (DRIVER) - EXPLAIN IN NARRATIVE,SOUTH ROGERS ST,39.1599617,-86.53781127
902082349,2021,9,5,1600,Weekday,2-Car,No injury/unknown,FAILURE TO YIELD RIGHT OF WAY,SOUTH LANDMARK & WEST BLOOMFIED RD,39.15993981,-86.55382007
902104493,2021,10,3,900,Weekday,2-Car,No injury/unknown,OTHER (DRIVER) - EXPLAIN IN NARRATIVE,LANDMARK & W BLOOMFIELD RD,39.15993981,-86.55382007
902108927,2021,10,3,1700,Weekday,2-Car,No injury/unknown,FAILURE TO YIELD RIGHT OF WAY,SOUTH LANDMARK DR & WEST BLOOMFIELD,39.15993981,-86.55382007