Master Record Number,Year,Month,Day,Hour,Weekend,Collision Type,Injury Type,Primary Factor,Reported_Location,Latitude,Longitude
901975240,2021,2,1,100,Weekend,1-Car,No injury/unknown,RAN OFF ROAD RIGHT,1ST & COLLEGE AVE,39.15985195,-86.53487341
902027010,2021,5,3,1000,Weekday,2-Car,No injury/unknown,VIEW OBSTRUCTED,BLOOMFIELD RD,39.1596756,-86.55188751
902116017,2021,11,6,2200,Weekend,2-Car,No injury/unknown,IMPROPER PASSING,BUICK CADILLAC & S CLARIZZ BLVD,39.1596,-86.490784
902076401,2021,9,1,1600,Weekend,2-Car,No injury/unknown,FAILURE TO YIELD RIGHT OF WAY,6TH & INDIANA AVE,39.15958831,-86.52694031
901981643,2021,2,2,1400,Weekday,2-Car,No injury/unknown,UNSAFE BACKING,1020 E KIRKWOOD (GARAGE) AVE & EAST UNIVERSITY,39.15954045,-86.546143
902061888,2021,8,6,1100,Weekday,2-Car,Non-incapacitating,FOLLOWING TOO CLOSELY,HERITAGE WOODS & SR446S,39.1595389,-86.47155494
901999819,2021,4,6,1100,Weekday,2-Car,No injury/unknown,UNSAFE LANE MOVEMENT,1ST & S COLLEGE AVE,39.15944,-86.53488
902001029,2021,4,2,1200,Weekday,2-Car,Incapacitating,FOLLOWING TOO CLOSELY,COLLEGE & W 1ST ST,39.15944,-86.53488
902137756,2021,12,6,800,Weekday,2-Car,No injury/unknown,DISREGARD SIGNAL/REG SIGN,1ST ST & COLLEGE,39.15944,-86.53488
902141704,2021,12,4,1000,Weekday,2-Car,No injury/unknown,UNSAFE BACKING,BLOOMFIELD & RANSOM LN,39.15944,-86.555296
902087880,2021,9,2,900,Weekday,Bus,No injury/unknown,LEFT OF CENTER,BUICK CADILLAC BLVD & CLARIZZ,39.15943019,-86.49062991
902114158,2021,11,4,1300,Weekday,2-Car,No injury/unknown,SPEED TOO FAST FOR WEATHER CONDITIONS,BUICK CADILLAC & CLARIZZ BLVD,39.15943019,-86.49062991
902078220,2021,9,4,2300,Weekday,Cyclist,No injury/unknown,FAILURE TO YIELD RIGHT OF WAY,1ST ST & MORTON,39.15938996,-86.53629988
902000004,2021,4,6,1400,Weekday,Moped/Motorcycle,No injury/unknown,FOLLOWING TOO CLOSELY,1ST & COLLEGE AVE,39.15936984,-86.53499029
902079317,2021,9,6,1400,Weekday,3+ Cars,Non-incapacitating,FOLLOWING TOO CLOSELY,1ST & WALNUT ST,39.15935978,-86.53365992
902102423,2021,10,6,900,Weekday,2-Car,No injury/unknown,FOLLOWING TOO CLOSELY,1ST & WALNUT ST,39.15935978,-86.53365992
902063631,2021,8,3,1300,Weekday,1-Car,Incapacitating,DRIVER ILLNESS,E 1ST ST,39.159344,-86.51893616
902139046,2021,12,1,1400,Weekend,2-Car,Non-incapacitating,FAILURE TO YIELD RIGHT OF WAY,1ST ST & HAWTHORNE,39.159344,-86.520096
901998927,2021,4,4,800,Weekday,2-Car,No injury/unknown,DISREGARD SIGNAL/REG SIGN,1ST & WALNUT ST,39.159344,-86.5336
902053767,2021,7,5,1100,Weekday,2-Car,No injury/unknown,DISREGARD SIGNAL/REG SIGN,1ST & S WALNUT ST,39.159344,-86.5336
902143195,2021,12,5,1400,Weekday,2-Car,No injury/unknown,DISREGARD SIGNAL/REG SIGN,1ST & WALNUT ST,39.159344,-86.5336
902023309,2021,5,2,1900,Weekday,2-Car,No injury/unknown,FAILURE TO YIELD RIGHT OF WAY,1ST ST & HAWTHORNE,39.15927999,-86.52019992
901958172,2021,1,3,1200,Weekday,2-Car,Non-incapacitating,FOLLOWING TOO CLOSELY,S RANSOM & W BLOOMFIELD RD,39.15925987,-86.55527986
901973311,2021,2,3,1300,Weekday,2-Car,No injury/unknown,IMPROPER TURNING,BLOOMFIELD RD & RANSOM,39.15925987,-86.55527986
902077169,2021,9,3,1100,Weekday,2-Car,Non-incapacitating,FAILURE TO YIELD RIGHT OF WAY,1ST & W 1ST ST,39.159248,-86.508288
902143502,2021,12,6,300,Weekday,2-Car,No injury/unknown,UNSAFE SPEED,BASSWOOD DR,39.15919751,-86.56694814
901986188,2021,3,6,1700,Weekday,2-Car,No injury/unknown,UNSAFE SPEED,BENNINGTON & SMITH RD,39.15917002,-86.48069031
902142746,2021,12,5,1100,Weekday,2-Car,No injury/unknown,FAILURE TO YIELD RIGHT OF WAY,S WALNUT ST,39.15916114,-86.5336
902079850,2021,9,1,1300,Weekend,2-Car,No injury/unknown,UNSAFE BACKING,3RD & CLIFTON AVE,39.15899037,-86.50968911
902061632,2021,8,6,1500,Weekday,1-Car,No injury/unknown,OTHER (DRIVER) - EXPLAIN IN NARRATIVE,S COLLEGE MALL RD,39.15896988,-86.49852752
902028193,2021,5,5,1200,Weekday,2-Car,No injury/unknown,UNSAFE BACKING,SOUTH BASSWOOD DR,39.15895544,-86.56739205
902106650,2021,10,7,800,Weekend,1-Car,No injury/unknown,OVERCORRECTING/OVERSTEERING,HEDRICKS & SR46W,39.15888977,-86.66201885
901954274,2021,1,2,300,Weekday,2-Car,No injury/unknown,RAN OFF ROAD RIGHT,S MITCHELL ST,39.15853882,-86.51346588
902056983,2021,7,4,1300,Weekday,2-Car,No injury/unknown,FAILURE TO YIELD RIGHT OF WAY,MONON & WALNUT ST,39.15851277,-86.53369009
901969361,2021,2,2,1500,Weekday,3+ Cars,No injury/unknown,UNSAFE LANE MOVEMENT,SOUTH WALNUT ST & WYLIE,39.158448,-86.5336
902049675,2021,7,3,1300,Weekday,2-Car,No injury/unknown,FOLLOWING TOO CLOSELY,CURRY & SR45W,39.15835953,-86.58262325
902050682,2021,7,6,1100,Weekday,2-Car,No injury/unknown,FAILURE TO YIELD RIGHT OF WAY,CURRY & SR45W,39.15835953,-86.58264923
902061080,2021,7,4,1600,Weekday,2-Car,No injury/unknown,FOLLOWING TOO CLOSELY,CURRY & SR45W,39.15835953,-86.58264923
902099697,2021,10,1,1600,Weekend,2-Car,Non-incapacitating,FAILURE TO YIELD RIGHT OF WAY,SOUTH CURRY & SR45W,39.15835953,-86.58264923
902103189,2021,10,7,1500,Weekend,2-Car,Non-incapacitating,FAILURE TO YIELD RIGHT OF WAY,CURRY & SR45W,39.15835953,-86.58264923
902123530,2021,11,4,1000,Weekday,2-Car,No injury/unknown,FOLLOWING TOO CLOSELY,CURRY & SR46W,39.15835953,-86.58264923
901964994,2021,1,2,1700,Weekday,2-Car,No injury/unknown,FAILURE TO YIELD RIGHT OF WAY,AUTO MALL & BUICK CADILLAC BLVD,39.15831976,-86.49611033
902026803,2021,5,2,1200,Weekday,2-Car,No injury/unknown,FAILURE TO YIELD RIGHT OF WAY,AUTO MALL & E BUICK CADILLAC BLVD,39.15831976,-86.49611033
902107528,2021,10,1,1300,Weekend,2-Car,No injury/unknown,IMPROPER TURNING,AUTO MALL & BUICK CADILLAC BLVD,39.15831976,-86.49611033
901959941,2021,1,6,1200,Weekday,3+ Cars,Non-incapacitating,DISREGARD SIGNAL/REG SIGN,BUICK CADILLAC & COLLEGE MALL RD,39.15816,-86.497792
901965562,2021,1,3,2000,Weekday,2-Car,Non-incapacitating,FOLLOWING TOO CLOSELY,BUICK CADILLAC & S COLLEGE MALL RD,39.15816,-86.497792
901978183,2021,2,6,1700,Weekday,2-Car,No injury/unknown,FAILURE TO YIELD RIGHT OF WAY,BUICK CADILLAC & COLLEGE MALL RD,39.15816,-86.497792
902092527,2021,9,2,1100,Weekday,2-Car,No injury/unknown,OTHER (DRIVER) - EXPLAIN IN NARRATIVE,BUICK CADILLAC & COLLEGE MALL RD,39.15816,-86.497792
902099968,2021,10,2,1000,Weekday,Cyclist,No injury/unknown,FAILURE TO YIELD RIGHT OF WAY,COLLEGE MALL & E BUICK CADILLAC BLVD,39.15816,-86.497792
902104222,2021,10,2,1400,Weekday,3+ Cars,Non-incapacitating,FOLLOWING TOO CLOSELY,BUICK CADILLAC & S COLLEGE MALL RD,39.15816,-86.497792
902115520,2021,11,6,1000,Weekday,2-Car,No injury/unknown,IMPROPER TURNING,E BUICK CADILLAC BLVD,39.15816,-86.497792
902034202,2021,6,2,1200,Weekday,2-Car,Non-incapacitating,FAILURE TO YIELD RIGHT OF WAY,BUICK CADILLAC & COLLEGE MALL RD,39.15810987,-86.49788998
902013584,2021,5,5,1200,Weekday,2-Car,No injury/unknown,DISREGARD SIGNAL/REG SIGN,BUICK CADILLAC & COLLEGE MALL RD,39.15810987,-86.49788998
902108313,2021,10,2,1300,Weekday,2-Car,No injury/unknown,DRIVER DISTRACTED - EXPLAIN IN NARRATIVE,COLLEGE MALL & E BUICK CADILLAC BLVD,39.15810987,-86.49788998
902056664,2021,7,3,1700,Weekday,Moped/Motorcycle,Non-incapacitating,FAILURE TO YIELD RIGHT OF WAY,CURRY PIKE & DOYLE,39.15805019,-86.58263973
902092456,2021,9,6,1100,Weekday,2-Car,No injury/unknown,CELL PHONE USAGE,DOYLE AVE & VILLAGE,39.15805019,-86.58376023
901973301,2021,2,3,1300,Weekday,2-Car,No injury/unknown,FOLLOWING TOO CLOSELY,ANNA LEE & BLOOMFIELD RD,39.15802002,-86.55768653
902029294,2021,6,7,800,Weekend,2-Car,No injury/unknown,FAILURE TO YIELD RIGHT OF WAY,HENDERSON ST & MAXWELL,39.157952,-86.527088
902068495,2021,8,6,1000,Weekday,2-Car,No injury/unknown,FAILURE TO YIELD RIGHT OF WAY,E BUICK CADILLAC BLVD,39.15781021,-86.49728393
902037146,2021,6,1,2300,Weekday,2-Car,No injury/unknown,BRAKE FAILURE OR DEFECTIVE,ATWATER & HAWTHORNE DR,39.15780305,-86.52020998
902109224,2021,10,4,800,Weekday,2-Car,No injury/unknown,OTHER (DRIVER) - EXPLAIN IN NARRATIVE,HIGH ST & MAXWELL,39.157792,-86.508288
902116477,2021,11,1,900,Weekend,2-Car,No injury/unknown,DISREGARD SIGNAL/REG SIGN,E MAXWELL & S HIGH ST,39.157792,-86.508288
902116106,2021,11,7,1000,Weekend,2-Car,No injury/unknown,FAILURE TO YIELD RIGHT OF WAY,MAXWELL LN & MITCHELL,39.15777996,-86.51372976
901988460,2021,3,4,900,Weekday,1-Car,No injury/unknown,SPEED TOO FAST FOR WEATHER CONDITIONS,BASSWOOD DR & BLOOMFIELD,39.1577081,-86.56889006
901978546,2021,2,7,100,Weekend,2-Car,No injury/unknown,FAILURE TO YIELD RIGHT OF WAY,COLLEGE ST & DODDS,39.15756445,-86.53479809
902074760,2021,8,3,1100,Weekday,2-Car,No injury/unknown,FAILURE TO YIELD RIGHT OF WAY,COLLEGE AVE & DODDS,39.15756002,-86.53479985
902046674,2021,6,5,2000,Weekday,2-Car,No injury/unknown,UNSAFE BACKING,DODDS ST & FAIRVIEW,39.15751979,-86.54101265
902090999,2021,9,7,1100,Weekend,2-Car,No injury/unknown,FAILURE TO YIELD RIGHT OF WAY,E DODDS & S LINCOLN ST,39.157504,-86.531104
902074906,2021,8,5,900,Weekday,2-Car,No injury/unknown,DISREGARD SIGNAL/REG SIGN,DODDS & ROGERS ST,39.15747017,-86.53869979
902131983,2021,12,5,1000,Weekday,2-Car,No injury/unknown,FAILURE TO YIELD RIGHT OF WAY,DODDS & ROGERS ST,39.15747017,-86.53869979
902060470,2021,7,4,1300,Weekday,1-Car,No injury/unknown,IMPROPER TURNING,DODDS & MADISON ST,39.15746011,-86.53749011
902070586,2021,8,3,1300,Weekday,2-Car,No injury/unknown,FAILURE TO YIELD RIGHT OF WAY,E DODDS & S WASHINGTON ST,39.15738511,-86.53242936
901994370,2021,3,2,1000,Weekday,2-Car,No injury/unknown,FAILURE TO YIELD RIGHT OF WAY,DODDS & LINCOLN ST,39.15737025,-86.53130024
902013050,2021,5,4,1600,Weekday,2-Car,No injury/unknown,FAILURE TO YIELD RIGHT OF WAY,DODDS & LINCOLN ST,39.15737025,-86.53130024
902144179,2021,12,6,1300,Weekday,2-Car,Non-incapacitating,FAILURE TO YIELD RIGHT OF WAY,DODDS & LINCOLN ST,39.15737025,-86.53130024
902039824,2021,6,7,700,Weekend,2-Car,No injury/unknown,UNSAFE BACKING,BASSWOOD DR,39.15734482,-86.57202148
902083382,2021,9,7,1800,Weekend,2-Car,No injury/unknown,FOLLOWING TOO CLOSELY,SOUTH CORY & WEST BLOOMFIELD RD,39.157248,-86.559792
902040823,2021,6,1,400,Weekend,1-Car,No injury/unknown,IMPROPER LANE USAGE,S CURRY PIKE,39.15717697,-86.58368682
902045670,2021,7,3,1200,Weekday,2-Car,No injury/unknown,UNSAFE BACKING,CURRY PIKE,39.15717697,-86.58368682
901966885,2021,2,6,700,Weekday,2-Car,Non-incapacitating,FOLLOWING TOO CLOSELY,BLOOMFIELD RD & CORY,39.15710002,-86.55969441
902037104,2021,6,1,1600,Weekend,2-Car,No injury/unknown,FAILURE TO YIELD RIGHT OF WAY,S COLLEGE MALL RD,39.15699609,-86.4977505
902002401,2021,4,5,800,Weekday,1-Car,No injury/unknown,SPEED TOO FAST FOR WEATHER CONDITIONS,MCARTNEY & S SARE RD,39.15699266,-86.49695992
902002420,2021,4,5,800,Weekday,2-Car,No injury/unknown,FOLLOWING TOO CLOSELY,MCCARTNEY & SO SARE RD,39.15699266,-86.49695992
902097029,2021,10,1,1400,Weekend,2-Car,No injury/unknown,FOLLOWING TOO CLOSELY,CURRY & GIFFORD RD,39.156896,-86.582704
902014596,2021,5,1,1600,Weekend,2-Car,No injury/unknown,UNSAFE BACKING,W DIXIE ST,39.15684128,-86.54282379
901955879,2021,1,5,1600,Weekday,2-Car,No injury/unknown,UNSAFE BACKING,SMITH RD,39.15675603,-86.48058436
902017839,2021,5,7,100,Weekend,1-Car,No injury/unknown,RAN OFF ROAD RIGHT,S BASSWOOD DR & S COPPER BEACH,39.15669031,-86.57108008
902008818,2021,4,4,1200,Weekday,2-Car,No injury/unknown,FOLLOWING TOO CLOSELY,S LIBERTY DR & W 3RD,39.15667937,-86.57913006
901963966,2021,1,6,800,Weekday,2-Car,No injury/unknown,IMPROPER LANE USAGE,CURRY PIKE & GIFFPRD,39.1566702,-86.58263973
902007466,2021,4,4,1200,Weekday,2-Car,No injury/unknown,DISREGARD SIGNAL/REG SIGN,CURRY PIKE PIKE & GIFFORD,39.1566702,-86.58263973
902090776,2021,9,6,400,Weekday,2-Car,Non-incapacitating,FAILURE TO YIELD RIGHT OF WAY,CURRY PIKE & GIFFORD,39.1566702,-86.58263973
902014249,2021,5,7,2100,Weekend,1-Car,No injury/unknown,UNSAFE BACKING,E DIXIE ST,39.15665817,-86.53293609
902145639,2021,12,2,2200,Weekday,1-Car,No injury/unknown,RAN OFF ROAD RIGHT,DIXIE ST & LINCOLN,39.156576,-86.53112
902039533,2021,6,5,1600,Weekday,1-Car,No injury/unknown,OTHER (DRIVER) - EXPLAIN IN NARRATIVE,COLLEGE MALL RD,39.15651329,-86.49772904
901968187,2021,2,1,800,Weekend,2-Car,Incapacitating,CELL PHONE USAGE,W ALLEN ST,39.15638351,-86.55406938
901953965,2021,1,2,1100,Weekday,2-Car,Non-incapacitating,FAILURE TO YIELD RIGHT OF WAY,ALLEN & BLOOMFIELD RD,39.15612973,-86.56139999
902016551,2021,5,4,1700,Weekday,2-Car,Incapacitating,DRIVER ILLNESS,ALLEN & BLOOMFIELD RD,39.15612973,-86.56139999
902116412,2021,11,7,400,Weekend,2-Car,No injury/unknown,,W ALLEN ST,39.156128,-86.560912
902039552,2021,6,5,1600,Weekday,2-Car,No injury/unknown,FAILURE TO YIELD RIGHT OF WAY,DUNN ST & KIRKWOOD,39.15596509,-86.5282499
901970826,2021,2,4,1600,Weekday,2-Car,No injury/unknown,FOLLOWING TOO CLOSELY,ADAMS & ALLEN ST,39.155952,-86.550592
901984048,2021,3,3,1800,Weekday,2-Car,No injury/unknown,FAILURE TO YIELD RIGHT OF WAY,ADAMS & W ALLEN ST,39.155952,-86.550592
902104386,2021,10,3,500,Weekday,Cyclist,Non-incapacitating,FAILURE TO YIELD RIGHT OF WAY,ADAMS & ALLEN ST,39.15586017,-86.5505368
902010204,2021,4,6,1500,Weekday,2-Car,No injury/unknown,FAILURE TO YIELD RIGHT OF WAY,SOUTH ADAM & WEST ALLEN ST,39.15586017,-86.55054979
902046170,2021,7,3,2300,Weekday,2-Car,No injury/unknown,FAILURE TO YIELD RIGHT OF WAY,ADAMS & ALLEN ST,39.15586017,-86.55054979
902050593,2021,7,5,1200,Weekday,2-Car,No injury/unknown,OTHER (VEHICLE) - EXPLAIN IN NARRATIVE,E BURKS DR,39.15584,-86.506496
902065221,2021,8,6,1800,Weekday,2-Car,Non-incapacitating,DRIVER DISTRACTED - EXPLAIN IN NARRATIVE,ALLEN & S ROGERS ST,39.155776,-86.538592
902086857,2021,9,6,1600,Weekday,2-Car,Non-incapacitating,FAILURE TO YIELD RIGHT OF WAY,LARKSPUR & W ALLEN ST,39.1557502,-86.54797017
901972374,2021,2,1,2000,Weekday,2-Car,No injury/unknown,FOLLOWING TOO CLOSELY,10TH & JORDAN AVE,39.15572549,-86.51566028
902142022,2021,12,3,900,Weekday,1-Car,No injury/unknown,ROADWAY SURFACE CONDITION,GIFFORD RD & S CURRY,39.15567612,-86.58483597
901986025,2021,3,6,1500,Weekday,2-Car,No injury/unknown,OVERCORRECTING/OVERSTEERING,WOODLAWN AVE,39.1556523,-86.5227165
902010646,2021,4,4,1100,Weekday,2-Car,No injury/unknown,UNSAFE BACKING,ALLEN & STRONG DR,39.15565029,-86.54431968
902044256,2021,6,7,1600,Weekend,2-Car,Non-incapacitating,SPEED TOO FAST FOR WEATHER CONDITIONS,ALLEN & PATTERSON DR,39.15563017,-86.54330983
902076029,2021,8,7,1300,Weekend,2-Car,No injury/unknown,UNSAFE BACKING,BLOOMFIELD RD,39.15562615,-86.56230993
902053095,2021,7,4,900,Weekday,2-Car,No injury/unknown,,E ALLEN ST & S WASHINGTON,39.15560048,-86.53245497
901983628,2021,3,3,1200,Weekday,2-Car,No injury/unknown,DISREGARD SIGNAL/REG SIGN,E ALLEN & S WASHINGTON ST,39.15560048,-86.53245237
902016510,2021,5,4,1400,Weekday,2-Car,Non-incapacitating,FOLLOWING TOO CLOSELY,ALLEN & WALNUT ST,39.1556,-86.53368003
902037392,2021,6,2,900,Weekday,2-Car,No injury/unknown,FAILURE TO YIELD RIGHT OF WAY,ALLEN & S ROGERS ST,39.15558994,-86.53874002
902112741,2021,11,2,1800,Weekday,1-Car,No injury/unknown,VIEW OBSTRUCTED,ALLEN & ROGERS ST,39.15558994,-86.53874002
902085886,2021,9,5,1100,Weekday,2-Car,Non-incapacitating,SPEED TOO FAST FOR WEATHER CONDITIONS,SR37N & VERNAL,39.15546511,-86.56252288
902120267,2021,11,6,1800,Weekday,2-Car,No injury/unknown,FOLLOWING TOO CLOSELY,SR37N & WEST VERNAL,39.15546511,-86.56252288
902065910,2021,8,6,300,Weekday,1-Car,Incapacitating,RAN OFF ROAD RIGHT,CIRCLE DR & SOUTHDOWNS,39.15544,-86.512288
902114558,2021,11,5,600,Weekday,1-Car,No injury/unknown,ANIMAL/OBJECT IN ROADWAY,BLOOMFIELD RD & LAKECREST,39.15544,-86.562192
901990059,2021,3,6,1800,Weekday,2-Car,No injury/unknown,FOLLOWING TOO CLOSELY,BLOOMFIELD RD & LAKECREST,39.15543973,-86.5624997
902132563,2021,12,5,2100,Weekday,2-Car,No injury/unknown,SPEED TOO FAST FOR WEATHER CONDITIONS,GARRISON CHAPEL RD & GIFFORD,39.15539909,-86.64539743
902111336,2021,11,7,1000,Weekend,3+ Cars,No injury/unknown,OVERCORRECTING/OVERSTEERING,COPPER BEECH WAY,39.15529288,-86.57032974
902018966,2021,5,2,1700,Weekday,2-Car,No injury/unknown,UNSAFE BACKING,E COVENANTER DR,39.15524058,-86.4948564
901955717,2021,1,7,600,Weekend,2-Car,Non-incapacitating,FAILURE TO YIELD RIGHT OF WAY,COLLEGE MALL RD & COVENANTER,39.15518023,-86.49773977
901995080,2021,3,3,700,Weekday,2-Car,No injury/unknown,SPEED TOO FAST FOR WEATHER CONDITIONS,COLLEGE MALL RD & COVENANTER,39.15518023,-86.49773977
901995082,2021,3,3,800,Weekday,2-Car,No injury/unknown,SPEED TOO FAST FOR WEATHER CONDITIONS,COLLEGE MALL & COVENANTER DR,39.15518023,-86.49773977
902022435,2021,5,2,800,Weekday,2-Car,No injury/unknown,DISREGARD SIGNAL/REG SIGN,COLLEGE MALL RD & COVENANTER,39.15518023,-86.49773977
902104530,2021,10,3,1100,Weekday,Cyclist,Non-incapacitating,FAILURE TO YIELD RIGHT OF WAY,COLLEGE MALL & COVENANTER DR,39.15518023,-86.49773977
902127334,2021,11,3,1600,Weekday,2-Car,No injury/unknown,DISREGARD SIGNAL/REG SIGN,COLLEGE MALL RD & COVENANTER,39.15518023,-86.49773977
902100423,2021,10,2,1200,Weekday,2-Car,No injury/unknown,FAILURE TO YIELD RIGHT OF WAY,COLLEGE MALL & COVENANTER AVE,39.15518023,-86.49774323
901983922,2021,3,3,1800,Weekday,2-Car,No injury/unknown,OTHER (DRIVER) - EXPLAIN IN NARRATIVE,COLLEGE MALL & COVENANTER DR,39.155152,-86.497888
902014667,2021,5,1,2300,Weekday,2-Car,No injury/unknown,DISREGARD SIGNAL/REG SIGN,COLLEGE MALL RD & COVENANTER,39.155152,-86.497888
902040145,2021,6,6,1600,Weekday,2-Car,No injury/unknown,FAILURE TO YIELD RIGHT OF WAY,COLLEGE MALL & COVENANTER DR,39.155152,-86.497888
902062122,2021,8,7,2200,Weekend,2-Car,No injury/unknown,FAILURE TO YIELD RIGHT OF WAY,COLLEGE MALL RD & COVENANTER,39.155152,-86.497888
902134951,2021,12,3,1800,Weekday,2-Car,No injury/unknown,IMPROPER TURNING,COLLEGE MALL & COVENANTER DR,39.1551397,-86.49771233
902058558,2021,7,7,1600,Weekend,3+ Cars,No injury/unknown,OTHER (VEHICLE) - EXPLAIN IN NARRATIVE,E COVENANTER DR,39.1551172,-86.4975728
902018968,2021,5,1,1600,Weekend,2-Car,No injury/unknown,UNSAFE LANE MOVEMENT,CURRY PIKE & STEBU,39.15486977,-86.58261023
902141693,2021,12,3,800,Weekday,2-Car,No injury/unknown,UNSAFE BACKING,W CHERRY ORCHARD CT,39.15480405,-86.58910855
902017237,2021,5,6,100,Weekday,2-Car,No injury/unknown,OTHER (DRIVER) - EXPLAIN IN NARRATIVE,CHERRY ORCHARD CT,39.15479198,-86.59007146
902017396,2021,5,6,100,Weekday,2-Car,No injury/unknown,OTHER (DRIVER) - EXPLAIN IN NARRATIVE,CHERRY ORCHARD CT,39.15479198,-86.59007146
902052475,2021,7,2,600,Weekday,1-Car,No injury/unknown,RAN OFF ROAD RIGHT,S GARRISON CHAPPEL RD,39.15463257,-86.64633178
901980328,2021,2,4,2000,Weekday,2-Car,No injury/unknown,,S COLLEGE MALL RD,39.1546049,-86.49765931
902141372,2021,12,3,300,Weekday,1-Car,No injury/unknown,OVERCORRECTING/OVERSTEERING,COLLEGE AVE & SR4546,39.15458914,-86.53453968
902111317,2021,11,7,800,Weekend,3+ Cars,No injury/unknown,UNSAFE BACKING,COVENANTER DR,39.15457916,-86.49330139
902147312,2021,12,6,1300,Weekday,2-Car,No injury/unknown,OTHER (DRIVER) - EXPLAIN IN NARRATIVE,E DAVIS ST,39.15452049,-86.51687869
902039789,2021,6,5,1000,Weekday,2-Car,No injury/unknown,OTHER (DRIVER) - EXPLAIN IN NARRATIVE,SO PICKWICK PL,39.1544075,-86.50424194
902120351,2021,11,6,1800,Weekday,1-Car,No injury/unknown,ANIMAL/OBJECT IN ROADWAY,CAVE & SR48,39.15439987,-86.62882971
902111541,2021,11,7,1900,Weekend,1-Car,No injury/unknown,ANIMAL/OBJECT IN ROADWAY,CAVE & SR48W,39.15439987,-86.62902029
902138725,2021,12,7,2300,Weekend,1-Car,No injury/unknown,RAN OFF ROAD RIGHT,HICKORY GROVE & W GIFFORD RD,39.1543702,-86.5903303
902057749,2021,7,5,1700,Weekday,2-Car,Non-incapacitating,FAILURE TO YIELD RIGHT OF WAY,S WEIMER & W BLOOMFIELD RD,39.154272,-86.564176
902023289,2021,5,2,1600,Weekday,2-Car,No injury/unknown,OVERCORRECTING/OVERSTEERING,S COLLEGE MALL RD,39.15427029,-86.49764657
902043954,2021,6,6,1600,Weekday,1-Car,Non-incapacitating,UNSAFE SPEED,S COLLEGE MALL RD,39.15427029,-86.49764657
902061812,2021,8,7,200,Weekend,2-Car,No injury/unknown,OTHER (DRIVER) - EXPLAIN IN NARRATIVE,COLLEGE MALL RD,39.15427029,-86.49764657
902079586,2021,8,6,2200,Weekend,2-Car,No injury/unknown,,SOUTH COLLEGE MALL RD,39.15427029,-86.49764657
902117245,2021,11,2,1700,Weekday,2-Car,No injury/unknown,IMPROPER TURNING,S COLLEGE MALL RD,39.15427029,-86.49764657
901984362,2021,3,3,1200,Weekday,2-Car,No injury/unknown,FAILURE TO YIELD RIGHT OF WAY,BLOOMFIELD RD & WEIMER,39.15424012,-86.56435624
902111810,2021,10,1,1700,Weekend,Moped/Motorcycle,No injury/unknown,UNSAFE BACKING,TIMBERS TRL,39.15415898,-86.56969875
902116551,2021,11,1,1400,Weekend,2-Car,No injury/unknown,IMPROPER TURNING,S COLLEGE MALL RD,39.15412578,-86.49786768
902072821,2021,8,1,1400,Weekend,2-Car,No injury/unknown,OTHER (DRIVER) - EXPLAIN IN NARRATIVE,3RD & MADISON ST,39.15404582,-86.53741031
902111071,2021,11,6,1700,Weekday,2-Car,No injury/unknown,FOLLOWING TOO CLOSELY,LIBERTY DR & THIRD,39.15403576,-86.57913006
902047649,2021,7,7,500,Weekend,1-Car,No injury/unknown,RAN OFF ROAD RIGHT,700 BLK S GREENLEAF & BASSWOOD DR,39.15400507,-86.57251054
901951888,2021,1,5,700,Weekday,1-Car,No injury/unknown,RAN OFF ROAD RIGHT,LAKECREST LN & SHADELAND,39.153952,-86.561504
902012848,2021,5,4,900,Weekday,2-Car,No injury/unknown,UNSAFE BACKING,WEST BLOOMFIELD RD,39.15394373,-86.56493045
902069011,2021,8,7,1800,Weekend,2-Car,No injury/unknown,,MONROE ST & ORRIS,39.15384524,-86.5471702
902010564,2021,4,7,2200,Weekend,1-Car,No injury/unknown,RAN OFF ROAD RIGHT,S ROGERS ST & W PATTERSON,39.15379018,-86.53875008
902077497,2021,9,3,1700,Weekday,3+ Cars,No injury/unknown,FOLLOWING TOO CLOSELY,PATTERSON DR & ROGERS,39.15379018,-86.53875008
902018112,2021,5,1,0,Weekend,1-Car,No injury/unknown,OVERCORRECTING/OVERSTEERING,PATTERSON DR & ROGERS,39.15379018,-86.53875873
901962812,2021,1,5,1200,Weekday,2-Car,No injury/unknown,FAILURE TO YIELD RIGHT OF WAY,3RD & WOODSCREST DR,39.15369588,-86.50241017
901998311,2021,4,3,700,Weekday,2-Car,No injury/unknown,FAILURE TO YIELD RIGHT OF WAY,WEST PATTERSON DR,39.15368356,-86.53781935
902025416,2021,5,6,1500,Weekday,2-Car,No injury/unknown,UNSAFE LANE MOVEMENT,LIBERTY & SR45E,39.15365982,-86.57530975
902070109,2021,8,2,1700,Weekday,Moped/Motorcycle,Incapacitating,FAILURE TO YIELD RIGHT OF WAY,LIBERTY & SR45W,39.15365982,-86.57530975
902070451,2021,8,2,1600,Weekday,2-Car,Non-incapacitating,FAILURE TO YIELD RIGHT OF WAY,LIBERTY & SR45W,39.15365982,-86.57530975
902049195,2021,7,6,1600,Weekday,2-Car,No injury/unknown,FOLLOWING TOO CLOSELY,LIBERTY & SR45E,39.15365982,-86.57530975