Master Record Number,Year,Month,Day,Hour,Weekend,Collision Type,Injury Type,Primary Factor,Reported_Location,Latitude,Longitude
902050425,2021,7,5,1700,Weekday,3+ Cars,Non-incapacitating,FAILURE TO YIELD RIGHT OF WAY,LIBERTY & SR45W,39.15365982,-86.57530975
902110421,2021,10,5,1700,Weekday,3+ Cars,Non-incapacitating,FOLLOWING TOO CLOSELY,LIBERTY & SR45W,39.15365982,-86.57530975
902115884,2021,11,6,1400,Weekday,2-Car,No injury/unknown,FOLLOWING TOO CLOSELY,LIBERTY & SR45W,39.15365982,-86.57530975
902118494,2021,11,4,600,Weekday,2-Car,Incapacitating,FAILURE TO YIELD RIGHT OF WAY,LIBERTY & SR45W,39.15365982,-86.57530975
902055352,2021,7,7,300,Weekend,1-Car,Incapacitating,RAN OFF ROAD RIGHT,MADISON & PATTERSON DR,39.15363997,-86.53757996
902091101,2021,9,7,1600,Weekend,2-Car,No injury/unknown,OTHER (DRIVER) - EXPLAIN IN NARRATIVE,3100 BLK E COVENANTER DR & S AUTO MALL,39.153622,-86.49202654
902091102,2021,9,7,1600,Weekend,2-Car,No injury/unknown,FAILURE TO YIELD RIGHT OF WAY,3100 BLK E COVENANTER DR & S AUTO MALL,39.153622,-86.49202654
902113898,2021,11,4,1100,Weekday,2-Car,No injury/unknown,FAILURE TO YIELD RIGHT OF WAY,W GRIMES LN & WALNUT,39.15344,-86.53377638
902068104,2021,8,5,1300,Weekday,2-Car,Non-incapacitating,DRIVER DISTRACTED - EXPLAIN IN NARRATIVE,GRIMES & SOUTH WALNUT ST,39.15344,-86.5336
902061071,2021,8,5,1700,Weekday,Cyclist,Non-incapacitating,FAILURE TO YIELD RIGHT OF WAY,S WALNUT ST,39.15342171,-86.5336
902044496,2021,6,1,200,Weekend,2-Car,No injury/unknown,,E COVENANTER DR,39.15341869,-86.49102352
902091080,2021,9,7,1400,Weekend,Cyclist,Non-incapacitating,DISREGARD SIGNAL/REG SIGN,GRIMES LN & HENDERSON,39.153392,-86.527008
901980649,2021,2,4,1600,Weekday,2-Car,No injury/unknown,UNSAFE BACKING,GRIMES LN & PARK,39.15336,-86.52430551
901985965,2021,3,6,1100,Weekday,2-Car,No injury/unknown,OTHER (DRIVER) - EXPLAIN IN NARRATIVE,GRIMES & WALNUT ST ST,39.15335487,-86.53371457
902113762,2021,11,4,800,Weekday,2-Car,Non-incapacitating,FOLLOWING TOO CLOSELY,GRIMES LN & WALNUT,39.15335029,-86.53366694
902034273,2021,6,2,1200,Weekday,2-Car,No injury/unknown,FOLLOWING TOO CLOSELY,GRIMES LN & WALNUT,39.15335029,-86.53369723
901992507,2021,3,5,800,Weekday,2-Car,No injury/unknown,OTHER (DRIVER) - EXPLAIN IN NARRATIVE,S WALNUT & W GRIMES LN,39.15335029,-86.53370372
901977413,2021,2,5,1800,Weekday,2-Car,No injury/unknown,,GRIMES LN & WALNUT,39.15335029,-86.53371021
901998660,2021,4,3,1900,Weekday,2-Car,No injury/unknown,FAILURE TO YIELD RIGHT OF WAY,GRIMES LN & WALNUT,39.15335029,-86.53371021
902028775,2021,5,6,1100,Weekday,2-Car,No injury/unknown,FOLLOWING TOO CLOSELY,GRIMES LN & WALNUT,39.15335029,-86.53371021
902082675,2021,9,6,900,Weekday,2-Car,No injury/unknown,FAILURE TO YIELD RIGHT OF WAY,GRIMES LN & WALNUT,39.15335029,-86.53371021
902117221,2021,11,2,1400,Weekday,2-Car,Non-incapacitating,FOLLOWING TOO CLOSELY,GRIMES LN & WALNUT,39.15335029,-86.53371021
902032774,2021,6,6,1600,Weekday,2-Car,No injury/unknown,FAILURE TO YIELD RIGHT OF WAY,GRIMES LN & HENDERSON,39.1533,-86.52696982
902018965,2021,5,2,1400,Weekday,2-Car,No injury/unknown,DISREGARD SIGNAL/REG SIGN,EAST GRIMES LN & SOUTH HENDERSON,39.1533,-86.52696982
902094903,2021,10,7,700,Weekend,Cyclist,Non-incapacitating,FAILURE TO YIELD RIGHT OF WAY,E GRIMES LN & S HENDERSON,39.1532991,-86.5269577
901958673,2021,1,4,800,Weekday,1-Car,No injury/unknown,RAN OFF ROAD RIGHT,GIFFORD & PARK SQUARE DR,39.15307717,-86.59180145
901966634,2021,1,5,2100,Weekday,1-Car,No injury/unknown,OTHER (DRIVER) - EXPLAIN IN NARRATIVE,S FENBROOK LN,39.15304586,-86.48636788
902022911,2021,5,2,1600,Weekday,2-Car,No injury/unknown,DRIVER DISTRACTED - EXPLAIN IN NARRATIVE,S COLLEGE MALL RD,39.15300429,-86.4976184
902042204,2021,6,3,1500,Weekday,2-Car,No injury/unknown,IMPROPER TURNING,S COLLEGE MALL RD,39.15300429,-86.4976184
902131993,2021,12,5,1100,Weekday,2-Car,No injury/unknown,,S COLLEGE MALL RD,39.15300429,-86.4976184
902029143,2021,5,6,2200,Weekend,1-Car,No injury/unknown,RAN OFF ROAD RIGHT,1300 W 3RD ST & PATTERSON,39.152962,-86.54313419
901963708,2021,1,7,1100,Weekend,2-Car,No injury/unknown,FAILURE TO YIELD RIGHT OF WAY,S COLLEGE MALL RD,39.15292396,-86.49788454
902132690,2021,12,6,1100,Weekday,1-Car,No injury/unknown,RAN OFF ROAD RIGHT,BROWN COUNTY LINE & SR46E,39.15287018,-86.370695
902044679,2021,6,1,1500,Weekend,1-Car,Non-incapacitating,SPEED TOO FAST FOR WEATHER CONDITIONS,BROWN COUNTY LINE & SR46E,39.15287018,-86.37073387
902063971,2021,8,4,1400,Weekday,1-Car,No injury/unknown,OTHER (DRIVER) - EXPLAIN IN NARRATIVE,3RD & PATTERSON DR,39.15286596,-86.55128002
902016573,2021,5,7,1600,Weekend,2-Car,No injury/unknown,IMPROPER TURNING,ROLLING RIDGE WAY,39.15279007,-86.56282043
901981536,2021,3,6,900,Weekday,2-Car,No injury/unknown,UNSAFE BACKING,7TH & WALNUT ST,39.15268644,-86.53359018
902072347,2021,8,6,1400,Weekday,2-Car,No injury/unknown,UNSAFE BACKING,S CLARRIZ BLVD,39.15263367,-86.49272918
902083390,2021,9,2,2200,Weekday,2-Car,No injury/unknown,UNSAFE BACKING,CLARIZZ BLVD,39.15263367,-86.49272918
902088432,2021,9,2,1000,Weekday,2-Car,No injury/unknown,FAILURE TO YIELD RIGHT OF WAY,CLARIZZ BLVD,39.15263367,-86.49272918
902110751,2021,11,6,900,Weekday,1-Car,No injury/unknown,UNSAFE SPEED,S CLARIZZ BLVD,39.15263367,-86.49272918
902115135,2021,11,5,2000,Weekday,2-Car,No injury/unknown,,S CLARIZZ BLVD,39.15263367,-86.49272918
902133259,2021,12,1,1500,Weekend,2-Car,No injury/unknown,FAILURE TO YIELD RIGHT OF WAY,SOUTH CLARIZZ BLVD,39.15263367,-86.49272918
902140629,2021,12,3,1200,Weekday,2-Car,No injury/unknown,FAILURE TO YIELD RIGHT OF WAY,S CLARIZZ BLVD,39.15263367,-86.49272918
902145364,2021,12,2,100,Weekday,2-Car,No injury/unknown,,S CLARIZZ BLVD,39.15263367,-86.49272918
902013049,2021,5,4,1800,Weekday,2-Car,No injury/unknown,FOLLOWING TOO CLOSELY,HIGH ST & VIVA,39.15258989,-86.50845989
902060123,2021,7,3,1600,Weekday,2-Car,No injury/unknown,FAILURE TO YIELD RIGHT OF WAY,DRISCOLL & DUNN ST,39.152544,-86.528
901972485,2021,2,1,0,Weekend,2-Car,No injury/unknown,,BASSWOOD CIR,39.15253624,-86.57184183
902090330,2021,9,6,700,Weekday,2-Car,No injury/unknown,UNSAFE BACKING,ATWATER & PARK AVE,39.15253614,-86.52403011
902131492,2021,12,4,1500,Weekday,1-Car,No injury/unknown,RAN OFF ROAD RIGHT,CLARIZZ BLVD & COVENANTER,39.15246986,-86.49051994
902138328,2021,12,6,1000,Weekday,2-Car,Non-incapacitating,FAILURE TO YIELD RIGHT OF WAY,CLARIZZ BLVD & COVENANTER,39.15246986,-86.49051994
902074805,2021,8,5,0,Weekday,2-Car,No injury/unknown,,BASSWOOD CIR,39.15245511,-86.57238028
902083888,2021,9,6,1400,Weekday,3+ Cars,Non-incapacitating,UNSAFE SPEED,SR37S & TAPP,39.15243937,-86.5544281
902095263,2021,10,1,400,Weekend,2-Car,No injury/unknown,RAN OFF ROAD RIGHT,S SWEETBRIAR & S SWEETBRIAR CT,39.15231801,-86.52541011
902070671,2021,8,3,1700,Weekday,2-Car,No injury/unknown,FOLLOWING TOO CLOSELY,MONON & SOUTH WALNUT ST,39.15224,-86.5336
902078810,2021,9,5,1800,Weekday,1-Car,No injury/unknown,ANIMAL/OBJECT IN ROADWAY,8900 RICE RD & GARRISON CHAPEL,39.15219854,-86.65224653
902039873,2021,6,6,1100,Weekday,2-Car,No injury/unknown,UNSAFE BACKING,2200 S SWEETBRIAR DR & SWEETBRIAR,39.15216223,-86.525192
901992965,2021,3,6,0,Weekday,1-Car,No injury/unknown,ANIMAL/OBJECT IN ROADWAY,BAYLES & SR37N,39.1521193,-86.54286956
901957115,2021,1,1,1700,Weekend,2-Car,No injury/unknown,UNSAFE LANE MOVEMENT,SIERRA & SIERRA DR,39.15210977,-86.58777239
902128422,2021,11,5,2000,Weekday,3+ Cars,Non-incapacitating,UNSAFE SPEED,E WOODVIEW & SR46E,39.152,-86.3812
902033169,2021,6,7,1700,Weekend,3+ Cars,No injury/unknown,UNSAFE SPEED,SEWELL & SR46E,39.15175008,-86.38285838
902099404,2021,10,3,1500,Weekday,2-Car,No injury/unknown,UNSAFE BACKING,LIBERTY DR,39.15169907,-86.57738494
901978547,2021,2,7,2100,Weekend,2-Car,No injury/unknown,UNSAFE BACKING,FENBROOK LN,39.1516766,-86.48675411
902034849,2021,6,4,900,Weekday,3+ Cars,No injury/unknown,IMPROPER TURNING,S FENBROOKE LN,39.1516766,-86.48675411
902022498,2021,5,2,800,Weekday,2-Car,No injury/unknown,,FENBROOK LN,39.1516766,-86.48675411
902025543,2021,5,6,2200,Weekend,1-Car,No injury/unknown,ANIMAL/OBJECT IN ROADWAY,BRUMMETS CREEK & SR46E,39.15167405,-86.38975712
902053812,2021,7,2,1800,Weekday,2-Car,No injury/unknown,FOLLOWING TOO CLOSELY,SOUTH WALNUT ST & WILSON,39.151648,-86.5336
902070274,2021,8,3,0,Weekday,2-Car,No injury/unknown,OTHER (DRIVER) - EXPLAIN IN NARRATIVE,HUNTER & WOODLAWN AVE,39.1516365,-86.52263
901993773,2021,3,1,1100,Weekend,2-Car,No injury/unknown,OTHER (DRIVER) - EXPLAIN IN NARRATIVE,1400 S WASHINGTON ST & E WILSON,39.151616,-86.5324
901951328,2021,1,4,1100,Weekday,2-Car,No injury/unknown,ROADWAY SURFACE CONDITION,8758 W RICE RD & S GARRISON CHAPEL,39.151552,-86.643504
902095481,2021,10,6,2100,Weekend,1-Car,No injury/unknown,RAN OFF ROAD RIGHT,CAVE RD & GIFFORD,39.15147007,-86.62891991
902002825,2021,4,5,1600,Weekday,1-Car,No injury/unknown,RAN OFF ROAD RIGHT,W GIFFORD RD,39.15136479,-86.60666093
902137089,2021,12,7,1300,Weekend,1-Car,No injury/unknown,RAN OFF ROAD RIGHT,ENDWRIGHT & GIFFORD RD,39.15135611,-86.59816367
902115820,2021,11,6,1400,Weekday,Pedestrian,Non-incapacitating,DISREGARD SIGNAL/REG SIGN,KIRBY RD & SR45,39.15134698,-86.61031799
902003686,2021,4,1,0,Weekend,2-Car,No injury/unknown,OTHER (DRIVER) - EXPLAIN IN NARRATIVE,BASSWOOD CIR,39.15121841,-86.57061767
902118950,2021,11,4,1300,Weekday,2-Car,No injury/unknown,FOLLOWING TOO CLOSELY,CONSTITUTION & LIBERTY DR,39.15119983,-86.5768703
902132307,2021,12,5,1500,Weekday,2-Car,No injury/unknown,FOLLOWING TOO CLOSELY,CONSTITUTION & LIBERTY DR,39.15119983,-86.5768703
901988752,2021,3,3,1800,Weekday,2-Car,No injury/unknown,UNSAFE LANE MOVEMENT,S CURRY PIKE,39.15113278,-86.58267796
901960208,2021,1,1,800,Weekend,2-Car,No injury/unknown,FAILURE TO YIELD RIGHT OF WAY,S CLARIZZ BLVD,39.1509638,-86.49129711
901962043,2021,1,4,2300,Weekday,2-Car,No injury/unknown,FAILURE TO YIELD RIGHT OF WAY,SOUTH CLARIZZ BLVD,39.1509638,-86.49129711
902003312,2021,4,6,1500,Weekday,2-Car,No injury/unknown,UNSAFE BACKING,S CLARIZZ BLVD,39.1509638,-86.49129711
902021677,2021,5,6,1000,Weekday,2-Car,No injury/unknown,OTHER (DRIVER) - EXPLAIN IN NARRATIVE,S CLARIZZ BLVD,39.1509638,-86.49129711
901966633,2021,1,5,1800,Weekday,3+ Cars,No injury/unknown,SPEED TOO FAST FOR WEATHER CONDITIONS,HILLSIDE & WOODLAWN AVE,39.15072,-86.522496
901990071,2021,3,7,1400,Weekend,2-Car,No injury/unknown,DRIVER DISTRACTED - EXPLAIN IN NARRATIVE,KIRKWOOD & WALNUT ST,39.15071782,-86.53361029
902121085,2021,11,1,1600,Weekend,2-Car,No injury/unknown,SPEED TOO FAST FOR WEATHER CONDITIONS,HENDERSON & HILLSIDE DR,39.15070392,-86.5251985
902035464,2021,6,6,1300,Weekday,2-Car,Non-incapacitating,FOLLOWING TOO CLOSELY,HILLSIDE DR & HUNTINGTON,39.150688,-86.520896
902092409,2021,10,3,0,Weekday,1-Car,No injury/unknown,ANIMAL/OBJECT IN ROADWAY,E HILLSIDE DR & HUNTINGTON,39.150688,-86.520896
901959815,2021,1,5,1600,Weekday,2-Car,Non-incapacitating,FOLLOWING TOO CLOSELY,HILLSIDE & S ROGERS ST,39.15064,-86.538592
901990439,2021,3,1,2200,Weekday,1-Car,No injury/unknown,RAN OFF ROAD RIGHT,S ROGERS ST & W HILLSIDE,39.15064,-86.538592
901992084,2021,3,4,1000,Weekday,2-Car,No injury/unknown,UNSAFE BACKING,HILLSIDE & ROGERS ST,39.15064,-86.538592
901967757,2021,2,7,2300,Weekend,2-Car,No injury/unknown,FOLLOWING TOO CLOSELY,HILLSIDE DR & MAXWELL,39.150576,-86.515088
902048615,2021,7,2,1400,Weekday,2-Car,No injury/unknown,FOLLOWING TOO CLOSELY,HILLSIDE DR & MAXWELL,39.15056013,-86.51511408
902025927,2021,5,1,100,Weekend,2-Car,No injury/unknown,FOLLOWING TOO CLOSELY,HILLSIDE DR & WEATHERSTONE,39.15056013,-86.51882998
901957999,2021,1,3,700,Weekday,Pedestrian,Non-incapacitating,FAILURE TO YIELD RIGHT OF WAY,HENDERSON ST & HILLSIDE,39.15056013,-86.52691014
902020435,2021,5,5,800,Weekday,3+ Cars,Non-incapacitating,FOLLOWING TOO CLOSELY,HENDESON & HILLSIDE DR,39.15056013,-86.52691014
902095300,2021,10,1,1200,Weekend,2-Car,No injury/unknown,OTHER (DRIVER) - EXPLAIN IN NARRATIVE,E HILLSIDE DR & S HENDERSON,39.15056013,-86.52691014
902141225,2021,12,2,2200,Weekday,2-Car,Non-incapacitating,FOLLOWING TOO CLOSELY,E HILLSIDE DR & S HENDERSON,39.15056013,-86.52691014
902091107,2021,9,7,1300,Weekend,2-Car,No injury/unknown,FOLLOWING TOO CLOSELY,DUNN & HILLSIDE DR,39.15055007,-86.5281701
901977425,2021,2,5,1900,Weekday,2-Car,No injury/unknown,FOLLOWING TOO CLOSELY,DUNN & HILLSIDE DR,39.15055007,-86.52818308
902064289,2021,8,4,1200,Weekday,2-Car,No injury/unknown,OTHER (DRIVER) - EXPLAIN IN NARRATIVE,HIGH & HILLSIDE DR,39.150544,-86.50844673
902048872,2021,7,2,1700,Weekday,Pedestrian,Incapacitating,PEDESTRIAN ACTION,E HILLSIDE DR & NANCY,39.150544,-86.51135256
902099700,2021,10,1,1600,Weekend,3+ Cars,No injury/unknown,FOLLOWING TOO CLOSELY,E MOORES PIKE & VALLEY FORGE,39.150544,-86.502992
902090743,2021,9,6,1500,Weekday,2-Car,No injury/unknown,FOLLOWING TOO CLOSELY,CAPE COD & E MOORES PIKE,39.150544,-86.506784
901992564,2021,3,5,1100,Weekday,3+ Cars,No injury/unknown,FOLLOWING TOO CLOSELY,E MOORES PIKE & S HIGH,39.150544,-86.508288
902035580,2021,6,5,800,Weekday,2-Car,No injury/unknown,DISREGARD SIGNAL/REG SIGN,HIGH ST & MOORES,39.150544,-86.508288
902123613,2021,11,5,800,Weekday,2-Car,Non-incapacitating,OTHER (DRIVER) - EXPLAIN IN NARRATIVE,E HILLSIDE DR & NANCY,39.150544,-86.511088
902112925,2021,11,2,1300,Weekday,2-Car,No injury/unknown,FAILURE TO YIELD RIGHT OF WAY,DORCHESTER & HILLSIDE DR,39.150544,-86.512592
902125607,2021,11,1,1100,Weekend,2-Car,No injury/unknown,FAILURE TO YIELD RIGHT OF WAY,HILLSIDE DR & LONGWOOD,39.150544,-86.51276837
902086860,2021,9,6,2100,Weekend,2-Car,Non-incapacitating,FAILURE TO YIELD RIGHT OF WAY,HILLSIDE & WALNUT ST,39.150544,-86.5336
902089328,2021,9,4,1200,Weekday,2-Car,No injury/unknown,FOLLOWING TOO CLOSELY,HILLSIDE DR & S WALNUT,39.150544,-86.5336
902056722,2021,7,3,1600,Weekday,2-Car,Incapacitating,UNSAFE LANE MOVEMENT,FARMER & S CURRY PIKE,39.15054001,-86.58262029
902058133,2021,7,6,1100,Weekday,2-Car,No injury/unknown,FAILURE TO YIELD RIGHT OF WAY,CURRY PIKE PIKE & FARMER,39.15054001,-86.58262029
901970106,2021,2,3,1700,Weekday,2-Car,No injury/unknown,FAILURE TO YIELD RIGHT OF WAY,HILLSIDE DR & WOODLAWN,39.15052995,-86.52261994
901967035,2021,2,6,1000,Weekday,2-Car,No injury/unknown,FAILURE TO YIELD RIGHT OF WAY,HILLSIDE & WALNUT ST,39.15051989,-86.53366997
901992870,2021,3,5,1700,Weekday,2-Car,No injury/unknown,FAILURE TO YIELD RIGHT OF WAY,HILLSIDE & WALNUT ST,39.15051989,-86.53366997
902003481,2021,4,7,1000,Weekend,2-Car,Non-incapacitating,FOLLOWING TOO CLOSELY,HILLSIDE & WALNUT ST,39.15051989,-86.53366997
902070902,2021,8,4,1000,Weekday,2-Car,No injury/unknown,FOLLOWING TOO CLOSELY,HILLSIDE & WALNUT ST,39.15051989,-86.53366997
902082339,2021,9,5,1600,Weekday,2-Car,No injury/unknown,,HILLSIDE & WALNUT ST,39.15051989,-86.53366997
902104045,2021,10,2,1400,Weekday,2-Car,No injury/unknown,FOLLOWING TOO CLOSELY,EAST HILLSIDE DR & SOUTH WALNUT,39.15051989,-86.53366997
902078157,2021,9,4,1700,Weekday,2-Car,No injury/unknown,FOLLOWING TOO CLOSELY,HILLSIDE DR & NANCY,39.15050983,-86.51106029
901993219,2021,3,6,1500,Weekday,2-Car,No injury/unknown,BRAKE FAILURE OR DEFECTIVE,CLIFTON & HILLSIDE DR,39.15049978,-86.50953009
902053760,2021,7,4,800,Weekday,2-Car,No injury/unknown,FOLLOWING TOO CLOSELY,COLLEGE MALL & MOORES PIKE,39.15048033,-86.49825006
902069794,2021,8,2,900,Weekday,1-Car,No injury/unknown,ANIMAL/OBJECT IN ROADWAY,MOORES PIKE & VALLEY FORGE,39.15048033,-86.50294348
901955326,2021,1,4,1500,Weekday,3+ Cars,Non-incapacitating,DRIVER ILLNESS,HIGH & HILLSIDE DR,39.15048033,-86.50842247
901995507,2021,3,3,1300,Weekday,1-Car,No injury/unknown,ANIMAL/OBJECT IN ROADWAY,HIGH & MOORES PIKE,39.15048033,-86.50852628
901955891,2021,1,5,1800,Weekday,2-Car,No injury/unknown,FOLLOWING TOO CLOSELY,MOORES & S COLLEGE MALL RD,39.150448,-86.498
902109981,2021,10,5,1100,Weekday,2-Car,Non-incapacitating,SPEED TOO FAST FOR WEATHER CONDITIONS,COLLEGE MALL & E MOORES PIKE,39.150448,-86.498
901998280,2021,4,3,700,Weekday,Moped/Motorcycle,Non-incapacitating,RAN OFF ROAD RIGHT,MOORES PIKE & SARE,39.150448,-86.4992
901980516,2021,2,4,1200,Weekday,2-Car,No injury/unknown,FAILURE TO YIELD RIGHT OF WAY,10TH & CAMPBELL ST,39.15043733,-86.51394031
902083333,2021,9,7,1700,Weekend,2-Car,No injury/unknown,FAILURE TO YIELD RIGHT OF WAY,E 10TH & N SUNRISE DR,39.15042727,-86.51247985
901972025,2021,2,7,1800,Weekend,2-Car,No injury/unknown,IMPROPER PASSING,10TH & UNION ST,39.15039712,-86.5094503
902005698,2021,4,4,1200,Weekday,2-Car,No injury/unknown,OTHER (DRIVER) - EXPLAIN IN NARRATIVE,MOORES PIKE & SR446,39.150352,-86.471296
902040656,2021,6,1,1100,Weekend,2-Car,No injury/unknown,FAILURE TO YIELD RIGHT OF WAY,MOORES & SR446E,39.150352,-86.471296
902079701,2021,9,1,500,Weekend,1-Car,No injury/unknown,RAN OFF ROAD RIGHT,LAMPKINS RIDGE & SR446E,39.150352,-86.471296
902090959,2021,9,7,800,Weekend,2-Car,No injury/unknown,LEFT OF CENTER,E MOORES & SR446S,39.150352,-86.471296
901999145,2021,4,4,1800,Weekday,2-Car,No injury/unknown,FAILURE TO YIELD RIGHT OF WAY,446 & MOORES PIKE,39.15035024,-86.47138975
902068522,2021,8,6,1200,Weekday,2-Car,Non-incapacitating,FAILURE TO YIELD RIGHT OF WAY,LAMPKINS RIDGE & SR446S,39.15034166,-86.47139351
901998049,2021,4,2,1700,Weekday,2-Car,Non-incapacitating,FOLLOWING TOO CLOSELY,CLARIZZ BLVD & MOORES,39.15034018,-86.4913199
902043894,2021,6,6,1500,Weekday,2-Car,No injury/unknown,FAILURE TO YIELD RIGHT OF WAY,CLARIZZ & MOORES PIKE,39.15034018,-86.4913199
902102784,2021,10,6,1900,Weekend,2-Car,No injury/unknown,IMPROPER LANE USAGE,ALLEN & S ROGERS ST,39.15030393,-86.53874002
902025892,2021,5,7,2200,Weekend,2-Car,No injury/unknown,FAILURE TO YIELD RIGHT OF WAY,MOORES & SMITH RD,39.150224,-86.480464
902077544,2021,9,3,1900,Weekday,2-Car,No injury/unknown,DISREGARD SIGNAL/REG SIGN,MOORES & S SMITH RD,39.150224,-86.480464
902116254,2021,11,7,1800,Weekend,2-Car,No injury/unknown,FOLLOWING TOO CLOSELY,MOORES PIKE & SMITH,39.150224,-86.480464
902000891,2021,4,2,900,Weekday,2-Car,No injury/unknown,LEFT OF CENTER,MOORES & SMITH RD,39.15022016,-86.48046031
902032931,2021,6,6,1300,Weekday,2-Car,Non-incapacitating,DISREGARD SIGNAL/REG SIGN,MOORES PIKE & SMITH,39.15022016,-86.48046031
901975874,2021,2,2,1600,Weekday,1-Car,Non-incapacitating,RAN OFF ROAD RIGHT,E MOORES PIKE & FENBROOK,39.15022016,-86.48725106
902084620,2021,9,3,800,Weekday,2-Car,Non-incapacitating,DISREGARD SIGNAL/REG SIGN,E MOORES PIKE & SO SMITH,39.15021773,-86.48046161
902076216,2021,8,7,2100,Weekend,1-Car,No injury/unknown,ROADWAY SURFACE CONDITION,E MOORES PIKE & S OLCOTT,39.15018998,-86.48498989
902043625,2021,6,6,900,Weekday,2-Car,No injury/unknown,LEFT OF CENTER,MOORES PIKE & OLCOTT,39.15018998,-86.48500719
902133532,2021,12,6,800,Weekday,1-Car,No injury/unknown,SPEED TOO FAST FOR WEATHER CONDITIONS,INGRAM & SR37S,39.14997946,-86.59564208
902017674,2021,5,6,1700,Weekday,2-Car,No injury/unknown,UNSAFE BACKING,LIBERTY DR,39.14996719,-86.57511901
902120655,2021,11,7,1400,Weekend,2-Car,No injury/unknown,FOLLOWING TOO CLOSELY,SOUTH WALNUT ST,39.14982139,-86.53338645
901988411,2021,3,4,900,Weekday,2-Car,No injury/unknown,SPEED TOO FAST FOR WEATHER CONDITIONS,BASSWOOD DR & BLOOMFIELD,39.14978027,-86.56887707
901988435,2021,3,4,900,Weekday,2-Car,No injury/unknown,SPEED TOO FAST FOR WEATHER CONDITIONS,BASSWOOD DR & BLOOMIFIELD,39.14978027,-86.56888357
901967071,2021,2,6,1000,Weekday,2-Car,Non-incapacitating,FAILURE TO YIELD RIGHT OF WAY,BASSWOOD DR & BLOOMFIELD,39.14978027,-86.56889006
901981810,2021,3,6,1800,Weekday,2-Car,No injury/unknown,FAILURE TO YIELD RIGHT OF WAY,BASSWOOD & BLOOMFIELD RD,39.14978027,-86.56889006
901982490,2021,3,1,2300,Weekday,1-Car,No injury/unknown,RAN OFF ROAD RIGHT,BLOOMFIELD RD & OAKDALE,39.14978027,-86.56889006
902040146,2021,6,6,1400,Weekday,2-Car,Non-incapacitating,FAILURE TO YIELD RIGHT OF WAY,BASSWOOD & BLOOMFIELD RD,39.14978027,-86.56889006
902072367,2021,8,6,500,Weekday,2-Car,No injury/unknown,UNSAFE BACKING,BLOOMFIELD & OAKDALE DR,39.14978027,-86.56889006
902085432,2021,9,4,1400,Weekday,2-Car,No injury/unknown,IMPROPER TURNING,BASSWOOD DR & BLOOMFIELD,39.14978027,-86.56889006
901991406,2021,3,3,700,Weekday,1-Car,No injury/unknown,ANIMAL/OBJECT IN ROADWAY,S OAKDALE & SR45W,39.14978027,-86.56889343
902078494,2021,9,5,500,Weekday,3+ Cars,Non-incapacitating,LEFT OF CENTER,BLOOMFIELD RD & STONE,39.14978027,-86.56890045
902025738,2021,5,6,1500,Weekday,2-Car,No injury/unknown,IMPROPER PASSING,SOUTH BASSWOOD & WEST BLOOMFIELD RD,39.14978027,-86.56891603
902115106,2021,11,5,1500,Weekday,2-Car,Non-incapacitating,FOLLOWING TOO CLOSELY,S BASSWOOD & W BLOOMFIELD RD,39.14978027,-86.56895066
902113440,2021,11,3,1900,Weekday,2-Car,No injury/unknown,OTHER (DRIVER) - EXPLAIN IN NARRATIVE,S BASSWOOD CIR,39.14968,-86.57104
902129489,2021,12,1,2300,Weekday,1-Car,Non-incapacitating,RAN OFF ROAD RIGHT,S OAKDALE DR,39.14964549,-86.56884312
902020391,2021,5,5,800,Weekday,2-Car,No injury/unknown,OTHER (DRIVER) - EXPLAIN IN NARRATIVE,E SOUTHERN DR,39.14963531,-86.5329895
901952984,2021,1,6,1900,Weekend,1-Car,Non-incapacitating,RAN OFF ROAD RIGHT,CONSTITUTION & LIBERTY DR,39.149552,-86.575936
901989029,2021,3,5,1100,Weekday,3+ Cars,No injury/unknown,FAILURE TO YIELD RIGHT OF WAY,LIBERTY & S LIBERTY DR,39.149552,-86.575936
901998490,2021,4,2,1400,Weekday,2-Car,No injury/unknown,FOLLOWING TOO CLOSELY,CONSTITUTION & LIBERTY DR,39.149552,-86.575936
902021042,2021,5,5,1400,Weekday,2-Car,No injury/unknown,FOLLOWING TOO CLOSELY,CONSTITUTION & LIBERTY DR,39.149552,-86.575936
902026140,2021,5,6,1500,Weekday,Moped/Motorcycle,Non-incapacitating,FOLLOWING TOO CLOSELY,CONSTITUTION & S LIBERTY DR,39.149552,-86.575936
902069779,2021,8,2,1100,Weekday,2-Car,Non-incapacitating,FOLLOWING TOO CLOSELY,CONSTITUTION & S LIBERTY DR,39.149552,-86.575936
902123612,2021,11,5,800,Weekday,2-Car,No injury/unknown,SPEED TOO FAST FOR WEATHER CONDITIONS,LIBERTY & WEST CONSTITUTION AVE AVE,39.149552,-86.575936
902063410,2021,8,2,2200,Weekday,2-Car,No injury/unknown,UNSAFE BACKING,HIGHLAND & SKYLARK CT,39.14941554,-86.51726188
902042273,2021,6,3,2300,Weekday,1-Car,Non-incapacitating,RAN OFF ROAD RIGHT,MOORES & S SMITH RD,39.14940015,-86.48044628
902109002,2021,10,2,1600,Weekday,2-Car,No injury/unknown,FAILURE TO YIELD RIGHT OF WAY,BEASLEY & CURRY PIKE,39.149152,-86.582704