Master Record Number,Year,Month,Day,Hour,Weekend,Collision Type,Injury Type,Primary Factor,Reported_Location,Latitude,Longitude
902042568,2021,6,4,300,Weekday,1-Car,Non-incapacitating,RAN OFF ROAD RIGHT,ROGERS ST,39.14894867,-86.53729248
902064655,2021,8,1,900,Weekend,2-Car,No injury/unknown,UNSAFE BACKING,SUDBURRY DR,39.14894812,-86.56257279
902013879,2021,5,6,2000,Weekend,2-Car,No injury/unknown,UNSAFE LANE MOVEMENT,EAST VERMILYA & SOUTH WALNUT ST,39.148928,-86.53312
902089036,2021,9,3,1600,Weekday,3+ Cars,Non-incapacitating,FOLLOWING TOO CLOSELY,S WALNUT ST & VERMILYA,39.148928,-86.53312
902091485,2021,9,1,1600,Weekend,2-Car,No injury/unknown,SPEED TOO FAST FOR WEATHER CONDITIONS,VERMILYA & WALNUT ST,39.148928,-86.53312
902140102,2021,12,2,1600,Weekday,2-Car,No injury/unknown,UNSAFE LANE MOVEMENT,SOUTH WALNUT ST & VERMILYA,39.148928,-86.53312
901980380,2021,2,4,800,Weekday,2-Car,No injury/unknown,UNSAFE LANE MOVEMENT,EAST VERMILYA & WALNUT ST,39.14891995,-86.53324015
901991212,2021,3,2,1800,Weekday,2-Car,No injury/unknown,FOLLOWING TOO CLOSELY,VERMILYA & WALNUT ST,39.14891995,-86.53324015
901974558,2021,2,5,700,Weekday,3+ Cars,No injury/unknown,UNSAFE SPEED,SR45 030 B & SR45N,39.14884425,-86.57041556
902067035,2021,8,3,1500,Weekday,2-Car,No injury/unknown,UNSAFE LANE MOVEMENT,1700 BLK S WALNUT ST & VERMILYA,39.14874069,-86.53306431
901963715,2021,1,7,1200,Weekend,2-Car,No injury/unknown,FAILURE TO YIELD RIGHT OF WAY,MULLER PKWY & W 3RD,39.14863861,-86.56270019
902084259,2021,9,2,1500,Weekday,2-Car,No injury/unknown,FOLLOWING TOO CLOSELY,EAST THORNTON & SOUTH HENDERSON ST,39.148544,-86.526912
901955315,2021,1,4,1600,Weekday,2-Car,No injury/unknown,FAILURE TO YIELD RIGHT OF WAY,BLOOMFIELD RD & OAKDALE,39.148544,-86.571504
901989190,2021,3,5,1500,Weekday,1-Car,No injury/unknown,RAN OFF ROAD RIGHT,BLOOMFIELD & OAKDALE DR,39.148544,-86.571504
902142183,2021,12,4,1300,Weekday,2-Car,No injury/unknown,FOLLOWING TOO CLOSELY,BLOOMFIELD RD & OAKDALE,39.148544,-86.571504
902012382,2021,4,3,1500,Weekday,2-Car,No injury/unknown,UNSAFE BACKING,S 446 HWY,39.148464,-86.471256
902014084,2021,5,7,0,Weekend,2-Car,No injury/unknown,IMPROPER TURNING,S SR 446 ST,39.148464,-86.471256
902078058,2021,9,4,1500,Weekday,2-Car,Non-incapacitating,FOLLOWING TOO CLOSELY,BLOOMFIELD DR & SR 37,39.14833413,-86.57183647
901974432,2021,2,4,1100,Weekday,2-Car,No injury/unknown,OTHER (DRIVER) - EXPLAIN IN NARRATIVE,SR37 & SR45W,39.14830876,-86.57299634
901954345,2021,1,2,1900,Weekday,2-Car,Non-incapacitating,FAILURE TO YIELD RIGHT OF WAY,BLOOMFIELD RD & SR37S,39.148144,-86.572992
901956666,2021,1,7,1600,Weekend,2-Car,No injury/unknown,DISREGARD SIGNAL/REG SIGN,BLOOMFIELD RD & SR37S,39.148144,-86.572992
901975616,2021,2,2,1100,Weekday,2-Car,No injury/unknown,FOLLOWING TOO CLOSELY,SR37S & SR45,39.148144,-86.572992
901985276,2021,3,4,1200,Weekday,2-Car,No injury/unknown,DISREGARD SIGNAL/REG SIGN,SR37 & SR46W,39.148144,-86.572992
901992057,2021,3,4,800,Weekday,3+ Cars,Non-incapacitating,FOLLOWING TOO CLOSELY,SR37N & W BLOOMFIELD RD,39.148144,-86.572992
902004675,2021,4,3,800,Weekday,2-Car,No injury/unknown,FOLLOWING TOO CLOSELY,BLOOMFIELD & SR37S,39.148144,-86.572992
902056343,2021,7,2,1800,Weekday,2-Car,No injury/unknown,FAILURE TO YIELD RIGHT OF WAY,SR3716 & SR45W,39.148144,-86.572992
902063661,2021,8,2,1700,Weekday,Moped/Motorcycle,Non-incapacitating,DISREGARD SIGNAL/REG SIGN,SR37 & SR45W,39.148144,-86.572992
902090979,2021,9,7,1100,Weekend,2-Car,No injury/unknown,FOLLOWING TOO CLOSELY,SR37S & SR45W,39.148144,-86.572992
902091005,2021,9,7,800,Weekend,2-Car,Non-incapacitating,OTHER (DRIVER) - EXPLAIN IN NARRATIVE,SR37S & SR45W,39.148144,-86.572992
902101260,2021,10,4,1100,Weekday,2-Car,No injury/unknown,FOLLOWING TOO CLOSELY,SR37S & SR45S,39.148144,-86.572992
902101847,2021,10,4,900,Weekday,2-Car,No injury/unknown,FOLLOWING TOO CLOSELY,SR37S & SR45,39.148144,-86.572992
902146369,2021,12,5,700,Weekday,2-Car,No injury/unknown,FAILURE TO YIELD RIGHT OF WAY,37 & SR45W,39.148144,-86.572992
902146862,2021,12,5,1700,Weekday,3+ Cars,No injury/unknown,FOLLOWING TOO CLOSELY,BLOOMFIELD RD & SR37N,39.148144,-86.572992
901989795,2021,3,6,2300,Weekend,2-Car,No injury/unknown,UNSAFE BACKING,S WALNUT ST,39.14802351,-86.5328542
901970578,2021,2,4,700,Weekday,2-Car,No injury/unknown,OTHER (DRIVER) - EXPLAIN IN NARRATIVE,SR37S & SR45W,39.14800683,-86.57298343
902048810,2021,7,2,1700,Weekday,2-Car,No injury/unknown,IMPROPER TURNING,E 17TH & E 45 46 BYP,39.14800265,-86.50719225
902006163,2021,4,6,100,Weekday,1-Car,No injury/unknown,RAN OFF ROAD RIGHT,E GRIMES & S WOODLAWN AVE,39.14798414,-86.52264006
902127415,2021,11,3,1600,Weekday,2-Car,No injury/unknown,FAILURE TO YIELD RIGHT OF WAY,CURRY PIKE & ROLL,39.14768637,-86.58261793
902148739,2021,12,2,1000,Weekday,2-Car,No injury/unknown,RAN OFF ROAD RIGHT,CHEROKEE & ROGERS ST,39.147539,-86.53873536
902046517,2021,7,4,1400,Weekday,2-Car,No injury/unknown,FOLLOWING TOO CLOSELY,BLOOMFIELD & SR37S,39.1475296,-86.57295227
902046777,2021,7,5,700,Weekday,2-Car,No injury/unknown,UNSAFE BACKING,BLOOMFIELD RD,39.1475296,-86.57295227
902094671,2021,10,6,1500,Weekday,2-Car,No injury/unknown,FOLLOWING TOO CLOSELY,SR37 & SR45,39.14749762,-86.57295382
901979545,2021,2,3,100,Weekday,2-Car,No injury/unknown,UNSAFE BACKING,S CURRY PIKE,39.14744568,-86.58229064
901987551,2021,3,2,2200,Weekday,2-Car,No injury/unknown,FAILURE TO YIELD RIGHT OF WAY,ROLL & S CURRY PIKE,39.14744,-86.582592
902054055,2021,7,5,1700,Weekday,2-Car,No injury/unknown,FOLLOWING TOO CLOSELY,CURRY PIKE & ROLL,39.14744,-86.582592
902105855,2021,10,4,1000,Weekday,2-Car,No injury/unknown,FAILURE TO YIELD RIGHT OF WAY,ROLL & S CURRY PIKE,39.14744,-86.582592
902078051,2021,9,4,1300,Weekday,2-Car,No injury/unknown,UNSAFE BACKING,MILLER DR,39.14733505,-86.52935791
902119315,2021,11,5,800,Weekday,1-Car,No injury/unknown,UNSAFE BACKING,17TH & WOODLAWN AVE,39.1473048,-86.52360029
901955459,2021,1,3,1500,Weekday,1-Car,No injury/unknown,,ROLL AVE,39.14727911,-86.58099554
902056721,2021,7,3,1500,Weekday,3+ Cars,No injury/unknown,UNSAFE LANE MOVEMENT,CURRY PIKE & W BEASLEY,39.14721441,-86.58262182
902027444,2021,5,3,1100,Weekday,3+ Cars,Non-incapacitating,FOLLOWING TOO CLOSELY,CURRY PIKE & ROLL,39.14719999,-86.58259011
902115567,2021,11,6,800,Weekday,2-Car,Non-incapacitating,FOLLOWING TOO CLOSELY,CURRY PIKE & ROLL,39.14719999,-86.58259011
901978202,2021,2,4,1400,Weekday,2-Car,No injury/unknown,UNSAFE BACKING,S SARE RD,39.147072,-86.498944
901996163,2021,3,4,600,Weekday,2-Car,No injury/unknown,UNSAFE BACKING,S SARE RD,39.147072,-86.498944
902122850,2021,11,3,1200,Weekday,2-Car,No injury/unknown,UNSAFE BACKING,W CHEROKEE DR,39.147008,-86.540528
902123001,2021,11,3,1200,Weekday,1-Car,No injury/unknown,OTHER (DRIVER) - EXPLAIN IN NARRATIVE,WEST CHEROKEE DR,39.147008,-86.540528
901985911,2021,3,6,700,Weekday,2-Car,No injury/unknown,,E MILLER DR,39.1469539,-86.5268176
901985886,2021,3,6,700,Weekday,2-Car,No injury/unknown,DISREGARD SIGNAL/REG SIGN,E MILLER & S WALNUT ST,39.146944,-86.532544
902032471,2021,6,5,1300,Weekday,2-Car,No injury/unknown,UNSAFE LANE MOVEMENT,MILLER & S WALNUT ST,39.146944,-86.532544
902089745,2021,9,5,800,Weekday,2-Car,No injury/unknown,OTHER (DRIVER) - EXPLAIN IN NARRATIVE,MILLER DR & S WALNUT,39.146944,-86.532544
901998234,2021,4,2,1300,Weekday,2-Car,No injury/unknown,FAILURE TO YIELD RIGHT OF WAY,MILLER DR & WALNUT,39.14689019,-86.5326241
901961458,2021,1,3,1400,Weekday,3+ Cars,Non-incapacitating,FOLLOWING TOO CLOSELY,MILLER & WALNUT ST,39.14689019,-86.53265006
901966615,2021,1,5,1900,Weekday,3+ Cars,No injury/unknown,SPEED TOO FAST FOR WEATHER CONDITIONS,MILLER & WALNUT ST,39.14689019,-86.53265006
902001923,2021,4,3,1100,Weekday,2-Car,No injury/unknown,FAILURE TO YIELD RIGHT OF WAY,MILLER DR & S WALNUT,39.14689019,-86.53267602
902032478,2021,6,4,700,Weekday,2-Car,No injury/unknown,FOLLOWING TOO CLOSELY,SR45,39.1466889,-86.57452203
902009050,2021,4,4,1600,Weekday,2-Car,Non-incapacitating,FOLLOWING TOO CLOSELY,SOUTH SAMS CLUB & SR45W,39.14667004,-86.5745616
902035256,2021,6,4,1700,Weekday,2-Car,No injury/unknown,FOLLOWING TOO CLOSELY,LIBERTY & SR45E,39.1465588,-86.5757369
902101639,2021,10,4,1700,Weekday,3+ Cars,No injury/unknown,FOLLOWING TOO CLOSELY,COUNTRY CLUB & WALNUT ST,39.14653696,-86.5311098
901981598,2021,2,5,1000,Weekday,2-Car,No injury/unknown,FOLLOWING TOO CLOSELY,SR37S & SR45W,39.1464386,-86.57504272
901986893,2021,3,2,500,Weekday,2-Car,No injury/unknown,IMPROPER TURNING,SR37N & SR45W,39.1464386,-86.57504272
902100573,2021,10,3,900,Weekday,2-Car,No injury/unknown,FOLLOWING TOO CLOSELY,SR37N & SR45S,39.1464386,-86.57504272
902124659,2021,11,6,1400,Weekday,2-Car,Non-incapacitating,FOLLOWING TOO CLOSELY,SR37S & SR45W,39.1464386,-86.57504272
902132254,2021,12,5,1600,Weekday,2-Car,Non-incapacitating,FAILURE TO YIELD RIGHT OF WAY,QUEENS WAY & RAMSEY,39.14617002,-86.50312028
902039194,2021,6,4,700,Weekday,2-Car,No injury/unknown,OTHER (DRIVER) - EXPLAIN IN NARRATIVE,YOST AVE,39.14601982,-86.5807823
902123529,2021,11,5,700,Weekday,1-Car,No injury/unknown,ANIMAL/OBJECT IN ROADWAY,MCCARTNEY & SO SARE RD,39.14588973,-86.49749971
901955194,2021,1,4,1300,Weekday,2-Car,Non-incapacitating,LEFT OF CENTER,S CURRY PIKE & WOODLYN,39.145856,-86.582592
902040581,2021,6,1,400,Weekend,1-Car,No injury/unknown,VIEW OBSTRUCTED,S WALNUT ST,39.145848,-86.532216
902080218,2021,9,7,1700,Weekend,2-Car,No injury/unknown,OTHER (DRIVER) - EXPLAIN IN NARRATIVE,S WALNUT ST,39.145848,-86.532216
902090495,2021,9,6,1200,Weekday,2-Car,No injury/unknown,WRONG WAY ON ONE WAY,S WALNUT ST,39.145848,-86.532216
902149579,2021,12,3,1600,Weekday,2-Car,No injury/unknown,BRAKE FAILURE OR DEFECTIVE,LIBERTY & SR45W,39.14579957,-86.57646028
902122807,2021,11,2,2300,Weekday,1-Car,No injury/unknown,ANIMAL/OBJECT IN ROADWAY,DILLMAN & SR37S,39.14574731,-86.54577636
902091941,2021,9,2,1000,Weekday,1-Car,No injury/unknown,RAN OFF ROAD RIGHT,ATLEE & WINSTON ST,39.14564967,-86.4935746
902029643,2021,6,1,1000,Weekend,1-Car,No injury/unknown,RAN OFF ROAD RIGHT,CHURCHILL & WINSTON ST,39.14564028,-86.49488333
902074193,2021,8,3,1700,Weekday,2-Car,Non-incapacitating,FAILURE TO YIELD RIGHT OF WAY,BLOOMFIELD & LIBERTY DR,39.14553844,-86.57816649
902009038,2021,4,4,1600,Weekday,2-Car,No injury/unknown,DRIVER DISTRACTED - EXPLAIN IN NARRATIVE,KIRKWOOD & ROGERS ST,39.14545982,-86.53868973
902007949,2021,4,2,1600,Weekday,2-Car,No injury/unknown,UNSAFE BACKING,S OAKDALE DR,39.14545923,-86.56818397
901961486,2021,1,3,2100,Weekday,2-Car,Non-incapacitating,FAILURE TO YIELD RIGHT OF WAY,HENDERSON ST,39.14541028,-86.52689069
902102754,2021,10,6,1600,Weekday,2-Car,No injury/unknown,FAILURE TO YIELD RIGHT OF WAY,HENDERSON ST,39.14541028,-86.52689069
902057188,2021,7,4,1900,Weekday,2-Car,No injury/unknown,UNSAFE BACKING,MAXWELL ST & TYLERS TURN,39.14539017,-86.51506014
902056082,2021,7,1,300,Weekend,2-Car,No injury/unknown,RAN OFF ROAD RIGHT,ADAMS ST & ALLEN,39.14528809,-86.55054979
902126363,2021,11,2,700,Weekday,2-Car,Non-incapacitating,FOLLOWING TOO CLOSELY,SR37N & TAPP,39.14527945,-86.57298464
901963967,2021,1,7,1300,Weekend,2-Car,No injury/unknown,UNSAFE BACKING,LIBERTY DR,39.145264,-86.577616
902000995,2021,4,1,1400,Weekend,2-Car,No injury/unknown,UNSAFE BACKING,SOUTH LIBERTY DR,39.145264,-86.577616
901993043,2021,3,6,700,Weekday,2-Car,No injury/unknown,UNSAFE BACKING,LIBERTY DR,39.145264,-86.577616
901993605,2021,3,7,1500,Weekend,2-Car,No injury/unknown,UNSAFE BACKING,SOUTH LIBERTY DR,39.145264,-86.577616
902003947,2021,4,2,0,Weekday,Moped/Motorcycle,Non-incapacitating,OVERCORRECTING/OVERSTEERING,S LIBERTY DR,39.145264,-86.577616
902011883,2021,4,3,800,Weekday,2-Car,No injury/unknown,,LIBERTY DR,39.145264,-86.577616
902068926,2021,8,7,1000,Weekend,2-Car,No injury/unknown,UNSAFE BACKING,S LIBERTY DR,39.145264,-86.577616
902051208,2021,7,1,1500,Weekend,2-Car,No injury/unknown,UNSAFE BACKING,SOUTH LIBERTY DR,39.145264,-86.577616
902072346,2021,8,6,1600,Weekday,2-Car,No injury/unknown,FOLLOWING TOO CLOSELY,S LIBERTY DR,39.145264,-86.577616
902077549,2021,9,3,1600,Weekday,2-Car,No injury/unknown,UNSAFE BACKING,S LIBERTY DR,39.145264,-86.577616
902094137,2021,10,5,1600,Weekday,2-Car,No injury/unknown,OTHER (VEHICLE) - EXPLAIN IN NARRATIVE,S LIBERTY DR,39.145264,-86.577616
902129931,2021,11,3,1000,Weekday,2-Car,No injury/unknown,FAILURE TO YIELD RIGHT OF WAY,LIBERTY DR,39.145264,-86.577616
902117669,2021,11,3,900,Weekday,2-Car,No injury/unknown,OTHER (DRIVER) - EXPLAIN IN NARRATIVE,LIBERTY DR,39.145264,-86.577616
902131752,2021,12,4,1000,Weekday,2-Car,No injury/unknown,UNSAFE BACKING,LIBERTY DR,39.145264,-86.577616
902146210,2021,12,6,2100,Weekend,2-Car,No injury/unknown,IMPROPER TURNING,LIBERTY DR,39.145264,-86.577616
902058848,2021,7,1,300,Weekend,3+ Cars,No injury/unknown,OTHER (DRIVER) - EXPLAIN IN NARRATIVE,OAKDALE DR,39.14523594,-86.5684361
902010634,2021,4,7,2300,Weekend,2-Car,No injury/unknown,UNSAFE BACKING,S PECAN LN,39.1452232,-86.56960621
901964108,2021,1,1,1500,Weekend,2-Car,No injury/unknown,FOLLOWING TOO CLOSELY,LIBERTY DR & SR45,39.145152,-86.5776
901972264,2021,2,1,1400,Weekend,2-Car,No injury/unknown,FAILURE TO YIELD RIGHT OF WAY,LIBERTY & SR45E,39.145152,-86.5776
901986770,2021,3,7,1500,Weekend,2-Car,No injury/unknown,FAILURE TO YIELD RIGHT OF WAY,LIBERTY & SR45W,39.145152,-86.5776
901998601,2021,3,4,1400,Weekday,2-Car,No injury/unknown,OTHER (DRIVER) - EXPLAIN IN NARRATIVE,SOUTH PECAN LN,39.14514206,-86.56949155
902056437,2021,7,3,1400,Weekday,2-Car,Non-incapacitating,FAILURE TO YIELD RIGHT OF WAY,SAMS CLUB & SR45W,39.14503087,-86.57769442
902057966,2021,7,6,1100,Weekday,2-Car,No injury/unknown,FOLLOWING TOO CLOSELY,S LIBERTY DR & W 2ND,39.14502188,-86.57775915
901996262,2021,3,5,1000,Weekday,2-Car,No injury/unknown,FOLLOWING TOO CLOSELY,HICKORY LEAF & STATE ROAD 45 HWY,39.14502002,-86.57777018
902067456,2021,8,4,1100,Weekday,2-Car,No injury/unknown,FOLLOWING TOO CLOSELY,LIBERTY & SR45W,39.14502002,-86.57777018
902110391,2021,10,5,800,Weekday,2-Car,No injury/unknown,LEFT OF CENTER,COVENANTER DR & STRATUM,39.14478799,-86.49439975
902027557,2021,5,4,900,Weekday,2-Car,No injury/unknown,OTHER (DRIVER) - EXPLAIN IN NARRATIVE,EAST NORTH DR,39.14478739,-86.5296223
902074380,2021,8,4,800,Weekday,2-Car,No injury/unknown,FAILURE TO YIELD RIGHT OF WAY,NORTH & S WALNUT ST,39.144752,-86.531888
902086980,2021,9,7,900,Weekend,2-Car,Non-incapacitating,DRIVER DISTRACTED - EXPLAIN IN NARRATIVE,NORTH & S WALNUT ST,39.144752,-86.531888
901970107,2021,2,3,1500,Weekday,Bus,Non-incapacitating,UNSAFE SPEED,HENDERSON & NORTH DR,39.14454997,-86.5269511
902051963,2021,7,2,1100,Weekday,2-Car,Non-incapacitating,FAILURE TO YIELD RIGHT OF WAY,HENDERSON ST & NORTH,39.14454997,-86.52695976
902131128,2021,12,4,800,Weekday,2-Car,No injury/unknown,FAILURE TO YIELD RIGHT OF WAY,S HENDERSON ST & SUMMITVIEW,39.14454997,-86.52695976
901986572,2021,3,6,1900,Weekend,Bus,Non-incapacitating,RAN OFF ROAD RIGHT,FRIENDSHIP & LAMPKINS RIDGE RD,39.14445498,-86.41074027
902144847,2021,12,7,1800,Weekend,2-Car,No injury/unknown,FAILURE TO YIELD RIGHT OF WAY,S KNIGHTRIDGE & SR446S,39.14420245,-86.46687098
902061802,2021,8,6,2300,Weekend,2-Car,Non-incapacitating,FAILURE TO YIELD RIGHT OF WAY,DRIVE TO MILLENNIUM APTS & WEIMER RD,39.14407398,-86.5639776
901987982,2021,3,3,1600,Weekday,2-Car,No injury/unknown,FAILURE TO YIELD RIGHT OF WAY,INDUSTRIAL & SR45W,39.14393997,-86.58203887
902091454,2021,9,1,1800,Weekend,2-Car,No injury/unknown,FOLLOWING TOO CLOSELY,CURRY & INDUSTRIAL BLVD,39.14392971,-86.58262029
902040799,2021,6,7,1900,Weekend,2-Car,No injury/unknown,IMPROPER TURNING,INDUSTRIAL & SR45W,39.14389038,-86.58077239
902132308,2021,12,5,1400,Weekday,2-Car,No injury/unknown,FAILURE TO YIELD RIGHT OF WAY,INDUSTRIAL & SR45W,39.14389038,-86.58077239
902045394,2021,7,2,1600,Weekday,3+ Cars,Non-incapacitating,FOLLOWING TOO CLOSELY,S CURRY PIKE & W INDUSTRIAL,39.143808,-86.582592
902045802,2021,7,2,1700,Weekday,2-Car,No injury/unknown,IMPROPER TURNING,INDUSTRIAL & SOUTH CURRY PIKE,39.143808,-86.582592
902128847,2021,11,6,800,Weekday,2-Car,No injury/unknown,UNSAFE BACKING,WEST INDUSTRIAL BLVD,39.143808,-86.582592
902142182,2021,12,4,1600,Weekday,2-Car,No injury/unknown,IMPROPER TURNING,CURRY PIKE & INDUSTRIAL,39.143808,-86.582592
902016513,2021,5,4,1700,Weekday,3+ Cars,Incapacitating,FOLLOWING TOO CLOSELY,SOUTH WEIMER & SR45E,39.14378738,-86.56359863
902030580,2021,6,7,2100,Weekend,2-Car,No injury/unknown,OTHER (DRIVER) - EXPLAIN IN NARRATIVE,W 2ND ST,39.14363358,-86.58037049
902115611,2021,11,6,1100,Weekday,2-Car,No injury/unknown,FAILURE TO YIELD RIGHT OF WAY,3RD & LIBERTY DR,39.14346132,-86.57913006
902122288,2021,11,2,1300,Weekday,2-Car,No injury/unknown,FOLLOWING TOO CLOSELY,LIBERTY DR & W 3RD,39.14346132,-86.57913006
902127960,2021,11,4,1300,Weekday,3+ Cars,No injury/unknown,FAILURE TO YIELD RIGHT OF WAY,3RD & LIBERTY DR,39.14346132,-86.57913006
902049165,2021,7,3,1300,Weekday,2-Car,Non-incapacitating,FOLLOWING TOO CLOSELY,THIRD & WALNUT ST,39.14345126,-86.53362974
902046013,2021,7,3,1600,Weekday,2-Car,No injury/unknown,FOLLOWING TOO CLOSELY,FULLERTON & SR37S,39.14333745,-86.57353973
901993444,2021,3,6,1000,Weekday,1-Car,Non-incapacitating,RAN OFF ROAD RIGHT,JED & ROGERS ST,39.14307003,-86.53867909
902148977,2021,12,2,1400,Weekday,2-Car,No injury/unknown,OTHER (DRIVER) - EXPLAIN IN NARRATIVE,W STATE ROAD 45 HWY,39.143013,-86.57486724
902145153,2021,12,4,800,Weekday,2-Car,No injury/unknown,OTHER (DRIVER) - EXPLAIN IN NARRATIVE,S WALNUT ST,39.142555,-86.531238
902041512,2021,6,2,1700,Weekday,3+ Cars,No injury/unknown,FOLLOWING TOO CLOSELY,CURRY PIKE & SR45S,39.14223567,-86.58233447
902046704,2021,7,4,2200,Weekday,2-Car,No injury/unknown,OTHER (DRIVER) - EXPLAIN IN NARRATIVE,HUNTERS GLN & SARE,39.14218593,-86.49656071
902059686,2021,7,2,1200,Weekday,2-Car,No injury/unknown,UNSAFE BACKING,SOUTH DR & SOUTH WALNUT,39.14212445,-86.52756237
901959957,2021,1,7,900,Weekend,2-Car,No injury/unknown,UNSAFE LANE MOVEMENT,LEONARD SPRINGS & SR45E,39.142048,-86.582592
902014164,2021,5,7,1600,Weekend,2-Car,No injury/unknown,FOLLOWING TOO CLOSELY,S LEONARD SPRINGS RD & SR45W,39.142048,-86.582592
902093254,2021,9,4,1900,Weekday,2-Car,No injury/unknown,UNSAFE BACKING,S LEONARD SPRINGS RD,39.142048,-86.582592
902097869,2021,10,4,2300,Weekday,1-Car,No injury/unknown,UNSAFE SPEED,CURRY & SR45W,39.142048,-86.582592
902119956,2021,11,3,1800,Weekday,2-Car,No injury/unknown,FAILURE TO YIELD RIGHT OF WAY,LEONARD SPRINGS & SR45W,39.142048,-86.582592
902012789,2021,5,4,1600,Weekday,2-Car,Non-incapacitating,IMPROPER PASSING,LEONARD SPRINGS & STATE ROAD 45 RD,39.14195115,-86.5825912
902062827,2021,7,4,1700,Weekday,2-Car,No injury/unknown,FAILURE TO YIELD RIGHT OF WAY,LEONARD SPRINGS RD & SR45W,39.14195023,-86.58259011
901996088,2021,3,2,1600,Weekday,2-Car,No injury/unknown,FOLLOWING TOO CLOSELY,CURRY PIKE & SR45,39.14194196,-86.58260381
902023003,2021,5,2,2100,Weekday,1-Car,No injury/unknown,RAN OFF ROAD RIGHT,LEONARD SPRINGS RD & SR45,39.14194196,-86.58260381
902123960,2021,11,5,1500,Weekday,2-Car,Non-incapacitating,DISREGARD SIGNAL/REG SIGN,BLOOMFIELD RD & CURRY,39.14191052,-86.58260822
902081264,2021,9,2,2300,Weekday,2-Car,Non-incapacitating,FOLLOWING TOO CLOSELY,HENDERSON ST & WYLIE FARM,39.14191,-86.52694031
902125530,2021,11,1,400,Weekend,2-Car,No injury/unknown,UNSAFE BACKING,S LEONARD SPRINGS RD,39.14187494,-86.58259037
902076020,2021,8,7,1200,Weekend,2-Car,No injury/unknown,UNSAFE BACKING,W STATE 45 RD,39.14186096,-86.57994842
902130299,2021,12,2,1800,Weekday,2-Car,No injury/unknown,IMPROPER TURNING,WEST STATE RD 45 RD,39.14186096,-86.57994842
902128105,2021,11,4,1600,Weekday,2-Car,No injury/unknown,FOLLOWING TOO CLOSELY,WEST STATE ROAD 45 HWY,39.14186096,-86.57994842
902133309,2021,12,3,1400,Weekday,2-Car,No injury/unknown,FAILURE TO YIELD RIGHT OF WAY,WEST STATE ROAD 45 HWY,39.14186096,-86.57994842
902133582,2021,12,6,200,Weekday,2-Car,No injury/unknown,UNSAFE BACKING,W STATE ROAD 45 HWY,39.14186096,-86.57994842
902134451,2021,12,1,1200,Weekend,2-Car,No injury/unknown,UNSAFE BACKING,SR45 RD,39.14186096,-86.57994842
901955067,2021,1,4,900,Weekday,2-Car,No injury/unknown,UNSAFE BACKING,S HIGHLAND AVE,39.14185333,-86.51425933
901991855,2021,3,3,1800,Weekday,2-Car,No injury/unknown,UNSAFE BACKING,S HIGHLAND AVE,39.14185333,-86.51425933
902012999,2021,5,4,600,Weekday,2-Car,No injury/unknown,,S HIGHLAND AVE,39.14185333,-86.51425933
902038511,2021,6,3,1900,Weekday,2-Car,No injury/unknown,OTHER (DRIVER) - EXPLAIN IN NARRATIVE,HIGHLAND AVE,39.14185333,-86.51425933
902014614,2021,5,1,1600,Weekend,1-Car,No injury/unknown,SPEED TOO FAST FOR WEATHER CONDITIONS,WAPEHANI & WEIMER RD,39.14178403,-86.56204368
902086100,2021,9,4,1300,Weekday,2-Car,No injury/unknown,OTHER (DRIVER) - EXPLAIN IN NARRATIVE,LINCOLN ST & SMITH,39.14168196,-86.53117015
902136283,2021,12,4,2100,Weekday,1-Car,No injury/unknown,SPEED TOO FAST FOR WEATHER CONDITIONS,S GARRISON CHAPEL RD & W SPICER,39.141648,-86.6428
902100353,2021,10,2,1800,Weekday,3+ Cars,No injury/unknown,FOLLOWING TOO CLOSELY,LEONARD SPRINGS & SR45W,39.14145928,-86.58418054
901966613,2021,1,5,1900,Weekday,1-Car,No injury/unknown,SPEED TOO FAST FOR WEATHER CONDITIONS,COOLIDGE & ROCKPORT RD,39.14144,-86.543632
902092068,2021,9,2,1100,Weekday,2-Car,No injury/unknown,OTHER (DRIVER) - EXPLAIN IN NARRATIVE,COOLIDGE & ROCKPORT RD,39.14144,-86.543632
901979223,2021,2,1,1700,Weekend,2-Car,No injury/unknown,UNSAFE BACKING,LEONARD SPRINGS RD & SR45,39.14141588,-86.58260737
901958276,2021,1,3,1400,Weekday,2-Car,Non-incapacitating,FAILURE TO YIELD RIGHT OF WAY,COOLIDGE & ROCKPORT RD,39.14137021,-86.54383018
902076858,2021,8,3,800,Weekday,1-Car,No injury/unknown,RAN OFF ROAD RIGHT,ROCKEAST & ROCKPORT RD,39.14135716,-86.61335974
902072304,2021,8,6,1700,Weekday,2-Car,No injury/unknown,FOLLOWING TOO CLOSELY,S WALNUT ST & SOUTH,39.14124404,-86.53086088
902107509,2021,10,7,1500,Weekend,Moped/Motorcycle,No injury/unknown,OTHER (DRIVER) - EXPLAIN IN NARRATIVE,S LEONARD SPRINGS RD,39.14107513,-86.58297729
902096888,2021,10,5,1500,Weekday,2-Car,No injury/unknown,UNSAFE BACKING,2510 SOUTH LEONARD SPRINGS RD,39.141075,-86.582977
901976417,2021,2,1,2300,Weekday,2-Car,No injury/unknown,OTHER (DRIVER) - EXPLAIN IN NARRATIVE,ROCKPORT RD,39.14097525,-86.54427073