Master Record Number,Year,Month,Day,Hour,Weekend,Collision Type,Injury Type,Primary Factor,Reported_Location,Latitude,Longitude
902099894,2021,10,2,500,Weekday,1-Car,No injury/unknown,RAN OFF ROAD RIGHT,ADAMS & COUNTRYSIDE LN,39.14096989,-86.55616722
901976699,2021,2,3,800,Weekday,2-Car,No injury/unknown,OTHER (DRIVER) - EXPLAIN IN NARRATIVE,ADDISYN LN,39.14090484,-86.55673161
902117316,2021,11,2,1400,Weekday,2-Car,No injury/unknown,IMPROPER TURNING,HICKORY LEAF & SR45W,39.14070129,-86.57745258
902035354,2021,6,3,1900,Weekday,2-Car,No injury/unknown,UNSAFE BACKING,ENDWRIGHT & W KARST FARM PARK DR,39.14064658,-86.59822121
901988488,2021,3,4,900,Weekday,2-Car,Non-incapacitating,SPEED TOO FAST FOR WEATHER CONDITIONS,CROSSOVER & SR37S,39.14029095,-86.51947021
902094361,2021,10,6,1200,Weekday,2-Car,No injury/unknown,SPEED TOO FAST FOR WEATHER CONDITIONS,GRAHAM & ROCKPORT RD,39.140144,-86.54496
902003377,2021,4,6,400,Weekday,1-Car,Non-incapacitating,RAN OFF ROAD RIGHT,SR45W,39.14012146,-86.58942413
902106882,2021,10,6,1600,Weekday,2-Car,Non-incapacitating,UNSAFE BACKING,E GRAHAM PL,39.13993763,-86.53889208
901968852,2021,2,2,0,Weekday,2-Car,No injury/unknown,OTHER (DRIVER) - EXPLAIN IN NARRATIVE,EAST GRAHAM DR,39.13992882,-86.53865404
902028191,2021,5,5,1200,Weekday,2-Car,Non-incapacitating,FAILURE TO YIELD RIGHT OF WAY,GRAHAM & S ROGERS ST,39.13992,-86.538416
902117277,2021,11,2,1500,Weekday,2-Car,No injury/unknown,,GRAHAM DR & MILTON,39.13985007,-86.53982028
902126839,2021,11,2,700,Weekday,2-Car,No injury/unknown,UNSAFE LANE MOVEMENT,SR37S & TAPP,39.13978646,-86.57292991
902021484,2021,5,6,1900,Weekend,2-Car,No injury/unknown,UNSAFE BACKING,GRAHAM & WINSLOW CT,39.1395101,-86.52417026
902051209,2021,7,1,1700,Weekend,1-Car,Non-incapacitating,RAN OFF ROAD RIGHT,FOSTER CURRY & KIRBY RD,39.13950004,-86.61024972
901999580,2021,4,5,1700,Weekday,2-Car,Non-incapacitating,OTHER (ENVIRONMENTAL) - EXPLAIN IN NARR,EAST GRAHM & SOUTH HENDERSON ST,39.13943969,-86.52692019
902100563,2021,10,3,800,Weekday,Bus,No injury/unknown,UNSAFE BACKING,RALSTON & S ROCKPORT RD,39.13874792,-86.54637094
901971199,2021,2,5,1300,Weekday,2-Car,No injury/unknown,FAILURE TO YIELD RIGHT OF WAY,OLD SR 37 HWY,39.138688,-86.465968
902008972,2021,4,2,1700,Weekday,2-Car,No injury/unknown,UNSAFE BACKING,SOUTH OLD STATE ROAD 37 HWY,39.138688,-86.465968
902089573,2021,9,3,1800,Weekday,2-Car,No injury/unknown,IMPROPER TURNING,SOUTH OLD STATE ROAD 37 HWY,39.138688,-86.465968
902103001,2021,10,7,1300,Weekend,2-Car,No injury/unknown,FAILURE TO YIELD RIGHT OF WAY,OLD SR 37 RD,39.138688,-86.465968
902111155,2021,10,1,400,Weekend,2-Car,No injury/unknown,IMPROPER TURNING,SOUTH OLD ST RD 37 HWY,39.138688,-86.465968
902133260,2021,12,6,1400,Weekday,2-Car,No injury/unknown,FAILURE TO YIELD RIGHT OF WAY,DAVID & SOUTH SARE RD,39.13856998,-86.4965301
902055688,2021,7,6,1700,Weekday,1-Car,No injury/unknown,UNSAFE SPEED,S FAIRFAX RD & SCHACHT,39.13856632,-86.52378
901962080,2021,1,6,1700,Weekday,2-Car,Non-incapacitating,OTHER (DRIVER) - EXPLAIN IN NARRATIVE,AIRPORT & SR45W,39.13851891,-86.59099291
902116325,2021,11,6,1700,Weekday,2-Car,Non-incapacitating,FOLLOWING TOO CLOSELY,AIRPORT & SR45W,39.13851891,-86.59099291
902054029,2021,7,5,1700,Weekday,2-Car,No injury/unknown,FOLLOWING TOO CLOSELY,SR37S & TAPP,39.13841323,-86.57291295
902019088,2021,5,2,2200,Weekday,Bus,No injury/unknown,UNSAFE BACKING,S LEONARD SPRINGS RD & STAPLETON,39.138336,-86.582528
902106239,2021,10,3,1900,Weekday,3+ Cars,No injury/unknown,BRAKE FAILURE OR DEFECTIVE,S LEONARD SPRINGS RD & W STAPLETON,39.138336,-86.582528
902002229,2021,4,4,1600,Weekday,2-Car,Non-incapacitating,FOLLOWING TOO CLOSELY,LEONARD SPRINGS RD & STAPLETON,39.13824007,-86.58261023
901988084,2021,3,3,2200,Weekday,1-Car,No injury/unknown,RAN OFF ROAD RIGHT,S LEONARD SPRINGS RD,39.13810261,-86.58266656
902005355,2021,4,3,2300,Weekday,2-Car,No injury/unknown,,E GRAHAM PL,39.13808441,-86.52873229
902029330,2021,6,7,1100,Weekend,2-Car,No injury/unknown,UNSAFE BACKING,S HENDERSON ST,39.13782881,-86.52677815
902142168,2021,12,4,1700,Weekday,2-Car,No injury/unknown,UNSAFE BACKING,S WINSLOW CT,39.13781257,-86.52400286
901997808,2021,4,2,1300,Weekday,2-Car,No injury/unknown,UNSAFE BACKING,S WALNUT ST,39.137744,-86.530288
901970094,2021,2,3,1500,Weekday,2-Car,No injury/unknown,UNSAFE BACKING,S HENDERSON ST,39.13761511,-86.52683705
902058276,2021,7,6,1400,Weekday,2-Car,No injury/unknown,FAILURE TO YIELD RIGHT OF WAY,SR37S & TAPP,39.13758929,-86.57290278
902062037,2021,8,7,1800,Weekend,2-Car,No injury/unknown,UNSAFE BACKING,S WALNUT ST,39.137392,-86.529936
902035854,2021,6,5,1700,Weekday,2-Car,No injury/unknown,,S WINSLOW CT,39.13734488,-86.52422726
902057592,2021,7,4,1100,Weekday,2-Car,No injury/unknown,UNSAFE BACKING,E CARDINAL GLEN DR,39.137248,-86.512096
902135986,2021,12,3,1600,Weekday,3+ Cars,No injury/unknown,FOLLOWING TOO CLOSELY,E WEXLEY & S HIGH ST,39.137168,-86.508112
902054491,2021,7,5,1300,Weekday,2-Car,Non-incapacitating,FAILURE TO YIELD RIGHT OF WAY,MADISON & WATSON ST,39.13711019,-86.53723999
902058911,2021,7,2,700,Weekday,2-Car,No injury/unknown,FAILURE TO YIELD RIGHT OF WAY,S OLD STATE ROAD 37 RD,39.137088,-86.53056
902059592,2021,7,2,1900,Weekday,1-Car,No injury/unknown,UNSAFE BACKING,S OLD STATE ROAD 37 HWY,39.137088,-86.53056
901962788,2021,1,4,700,Weekday,2-Car,No injury/unknown,UNSAFE SPEED,SR37 & W TAPP,39.13704451,-86.57289716
902118451,2021,11,3,700,Weekday,1-Car,Non-incapacitating,RAN OFF ROAD RIGHT,AIRPORT RD & GARRISON CHAPEL,39.13704003,-86.63569027
902020000,2021,5,2,1700,Weekday,2-Car,No injury/unknown,FOLLOWING TOO CLOSELY,RAYLE & WEST TAPP RD,39.13704001,-86.57785668
901959730,2021,1,6,800,Weekday,1-Car,No injury/unknown,OTHER (DRIVER) - EXPLAIN IN NARRATIVE,SR37N & TAPP,39.13704,-86.572896
901974411,2021,2,4,1900,Weekday,2-Car,No injury/unknown,FAILURE TO YIELD RIGHT OF WAY,SR37S & TAPP,39.13704,-86.572896
902000411,2021,4,7,1600,Weekend,2-Car,No injury/unknown,FOLLOWING TOO CLOSELY,SR37S & TAPP,39.13704,-86.572896
901977386,2021,2,4,1800,Weekday,3+ Cars,No injury/unknown,FAILURE TO YIELD RIGHT OF WAY,SR37N & TAPP,39.13704,-86.572896
901997471,2021,3,6,1400,Weekday,2-Car,No injury/unknown,FOLLOWING TOO CLOSELY,SR37S & TAPP RD,39.13704,-86.572896
902057594,2021,7,5,1300,Weekday,3+ Cars,No injury/unknown,DRIVER ILLNESS,SR37S & W TAPP,39.13704,-86.572896
902119674,2021,11,3,1700,Weekday,2-Car,No injury/unknown,FOLLOWING TOO CLOSELY,SR37S & W TAPP RD,39.13704,-86.572896
902142021,2021,12,3,800,Weekday,2-Car,No injury/unknown,FOLLOWING TOO CLOSELY,SR37S & W TAPP,39.13704,-86.572896
901988938,2021,3,5,700,Weekday,2-Car,No injury/unknown,FOLLOWING TOO CLOSELY,TAPP RD & YONKERS,39.13704,-86.575296
902096282,2021,10,7,2000,Weekend,2-Car,Non-incapacitating,SPEED TOO FAST FOR WEATHER CONDITIONS,RAYLE & W TAPP RD,39.13704,-86.577504
902054102,2021,7,5,1900,Weekday,Pedestrian,Non-incapacitating,PEDESTRIAN ACTION,S LEONARD & W TAPP RD,39.13704,-86.582512
902036891,2021,6,5,1300,Weekday,2-Car,No injury/unknown,FAILURE TO YIELD RIGHT OF WAY,AIRPORT & GARRISON CHAPEL ROAD RD,39.13704,-86.642832
902137809,2021,12,6,1700,Weekday,1-Car,No injury/unknown,OTHER (ENVIRONMENTAL) - EXPLAIN IN NARR,AIRPORT RD & GARRISON CHAPEL RD RD,39.13704,-86.642832
902100180,2021,10,6,1800,Weekday,1-Car,No injury/unknown,ANIMAL/OBJECT IN ROADWAY,AIRPORT RD & GARRISON CHAPEL,39.13702972,-86.64313905
902015089,2021,5,1,1900,Weekday,1-Car,No injury/unknown,RAN OFF ROAD RIGHT,S CAVE & WEST AIRPORT RD,39.13688,-86.628768
902093584,2021,10,4,600,Weekday,1-Car,No injury/unknown,ANIMAL/OBJECT IN ROADWAY,AIRPORT RD & ENDWRIGHT,39.13685005,-86.59675267
902049040,2021,7,3,700,Weekday,2-Car,No injury/unknown,FAILURE TO YIELD RIGHT OF WAY,AIRPORT RD & BUNGER,39.136848,-86.606
902040293,2021,6,6,900,Weekday,1-Car,No injury/unknown,ANIMAL/OBJECT IN ROADWAY,AIRPORT RD & KIRBY,39.136848,-86.610192
902099542,2021,10,1,500,Weekend,1-Car,No injury/unknown,RAN OFF ROAD RIGHT,AIRPORT & KIRBY RD,39.136848,-86.610192
902007908,2021,4,2,1700,Weekday,2-Car,No injury/unknown,FOLLOWING TOO CLOSELY,LEONARD SPRINGS RD & TAPP,39.1368299,-86.58261023
902135365,2021,12,3,800,Weekday,2-Car,No injury/unknown,FAILURE TO YIELD RIGHT OF WAY,LEONARD SPRINGS & TAPP RD,39.1368299,-86.58261023
902018358,2021,5,7,2200,Weekend,1-Car,No injury/unknown,DISREGARD SIGNAL/REG SIGN,AIRPORT & KIRBY RD,39.13681984,-86.61025978
901965282,2021,1,3,1200,Weekday,2-Car,No injury/unknown,FAILURE TO YIELD RIGHT OF WAY,SR37S & TAPP,39.1368103,-86.5819931
901991375,2021,3,2,1400,Weekday,2-Car,No injury/unknown,FOLLOWING TOO CLOSELY,SR37S & TAPP,39.1368103,-86.5819931
902000155,2021,4,6,1700,Weekday,2-Car,No injury/unknown,OTHER (DRIVER) - EXPLAIN IN NARRATIVE,RAYLE PL & TAPP,39.13679972,-86.57776013
902053410,2021,7,4,1400,Weekday,2-Car,No injury/unknown,UNSAFE LANE MOVEMENT,WALNUT ST & WINSLOW,39.13679409,-86.52933809
901996439,2021,3,3,1700,Weekday,2-Car,Non-incapacitating,IMPROPER TURNING,LEONARD SPRINGS & TAPP RD,39.13679128,-86.58261363
902028358,2021,5,5,1600,Weekday,2-Car,No injury/unknown,DRIVER DISTRACTED - EXPLAIN IN NARRATIVE,AIRPORT & SR45,39.13678957,-86.59378836
902106236,2021,10,1,1700,Weekend,2-Car,Non-incapacitating,UNSAFE SPEED,AIRPORT RD & BUNGER,39.13678787,-86.60604346
901959155,2021,1,5,700,Weekday,2-Car,No injury/unknown,FOLLOWING TOO CLOSELY,AIRPORT & SR45W,39.1367836,-86.64755766
902077550,2021,9,2,1700,Weekday,3+ Cars,No injury/unknown,FOLLOWING TOO CLOSELY,AIRPORT & SR45W,39.13677979,-86.64751764
902063160,2021,8,2,700,Weekday,2-Car,No injury/unknown,UNSAFE SPEED,AIR PORT & SR45W,39.13677979,-86.64752197
902063693,2021,8,3,2100,Weekday,2-Car,No injury/unknown,FOLLOWING TOO CLOSELY,AIRPORT & SR45W,39.13677979,-86.64752197
902089898,2021,9,4,1300,Weekday,2-Car,No injury/unknown,FOLLOWING TOO CLOSELY,AIRPORT & SR45W,39.13677979,-86.64752197
902092333,2021,9,1,1600,Weekend,2-Car,No injury/unknown,FOLLOWING TOO CLOSELY,AIRPORT & SR45W,39.13677979,-86.64752197
902125529,2021,11,3,600,Weekday,1-Car,No injury/unknown,ANIMAL/OBJECT IN ROADWAY,AIR PORT & SR45W,39.13677979,-86.64752197
901962598,2021,1,4,1800,Weekday,2-Car,Non-incapacitating,FAILURE TO YIELD RIGHT OF WAY,SR37 & TAPP RD,39.13676894,-86.57289398
901996709,2021,3,5,1300,Weekday,2-Car,Non-incapacitating,DISREGARD SIGNAL/REG SIGN,SR37 & TAPP,39.13676894,-86.57289398
902012713,2021,5,4,1700,Weekday,2-Car,No injury/unknown,FAILURE TO YIELD RIGHT OF WAY,SR37 & TAPP,39.13676894,-86.57289398
902056895,2021,7,2,800,Weekday,2-Car,Non-incapacitating,UNSAFE SPEED,SR37 & TAPP,39.13676894,-86.57289398
902074210,2021,8,3,1900,Weekday,2-Car,No injury/unknown,FOLLOWING TOO CLOSELY,SR37 & W TAPP,39.13676894,-86.57289398
902074651,2021,8,3,1400,Weekday,2-Car,Incapacitating,DISREGARD SIGNAL/REG SIGN,SR37 & TAPP,39.13676894,-86.57289398
902112812,2021,11,1,1800,Weekend,1-Car,No injury/unknown,ANIMAL/OBJECT IN ROADWAY,SR37S & TAPP,39.13676534,-86.572896
902145399,2021,12,2,1200,Weekday,2-Car,No injury/unknown,UNSAFE BACKING,SOUTH WALNUT ST,39.13668442,-86.53144836
902055126,2021,7,6,1000,Weekday,2-Car,No injury/unknown,FOLLOWING TOO CLOSELY,AIRPORT & SR45W,39.13666541,-86.59405546
901980721,2021,2,3,2300,Weekday,1-Car,No injury/unknown,RAN OFF ROAD RIGHT,DEBORAH & WEST TAPP RD,39.13666025,-86.56783998
902014587,2021,5,1,1600,Weekend,1-Car,No injury/unknown,RAN OFF ROAD RIGHT,DEBORAH & TAPP RD,39.13666025,-86.56785729
901975498,2021,2,5,2200,Weekday,1-Car,No injury/unknown,RAN OFF ROAD RIGHT,DEBORAH & TAPP RD,39.13666025,-86.56786595
901992419,2021,3,5,200,Weekday,1-Car,Non-incapacitating,UNSAFE SPEED,DEBORAH & TAPP RD,39.13666025,-86.56786595
901952582,2021,1,6,1000,Weekday,2-Car,Non-incapacitating,FOLLOWING TOO CLOSELY,HIGH & ROGERS RD,39.13664,-86.508096
902131615,2021,12,4,2000,Weekday,1-Car,No injury/unknown,SPEED TOO FAST FOR WEATHER CONDITIONS,HIGH & ROGERS RD,39.13664,-86.508096
902144839,2021,12,1,1800,Weekend,1-Car,Non-incapacitating,OVERCORRECTING/OVERSTEERING,TAPP RD & WEIMER,39.13663426,-86.56447972
901977419,2021,2,5,1800,Weekday,2-Car,No injury/unknown,FOLLOWING TOO CLOSELY,SOUTH ADAMS ST & WEST TAPP,39.13662001,-86.55431024
902014579,2021,5,1,1600,Weekend,2-Car,No injury/unknown,SPEED TOO FAST FOR WEATHER CONDITIONS,ADAMS & TAPP RD,39.13662001,-86.55431024
902109813,2021,10,5,700,Weekday,2-Car,No injury/unknown,SPEED TOO FAST FOR WEATHER CONDITIONS,S ADAMS & W TAPP RD,39.13662001,-86.55431024
902132268,2021,12,5,1600,Weekday,2-Car,No injury/unknown,FOLLOWING TOO CLOSELY,S ADAMS & W TAPP RD,39.13662001,-86.55431024
902058337,2021,7,6,1700,Weekday,2-Car,Non-incapacitating,FOLLOWING TOO CLOSELY,S ADAMS & W TAPP RD,39.13662001,-86.55435352
902060335,2021,6,3,700,Weekday,2-Car,No injury/unknown,DRIVER DISTRACTED - EXPLAIN IN NARRATIVE,SR37N & TAPP ROAD,39.13658905,-86.5544281
902061887,2021,8,6,800,Weekday,2-Car,No injury/unknown,FOLLOWING TOO CLOSELY,SR37N & TAPP,39.13658905,-86.5544281
902089572,2021,9,3,1700,Weekday,2-Car,No injury/unknown,FOLLOWING TOO CLOSELY,SR37S & TAPP,39.13658905,-86.5544281
902127000,2021,11,3,0,Weekday,2-Car,No injury/unknown,OTHER (DRIVER) - EXPLAIN IN NARRATIVE,COUNTRY CLUB DR,39.13657379,-86.53639221
902130451,2021,12,2,800,Weekday,2-Car,No injury/unknown,UNSAFE BACKING,W TAPP RD & WEIMER,39.13653384,-86.56430197
902078160,2021,9,4,1900,Weekday,2-Car,Non-incapacitating,FOLLOWING TOO CLOSELY,TAPP RD & WEIMER,39.13653016,-86.56190352
902117233,2021,11,2,1800,Weekday,2-Car,Non-incapacitating,FOLLOWING TOO CLOSELY,TAPP RD & WEIMER,39.13653016,-86.56190352
902049196,2021,7,2,1600,Weekday,Moped/Motorcycle,Non-incapacitating,OTHER (DRIVER) - EXPLAIN IN NARRATIVE,TAPP RD & WEIMER,39.13653016,-86.5619468
902130655,2021,12,3,1200,Weekday,Moped/Motorcycle,Non-incapacitating,OTHER (DRIVER) - EXPLAIN IN NARRATIVE,TAPP RD & WEIMER,39.13653016,-86.56197276
901955468,2021,1,4,1300,Weekday,1-Car,No injury/unknown,OVERCORRECTING/OVERSTEERING,TAPP RD & WEIMER,39.13653016,-86.56198575
902046533,2021,7,2,1600,Weekday,2-Car,No injury/unknown,FOLLOWING TOO CLOSELY,TAPP RD & WEIMER,39.13653016,-86.56199008
902095893,2021,10,7,1200,Weekend,2-Car,No injury/unknown,FAILURE TO YIELD RIGHT OF WAY,TAPP RD & WEIMER,39.13653016,-86.56199008
902040124,2021,6,6,1700,Weekday,3+ Cars,No injury/unknown,FOLLOWING TOO CLOSELY,TAPP RD & WEIMER,39.136512,-86.562016
902130261,2021,12,2,2000,Weekday,Cyclist,Non-incapacitating,FAILURE TO YIELD RIGHT OF WAY,KEGG & TAPP RD,39.13649326,-86.5603888
902082678,2021,9,6,300,Weekday,1-Car,No injury/unknown,LEFT OF CENTER,W COUNTRYSIDE LN,39.136448,-86.548704
902144701,2021,12,7,1700,Weekend,2-Car,Non-incapacitating,LEFT OF CENTER,COUNTRY CLUB DR & ROCKPORT,39.13642333,-86.54799937
902138909,2021,12,7,800,Weekend,1-Car,No injury/unknown,ROADWAY SURFACE CONDITION,E WINSLOW RD & S HIGH,39.13641211,-86.50832377
902094407,2021,10,5,2100,Weekday,2-Car,No injury/unknown,UNSAFE BACKING,E WINSLOW RD,39.13640213,-86.5273056
902114398,2021,11,4,1300,Weekday,2-Car,No injury/unknown,FOLLOWING TOO CLOSELY,COUNTRY CLUB DR & ROCKPORT,39.13639867,-86.54729473
901961610,2021,1,4,700,Weekday,2-Car,No injury/unknown,FOLLOWING TOO CLOSELY,PINEHURST & TAPP RD,39.13637996,-86.54994025
901962461,2021,1,4,1700,Weekday,2-Car,No injury/unknown,FOLLOWING TOO CLOSELY,COUNTRY CLUB & ROCKPORT RD,39.13634978,-86.54875002
901972151,2021,2,1,300,Weekend,1-Car,Non-incapacitating,RAN OFF ROAD RIGHT,COUNTRY CLUB DR & ROCKPORT,39.13634978,-86.54875002
901988253,2021,3,4,800,Weekday,2-Car,No injury/unknown,ROADWAY SURFACE CONDITION,S ROCKPORT RD & W COUNTRY CLUB,39.13634978,-86.54875002
902014383,2021,5,7,1300,Weekend,2-Car,No injury/unknown,SPEED TOO FAST FOR WEATHER CONDITIONS,COUNTRY CLUB DR & ROCKPORT,39.13634978,-86.54875002
902091483,2021,9,1,1400,Weekend,2-Car,No injury/unknown,FOLLOWING TOO CLOSELY,ROCKPORT & TAPP RD,39.13634978,-86.54875002
902117068,2021,11,2,1400,Weekday,2-Car,No injury/unknown,FOLLOWING TOO CLOSELY,COUNTRY CLUB & ROCKPORT RD,39.13634978,-86.54875002
902028833,2021,5,6,1300,Weekday,2-Car,Non-incapacitating,SPEED TOO FAST FOR WEATHER CONDITIONS,COUNTRY CLUB DR & ROCKPORT,39.13634978,-86.54883657
902023646,2021,5,3,1500,Weekday,2-Car,No injury/unknown,FOLLOWING TOO CLOSELY,HENDERSON ST & MILLER,39.13634064,-86.52693025
902133996,2021,12,2,1300,Weekday,2-Car,No injury/unknown,RAN OFF ROAD RIGHT,S BANTA & W COUNTRY CLUB RD,39.136304,-86.544592
902135156,2021,12,2,1600,Weekday,2-Car,Non-incapacitating,LEFT OF CENTER,N HARTSTRAIT RD & W MAJESTIC WOODS,39.13625434,-86.61127969
901959081,2021,1,5,1000,Weekday,2-Car,No injury/unknown,UNSAFE LANE MOVEMENT,S WALNUT ST & WINSLOW,39.13625235,-86.52879635
901991232,2021,3,2,1700,Weekday,2-Car,Non-incapacitating,FOLLOWING TOO CLOSELY,BANTA & COUNTRY CLUB RD,39.13624987,-86.54482997
902090052,2021,9,5,1700,Weekday,Cyclist,Non-incapacitating,FAILURE TO YIELD RIGHT OF WAY,BANTA & COUNTRY CLUB DR,39.13624987,-86.54482997
902101578,2021,10,4,1900,Weekday,2-Car,Non-incapacitating,FOLLOWING TOO CLOSELY,SR37S & TAPP,39.13621603,-86.572896
901971844,2021,2,7,200,Weekend,1-Car,No injury/unknown,RAN OFF ROAD RIGHT,HENDERSON & WINSLOW RD,39.136144,-86.52618283
901976567,2021,2,4,100,Weekday,1-Car,No injury/unknown,DRIVER ASLEEP OR FATIGUED,HENDERSON & WINSLOW RD,39.136144,-86.52627099
902043845,2021,6,4,1600,Weekday,2-Car,No injury/unknown,IMPROPER LANE USAGE,FAIRINGTON DR & MARKET,39.136144,-86.58052766
901975189,2021,2,7,1300,Weekend,2-Car,No injury/unknown,FOLLOWING TOO CLOSELY,E WINSLOW RD & S HENDERSON,39.136144,-86.5268
902012173,2021,4,3,2200,Weekday,2-Car,Non-incapacitating,DISREGARD SIGNAL/REG SIGN,HENDERSON ST & WINSLOW,39.136144,-86.5268
902144840,2021,12,1,1400,Weekend,2-Car,No injury/unknown,DISREGARD SIGNAL/REG SIGN,HENDERSON ST & WINSLOW,39.136144,-86.5268
901958745,2021,1,7,1000,Weekend,2-Car,Non-incapacitating,FAILURE TO YIELD RIGHT OF WAY,WALNUT STREET & WINSLOW RD,39.136144,-86.528688
901960184,2021,1,1,200,Weekend,2-Car,Non-incapacitating,FOLLOWING TOO CLOSELY,S WALNUT ST & WINSLOW,39.136144,-86.528688
901996135,2021,3,4,1200,Weekday,1-Car,Non-incapacitating,RAN OFF ROAD RIGHT,S WALNUT ST PIKE & WINSLOW,39.136144,-86.528688
902019657,2021,5,3,2100,Weekday,2-Car,No injury/unknown,DISREGARD SIGNAL/REG SIGN,WALNUT ST & WINSLOW,39.136144,-86.528688
902021653,2021,5,7,900,Weekend,2-Car,No injury/unknown,FAILURE TO YIELD RIGHT OF WAY,S WALNUT ST & WINSLOW,39.136144,-86.528688
902084658,2021,9,2,0,Weekday,2-Car,Non-incapacitating,DISREGARD SIGNAL/REG SIGN,WALNUT STREET PIKE & WINSLOW,39.136144,-86.528688
902115131,2021,11,5,2000,Weekday,2-Car,No injury/unknown,FOLLOWING TOO CLOSELY,WALNUT & WINSLOW RD,39.136144,-86.528688
902140618,2021,12,3,1000,Weekday,2-Car,No injury/unknown,FAILURE TO YIELD RIGHT OF WAY,WALNUT STREET & WINSLOW RD,39.136144,-86.528688
902145812,2021,12,3,1100,Weekday,2-Car,No injury/unknown,DRIVER DISTRACTED - EXPLAIN IN NARRATIVE,S WALNUT ST & WINSLOW,39.136144,-86.528688
902087117,2021,9,7,1500,Weekend,2-Car,No injury/unknown,FOLLOWING TOO CLOSELY,WALNUT & WINSLOW RD,39.1361416,-86.52833537
902037957,2021,6,2,1700,Weekday,2-Car,No injury/unknown,IMPROPER PASSING,WALNUT & WINSLOW RD,39.13613786,-86.5281591
902041674,2021,6,2,1200,Weekday,Moped/Motorcycle,No injury/unknown,FAILURE TO YIELD RIGHT OF WAY,LEONARD SPRINGS & SR45W,39.1361084,-86.58261108
902100468,2021,10,3,600,Weekday,2-Car,No injury/unknown,TIRE FAILURE OR DEFECTIVE,LEONARD SPRINGS & SR45E,39.1361084,-86.58269766
902054866,2021,7,7,1100,Weekend,2-Car,No injury/unknown,FOLLOWING TOO CLOSELY,ALLENDALE & E WINSLOW RD,39.136096,-86.516
902061130,2021,8,5,2300,Weekday,2-Car,No injury/unknown,FOLLOWING TOO CLOSELY,ALLENDALE & WINSLOW RD,39.136096,-86.516
901996527,2021,3,5,1700,Weekday,2-Car,No injury/unknown,FOLLOWING TOO CLOSELY,ROGERS & W COUNTRY CLUB DR,39.13608,-86.538096
902058237,2021,7,6,1700,Weekday,2-Car,No injury/unknown,FAILURE TO YIELD RIGHT OF WAY,ROGERS & W COUNTRY CLUB DR,39.13608,-86.538096
902014098,2021,5,7,1100,Weekend,2-Car,No injury/unknown,FAILURE TO YIELD RIGHT OF WAY,S MADISON & W COUNTRY CLUB DR,39.136048,-86.536992
902029578,2021,5,6,2100,Weekend,2-Car,No injury/unknown,UNSAFE BACKING,EAST WINSLOW RD,39.13604066,-86.52427017
901983047,2021,3,2,1400,Weekday,2-Car,Non-incapacitating,DISREGARD SIGNAL/REG SIGN,HENDERSON & WINSLOW RD,39.13603999,-86.52687996
902054969,2021,7,7,1700,Weekend,2-Car,No injury/unknown,FAILURE TO YIELD RIGHT OF WAY,COUNTRY CLUB DR & ROGERS,39.13603999,-86.53826996
902121659,2021,11,2,800,Weekday,2-Car,Non-incapacitating,OTHER (DRIVER) - EXPLAIN IN NARRATIVE,COUNTRY CLUB & ROGERS ST,39.13603999,-86.53826996
901965522,2021,1,3,1600,Weekday,2-Car,No injury/unknown,DRIVER DISTRACTED - EXPLAIN IN NARRATIVE,COUNTRY CLUB & ROGERS RD,39.13603619,-86.53826525
902044135,2021,6,7,900,Weekend,3+ Cars,Non-incapacitating,FOLLOWING TOO CLOSELY,WINSLOW RD & XAVIER,39.13601987,-86.51343002
902115056,2021,11,5,1400,Weekday,Moped/Motorcycle,Non-incapacitating,FOLLOWING TOO CLOSELY,COUNTRY CLUB DR & MADISON,39.13600981,-86.53711996
901963604,2021,1,7,100,Weekend,1-Car,No injury/unknown,RAN OFF ROAD RIGHT,ROGERS RD & WINDING BROOK,39.13599975,-86.50409131
902098387,2021,10,5,1900,Weekday,Moped/Motorcycle,No injury/unknown,FAILURE TO YIELD RIGHT OF WAY,ROGERS RD & STANDS,39.13599975,-86.50409996
902122680,2021,11,3,1700,Weekday,2-Car,No injury/unknown,DISREGARD SIGNAL/REG SIGN,ALLENDALE & WINSLOW RD,39.13599975,-86.51591978
902046711,2021,7,5,0,Weekday,2-Car,No injury/unknown,FOLLOWING TOO CLOSELY,ALLENDALE & WINSLOW RD,39.13599975,-86.51594574
902061975,2021,8,7,1500,Weekend,Moped/Motorcycle,Non-incapacitating,FOLLOWING TOO CLOSELY,E WINSLOW RD & S WINSLOW,39.1359897,-86.5239302
901956913,2021,1,1,1400,Weekend,2-Car,No injury/unknown,FAILURE TO YIELD RIGHT OF WAY,WALNUT STEET & WINSLOW RD,39.1359897,-86.52879975
901978653,2021,2,1,1300,Weekend,2-Car,No injury/unknown,FAILURE TO YIELD RIGHT OF WAY,S WALNUT ST & WINSLOW RD,39.1359897,-86.52879975
902019727,2021,5,4,0,Weekday,1-Car,No injury/unknown,RAN OFF ROAD RIGHT,WALNUT STREET PIKE & WINSLOW,39.1359897,-86.52879975
902007126,2021,4,1,1500,Weekend,2-Car,Non-incapacitating,DRIVER DISTRACTED - EXPLAIN IN NARRATIVE,COUNTRY CLUB RD & WALNUT,39.13597025,-86.53102327
901996150,2021,3,4,900,Weekday,3+ Cars,No injury/unknown,FOLLOWING TOO CLOSELY,COUNTRY CLUB DR & WALNUT,39.13597025,-86.53108385