Master Record Number,Year,Month,Day,Hour,Weekend,Collision Type,Injury Type,Primary Factor,Reported_Location,Latitude,Longitude
902113565,2021,11,4,600,Weekday,1-Car,No injury/unknown,ANIMAL/OBJECT IN ROADWAY,SO WALNUT & W COUNTRY CLUB DR,39.13597025,-86.5310925
901962214,2021,1,5,700,Weekday,2-Car,No injury/unknown,SPEED TOO FAST FOR WEATHER CONDITIONS,COUNTRY CLUB DR & S WALNUT,39.13597025,-86.5311098
902001434,2021,4,3,600,Weekday,2-Car,No injury/unknown,FAILURE TO YIELD RIGHT OF WAY,S WALNUT ST & W COUNTRY CLUB,39.13597025,-86.5311098
901998665,2021,4,3,1400,Weekday,2-Car,No injury/unknown,UNSAFE LANE MOVEMENT,WALNUT ST & WINSLOW,39.13597025,-86.5311098
902063652,2021,8,2,2000,Weekday,2-Car,No injury/unknown,IMPROPER PASSING,COUNTRY CLUB DR & WALNUT,39.13597025,-86.5311098
902092526,2021,9,2,1300,Weekday,2-Car,No injury/unknown,FOLLOWING TOO CLOSELY,COUNTRY CLUB & WALNUT ST,39.13597025,-86.5311098
902095039,2021,10,7,1400,Weekend,2-Car,Non-incapacitating,FAILURE TO YIELD RIGHT OF WAY,COUNTRY CLUB DR & WALNUT,39.13597025,-86.5311098
902100565,2021,10,3,800,Weekday,Bus,No injury/unknown,IMPROPER TURNING,WALNUT & WINSLOW RD,39.13597025,-86.5311098
902115908,2021,11,6,1500,Weekday,2-Car,Non-incapacitating,FOLLOWING TOO CLOSELY,WALNUT ST & WINSLOW,39.13597025,-86.5311098
902124868,2021,11,6,1600,Weekday,Bus,No injury/unknown,DISREGARD SIGNAL/REG SIGN,WALNUT ST & WINSLOW,39.13597025,-86.5311098
902041524,2021,6,2,1500,Weekday,2-Car,Incapacitating,IMPROPER PASSING,WALNUT & WINSLOW RD,39.13597025,-86.53111846
901994466,2021,3,2,1100,Weekday,2-Car,No injury/unknown,UNSAFE BACKING,SOUTH ACADIA CT,39.135968,-86.518496
902040674,2021,6,1,1300,Weekend,2-Car,No injury/unknown,FAILURE TO YIELD RIGHT OF WAY,ROGERS & SARE RD,39.13596019,-86.4965301
902107916,2021,10,2,1000,Weekday,2-Car,No injury/unknown,FAILURE TO YIELD RIGHT OF WAY,ROGERS RD & SARE,39.13596019,-86.4965301
902118991,2021,11,4,1400,Weekday,2-Car,No injury/unknown,FAILURE TO YIELD RIGHT OF WAY,ROGERS RD & SARE,39.13596019,-86.4965301
902146943,2021,12,2,1200,Weekday,2-Car,No injury/unknown,FAILURE TO YIELD RIGHT OF WAY,E ROGERS & S SARE RD,39.13596019,-86.4965301
902033465,2021,6,7,1600,Weekend,2-Car,No injury/unknown,IMPROPER TURNING,ROGERS ST,39.13586997,-86.49740259
902017884,2021,5,6,1100,Weekday,2-Car,Non-incapacitating,FAILURE TO YIELD RIGHT OF WAY,E ROGERS RD & S SARE,39.13584,-86.496288
902015660,2021,5,3,900,Weekday,1-Car,Non-incapacitating,INSECURE/LEAKY LOAD,ROGERS RD & SNODDY,39.13579701,-86.48596165
901999604,2021,4,5,2000,Weekday,1-Car,Incapacitating,RAN OFF ROAD RIGHT,ROGERS & S SNODDY RD,39.13576,-86.489488
902012842,2021,5,4,900,Weekday,2-Car,No injury/unknown,OTHER (DRIVER) - EXPLAIN IN NARRATIVE,WEST COTA DR,39.13568191,-86.56878881
902036892,2021,6,6,1200,Weekday,2-Car,No injury/unknown,UNSAFE BACKING,STATE ROAD 446 RD,39.135648,-86.462248
902012231,2021,4,7,800,Weekend,1-Car,No injury/unknown,DRIVER DISTRACTED - EXPLAIN IN NARRATIVE,SR446S,39.135648,-86.462248
902095134,2021,10,6,1300,Weekday,1-Car,No injury/unknown,ROADWAY SURFACE CONDITION,RUSH RIDGE & SR446S,39.13561326,-86.41448211
902115974,2021,11,6,1600,Weekday,2-Car,No injury/unknown,OTHER (VEHICLE) - EXPLAIN IN NARRATIVE,3601 STAFFORD DR & STAFFORD,39.13553676,-86.57596725
902100556,2021,10,2,700,Weekday,3+ Cars,Non-incapacitating,UNSAFE SPEED,SR37 & W TAPP,39.13538843,-86.57289694
902101581,2021,10,4,1900,Weekday,2-Car,No injury/unknown,FOLLOWING TOO CLOSELY,DUNCAN & SR45W,39.13520214,-86.59603073
901979222,2021,2,3,2100,Weekday,Pedestrian,Non-incapacitating,UNSAFE BACKING,S LEONARD SPRINGS RD,39.13514057,-86.58250286
902009818,2021,4,6,800,Weekday,2-Car,No injury/unknown,FAILURE TO YIELD RIGHT OF WAY,SR37N & VERNAL,39.13513663,-86.55998992
902143629,2021,12,5,700,Weekday,2-Car,No injury/unknown,FOLLOWING TOO CLOSELY,SR37S & TAPP,39.13511739,-86.572896
902111288,2021,10,5,700,Weekday,2-Car,No injury/unknown,FOLLOWING TOO CLOSELY,DUNCAN & SR45W,39.13484955,-86.59627017
902141776,2021,12,4,600,Weekday,1-Car,Non-incapacitating,SPEED TOO FAST FOR WEATHER CONDITIONS,2400 N OLD ST RD 37 RD & CLUBHOUSE,39.13463995,-86.53686062
902043571,2021,6,5,1200,Weekday,2-Car,No injury/unknown,UNSAFE BACKING,AIRPORT RD,39.134448,-86.647504
902025646,2021,5,6,1200,Weekday,2-Car,No injury/unknown,OTHER (DRIVER) - EXPLAIN IN NARRATIVE,SO WILCOX ST,39.134352,-86.53712773
901985638,2021,3,5,1600,Weekday,Moped/Motorcycle,Non-incapacitating,FAILURE TO YIELD RIGHT OF WAY,WALNUT ST,39.13432546,-86.52733091
902006385,2021,4,6,1100,Weekday,2-Car,No injury/unknown,UNSAFE BACKING,SOUTH WALNUT ST,39.13432546,-86.52733091
902084654,2021,9,3,1000,Weekday,2-Car,No injury/unknown,OVERCORRECTING/OVERSTEERING,S WALNUT ST,39.13432546,-86.52733091
901998946,2021,3,1,800,Weekend,1-Car,No injury/unknown,DRIVER DISTRACTED - EXPLAIN IN NARRATIVE,GARDNER & GARRISON CHAPPEL RDS,39.134144,-86.642864
902064139,2021,8,3,800,Weekday,2-Car,No injury/unknown,FOLLOWING TOO CLOSELY,S GARRISON CHAPEL RD & W GARDNER,39.134144,-86.642864
902087061,2021,9,7,1300,Weekend,2-Car,No injury/unknown,FAILURE TO YIELD RIGHT OF WAY,COLLEGE MALL RD & CONVENANTER,39.13403643,-86.49773977
902003350,2021,4,6,1800,Weekday,2-Car,No injury/unknown,UNSAFE BACKING,E SHERWOOD HILLS DR,39.13394547,-86.5247879
902131666,2021,12,2,1700,Weekday,3+ Cars,No injury/unknown,FOLLOWING TOO CLOSELY,BUNGER & SR45W,39.13391113,-86.60555164
901957381,2021,1,2,900,Weekday,1-Car,No injury/unknown,SPEED TOO FAST FOR WEATHER CONDITIONS,BUNGER & SR45E,39.13391113,-86.6055603
902099403,2021,10,4,100,Weekday,2-Car,No injury/unknown,FOLLOWING TOO CLOSELY,BUNGER & SR45W,39.13391113,-86.6055603
902103196,2021,10,7,1600,Weekend,2-Car,Non-incapacitating,LEFT OF CENTER,BUNGER & SR45W,39.13391113,-86.6055603
902065526,2021,8,6,2000,Weekend,2-Car,No injury/unknown,UNSAFE BACKING,INDIAN CREEK & S YONKERS ST,39.13390625,-86.57414525
902077373,2021,8,5,1600,Weekday,2-Car,No injury/unknown,UNSAFE BACKING,SOUTH ROLLING RIDGE APT 601 WAY,39.133744,-86.50592
902111008,2021,10,5,100,Weekday,1-Car,No injury/unknown,UNSAFE BACKING,S ROLLING RIDGE WAY,39.133744,-86.50592
902136575,2021,12,2,2000,Weekday,2-Car,Non-incapacitating,FAILURE TO YIELD RIGHT OF WAY,CURRY & SR45N,39.13351355,-86.58264923
902092346,2021,9,2,1700,Weekday,2-Car,No injury/unknown,OTHER (DRIVER) - EXPLAIN IN NARRATIVE,S LEONARD SPRINGS RD,39.13350865,-86.5825358
902061529,2021,8,6,1200,Weekday,3+ Cars,Non-incapacitating,OTHER (DRIVER) - EXPLAIN IN NARRATIVE,W ALLEN ST,39.133248,-86.517488
901965679,2021,1,4,700,Weekday,2-Car,Non-incapacitating,FAILURE TO YIELD RIGHT OF WAY,MILLER & WALNUT ST,39.13314963,-86.53265006
902128214,2021,11,5,0,Weekday,1-Car,No injury/unknown,ANIMAL/OBJECT IN ROADWAY,SR43S & SR48W,39.13314767,-86.60447692
902064402,2021,8,5,1100,Weekday,2-Car,No injury/unknown,FOLLOWING TOO CLOSELY,VERMILYA & WALNUT ST,39.13306464,-86.53324015
901981329,2021,2,5,2100,Weekday,2-Car,Non-incapacitating,UNSAFE SPEED,SR37S & TAPP,39.13292012,-86.572896
901981648,2021,2,5,2100,Weekday,2-Car,No injury/unknown,SPEED TOO FAST FOR WEATHER CONDITIONS,STATE ROAD 37 RD & TAPP,39.13292012,-86.572896
901981757,2021,3,6,1400,Weekday,2-Car,Non-incapacitating,DRIVER DISTRACTED - EXPLAIN IN NARRATIVE,3RD & LIBERTY DR,39.13288687,-86.57913006
902046329,2021,7,4,1100,Weekday,2-Car,No injury/unknown,FAILURE TO YIELD RIGHT OF WAY,3RD & LIBERTY DR,39.13288687,-86.57913006
902014355,2021,5,1,1000,Weekend,2-Car,No injury/unknown,,S ROCKPORT RD,39.132848,-86.554848
902046731,2021,7,5,0,Weekday,1-Car,No injury/unknown,RAN OFF ROAD RIGHT,DUNSTAN DR,39.13249207,-86.51730346
902060089,2021,7,2,1700,Weekday,1-Car,Non-incapacitating,UNSAFE SPEED,3600 BLK GARRISON CHAPEL RD & GARDNER,39.13229009,-86.64288024
902095049,2021,10,7,1300,Weekend,2-Car,No injury/unknown,UNSAFE BACKING,W HOOSIER COURT AVE,39.1319809,-86.53209686
902132916,2021,12,6,1400,Weekday,2-Car,No injury/unknown,UNSAFE BACKING,WEST HOOSIER CT AVE,39.1319809,-86.53209686
902005643,2021,4,4,2200,Weekday,2-Car,No injury/unknown,UNSAFE LANE MOVEMENT,W HOOSIER CT AVE,39.1319809,-86.53210449
901978809,2021,2,1,200,Weekend,1-Car,Non-incapacitating,RAN OFF ROAD RIGHT,HOOSIER & S WALNUT ST,39.13196974,-86.53143972
902019528,2021,5,3,1500,Weekday,2-Car,No injury/unknown,FOLLOWING TOO CLOSELY,RIDGEVIEW & SOUTH WALNUT ST,39.13196974,-86.53143972
902085635,2021,9,4,2000,Weekday,1-Car,No injury/unknown,DRIVER DISTRACTED - EXPLAIN IN NARRATIVE,S MEADOWCREEK BLVD,39.13182959,-86.4997112
901974749,2021,2,2,2200,Weekday,2-Car,No injury/unknown,OTHER (VEHICLE) - EXPLAIN IN NARRATIVE,CEDAR CHASE DR & RED ROCK,39.13172478,-86.58588872
902117657,2021,11,3,700,Weekday,3+ Cars,No injury/unknown,FOLLOWING TOO CLOSELY,SR37 & TAPP,39.13168965,-86.572896
902110455,2021,10,5,2000,Weekday,3+ Cars,Non-incapacitating,DRIVER DISTRACTED - EXPLAIN IN NARRATIVE,PINEWOOD & S WALNUT ST,39.13151979,-86.53143033
902133070,2021,12,7,1700,Weekend,2-Car,No injury/unknown,FOLLOWING TOO CLOSELY,PINEWOOD & SOUTH WALNUT ST,39.13151979,-86.53143033
901989383,2021,3,5,900,Weekday,2-Car,No injury/unknown,FOLLOWING TOO CLOSELY,KNIGHTSRIDGE RD,39.13141519,-86.44785001
902085058,2021,9,3,1500,Weekday,2-Car,No injury/unknown,,ALLENDALE & WALNUT ST PIKE,39.13135599,-86.526688
902011302,2021,4,2,1300,Weekday,1-Car,No injury/unknown,UNSAFE BACKING,E ASHWOOD LN,39.131248,-86.508464
901958443,2021,1,5,700,Weekday,3+ Cars,No injury/unknown,FOLLOWING TOO CLOSELY,BUNGER & SR45W,39.13113338,-86.60164378
902014384,2021,5,7,1100,Weekend,2-Car,Non-incapacitating,FAILURE TO YIELD RIGHT OF WAY,ALLENDALE & WALNUT ST PIKE,39.130944,-86.526688
902098665,2021,10,6,1000,Weekday,3+ Cars,Non-incapacitating,FAILURE TO YIELD RIGHT OF WAY,ALLENDALE & WALNUT ST PIKE,39.130944,-86.526688
902092433,2021,9,2,1400,Weekday,1-Car,No injury/unknown,RAN OFF ROAD RIGHT,BUNGER & SR45S,39.13077781,-86.60209417
902066880,2021,8,3,1000,Weekday,2-Car,No injury/unknown,OTHER (DRIVER) - EXPLAIN IN NARRATIVE,SO WALNUT STREET PIKE,39.13069166,-86.52687527
901997748,2021,4,2,1000,Weekday,2-Car,No injury/unknown,UNSAFE BACKING,SOUTH WALNUT ST,39.1306572,-86.53276062
902022174,2021,5,6,1700,Weekday,2-Car,No injury/unknown,UNSAFE BACKING,S CUFFERS DR,39.13052836,-86.54452414
902072231,2021,8,5,2100,Weekday,1-Car,No injury/unknown,DRIVER DISTRACTED - EXPLAIN IN NARRATIVE,LEONARD SPRINGS RD,39.13048361,-86.58264778
902028202,2021,5,2,1300,Weekday,2-Car,No injury/unknown,UNSAFE BACKING,LADD AVE & S TUILP,39.13043015,-86.5415503
902063125,2021,8,2,1400,Weekday,1-Car,Incapacitating,DRIVER ILLNESS,BUNGER & SR45W,39.13041717,-86.60271289
902083708,2021,9,7,1100,Weekend,Moped/Motorcycle,Non-incapacitating,UNSAFE SPEED,3011 S YONKERS ST & S YONKERS,39.130144,-86.574
902094963,2021,10,7,1400,Weekend,2-Car,No injury/unknown,SPEED TOO FAST FOR WEATHER CONDITIONS,CONSTITUTION & LIBERTY DR,39.13005818,-86.5768703
902065537,2021,8,5,2100,Weekday,2-Car,No injury/unknown,CELL PHONE USAGE,S TYLER & W FESTIVE DR,39.1299882,-86.57648294
902083092,2021,9,4,1600,Weekday,1-Car,Non-incapacitating,RAN OFF ROAD RIGHT,CEDAR CHASE RD,39.12975311,-86.58403778
902086242,2021,9,6,0,Weekday,2-Car,No injury/unknown,IMPROPER TURNING,SARE RD,39.129673,-86.50354003
902042840,2021,6,4,1800,Weekday,2-Car,No injury/unknown,IMPROPER TURNING,S WALNUT ST,39.1293814,-86.53146117
902107022,2021,10,6,700,Weekday,2-Car,No injury/unknown,FOLLOWING TOO CLOSELY,BUNGER & SR45W,39.12936,-86.604336
901990435,2021,3,7,100,Weekend,1-Car,No injury/unknown,OVERCORRECTING/OVERSTEERING,2240 CAVE ROAD RD & MATTHEW ROAD,39.12896035,-86.629669
902038475,2021,6,3,800,Weekday,2-Car,Non-incapacitating,UNSAFE SPEED,BUNGER & SR45N,39.12883348,-86.60495825
902138602,2021,12,3,1600,Weekday,3+ Cars,No injury/unknown,FOLLOWING TOO CLOSELY,BUNGER & SR45,39.12865931,-86.6052393
902034563,2021,6,3,1300,Weekday,2-Car,No injury/unknown,UNSAFE BACKING,EAST CREEKS EDGE DR,39.12821665,-86.50074921
902105041,2021,10,3,2300,Weekday,1-Car,Incapacitating,RAN OFF ROAD RIGHT,SOUTH ROCKPORT RD & WEST HENNESSEY,39.12818983,-86.55671155
902094968,2021,10,7,1400,Weekend,2-Car,No injury/unknown,BRAKE FAILURE OR DEFECTIVE,HENNESSY & ROCKPORT RD,39.12818983,-86.55672021
902023686,2021,5,3,2100,Weekday,2-Car,No injury/unknown,UNSAFE BACKING,S WALNUT STREET PIKE,39.12815094,-86.52787017
902059550,2021,7,2,1700,Weekday,2-Car,No injury/unknown,LEFT OF CENTER,3115 S WALNUT ST & PRIVATE,39.128006,-86.530556
901982270,2021,3,1,700,Weekend,2-Car,No injury/unknown,OTHER (VEHICLE) - EXPLAIN IN NARRATIVE,SO WALNUT ST,39.12800598,-86.53055572
902072710,2021,8,7,700,Weekend,2-Car,No injury/unknown,OTHER (DRIVER) - EXPLAIN IN NARRATIVE,SO WALNUT ST,39.12800598,-86.53055572
902139693,2021,12,2,900,Weekday,2-Car,No injury/unknown,LEFT OF CENTER,HENNESSEY ST & SOUTH MCDOUGAL,39.12791021,-86.55612641
902125415,2021,11,5,400,Weekday,1-Car,No injury/unknown,ANIMAL/OBJECT IN ROADWAY,S LEONARD SPRINGS RD,39.12771225,-86.58383178
902025266,2021,5,5,2100,Weekday,2-Car,No injury/unknown,UNSAFE BACKING,SOUTH WALNUT ST,39.12766239,-86.52679022
902116830,2021,11,2,600,Weekday,2-Car,Non-incapacitating,FOLLOWING TOO CLOSELY,S OLD STATE & SR37S,39.127376,-86.531375
902029590,2021,6,7,0,Weekend,1-Car,Non-incapacitating,UNSAFE SPEED,LOCKVIEW & WICKENS ST,39.12735347,-86.55303781
902133256,2021,12,1,1600,Weekend,2-Car,No injury/unknown,FAILURE TO YIELD RIGHT OF WAY,CANADA DR & CLAYBRIDGE,39.12731007,-86.5063101
901997440,2021,3,1,1800,Weekend,2-Car,No injury/unknown,UNSAFE BACKING,S WALNUT ST,39.12716835,-86.52677353
901975274,2021,2,7,1200,Weekend,2-Car,Non-incapacitating,FOLLOWING TOO CLOSELY,BURKS & SO WALNUT ST,39.12666969,-86.53136998
902009639,2021,4,5,1600,Weekday,3+ Cars,Non-incapacitating,FOLLOWING TOO CLOSELY,BURKS & WALNUT ST,39.12666969,-86.53136998
902135160,2021,12,4,500,Weekday,1-Car,No injury/unknown,OVERCORRECTING/OVERSTEERING,S LEONARD SPRINGS RD & SIMS,39.12664,-86.582512
902132253,2021,12,5,1500,Weekday,2-Car,No injury/unknown,IMPROPER TURNING,EAST BURKS DR,39.1266194,-86.52957223
902002234,2021,4,3,2000,Weekday,3+ Cars,Non-incapacitating,FOLLOWING TOO CLOSELY,LEONARD SPRINGS & SR45W,39.1266098,-86.58258056
902017665,2021,5,6,1400,Weekday,2-Car,No injury/unknown,FAILURE TO YIELD RIGHT OF WAY,LEONARD SPRINGS & SR45W,39.1266098,-86.58258056
902020816,2021,5,5,1500,Weekday,2-Car,No injury/unknown,FAILURE TO YIELD RIGHT OF WAY,SOUTH LEONARD SPRINGS & SR45W,39.1266098,-86.58258056
902147873,2021,12,7,1300,Weekend,2-Car,No injury/unknown,UNSAFE BACKING,S WALNUT ST PIKE,39.12631655,-86.52674475
902129930,2021,11,2,1000,Weekday,2-Car,No injury/unknown,OBSTRUCTION NOT MARKED,GILHAM & SR45W,39.12619019,-86.6142706
902138400,2021,12,3,900,Weekday,2-Car,No injury/unknown,SPEED TOO FAST FOR WEATHER CONDITIONS,HENNESSY & MCDOUGAL ST,39.12593007,-86.55359007
902039680,2021,6,1,1400,Weekend,2-Car,No injury/unknown,SPEED TOO FAST FOR WEATHER CONDITIONS,HENNESSEY ST,39.12567392,-86.55401788
901959732,2021,1,6,1200,Weekday,2-Car,No injury/unknown,UNSAFE BACKING,W SR 45 HWY,39.125312,-86.610496
901970827,2021,2,4,1900,Weekday,2-Car,No injury/unknown,FAILURE TO YIELD RIGHT OF WAY,W STATE ROAD 45 RD,39.125312,-86.610496
901978331,2021,2,5,1400,Weekday,2-Car,No injury/unknown,DRIVER DISTRACTED - EXPLAIN IN NARRATIVE,W SR 45 HWY,39.125312,-86.610496
901989278,2021,3,5,2000,Weekday,2-Car,No injury/unknown,FAILURE TO YIELD RIGHT OF WAY,STATE ROAD 45 ST,39.125312,-86.610496
901993737,2021,3,7,700,Weekend,2-Car,Fatal,OTHER (DRIVER) - EXPLAIN IN NARRATIVE,SR45W,39.125312,-86.610496
902032390,2021,6,5,1500,Weekday,2-Car,No injury/unknown,FAILURE TO YIELD RIGHT OF WAY,SR45W,39.125312,-86.610496
902017667,2021,5,4,1400,Weekday,2-Car,No injury/unknown,OTHER (DRIVER) - EXPLAIN IN NARRATIVE,3585 W SR 45 HWY,39.125312,-86.610496
902026559,2021,5,2,1500,Weekday,2-Car,No injury/unknown,,W STATE ROAD 45 HWY,39.125312,-86.610496
902029017,2021,5,5,1500,Weekday,2-Car,No injury/unknown,IMPROPER TURNING,WEST STATE ROAD 45 HWY,39.125312,-86.610496
902069490,2021,8,1,2100,Weekday,2-Car,No injury/unknown,FOLLOWING TOO CLOSELY,W SR 45 HWY,39.125312,-86.610496
902071310,2021,8,3,2000,Weekday,2-Car,No injury/unknown,UNSAFE BACKING,WEST STATE ROAD 45 HWY,39.125312,-86.610496
902045026,2021,6,1,1300,Weekend,2-Car,No injury/unknown,UNSAFE BACKING,SR45W,39.125312,-86.610496
902048641,2021,7,7,1700,Weekend,2-Car,No injury/unknown,IMPROPER LANE USAGE,WEST STATE ROAD 45 HWY,39.125312,-86.610496
902053432,2021,7,3,1500,Weekday,2-Car,No injury/unknown,UNSAFE BACKING,WEST STATE ROAD 45 HWY,39.125312,-86.610496
902060663,2021,7,4,1900,Weekday,Pedestrian,Non-incapacitating,PEDESTRIAN ACTION,W SR 45 RD,39.125312,-86.610496
902077374,2021,9,2,1500,Weekday,2-Car,No injury/unknown,FOLLOWING TOO CLOSELY,W STATE ROAD 45 HWY,39.125312,-86.610496
902085664,2021,9,4,1400,Weekday,2-Car,No injury/unknown,FAILURE TO YIELD RIGHT OF WAY,W SR 45 RD,39.125312,-86.610496
902100182,2021,10,7,1800,Weekend,2-Car,No injury/unknown,IMPROPER LANE USAGE,STATE ROAD 45 HWY,39.125312,-86.610496
902101021,2021,10,3,300,Weekday,2-Car,No injury/unknown,SPEED TOO FAST FOR WEATHER CONDITIONS,STATE ROAD 45 HWY,39.125312,-86.610496
902107508,2021,10,7,1500,Weekend,2-Car,No injury/unknown,FAILURE TO YIELD RIGHT OF WAY,WEST STATE ROAD 45 RD,39.125312,-86.610496
902110352,2021,10,3,2200,Weekday,2-Car,No injury/unknown,IMPROPER TURNING,WEST STATE ROAD 45 HWY,39.125312,-86.610496
902112811,2021,11,7,1400,Weekend,2-Car,No injury/unknown,UNSAFE BACKING,W STATE ROAD 45 HWY,39.125312,-86.610496
902116323,2021,11,6,1400,Weekday,2-Car,No injury/unknown,UNSAFE BACKING,WEST STATE ROAD 45 HWY,39.125312,-86.610496
902133304,2021,12,7,1500,Weekend,1-Car,No injury/unknown,IMPROPER LANE USAGE,SR45W,39.125312,-86.610496
902140254,2021,12,7,1300,Weekend,2-Car,No injury/unknown,VIEW OBSTRUCTED,SR45W,39.125312,-86.610496
902145649,2021,12,2,2000,Weekday,1-Car,Non-incapacitating,RAN OFF ROAD RIGHT,SR45W,39.125312,-86.610496
901978172,2021,2,5,2200,Weekday,2-Car,No injury/unknown,ROADWAY SURFACE CONDITION,3700 SOUTH WICKENS ST & LEIGHTON,39.12526797,-86.550928
902133385,2021,12,1,1600,Weekend,2-Car,No injury/unknown,FAILURE TO YIELD RIGHT OF WAY,RHORER & SNODDY RD,39.12501287,-86.48957199
901959653,2021,1,5,700,Weekday,2-Car,No injury/unknown,UNSAFE BACKING,S MILL STONE WAY,39.12489319,-86.50860595
901998669,2021,4,3,1700,Weekday,2-Car,Non-incapacitating,FOLLOWING TOO CLOSELY,SR37N & VERNAL,39.12455872,-86.55998992
901989331,2021,3,6,0,Weekday,1-Car,No injury/unknown,RAN OFF ROAD RIGHT,FULLERTON & ROCKPORT RD,39.12440105,-86.56053861
902115265,2021,11,5,500,Weekday,1-Car,No injury/unknown,SPEED TOO FAST FOR WEATHER CONDITIONS,LEONARD SPRINGS & LEONARD SPRINGS RD,39.12423192,-86.58257102
901978149,2021,2,6,1300,Weekday,2-Car,No injury/unknown,SPEED TOO FAST FOR WEATHER CONDITIONS,HEATHER & WALNUT ST PIKE,39.12398305,-86.52670641
902000369,2021,4,7,1600,Weekend,Moped/Motorcycle,Non-incapacitating,ROADWAY SURFACE CONDITION,HEATHER & SOUTH WALNUT STREET PIKE,39.1239801,-86.52669019
902057184,2021,7,4,1500,Weekday,2-Car,No injury/unknown,UNSAFE BACKING,SOUTH WALNUT ST,39.12376088,-86.5266497
902091649,2021,9,1,800,Weekend,2-Car,No injury/unknown,BRAKE FAILURE OR DEFECTIVE,S HAYS DR,39.12372971,-86.53766632
902061163,2021,8,5,2300,Weekday,2-Car,No injury/unknown,UNSAFE SPEED,ADAMS ST & SUNSTONE,39.1236787,-86.55608989
902095910,2021,10,2,1200,Weekday,2-Car,No injury/unknown,DRIVER DISTRACTED - EXPLAIN IN NARRATIVE,PINEWOOD & S WALNUT ST,39.12359566,-86.53143033
902000284,2021,4,6,1400,Weekday,1-Car,No injury/unknown,DISREGARD SIGNAL/REG SIGN,FULLERTON & LEONARD SPRINGS RD,39.123376,-86.582592
902101113,2021,10,3,2300,Weekday,1-Car,No injury/unknown,RAN OFF ROAD RIGHT,LEONARD SPRINGS & WEST LEONARD SPRINGS RD,39.123376,-86.582592
902132520,2021,12,6,700,Weekday,1-Car,No injury/unknown,SPEED TOO FAST FOR WEATHER CONDITIONS,FULLERTON & LEONARD SPRINGS RD,39.12317125,-86.58269437
901975326,2021,2,1,1100,Weekend,2-Car,No injury/unknown,FAILURE TO YIELD RIGHT OF WAY,NORTH & WALNUT ST,39.12297226,-86.53180986
902025638,2021,5,6,700,Weekday,1-Car,No injury/unknown,OTHER (DRIVER) - EXPLAIN IN NARRATIVE,4000 BLK S ROCKPORT RD & FULLERTON,39.12266249,-86.56226322
902012766,2021,5,4,2000,Weekday,1-Car,Non-incapacitating,UNSAFE SPEED,13TH & MADISON ST,39.12264318,-86.53774023
902044753,2021,7,2,300,Weekday,1-Car,No injury/unknown,RAN OFF ROAD RIGHT,FULLERTON PIKE & JUDD,39.122448,-86.574
902137087,2021,12,6,700,Weekday,1-Car,No injury/unknown,RAN OFF ROAD RIGHT,FULLERTON PIKE & JUDD,39.122448,-86.574
901959816,2021,1,6,1400,Weekday,3+ Cars,Incapacitating,DISREGARD SIGNAL/REG SIGN,SR37S & W FULLERTON,39.122352,-86.5712
902086645,2021,9,6,1100,Weekday,1-Car,No injury/unknown,FOLLOWING TOO CLOSELY,FULLERTON & SR37S,39.122352,-86.5712
901971201,2021,2,5,1100,Weekday,1-Car,Incapacitating,UNSAFE SPEED,ISON RD & LEONARD SPRINGS,39.122352,-86.6056
902006956,2021,4,6,2300,Weekend,1-Car,No injury/unknown,RAN OFF ROAD RIGHT,S ISON RD & W LEONARD SPRINGS,39.122352,-86.6056
901966666,2021,1,5,2000,Weekday,1-Car,No injury/unknown,SPEED TOO FAST FOR WEATHER CONDITIONS,37 & FULLERTON PIKE,39.12229906,-86.56767463
902015338,2021,5,1,1600,Weekend,2-Car,No injury/unknown,FAILURE TO YIELD RIGHT OF WAY,FULLERTON PIKE & ROCKPORT,39.122224,-86.562688
902076754,2021,9,2,1700,Weekday,2-Car,Non-incapacitating,DISREGARD SIGNAL/REG SIGN,FULLERTON & SR37S,39.12221146,-86.57353973
902087172,2021,9,7,2000,Weekend,3+ Cars,Non-incapacitating,FAILURE TO YIELD RIGHT OF WAY,FULLERTON & SR37S,39.12221146,-86.57353973
902115063,2021,11,5,1500,Weekday,2-Car,Non-incapacitating,FAILURE TO YIELD RIGHT OF WAY,FULLERTON & SR37S,39.12221146,-86.57353973
902040199,2021,6,5,1600,Weekday,2-Car,Non-incapacitating,FAILURE TO YIELD RIGHT OF WAY,RENDY & WEST ELLER RD,39.122208,-86.615792
901964979,2021,1,2,1700,Weekday,2-Car,No injury/unknown,FAILURE TO YIELD RIGHT OF WAY,FULLERTON & SR37S,39.12220001,-86.56779479
902014340,2021,4,5,1200,Weekday,3+ Cars,No injury/unknown,FOLLOWING TOO CLOSELY,FULERTON & SR37S,39.12220001,-86.56779479
901966907,2021,1,5,2000,Weekday,2-Car,No injury/unknown,SPEED TOO FAST FOR WEATHER CONDITIONS,37 & FULLERTON PIKE,39.12220001,-86.56788136
902005629,2021,4,3,1700,Weekday,2-Car,No injury/unknown,FOLLOWING TOO CLOSELY,FULLERTON PIKE & JUDD,39.12209988,-86.57402984
902133891,2021,12,2,700,Weekday,1-Car,No injury/unknown,RAN OFF ROAD RIGHT,DILLMAN & SR37N,39.12189278,-86.54577636