Master Record Number,Year,Month,Day,Hour,Weekend,Collision Type,Injury Type,Primary Factor,Reported_Location,Latitude,Longitude
901967528,2021,1,5,2000,Weekday,2-Car,No injury/unknown,SPEED TOO FAST FOR WEATHER CONDITIONS,GORDON PIKE & WICKENS,39.12181218,-86.54791696
902000160,2021,4,6,2200,Weekend,1-Car,No injury/unknown,RAN OFF ROAD RIGHT,E RHORER RD & HARRELL,39.1217467,-86.49666988
902114134,2021,11,4,1600,Weekday,2-Car,No injury/unknown,SPEED TOO FAST FOR WEATHER CONDITIONS,HARTSTRAIGHT RD & TEMPERANCE,39.12174554,-86.61594003
902083896,2021,9,1,1300,Weekend,1-Car,Non-incapacitating,TIRE FAILURE OR DEFECTIVE,HARRELL & RHORER RD,39.12160351,-86.49173694
901989786,2021,3,5,1700,Weekday,1-Car,Non-incapacitating,RAN OFF ROAD RIGHT,EAST MOORES CREEK RD & SNODDY,39.121584,-86.489744
902090922,2021,9,7,300,Weekend,1-Car,No injury/unknown,RAN OFF ROAD RIGHT,E MOORES CREEK RD & SNODDY,39.121584,-86.489744
901981270,2021,2,4,1900,Weekday,1-Car,No injury/unknown,RAN OFF ROAD RIGHT,GORDON PIKE & ROGERS,39.12156008,-86.53916411
901950636,2021,1,3,0,Weekday,2-Car,No injury/unknown,UNSAFE BACKING,GORDON & GORDON PIKE,39.121552,-86.531296
901960022,2021,1,3,700,Weekday,2-Car,No injury/unknown,FOLLOWING TOO CLOSELY,GORDON & OLD SR 37 RD,39.121552,-86.531296
901978264,2021,2,6,300,Weekday,1-Car,No injury/unknown,RAN OFF ROAD RIGHT,GORDON & S OLD STATE ROAD 37 RD,39.121552,-86.531296
902029708,2021,6,7,2100,Weekend,1-Car,No injury/unknown,ANIMAL/OBJECT IN ROADWAY,RHORER & SOUTH OLD STATE ROAD 37 HWY,39.121552,-86.531296
902049508,2021,7,4,1400,Weekday,2-Car,No injury/unknown,FAILURE TO YIELD RIGHT OF WAY,GORDON & OLD SR 37 RD,39.121552,-86.531296
902111156,2021,10,5,2100,Weekday,1-Car,No injury/unknown,ANIMAL/OBJECT IN ROADWAY,GORDON & SOUTH OLD STATE ROAD 37 HWY,39.121552,-86.531296
902135564,2021,11,6,1200,Weekday,1-Car,No injury/unknown,IMPROPER LANE USAGE,4025 SOUTH OLD SR 37 RD & RHORER,39.121552,-86.531296
902018088,2021,5,7,1700,Weekend,2-Car,No injury/unknown,UNSAFE BACKING,W GORDON PIKE,39.12154418,-86.53386009
901985142,2021,3,5,500,Weekday,1-Car,No injury/unknown,ANIMAL/OBJECT IN ROADWAY,1600 E RHORER RD & S JAMIE,39.12152,-86.51792
902060108,2021,7,7,2100,Weekend,1-Car,No injury/unknown,RAN OFF ROAD RIGHT,285 E RHORER RD & KENNEDY,39.121488,-86.528304
902087383,2021,9,6,1600,Weekday,2-Car,Non-incapacitating,FAILURE TO YIELD RIGHT OF WAY,E RHORER RD & S DEERFIELD,39.12146017,-86.50459782
902125078,2021,11,6,700,Weekday,2-Car,No injury/unknown,FOLLOWING TOO CLOSELY,RHORER RD & S WALNUT ST,39.12145871,-86.52720079
902040198,2021,6,3,1700,Weekday,2-Car,No injury/unknown,ROADWAY SURFACE CONDITION,NIMIT & RHORER RD,39.12145011,-86.52383968
901985737,2021,3,3,2300,Weekday,1-Car,No injury/unknown,RAN OFF ROAD RIGHT,NIMMIT & RHORER RD,39.12144607,-86.52387219
902068897,2021,8,7,1200,Weekend,2-Car,No injury/unknown,FAILURE TO YIELD RIGHT OF WAY,RHORER RD & WALNUT,39.12144282,-86.52614342
901962632,2021,1,5,1400,Weekday,3+ Cars,Non-incapacitating,FOLLOWING TOO CLOSELY,RHORER RD & SARE,39.12144005,-86.51149346
902026201,2021,5,2,0,Weekday,1-Car,Non-incapacitating,SPEED TOO FAST FOR WEATHER CONDITIONS,E ROHOER RD & S SARE,39.12144005,-86.51149346
902013824,2021,5,5,1500,Weekday,2-Car,No injury/unknown,FOLLOWING TOO CLOSELY,RHORER RD & SARE,39.12144005,-86.51156699
902002761,2021,4,5,1800,Weekday,2-Car,No injury/unknown,FAILURE TO YIELD RIGHT OF WAY,E RHORER RD & S SARE,39.12144005,-86.51157997
902012437,2021,4,3,1200,Weekday,3+ Cars,Non-incapacitating,FAILURE TO YIELD RIGHT OF WAY,RHORER RD & SARE,39.12144005,-86.51157997
902057170,2021,7,4,1600,Weekday,2-Car,No injury/unknown,FOLLOWING TOO CLOSELY,RHORER & SARE RD,39.12144005,-86.51157997
902110038,2021,10,5,700,Weekday,2-Car,No injury/unknown,FOLLOWING TOO CLOSELY,RHORER RD & SARE,39.12144005,-86.51166648
901966605,2021,1,5,1700,Weekday,2-Car,Non-incapacitating,FOLLOWING TOO CLOSELY,EAST RHORER & SOUTH WALNUT ST,39.12144,-86.526496
901970036,2021,2,3,1300,Weekday,2-Car,Non-incapacitating,DISREGARD SIGNAL/REG SIGN,E RHORER RD & S WALNUT,39.12144,-86.526496
902065729,2021,8,4,1800,Weekday,2-Car,No injury/unknown,DISREGARD SIGNAL/REG SIGN,RHORER RD & WALNUT STREET,39.12144,-86.526496
902054621,2021,7,6,1500,Weekday,2-Car,No injury/unknown,FAILURE TO YIELD RIGHT OF WAY,RHORER & S WALNUT ST,39.12144,-86.526496
902087056,2021,9,5,700,Weekday,2-Car,No injury/unknown,FOLLOWING TOO CLOSELY,RHORER RD & S WALNUT ST,39.12144,-86.526496
902129138,2021,11,7,1400,Weekend,2-Car,Non-incapacitating,DISREGARD SIGNAL/REG SIGN,RHORER & SOUTH WALNUT ST,39.12144,-86.526496
902109027,2021,10,3,500,Weekday,1-Car,No injury/unknown,DRIVER ASLEEP OR FATIGUED,E RHORER RD & WALNUT STREET,39.12144,-86.526496
901986303,2021,3,5,1500,Weekday,2-Car,No injury/unknown,UNSAFE LANE MOVEMENT,W GORDON LOT 117 PIKE,39.12143201,-86.53530478
901998668,2021,4,3,1700,Weekday,2-Car,No injury/unknown,UNSAFE BACKING,GORDON PIKE,39.12143201,-86.53530478
902029707,2021,5,4,1500,Weekday,2-Car,No injury/unknown,DRIVER DISTRACTED - EXPLAIN IN NARRATIVE,GORDON LOT 20 PIKE,39.12143201,-86.53530478
902072484,2021,8,6,700,Weekday,2-Car,Non-incapacitating,FOLLOWING TOO CLOSELY,OLD ST RD 37 SOUTH RD & RHORER,39.12141994,-86.53134986
902141268,2021,12,3,1600,Weekday,2-Car,No injury/unknown,FOLLOWING TOO CLOSELY,S WALNUT & W GORDON PIKE,39.12141994,-86.53134986
901998973,2021,4,4,1400,Weekday,Moped/Motorcycle,Non-incapacitating,OVERCORRECTING/OVERSTEERING,HOOSIER & WALNUT ST,39.12140529,-86.53143874
902044279,2021,6,7,1600,Weekend,2-Car,No injury/unknown,FOLLOWING TOO CLOSELY,RHORER & SR37S,39.12137985,-86.49404907
902031291,2021,6,3,1600,Weekday,2-Car,No injury/unknown,UNSAFE BACKING,E MOORES CREEK RD & S STERLING,39.12106702,-86.48835874
902125489,2021,11,5,100,Weekday,2-Car,No injury/unknown,UNSAFE SPEED,SOUTH OLD 37 HWY,39.1210556,-86.53090667
902078321,2021,9,5,700,Weekday,2-Car,No injury/unknown,FOLLOWING TOO CLOSELY,PINEWOOD & WALNUT ST,39.12095428,-86.53143033
902109812,2021,10,5,700,Weekday,2-Car,No injury/unknown,SPEED TOO FAST FOR WEATHER CONDITIONS,RHORER & S WALNUT ST,39.12075336,-86.526496
902072411,2021,8,3,600,Weekday,1-Car,No injury/unknown,ANIMAL/OBJECT IN ROADWAY,ELLER & SR45W,39.11961458,-86.61847596
901955047,2021,1,4,800,Weekday,2-Car,No injury/unknown,FOLLOWING TOO CLOSELY,SOUTH & WALNUT ST,39.11961185,-86.526808
902002409,2021,4,5,700,Weekday,2-Car,Non-incapacitating,FOLLOWING TOO CLOSELY,SOUTH & WALNUT ST,39.11961185,-86.526808
902091678,2021,9,7,1000,Weekend,1-Car,No injury/unknown,RAN OFF ROAD RIGHT,E BRYN MAWR & SNODDY RD,39.11954381,-86.48959296
901988403,2021,3,4,700,Weekday,1-Car,Non-incapacitating,ROADWAY SURFACE CONDITION,E BRYN MAWR & SNODDY RD,39.1195438,-86.48959295
902017894,2021,5,7,900,Weekend,1-Car,No injury/unknown,RAN OFF ROAD RIGHT,DUNLAP & SR45W,39.119344,-86.618896
902049509,2021,7,5,800,Weekday,2-Car,No injury/unknown,FOLLOWING TOO CLOSELY,DUNLAP RD & SR45W,39.119344,-86.618896
902115452,2021,11,6,1500,Weekday,2-Car,No injury/unknown,UNSAFE LANE MOVEMENT,DUNLAP & SR45W,39.119344,-86.618896
901978233,2021,2,6,1800,Weekday,1-Car,No injury/unknown,RAN OFF ROAD RIGHT,S ORCHARD LN,39.11902021,-86.53168845
902012273,2021,4,3,1200,Weekday,2-Car,No injury/unknown,BRAKE FAILURE OR DEFECTIVE,S OLD ST RD 37 RD & S ORCHARD,39.11893018,-86.53130024
902052479,2021,7,3,900,Weekday,2-Car,No injury/unknown,LEFT OF CENTER,DUNLAP & SR45W,39.11886349,-86.61975529
902095384,2021,10,1,1300,Weekend,2-Car,No injury/unknown,FOLLOWING TOO CLOSELY,2ND & SR37S,39.11883666,-86.54765319
902134969,2021,12,6,200,Weekday,2-Car,No injury/unknown,UNSAFE BACKING,JUDEE DR,39.11849316,-86.49050349
902072674,2021,8,1,2300,Weekday,2-Car,No injury/unknown,OTHER (VEHICLE) - EXPLAIN IN NARRATIVE,HOLLAND DR,39.1180687,-86.52586364
902051181,2021,7,6,200,Weekday,2-Car,No injury/unknown,LEFT OF CENTER,GARRISON CHAPLE & SR48W,39.11790085,-86.64187841
902055354,2021,7,4,500,Weekday,1-Car,No injury/unknown,RAN OFF ROAD RIGHT,FULLERTON & SR37S,39.11780593,-86.56724151
902145536,2021,12,7,1700,Weekend,2-Car,No injury/unknown,UNSAFE LANE MOVEMENT,S ROCKPORT & SR37S,39.117648,-86.567104
902031990,2021,6,4,1300,Weekday,2-Car,No injury/unknown,FAILURE TO YIELD RIGHT OF WAY,ROCKPORT & SR37,39.11755374,-86.56705561
902083340,2021,9,4,1600,Weekday,2-Car,No injury/unknown,FAILURE TO YIELD RIGHT OF WAY,ROCKPORT & SR37,39.11755374,-86.56705561
902044324,2021,6,7,1700,Weekend,1-Car,No injury/unknown,ROADWAY SURFACE CONDITION,ROCKPORT & SR37S,39.11744736,-86.56686323
902057965,2021,7,6,600,Weekday,1-Car,Incapacitating,RAN OFF ROAD RIGHT,S GARRISON CHAPPEL RD,39.11739731,-86.6419754
901963226,2021,1,6,900,Weekday,2-Car,No injury/unknown,SPEED TOO FAST FOR WEATHER CONDITIONS,DANIELS WAY & ZENITH,39.11727061,-86.59829981
902121763,2021,11,2,1100,Weekday,2-Car,Non-incapacitating,FAILURE TO YIELD RIGHT OF WAY,GORDAN PIKE,39.11717606,-86.53736114
902089580,2021,9,7,1800,Weekend,2-Car,No injury/unknown,DRIVER DISTRACTED - EXPLAIN IN NARRATIVE,GORDON PIKE LOT 11 PIKE,39.117176,-86.537361
901977156,2021,2,5,1300,Weekday,1-Car,No injury/unknown,RAN OFF ROAD RIGHT,LEONARD SPRINGS RD & SIMS,39.11607599,-86.58258005
902132479,2021,12,5,2300,Weekday,1-Car,No injury/unknown,SPEED TOO FAST FOR WEATHER CONDITIONS,7TH & JORDAN AVE,39.11597216,-86.51615984
901998136,2021,4,2,1800,Weekday,2-Car,No injury/unknown,FAILURE TO YIELD RIGHT OF WAY,SR37S & THAT RD,39.115552,-86.564592
902008129,2021,4,2,900,Weekday,2-Car,Non-incapacitating,FOLLOWING TOO CLOSELY,SR37 & THAT RD,39.115552,-86.564592
902026155,2021,5,1,1600,Weekend,1-Car,No injury/unknown,SPEED TOO FAST FOR WEATHER CONDITIONS,SR37S & W THAT RD,39.115552,-86.564592
902128488,2021,11,6,500,Weekday,1-Car,No injury/unknown,ANIMAL/OBJECT IN ROADWAY,SR37S & THAT,39.115552,-86.564592
902120616,2021,11,6,1700,Weekday,2-Car,No injury/unknown,FAILURE TO YIELD RIGHT OF WAY,SR37S & THAT,39.115552,-86.564592
902143407,2021,12,6,700,Weekday,1-Car,No injury/unknown,ANIMAL/OBJECT IN ROADWAY,SR37S & THAT,39.115552,-86.564592
902051015,2021,7,6,800,Weekday,1-Car,No injury/unknown,ANIMAL/OBJECT IN ROADWAY,SR37 & TAPP,39.11545529,-86.5544281
902074220,2021,8,2,1600,Weekday,2-Car,No injury/unknown,UNSAFE LANE MOVEMENT,SR37 & THAT,39.11536877,-86.56469338
902100352,2021,10,2,1700,Weekday,2-Car,No injury/unknown,FOLLOWING TOO CLOSELY,DUNLAP & SR45W,39.11513138,-86.61884204
902055689,2021,7,7,1600,Weekend,2-Car,No injury/unknown,FOLLOWING TOO CLOSELY,DUNLAP & SR45W,39.11513138,-86.6188507
901996502,2021,3,5,600,Weekday,1-Car,Non-incapacitating,RAN OFF ROAD RIGHT,SR37S & THAT,39.11507327,-86.56396013
902082873,2021,9,4,1500,Weekday,2-Car,No injury/unknown,UNSAFE SPEED,SR45W & W DINSMORE,39.11504,-86.630992
902140193,2021,12,7,1000,Weekend,1-Car,No injury/unknown,ROADWAY SURFACE CONDITION,HUGHES & MOORES CREEK RD,39.11503024,-86.47097037
902111289,2021,11,6,600,Weekday,2-Car,No injury/unknown,SPEED TOO FAST FOR WEATHER CONDITIONS,PATRICIA & THAT RD,39.11501013,-86.57337002
902072921,2021,8,7,1600,Weekend,1-Car,Non-incapacitating,LEFT OF CENTER,DINSMORE & SR45W,39.11500139,-86.62746724
902021164,2021,5,6,800,Weekday,2-Car,No injury/unknown,OTHER (DRIVER) - EXPLAIN IN NARRATIVE,WALNUT ST & WINSLOW,39.11483868,-86.5311109
901967370,2021,1,5,2100,Weekday,1-Car,No injury/unknown,SPEED TOO FAST FOR WEATHER CONDITIONS,ROY BAILEY & THAT RD,39.11473989,-86.55655162
902069570,2021,8,3,1400,Weekday,2-Car,No injury/unknown,FAILURE TO YIELD RIGHT OF WAY,ROGERS & THAT RD,39.11462992,-86.53982028
902039679,2021,6,7,2000,Weekend,1-Car,Incapacitating,ANIMAL/OBJECT IN ROADWAY,SR37S & THAT,39.11421156,-86.56282277
902071297,2021,8,4,2200,Weekday,1-Car,No injury/unknown,RAN OFF ROAD RIGHT,HOLLY & PINE GROVE RD,39.11377028,-86.42555393
902064945,2021,8,6,800,Weekday,1-Car,No injury/unknown,BRAKE FAILURE OR DEFECTIVE,HOLLY & PINEGROVE RD,39.11377028,-86.42562307
902067480,2021,8,4,700,Weekday,3+ Cars,No injury/unknown,FOLLOWING TOO CLOSELY,ISON & SR45N,39.11338048,-86.63700103
902116688,2021,11,1,600,Weekend,1-Car,No injury/unknown,ANIMAL/OBJECT IN ROADWAY,CROSSOVER & SR45W,39.11289707,-86.63531144
902092370,2021,9,2,1500,Weekday,Bus,No injury/unknown,IMPROPER TURNING,ELWREN & WEST ELWREN RD,39.11275756,-86.66818891
901956432,2021,1,5,2200,Weekday,1-Car,No injury/unknown,UNSAFE SPEED,GARRISON CHAPEL & SR45S,39.11249112,-86.635973
902127157,2021,11,3,1000,Weekday,2-Car,No injury/unknown,RAN OFF ROAD RIGHT,S ROGERS STREET ST,39.11194229,-86.54027557
902051729,2021,7,1,1100,Weekend,1-Car,No injury/unknown,ANIMAL/OBJECT IN ROADWAY,GARRISON CHAPEL & SR45W,39.11188918,-86.63693506
902047740,2021,6,5,1400,Weekday,2-Car,No injury/unknown,FAILURE TO YIELD RIGHT OF WAY,LIBERTY DR & WEST THIRD,39.11173798,-86.57913006
901993497,2021,3,7,900,Weekend,2-Car,No injury/unknown,IMPROPER LANE USAGE,COLLEGE AVE & THIRD,39.11172794,-86.53489977
901971815,2021,2,6,1600,Weekday,2-Car,No injury/unknown,UNSAFE LANE MOVEMENT,W CLEAR CREEK DR,39.11111623,-86.53511434
902054535,2021,7,5,1700,Weekday,2-Car,No injury/unknown,FAILURE TO YIELD RIGHT OF WAY,HARMONY & SR45W,39.111024,-86.638304
902148385,2021,12,2,500,Weekday,1-Car,No injury/unknown,ANIMAL/OBJECT IN ROADWAY,SOUTH HARMONY & SR45W,39.111024,-86.638304
901997297,2021,3,7,700,Weekend,1-Car,No injury/unknown,ANIMAL/OBJECT IN ROADWAY,OAK RIDGE & SR446S,39.11074582,-86.45161013
902009658,2021,4,5,1500,Weekday,2-Car,No injury/unknown,FOLLOWING TOO CLOSELY,PINEWOOD & WALNUT ST,39.11038877,-86.53143033
902029521,2021,6,7,1500,Weekend,2-Car,Non-incapacitating,RAN OFF ROAD RIGHT,4720 OLD STATE RD 37 RD & WAYSIDE,39.109248,-86.53128
902017059,2021,5,4,1700,Weekday,3+ Cars,No injury/unknown,FOLLOWING TOO CLOSELY,SOUTH & WALNUT ST,39.1090467,-86.526808
902093061,2021,10,3,2300,Weekday,1-Car,No injury/unknown,RAN OFF ROAD RIGHT,HARMONY & ISON RD,39.108848,-86.6384
902069153,2021,8,3,1700,Weekday,2-Car,No injury/unknown,UNSAFE BACKING,OLD STATE ROAD 37 SOUTH RD,39.10851331,-86.53132114
901986627,2021,3,7,600,Weekend,2-Car,No injury/unknown,FAILURE TO YIELD RIGHT OF WAY,HARRELL RD & SCHACHT,39.10844526,-86.49855535
902131664,2021,11,5,2100,Weekday,3+ Cars,Non-incapacitating,UNSAFE SPEED,ISON RD & TOWER,39.10791032,-86.61038987
901967307,2021,2,6,1100,Weekday,2-Car,Non-incapacitating,SPEED TOO FAST FOR WEATHER CONDITIONS,ELWREN & SR45,39.10781407,-86.64342778
902090923,2021,9,6,700,Weekday,Bus,No injury/unknown,UNSAFE BACKING,W CHURCH LN,39.10748823,-86.54649362
902033634,2021,6,7,200,Weekend,1-Car,Non-incapacitating,RAN OFF ROAD RIGHT,CHURCH LN & VICTOR,39.10748449,-86.54626781
902001560,2021,4,2,700,Weekday,Bus,No injury/unknown,FAILURE TO YIELD RIGHT OF WAY,WALNUT ST & WALNUT STREET,39.107344,-86.5264
902023685,2021,5,3,1600,Weekday,2-Car,No injury/unknown,FAILURE TO YIELD RIGHT OF WAY,WALNUT & WALNUT ST,39.107344,-86.5264
902122906,2021,11,4,800,Weekday,2-Car,No injury/unknown,FAILURE TO YIELD RIGHT OF WAY,S WALNUT ST & WALNUT,39.107344,-86.5264
902125184,2021,11,7,900,Weekend,2-Car,Non-incapacitating,FOLLOWING TOO CLOSELY,WALNUT & WALNUT STREET PIKE,39.107344,-86.5264
901973461,2021,2,4,100,Weekday,1-Car,No injury/unknown,RAN OFF ROAD RIGHT,CHURCH LN & COLLEGE,39.107328,-86.534992
901993346,2021,3,6,1800,Weekday,1-Car,No injury/unknown,RAN OFF ROAD RIGHT,CHURCH LN & WALNUT,39.10731014,-86.5281621
902122207,2021,11,2,700,Weekday,2-Car,No injury/unknown,UNSAFE BACKING,FAIRFAX & SOUTH OLD STATE ROAD 37 RD,39.10725988,-86.53149001
902096448,2021,10,3,700,Weekday,1-Car,Incapacitating,RAN OFF ROAD RIGHT,FAIRFAX RD & S WALNUT ST,39.10715997,-86.52649684
901975211,2021,2,7,1600,Weekend,1-Car,No injury/unknown,RAN OFF ROAD RIGHT,FAIRFAX RD & WALNUT STREET,39.10715997,-86.52650982
902055028,2021,7,6,1800,Weekday,3+ Cars,No injury/unknown,UNSAFE LANE MOVEMENT,S FAIRFAX RD & S WALNUT STREET,39.10715997,-86.52655308
901966170,2021,1,5,600,Weekday,2-Car,No injury/unknown,ANIMAL/OBJECT IN ROADWAY,S ROCKPORT RD & W HENNESEY,39.10706061,-86.55672021
901966809,2021,1,5,1800,Weekday,2-Car,No injury/unknown,LEFT OF CENTER,E SCHACT & S FAIRFAX RD,39.10688974,-86.52378
902127158,2021,11,3,1100,Weekday,1-Car,No injury/unknown,OVERCORRECTING/OVERSTEERING,E SCHACT ROAD & S FAIRFAX ROAD RD,39.10688974,-86.52378
902006931,2021,4,7,2000,Weekend,2-Car,No injury/unknown,IMPROPER TURNING,W ARCH HAVEN BLVD,39.106512,-86.573504
901997296,2021,3,6,900,Weekday,2-Car,No injury/unknown,UNSAFE BACKING,S VICTOR PIKE,39.10649041,-86.55034722
902144097,2021,12,4,400,Weekday,3+ Cars,Non-incapacitating,FOLLOWING TOO CLOSELY,S VICTOR & SR37S,39.10611653,-86.55187435
902123120,2021,11,4,1000,Weekday,2-Car,No injury/unknown,ANIMAL/OBJECT IN ROADWAY,6100 SOUTH FAIRFAX RD & DILLMAN,39.10587248,-86.52253083
901977416,2021,2,5,1800,Weekday,2-Car,No injury/unknown,SPEED TOO FAST FOR WEATHER CONDITIONS,SR37 & VICTOR,39.10574018,-86.55136078
902029358,2021,5,6,1100,Weekday,1-Car,Non-incapacitating,OTHER (DRIVER) - EXPLAIN IN NARRATIVE,FAIRFAX RD & MARIE,39.10568006,-86.5224798
902004990,2021,4,7,2100,Weekend,2-Car,No injury/unknown,FAILURE TO YIELD RIGHT OF WAY,SR37 & VICTOR,39.10564948,-86.55126849
902008477,2021,4,3,1600,Weekday,2-Car,No injury/unknown,DISREGARD SIGNAL/REG SIGN,SR37 & VICTOR,39.10564948,-86.55126849
901999170,2021,4,3,1700,Weekday,2-Car,No injury/unknown,FOLLOWING TOO CLOSELY,SR37S & VICTOR,39.105552,-86.551104
902105797,2021,10,5,700,Weekday,2-Car,Incapacitating,FAILURE TO YIELD RIGHT OF WAY,SR37S & VICTOR,39.105552,-86.551104
902135936,2021,12,6,1500,Weekday,2-Car,No injury/unknown,SPEED TOO FAST FOR WEATHER CONDITIONS,SR37N & VICTOR,39.105552,-86.551104
902083471,2021,9,1,0,Weekend,1-Car,No injury/unknown,ANIMAL/OBJECT IN ROADWAY,ISON RD & TOWER,39.104944,-86.61032
902039196,2021,6,5,600,Weekday,1-Car,No injury/unknown,ANIMAL/OBJECT IN ROADWAY,SR37S & TAPP,39.10488841,-86.5544281
901979171,2021,2,1,700,Weekend,2-Car,No injury/unknown,FOLLOWING TOO CLOSELY,GREEN COUNTY LINE & SR45W,39.10462952,-86.68247222
902048885,2021,7,2,1600,Weekday,1-Car,No injury/unknown,DRIVER ASLEEP OR FATIGUED,GREEN COUNTY LINE & SR45W,39.10462952,-86.68248956
902076570,2021,9,1,1200,Weekend,2-Car,Non-incapacitating,UNSAFE LANE MOVEMENT,PINE GROVE & SR446S,39.10371277,-86.43020291
902079854,2021,8,4,1600,Weekday,1-Car,No injury/unknown,IMPROPER TURNING,COMMERCIAL ST,39.1036731,-86.55181981
902134442,2021,12,6,1800,Weekday,1-Car,No injury/unknown,OTHER (ENVIRONMENTAL) - EXPLAIN IN NARR,SR37N & VICTOR PIKE,39.1035127,-86.54931096
901967364,2021,1,5,1800,Weekday,2-Car,No injury/unknown,ROADWAY SURFACE CONDITION,BRENNICK & SR45W,39.103302,-86.64743041
902059196,2021,7,2,900,Weekday,3+ Cars,Incapacitating,LEFT OF CENTER,BRENNWICK ROAD & SR45W,39.10329819,-86.64743041
902059729,2021,7,2,900,Weekday,1-Car,No injury/unknown,RAN OFF ROAD RIGHT,BRENNICK ROAD & SR45W,39.10329819,-86.64743041
902095311,2021,10,1,1100,Weekend,3+ Cars,Non-incapacitating,FOLLOWING TOO CLOSELY,BRENNICK & SR7950S,39.10329819,-86.64743041
902121126,2021,11,1,1200,Weekend,1-Car,No injury/unknown,RAN OFF ROAD RIGHT,S STATE ROUTE 37 & VICTOR PIKE,39.10269217,-86.55683398
901974446,2021,2,2,1300,Weekday,1-Car,No injury/unknown,ANIMAL/OBJECT IN ROADWAY,HINDS & SR45W,39.10133773,-86.64986539
902013703,2021,5,5,1800,Weekday,Moped/Motorcycle,Non-incapacitating,RAN OFF ROAD RIGHT,MESSA & STIPP RD,39.10030022,-86.49100845
902134450,2021,12,7,1300,Weekend,2-Car,Non-incapacitating,LEFT OF CENTER,EAST MOFFET LANE RD & S FAIRFAX,39.09984,-86.5176
901995225,2021,3,3,600,Weekday,1-Car,No injury/unknown,SPEED TOO FAST FOR WEATHER CONDITIONS,OLD STATE 37 RD & ROGERS,39.099408,-86.537904
901995713,2021,3,3,600,Weekday,1-Car,Non-incapacitating,SPEED TOO FAST FOR WEATHER CONDITIONS,OLD STATE 37 RD & ROGERS,39.099408,-86.537904
902018973,2021,5,2,1700,Weekday,2-Car,No injury/unknown,FAILURE TO YIELD RIGHT OF WAY,HINDS RD & SR45W,39.099152,-86.652
902027491,2021,5,4,700,Weekday,2-Car,No injury/unknown,FAILURE TO YIELD RIGHT OF WAY,HINDS & SR45W,39.099152,-86.652
902040472,2021,6,1,1600,Weekend,1-Car,No injury/unknown,OTHER (ENVIRONMENTAL) - EXPLAIN IN NARR,EMPIRE MILL & S OLD ST RD 37 RD,39.09911173,-86.54225975
901955310,2021,1,4,1400,Weekday,2-Car,No injury/unknown,DRIVER DISTRACTED - EXPLAIN IN NARRATIVE,BOLIN & ROCKPORT RD,39.0978812,-86.57508999
901965638,2021,1,3,700,Weekday,2-Car,No injury/unknown,FOLLOWING TOO CLOSELY,FAIRFAX & OLD STATE ROAD 37 RD,39.09670092,-86.53149001
902077553,2021,9,1,1400,Weekend,2-Car,No injury/unknown,FOLLOWING TOO CLOSELY,S OLD 37 HWY & W CHURCH,39.09670092,-86.53149001
902003629,2021,4,7,2000,Weekend,1-Car,No injury/unknown,ANIMAL/OBJECT IN ROADWAY,HUNTINGTON DR & THORNTON,39.0964486,-86.52083024
902017340,2021,5,5,600,Weekday,1-Car,No injury/unknown,ANIMAL/OBJECT IN ROADWAY,FULLERTON & SR37S,39.09579253,-86.56779479
902133561,2021,12,2,500,Weekday,2-Car,No injury/unknown,ROADWAY SURFACE CONDITION,SR37N & WEST DILLMAN,39.09571236,-86.54595204
902133562,2021,12,2,600,Weekday,1-Car,No injury/unknown,ROADWAY SURFACE CONDITION,SR37N & W DILLMAN,39.09571236,-86.54595204
901972613,2021,2,2,600,Weekday,2-Car,Non-incapacitating,FAILURE TO YIELD RIGHT OF WAY,EMPIRE & OLD ST RD 37 RD,39.09541994,-86.54263995
902076571,2021,8,4,800,Weekday,1-Car,No injury/unknown,DRIVER DISTRACTED - EXPLAIN IN NARRATIVE,MAY & ROCKPORT RD,39.09535099,-86.58439683
902035643,2021,6,4,900,Weekday,2-Car,Non-incapacitating,DISREGARD SIGNAL/REG SIGN,SR37S & VICTOR,39.09431839,-86.55906677
902055490,2021,7,1,1000,Weekend,Moped/Motorcycle,Non-incapacitating,FOLLOWING TOO CLOSELY,SR37S & VICTOR,39.09431839,-86.55906677
902080652,2021,9,1,1800,Weekend,2-Car,No injury/unknown,FOLLOWING TOO CLOSELY,FISCUS & HANDY RD,39.09400279,-86.48905297
902111507,2021,10,5,1400,Weekday,2-Car,No injury/unknown,SPEED TOO FAST FOR WEATHER CONDITIONS,HINDS & SR45,39.09400177,-86.65358734
902052476,2021,7,2,100,Weekday,2-Car,No injury/unknown,UNSAFE BACKING,S HARMONY & W MAY RD,39.093744,-86.638304
902009680,2021,4,3,1600,Weekday,2-Car,No injury/unknown,FAILURE TO YIELD RIGHT OF WAY,SR45E,39.09357727,-86.66070073
902136954,2021,12,3,1700,Weekday,1-Car,No injury/unknown,RAN OFF ROAD RIGHT,WEST MAY RD,39.09336472,-86.63721466
902130363,2021,12,3,400,Weekday,1-Car,Non-incapacitating,ANIMAL/OBJECT IN ROADWAY,DILLMAN & SR37N,39.09324964,-86.5456784