Master Record Number,Year,Month,Day,Hour,Weekend,Collision Type,Injury Type,Primary Factor,Reported_Location,Latitude,Longitude
901967355,2021,1,5,1900,Weekday,2-Car,No injury/unknown,FAILURE TO YIELD RIGHT OF WAY,DILLMAN & SR37S,39.09309006,-86.55418395
902035998,2021,6,7,2000,Weekend,1-Car,No injury/unknown,ANIMAL/OBJECT IN ROADWAY,PAYNETOWN & SR446S,39.09300355,-86.42329076
902053997,2021,7,4,1900,Weekday,2-Car,Non-incapacitating,FAILURE TO YIELD RIGHT OF WAY,DILLMAN & SR37S,39.092976,-86.545648
902031337,2021,6,2,1900,Weekday,2-Car,No injury/unknown,FAILURE TO YIELD RIGHT OF WAY,DILLMAN & WALNUT ST,39.09296938,-86.54417255
902068749,2021,8,6,2000,Weekend,2-Car,No injury/unknown,FAILURE TO YIELD RIGHT OF WAY,DILLMAN & SR37S,39.09296938,-86.54417255
902055636,2021,7,6,2000,Weekend,2-Car,No injury/unknown,FAILURE TO YIELD RIGHT OF WAY,DILLMAN RD & WALNUT,39.09296938,-86.54417255
902021593,2021,5,6,900,Weekday,2-Car,No injury/unknown,FAILURE TO YIELD RIGHT OF WAY,DILLMAN RD & OLD 37 SOUTH,39.09295969,-86.54416009
902032400,2021,6,4,1600,Weekday,2-Car,Non-incapacitating,FAILURE TO YIELD RIGHT OF WAY,DILLMAN & SOUTH OLD STATE ROAD 37 RD,39.092944,-86.544
902013908,2021,5,6,2200,Weekend,2-Car,Non-incapacitating,FAILURE TO YIELD RIGHT OF WAY,DILLMAN & OLD STATE ROAD 37 SOUTH RD,39.092944,-86.544
902137738,2021,12,6,700,Weekday,1-Car,No injury/unknown,ANIMAL/OBJECT IN ROADWAY,DILLMAN & FAIRFAX RD,39.09264,-86.51672
901955630,2021,1,3,1700,Weekday,1-Car,No injury/unknown,RAN OFF ROAD RIGHT,FAIRFAX RD & HUPP,39.09252898,-86.51706978
902085957,2021,9,3,700,Weekday,2-Car,No injury/unknown,FAILURE TO YIELD RIGHT OF WAY,E DILLMAN RD,39.09230804,-86.52320861
902132654,2021,12,6,800,Weekday,1-Car,No injury/unknown,RAN OFF ROAD RIGHT,RUSH RIDGE RD & SR446S,39.09225229,-86.42286855
902082679,2021,9,5,800,Weekday,2-Car,No injury/unknown,FOLLOWING TOO CLOSELY,ALLEN & PATTERSON ST,39.09219805,-86.54330983
902060087,2021,7,7,2000,Weekend,2-Car,No injury/unknown,FAILURE TO YIELD RIGHT OF WAY,PAYNETOWN & SR446S,39.092112,-86.422832
902139230,2021,12,1,300,Weekend,1-Car,Non-incapacitating,RAN OFF ROAD RIGHT,BURCH & SR45W,39.09171295,-86.66372607
902000281,2021,4,6,1700,Weekday,1-Car,Non-incapacitating,OVERCORRECTING/OVERSTEERING,2851 NORTH OLD SR 37 RD & CLUBHOUSE,39.09164213,-86.53674915
902038909,2021,6,4,1600,Weekday,2-Car,No injury/unknown,FAILURE TO YIELD RIGHT OF WAY,LIBERTY DR & W THIRD,39.09058909,-86.57913006
902120490,2021,11,7,800,Weekend,1-Car,No injury/unknown,ANIMAL/OBJECT IN ROADWAY,FULLERTON & SR37S,39.09052247,-86.57353973
902013622,2021,5,5,1100,Weekday,2-Car,No injury/unknown,OTHER (DRIVER) - EXPLAIN IN NARRATIVE,SR37S & VICTOR,39.0904007,-86.56349182
902076859,2021,8,4,1300,Weekday,2-Car,Non-incapacitating,FAILURE TO YIELD RIGHT OF WAY,SR45W & STANFORD,39.08993365,-86.66617511
901989797,2021,3,7,0,Weekend,1-Car,No injury/unknown,RAN OFF ROAD RIGHT,S HANDY RD,39.08984,-86.477104
902067191,2021,8,2,1500,Weekday,2-Car,No injury/unknown,UNSAFE BACKING,BURCH RD & SR45,39.08984,-86.666304
902077534,2021,8,6,100,Weekday,1-Car,No injury/unknown,ANIMAL/OBJECT IN ROADWAY,BIRCH & SR45,39.08982265,-86.66642368
902087203,2021,9,7,1900,Weekend,2-Car,No injury/unknown,WRONG WAY ON ONE WAY,PAYNETOWN RD,39.08946426,-86.42889643
902089571,2021,9,3,1500,Weekday,2-Car,No injury/unknown,FOLLOWING TOO CLOSELY,BURCH & SR45W,39.08942032,-86.66639709
902022184,2021,5,4,1000,Weekday,2-Car,No injury/unknown,FAILURE TO YIELD RIGHT OF WAY,S CENTER & W CENTER ST,39.08936855,-86.66519084
901969915,2021,2,2,1400,Weekday,2-Car,No injury/unknown,FOLLOWING TOO CLOSELY,LEONARD SPRINGS RD & STATE ROAD 45,39.0891086,-86.58259011
902128428,2021,11,3,1800,Weekday,3+ Cars,Fatal,LEFT OF CENTER,BREEDEN & SR45,39.0873344,-86.67042215
902148113,2021,12,1,1100,Weekend,1-Car,Non-incapacitating,ROADWAY SURFACE CONDITION,S BREEDEN & SR45W,39.0873344,-86.67042215
902079690,2021,9,1,0,Weekend,1-Car,No injury/unknown,RAN OFF ROAD RIGHT,BOLIN & ROCKPORT RD,39.08732335,-86.57508999
902064140,2021,8,4,1800,Weekday,1-Car,No injury/unknown,RAN OFF ROAD RIGHT,W SPARKS RD,39.08699417,-86.67037963
901967501,2021,1,5,2100,Weekday,2-Car,No injury/unknown,ROADWAY SURFACE CONDITION,BREEDEN & SR45W,39.086832,-86.671984
902059651,2021,7,3,100,Weekday,2-Car,Non-incapacitating,LEFT OF CENTER,BREEDEN & SR45W,39.08680743,-86.67480325
902134449,2021,12,7,800,Weekend,1-Car,No injury/unknown,RAN OFF ROAD RIGHT,8000 BLOCK WEST SR 45 RD & STANFORD,39.08680075,-86.67556892
902084035,2021,9,7,1900,Weekend,3+ Cars,No injury/unknown,FOLLOWING TOO CLOSELY,BREEDEN & SR45,39.08678588,-86.6772701
902138655,2021,12,7,500,Weekend,1-Car,No injury/unknown,OVERCORRECTING/OVERSTEERING,SR45W & STARKS,39.08671951,-86.66690856
902146734,2021,12,5,1100,Weekday,1-Car,Incapacitating,RAN OFF ROAD RIGHT,COUNTY LINE & SR45W,39.086689,-86.68230542
901952508,2021,1,6,800,Weekday,2-Car,No injury/unknown,DISREGARD SIGNAL/REG SIGN,OLD STATE ROAD 37 & SR37S,39.085632,-86.542304
902096889,2021,10,5,1700,Weekday,2-Car,No injury/unknown,FOLLOWING TOO CLOSELY,OLD STATE ROAD 37 & SR37S,39.085632,-86.542304
902065521,2021,8,7,1800,Weekend,2-Car,No injury/unknown,UNSAFE SPEED,SR37 & WALNUT,39.08547972,-86.54257852
902049687,2021,7,4,700,Weekday,3+ Cars,Non-incapacitating,FOLLOWING TOO CLOSELY,OLD SR37S & SR37N,39.08547972,-86.54257852
902141226,2021,12,3,1700,Weekday,3+ Cars,No injury/unknown,FOLLOWING TOO CLOSELY,S OLD STATE ROAD 37 & SR37S,39.08506103,-86.54181459
902004182,2021,4,2,1000,Weekday,2-Car,No injury/unknown,FAILURE TO YIELD RIGHT OF WAY,BLOOMFIELD & SR37N,39.08487992,-86.5715332
902100937,2021,10,3,1800,Weekday,1-Car,No injury/unknown,UNSAFE SPEED,RUSH RIDGE & SR446S,39.08472,-86.420688
902019053,2021,5,2,2100,Weekday,1-Car,No injury/unknown,ANIMAL/OBJECT IN ROADWAY,SOUTH OLD STATE ROAD 37 & SR37S,39.08426168,-86.54112943
902111290,2021,11,6,700,Weekday,1-Car,No injury/unknown,DRIVER ASLEEP OR FATIGUED,DUVALL RD,39.08322144,-86.60568237
902081456,2021,9,4,700,Weekday,2-Car,No injury/unknown,FOLLOWING TOO CLOSELY,ROGERS & SARE RD,39.08312665,-86.4965301
901996089,2021,3,3,2000,Weekday,1-Car,No injury/unknown,ANIMAL/OBJECT IN ROADWAY,FAIRFAX RD & LEISURE,39.08302925,-86.50356017
902057863,2021,7,5,200,Weekday,1-Car,No injury/unknown,ANIMAL/OBJECT IN ROADWAY,37 & SR37S,39.08029605,-86.53782338
902127198,2021,11,5,1800,Weekday,1-Car,No injury/unknown,ANIMAL/OBJECT IN ROADWAY,E FLEENER RD & E HASH,39.08008467,-86.40091001
902122716,2021,11,3,700,Weekday,1-Car,No injury/unknown,ANIMAL/OBJECT IN ROADWAY,OLD STATE ROAD 37 & SR37S,39.07988537,-86.53748218
901971400,2021,2,5,2300,Weekday,1-Car,No injury/unknown,RAN OFF ROAD RIGHT,KOONTZ RD & S HARMONY,39.07924801,-86.62969522
902139245,2021,12,7,600,Weekend,1-Car,No injury/unknown,ROADWAY SURFACE CONDITION,LODGE & ROCKPORT RD,39.07904,-86.594
902031260,2021,5,6,1200,Weekday,1-Car,No injury/unknown,RAN OFF ROAD RIGHT,LODGE & ROCKPORT RD,39.07883089,-86.59434062
902028802,2021,5,6,1200,Weekday,3+ Cars,No injury/unknown,FOLLOWING TOO CLOSELY,LEONARD SPRINGS RD & STATE ROAD 45,39.07854028,-86.58259011
902132009,2021,12,5,1200,Weekday,2-Car,Non-incapacitating,IMPROPER TURNING,CONSTITUTION & LIBERTY DR,39.07720406,-86.5768703
902125998,2021,11,2,0,Weekday,1-Car,Non-incapacitating,RAN OFF ROAD RIGHT,FLUCKMILL & VICTOR PIKE,39.07634285,-86.57097817
901990424,2021,3,1,1500,Weekend,2-Car,No injury/unknown,VIEW OBSTRUCTED,RAMP CREEK & S SHIELDS RDG,39.07623407,-86.46759869
901967356,2021,1,5,2000,Weekday,2-Car,No injury/unknown,LEFT OF CENTER,ALEXIS & FAIRFAX RD,39.07580679,-86.51703022
901955301,2021,1,4,800,Weekday,1-Car,No injury/unknown,RAN OFF ROAD RIGHT,HENNESSEY & ROCKPORT RD,39.07536678,-86.55672021
902116916,2021,11,6,700,Weekday,Bus,No injury/unknown,OTHER (DRIVER) - EXPLAIN IN NARRATIVE,ROCKPORT RD & W EVANS,39.07482334,-86.5988772
902111170,2021,10,5,1800,Weekday,1-Car,Non-incapacitating,SPEED TOO FAST FOR WEATHER CONDITIONS,CHURCH & RAMP CREEK RD,39.07399982,-86.48465739
902107021,2021,10,5,1300,Weekday,2-Car,Non-incapacitating,FAILURE TO YIELD RIGHT OF WAY,S SHIELDS RIDGE RD,39.0735928,-86.45449452
902068745,2021,8,5,2000,Weekday,1-Car,No injury/unknown,ANIMAL/OBJECT IN ROADWAY,EVANS & S ROCKPORT RD,39.07316566,-86.59987956
901967687,2021,2,7,800,Weekend,1-Car,No injury/unknown,SPEED TOO FAST FOR WEATHER CONDITIONS,ROCKPORT RD & TRAMWAY,39.07299727,-86.59276977
902074622,2021,8,4,1700,Weekday,Moped/Motorcycle,No injury/unknown,OTHER (DRIVER) - EXPLAIN IN NARRATIVE,METTATHA DRIVE DR,39.07188797,-86.4967041
902012209,2021,4,1,1900,Weekday,1-Car,No injury/unknown,ANIMAL/OBJECT IN ROADWAY,KETCHAM & SR37S,39.07170868,-86.545372
902017019,2021,5,5,1500,Weekday,2-Car,No injury/unknown,SPEED TOO FAST FOR WEATHER CONDITIONS,SR37N & VERNAL,39.07166916,-86.55998992
902082871,2021,9,3,1900,Weekday,2-Car,Non-incapacitating,FAILURE TO YIELD RIGHT OF WAY,S FAIRFAX RD & SMITHVILLE,39.071152,-86.503088
902018298,2021,5,6,1200,Weekday,2-Car,No injury/unknown,FAILURE TO YIELD RIGHT OF WAY,FAIRFAX & RAMP CREEK RD RD,39.07114112,-86.50317557
901966810,2021,1,5,2200,Weekday,2-Car,No injury/unknown,RAN OFF ROAD RIGHT,SMITHVILLE RD & ZIKES,39.07113992,-86.52535679
901966811,2021,1,5,2200,Weekday,1-Car,No injury/unknown,RAN OFF ROAD RIGHT,E SMITHVILLE RD & ZIKES,39.07113992,-86.52535679
902137878,2021,12,2,1600,Weekday,1-Car,No injury/unknown,RAN OFF ROAD RIGHT,S STRAIN RIDGE RD,39.07112,-86.507008
902035268,2021,6,4,1400,Weekday,2-Car,Non-incapacitating,FOLLOWING TOO CLOSELY,14 & SR45W,39.07110977,-86.50228881
902127156,2021,11,3,800,Weekday,2-Car,No injury/unknown,FAILURE TO YIELD RIGHT OF WAY,SITHVILLE ROAD & STRAIN RIDGE ROAD RD,39.07110974,-86.50704972
901992164,2021,3,4,0,Weekday,1-Car,No injury/unknown,SPEED TOO FAST FOR WEATHER CONDITIONS,MCCORMICK & SMITHVILLE RD,39.07109374,-86.50788183
902055686,2021,7,5,1600,Weekday,2-Car,No injury/unknown,VIEW OBSTRUCTED,SMITHVILLE & SR37S,39.0710907,-86.5088272
902034619,2021,6,3,1800,Weekday,1-Car,Non-incapacitating,UNSAFE SPEED,ROCKPORT RD,39.071088,-86.600928
902078980,2021,9,5,700,Weekday,2-Car,No injury/unknown,OTHER (DRIVER) - EXPLAIN IN NARRATIVE,HIGHWAY 37 SOUTH & SMITHVILLE RD,39.07097027,-86.53639979
902069426,2021,8,1,1700,Weekend,1-Car,Incapacitating,RAN OFF ROAD RIGHT,3555 RAMP CREEK RD & 3555 RAMPCREEK,39.07091847,-86.49124682
902022915,2021,5,2,1600,Weekday,2-Car,No injury/unknown,FOLLOWING TOO CLOSELY,SR37N & VERNAL,39.07084361,-86.56252288
902075765,2021,8,5,1600,Weekday,2-Car,No injury/unknown,FOLLOWING TOO CLOSELY,SR37N & VERNAL,39.07084361,-86.56252288
902044381,2021,6,7,2300,Weekend,1-Car,No injury/unknown,ANIMAL/OBJECT IN ROADWAY,SMITHVILLE RD & SR37,39.07081311,-86.52879767
902010534,2021,4,7,2300,Weekend,1-Car,No injury/unknown,RAN OFF ROAD RIGHT,E SMITHVILLE RD & S BAKERSFIELD,39.07062024,-86.51879037
902097384,2021,9,3,700,Weekday,1-Car,No injury/unknown,ANIMAL/OBJECT IN ROADWAY,FULLERTON & SR37S,39.06939647,-86.57353973
902016026,2021,5,3,1300,Weekday,2-Car,No injury/unknown,FOLLOWING TOO CLOSELY,14 & SR45W,39.06906128,-86.48796844
902120886,2021,11,7,300,Weekend,1-Car,No injury/unknown,OTHER (DRIVER) - EXPLAIN IN NARRATIVE,SOUTH OLD STATE ROAD 37 HWY & WEST GORDON,39.06859794,-86.53134887
902040711,2021,6,7,1600,Weekend,3+ Cars,No injury/unknown,ROADWAY SURFACE CONDITION,BERNICE & FAIRFAX RD,39.06838655,-86.50315137
902138322,2021,12,4,800,Weekday,1-Car,No injury/unknown,ANIMAL/OBJECT IN ROADWAY,SMITHVILLE ROAD & SR37S,39.06830953,-86.5356351
901984735,2021,3,4,1200,Weekday,1-Car,No injury/unknown,RAN OFF ROAD RIGHT,MOFFETT & SOUTH FAIRFAX RD,39.06823903,-86.5178503
901983368,2021,3,2,0,Weekday,2-Car,No injury/unknown,FOLLOWING TOO CLOSELY,SR446S,39.06389125,-86.41435861
902146209,2021,12,6,2000,Weekend,1-Car,No injury/unknown,RAN OFF ROAD RIGHT,CAROWINDS & S FAIRFAX RD,39.06104,-86.498448
901960196,2021,1,1,500,Weekend,1-Car,Non-incapacitating,RAN OFF ROAD RIGHT,E SECOND SANDERS & FAIRFAX RD,39.06099576,-86.51577025
901954822,2021,1,2,2100,Weekday,1-Car,No injury/unknown,ANIMAL/OBJECT IN ROADWAY,FAIRFAX RD & WILL SOWDERS,39.06000003,-86.49855986
902090750,2021,9,6,1900,Weekend,1-Car,Non-incapacitating,OVERCORRECTING/OVERSTEERING,SR37S & W THIRD,39.05885595,-86.53363037
902131751,2021,12,4,700,Weekday,1-Car,No injury/unknown,ANIMAL/OBJECT IN ROADWAY,FAIRFAX & SCOTT LN,39.05699907,-86.50107305
902017185,2021,5,5,2100,Weekday,1-Car,Non-incapacitating,DRIVER ILLNESS,SR37S & ZIKES,39.05688858,-86.52629089
902097819,2021,10,3,1800,Weekday,1-Car,No injury/unknown,ANIMAL/OBJECT IN ROADWAY,SR37S & ZIKES,39.05688858,-86.52629089
901995247,2021,3,3,700,Weekday,1-Car,Non-incapacitating,ROADWAY SURFACE CONDITION,SCOTT & SOUTH FAIRFAX RD,39.05687995,-86.49855986
902116326,2021,11,6,1800,Weekday,1-Car,No injury/unknown,ANIMAL/OBJECT IN ROADWAY,S ZIKES & SR37S,39.05670665,-86.53578801
901969665,2021,2,3,600,Weekday,1-Car,No injury/unknown,ROADWAY SURFACE CONDITION,5185 S FAIR FAX RD & WALNUT STREET,39.05645151,-86.52317
902095199,2021,10,7,2200,Weekend,1-Car,No injury/unknown,DRIVER ASLEEP OR FATIGUED,HARMONEY & SR45W,39.05585861,-86.61649116
901974024,2021,2,3,2100,Weekday,2-Car,No injury/unknown,LEFT OF CENTER,DELSVILLE & S OLD STATE ROAD 37 RD,39.05559242,-86.54152013
902093055,2021,10,4,200,Weekday,1-Car,No injury/unknown,RAN OFF ROAD RIGHT,BURGOON CHURCH & SR446S,39.05301072,-86.4077687
902017266,2021,5,5,1000,Weekday,1-Car,No injury/unknown,OTHER (VEHICLE) - EXPLAIN IN NARRATIVE,SR37S & ZIKES,39.05247711,-86.53584657
902069073,2021,8,7,1600,Weekend,Moped/Motorcycle,Incapacitating,IMPROPER PASSING,ALLENS CREEK & SR446S,39.05043758,-86.4416809
902126003,2021,11,1,2300,Weekday,1-Car,No injury/unknown,RAN OFF ROAD RIGHT,HARMONY RD,39.05023076,-86.60987824
902086272,2021,9,5,900,Weekday,1-Car,No injury/unknown,RAN OFF ROAD RIGHT,ANNE & S STRAIN RIDGE RD,39.04934026,-86.51104018
902068572,2021,8,4,1700,Weekday,1-Car,No injury/unknown,RAN OFF ROAD RIGHT,SOUTH OLD STATE ROAD 37 HWY,39.04816922,-86.54104841
901958883,2021,1,4,400,Weekday,1-Car,No injury/unknown,OVERCORRECTING/OVERSTEERING,ROCKPORT RD & WEST TARKINGTON,39.04703093,-86.61373721
902013034,2021,5,5,700,Weekday,2-Car,No injury/unknown,FOLLOWING TOO CLOSELY,3000 S WALNUT ST & W PINEWOOD,39.04613478,-86.532761
902099419,2021,10,7,1800,Weekend,2-Car,No injury/unknown,UNSAFE BACKING,ZIKES RD,39.0445552,-86.53508484
902042310,2021,6,3,600,Weekday,1-Car,No injury/unknown,RAN OFF ROAD RIGHT,HAYS & SR446S,39.04413864,-86.40735036
902087384,2021,9,6,1700,Weekday,1-Car,No injury/unknown,OTHER (DRIVER) - EXPLAIN IN NARRATIVE,CLEVE BUTCHER & FAIRFAX RD,39.04410097,-86.49121824
902103000,2021,10,7,1200,Weekend,2-Car,No injury/unknown,RAN OFF ROAD RIGHT,SMITHVILLE & STRAIN RIDGE RD,39.03946214,-86.50704972
902051583,2021,7,6,2100,Weekend,1-Car,No injury/unknown,ANIMAL/OBJECT IN ROADWAY,SR37 & ZIKES,39.03901302,-86.53613964
902142019,2021,12,2,700,Weekday,1-Car,No injury/unknown,ROADWAY SURFACE CONDITION,HARRODSBURG & SR37S,39.03740272,-86.54125976
902076355,2021,8,7,1100,Weekend,2-Car,Non-incapacitating,OTHER (DRIVER) - EXPLAIN IN NARRATIVE,EAST POINTE & STRAIN RIDGE RD,39.03492004,-86.51688002
902072632,2021,8,7,1600,Weekend,1-Car,No injury/unknown,OVERCORRECTING/OVERSTEERING,ALLENS CREEK & SR446N,39.03483594,-86.40770344
902076172,2021,8,7,1800,Weekend,1-Car,No injury/unknown,RAN OFF ROAD RIGHT,6400 E ALLENS CREEK RD & SR446,39.03448575,-86.40914126
902051586,2021,7,6,1900,Weekend,2-Car,No injury/unknown,UNSAFE BACKING,S FAIRFAX RD,39.03407288,-86.4906311
902142659,2021,12,5,1100,Weekday,1-Car,No injury/unknown,OTHER (VEHICLE) - EXPLAIN IN NARRATIVE,SOUTH POINTE RIDGE LANE RD,39.03360748,-86.50956726
902068823,2021,8,7,0,Weekend,1-Car,No injury/unknown,OTHER (DRIVER) - EXPLAIN IN NARRATIVE,POINTE CLUB DR & POINTE RETREAT,39.03340995,-86.51234976
902077280,2021,8,7,900,Weekend,1-Car,Non-incapacitating,OTHER (VEHICLE) - EXPLAIN IN NARRATIVE,FAIRFAX RD,39.03233573,-86.49001568
901995643,2021,3,4,500,Weekday,1-Car,No injury/unknown,ANIMAL/OBJECT IN ROADWAY,OLD STATE ROAD 37 HWY & ROGERS,39.03227831,-86.54097028
902025917,2021,5,7,2200,Weekend,1-Car,No injury/unknown,RAN OFF ROAD RIGHT,S CHAPEL HILL & SR446S,39.03107759,-86.40754521
902049564,2021,7,4,700,Weekday,2-Car,Non-incapacitating,FOLLOWING TOO CLOSELY,SR37S & TAPP,39.03092026,-86.5544281
902057593,2021,7,5,700,Weekday,1-Car,No injury/unknown,RAN OFF ROAD RIGHT,SNOW RD,39.030752,-86.660672
902007975,2021,4,1,0,Weekend,1-Car,Non-incapacitating,RAN OFF ROAD RIGHT,MONROE LAKE & SR37,39.03041108,-86.53417413
901976770,2021,2,4,800,Weekday,2-Car,No injury/unknown,FOLLOWING TOO CLOSELY,WALNUT ST & WINSLOW,39.03030313,-86.5311098
902072381,2021,8,6,500,Weekday,1-Car,No injury/unknown,RAN OFF ROAD RIGHT,S CHAPEL HILL & SR446S,39.02973795,-86.40788777
902036869,2021,6,7,1200,Weekend,2-Car,No injury/unknown,UNSAFE BACKING,FAIRFAX RD,39.02936116,-86.48948259
902068398,2021,8,4,1100,Weekday,1-Car,Non-incapacitating,RAN OFF ROAD RIGHT,E MORNING GLEN & S STRAIN RIDGE RD,39.02846163,-86.52142892
902014248,2021,5,7,2100,Weekend,2-Car,No injury/unknown,IMPROPER TURNING,S BAY POINTE CT,39.028032,-86.504368
902122028,2021,11,1,400,Weekend,1-Car,Incapacitating,RAN OFF ROAD RIGHT,8768 SOUTH OLD STATE ROAD 37 RD & GORE,39.02641863,-86.5405941
902038530,2021,6,3,1800,Weekday,2-Car,No injury/unknown,FOLLOWING TOO CLOSELY,MONROE DAM & SR37S,39.02545469,-86.53487473
901985662,2021,3,4,1900,Weekday,1-Car,No injury/unknown,ANIMAL/OBJECT IN ROADWAY,MONROE LAKE & SR37,39.02276509,-86.53554222
902089033,2021,9,3,1800,Weekday,Moped/Motorcycle,Non-incapacitating,OTHER (VEHICLE) - EXPLAIN IN NARRATIVE,MONROE DAM RD & SR37S,39.02048111,-86.53836059
902058648,2021,7,1,200,Weekend,1-Car,Non-incapacitating,RAN OFF ROAD RIGHT,MONROE DAM & SR37S,39.02032157,-86.5360806
902134448,2021,12,6,1500,Weekday,2-Car,No injury/unknown,RAN OFF ROAD RIGHT,MONROE DAM RD RD & SR37,39.020048,-86.536096
902115791,2021,11,6,1300,Weekday,2-Car,No injury/unknown,INSECURE/LEAKY LOAD,SR37S & WALNUT,39.01907975,-86.53352355
902117391,2021,11,2,500,Weekday,1-Car,No injury/unknown,ANIMAL/OBJECT IN ROADWAY,MONROE DAM & SR37N,39.01897096,-86.53637182
902054939,2021,7,7,1400,Weekend,2-Car,Incapacitating,DISREGARD SIGNAL/REG SIGN,MONROE DAM RD & STRAIN RIDGE,39.018656,-86.522896
902096564,2021,10,3,800,Weekday,2-Car,No injury/unknown,OVERCORRECTING/OVERSTEERING,MONROE DAM RD & S STRAIN RIDGE,39.018656,-86.522896
902028796,2021,5,6,1100,Weekday,2-Car,No injury/unknown,FAILURE TO YIELD RIGHT OF WAY,MONROE DAM RD & STRAIN RIDGE,39.01851408,-86.52289505
902048857,2021,7,2,1100,Weekday,1-Car,No injury/unknown,TIRE FAILURE OR DEFECTIVE,E MONRE DAM & SR37S,39.01773876,-86.53701591
902070895,2021,8,4,700,Weekday,2-Car,Non-incapacitating,FAILURE TO YIELD RIGHT OF WAY,ROCKPORT & SR37N,39.01723862,-86.59308624
901978266,2021,2,7,100,Weekend,1-Car,No injury/unknown,ANIMAL/OBJECT IN ROADWAY,SR37N & WINERY,39.01717383,-86.52164459
902081854,2021,9,5,400,Weekday,1-Car,No injury/unknown,ANIMAL/OBJECT IN ROADWAY,KETCHAM & THRASHER RD,39.01625606,-86.56601675
902090790,2021,9,6,1800,Weekday,2-Car,No injury/unknown,UNSAFE BACKING,S OLD 37 HWY,39.01391602,-86.5409851
902029799,2021,6,7,2000,Weekend,1-Car,No injury/unknown,UNSAFE SPEED,4TH & HARRODSBURG RD,39.013456,-86.544992
902103245,2021,10,7,2000,Weekend,1-Car,No injury/unknown,RAN OFF ROAD RIGHT,DEPOT HILL & MONROE DAM RD,39.01330009,-86.52369901
902085633,2021,9,4,1800,Weekday,1-Car,No injury/unknown,RAN OFF ROAD RIGHT,S HARRODSBURG RD & W POPCORN,39.012048,-86.545088
902055439,2021,7,7,800,Weekend,1-Car,Non-incapacitating,DRIVER DISTRACTED - EXPLAIN IN NARRATIVE,POPCORN RD & ROCKPORT,39.01173157,-86.56189639
902039195,2021,6,4,800,Weekday,2-Car,No injury/unknown,FOLLOWING TOO CLOSELY,BOTTOM & SR37N,39.01128581,-86.55792236
902137789,2021,12,6,1200,Weekday,2-Car,Non-incapacitating,FOLLOWING TOO CLOSELY,HARRODSBURG & SR37S,39.01107025,-86.54125976
902107616,2021,10,6,1700,Weekday,1-Car,No injury/unknown,,S CHAPEL HILL RD & S ROBERTS,39.01029983,-86.42812771
902011040,2021,4,1,1800,Weekend,1-Car,No injury/unknown,OVERSIZE/OVERWEIGHT LOAD,6464 HARDIN RIDGE RD & HARDIN RIDGE CAMPGROUND,39.00998595,-86.42831135
902136182,2021,12,2,1600,Weekday,1-Car,No injury/unknown,SPEED TOO FAST FOR WEATHER CONDITIONS,E MONROE DAM RD & S VALLEY MISSION,39.009344,-86.510096
901957068,2021,1,1,1600,Weekend,2-Car,No injury/unknown,FAILURE TO YIELD RIGHT OF WAY,MONROE DAM RD & TAILWATER,39.00892004,-86.51796028
902065520,2021,8,7,1500,Weekend,2-Car,No injury/unknown,ANIMAL/OBJECT IN ROADWAY,KETCHAM & POPCORN RD,39.0086723,-86.56489689
902058912,2021,7,7,1300,Weekend,1-Car,No injury/unknown,UNSAFE SPEED,MONROE DAM RD & VALLEY MISSION,39.00721915,-86.51232665
901997282,2021,3,7,500,Weekend,1-Car,No injury/unknown,ANIMAL/OBJECT IN ROADWAY,SR37S & W INGRAM,38.99888231,-86.53733007
902005113,2021,4,2,1900,Weekday,Moped/Motorcycle,Non-incapacitating,RAN OFF ROAD RIGHT,INGRAM & OLD SR 37 HWY,38.99686905,-86.54585944
902063795,2021,8,4,700,Weekday,2-Car,No injury/unknown,FOLLOWING TOO CLOSELY,INGRAM & SR37,38.99686839,-86.54585944
902141258,2021,12,4,400,Weekday,1-Car,Non-incapacitating,ANIMAL/OBJECT IN ROADWAY,INGRAM & SR37N,38.99283996,-86.53725785
901978798,2021,2,5,2000,Weekday,1-Car,No injury/unknown,OTHER (ENVIRONMENTAL) - EXPLAIN IN NARR,INGRAM & SR37S,38.99229065,-86.53725128
902086195,2021,9,1,1300,Weekend,2-Car,No injury/unknown,UNSAFE LANE MOVEMENT,S OLD SR 37 HWY,38.992032,-86.548272
902052478,2021,7,3,700,Weekday,2-Car,No injury/unknown,FAILURE TO YIELD RIGHT OF WAY,INGRAM & SR37S,38.992016,-86.537248
902094967,2021,10,7,700,Weekend,1-Car,Non-incapacitating,RAN OFF ROAD RIGHT,E GUTHRIE RD & KINSER CEMETERY,38.99152928,-86.47079274
902090789,2021,9,5,2100,Weekday,2-Car,No injury/unknown,ANIMAL/OBJECT IN ROADWAY,MONROE DAM & SR37S,38.98887452,-86.53836059
902079687,2021,9,1,0,Weekend,1-Car,No injury/unknown,SPEED TOO FAST FOR WEATHER CONDITIONS,ALLENS CREEK & SR446S,38.97667209,-86.4416809
901967005,2021,2,6,1000,Weekday,2-Car,No injury/unknown,LEFT OF CENTER,IDA & ROCKPORT RD,38.9509972,-86.57448984
902056052,2021,7,1,1500,Weekend,Moped/Motorcycle,Incapacitating,UNSAFE SPEED,ALLENS CREEK & SR446S,38.92398245,-86.4416809
902061934,2021,8,7,0,Weekend,2-Car,No injury/unknown,FAILURE TO YIELD RIGHT OF WAY,3RD & S LIBERTY DR,38.92308989,-86.57913006