Master Record Number,Year,Month,Day,Hour,Weekend,Collision Type,Injury Type,Primary Factor,Reported_Location,Latitude,Longitude
902127417,2021,11,2,2000,Weekday,1-Car,No injury/unknown,RAN OFF ROAD RIGHT,E DEPOT HILL & E MONROE DAM RD,38.91144027,-86.52362979
902027927,2021,5,4,1400,Weekday,Moped/Motorcycle,Non-incapacitating,RAN OFF ROAD RIGHT,PEDIGO BAY & VALLEY MISSION RD,38.89825893,-86.50123179
902139674,2021,12,3,700,Weekday,1-Car,No injury/unknown,RAN OFF ROAD RIGHT,BELTHEL & HINKLE RD,38.89519639,-86.50541022
902128120,2021,11,3,1800,Weekday,1-Car,No injury/unknown,ANIMAL/OBJECT IN ROADWAY,CLEVE BUTCHER & FAIRFAX RD,38.88769431,-86.49055011
902017946,2021,5,7,1100,Weekend,2-Car,Incapacitating,LEFT OF CENTER,BREEDEN RD & SR45W,38.87571127,-86.67202971
902143240,2021,12,5,1800,Weekday,1-Car,No injury/unknown,SPEED TOO FAST FOR WEATHER CONDITIONS,MONROE DAM & VALLEY MISSION RD,38.85124447,-86.51009899
902034084,2021,6,1,1600,Weekend,1-Car,No injury/unknown,OBSTRUCTION NOT MARKED,CRUM & MT ZION RD,38.83581811,-86.63793012
902031693,2021,6,4,600,Weekday,1-Car,No injury/unknown,RAN OFF ROAD RIGHT,OLD RICHARDSON & SR446S,38.79539251,-86.43133871
902060462,2021,7,4,600,Weekday,2-Car,Non-incapacitating,LEFT OF CENTER,ROCKEAST & ROCKPORT RD,38.60467516,-86.61335974
901991583,2021,3,3,1000,Weekday,1-Car,No injury/unknown,SPEED TOO FAST FOR WEATHER CONDITIONS,POPCORN & SPRINGVILLE RD,38.57817164,-86.59165231
901956724,2021,1,7,1800,Weekend,1-Car,Non-incapacitating,OTHER (ENVIRONMENTAL) - EXPLAIN IN NARR,MAY & ROCKPORT RD,38.21724831,-86.58670999
902064411,2021,8,5,1000,Weekday,2-Car,Non-incapacitating,FAILURE TO YIELD RIGHT OF WAY,LEONARD SPRINGS RD & MAYBERRY,9.133738701,-86.58265114
901966640,2021,1,5,2000,Weekday,Pedestrian,Non-incapacitating,SPEED TOO FAST FOR WEATHER CONDITIONS,COVENANTER DR & STRATUM,1,1
902004233,2021,4,1,1700,Weekend,1-Car,Non-incapacitating,ANIMAL/OBJECT IN ROADWAY,BEAN BLOSSOM RD & CR4000N,1,1
902102828,2021,10,6,1400,Weekday,Moped/Motorcycle,Incapacitating,OTHER (DRIVER) - EXPLAIN IN NARRATIVE,KYLIE & S HARRELL RD,1,1
902105230,2021,10,6,1300,Weekday,1-Car,Non-incapacitating,ANIMAL/OBJECT IN ROADWAY,SHRINER & SR37S,1,1
901966785,2021,1,5,2100,Weekday,2-Car,No injury/unknown,ROADWAY SURFACE CONDITION,11TH & FEE LN,0,0
901966969,2021,2,6,900,Weekday,2-Car,No injury/unknown,FAILURE TO YIELD RIGHT OF WAY,EASTLAND PLAZA ENTRANCE & S COLLEGE MALL RD,0,0
901967066,2021,2,6,900,Weekday,2-Car,No injury/unknown,SPEED TOO FAST FOR WEATHER CONDITIONS,FULLERTON PIKE & SR37S,0,0
901967513,2021,1,5,2200,Weekday,2-Car,No injury/unknown,ROADWAY SURFACE CONDITION,ROCKPORT RD & STANIFER,0,0
901950722,2021,1,3,1200,Weekday,2-Car,No injury/unknown,UNSAFE BACKING,S CLARIZZ BLVD,0,0
901950909,2021,1,3,200,Weekday,1-Car,No injury/unknown,RAN OFF ROAD RIGHT,WEST POINTE & WOODHILL DR,0,0
901951239,2021,1,3,1100,Weekday,1-Car,No injury/unknown,RAN OFF ROAD RIGHT,DERRETT & NORTH SHORE DR,0,0
901951851,2021,1,4,1100,Weekday,2-Car,No injury/unknown,DRIVER DISTRACTED - EXPLAIN IN NARRATIVE,ARLINGTON ROAD RD & SHELBURNE DRIVE,0,0
901951907,2021,1,5,600,Weekday,2-Car,No injury/unknown,OTHER (DRIVER) - EXPLAIN IN NARRATIVE,WEST 2ND ST,0,0
901951929,2021,1,5,700,Weekday,2-Car,No injury/unknown,OTHER (DRIVER) - EXPLAIN IN NARRATIVE,E MILLER DR,0,0
901952435,2021,1,5,1200,Weekday,2-Car,No injury/unknown,UNSAFE BACKING,S HIGHLAND AVE,0,0
901953555,2021,1,7,1900,Weekend,Bus,No injury/unknown,IMPROPER LANE USAGE,BALFOUR & N JORDAN AVE,0,0
901954495,2021,1,2,1300,Weekday,2-Car,No injury/unknown,IMPROPER LANE USAGE,17TH & MEMORIAL STADIUM DR,0,0
901955358,2021,1,4,1500,Weekday,2-Car,No injury/unknown,,13TH & SUMMIT ST,0,0
901956660,2021,1,7,1500,Weekend,Cyclist,No injury/unknown,FAILURE TO YIELD RIGHT OF WAY,OUTBACK DR & SR46W,0,0
901958848,2021,1,4,1600,Weekday,2-Car,No injury/unknown,FOLLOWING TOO CLOSELY,BLOOMFIELD & RAMP 14 SB SR 37 RAMP,0,0
901961954,2021,1,3,2200,Weekday,2-Car,No injury/unknown,OTHER (DRIVER) - EXPLAIN IN NARRATIVE,10TH ST,0,0
901962216,2021,1,3,1300,Weekday,2-Car,No injury/unknown,FAILURE TO YIELD RIGHT OF WAY,MORTON & UNMARKED ALY,0,0
901962609,2021,1,5,1500,Weekday,2-Car,No injury/unknown,FOLLOWING TOO CLOSELY,NB STATE ROAD 37 OFF RAMP & SR45W,0,0
901963791,2021,1,7,1400,Weekend,2-Car,No injury/unknown,FOLLOWING TOO CLOSELY,NORTH DR TO COLLEGE MALL & S COLLEGE MALL RD,0,0
901964213,2021,1,7,2100,Weekend,1-Car,No injury/unknown,RAN OFF ROAD RIGHT,CUTRIGHT RD,0,0
901965387,2021,1,2,1700,Weekday,2-Car,No injury/unknown,FOLLOWING TOO CLOSELY,FORREST VIEW & N SMITH PIKE,0,0
901966617,2021,1,5,2000,Weekday,2-Car,No injury/unknown,ROADWAY SURFACE CONDITION,DUNN ST & INDIANA,0,0
901970820,2021,2,4,1900,Weekday,2-Car,No injury/unknown,FAILURE TO YIELD RIGHT OF WAY,ALLEY 100 BLK N WALNUT ST & ALLEY 100 BLOCK E KIRKWOOD ALY,0,0
901971483,2021,2,6,800,Weekday,1-Car,No injury/unknown,OTHER (DRIVER) - EXPLAIN IN NARRATIVE,JORDAN & MUSICAL ARTS CENTER DR,0,0
901971889,2021,2,7,900,Weekend,2-Car,No injury/unknown,FOLLOWING TOO CLOSELY,TENTH ST & TULIP TREE,0,0
901972587,2021,2,2,800,Weekday,2-Car,No injury/unknown,FOLLOWING TOO CLOSELY,SR37S,0,0
901973788,2021,1,6,500,Weekday,2-Car,No injury/unknown,UNSAFE BACKING,EAST TO WEST ALY & PARK,0,0
901973813,2021,2,3,2100,Weekday,1-Car,No injury/unknown,RAN OFF ROAD RIGHT,E TULIP TREE & N LOW GAP RD,0,0
901974416,2021,2,6,200,Weekday,2-Car,No injury/unknown,FAILURE TO YIELD RIGHT OF WAY,E 1OTH ST & N LINCOLN,0,0
901999226,2021,4,4,1100,Weekday,1-Car,No injury/unknown,ANIMAL/OBJECT IN ROADWAY,1400 E MAXWELL ST & JORDON,0,0
901975210,2021,2,5,900,Weekday,2-Car,No injury/unknown,FAILURE TO YIELD RIGHT OF WAY,SR45E & VIKINGRIDGE,0,0
901976976,2021,2,4,1600,Weekday,2-Car,No injury/unknown,FOLLOWING TOO CLOSELY,BLOOMFIELD RD & SOUTH BOUND STATE ROAD 37,0,0
901979235,2021,1,5,1700,Weekday,2-Car,No injury/unknown,LEFT OF CENTER,FOGGY MORNING & MONROE DAM RD,0,0
901982163,2021,3,7,1800,Weekend,1-Car,No injury/unknown,RAN OFF ROAD RIGHT,CAMPGROUND & STIPP RD,0,0
901982166,2021,3,7,300,Weekend,2-Car,No injury/unknown,UNSAFE BACKING,RILEY DR,0,0
901983953,2021,3,3,1700,Weekday,1-Car,No injury/unknown,SPEED TOO FAST FOR WEATHER CONDITIONS,INDIANA & NORTH DUNN ST,0,0
901984270,2021,3,4,200,Weekday,3+ Cars,No injury/unknown,SPEED TOO FAST FOR WEATHER CONDITIONS,WEST RILEY  APT I6 DR,0,0
901988464,2021,3,4,800,Weekday,2-Car,No injury/unknown,OTHER (ENVIRONMENTAL) - EXPLAIN IN NARR,10TH ST & ST ROAD 45 46,0,0
901988487,2021,3,4,700,Weekday,1-Car,No injury/unknown,SPEED TOO FAST FOR WEATHER CONDITIONS,37 STATE & COLLEGE AVE,0,0
901991581,2021,3,3,1200,Weekday,2-Car,No injury/unknown,FAILURE TO YIELD RIGHT OF WAY,CAPITAL & SR46W,0,0
901991890,2021,3,3,1800,Weekday,2-Car,No injury/unknown,FOLLOWING TOO CLOSELY,NB SR 37 RAMP 11 RAMP & WEST 3RD,0,0
901995814,2021,3,4,1000,Weekday,2-Car,No injury/unknown,UNSAFE BACKING,HANDY RIDGE RD & RAMP CREEK,0,0
901997411,2021,3,1,1700,Weekend,2-Car,No injury/unknown,UNSAFE BACKING,W RILEY DR,0,0
901998053,2021,4,2,1500,Weekday,2-Car,No injury/unknown,FOLLOWING TOO CLOSELY,RAMP 11 & W 3RD ST,0,0
901998079,2021,4,2,1400,Weekday,2-Car,No injury/unknown,FAILURE TO YIELD RIGHT OF WAY,BLOOMFIELD & LIBERTY DR,0,0
902003265,2021,4,5,1700,Weekday,2-Car,No injury/unknown,FAILURE TO YIELD RIGHT OF WAY,BLOOMFIELD & LIBERTY DR,0,0
902003334,2021,4,6,1900,Weekend,2-Car,No injury/unknown,UNSAFE LANE MOVEMENT,45 46 BYP & EASTGATE,0,0
902003601,2021,4,6,2000,Weekend,2-Car,No injury/unknown,UNSAFE LANE MOVEMENT,SR37N,0,0
902003716,2021,4,5,1200,Weekday,1-Car,No injury/unknown,RAN OFF ROAD RIGHT,SR37S,0,0
902030887,2021,5,6,900,Weekday,2-Car,No injury/unknown,FAILURE TO YIELD RIGHT OF WAY,ALLEY & N DUNN ST,0,0
902031520,2021,5,4,1400,Weekday,1-Car,No injury/unknown,RAN OFF ROAD RIGHT,BOWLEN LANE & ROCKPORT ROAD RD,0,0
902032090,2021,6,5,1000,Weekday,1-Car,No injury/unknown,IMPROPER LANE USAGE,JORDAN & MUSICAL ARTS CENTER CIR,0,0
902033540,2021,6,1,2000,Weekday,2-Car,No injury/unknown,FAILURE TO YIELD RIGHT OF WAY,3000 WEST3RD ST & ON RAMP ST RD 37 SOUTH BOUND,0,0
902004829,2021,4,6,1300,Weekday,2-Car,No injury/unknown,FAILURE TO YIELD RIGHT OF WAY,HOBART & S OLD SR37 HWY,0,0
902005035,2021,4,1,2100,Weekday,2-Car,No injury/unknown,DRIVER DISTRACTED - EXPLAIN IN NARRATIVE,SR46W & UNIONVALLEY,0,0
902007055,2021,4,7,1900,Weekend,2-Car,No injury/unknown,UNSAFE BACKING,FISHER & JORDAN AVE,0,0
902009203,2021,4,5,1200,Weekday,2-Car,No injury/unknown,UNSAFE BACKING,S OLD SR37 HWY,0,0
902010435,2021,4,6,2000,Weekend,2-Car,No injury/unknown,BRAKE FAILURE OR DEFECTIVE,ENTRENCE OF 600 SOUTH LIBERTY & LIBERTY DR,0,0
902010711,2021,1,5,1800,Weekday,2-Car,No injury/unknown,ROADWAY SURFACE CONDITION,COLLEGE AVE & SR37N,0,0
902012925,2021,5,5,700,Weekday,2-Car,No injury/unknown,OTHER (DRIVER) - EXPLAIN IN NARRATIVE,W7TH ST,0,0
902013775,2021,5,6,1600,Weekday,2-Car,No injury/unknown,DISREGARD SIGNAL/REG SIGN,3RD ST & SR37S,0,0
902014219,2021,5,7,1900,Weekend,2-Car,No injury/unknown,BRAKE FAILURE OR DEFECTIVE,3RD ST & RAMP 12,0,0
902014507,2021,5,1,1400,Weekend,2-Car,No injury/unknown,OTHER (DRIVER) - EXPLAIN IN NARRATIVE,HILLSIDE & ROCK CREEK DR,0,0
902014701,2021,5,2,200,Weekday,1-Car,No injury/unknown,RAN OFF ROAD RIGHT,LOSTMANS LN & TRUESDALE,0,0
902016556,2021,5,4,1400,Weekday,1-Car,No injury/unknown,RAN OFF ROAD RIGHT,SR37S,0,0
902020261,2021,5,5,0,Weekday,3+ Cars,No injury/unknown,FAILURE TO YIELD RIGHT OF WAY,BLOOMFIELD RD & LIBERTY,0,0
902020563,2021,5,3,1000,Weekday,2-Car,No injury/unknown,UNSAFE BACKING,OMAHA CROSSING RD & RED ROCK,0,0
902020791,2021,5,5,1400,Weekday,1-Car,No injury/unknown,UNSAFE SPEED,SR37N & STONE MILL RD,0,0
902022952,2021,5,2,1500,Weekday,2-Car,No injury/unknown,FAILURE TO YIELD RIGHT OF WAY,DILLMAN RD & OLD SR37S,0,0
902024620,2021,5,5,900,Weekday,2-Car,No injury/unknown,IMPROPER PASSING,COTA & TAPP RD,0,0
902027622,2021,5,4,1100,Weekday,2-Car,No injury/unknown,UNSAFE BACKING,S CURRY PIKE & W SR 48,0,0
902029418,2021,6,7,1600,Weekend,2-Car,No injury/unknown,OTHER (VEHICLE) - EXPLAIN IN NARRATIVE,EAST STRATIUM WAY,0,0
902037473,2021,6,2,1200,Weekday,2-Car,No injury/unknown,UNSAFE LANE MOVEMENT,BLOOMFIELD & LIBERTY DR,0,0
902067317,2021,8,4,700,Weekday,2-Car,No injury/unknown,OTHER (DRIVER) - EXPLAIN IN NARRATIVE,SR46W & THIRD,0,0
902067897,2021,8,4,1200,Weekday,2-Car,No injury/unknown,FAILURE TO YIELD RIGHT OF WAY,E BUICK CADILLAC & NORTH SOUTH ALY,0,0
902070260,2021,8,2,1400,Weekday,2-Car,No injury/unknown,FAILURE TO YIELD RIGHT OF WAY,SR46E & THIRD,0,0
902044502,2021,6,7,1100,Weekend,2-Car,No injury/unknown,FOLLOWING TOO CLOSELY,SR37S,0,0
902047424,2021,7,6,1200,Weekday,2-Car,No injury/unknown,,E MCCRACKEN WAY,0,0
902048107,2021,7,6,1900,Weekend,2-Car,No injury/unknown,OTHER (DRIVER) - EXPLAIN IN NARRATIVE,N NORWAY & S SMITH PIKE,0,0
902048587,2021,7,2,1000,Weekday,1-Car,No injury/unknown,UNSAFE SPEED,2ND & BASSWOOD DR,0,0
902049674,2021,7,6,1300,Weekday,1-Car,No injury/unknown,RAN OFF ROAD RIGHT,KETCHUM ROUND ABOUT & SMITHVILLE RD,0,0
902050801,2021,7,6,800,Weekday,1-Car,No injury/unknown,UNSAFE BACKING,FOREST EAST PARKING DR & UNIVERSITY APTS E,0,0
902053069,2021,6,4,0,Weekday,2-Car,No injury/unknown,,,0,0
902054500,2021,7,6,1100,Weekday,2-Car,No injury/unknown,FAILURE TO YIELD RIGHT OF WAY,3400 W STATE 45 RD & WALMART,0,0
902055133,2021,7,7,800,Weekend,1-Car,No injury/unknown,TIRE FAILURE OR DEFECTIVE,CURRY & UNKNOWN RD,0,0
902055780,2021,7,2,800,Weekday,2-Car,No injury/unknown,UNSAFE BACKING,READ N CIRCLE & WRIGHT EDUCATION NW SERVICE DR,0,0
902058236,2021,7,5,1700,Weekday,1-Car,No injury/unknown,RAN OFF ROAD RIGHT,FULLERTON PIKE & SOUTH MONROE MEDICAL,0,0
902058872,2021,7,7,300,Weekend,1-Car,No injury/unknown,ROADWAY SURFACE CONDITION,4303 S SR446 HWY & PINE GOVE,0,0
902061456,2021,8,6,700,Weekday,1-Car,No injury/unknown,RAN OFF ROAD RIGHT,BLK E KNOLLWOOD CIR,0,0
902062030,2021,8,7,1800,Weekend,2-Car,No injury/unknown,FAILURE TO YIELD RIGHT OF WAY,10TH ST & TULIP TREE,0,0
902064857,2021,8,6,900,Weekday,2-Car,No injury/unknown,UNSAFE BACKING,JORDAN & WRIGHT QUAD CIRCLE DR,0,0
902072276,2021,8,6,1500,Weekday,Bus,No injury/unknown,IMPROPER TURNING,17TH ST & GATE 2,0,0
902072424,2021,8,7,500,Weekend,1-Car,No injury/unknown,RAN OFF ROAD RIGHT,HEDRICK & RED HILL RD,0,0
902080424,2021,9,1,2000,Weekday,1-Car,No injury/unknown,ANIMAL/OBJECT IN ROADWAY,LAMPKINS & SR446S,0,0
902084707,2021,9,3,900,Weekday,1-Car,No injury/unknown,OTHER (DRIVER) - EXPLAIN IN NARRATIVE,900 E 7TH STREET (SOUTH DRIVE) AVE & KIRKWOOD,0,0
902084867,2021,9,3,1500,Weekday,2-Car,No injury/unknown,FOLLOWING TOO CLOSELY,SR45W,0,0
902086575,2021,9,6,1400,Weekday,1-Car,No injury/unknown,SPEED TOO FAST FOR WEATHER CONDITIONS,SR 37 ENTERANCE & WHITEHALL CROSSING BLVD,0,0
902086779,2021,9,6,1700,Weekday,2-Car,No injury/unknown,FAILURE TO YIELD RIGHT OF WAY,BLOOMFIELD & LIBERTY DR,0,0
902087779,2021,9,2,800,Weekday,Bus,No injury/unknown,OTHER (ENVIRONMENTAL) - EXPLAIN IN NARR,EDGEWOOD & POPLAR DR,0,0
902088310,2021,9,2,1800,Weekday,2-Car,No injury/unknown,FAILURE TO YIELD RIGHT OF WAY,E GRANT & S LINCOLN ST,0,0
902089031,2021,9,6,1700,Weekday,2-Car,No injury/unknown,OTHER (DRIVER) - EXPLAIN IN NARRATIVE,FORRESTPARK & SMITH PIKE,0,0
902089764,2021,9,4,1300,Weekday,2-Car,No injury/unknown,FAILURE TO YIELD RIGHT OF WAY,W GRIFFITH & W WOODYARD RD,0,0
902090927,2021,9,6,1300,Weekday,2-Car,No injury/unknown,DISREGARD SIGNAL/REG SIGN,ENTRANCE TO WHITE CASTLE & JACOB DR,0,0
902090945,2021,9,6,1400,Weekday,1-Car,No injury/unknown,INSECURE/LEAKY LOAD,SB RAMP TO SR 37 FROM 3RD ST & SR37S,0,0
902091298,2021,9,1,900,Weekend,1-Car,No injury/unknown,RAN OFF ROAD RIGHT,BOLTINGHOUSE & LENTZ RD,0,0
902091558,2021,9,1,1700,Weekend,2-Car,No injury/unknown,FAILURE TO YIELD RIGHT OF WAY,OLIVER WINERY & SR37N,0,0
902091762,2021,9,2,800,Weekday,2-Car,No injury/unknown,FOLLOWING TOO CLOSELY,OAKLAWN & S SARE RD,0,0
902092105,2021,9,2,1300,Weekday,1-Car,No injury/unknown,RAN OFF ROAD RIGHT,N OLD STATE & WHISNAND RD,0,0
902093076,2021,9,2,1300,Weekday,2-Car,No injury/unknown,FOLLOWING TOO CLOSELY,SR446S & UNNAME ROAD,0,0
902096555,2021,10,3,1100,Weekday,Bus,No injury/unknown,IMPROPER TURNING,2200 E 1OTH ST & N JEFFERSON,0,0
902097118,2021,10,4,500,Weekday,1-Car,No injury/unknown,ANIMAL/OBJECT IN ROADWAY,ENRIGHT & SR46W,0,0
902101647,2021,10,4,2200,Weekday,2-Car,No injury/unknown,DRIVER DISTRACTED - EXPLAIN IN NARRATIVE,2721 GARDEN PATH & E ROCKWELD,0,0
902101710,2021,10,4,500,Weekday,1-Car,No injury/unknown,ANIMAL/OBJECT IN ROADWAY,HARTS STRAIT & SR46W,0,0
902103607,2021,10,7,2300,Weekend,2-Car,No injury/unknown,FAILURE TO YIELD RIGHT OF WAY,N THOMAS RD & RATLIFF,0,0
902103928,2021,10,2,900,Weekday,2-Car,No injury/unknown,FAILURE TO YIELD RIGHT OF WAY,SR37N,0,0
902129498,2021,11,4,900,Weekday,1-Car,No injury/unknown,ANIMAL/OBJECT IN ROADWAY,S CURRY PIKE & SR46W,0,0
902130282,2021,11,4,2100,Weekday,2-Car,No injury/unknown,FAILURE TO YIELD RIGHT OF WAY,,0,0
902130650,2021,12,3,400,Weekday,1-Car,No injury/unknown,OTHER (ENVIRONMENTAL) - EXPLAIN IN NARR,IU FOUNDATION & SR46E,0,0
902105917,2021,10,5,1200,Weekday,2-Car,No injury/unknown,FAILURE TO YIELD RIGHT OF WAY,2ND & LANDMARK AVE,0,0
902106377,2021,10,6,0,Weekday,2-Car,No injury/unknown,OTHER (DRIVER) - EXPLAIN IN NARRATIVE,CAMPBELL PARK & HARTSTRIGHT RD,0,0
902106427,2021,10,5,1300,Weekday,2-Car,No injury/unknown,ROADWAY SURFACE CONDITION,SR37N,0,0
902107238,2021,10,6,2000,Weekend,2-Car,No injury/unknown,FAILURE TO YIELD RIGHT OF WAY,PRIVATE & SR45W,0,0
902107972,2021,10,2,0,Weekday,1-Car,No injury/unknown,ANIMAL/OBJECT IN ROADWAY,CAVE & SR48E,0,0
902108325,2021,10,2,1800,Weekday,2-Car,No injury/unknown,FAILURE TO YIELD RIGHT OF WAY,EW ALLEY S OF 3RD ST & NS ALLEY EAST OF JORDAN ALY,0,0
902109010,2021,10,3,500,Weekday,1-Car,No injury/unknown,,,0,0
902110906,2021,11,6,900,Weekday,2-Car,No injury/unknown,UNSAFE BACKING,JORDAN & MAC N PARKING DR,0,0
902114117,2021,11,2,1800,Weekday,1-Car,No injury/unknown,ANIMAL/OBJECT IN ROADWAY,BRIARGATE & SR46W,0,0
902114118,2021,10,3,1700,Weekday,2-Car,No injury/unknown,FAILURE TO YIELD RIGHT OF WAY,8550 MT TABOR RD & N JENNER,0,0
902114185,2021,11,3,1500,Weekday,Bus,No injury/unknown,LEFT OF CENTER,500 BLK SOUTH KINGSTON DR & CLARIZZ,0,0
902114202,2021,11,4,1600,Weekday,2-Car,No injury/unknown,FOLLOWING TOO CLOSELY,SR37S,0,0
902116047,2021,11,7,700,Weekend,1-Car,No injury/unknown,ANIMAL/OBJECT IN ROADWAY,BRIARGATE & SR46W,0,0
902116300,2021,11,7,1200,Weekend,2-Car,No injury/unknown,FOLLOWING TOO CLOSELY,PARKING LOT & PETE ELLIS DR,0,0
902118159,2021,11,3,1400,Weekday,2-Car,No injury/unknown,FOLLOWING TOO CLOSELY,14 & W STATE ROAD 45 RD,0,0
902118270,2021,11,3,200,Weekday,1-Car,No injury/unknown,SPEED TOO FAST FOR WEATHER CONDITIONS,COBBLESTONE & WEATHERSTONE DR,0,0
902119773,2021,11,4,2300,Weekday,1-Car,No injury/unknown,OTHER (ENVIRONMENTAL) - EXPLAIN IN NARR,BLOOMFIELD ROAD & SR37S,0,0
902120089,2021,11,6,1300,Weekday,2-Car,No injury/unknown,IMPROPER TURNING,500 S CLARIZZ BLVD & PEOPLES STATE BANK NORTH DRIVE,0,0
902122393,2021,11,3,1000,Weekday,2-Car,No injury/unknown,OTHER (DRIVER) - EXPLAIN IN NARRATIVE,17THST & MEMORIAL STADIUM W CONCOURSE DR,0,0
902122715,2021,11,3,1800,Weekday,1-Car,No injury/unknown,ANIMAL/OBJECT IN ROADWAY,SR37S & THAT,0,0
902123060,2021,11,4,700,Weekday,1-Car,No injury/unknown,ANIMAL/OBJECT IN ROADWAY,LOSTMANS & UNIONVALLEY RD,0,0
902123270,2021,11,4,1700,Weekday,3+ Cars,No injury/unknown,FOLLOWING TOO CLOSELY,SR37N & VERNAL PIKE,0,0
902132552,2021,12,6,800,Weekday,2-Car,No injury/unknown,ROADWAY SURFACE CONDITION,OUTBACK RD & WEST STATE ROAD 46,0,0
902133892,2021,12,2,800,Weekday,2-Car,No injury/unknown,SPEED TOO FAST FOR WEATHER CONDITIONS,SR20N & SR37N,0,0
902135358,2021,12,2,1300,Weekday,2-Car,No injury/unknown,OTHER (DRIVER) - EXPLAIN IN NARRATIVE,PETE ELLIS DR & STAPLES BARNES AND NOBLE EW DR,0,0
902135538,2021,12,4,1100,Weekday,2-Car,No injury/unknown,UNSAFE BACKING,FORREST & WALNUT GROVE PARKING W DR,0,0
902135574,2021,12,4,800,Weekday,1-Car,No injury/unknown,IMPROPER LANE USAGE,3845 WEST SR 45 RD & SOUTH LEONARD SPRINGS,0,0
902137288,2021,12,5,1500,Weekday,1-Car,No injury/unknown,RAN OFF ROAD RIGHT,JAY STEWART DR & WHITE,0,0
902138705,2021,12,6,2200,Weekend,2-Car,No injury/unknown,IMPROPER TURNING,PINE LANE LN & RIDGE SPRINGS,0,0
902139690,2021,12,7,700,Weekend,2-Car,No injury/unknown,SPEED TOO FAST FOR WEATHER CONDITIONS,SMITHVILLE RD & SR37,0,0
902139816,2021,12,7,1100,Weekend,1-Car,No injury/unknown,OVERCORRECTING/OVERSTEERING,HARTSTRAIGHT RD & RATLIFF,0,0
902141232,2021,12,6,2100,Weekend,1-Car,No injury/unknown,SPEED TOO FAST FOR WEATHER CONDITIONS,W LOSTMANS LN & WHITE RIVER,0,0
902142184,2021,12,4,1800,Weekday,2-Car,No injury/unknown,FOLLOWING TOO CLOSELY,SR45W,0,0
902143385,2021,12,5,1300,Weekday,2-Car,No injury/unknown,FOLLOWING TOO CLOSELY,INDUSTRIAL & WEST SR 45 RD,0,0
902144184,2021,12,7,1000,Weekend,1-Car,No injury/unknown,SPEED TOO FAST FOR WEATHER CONDITIONS,SHUFFLE CREEK ROAD RD & SR45,0,0
902144374,2021,12,7,1400,Weekend,2-Car,Non-incapacitating,FAILURE TO YIELD RIGHT OF WAY,3RD ST & SR37,0,0
902144481,2021,12,7,2000,Weekend,2-Car,No injury/unknown,DISREGARD SIGNAL/REG SIGN,45 46 BYPASS HWY & N KINSER,0,0
902144511,2021,12,7,2200,Weekend,2-Car,No injury/unknown,UNSAFE LANE MOVEMENT,COLLEGE MALL RD & ENTRANCE TO AMC MOVIE THEATER,0,0
902147350,2021,12,6,1400,Weekday,2-Car,No injury/unknown,FAILURE TO YIELD RIGHT OF WAY,45 46 BYP & KINSER,0,0
902148055,2021,12,2,1000,Weekday,1-Car,No injury/unknown,ROADWAY SURFACE CONDITION,SR46W,0,0
901950653,2021,1,3,600,Weekday,2-Car,No injury/unknown,RAN OFF ROAD RIGHT,COOLIDGE & ROGERS ST,0,0
901951801,2021,1,4,900,Weekday,2-Car,No injury/unknown,FAILURE TO YIELD RIGHT OF WAY,SO CLARIZZ BLVD,0,0
901951997,2021,1,5,1000,Weekday,1-Car,No injury/unknown,ACCELERATOR FAILURE OR DEFECTIVE,LANDMARK AVE,0,0
901952214,2021,1,3,1600,Weekday,2-Car,No injury/unknown,OTHER (DRIVER) - EXPLAIN IN NARRATIVE,KINSER PIKE,0,0
901952287,2021,1,5,1500,Weekday,2-Car,Non-incapacitating,DISREGARD SIGNAL/REG SIGN,3RD ST & WASHINGTON,0,0
901952354,2021,1,5,1700,Weekday,2-Car,Non-incapacitating,FOLLOWING TOO CLOSELY,3RD & LIBERTY DR,0,0
901952369,2021,1,5,2100,Weekday,1-Car,No injury/unknown,UNSAFE BACKING,KIRKWOOD AVE,0,0
901952381,2021,1,5,2200,Weekday,2-Car,No injury/unknown,OTHER (VEHICLE) - EXPLAIN IN NARRATIVE,ROGERS ST,0,0
901952583,2021,1,6,1000,Weekday,2-Car,Incapacitating,FOLLOWING TOO CLOSELY,CURRY & SR48W,0,0
901952587,2021,1,4,700,Weekday,2-Car,No injury/unknown,FOLLOWING TOO CLOSELY,CURRY & SR46W,0,0
901952958,2021,1,6,1900,Weekend,Pedestrian,Non-incapacitating,PEDESTRIAN ACTION,HILLSIDE DR & LONGWOOD,0,0
901953290,2021,1,7,1600,Weekend,2-Car,No injury/unknown,IMPROPER TURNING,3RD ST & JORDAN,0,0
901808456,2020,4,1,1600,Weekend,1-Car,No injury/unknown,RAN OFF ROAD RIGHT,8618 N BEAN BLOSSOM RD & E ANDERSON,40.13552374,-86.4321485
901876805,2020,8,6,1200,Weekday,2-Car,No injury/unknown,FAILURE TO YIELD RIGHT OF WAY,W RILEY DR,39.9843228,-85.61455793
901761614,2020,1,5,1100,Weekday,2-Car,No injury/unknown,FAILURE TO YIELD RIGHT OF WAY,48 W & DANIELS WAY,39.56666131,-86.59910984
901934698,2020,12,4,2100,Weekday,1-Car,No injury/unknown,ANIMAL/OBJECT IN ROADWAY,N BURMA & N MT PLEASANT RD,39.54281951,-86.5767073
901796831,2020,3,6,700,Weekday,1-Car,No injury/unknown,RAN OFF ROAD RIGHT,BOLTINGHOUSE RD & EARL YOUNG,39.44215392,-86.47337995
901927706,2020,11,5,400,Weekday,1-Car,Non-incapacitating,RAN OFF ROAD RIGHT,EDGEWOOD & MUSTANG DR,39.41861106,-86.63832977
901848333,2020,6,3,1100,Weekday,1-Car,Incapacitating,RAN OFF ROAD RIGHT,KETCHUM & OLD STATE ROAD 37 RD,39.38695098,-86.54442027
901924323,2020,11,6,200,Weekday,1-Car,Non-incapacitating,RAN OFF ROAD RIGHT,SR37 & SR37N,39.34241345,-86.50654255
901804316,2020,4,6,1000,Weekday,1-Car,No injury/unknown,RAN OFF ROAD RIGHT,BRYANTS CREEK & SR37,39.33635389,-86.5107488
901908546,2020,10,2,1700,Weekday,1-Car,Incapacitating,RAN OFF ROAD RIGHT,N LOW GAP RD & TULIP TREE,39.3349053,-86.39221715
901785617,2020,2,5,800,Weekday,1-Car,Non-incapacitating,RAN OFF ROAD RIGHT,BROWN & WAMPLER RD,39.334343,-86.6216425
901796288,2020,3,5,0,Weekday,2-Car,No injury/unknown,HEADLIGHT DEFECTIVE OR NOT ON,BROWN LN & WEST WAMPLER,39.334288,-86.621296
901921670,2020,10,4,700,Weekday,1-Car,No injury/unknown,ANIMAL/OBJECT IN ROADWAY,COUNTY LINE & TEXAS RIDGE RD,39.33283031,-86.67892355