Master Record Number,Year,Month,Day,Hour,Weekend,Collision Type,Injury Type,Primary Factor,Reported_Location,Latitude,Longitude
901916537,2020,11,1,1500,Weekend,1-Car,Non-incapacitating,LEFT OF CENTER,TEXAS RIDGE RD & W OWL,39.33063923,-86.67431152
901914257,2020,10,4,1900,Weekday,1-Car,No injury/unknown,ANIMAL/OBJECT IN ROADWAY,SR37S & SYLVAN LANE,39.32962662,-86.51541016
901937152,2020,12,2,1600,Weekday,2-Car,No injury/unknown,FOLLOWING TOO CLOSELY,SR37S & SR45W,39.32627106,-86.51492309
901944206,2020,12,6,100,Weekday,2-Car,No injury/unknown,FOLLOWING TOO CLOSELY,SR37N & SR46W,39.32627106,-86.51492309
901948419,2020,12,6,500,Weekday,1-Car,No injury/unknown,RAN OFF ROAD RIGHT,BURMA & SR37S,39.32229413,-86.51171127
901833191,2020,5,4,1500,Weekday,1-Car,No injury/unknown,RAN OFF ROAD RIGHT,BURMA RD & SPRADLING,39.32184,-86.51766432
901816166,2020,4,2,1200,Weekday,2-Car,Non-incapacitating,BRAKE FAILURE OR DEFECTIVE,BRYANTS CREEK & OLD STATE ROAD 37 N HWY,39.3212,-86.48072
901891694,2020,9,7,100,Weekend,1-Car,No injury/unknown,SPEED TOO FAST FOR WEATHER CONDITIONS,BURMA & SR37S,39.32100204,-86.51111253
901755241,2020,1,2,2000,Weekday,1-Car,No injury/unknown,OTHER (ENVIRONMENTAL) - EXPLAIN IN NARR,BRYANTS CREEK & SR37N,39.32087677,-86.51222977
901760827,2020,1,6,1300,Weekday,2-Car,No injury/unknown,UNSAFE LANE MOVEMENT,BURMA & SR37N,39.31822508,-86.51060041
901889723,2020,9,3,2000,Weekday,1-Car,No injury/unknown,ANIMAL/OBJECT IN ROADWAY,BURMA & SR37N,39.31561299,-86.51117113
901903132,2020,10,6,1600,Weekday,Moped/Motorcycle,Non-incapacitating,UNSAFE SPEED,SR45N & VIKING RIDGE,39.31473308,-86.44453011
901823544,2020,5,1,2100,Weekday,1-Car,No injury/unknown,ANIMAL/OBJECT IN ROADWAY,N CROSSOVER & SR37S,39.31463212,-86.51704028
901814644,2020,4,6,700,Weekday,1-Car,No injury/unknown,RAN OFF ROAD RIGHT,BOTTOM & MT TABOR RD,39.310944,-86.633184
901881182,2020,9,7,1100,Weekend,1-Car,Non-incapacitating,RAN OFF ROAD RIGHT,BOTTOM & MT TABOR RD,39.310944,-86.633184
901907973,2020,10,2,700,Weekday,1-Car,Incapacitating,RAN OFF ROAD RIGHT,CHAMBERS PIKE & OLD STATE ROAD 37,39.30896586,-86.49845494
901907687,2020,10,1,1700,Weekend,2-Car,No injury/unknown,FAILURE TO YIELD RIGHT OF WAY,SR37S & SYLVAN,39.308496,-86.515072
901935687,2020,11,2,1800,Weekday,1-Car,No injury/unknown,ANIMAL/OBJECT IN ROADWAY,SR37 & SYLVAN,39.30838858,-86.51507422
901842214,2020,6,7,1300,Weekend,1-Car,Incapacitating,BRAKE FAILURE OR DEFECTIVE,7054 TABOR HILL RD & MOUNT TABOR,39.30584,-86.631008
901837112,2020,6,4,100,Weekday,1-Car,Non-incapacitating,RAN OFF ROAD RIGHT,E CHAMBERS PIKE & SR37N,39.30432,-86.5168
901776826,2020,1,6,400,Weekday,1-Car,No injury/unknown,ANIMAL/OBJECT IN ROADWAY,DITTIMORE RD & TILFORD,39.30223033,-86.53484037
901834522,2020,6,7,900,Weekend,Moped/Motorcycle,No injury/unknown,UNSAFE LANE MOVEMENT,CHAMBERS & SR37S,39.29897788,-86.51843531
901888058,2020,9,6,2100,Weekend,1-Car,No injury/unknown,UNSAFE SPEED,BUSKIRK & DITTEMORE RD,39.295216,-86.550832
901902559,2020,10,5,1600,Weekday,1-Car,No injury/unknown,RAN OFF ROAD RIGHT,GOURLEY & OLD STATE 37 RD,39.29098005,-86.53521023
901945798,2020,12,2,700,Weekday,1-Car,No injury/unknown,ROADWAY SURFACE CONDITION,BOTTOM & MAPLE GROVE RD,39.28966697,-86.54778979
901911426,2020,10,6,600,Weekday,1-Car,No injury/unknown,ANIMAL/OBJECT IN ROADWAY,NORTH FOX HOLLOW & SR37N,39.28909855,-86.51842001
901891402,2020,9,7,0,Weekend,1-Car,No injury/unknown,ANIMAL/OBJECT IN ROADWAY,FOX HOLLOW & SR37N,39.28800157,-86.51893334
901917502,2020,11,2,300,Weekday,1-Car,No injury/unknown,RAN OFF ROAD RIGHT,HENNESSEY & ROCKPORT RD,39.286659,-86.55672021
901833123,2020,5,3,2200,Weekday,2-Car,No injury/unknown,FAILURE TO YIELD RIGHT OF WAY,LEE PAUL & SR37N,39.28485967,-86.5208698
901883706,2020,9,5,1800,Weekday,1-Car,No injury/unknown,UNSAFE SPEED,CROSSOVER & SR37,39.28279586,-86.51704028
901945484,2020,12,3,1400,Weekday,2-Car,No injury/unknown,LEFT OF CENTER,MT TABOR RD & WOODLAND,39.28247346,-86.62418826
901798355,2020,3,2,1600,Weekday,2-Car,No injury/unknown,FOLLOWING TOO CLOSELY,SR37N & VERNAL,39.28223665,-86.56233005
901957152,2020,12,6,1400,Weekday,1-Car,No injury/unknown,RAN OFF ROAD RIGHT,HEDRICK & STINESVILLE RD,39.281744,-86.662992
901942189,2020,12,3,800,Weekday,1-Car,No injury/unknown,OTHER (DRIVER) - EXPLAIN IN NARRATIVE,BOTTOM & SR37N,39.28109177,-86.55227661
901880614,2020,8,6,700,Weekday,1-Car,No injury/unknown,ANIMAL/OBJECT IN ROADWAY,DUTCH CHURCH & MT TABER RD,39.278832,-86.623456
901818860,2020,5,6,1600,Weekday,1-Car,No injury/unknown,RAN OFF ROAD RIGHT,ANDERSON RD & FISH,39.27815013,-86.46866155
901912616,2020,10,2,800,Weekday,1-Car,No injury/unknown,ANIMAL/OBJECT IN ROADWAY,N BUSINESS 37 RD & WHISNAND,39.27761346,-86.53976999
901815240,2020,4,6,2000,Weekend,1-Car,Incapacitating,RAN OFF ROAD RIGHT,HEDRICK & SR46,39.27731446,-86.6770649
901832253,2020,5,3,1100,Weekday,2-Car,No injury/unknown,FOLLOWING TOO CLOSELY,CURRY PIKE & JANATHAN,39.27411451,-86.5829797
901813226,2020,4,3,0,Weekday,1-Car,No injury/unknown,UNSAFE SPEED,7671 N MT TABOR RD & N BARR,39.273888,-86.621456
901859437,2020,7,6,1700,Weekday,2-Car,Non-incapacitating,DRIVER DISTRACTED - EXPLAIN IN NARRATIVE,SR37N & WAYPORT,39.27369123,-86.52291968
901938948,2020,12,5,600,Weekday,1-Car,No injury/unknown,ANIMAL/OBJECT IN ROADWAY,DEER LICK & SR446S,39.27297697,-86.41703796
901876513,2020,8,5,400,Weekday,1-Car,No injury/unknown,RAN OFF ROAD RIGHT,SR46 & STINESVILLE RD,39.2719099,-86.66333225
901805674,2020,4,3,900,Weekday,1-Car,No injury/unknown,UNSAFE SPEED,E ANDERSON & N LYDY RD,39.27184,-86.479216
901882932,2020,9,2,1900,Weekday,Moped/Motorcycle,Incapacitating,RAN OFF ROAD RIGHT,RED HILL RD,39.27146137,-86.63838408
901848637,2020,6,5,2100,Weekday,1-Car,No injury/unknown,ANIMAL/OBJECT IN ROADWAY,N STINESVILLE RD & SR46,39.27002992,-86.66377894
901823228,2020,5,1,400,Weekend,1-Car,Non-incapacitating,RAN OFF ROAD RIGHT,N MILLER & N SHILO RD,39.26992,-86.460048
901941430,2020,12,2,1600,Weekday,1-Car,No injury/unknown,RAN OFF ROAD RIGHT,N BOTTOM RD & SIMPSON CHAPEL,39.26981833,-86.54794528
901859667,2020,7,7,1500,Weekend,1-Car,Non-incapacitating,RAN OFF ROAD RIGHT,E NORTH SHORE DR & GRAY,39.26974412,-86.38981374
901879286,2020,8,3,1400,Weekday,1-Car,No injury/unknown,ANIMAL/OBJECT IN ROADWAY,N BOTTOM RD & SIMPSON CHAPLE,39.26962003,-86.54756708
901839090,2020,6,2,0,Weekday,1-Car,No injury/unknown,RAN OFF ROAD RIGHT,N OLD DUTCH CHURCH & N REDHILL RD,39.26953018,-86.63486972
901821218,2020,4,6,700,Weekday,2-Car,No injury/unknown,UNSAFE BACKING,ST RD 37 RD,39.26891991,-86.52287428
901779290,2020,2,4,1900,Weekday,1-Car,No injury/unknown,ANIMAL/OBJECT IN ROADWAY,SR46W & STINESVILLE,39.26884344,-86.66789
901887387,2020,9,6,600,Weekday,1-Car,No injury/unknown,ANIMAL/OBJECT IN ROADWAY,BETHEL & BOLTINGHOUSE RD,39.26783033,-86.47286027
901755215,2020,1,2,1700,Weekday,3+ Cars,Non-incapacitating,LEFT OF CENTER,N STINESVILLE & SR46W,39.26683545,-86.66569192
901787540,2020,3,1,2200,Weekday,2-Car,No injury/unknown,IMPROPER PASSING,SR46W & STINESVILLE,39.266752,-86.6656
901906836,2020,10,6,800,Weekday,2-Car,No injury/unknown,BRAKE FAILURE OR DEFECTIVE,SR46W & STINESVILLE,39.266752,-86.6656
901874288,2020,8,1,0,Weekend,1-Car,No injury/unknown,RAN OFF ROAD RIGHT,COWDEN RD,39.26656432,-86.61236397
901820344,2020,5,2,1600,Weekday,2-Car,No injury/unknown,IMPROPER LANE USAGE,SIMPSON CHAPEL & SR37,39.26616,-86.522752
901884501,2020,9,6,2200,Weekend,2-Car,Non-incapacitating,FAILURE TO YIELD RIGHT OF WAY,EAST SAMPLE & OLD SR 37 HWY,39.26616,-86.522752
901814192,2020,4,4,1900,Weekday,1-Car,Non-incapacitating,RAN OFF ROAD RIGHT,ANDERSON & OLD STATE ROAD 37N HWY,39.266,-86.501696
901872993,2020,8,5,2000,Weekday,1-Car,No injury/unknown,ANIMAL/OBJECT IN ROADWAY,ANDERSON RD & OLD NORTH STATE ROAD 37,39.26589981,-86.50237672
901807693,2020,4,5,1200,Weekday,1-Car,No injury/unknown,RAN OFF ROAD RIGHT,EAST ANDRESON RD & OLD STATE ROAD 37,39.26589981,-86.5021795
901921554,2020,11,1,2300,Weekday,1-Car,Non-incapacitating,RAN OFF ROAD RIGHT,ANDERSON RD & N OLD ST RD 37,39.26589981,-86.5020065
901817712,2020,5,5,0,Weekday,1-Car,No injury/unknown,RAN OFF ROAD RIGHT,MEL CURRIE & OLD STATE RD 37 RD,39.26339474,-86.50175973
901902320,2020,10,4,1800,Weekday,2-Car,No injury/unknown,FAILURE TO YIELD RIGHT OF WAY,SR37 & WAYPORT,39.26307137,-86.52255833
901761763,2020,1,6,1500,Weekday,1-Car,No injury/unknown,RAN OFF ROAD RIGHT,37 & WAYPORT RD,39.263024,-86.52264
901895743,2020,9,6,1700,Weekday,2-Car,No injury/unknown,OTHER (VEHICLE) - EXPLAIN IN NARRATIVE,NORTH STATE ROAD 37 HWY & WAYPORT,39.263024,-86.52264
901922413,2020,11,4,500,Weekday,1-Car,No injury/unknown,ANIMAL/OBJECT IN ROADWAY,N BOTTOM RD & W LAWSON,39.26248,-86.546096
901765551,2020,1,6,2000,Weekend,2-Car,No injury/unknown,IMPROPER LANE USAGE,SR37 & WAYPORT,39.26200176,-86.52312492
901757665,2020,1,4,400,Weekday,1-Car,No injury/unknown,UNSAFE SPEED,SAMPLE RD & SR37N,39.26190598,-86.51449642
901766337,2020,1,6,2000,Weekend,1-Car,No injury/unknown,SPEED TOO FAST FOR WEATHER CONDITIONS,SR37S & WAYPORT RD,39.26167132,-86.52280192
901765486,2020,1,6,2000,Weekend,1-Car,No injury/unknown,SPEED TOO FAST FOR WEATHER CONDITIONS,SR37S & WAYPORT,39.26140635,-86.5228949
901895641,2020,9,6,1500,Weekday,2-Car,No injury/unknown,FAILURE TO YIELD RIGHT OF WAY,N WAYPORT RD,39.26128885,-86.52247292
901822615,2020,5,6,1500,Weekday,1-Car,No injury/unknown,OTHER (VEHICLE) - EXPLAIN IN NARRATIVE,SR37N & WAYPORT,39.26065915,-86.52333698
901780833,2020,2,1,2100,Weekday,2-Car,No injury/unknown,UNSAFE LANE MOVEMENT,CURRY PIKE & STEBU,39.26058791,-86.58261023
901869109,2020,8,4,1200,Weekday,2-Car,No injury/unknown,FOLLOWING TOO CLOSELY,SR37S & WAYPORT,39.26041222,-86.52349167
901950911,2020,12,7,1500,Weekend,2-Car,Non-incapacitating,LEFT OF CENTER,SR46W & W CHAFIN CHAPEL,39.26029525,-86.65793538
901877063,2020,8,6,2000,Weekend,1-Car,No injury/unknown,ANIMAL/OBJECT IN ROADWAY,BUISNESS 37 HWY & OLD STATE ROAD 37,39.26005955,-86.53484009
901879074,2020,8,7,1700,Weekend,1-Car,No injury/unknown,RAN OFF ROAD RIGHT,DELAP RD,39.259682,-86.584206
901931558,2020,11,6,1600,Weekday,3+ Cars,No injury/unknown,FOLLOWING TOO CLOSELY,CHAFIN CHAPEL & SR46E,39.25962009,-86.65755847
901916020,2020,11,7,1000,Weekend,1-Car,No injury/unknown,RAN OFF ROAD RIGHT,OLD SR 37 & SAMPLE RD,39.25889859,-86.50361442
901905808,2020,10,3,1700,Weekday,2-Car,No injury/unknown,LEFT OF CENTER,CONSTITUTION & LIBERTY DR,39.25690807,-86.5768703
901815573,2020,4,1,1200,Weekend,1-Car,Non-incapacitating,RAN OFF ROAD RIGHT,FLATWOODS & SR46W,39.25629452,-86.65580185
901819275,2020,5,7,1600,Weekend,3+ Cars,Incapacitating,LEFT OF CENTER,FLATWOODS & SR46W,39.25629452,-86.65580185
901900163,2020,10,1,700,Weekend,1-Car,No injury/unknown,RAN OFF ROAD RIGHT,FLATWOODS & SR46W,39.25501235,-86.65516921
901933283,2020,12,1,1200,Weekend,2-Car,No injury/unknown,FAILURE TO YIELD RIGHT OF WAY,OLD STATE 37 & SR37N,39.25457699,-86.52745745
901785241,2020,2,3,1000,Weekday,1-Car,No injury/unknown,RAN OFF ROAD RIGHT,BOTTOM RD & LAWSON,39.2545259,-86.54597054
901856058,2020,7,7,800,Weekend,2-Car,No injury/unknown,WRONG WAY ON ONE WAY,BLOOMFIELD & SR37S,39.25322823,-86.57295025
901789989,2020,3,5,2100,Weekday,2-Car,Non-incapacitating,DRIVER DISTRACTED - EXPLAIN IN NARRATIVE,FLATWOODS & SR46W,39.252448,-86.653904
901807699,2020,4,5,700,Weekday,2-Car,No injury/unknown,BRAKE FAILURE OR DEFECTIVE,FLATWOODS & SR46W,39.252448,-86.653904
901948345,2020,12,4,800,Weekday,2-Car,No injury/unknown,ROADWAY SURFACE CONDITION,MATTHEWS DR & MT TABOR,39.2520301,-86.6206701
901927408,2020,11,6,400,Weekday,1-Car,No injury/unknown,RAN OFF ROAD RIGHT,DELAP RD & UNION VALLEY,39.25200138,-86.60164641
901820960,2020,5,3,1600,Weekday,2-Car,No injury/unknown,LEFT OF CENTER,FLATWOODS & SR46W,39.25182705,-86.6532074
901896861,2020,10,2,1000,Weekday,2-Car,No injury/unknown,FOLLOWING TOO CLOSELY,FLATWOODS & SR46W,39.25182705,-86.6532074
901894165,2020,9,4,1000,Weekday,1-Car,No injury/unknown,RAN OFF ROAD RIGHT,SR37 & WYLIE RD,39.251648,-86.529056
901906909,2020,10,5,1600,Weekday,1-Car,Non-incapacitating,RAN OFF ROAD RIGHT,SHUFFLE CRK & SOUTH SHORE,39.251536,-86.400816
901882620,2020,9,3,1800,Weekday,1-Car,No injury/unknown,RAN OFF ROAD RIGHT,SHUFFLE & SOUTH SHORE RD,39.25137709,-86.4008099
901923067,2020,11,4,2100,Weekday,1-Car,Non-incapacitating,RAN OFF ROAD RIGHT,OLD STATE ROAD 37 & WYLIE RD,39.251296,-86.500832
901766099,2020,1,7,1200,Weekend,2-Car,No injury/unknown,ROADWAY SURFACE CONDITION,STATE ROAD 46 W HWY,39.2512,-86.652504
901815803,2020,4,4,1600,Weekday,2-Car,No injury/unknown,OTHER (DRIVER) - EXPLAIN IN NARRATIVE,SR46W,39.2512,-86.652504
901845334,2020,5,7,1700,Weekend,2-Car,No injury/unknown,UNSAFE BACKING,SR46W,39.2512,-86.652504
901887403,2020,9,3,1400,Weekday,2-Car,No injury/unknown,UNSAFE BACKING,STATE ROAD 46 RD,39.2512,-86.652504
901909313,2020,10,6,1000,Weekday,2-Car,No injury/unknown,FAILURE TO YIELD RIGHT OF WAY,STATE ROAD 46 HWY,39.2512,-86.652504
901895640,2020,9,5,2000,Weekday,2-Car,Non-incapacitating,FOLLOWING TOO CLOSELY,WEST STATE ROAD 46 HWY,39.2512,-86.652504
901931737,2020,11,6,1400,Weekday,2-Car,No injury/unknown,UNSAFE BACKING,SR 46 HWY,39.2512,-86.652504
901771018,2020,1,1,2100,Weekday,1-Car,No injury/unknown,RAN OFF ROAD RIGHT,MILLER & ROBINSON RD,39.25103031,-86.4699404
901825413,2020,5,7,300,Weekend,1-Car,No injury/unknown,RAN OFF ROAD RIGHT,HILLSAMMER & ROBINSON RD,39.2509599,-86.46768112
901858831,2020,7,2,1700,Weekday,1-Car,Non-incapacitating,RAN OFF ROAD RIGHT,SHORE & SHUFFLE CREEK RD,39.25077017,-86.40120687
901930966,2020,11,5,600,Weekday,1-Car,No injury/unknown,ANIMAL/OBJECT IN ROADWAY,SR37N & WAYPORT,39.25073188,-86.52540821
901856229,2020,7,7,1800,Weekend,3+ Cars,No injury/unknown,INSECURE/LEAKY LOAD,SR37 & SR37N,39.25059857,-86.52983119
901860365,2020,7,2,1200,Weekday,2-Car,Non-incapacitating,FAILURE TO YIELD RIGHT OF WAY,WALNUT ST,39.25050707,-86.52987065
901943753,2020,12,6,300,Weekday,1-Car,No injury/unknown,RAN OFF ROAD RIGHT,FLATWOODS & SR46W,39.25037815,-86.65158204
901875202,2020,8,3,900,Weekday,2-Car,No injury/unknown,OTHER (DRIVER) - EXPLAIN IN NARRATIVE,WINDCREST DR & WINDING,39.24980572,-86.54523029
901794210,2020,3,7,1500,Weekend,2-Car,Non-incapacitating,OTHER (DRIVER) - EXPLAIN IN NARRATIVE,SR37N & WEST GRIFFITH CEMETERY,39.24871833,-86.53115273
901838791,2020,6,7,1800,Weekend,2-Car,No injury/unknown,DRIVER DISTRACTED - EXPLAIN IN NARRATIVE,SR46W & STINESVILLEE,39.24848052,-86.64835383
901942375,2020,12,3,1800,Weekday,1-Car,Non-incapacitating,ANIMAL/OBJECT IN ROADWAY,SHILO & TUNNEL RD,39.24801314,-86.42945984
901943520,2020,12,5,1800,Weekday,1-Car,No injury/unknown,RAN OFF ROAD RIGHT,1300 MAPLE GROVE RD & BOTTOM,39.24774712,-86.54951341
901830642,2020,5,4,600,Weekday,1-Car,Non-incapacitating,ANIMAL/OBJECT IN ROADWAY,MAPLE GROVE N RD & WEST MAPLE GROVE,39.24744,-86.547792
901902542,2020,10,5,1400,Weekday,1-Car,Non-incapacitating,ACCELERATOR FAILURE OR DEFECTIVE,6700 MATTHEWS DR & MAPLE GROVE,39.24732224,-86.62063007
901760405,2020,1,6,500,Weekday,1-Car,No injury/unknown,RAN OFF ROAD RIGHT,ELLIS & SR37,39.24650349,-86.53260818
901932202,2020,12,7,1600,Weekend,1-Car,No injury/unknown,RAN OFF ROAD RIGHT,ELLIS & SR37,39.24650349,-86.53260818
901773502,2020,2,5,1700,Weekday,2-Car,No injury/unknown,FOLLOWING TOO CLOSELY,RED HILL & SR46W,39.24597669,-86.64218588
901894584,2020,9,4,1500,Weekday,2-Car,No injury/unknown,IMPROPER LANE USAGE,RED HILL & SR46W,39.245744,-86.636896
901950429,2020,12,2,1300,Weekday,1-Car,No injury/unknown,RAN OFF ROAD RIGHT,BARBARA & W MAPLE GROVE RD,39.245744,-86.633296
901884736,2020,9,7,1600,Weekend,2-Car,No injury/unknown,DRIVER DISTRACTED - EXPLAIN IN NARRATIVE,REDHILL & SR46W,39.24574032,-86.63658982
901773405,2020,2,1,1200,Weekend,1-Car,Non-incapacitating,RAN OFF ROAD RIGHT,N MATTHEWS DR & W MAPLE GROVE,39.245408,-86.6204
901841370,2020,6,5,1600,Weekday,Cyclist,Non-incapacitating,IMPROPER TURNING,MAPLE GROVE RD & RIDGEWAY,39.24514268,-86.61407103
901933284,2020,12,1,0,Weekend,2-Car,No injury/unknown,SPEED TOO FAST FOR WEATHER CONDITIONS,ALLENS CREEK & SR446S,39.24475376,-86.40827083
901888670,2020,9,6,1500,Weekday,2-Car,No injury/unknown,OTHER (DRIVER) - EXPLAIN IN NARRATIVE,CONNAUGHT & SR37N,39.24465001,-86.53384029
901937922,2020,12,3,1400,Weekday,1-Car,No injury/unknown,FOLLOWING TOO CLOSELY,CONNAUGHT & SR37N,39.24464872,-86.53384058
901838841,2020,6,7,1900,Weekend,2-Car,No injury/unknown,LEFT OF CENTER,FAIRFAX RD & POINTE,39.24325529,-86.49009011
901805123,2020,4,1,2000,Weekday,2-Car,No injury/unknown,FOLLOWING TOO CLOSELY,BUSINESS OLD STATE ROAD 37 HWY & NORTH OLD STATE ROAD 37,39.241744,-86.499088
901873612,2020,8,6,2100,Weekend,1-Car,No injury/unknown,ANIMAL/OBJECT IN ROADWAY,KNIGHTRIDGE & SR446 RD,39.24153652,-86.45681999
901844276,2020,6,2,1300,Weekday,2-Car,No injury/unknown,UNSAFE BACKING,HOLLY & PERRY DR,39.240752,-86.604896
901827161,2020,5,7,1600,Weekend,Moped/Motorcycle,Non-incapacitating,RAN OFF ROAD RIGHT,RICHARDSON & SR45E,39.23984,-86.387696
901900755,2020,10,1,100,Weekend,1-Car,No injury/unknown,RAN OFF ROAD RIGHT,N RICHARDSON & SR45E,39.23984,-86.387696
901914850,2020,10,5,1100,Weekday,Moped/Motorcycle,Non-incapacitating,RAN OFF ROAD RIGHT,RICHARDSON & SR45E,39.23984,-86.387696
901835268,2020,6,2,1000,Weekday,2-Car,No injury/unknown,SPEED TOO FAST FOR WEATHER CONDITIONS,BOLTINGHOUSE RD & OLD 37 NORTH STATE,39.23974022,-86.49922706
901933061,2020,12,2,500,Weekday,1-Car,No injury/unknown,RAN OFF ROAD RIGHT,HARTSTRAIT RD & W VERNAL,39.23967209,-86.6112703
901842352,2020,6,7,500,Weekend,1-Car,No injury/unknown,RAN OFF ROAD RIGHT,SR45 & SR45N,39.238144,-86.372192
901857218,2020,7,5,1700,Weekday,2-Car,No injury/unknown,UNSAFE BACKING,CEDAR & POPLAR DR,39.23782982,-86.63873693
901755172,2020,1,2,1700,Weekday,2-Car,No injury/unknown,ROADWAY SURFACE CONDITION,MCNEELY ST & UNION VALLEY,39.23749991,-86.59277983
901827756,2020,5,7,1800,Weekend,Moped/Motorcycle,Non-incapacitating,ROADWAY SURFACE CONDITION,N UNION VALLEY & W MCNEELY ST,39.23749936,-86.59271485
901798819,2020,3,2,1600,Weekday,Bus,No injury/unknown,UNSAFE BACKING,ALLEN & KELLI ST,39.237376,-86.626816
901766576,2020,1,1,1400,Weekend,1-Car,No injury/unknown,RAN OFF ROAD RIGHT,BOTTOM & WOODALL RD,39.23718886,-86.57690669
901789012,2020,3,3,700,Weekday,2-Car,No injury/unknown,UNSAFE BACKING,SOUTH EDGEWOOD DR,39.2364,-86.631248
901829382,2020,5,2,1900,Weekday,Bus,No injury/unknown,UNSAFE BACKING,EDGEWOOD DR,39.2364,-86.631248
901838676,2020,6,7,1200,Weekend,2-Car,No injury/unknown,UNSAFE BACKING,S EDGEWOOD DR,39.2364,-86.631248
901925713,2020,11,1,1500,Weekend,Moped/Motorcycle,Incapacitating,OTHER (DRIVER) - EXPLAIN IN NARRATIVE,EDGEWOOD DR DR,39.2364,-86.631248
901835345,2020,6,1,1800,Weekend,2-Car,No injury/unknown,UNSAFE LANE MOVEMENT,SR37 & SR46E,39.23628727,-86.62833507
901758350,2020,1,2,500,Weekday,2-Car,No injury/unknown,OTHER (DRIVER) - EXPLAIN IN NARRATIVE,MAIN ST & MATTHEWS,39.236096,-86.625168
901758860,2020,1,3,1700,Weekday,2-Car,No injury/unknown,DISREGARD SIGNAL/REG SIGN,MAIN ST & MATTHEWS,39.236096,-86.625168
901924333,2020,11,6,1900,Weekend,1-Car,No injury/unknown,RAN OFF ROAD RIGHT,ALFRED & MT TABOR RDS,39.23607938,-86.62537001
901879671,2020,8,4,1500,Weekday,1-Car,Non-incapacitating,STEERING FAILURE,ASSOCIATION ST & S EDGEWOOD DRIVE DR,39.235952,-86.629696
901800678,2020,3,6,0,Weekday,2-Car,No injury/unknown,UNSAFE BACKING,VINE ST,39.235728,-86.626032
901788829,2020,3,6,2200,Weekend,2-Car,Non-incapacitating,FOLLOWING TOO CLOSELY,MAIN & SALE ST,39.23492968,-86.62342004
901859589,2020,7,7,1000,Weekend,2-Car,No injury/unknown,FAILURE TO YIELD RIGHT OF WAY,SALE & SR46W,39.23492968,-86.62342004
901780498,2020,2,7,1200,Weekend,2-Car,Non-incapacitating,DISREGARD SIGNAL/REG SIGN,MATTHEWS & SR46W,39.234768,-86.626384
901941425,2020,12,2,1500,Weekday,2-Car,No injury/unknown,FAILURE TO YIELD RIGHT OF WAY,MATTHEWS & SR46W,39.234768,-86.626384
901876520,2020,8,5,2000,Weekday,2-Car,No injury/unknown,DRIVER DISTRACTED - EXPLAIN IN NARRATIVE,SALE & VINE ST,39.234384,-86.624064
901931878,2020,12,7,1900,Weekend,1-Car,Non-incapacitating,OTHER (DRIVER) - EXPLAIN IN NARRATIVE,N CENTENNIAL DR,39.234288,-86.62072
901857219,2020,7,5,2200,Weekday,2-Car,No injury/unknown,OTHER (DRIVER) - EXPLAIN IN NARRATIVE,WEST TEMPERANCE ST,39.23388965,-86.62482149
901775623,2020,2,5,1600,Weekday,2-Car,No injury/unknown,IMPROPER TURNING,N SALE & W TEMPERANCE ST,39.23384,-86.624704
901825021,2020,5,4,700,Weekday,2-Car,No injury/unknown,FAILURE TO YIELD RIGHT OF WAY,SALE & SR46W,39.23384,-86.624704
901868570,2020,8,3,700,Weekday,Moped/Motorcycle,Non-incapacitating,FOLLOWING TOO CLOSELY,SALE & SR46E,39.23384,-86.624704
901883971,2020,9,6,800,Weekday,2-Car,No injury/unknown,FOLLOWING TOO CLOSELY,SALE ST & SR46,39.23384,-86.624704
901925047,2020,11,1,1200,Weekend,1-Car,No injury/unknown,ANIMAL/OBJECT IN ROADWAY,6166 N SHUFFLE CREEK RD RD & SR45,39.23380885,-86.41213936
901932215,2020,12,1,1700,Weekend,2-Car,No injury/unknown,FAILURE TO YIELD RIGHT OF WAY,SALE & TEMPERANCE ST,39.23376024,-86.62471018
901801148,2020,4,1,1100,Weekend,2-Car,No injury/unknown,UNSAFE LANE MOVEMENT,SALE ST & SR46E,39.23374889,-86.62457188
901906068,2020,10,5,900,Weekday,2-Car,No injury/unknown,OTHER (DRIVER) - EXPLAIN IN NARRATIVE,SALE ST & SR46W,39.23374889,-86.62457188
901856062,2020,7,1,1700,Weekend,1-Car,No injury/unknown,RAN OFF ROAD RIGHT,UNION VALLEY RD,39.23346721,-86.59271612
901778670,2020,2,2,2200,Weekday,2-Car,No injury/unknown,FAILURE TO YIELD RIGHT OF WAY,FOURTH & TEMPERANCE ST,39.23317015,-86.62389876
901851979,2020,7,4,1800,Weekday,2-Car,No injury/unknown,UNSAFE SPEED,BOTTOM RD & STATE ROAD 37,39.23277989,-86.54191978
901833228,2020,5,3,500,Weekday,2-Car,No injury/unknown,IMPROPER LANE USAGE,SR37 & SR46E,39.232688,-86.623056
901940233,2020,12,7,700,Weekend,1-Car,No injury/unknown,OVERCORRECTING/OVERSTEERING,3600 BLK N KINSER PIKE & W CLUB HOUSE,39.23257907,-86.54285612
901761300,2020,1,7,400,Weekend,1-Car,No injury/unknown,,N WALNUT ST,39.232544,-86.540704
901772412,2020,2,5,400,Weekday,2-Car,No injury/unknown,,N WALNUT ST,39.232544,-86.540704
901865928,2020,8,5,2200,Weekday,2-Car,No injury/unknown,OTHER (DRIVER) - EXPLAIN IN NARRATIVE,N WALNUT ST,39.232544,-86.540704