Master Record Number,Year,Month,Day,Hour,Weekend,Collision Type,Injury Type,Primary Factor,Reported_Location,Latitude,Longitude
901916342,2020,11,1,900,Weekend,1-Car,No injury/unknown,UNSAFE SPEED,N WALNUT ST,39.232544,-86.540704
901930649,2020,11,5,900,Weekday,2-Car,No injury/unknown,,N WALNUT ST,39.232544,-86.540704
901932004,2020,12,1,1000,Weekend,2-Car,No injury/unknown,FAILURE TO YIELD RIGHT OF WAY,N WALNUT ST,39.232544,-86.540704
901942825,2020,12,4,1700,Weekday,Bus,No injury/unknown,IMPROPER TURNING,N WALNUT ST,39.232544,-86.540704
901817623,2020,5,3,1800,Weekday,1-Car,No injury/unknown,DRIVER ILLNESS,OLD MYERS & OLD STATE ROAD 37 RD,39.23183978,-86.50635972
901840307,2020,6,3,1600,Weekday,2-Car,No injury/unknown,FAILURE TO YIELD RIGHT OF WAY,STARNES & W REEVES RD,39.231536,-86.6588
901905782,2020,5,2,1600,Weekday,2-Car,No injury/unknown,FAILURE TO YIELD RIGHT OF WAY,1 ST & 1 ST ST,39.23136033,-86.62127025
901910227,2020,10,7,1000,Weekend,1-Car,No injury/unknown,UNSAFE BACKING,W REEVES RD,39.2313382,-86.64146728
901866799,2020,8,7,1000,Weekend,2-Car,No injury/unknown,CELL PHONE USAGE,RAUBS LN & REEVES,39.23128,-86.635728
901948915,2020,12,6,1600,Weekday,Moped/Motorcycle,No injury/unknown,FOLLOWING TOO CLOSELY,BURKS & WALNUT STREET PIKE,39.23120902,-86.5267197
901906401,2020,10,4,0,Weekday,1-Car,No injury/unknown,ANIMAL/OBJECT IN ROADWAY,TANGLEWOOD & UNION VALLEY RD,39.23120007,-86.59276977
901933884,2020,12,3,1400,Weekday,1-Car,No injury/unknown,OTHER (ENVIRONMENTAL) - EXPLAIN IN NARR,SALE STREET & THOMNAS RD RD,39.231152,-86.6308
901842253,2020,6,7,1600,Weekend,2-Car,No injury/unknown,UNSAFE SPEED,MOUNT GILEAD & SR45E,39.23075447,-86.42374287
901837158,2020,6,4,2300,Weekday,1-Car,No injury/unknown,ANIMAL/OBJECT IN ROADWAY,MOUNT GILEAD & SR45E,39.230752,-86.424096
901896130,2020,10,2,500,Weekday,1-Car,Non-incapacitating,RAN OFF ROAD RIGHT,SHUFFLE CREEK RD & SR45,39.23022654,-86.4160862
901762492,2020,1,2,2300,Weekday,1-Car,No injury/unknown,SPEED TOO FAST FOR WEATHER CONDITIONS,SR45E & TUNNEL RD,39.230048,-86.4316
901876487,2020,8,4,2000,Weekday,2-Car,No injury/unknown,IMPROPER TURNING,PAUL & SR46W,39.230043,-86.61933147
901946378,2020,12,3,1400,Weekday,1-Car,No injury/unknown,RAN OFF ROAD RIGHT,SALE & THOMAS RD,39.22979014,-86.63057559
901804253,2020,4,1,1300,Weekend,2-Car,No injury/unknown,FAILURE TO YIELD RIGHT OF WAY,1ST ST & RITTER,39.229424,-86.623584
901868871,2020,8,4,1700,Weekday,2-Car,No injury/unknown,FOLLOWING TOO CLOSELY,SR37S & VERNAL,39.22934843,-86.56233005
901821496,2020,5,3,1300,Weekday,2-Car,Non-incapacitating,OTHER (DRIVER) - EXPLAIN IN NARRATIVE,PARK & SR46W,39.22934443,-86.61844254
901876809,2020,8,5,1300,Weekday,1-Car,No injury/unknown,IMPROPER PASSING,W 3RD ST,39.228944,-86.627504
901845655,2020,6,6,0,Weekday,Moped/Motorcycle,Incapacitating,UNSAFE SPEED,HARTSTRAIT & SR46W,39.22891227,-86.61743403
901868471,2020,8,3,2000,Weekday,1-Car,No injury/unknown,UNSAFE SPEED,MOUNT GILEAD ROAD & SR45W,39.22847732,-86.43336704
901923321,2020,11,5,1200,Weekday,2-Car,No injury/unknown,UNSAFE BACKING,PAUL STREET ST & SR46,39.2280936,-86.6213
901854891,2020,7,4,1600,Weekday,2-Car,No injury/unknown,OTHER (DRIVER) - EXPLAIN IN NARRATIVE,WEST 2ND ST,39.228048,-86.626352
901948789,2020,12,6,1500,Weekday,2-Car,No injury/unknown,FAILURE TO YIELD RIGHT OF WAY,KINSER & SR46W,39.22796249,-86.54624938
901944549,2020,12,6,1800,Weekday,2-Car,Non-incapacitating,FOLLOWING TOO CLOSELY,KINSER & SR4546E,39.22796249,-86.54622342
901861824,2020,7,6,1900,Weekend,2-Car,No injury/unknown,BRAKE FAILURE OR DEFECTIVE,HARTSTRAIT & TEMPERANCE ST ST,39.2276627,-86.61593307
901757073,2020,1,6,1700,Weekday,2-Car,Non-incapacitating,FOLLOWING TOO CLOSELY,HARTSTRAIT & SR46W,39.22766022,-86.61594003
901907034,2020,10,6,1900,Weekend,2-Car,No injury/unknown,UNSAFE SPEED,HARTSTRAIT & SR46W,39.22766022,-86.61594003
901915016,2020,8,5,1400,Weekday,2-Car,No injury/unknown,OTHER (DRIVER) - EXPLAIN IN NARRATIVE,HARSTRAIT & SR46W,39.22766022,-86.61594003
901915017,2020,11,5,2200,Weekday,1-Car,No injury/unknown,ANIMAL/OBJECT IN ROADWAY,HARTSTRAIT & SR46,39.22766022,-86.61594003
901907013,2020,10,6,1600,Weekday,2-Car,No injury/unknown,UNSAFE SPEED,HARTSTRAIT & SR46W,39.22766022,-86.61593137
901816110,2020,4,2,1000,Weekday,2-Car,Non-incapacitating,DRIVER DISTRACTED - EXPLAIN IN NARRATIVE,HARTSTRAIT & SR46W,39.22761992,-86.6158998
901885408,2020,9,2,800,Weekday,1-Car,No injury/unknown,ANIMAL/OBJECT IN ROADWAY,ACUFF & MAPLE GROVE RD,39.22757115,-86.55750006
901872204,2020,8,3,1100,Weekday,1-Car,Non-incapacitating,OTHER (VEHICLE) - EXPLAIN IN NARRATIVE,OLD MYERS RD,39.22653034,-86.49008274
901821704,2020,5,4,2300,Weekday,3+ Cars,No injury/unknown,OTHER (VEHICLE) - EXPLAIN IN NARRATIVE,E OLD MEYERS RD,39.2262809,-86.48928344
901761274,2020,1,6,500,Weekday,1-Car,No injury/unknown,RAN OFF ROAD RIGHT,MATHEWS DR & MT TABOR,39.22553498,-86.6206701
901758308,2020,1,2,1700,Weekday,1-Car,Non-incapacitating,RAN OFF ROAD RIGHT,TECUMSEH & THOMAS RD,39.22504499,-86.63051743
901916362,2020,11,7,1400,Weekend,2-Car,No injury/unknown,UNSAFE BACKING,OLD STATE ROAD 37 HWY,39.22483609,-86.5163814
901755879,2020,1,4,1200,Weekday,1-Car,No injury/unknown,DRIVER DISTRACTED - EXPLAIN IN NARRATIVE,CHESTER & CHESTER DRIVE DR,39.2244,-86.621088
901943579,2020,12,5,2100,Weekday,2-Car,No injury/unknown,OTHER (ENVIRONMENTAL) - EXPLAIN IN NARR,DEER RUN DR & TECUMSEH ST,39.22344359,-86.62104627
901838677,2020,6,7,1300,Weekend,2-Car,Non-incapacitating,FOLLOWING TOO CLOSELY,CAPITOL & SR46W,39.22331055,-86.60925865
901905756,2020,10,4,1700,Weekday,2-Car,No injury/unknown,FOLLOWING TOO CLOSELY,FRITZ & WALNUT ST,39.22312501,-86.53308995
901815568,2020,4,7,1200,Weekend,1-Car,No injury/unknown,SPEED TOO FAST FOR WEATHER CONDITIONS,N KINSER PIKE,39.222752,-86.550096
901824132,2020,5,2,1700,Weekday,2-Car,No injury/unknown,OTHER (VEHICLE) - EXPLAIN IN NARRATIVE,N KINSER PIKE,39.222752,-86.550096
901839645,2020,6,2,1700,Weekday,2-Car,No injury/unknown,UNSAFE BACKING,N KINSER PIKE,39.222752,-86.550096
901788898,2020,3,3,1700,Weekday,2-Car,Non-incapacitating,FOLLOWING TOO CLOSELY,NORTH OLD STATE ROAD 37 RD & WHISNAND,39.222544,-86.5172
901880261,2020,8,5,1900,Weekday,1-Car,No injury/unknown,IMPROPER PASSING,OLD STATE ROAD 37 & WHISNAND ROAD,39.222544,-86.5172
901765593,2020,1,6,2300,Weekend,1-Car,No injury/unknown,ROADWAY SURFACE CONDITION,NORTH SMITH PIKE & WOODYARD,39.22238412,-86.58310979
901875604,2020,8,2,700,Weekday,1-Car,No injury/unknown,SPEED TOO FAST FOR WEATHER CONDITIONS,PINEGROVE & SR446N,39.22215499,-86.42868027
901933528,2020,12,3,1100,Weekday,2-Car,No injury/unknown,FAILURE TO YIELD RIGHT OF WAY,LAKEVIEW & SR46W,39.22148334,-86.60616326
901806688,2020,4,5,800,Weekday,2-Car,No injury/unknown,OTHER (VEHICLE) - EXPLAIN IN NARRATIVE,CUSTER ST ST,39.22146559,-86.62532918
901874540,2020,8,2,1000,Weekday,1-Car,No injury/unknown,OTHER (DRIVER) - EXPLAIN IN NARRATIVE,17TH & 701 E 17TH (E ACCESS DR) ST,39.22128576,-86.53349103
901764768,2020,1,5,1300,Weekday,2-Car,Non-incapacitating,FOLLOWING TOO CLOSELY,LAKEVIEW & SR46W,39.22123484,-86.60574082
901767701,2020,1,3,1600,Weekday,2-Car,No injury/unknown,FAILURE TO YIELD RIGHT OF WAY,LAKEVIEW & SR46W,39.221152,-86.6056
901936888,2020,12,1,1300,Weekend,1-Car,No injury/unknown,SPEED TOO FAST FOR WEATHER CONDITIONS,HARBISON & HARTSTRAIGHT RD,39.220944,-86.612192
901879719,2020,8,4,1400,Weekday,2-Car,Non-incapacitating,DRIVER DISTRACTED - EXPLAIN IN NARRATIVE,EAST COX & SR45E,39.22012454,-86.44274395
901934897,2020,12,3,1500,Weekday,2-Car,No injury/unknown,UNSAFE LANE MOVEMENT,LOVE & SR46W,39.22005121,-86.6037376
901800181,2020,3,3,2000,Weekday,1-Car,No injury/unknown,ANIMAL/OBJECT IN ROADWAY,KINSER & SR37N,39.22003082,-86.55081748
901943593,2020,12,5,2100,Weekday,2-Car,No injury/unknown,ROADWAY SURFACE CONDITION,SR37N & VERNAL,39.21975992,-86.55998992
901877719,2020,8,7,300,Weekend,1-Car,No injury/unknown,RAN OFF ROAD RIGHT,BOLTINGHOUSE RD & OLD MYERS,39.21972147,-86.47278796
901756998,2020,1,6,800,Weekday,2-Car,No injury/unknown,VIEW OBSTRUCTED,SR45E,39.21936967,-86.44920774
901946252,2020,12,1,1300,Weekend,1-Car,No injury/unknown,RAN OFF ROAD RIGHT,SR45E,39.21936967,-86.44920774
901823510,2020,5,2,500,Weekday,1-Car,No injury/unknown,ANIMAL/OBJECT IN ROADWAY,KINSER & SR37N,39.21881363,-86.55163494
901782563,2020,2,3,2000,Weekday,1-Car,No injury/unknown,RAN OFF ROAD RIGHT,SR37N & SR46,39.21877162,-86.5550103
901917663,2020,11,3,900,Weekday,2-Car,No injury/unknown,FAILURE TO YIELD RIGHT OF WAY,LOVE LN & SR46W,39.21865316,-86.60146093
901893836,2020,9,3,1700,Weekday,2-Car,No injury/unknown,UNSAFE LANE MOVEMENT,N UNION VALLEY RD & W WILLOW,39.21811614,-86.59269156
901817689,2020,5,4,1600,Weekday,2-Car,No injury/unknown,FAILURE TO YIELD RIGHT OF WAY,DANIELS WAY & STATE ROAD 48,39.21770267,-86.59910984
901912945,2020,10,2,800,Weekday,2-Car,No injury/unknown,FOLLOWING TOO CLOSELY,NORTH RIDGEWOOD & SR46W,39.21727209,-86.59905517
901910560,2020,10,3,1700,Weekday,2-Car,No injury/unknown,OTHER (DRIVER) - EXPLAIN IN NARRATIVE,RATLIFF RD & STARNES,39.2168697,-86.65871992
901757566,2020,1,7,1700,Weekend,2-Car,No injury/unknown,UNSAFE BACKING,ARDSLEY DR & WHITERIVER,39.21684019,-86.58715993
901868563,2020,8,4,800,Weekday,Moped/Motorcycle,Non-incapacitating,FAILURE TO YIELD RIGHT OF WAY,BRIAR GATE & SR46W,39.21681897,-86.59710288
901783909,2020,2,7,1600,Weekend,1-Car,No injury/unknown,BRAKE FAILURE OR DEFECTIVE,RICHLAND PLAZA PLZ,39.21678185,-86.59311778
901853128,2020,7,3,800,Weekday,1-Car,No injury/unknown,BRAKE FAILURE OR DEFECTIVE,RICHLAND PLAZA DR,39.21677783,-86.59323781
901846192,2020,6,7,1200,Weekend,2-Car,No injury/unknown,UNSAFE BACKING,W RICHLAND PLAZA DR,39.21677783,-86.59323781
901905248,2020,10,3,1500,Weekday,2-Car,Non-incapacitating,FAILURE TO YIELD RIGHT OF WAY,BRIARGATE & SR46W,39.21659869,-86.59634113
901879407,2020,8,4,900,Weekday,2-Car,No injury/unknown,FAILURE TO YIELD RIGHT OF WAY,LOUDEN & RATLIFF RD,39.21656996,-86.63987003
901898771,2020,10,5,1000,Weekday,2-Car,Non-incapacitating,FAILURE TO YIELD RIGHT OF WAY,BRIAR GATE & SR46W,39.21656129,-86.59621239
901789151,2020,3,6,1300,Weekday,Pedestrian,Incapacitating,FAILURE TO YIELD RIGHT OF WAY,W RICHLAND PLAZA DR,39.21655923,-86.59484311
901800792,2020,3,7,2200,Weekend,2-Car,No injury/unknown,UNSAFE BACKING,W RICHLAND PLAZA DR,39.21653576,-86.59381046
901894272,2020,9,3,1800,Weekday,2-Car,Non-incapacitating,UNSAFE LANE MOVEMENT,NORTH KINSER & SR37,39.21631855,-86.55303465
901924332,2020,11,6,1700,Weekday,2-Car,No injury/unknown,UNSAFE LANE MOVEMENT,LYNWEST & UNION VALLEY RD,39.21605967,-86.59271009
901843669,2020,6,3,1300,Weekday,2-Car,No injury/unknown,FAILURE TO YIELD RIGHT OF WAY,SR46W & UNION VALLEY RD,39.21600797,-86.5928
901839085,2020,6,1,600,Weekend,1-Car,No injury/unknown,ANIMAL/OBJECT IN ROADWAY,SR46W & UNION VALLEY,39.21569341,-86.59442231
901854943,2020,7,4,1600,Weekday,2-Car,Non-incapacitating,OTHER (DRIVER) - EXPLAIN IN NARRATIVE,CASTILLA & SR45E,39.21566356,-86.45500481
901858956,2020,7,5,1000,Weekday,2-Car,No injury/unknown,IMPROPER TURNING,N UNION VALLEY RD,39.215568,-86.5928
901915069,2020,11,5,2200,Weekday,1-Car,No injury/unknown,OTHER (DRIVER) - EXPLAIN IN NARRATIVE,NORTH HARTSTRAIT,39.21552323,-86.61131925
901755312,2020,1,3,1400,Weekday,2-Car,No injury/unknown,FAILURE TO YIELD RIGHT OF WAY,BAYLES & BUSINESS 37 N HWY,39.21548398,-86.53703475
901830734,2020,5,6,1900,Weekend,2-Car,No injury/unknown,UNSAFE LANE MOVEMENT,N STONE MILL & SR37N,39.21548398,-86.53703475
901887290,2020,9,5,2200,Weekday,2-Car,Non-incapacitating,FOLLOWING TOO CLOSELY,SR46W & UNION VALLEY,39.21546406,-86.59297228
901762321,2020,1,2,1300,Weekday,2-Car,Non-incapacitating,FAILURE TO YIELD RIGHT OF WAY,0LD 37 NORTH RD & BETHEL LANE,39.2154225,-86.52155578
901833576,2020,5,5,1100,Weekday,2-Car,No injury/unknown,FOLLOWING TOO CLOSELY,SR46 & UNION VALLEY RD,39.21535861,-86.59301239
901770807,2020,1,7,1000,Weekend,2-Car,No injury/unknown,FAILURE TO YIELD RIGHT OF WAY,BETHEL & OLD STATE ROAD 37 RD,39.215344,-86.521392
901805040,2020,4,2,1200,Weekday,Moped/Motorcycle,Non-incapacitating,FAILURE TO YIELD RIGHT OF WAY,E BETHEL LN & N OLD SR 37,39.215344,-86.521392
901882616,2020,9,3,1600,Weekday,2-Car,Non-incapacitating,DRIVER DISTRACTED - EXPLAIN IN NARRATIVE,BETHEL LN & NORTH OLD STATE ROAD 37,39.215344,-86.521392
901890746,2020,8,5,1500,Weekday,1-Car,No injury/unknown,ANIMAL/OBJECT IN ROADWAY,BETHEL & OLD STATE ROAD 37 N RD,39.215344,-86.521392
901814643,2020,4,3,1400,Weekday,Moped/Motorcycle,No injury/unknown,IMPROPER PASSING,BETHEL LN & OLD STATE ROAD 37,39.21531276,-86.51786157
901766003,2020,1,7,1600,Weekend,2-Car,No injury/unknown,OTHER (ENVIRONMENTAL) - EXPLAIN IN NARR,CENTENNIAL DR & SR 46,39.21525367,-86.58269003
901799259,2020,3,4,1600,Weekday,2-Car,No injury/unknown,FOLLOWING TOO CLOSELY,RATLIFF & THOMAS RD,39.21519849,-86.63041197
901784936,2020,2,2,2200,Weekday,2-Car,No injury/unknown,FOLLOWING TOO CLOSELY,N UNION VALLEY & SR46W,39.215152,-86.5928
901825957,2020,5,5,1700,Weekday,2-Car,Non-incapacitating,FAILURE TO YIELD RIGHT OF WAY,SR46W & UNION VALLEY,39.215152,-86.5928
901826894,2020,5,6,1200,Weekday,2-Car,No injury/unknown,DRIVER DISTRACTED - EXPLAIN IN NARRATIVE,SR46W & UNION VALLEY,39.215152,-86.5928
901887405,2020,9,4,1000,Weekday,2-Car,Incapacitating,FAILURE TO YIELD RIGHT OF WAY,SR46 & UNION VALLEY,39.215152,-86.5928
901899822,2020,10,7,1800,Weekend,2-Car,No injury/unknown,OTHER (DRIVER) - EXPLAIN IN NARRATIVE,SR46W & UNION VALLEY,39.215152,-86.5928
901901652,2020,10,4,1100,Weekday,2-Car,No injury/unknown,DISREGARD SIGNAL/REG SIGN,SR46 & UNION VALLEY RD,39.215152,-86.5928
901802497,2020,4,3,600,Weekday,1-Car,No injury/unknown,ANIMAL/OBJECT IN ROADWAY,SR46W & UNION VALLEY,39.21496137,-86.59254583
901753542,2020,1,1,1900,Weekday,1-Car,No injury/unknown,ANIMAL/OBJECT IN ROADWAY,BETHEL LN & INNISBROOKE,39.21490029,-86.46903181
901916361,2020,11,7,1200,Weekend,1-Car,No injury/unknown,RAN OFF ROAD RIGHT,BETHEL LN & STIDD,39.214752,-86.477504
901886157,2020,9,3,1800,Weekday,2-Car,Non-incapacitating,OTHER (DRIVER) - EXPLAIN IN NARRATIVE,BETHEL LN & BOLTINGHOUSE,39.214752,-86.472896
901888367,2020,9,1,1500,Weekend,2-Car,No injury/unknown,UNSAFE LANE MOVEMENT,BETHEL & BOLTING HOUSE RD,39.214752,-86.472896
901759364,2020,1,4,0,Weekday,1-Car,No injury/unknown,RAN OFF ROAD RIGHT,ROBS LN,39.214752,-86.468
901867737,2020,8,2,1600,Weekday,1-Car,Non-incapacitating,RAN OFF ROAD RIGHT,BRUMMETTS CREEK RD & MCCOY,39.21457976,-86.39936976
901883653,2020,9,5,1500,Weekday,1-Car,No injury/unknown,OTHER (VEHICLE) - EXPLAIN IN NARRATIVE,E THORNTON DR,39.214448,-86.570832
901897126,2020,10,3,1400,Weekday,1-Car,No injury/unknown,SPEED TOO FAST FOR WEATHER CONDITIONS,BETHEL LN & HINKLE,39.21426961,-86.50841283
901817054,2020,5,3,1700,Weekday,2-Car,No injury/unknown,FOLLOWING TOO CLOSELY,2ND & S COLLEGE AVE,39.21424802,-86.53492994
901819151,2020,5,6,1000,Weekday,2-Car,Non-incapacitating,FAILURE TO YIELD RIGHT OF WAY,SR46W & UNION VALLEY,39.21421656,-86.59150766
901795932,2020,3,4,1300,Weekday,2-Car,Non-incapacitating,FOLLOWING TOO CLOSELY,N UNION VALLEY & SR46W,39.21421656,-86.59150766
901773203,2020,2,6,2200,Weekend,1-Car,No injury/unknown,ROADWAY SURFACE CONDITION,3500 BLK BETHEL LN & BAUGH,39.21364312,-86.48537661
901844385,2020,6,3,1600,Weekday,1-Car,No injury/unknown,UNSAFE SPEED,4850 N OLD STATE ROAD 37 HWY & PRAIRRIE,39.21323678,-86.51722983
901932110,2020,11,6,1400,Weekday,2-Car,Non-incapacitating,FAILURE TO YIELD RIGHT OF WAY,BAUGH & BETHEL LN,39.21303011,-86.48676352
901906943,2020,10,6,1700,Weekday,1-Car,Non-incapacitating,RAN OFF ROAD RIGHT,BAUGH & BETHEL LN,39.21291182,-86.48866078
901824247,2020,5,7,2200,Weekend,1-Car,No injury/unknown,RAN OFF ROAD RIGHT,BAUGH & BETHEL LN,39.21269745,-86.49235815
901848134,2020,6,4,2000,Weekday,1-Car,No injury/unknown,ANIMAL/OBJECT IN ROADWAY,BETHEL & SR45,39.21267017,-86.46002932
901820149,2020,5,1,1400,Weekend,2-Car,No injury/unknown,FOLLOWING TOO CLOSELY,N SMITH PIKE & NORWAY,39.21246468,-86.58311985
901920097,2020,11,6,1600,Weekday,1-Car,No injury/unknown,UNSAFE BACKING,YELLOW WOOD LAKE RD,39.2121879,-86.34468689
901807316,2020,4,6,1500,Weekday,2-Car,No injury/unknown,FAILURE TO YIELD RIGHT OF WAY,DEER PARK & SR46W,39.212048,-86.5872
901839945,2020,6,3,700,Weekday,2-Car,No injury/unknown,UNSAFE LANE MOVEMENT,DEER PARK & SR46W,39.212048,-86.5872
901881450,2020,8,2,900,Weekday,2-Car,No injury/unknown,OTHER (DRIVER) - EXPLAIN IN NARRATIVE,DEER PARK & SR46W,39.212048,-86.5872
901945390,2020,12,6,700,Weekday,2-Car,No injury/unknown,ROADWAY SURFACE CONDITION,FOREST PARK DR & SR46,39.212048,-86.5872
901809092,2020,4,2,1600,Weekday,1-Car,No injury/unknown,ANIMAL/OBJECT IN ROADWAY,BOTTOM & SR37,39.21159419,-86.54191978
901852969,2020,7,1,300,Weekend,1-Car,No injury/unknown,RAN OFF ROAD RIGHT,E WOODRIDGE DR,39.21148212,-86.52871184
901807817,2020,4,7,1000,Weekend,1-Car,No injury/unknown,SPEED TOO FAST FOR WEATHER CONDITIONS,N KINSER PIKE & W CLUB HOUSE,39.21140425,-86.54285989
901812690,2020,4,2,900,Weekday,2-Car,No injury/unknown,DRIVER DISTRACTED - EXPLAIN IN NARRATIVE,ARLINGTON & SR46E,39.21065013,-86.58406589
901799801,2020,3,5,700,Weekday,2-Car,No injury/unknown,UNSAFE LANE MOVEMENT,SMITH & SR46W,39.21030898,-86.58348225
901843908,2020,6,3,1700,Weekday,2-Car,No injury/unknown,FAILURE TO YIELD RIGHT OF WAY,GRAMERCY & HINKLE RD,39.21030676,-86.50541446
901764767,2020,1,5,1200,Weekday,2-Car,No injury/unknown,FAILURE TO YIELD RIGHT OF WAY,SMITH PIKE & SR46,39.210144,-86.5832
901774360,2020,2,3,1200,Weekday,2-Car,Non-incapacitating,UNSAFE SPEED,SMITH & SR46W,39.210144,-86.5832
901786972,2020,3,6,1400,Weekday,2-Car,No injury/unknown,FOLLOWING TOO CLOSELY,SMITH & SR46W,39.210144,-86.5832
901889755,2020,9,2,2100,Weekday,1-Car,No injury/unknown,OVERCORRECTING/OVERSTEERING,SMITH & SR46W,39.210144,-86.5832
901820491,2020,5,1,1200,Weekend,2-Car,No injury/unknown,LEFT OF CENTER,BETHEL & SR45E,39.209952,-86.463392
901846309,2020,6,1,500,Weekend,1-Car,Non-incapacitating,RAN OFF ROAD RIGHT,BETHEL & SR45E,39.209952,-86.463392
901922337,2020,11,3,1400,Weekday,3+ Cars,No injury/unknown,DRIVER DISTRACTED - EXPLAIN IN NARRATIVE,SMITH & SR46,39.20991579,-86.58276778
901859822,2020,7,6,1600,Weekday,1-Car,No injury/unknown,RAN OFF ROAD RIGHT,W PYRAMID CT,39.20987885,-86.57939557
901869877,2020,8,6,0,Weekday,2-Car,No injury/unknown,OTHER (DRIVER) - EXPLAIN IN NARRATIVE,SMITH PIKE & SR46,39.20986935,-86.5832
901865978,2020,8,5,1400,Weekday,2-Car,No injury/unknown,DRIVER DISTRACTED - EXPLAIN IN NARRATIVE,ARLINGTON & SR46W,39.209808,-86.582672
901759451,2020,1,4,1600,Weekday,2-Car,No injury/unknown,UNSAFE LANE MOVEMENT,ARLINGTON & SR46W,39.20971899,-86.58253758
901845836,2020,6,7,1600,Weekend,2-Car,No injury/unknown,UNSAFE BACKING,BEXLEY DR & ROXFORD,39.20922514,-86.55808351
901758270,2020,1,7,1900,Weekend,1-Car,No injury/unknown,ANIMAL/OBJECT IN ROADWAY,ACUFF RD & SR37S,39.20878235,-86.55459194
901806100,2020,4,1,2100,Weekday,3+ Cars,Non-incapacitating,OTHER (DRIVER) - EXPLAIN IN NARRATIVE,ST ROAD BUISNESS 37 HWY & WISHNAND,39.20877419,-86.53976999
901779328,2020,2,4,2300,Weekday,1-Car,No injury/unknown,OVERCORRECTING/OVERSTEERING,HARTSTRAIGHT ROAD RD & WOODYARD ROAD,39.208544,-86.611504
901843527,2020,6,3,900,Weekday,2-Car,No injury/unknown,UNSAFE BACKING,OLD SR 37,39.208432,-86.52578188
901880195,2020,8,5,1300,Weekday,2-Car,Non-incapacitating,FAILURE TO YIELD RIGHT OF WAY,ACUFF RD & PROW,39.20835033,-86.55211016
901777847,2020,2,2,1600,Weekday,3+ Cars,Non-incapacitating,FAILURE TO YIELD RIGHT OF WAY,ACUFF & SR37N,39.20824,-86.554704
901779627,2020,2,4,1800,Weekday,2-Car,No injury/unknown,FAILURE TO YIELD RIGHT OF WAY,ACUFF & SR37N,39.20824,-86.554704
901813191,2020,4,2,1600,Weekday,2-Car,Non-incapacitating,FAILURE TO YIELD RIGHT OF WAY,ACUFF & SR37N,39.20824,-86.554704
901894768,2020,9,5,1300,Weekday,2-Car,Non-incapacitating,FAILURE TO YIELD RIGHT OF WAY,ACUFF & SR37S,39.20824,-86.554704
901758889,2020,1,2,1700,Weekday,1-Car,No injury/unknown,ROADWAY SURFACE CONDITION,ACUFF ROAD RD & PROW RD,39.20824,-86.552192
901935697,2020,12,6,1500,Weekday,1-Car,No injury/unknown,ROADWAY SURFACE CONDITION,FOREST PARK & SMITH PIKE,39.20822363,-86.58315447
901817107,2020,5,3,1800,Weekday,3+ Cars,No injury/unknown,ROADWAY SURFACE CONDITION,FORREST PARK & SMITH PIKE,39.20822024,-86.58315002
901935453,2020,12,6,1100,Weekday,2-Car,Non-incapacitating,SPEED TOO FAST FOR WEATHER CONDITIONS,SMITH PIKE & W FORREST PARK,39.20822024,-86.58315002
901948143,2020,12,4,800,Weekday,2-Car,No injury/unknown,OTHER (DRIVER) - EXPLAIN IN NARRATIVE,SMITH & WEST FOREST DR,39.20822024,-86.58315002
901882961,2020,9,3,1000,Weekday,2-Car,Non-incapacitating,OTHER (DRIVER) - EXPLAIN IN NARRATIVE,SR46W,39.20817926,-86.57903341
901761356,2020,1,6,2100,Weekend,1-Car,Non-incapacitating,UNSAFE SPEED,DUNN & OLD STATE ROAD 37 RD,39.208048,-86.528704
901896694,2020,10,2,1600,Weekday,2-Car,Non-incapacitating,SPEED TOO FAST FOR WEATHER CONDITIONS,DUNN & N OLD STATE ROAD 37 RD,39.208048,-86.528704
901903633,2020,10,1,800,Weekend,1-Car,No injury/unknown,OTHER (DRIVER) - EXPLAIN IN NARRATIVE,N DUNN & N OLD SR 37 RD,39.208048,-86.528704
901906099,2020,10,4,1700,Weekday,1-Car,No injury/unknown,SPEED TOO FAST FOR WEATHER CONDITIONS,DUNN & OLD STATE ROAD 37 RD,39.208048,-86.528704
901911261,2020,10,6,1800,Weekday,3+ Cars,Non-incapacitating,OVERCORRECTING/OVERSTEERING,DUNN & OLD SR 37 RD,39.208048,-86.528704
901915953,2020,11,7,1100,Weekend,1-Car,No injury/unknown,RAN OFF ROAD RIGHT,DUNN & OLD STATE ROAD 37 N RD,39.208048,-86.528704
901908490,2020,10,2,1700,Weekday,2-Car,Non-incapacitating,LEFT OF CENTER,NORTH DUNN & OLD 37 RD,39.20801975,-86.52880649
901913287,2020,10,3,1400,Weekday,1-Car,No injury/unknown,OVERCORRECTING/OVERSTEERING,N DUNN & N OLD ST RD 37 RD,39.20801975,-86.52880649
901906338,2020,10,4,1700,Weekday,1-Car,No injury/unknown,ROADWAY SURFACE CONDITION,DUNN & OLD STATE 37 RD,39.20801975,-86.52869832
901906339,2020,10,4,1700,Weekday,1-Car,No injury/unknown,ROADWAY SURFACE CONDITION,DUNN & OLD STATE 37 RD,39.20801975,-86.528694
901833589,2020,5,4,1300,Weekday,2-Car,No injury/unknown,UNSAFE BACKING,ARLINGTON RD,39.20791849,-86.5790563
901902309,2020,10,4,1300,Weekday,2-Car,No injury/unknown,UNSAFE LANE MOVEMENT,SR46W,39.20790453,-86.57552608