Master Record Number,Year,Month,Day,Hour,Weekend,Collision Type,Injury Type,Primary Factor,Reported_Location,Latitude,Longitude
901905796,2020,10,4,1600,Weekday,2-Car,No injury/unknown,FAILURE TO YIELD RIGHT OF WAY,SR46 & SR46W,39.20790453,-86.57552608
901859138,2020,7,2,1300,Weekday,2-Car,No injury/unknown,ACCELERATOR FAILURE OR DEFECTIVE,OLD STATE ROAD 37 RD,39.20790173,-86.52855768
901889793,2020,9,2,1500,Weekday,1-Car,No injury/unknown,SPEED TOO FAST FOR WEATHER CONDITIONS,N DUNN & SR37N,39.20781837,-86.52630956
901770213,2020,1,1,1900,Weekday,1-Car,Non-incapacitating,ANIMAL/OBJECT IN ROADWAY,ACUFF & SR37N,39.2076907,-86.55470004
901757295,2020,1,7,1200,Weekend,2-Car,No injury/unknown,FAILURE TO YIELD RIGHT OF WAY,SR46 & SR46W,39.207648,-86.573792
901762324,2020,1,2,1400,Weekday,2-Car,No injury/unknown,DRIVER DISTRACTED - EXPLAIN IN NARRATIVE,SR46 & SR46W,39.207648,-86.573792
901783763,2020,2,7,1100,Weekend,2-Car,No injury/unknown,FAILURE TO YIELD RIGHT OF WAY,SR46 & SR46W,39.207648,-86.573792
901818166,2020,5,5,1600,Weekday,2-Car,No injury/unknown,FAILURE TO YIELD RIGHT OF WAY,SR46 & SR46W,39.207648,-86.573792
901812347,2020,4,1,1600,Weekend,2-Car,No injury/unknown,DRIVER DISTRACTED - EXPLAIN IN NARRATIVE,SR46 & SR46W,39.207648,-86.573792
901918765,2020,11,4,1500,Weekday,2-Car,No injury/unknown,FAILURE TO YIELD RIGHT OF WAY,SR46 & SR46W,39.207648,-86.573792
901922286,2020,11,3,1800,Weekday,2-Car,No injury/unknown,FOLLOWING TOO CLOSELY,SR46 & SR46W,39.207648,-86.573792
901902828,2020,10,5,1700,Weekday,2-Car,No injury/unknown,UNSAFE LANE MOVEMENT,ARLINGTON & SR46W,39.20763016,-86.57987541
901942937,2020,12,3,1700,Weekday,3+ Cars,Non-incapacitating,UNSAFE SPEED,SR46 & W ARLINGTON,39.20756748,-86.57986869
901830365,2020,5,6,2300,Weekend,2-Car,No injury/unknown,FAILURE TO YIELD RIGHT OF WAY,1900 BLOCK S WALNUT ST & NORTH,39.20752056,-86.53181268
901863263,2020,7,6,700,Weekday,2-Car,No injury/unknown,INSECURE/LEAKY LOAD,SR46 & SR46W,39.20733466,-86.57321208
901920630,2020,11,1,1900,Weekday,1-Car,No injury/unknown,ANIMAL/OBJECT IN ROADWAY,ACUFF & SR37S,39.2071414,-86.55469607
901922419,2020,11,5,800,Weekday,2-Car,No injury/unknown,ANIMAL/OBJECT IN ROADWAY,ACUFF & SR37N,39.2071414,-86.55469607
901772895,2020,2,6,1700,Weekday,2-Car,No injury/unknown,DISREGARD SIGNAL/REG SIGN,OLD SR 37 & SR 37  BUISNESS RD,39.20712993,-86.53484009
901870434,2020,8,7,1200,Weekend,2-Car,No injury/unknown,FAILURE TO YIELD RIGHT OF WAY,NORTH WALNUT ST & OLD SR 37,39.20704,-86.534704
901895642,2020,9,6,1600,Weekday,2-Car,No injury/unknown,FOLLOWING TOO CLOSELY,NORTH OLD STATE ROAD 37 & NORTH WALNUT ST,39.20704,-86.534704
901896780,2020,10,2,2200,Weekday,2-Car,No injury/unknown,FOLLOWING TOO CLOSELY,OLD STATE ROAD 37 & WALNUT ST,39.20704,-86.534704
901910558,2020,10,5,1400,Weekday,2-Car,Non-incapacitating,FOLLOWING TOO CLOSELY,OLD STATE RD 37 & WALNUT ST,39.20704,-86.534704
901913556,2020,10,3,1900,Weekday,1-Car,No injury/unknown,ANIMAL/OBJECT IN ROADWAY,N WALNUT ST & OLD STATE RD 37,39.20704,-86.534704
901823531,2020,5,7,1700,Weekend,2-Car,No injury/unknown,FOLLOWING TOO CLOSELY,N SMITH PIKE & W COFFEY,39.20703259,-86.58314623
901818972,2020,5,6,2000,Weekend,3+ Cars,No injury/unknown,UNSAFE LANE MOVEMENT,INDIANA AVE & THIRD,39.20661732,-86.52691014
901838050,2020,6,5,1500,Weekday,2-Car,No injury/unknown,OTHER (DRIVER) - EXPLAIN IN NARRATIVE,WEST STATE STATE ROAD 46 RD,39.20659952,-86.57143749
901893562,2020,9,3,1700,Weekday,2-Car,No injury/unknown,IMPROPER TURNING,ACUFF & N MAPLE GROVE RD,39.206352,-86.557696
901928089,2020,11,1,100,Weekend,1-Car,Non-incapacitating,ANIMAL/OBJECT IN ROADWAY,ACUFF & N MAPLE GROVE RD,39.206352,-86.557696
901805788,2020,4,3,2100,Weekday,2-Car,No injury/unknown,IMPROPER TURNING,S STATE RD 46,39.206312,-86.571312
901880828,2020,9,7,300,Weekend,1-Car,No injury/unknown,RAN OFF ROAD RIGHT,SR46E,39.206312,-86.571312
901754655,2020,1,3,900,Weekday,1-Car,No injury/unknown,OTHER (DRIVER) - EXPLAIN IN NARRATIVE,N DUNN ST,39.206144,-86.528592
901775707,2020,2,5,2300,Weekday,2-Car,No injury/unknown,UNSAFE BACKING,N DUNN ST,39.206144,-86.528592
901877531,2020,8,1,300,Weekend,2-Car,No injury/unknown,OTHER (DRIVER) - EXPLAIN IN NARRATIVE,N DUNN ST,39.206144,-86.528592
901791674,2020,3,2,1100,Weekday,3+ Cars,No injury/unknown,FOLLOWING TOO CLOSELY,SMITH PIKE & W CARMOLA,39.204448,-86.583168
901909795,2020,10,1,0,Weekend,2-Car,No injury/unknown,RAN OFF ROAD RIGHT,N HINKLE RD,39.20409393,-86.50946044
901857243,2020,7,2,1600,Weekday,2-Car,No injury/unknown,FAILURE TO YIELD RIGHT OF WAY,LAW & UNION ST,39.20406993,-86.50966018
901874867,2020,8,3,0,Weekday,1-Car,No injury/unknown,UNSAFE BACKING,10TH & JORDAN AVE,39.20331897,-86.51566028
901815150,2020,4,6,1500,Weekday,2-Car,No injury/unknown,FAILURE TO YIELD RIGHT OF WAY,N KINSER PIKE,39.20304,-86.547392
901938704,2020,12,4,1400,Weekday,2-Car,No injury/unknown,IMPROPER TURNING,N KINSER PIKE,39.20304,-86.547392
901868504,2020,8,4,400,Weekday,1-Car,No injury/unknown,ANIMAL/OBJECT IN ROADWAY,CONNAUGHT & SR37N,39.20226578,-86.53384029
901879537,2020,8,3,800,Weekday,2-Car,No injury/unknown,LEFT OF CENTER,ARLINGTON RD & STONEY BROOK,39.20197331,-86.56168275
901841712,2020,6,6,1000,Weekday,2-Car,No injury/unknown,LEFT OF CENTER,WEST WALCOTT & WEST WOODYARD RD,39.201488,-86.601968
901800726,2020,3,7,1600,Weekend,2-Car,No injury/unknown,LEFT OF CENTER,HARTSTRAIT & WALCOTT LN,39.20132026,-86.61130987
901754148,2020,1,2,1500,Weekday,2-Car,No injury/unknown,SPEED TOO FAST FOR WEATHER CONDITIONS,KINSER PIKE,39.20113318,-86.54733046
901769620,2020,1,7,1200,Weekend,1-Car,Non-incapacitating,DRIVER DISTRACTED - EXPLAIN IN NARRATIVE,KINSER PIKE,39.20113318,-86.54733046
901773254,2020,2,1,300,Weekend,1-Car,No injury/unknown,CELL PHONE USAGE,CLUBHOUSE & NORTH KINSER PIKE,39.20082003,-86.54285989
901888888,2020,9,2,1500,Weekday,2-Car,No injury/unknown,LEFT OF CENTER,CLUB HOUSE & KINSER PIKE,39.20082003,-86.54285989
901932640,2020,12,2,1000,Weekday,2-Car,No injury/unknown,LEFT OF CENTER,N KINSER PIKE & W CLUB HOUSE,39.20082003,-86.54285989
901910096,2020,10,4,600,Weekday,Moped/Motorcycle,Non-incapacitating,ANIMAL/OBJECT IN ROADWAY,BROOKFIELD & STONEYBROOK BLVD,39.20064032,-86.56239978
901925054,2020,11,2,2300,Weekday,1-Car,Non-incapacitating,ANIMAL/OBJECT IN ROADWAY,HEADLY RD & HINKLE,39.20053715,-86.51415019
901832925,2020,5,1,1100,Weekend,1-Car,No injury/unknown,RAN OFF ROAD RIGHT,RUSSELL & SR45E,39.200352,-86.468
901897279,2020,10,2,1300,Weekday,1-Car,Non-incapacitating,RAN OFF ROAD RIGHT,MAPLE GROVE & W ARLINGTON RD,39.20006819,-86.55987856
901759452,2020,1,4,1800,Weekday,2-Car,No injury/unknown,IMPROPER PASSING,ARLINGTON RD & N MAPLE GROVE,39.19977752,-86.55974501
901813716,2020,4,4,0,Weekday,1-Car,No injury/unknown,ANIMAL/OBJECT IN ROADWAY,N RUSSELL & SR45E,39.19952847,-86.46796576
901823291,2020,5,1,900,Weekend,1-Car,No injury/unknown,RAN OFF ROAD RIGHT,DUNN ST & KENWOOD,39.19907687,-86.52865221
901950427,2020,12,1,1300,Weekend,1-Car,No injury/unknown,RAN OFF ROAD RIGHT,N SMITH PIKE & W NELSON,39.199072,-86.583152
901863291,2020,7,7,1500,Weekend,1-Car,No injury/unknown,IMPROPER TURNING,WALNUT ST,39.19905782,-86.53515256
901902568,2020,10,5,1300,Weekday,2-Car,No injury/unknown,UNSAFE LANE MOVEMENT,ACUFF & SR37S,39.19863467,-86.5543644
901905013,2020,9,5,1000,Weekday,2-Car,No injury/unknown,IMPROPER LANE USAGE,OLD STATE ROAD 37 & SR37S,39.19851068,-86.54416009
901912192,2020,10,2,400,Weekday,1-Car,No injury/unknown,ANIMAL/OBJECT IN ROADWAY,E WYLIE & SR37N,39.19846062,-86.52923025
901849683,2020,6,7,1500,Weekend,Moped/Motorcycle,No injury/unknown,FAILURE TO YIELD RIGHT OF WAY,OLD STATE 37 NORTH RD & WYLIE,39.19837089,-86.50107979
901815196,2020,4,6,1900,Weekend,1-Car,No injury/unknown,ROADWAY SURFACE CONDITION,2600 N OLD STATE RD 37 RD & CLUB HOUSE,39.19824,-86.5368
901891829,2020,9,6,800,Weekday,2-Car,No injury/unknown,,KINGSLEY DR & WINDING,39.1979903,-86.54326021
901820978,2020,5,1,1800,Weekend,2-Car,No injury/unknown,FAILURE TO YIELD RIGHT OF WAY,ARLINGTON RD & STOUTS CREEK,39.19789977,-86.55834356
901903568,2020,10,7,2200,Weekend,2-Car,No injury/unknown,UNSAFE BACKING,WALNUT ST,39.19787832,-86.53483405
901758306,2020,1,2,1600,Weekday,Pedestrian,Non-incapacitating,PEDESTRIAN ACTION,SR37S & VERNAL,39.1976155,-86.56233005
901910675,2020,10,5,2300,Weekday,1-Car,No injury/unknown,ANIMAL/OBJECT IN ROADWAY,SR37N & SR46,39.19689046,-86.55462122
901803779,2020,4,6,1700,Weekday,2-Car,No injury/unknown,FOLLOWING TOO CLOSELY,E BLUE RIDGE & N WALNUT ST,39.196848,-86.5344
901803804,2020,4,6,1500,Weekday,3+ Cars,Incapacitating,FOLLOWING TOO CLOSELY,BLUE RIDGE & N WALNUT ST,39.196848,-86.5344
901844480,2020,6,4,1200,Weekday,2-Car,Non-incapacitating,FOLLOWING TOO CLOSELY,BLUE RIDGE & WALNUT ST,39.196848,-86.5344
901907010,2020,10,6,1900,Weekend,2-Car,No injury/unknown,FOLLOWING TOO CLOSELY,E BLUE RIDGE & N WALNUT ST,39.196848,-86.5344
901927295,2020,11,5,1900,Weekday,1-Car,No injury/unknown,ANIMAL/OBJECT IN ROADWAY,SR37N & SR46,39.19634117,-86.55461537
901773808,2020,2,1,1800,Weekend,2-Car,No injury/unknown,FOLLOWING TOO CLOSELY,BLUE RIDGE & WALNUT ST,39.19632137,-86.53419924
901859668,2020,7,7,1500,Weekend,Moped/Motorcycle,Incapacitating,FOLLOWING TOO CLOSELY,EAST UNIVERSITY & SR46E,39.19567151,-86.50326982
901769705,2020,1,7,1000,Weekend,1-Car,No injury/unknown,SPEED TOO FAST FOR WEATHER CONDITIONS,KINSER PIKE & WINDING,39.19545868,-86.54135484
901903241,2020,10,7,0,Weekend,2-Car,No injury/unknown,UNSAFE SPEED,STONEGATE & STONEGATE CT,39.194944,-86.543392
901939457,2020,12,5,1700,Weekday,1-Car,No injury/unknown,DRIVER DISTRACTED - EXPLAIN IN NARRATIVE,MEADOW LN,39.19480133,-86.54415893
901796302,2020,3,4,1200,Weekday,1-Car,No injury/unknown,OTHER (VEHICLE) - EXPLAIN IN NARRATIVE,FOSTER EAST LOT DR & LAW,39.19475503,-86.51665828
901931564,2020,11,6,2200,Weekend,2-Car,No injury/unknown,OTHER (DRIVER) - EXPLAIN IN NARRATIVE,ARLINGTON & SR37,39.19455597,-86.55459638
901931813,2020,11,1,1800,Weekend,1-Car,No injury/unknown,ANIMAL/OBJECT IN ROADWAY,ARLINGTON & SR37N,39.19425386,-86.55459317
901759288,2020,1,4,1300,Weekday,2-Car,No injury/unknown,DISREGARD SIGNAL/REG SIGN,SR37S & SR46W,39.194144,-86.554592
901765866,2020,1,6,2000,Weekend,1-Car,No injury/unknown,RAN OFF ROAD RIGHT,SR37N & SR4546,39.194144,-86.554592
901839081,2020,6,1,1300,Weekend,2-Car,Non-incapacitating,FOLLOWING TOO CLOSELY,37 & SR46W,39.194144,-86.554592
901901569,2020,10,4,800,Weekday,1-Car,No injury/unknown,ANIMAL/OBJECT IN ROADWAY,SR37N & SR46W,39.194144,-86.554592
901817376,2020,5,4,900,Weekday,2-Car,No injury/unknown,UNSAFE BACKING,N WALNUT ST,39.193952,-86.533296
901835343,2020,6,1,1600,Weekend,2-Car,No injury/unknown,UNSAFE BACKING,N WALNUT ST,39.193952,-86.533296
901831320,2020,5,1,700,Weekend,1-Car,No injury/unknown,ANIMAL/OBJECT IN ROADWAY,NORTH LOESCH & WEST WOODYARD RD,39.193872,-86.590784
901833959,2020,6,6,400,Weekday,1-Car,No injury/unknown,RAN OFF ROAD RIGHT,4611 W WOODYARD RD & N LOESCH,39.193872,-86.590784
901918126,2020,11,3,2000,Weekday,3+ Cars,Non-incapacitating,FOLLOWING TOO CLOSELY,45 & CURRY PIKE,39.19368213,-86.57132149
901849813,2020,6,7,1500,Weekend,2-Car,No injury/unknown,DRIVER DISTRACTED - EXPLAIN IN NARRATIVE,N CURRY & SR46W,39.19366929,-86.57140975
901817300,2020,5,4,800,Weekday,2-Car,No injury/unknown,LEFT OF CENTER,GETTYS CREEK & MT GILEAD RD,39.19344,-86.436288
901950628,2020,12,2,2300,Weekday,1-Car,No injury/unknown,RAN OFF ROAD RIGHT,GETTYS CREEK & MT GILEAD RD,39.19344,-86.436288
901922418,2020,11,4,1000,Weekday,1-Car,No injury/unknown,TIRE FAILURE OR DEFECTIVE,RUSSEL RD & TIMBERCREST,39.193408,-86.48584
901767599,2020,1,6,2100,Weekend,1-Car,No injury/unknown,ROADWAY SURFACE CONDITION,LOESCH RD & WOODYARD,39.19320661,-86.59140854
901818931,2020,5,6,1700,Weekday,2-Car,Non-incapacitating,DRIVER DISTRACTED - EXPLAIN IN NARRATIVE,ARLINGTON VALLY & MONROE ST,39.19317533,-86.54671898
901781336,2020,2,2,1600,Weekday,Pedestrian,No injury/unknown,IMPROPER LANE USAGE,2ND & COLLEGE AVE,39.19310087,-86.53492994
901848627,2020,6,5,2100,Weekday,Moped/Motorcycle,Non-incapacitating,OTHER (DRIVER) - EXPLAIN IN NARRATIVE,ARLINGTON & PROW RD,39.19275908,-86.55251058
901770806,2020,1,7,800,Weekend,1-Car,No injury/unknown,ROADWAY SURFACE CONDITION,ARLINGTON RD & PROW,39.19238985,-86.55262259
901817292,2020,5,4,800,Weekday,Bus,No injury/unknown,FOLLOWING TOO CLOSELY,N PROW RD & W ARLINGTON,39.192352,-86.552592
901869108,2020,8,3,1200,Weekday,2-Car,No injury/unknown,LEFT OF CENTER,3505 PROW RD & ARLINGTON,39.192352,-86.552592
901911285,2020,10,6,2000,Weekend,2-Car,No injury/unknown,FAILURE TO YIELD RIGHT OF WAY,SR46E & WALNUT ST,39.19171718,-86.53296591
901765816,2020,1,7,1000,Weekend,2-Car,No injury/unknown,FAILURE TO YIELD RIGHT OF WAY,2600 BLK N WALNUT ST & FRITZ,39.191248,-86.532896
901779578,2020,2,4,2000,Weekday,2-Car,No injury/unknown,FAILURE TO YIELD RIGHT OF WAY,FRITZ & N WALNUT ST,39.191248,-86.532896
901780969,2020,2,2,800,Weekday,2-Car,No injury/unknown,FAILURE TO YIELD RIGHT OF WAY,FRITZ & N WALNUT ST,39.191248,-86.532896
901796250,2020,3,4,1500,Weekday,3+ Cars,Non-incapacitating,FAILURE TO YIELD RIGHT OF WAY,FRITZ & NORTH WALNUT ST,39.191248,-86.532896
901871344,2020,8,1,1800,Weekend,2-Car,Non-incapacitating,FAILURE TO YIELD RIGHT OF WAY,FRITZ & N WALNUT ST,39.191248,-86.532896
901902601,2020,10,4,2100,Weekday,2-Car,No injury/unknown,FAILURE TO YIELD RIGHT OF WAY,FRITZ & N WALNUT ST,39.191248,-86.532896
901824443,2020,5,2,1300,Weekday,2-Car,No injury/unknown,FAILURE TO YIELD RIGHT OF WAY,DUNN ST & THIRD,39.19088595,-86.52821972
901756604,2020,1,3,1800,Weekday,2-Car,Non-incapacitating,FAILURE TO YIELD RIGHT OF WAY,CURRY PIKE & WOODYARD,39.190672,-86.582992
901818764,2020,5,5,1400,Weekday,2-Car,No injury/unknown,FAILURE TO YIELD RIGHT OF WAY,CURRY PIKE & WOODYARD,39.190672,-86.582992
901801880,2020,4,2,1800,Weekday,2-Car,No injury/unknown,FAILURE TO YIELD RIGHT OF WAY,CURRY PIKE & WOODYARD,39.190672,-86.582992
901812101,2020,4,7,1500,Weekend,2-Car,No injury/unknown,OTHER (DRIVER) - EXPLAIN IN NARRATIVE,CURRY PIKE & WOODYARD,39.190672,-86.582992
901832927,2020,5,4,700,Weekday,2-Car,Non-incapacitating,FAILURE TO YIELD RIGHT OF WAY,CURRY & WOODYARD RD,39.190672,-86.582992
901835446,2020,6,2,1400,Weekday,2-Car,No injury/unknown,FAILURE TO YIELD RIGHT OF WAY,CURRY PIKE & WOODYARD,39.190672,-86.582992
901865317,2020,8,4,1600,Weekday,3+ Cars,No injury/unknown,OTHER (DRIVER) - EXPLAIN IN NARRATIVE,CURRY & WOODYARD RD,39.190672,-86.582992
901886772,2020,9,5,200,Weekday,1-Car,Non-incapacitating,RAN OFF ROAD RIGHT,N CURRY PIKE & WOODYARD,39.190672,-86.582992
901940328,2020,12,6,2100,Weekend,2-Car,Non-incapacitating,DISREGARD SIGNAL/REG SIGN,CURRY PIKE & WOODYARD,39.19028029,-86.58252976
901910458,2020,10,5,1300,Weekday,2-Car,No injury/unknown,FAILURE TO YIELD RIGHT OF WAY,GLENDORA & WALNUT ST,39.19023,-86.53324015
901932183,2020,12,7,1900,Weekend,2-Car,No injury/unknown,IMPROPER PASSING,GLENDORA & WALNUT ST,39.189968,-86.533232
901844273,2020,6,3,2000,Weekday,Cyclist,Incapacitating,LEFT OF CENTER,GOURLEY & SR37N,39.18959104,-86.55471325
901931554,2020,11,4,200,Weekday,1-Car,No injury/unknown,RAN OFF ROAD RIGHT,COLLINS & MOUNT GILEAD RD,39.18956169,-86.44454769
901872428,2020,8,3,1700,Weekday,2-Car,No injury/unknown,UNSAFE BACKING,S WALNUT ST,39.18946841,-86.53337633
901791013,2020,3,3,700,Weekday,1-Car,No injury/unknown,UNSAFE SPEED,N STARNES & W HOWARD RD,39.189248,-86.660704
901768143,2020,1,4,1600,Weekday,2-Car,No injury/unknown,SPEED TOO FAST FOR WEATHER CONDITIONS,E GILBERT & N WALNUT ST,39.189248,-86.53344
901765836,2020,1,7,1100,Weekend,2-Car,No injury/unknown,SPEED TOO FAST FOR WEATHER CONDITIONS,LIBERTY DR,39.189248,-86.531472
901849701,2020,7,1,1500,Weekend,2-Car,No injury/unknown,UNSAFE BACKING,SOUTH LIBERTY DR,39.189248,-86.531472
901880818,2020,8,6,1300,Weekday,2-Car,No injury/unknown,OTHER (DRIVER) - EXPLAIN IN NARRATIVE,LIBERTY DR,39.189248,-86.531472
901938473,2020,12,4,1200,Weekday,1-Car,No injury/unknown,OBSTRUCTION NOT MARKED,S LIBERTY DR,39.189248,-86.531472
901935695,2020,12,5,800,Weekday,2-Car,No injury/unknown,UNSAFE BACKING,S LIBERTY DR,39.189248,-86.531472
901903172,2020,10,6,1900,Weekend,2-Car,Non-incapacitating,FAILURE TO YIELD RIGHT OF WAY,N MILO B SAMPSON & SR4546W,39.18906784,-86.52171325
901773377,2020,2,5,900,Weekday,1-Car,No injury/unknown,UNSAFE SPEED,N THOMAS RD & W VERNAL,39.18904,-86.630096
901945607,2020,12,1,400,Weekend,1-Car,No injury/unknown,RAN OFF ROAD RIGHT,N THOMAS RD & W RATLIFF,39.18872976,-86.63040988
901799372,2020,3,5,100,Weekday,1-Car,No injury/unknown,ANIMAL/OBJECT IN ROADWAY,HEADLEY RD & MAPLECREST,39.18839469,-86.5144
901881584,2020,9,2,1300,Weekday,2-Car,No injury/unknown,UNSAFE BACKING,N HEADLEY RD,39.18828583,-86.51412963
901851308,2020,7,3,1300,Weekday,1-Car,No injury/unknown,ANIMAL/OBJECT IN ROADWAY,HOWARD RD & STARNES,39.1878746,-86.66371864
901907361,2020,10,7,2000,Weekend,2-Car,No injury/unknown,OTHER (DRIVER) - EXPLAIN IN NARRATIVE,N KINSER PIKE,39.18763351,-86.53923797
901841265,2020,6,4,1700,Weekday,2-Car,No injury/unknown,FOLLOWING TOO CLOSELY,SR37S & SR45W,39.18760888,-86.55510669
901830533,2020,5,6,1200,Weekday,2-Car,Non-incapacitating,FOLLOWING TOO CLOSELY,N MT GILEAD & SR45E,39.18747742,-86.46794047
901857496,2020,7,3,1100,Weekday,2-Car,No injury/unknown,FOLLOWING TOO CLOSELY,SR37S & SR45,39.187344,-86.5552
901899711,2020,10,7,1300,Weekend,2-Car,No injury/unknown,FOLLOWING TOO CLOSELY,SR37N & SR45W,39.187344,-86.5552
901837741,2020,6,6,0,Weekday,1-Car,Non-incapacitating,RAN OFF ROAD RIGHT,HOWARD RD & VERANL,39.18726012,-86.63559311
901838342,2020,6,1,1300,Weekend,1-Car,Non-incapacitating,RAN OFF ROAD RIGHT,SR46,39.18719614,-86.55522823
901803734,2020,4,5,1800,Weekday,2-Car,No injury/unknown,FOLLOWING TOO CLOSELY,ARLINGTON RD & SR46,39.187184,-86.551408
901857923,2020,7,4,900,Weekday,2-Car,No injury/unknown,OTHER (DRIVER) - EXPLAIN IN NARRATIVE,N KINSER PIKE,39.18717429,-86.53782606
901787359,2020,3,1,1600,Weekend,2-Car,No injury/unknown,FOLLOWING TOO CLOSELY,SR37S & VERNAL,39.18703785,-86.56233005
901841391,2020,6,5,1800,Weekday,2-Car,No injury/unknown,IMPROPER TURNING,NORTH KINSER PIKE,39.18699592,-86.53781734
901779280,2020,2,4,1500,Weekday,3+ Cars,Non-incapacitating,FAILURE TO YIELD RIGHT OF WAY,MONROE & SR46W,39.186944,-86.5468
901926309,2020,11,3,1400,Weekday,1-Car,No injury/unknown,OTHER (DRIVER) - EXPLAIN IN NARRATIVE,NORTH HEADLEY RD,39.18689802,-86.51440434
901763009,2020,1,2,1900,Weekday,Pedestrian,Non-incapacitating,FAILURE TO YIELD RIGHT OF WAY,HARTSTRAIT & VERNAL PIKE,39.18676995,-86.611227
901886702,2020,9,4,1400,Weekday,2-Car,No injury/unknown,IMPROPER PASSING,SR45 & WALNUT ST,39.18676534,-86.5342601
901803718,2020,4,6,1600,Weekday,2-Car,No injury/unknown,LEFT OF CENTER,HARTSTRAIT RD & VERNAL,39.186752,-86.611504
901862441,2020,7,5,2000,Weekday,2-Car,No injury/unknown,FOLLOWING TOO CLOSELY,HARTSTRAIT RD & VERNAL,39.186752,-86.611504
901890762,2020,9,5,900,Weekday,1-Car,No injury/unknown,ANIMAL/OBJECT IN ROADWAY,HARTSTRAIT RD & VERNAL,39.186752,-86.611504
901873345,2020,8,6,1200,Weekday,Pedestrian,Non-incapacitating,IMPROPER TURNING,1500 N ST RD 45 46  WEST DRIVE & N HEADLEY RD,39.18665524,-86.51449486
901758892,2020,1,4,300,Weekday,1-Car,No injury/unknown,RAN OFF ROAD RIGHT,ARLINGTON RD & GOURLEY,39.186544,-86.551168
901776054,2020,2,6,1400,Weekday,1-Car,No injury/unknown,SPEED TOO FAST FOR WEATHER CONDITIONS,ARLINGTON RD & GOURLEY,39.186544,-86.551168
901903712,2020,10,1,1400,Weekend,1-Car,No injury/unknown,RAN OFF ROAD RIGHT,ARLINGTON RD & GOURLEY,39.186544,-86.551168
901790978,2020,3,1,1000,Weekend,Moped/Motorcycle,No injury/unknown,FOLLOWING TOO CLOSELY,KINSER & SR46W,39.186544,-86.537888
901793842,2020,3,6,1300,Weekday,Bus,No injury/unknown,ENGINE FAILURE OR DEFECTIVE,N KINSER & SR46W,39.186544,-86.537888
901818760,2020,5,6,1500,Weekday,2-Car,No injury/unknown,FOLLOWING TOO CLOSELY,KINSER PIKE & SR 45 46,39.186544,-86.537888
901795290,2020,3,1,2300,Weekday,2-Car,No injury/unknown,UNSAFE LANE MOVEMENT,N KINSER & SR46W,39.186544,-86.537888
901812130,2020,4,7,2200,Weekend,3+ Cars,Non-incapacitating,FOLLOWING TOO CLOSELY,4546 BYP & KINSER,39.186544,-86.537888
901821872,2020,5,5,900,Weekday,1-Car,No injury/unknown,INSECURE/LEAKY LOAD,KINSER & SR46W,39.186544,-86.537888
901827175,2020,5,7,1800,Weekend,2-Car,No injury/unknown,DISREGARD SIGNAL/REG SIGN,N KINSER & STATE ROAD 45 46 BYP,39.186544,-86.537888
901843455,2020,6,2,1200,Weekday,2-Car,No injury/unknown,FAILURE TO YIELD RIGHT OF WAY,N KINSER & SR4546,39.186544,-86.537888
901856156,2020,7,7,1300,Weekend,2-Car,No injury/unknown,FOLLOWING TOO CLOSELY,KINSER & SR4546E,39.186544,-86.537888
901883142,2020,9,4,1900,Weekday,2-Car,No injury/unknown,DISREGARD SIGNAL/REG SIGN,KINSER & SR 45 46 BYP,39.186544,-86.537888
901883361,2020,9,5,700,Weekday,3+ Cars,Non-incapacitating,DISREGARD SIGNAL/REG SIGN,KINSER & SR46E,39.186544,-86.537888
901913451,2020,10,3,1400,Weekday,2-Car,No injury/unknown,DISREGARD SIGNAL/REG SIGN,KINSER & SR46E,39.186544,-86.537888
901913499,2020,10,3,1700,Weekday,3+ Cars,No injury/unknown,SPEED TOO FAST FOR WEATHER CONDITIONS,KINSER PIKE & SR46W,39.186544,-86.537888
901935279,2020,12,5,1900,Weekday,2-Car,No injury/unknown,FAILURE TO YIELD RIGHT OF WAY,KINSER & SR46E,39.186544,-86.537888
901942865,2020,12,4,1800,Weekday,2-Car,No injury/unknown,FOLLOWING TOO CLOSELY,KINSER PIKE & SR4546,39.186544,-86.537888
901906837,2020,10,6,1500,Weekday,2-Car,No injury/unknown,FOLLOWING TOO CLOSELY,KINSER & SR45E,39.18648036,-86.5368324
901838816,2020,6,1,1300,Weekend,1-Car,No injury/unknown,RAN OFF ROAD RIGHT,GOURLEY PIKE & MONROE,39.18646406,-86.54787457
901754871,2020,1,2,1700,Weekday,1-Car,No injury/unknown,SPEED TOO FAST FOR WEATHER CONDITIONS,MONROE & W GOURLEY PIKE,39.186448,-86.546816
901906680,2020,10,6,1100,Weekday,2-Car,No injury/unknown,SPEED TOO FAST FOR WEATHER CONDITIONS,MONROE & W GOURLEY PIKE,39.186448,-86.546816
901799800,2020,3,4,1400,Weekday,2-Car,No injury/unknown,FAILURE TO YIELD RIGHT OF WAY,MOUNT GILEAD & SR45E,39.1864077,-86.46800588
901775153,2020,2,4,1500,Weekday,2-Car,Non-incapacitating,DISREGARD SIGNAL/REG SIGN,STATE ROAD 45 46 BYP & WALNUT,39.186368,-86.5344