Master Record Number,Year,Month,Day,Hour,Weekend,Collision Type,Injury Type,Primary Factor,Reported_Location,Latitude,Longitude
901795463,2020,3,3,900,Weekday,2-Car,No injury/unknown,FOLLOWING TOO CLOSELY,SR46E & WALNUT,39.186368,-86.5344
901832508,2020,5,3,1500,Weekday,2-Car,Non-incapacitating,FOLLOWING TOO CLOSELY,STATE RD 45 46 & WALNUT ST,39.186368,-86.5344
901863242,2020,7,7,1200,Weekend,2-Car,No injury/unknown,IMPROPER LANE USAGE,N WALNUT ST & SR46E,39.186368,-86.5344
901863710,2020,7,2,800,Weekday,2-Car,Incapacitating,DISREGARD SIGNAL/REG SIGN,4546 BYP & N WALNUT,39.186368,-86.5344
901869140,2020,8,5,1000,Weekday,2-Car,No injury/unknown,UNSAFE LANE MOVEMENT,N WALNUT ST & SR4546,39.186368,-86.5344
901899708,2020,10,1,300,Weekend,2-Car,No injury/unknown,DISREGARD SIGNAL/REG SIGN,NORTH WALNUT & SR4546W,39.186368,-86.5344
901902082,2020,10,5,300,Weekday,2-Car,No injury/unknown,OTHER (DRIVER) - EXPLAIN IN NARRATIVE,N WALNUT & SR46E,39.186368,-86.5344
901769988,2020,1,1,1100,Weekend,2-Car,No injury/unknown,UNSAFE BACKING,W STATE RD 45 RD,39.18636,-86.533048
901783958,2020,2,7,1800,Weekend,Moped/Motorcycle,Non-incapacitating,OTHER (DRIVER) - EXPLAIN IN NARRATIVE,W STATE ROAD 45 HWY,39.18636,-86.533048
901805371,2020,4,7,2000,Weekend,1-Car,No injury/unknown,OTHER (DRIVER) - EXPLAIN IN NARRATIVE,W STATE RD 45 RD,39.18636,-86.533048
901847674,2020,6,3,1200,Weekday,2-Car,No injury/unknown,IMPROPER TURNING,W SR 45 RD,39.18636,-86.533048
901842501,2020,6,6,1400,Weekday,2-Car,No injury/unknown,UNSAFE BACKING,WEST STATE ROAD 45 HWY,39.18636,-86.533048
901907876,2020,10,2,600,Weekday,2-Car,No injury/unknown,DRIVER DISTRACTED - EXPLAIN IN NARRATIVE,DUNN & SR46E,39.186352,-86.52955476
901820470,2020,5,2,1300,Weekday,2-Car,No injury/unknown,FOLLOWING TOO CLOSELY,DUNN & SR45E,39.186352,-86.52867246
901863307,2020,7,1,1200,Weekend,2-Car,No injury/unknown,IMPROPER LANE USAGE,N COLLEGE & SR4546,39.186352,-86.534704
901916054,2020,11,7,1400,Weekend,2-Car,No injury/unknown,FAILURE TO YIELD RIGHT OF WAY,COLLEGE AVE & SR4546,39.186352,-86.534704
901920676,2020,11,1,200,Weekend,2-Car,No injury/unknown,WRONG WAY ON ONE WAY,N COLLEGE AVE & N OLD STATE ROAD 37,39.186352,-86.534704
901809152,2020,4,2,1700,Weekday,3+ Cars,Non-incapacitating,FAILURE TO YIELD RIGHT OF WAY,SR45,39.186352,-86.530744
901779618,2020,2,5,2100,Weekday,2-Car,No injury/unknown,UNSAFE LANE MOVEMENT,DUNN & SR45E,39.186352,-86.528496
901803494,2020,4,6,800,Weekday,2-Car,No injury/unknown,OTHER (DRIVER) - EXPLAIN IN NARRATIVE,2200 N DUNN & SR4546S,39.186352,-86.528496
901822643,2020,5,6,1700,Weekday,2-Car,No injury/unknown,FOLLOWING TOO CLOSELY,DUNN & SR4546E,39.186352,-86.528496
901790495,2020,3,6,1400,Weekday,2-Car,No injury/unknown,FOLLOWING TOO CLOSELY,45 46 & N WALNUT ST,39.18633007,-86.53453968
901880294,2020,8,6,300,Weekday,2-Car,No injury/unknown,UNSAFE LANE MOVEMENT,45 46 BYP & COLLEGE,39.18633007,-86.53453968
901887543,2020,9,6,1200,Weekday,2-Car,No injury/unknown,FAILURE TO YIELD RIGHT OF WAY,45 46 BYP & N WALNUT,39.18633007,-86.53453968
901796511,2020,3,5,1400,Weekday,2-Car,No injury/unknown,FAILURE TO YIELD RIGHT OF WAY,45 46 BYP & DUNN,39.18632001,-86.52842022
901872615,2020,8,5,700,Weekday,1-Car,No injury/unknown,UNSAFE SPEED,45 46 & DUNN ST,39.18632001,-86.52842022
901906092,2020,10,5,1200,Weekday,2-Car,No injury/unknown,DISREGARD SIGNAL/REG SIGN,DUNN ST & SR45W,39.18632001,-86.52842022
901942929,2020,12,4,1800,Weekday,2-Car,No injury/unknown,FOLLOWING TOO CLOSELY,FRITZ & SR46,39.18630926,-86.52981508
901942896,2020,12,4,1700,Weekday,2-Car,No injury/unknown,FAILURE TO YIELD RIGHT OF WAY,DUNN & SR46,39.18630353,-86.52839687
901907131,2020,10,6,2300,Weekend,2-Car,No injury/unknown,FAILURE TO YIELD RIGHT OF WAY,SR45 & WALNUT,39.18629445,-86.53455208
901931523,2020,11,7,1600,Weekend,1-Car,No injury/unknown,RAN OFF ROAD RIGHT,NORTH WALNUT ST & SR45,39.18621744,-86.53441585
901851605,2020,7,5,0,Weekday,1-Car,No injury/unknown,RAN OFF ROAD RIGHT,OLD VERNAL & VERNAL PIKE,39.18611012,-86.5962931
901771713,2020,2,4,700,Weekday,1-Car,Non-incapacitating,OVERCORRECTING/OVERSTEERING,FEE & SR4546W,39.186032,-86.51984
901807867,2020,4,6,2000,Weekend,2-Car,Non-incapacitating,FAILURE TO YIELD RIGHT OF WAY,N FEE & SR45E,39.186032,-86.51984
901820363,2020,5,2,2000,Weekday,2-Car,Non-incapacitating,FAILURE TO YIELD RIGHT OF WAY,FEE & SR46E,39.186032,-86.51984
901821389,2020,5,4,1300,Weekday,2-Car,Non-incapacitating,UNSAFE LANE MOVEMENT,FEE & SR46E,39.186032,-86.51984
901830094,2020,5,5,2100,Weekday,1-Car,No injury/unknown,ANIMAL/OBJECT IN ROADWAY,FEE & SR4546N,39.186032,-86.51984
901913195,2020,10,3,1100,Weekday,1-Car,No injury/unknown,DRIVER DISTRACTED - EXPLAIN IN NARRATIVE,FEE & SR45W,39.18602027,-86.51986579
901926526,2020,11,3,2200,Weekday,2-Car,No injury/unknown,DISREGARD SIGNAL/REG SIGN,45 46 & SR45W,39.18602027,-86.51983983
901928385,2020,11,1,1900,Weekday,2-Car,No injury/unknown,FOLLOWING TOO CLOSELY,45 46 BYP & FEE,39.18602027,-86.51981388
901885128,2020,9,2,1000,Weekday,2-Car,No injury/unknown,IMPROPER LANE USAGE,FEE & SR45E,39.18596667,-86.51931732
901765689,2020,1,6,2000,Weekend,2-Car,No injury/unknown,SPEED TOO FAST FOR WEATHER CONDITIONS,N FEE & SR45E,39.18584383,-86.51881369
901765699,2020,1,6,2000,Weekend,2-Car,No injury/unknown,ROADWAY SURFACE CONDITION,N FEE & SR45E,39.18584383,-86.51881369
901754801,2020,1,1,700,Weekend,Bus,No injury/unknown,IMPROPER TURNING,N KINSER PIKE,39.18584,-86.537872
901898685,2020,10,5,2000,Weekday,1-Car,Incapacitating,RAN OFF ROAD RIGHT,MT GILEAD & SR45E,39.18552004,-86.46882658
901917871,2020,11,3,1000,Weekday,2-Car,No injury/unknown,UNSAFE BACKING,EAST 3RD & HAWTHORNE DR,39.18539882,-86.52008995
901815684,2020,4,1,1700,Weekend,Cyclist,Incapacitating,FAILURE TO YIELD RIGHT OF WAY,N KINSER PIKE & W GOURLEY,39.185392,-86.537856
901837238,2020,6,5,700,Weekday,2-Car,No injury/unknown,FAILURE TO YIELD RIGHT OF WAY,GOURLEY & N KINSER PIKE,39.185392,-86.537856
901765980,2020,1,6,2000,Weekend,2-Car,Non-incapacitating,SPEED TOO FAST FOR WEATHER CONDITIONS,FEE & SR46E,39.18536761,-86.51754282
901766603,2020,1,6,2000,Weekend,2-Car,No injury/unknown,SPEED TOO FAST FOR WEATHER CONDITIONS,FEE & SR46E,39.18536761,-86.51754282
901766606,2020,1,6,2000,Weekend,2-Car,No injury/unknown,SPEED TOO FAST FOR WEATHER CONDITIONS,FEE & SR46W,39.18536761,-86.51754282
901766609,2020,1,6,2000,Weekend,2-Car,No injury/unknown,SPEED TOO FAST FOR WEATHER CONDITIONS,FEE & SR46W,39.18536761,-86.51754282
901871900,2020,8,3,1400,Weekday,2-Car,No injury/unknown,FAILURE TO YIELD RIGHT OF WAY,3RD & PETE ELLIS DR,39.18535856,-86.49495966
901948064,2020,12,5,1800,Weekday,2-Car,No injury/unknown,,NORTH DUNN ST,39.18532944,-86.52840423
901754650,2020,1,3,800,Weekday,1-Car,No injury/unknown,OTHER (DRIVER) - EXPLAIN IN NARRATIVE,W GOURLEY PIKE,39.185232,-86.54060206
901882997,2020,8,5,1400,Weekday,3+ Cars,No injury/unknown,UNSAFE BACKING,E SR 45 46 BYP,39.18521118,-86.53115081
901918969,2020,11,4,1100,Weekday,1-Car,Non-incapacitating,RAN OFF ROAD RIGHT,W CASCADES & W GOURLEY PIKE,39.1852,-86.541952
901765945,2020,1,7,1400,Weekend,1-Car,No injury/unknown,SPEED TOO FAST FOR WEATHER CONDITIONS,GOURLEY PIKE,39.18510832,-86.53816133
901862287,2020,7,5,1300,Weekday,2-Car,No injury/unknown,UNSAFE BACKING,W GOURLEY PIKE,39.18503523,-86.54018439
901861811,2020,7,3,2200,Weekday,1-Car,Non-incapacitating,RAN OFF ROAD RIGHT,MT GILEAD & SR45,39.18482761,-86.46941308
901842216,2020,6,7,1300,Weekend,Bus,Non-incapacitating,ACCELERATOR FAILURE OR DEFECTIVE,RHORER & S SARE RD,39.18481679,-86.51157997
901858542,2020,7,1,100,Weekend,2-Car,No injury/unknown,UNSAFE BACKING,E 7TH & N FESS AVE,39.18436274,-86.52577821
901899703,2020,10,1,300,Weekend,1-Car,Fatal,RAN OFF ROAD RIGHT,KINSER PIKE & ROSEWOOD,39.1842692,-86.54734991
901899692,2020,10,1,400,Weekend,2-Car,No injury/unknown,UNSAFE BACKING,WALNUT ST,39.1841412,-86.5344552
901918011,2020,10,3,900,Weekday,1-Car,No injury/unknown,OVERCORRECTING/OVERSTEERING,1720 N JORDAN (PARKING LOT) AVE,39.18401337,-86.51473999
901858830,2020,7,4,1700,Weekday,2-Car,No injury/unknown,DRIVER DISTRACTED - EXPLAIN IN NARRATIVE,W VERNAL PIKE,39.18391004,-86.59572355
901834626,2020,6,7,1700,Weekend,2-Car,No injury/unknown,FAILURE TO YIELD RIGHT OF WAY,N FEE LN & N JORDAN,39.18384,-86.5192
901899501,2020,10,7,1100,Weekend,2-Car,No injury/unknown,FOLLOWING TOO CLOSELY,FEE LN & JORDAN,39.18384,-86.5192
901760372,2020,1,5,2200,Weekday,Bus,No injury/unknown,SPEED TOO FAST FOR WEATHER CONDITIONS,FISHERS CT & JORDAN,39.1837699,-86.5168599
901909475,2020,10,2,1800,Weekday,2-Car,No injury/unknown,UNSAFE BACKING,FISHERS & N JORDAN AVE,39.1837699,-86.5168599
901799890,2020,3,6,0,Weekday,2-Car,No injury/unknown,DRIVER DISTRACTED - EXPLAIN IN NARRATIVE,NORTH JORDAN AVE,39.18365456,-86.51469804
901776129,2020,2,6,1600,Weekday,1-Car,No injury/unknown,RAN OFF ROAD RIGHT,AMARYLLIS & N KINSER PIKE,39.18363981,-86.53776973
901807122,2020,4,6,900,Weekday,2-Car,Non-incapacitating,UNSAFE BACKING,S WALNUT ST,39.18350109,-86.53424
901904106,2020,10,3,1100,Weekday,2-Car,No injury/unknown,UNSAFE BACKING,S WALNUT ST,39.18350109,-86.53424
901906953,2020,10,6,1700,Weekday,2-Car,No injury/unknown,FAILURE TO YIELD RIGHT OF WAY,OLD 37 & WALNUT ST,39.18336019,-86.53415009
901933287,2020,12,3,900,Weekday,2-Car,No injury/unknown,IMPROPER TURNING,N WALNUT ST & OLD ST RD 37 N,39.18336019,-86.53415009
901945111,2020,12,7,1500,Weekend,2-Car,Non-incapacitating,FOLLOWING TOO CLOSELY,N OLD 37 STATE & N WALNUT ST,39.18336019,-86.53415009
901772396,2020,2,5,1500,Weekday,2-Car,No injury/unknown,OTHER (DRIVER) - EXPLAIN IN NARRATIVE,WALNUT ST,39.18300299,-86.53407644
901805336,2020,4,3,2100,Weekday,2-Car,No injury/unknown,IMPROPER TURNING,S WALNUT ST,39.18300299,-86.53407644
901924466,2020,11,7,1200,Weekend,2-Car,No injury/unknown,FAILURE TO YIELD RIGHT OF WAY,S WALNUT ST,39.18300299,-86.53407644
901899707,2020,10,1,200,Weekend,2-Car,No injury/unknown,UNSAFE BACKING,N DUNN & VARSITY LN,39.182976,-86.528416
901796830,2020,3,2,1400,Weekday,1-Car,No injury/unknown,UNSAFE LANE MOVEMENT,HARTSTRAIT RD,39.18296255,-86.61122068
901768226,2020,1,4,1800,Weekday,2-Car,No injury/unknown,SPEED TOO FAST FOR WEATHER CONDITIONS,N DUNN & VARSITY LN,39.18293497,-86.52911978
901779926,2020,2,6,600,Weekday,1-Car,No injury/unknown,SPEED TOO FAST FOR WEATHER CONDITIONS,LAW & UNION ST,39.18291687,-86.50966018
901780409,2020,2,6,100,Weekday,1-Car,No injury/unknown,OTHER (DRIVER) - EXPLAIN IN NARRATIVE,W NORTHLANE DR,39.18267556,-86.53795279
901923110,2020,11,5,200,Weekday,1-Car,No injury/unknown,UNSAFE BACKING,KINSER & NORTHLANE DR,39.18265007,-86.53772646
901921310,2020,11,6,200,Weekday,2-Car,No injury/unknown,RAN OFF ROAD RIGHT,2ND & ROGERS ST,39.18254743,-86.53867028
901817711,2020,5,3,600,Weekday,1-Car,No injury/unknown,RAN OFF ROAD RIGHT,SHUFFLE CREEK RD & SOUTHSHORE,39.18249092,-86.4008963
901771898,2020,2,4,2000,Weekday,1-Car,No injury/unknown,DRIVER DISTRACTED - EXPLAIN IN NARRATIVE,N FEE LN,39.18242962,-86.51914028
901804156,2020,4,1,100,Weekend,Moped/Motorcycle,Non-incapacitating,OVERCORRECTING/OVERSTEERING,DUNN ST & VARSITY,39.18242678,-86.52840323
901780253,2020,2,6,1800,Weekday,2-Car,No injury/unknown,FOLLOWING TOO CLOSELY,19TH & WALNUT ST,39.18235031,-86.53386213
901817407,2020,5,4,700,Weekday,2-Car,Non-incapacitating,FAILURE TO YIELD RIGHT OF WAY,CURRY PIKE & VERNAL,39.18199429,-86.58315001
901770293,2020,1,1,2200,Weekday,2-Car,No injury/unknown,OTHER (DRIVER) - EXPLAIN IN NARRATIVE,N WALNUT ST,39.18198955,-86.53374367
901812271,2020,4,1,200,Weekend,2-Car,No injury/unknown,UNSAFE BACKING,20TH & WASHINGTON ST,39.18184,-86.532192
901886684,2020,9,2,1600,Weekday,Moped/Motorcycle,Non-incapacitating,FAILURE TO YIELD RIGHT OF WAY,N WASHINGTON ST,39.18184,-86.532192
901876371,2020,8,5,1400,Weekday,2-Car,No injury/unknown,OTHER (DRIVER) - EXPLAIN IN NARRATIVE,20TH ST & LINCOLN,39.18180987,-86.53089852
901762489,2020,1,3,200,Weekday,2-Car,No injury/unknown,UNSAFE BACKING,N LINCOLN ST,39.18175118,-86.53019233
901866677,2020,8,7,1400,Weekend,2-Car,No injury/unknown,UNSAFE BACKING,E 20TH ST,39.181744,-86.53014945
901817619,2020,5,4,800,Weekday,2-Car,No injury/unknown,UNSAFE SPEED,GRIFFITH & WOODYARD RD,39.18173089,-86.56724104
901930181,2020,11,4,1400,Weekday,2-Car,No injury/unknown,OTHER (DRIVER) - EXPLAIN IN NARRATIVE,N COLLEGE AVE,39.18162924,-86.53471004
901773098,2020,2,7,200,Weekend,1-Car,No injury/unknown,SPEED TOO FAST FOR WEATHER CONDITIONS,19TH & N WALNUT ST,39.181552,-86.5336
901923572,2020,11,5,1700,Weekday,1-Car,No injury/unknown,OVERCORRECTING/OVERSTEERING,ADAMS ST & BLOOMFIELD,39.1815263,-86.55083008
901837317,2020,6,5,800,Weekday,3+ Cars,Non-incapacitating,FOLLOWING TOO CLOSELY,11 & COLLEGE AVE,39.181505,-86.512793
901870461,2020,6,5,2300,Weekday,2-Car,No injury/unknown,FOLLOWING TOO CLOSELY,7 & COLLEGE AVE,39.181505,-86.512793
901803705,2020,4,6,1500,Weekday,2-Car,No injury/unknown,UNSAFE BACKING,N RANGE RD,39.1814028,-86.49475391
901838045,2020,6,2,1300,Weekday,1-Car,Non-incapacitating,RAN OFF ROAD RIGHT,CHAPEL & SR446S,39.18135446,-86.4053481
901887852,2020,9,6,2100,Weekend,2-Car,No injury/unknown,UNSAFE BACKING,NORTH FEE LN,39.18121308,-86.51919208
901911278,2020,10,6,1800,Weekday,2-Car,No injury/unknown,UNSAFE BACKING,NORTH FEE LN,39.18121308,-86.51919208
901811799,2020,4,6,1900,Weekend,1-Car,No injury/unknown,RAN OFF ROAD RIGHT,WEST VERNAL PIKE,39.18112457,-86.63855507
901848041,2020,6,4,1700,Weekday,2-Car,No injury/unknown,FAILURE TO YIELD RIGHT OF WAY,19TH ST & LINCOLN,39.18112,-86.530816
901886526,2020,9,3,2100,Weekday,Cyclist,Non-incapacitating,FAILURE TO YIELD RIGHT OF WAY,19TH ST & LINCOLN,39.18111987,-86.5309301
901939742,2020,12,6,700,Weekday,2-Car,No injury/unknown,LEFT OF CENTER,EVANS ROAD & HARMONY ROAD RD,39.18109379,-86.62763983
901785861,2020,2,3,1900,Weekday,2-Car,No injury/unknown,IMPROPER TURNING,E 19TH ST & N DUNN,39.18104,-86.5284
901787082,2020,3,7,1400,Weekend,2-Car,Non-incapacitating,FAILURE TO YIELD RIGHT OF WAY,E 19TH & N DUNN ST,39.18104,-86.5284
901838884,2020,6,1,1300,Weekend,2-Car,No injury/unknown,,EAST 19TH & NORTH DUNN ST,39.18104,-86.5284
901874364,2020,8,2,800,Weekday,2-Car,No injury/unknown,UNSAFE SPEED,E 19TH ST & N DUNN,39.18104,-86.5284
901921366,2020,11,2,1600,Weekday,2-Car,No injury/unknown,UNSAFE BACKING,DUNN & NINETEENTH ST,39.18102018,-86.52801964
901944197,2020,12,6,1200,Weekday,1-Car,No injury/unknown,SPEED TOO FAST FOR WEATHER CONDITIONS,DUNN & NINETEENTH ST,39.1810143,-86.52832197
901877039,2020,8,6,1900,Weekend,Cyclist,No injury/unknown,FAILURE TO YIELD RIGHT OF WAY,19TH & DUNN ST,39.1810099,-86.52832031
901894011,2020,9,4,900,Weekday,2-Car,Non-incapacitating,FAILURE TO YIELD RIGHT OF WAY,19TH & DUNN ST,39.1810099,-86.52832031
901839051,2020,6,2,400,Weekday,1-Car,No injury/unknown,OTHER (VEHICLE) - EXPLAIN IN NARRATIVE,SOUTH WALNUT ST,39.1809714,-86.53356614
901896263,2020,10,2,800,Weekday,1-Car,No injury/unknown,OTHER (VEHICLE) - EXPLAIN IN NARRATIVE,N WILLIS 217 DR,39.180943,-86.54261
901877506,2020,8,1,1300,Weekend,2-Car,No injury/unknown,UNSAFE BACKING,ARLINGTON PARK DR,39.18091562,-86.54906064
901780464,2020,2,1,1600,Weekend,1-Car,No injury/unknown,IMPROPER TURNING,CURRY PIKE & VERNAL,39.18089577,-86.58317
901940024,2020,12,6,1800,Weekday,2-Car,No injury/unknown,FOLLOWING TOO CLOSELY,FEE & SR4546E,39.18077087,-86.51913452
901803703,2020,4,5,1500,Weekday,2-Car,No injury/unknown,UNSAFE BACKING,ARLINGTON PARK,39.18074754,-86.5489463
901855586,2020,7,5,1100,Weekday,2-Car,No injury/unknown,FOLLOWING TOO CLOSELY,EASTGATE & SR46S,39.18072625,-86.50148011
901831751,2020,5,2,1300,Weekday,1-Car,No injury/unknown,ANIMAL/OBJECT IN ROADWAY,17TH & SR46N,39.18067854,-86.50825461
901937121,2020,12,2,200,Weekday,2-Car,No injury/unknown,UNSAFE BACKING,N JORDAN AVE,39.18057069,-86.5109644
901805195,2020,4,2,2200,Weekday,Pedestrian,Non-incapacitating,FAILURE TO YIELD RIGHT OF WAY,FEE LANE LN,39.1805298,-86.51896409
901816104,2020,4,5,1000,Weekday,2-Car,No injury/unknown,OTHER (DRIVER) - EXPLAIN IN NARRATIVE,NORTH FEE LN,39.1804111,-86.51904389
901758858,2020,1,3,2100,Weekday,2-Car,No injury/unknown,FAILURE TO YIELD RIGHT OF WAY,18TH ST & GRANT,39.180352,-86.529792
901759923,2020,1,5,1400,Weekday,2-Car,No injury/unknown,FAILURE TO YIELD RIGHT OF WAY,N DUNN ST,39.180352,-86.5284
901768106,2020,1,4,1500,Weekday,2-Car,No injury/unknown,UNSAFE LANE MOVEMENT,N DUNN ST,39.180352,-86.5284
901807855,2020,4,7,1300,Weekend,2-Car,No injury/unknown,SPEED TOO FAST FOR WEATHER CONDITIONS,18TH & DUNN ST,39.180352,-86.5284
901915885,2020,11,6,1100,Weekday,2-Car,No injury/unknown,FOLLOWING TOO CLOSELY,18TH & DUNN ST,39.180352,-86.5284
901873867,2020,8,7,1900,Weekend,2-Car,Non-incapacitating,CELL PHONE USAGE,11 & NORTH COLLEGE AVE,39.180325,-86.534688
901835581,2020,6,1,2200,Weekday,2-Car,No injury/unknown,OTHER (DRIVER) - EXPLAIN IN NARRATIVE,WEST MARBLE LN,39.18032125,-86.54068194
901817593,2020,5,4,1400,Weekday,Pedestrian,Non-incapacitating,OTHER (VEHICLE) - EXPLAIN IN NARRATIVE,17TH & JORDAN AVE,39.18022128,-86.511088
901938754,2020,12,1,1400,Weekend,2-Car,No injury/unknown,,EAST 17TH ST & FESS,39.18018691,-86.5258863
901807839,2020,4,6,1500,Weekday,2-Car,No injury/unknown,UNSAFE BACKING,N WILLIS DR,39.180048,-86.544
901839922,2020,6,3,800,Weekday,3+ Cars,No injury/unknown,OTHER (VEHICLE) - EXPLAIN IN NARRATIVE,N WILLIS ST,39.180048,-86.544
901814261,2020,4,5,100,Weekday,Pedestrian,Non-incapacitating,OTHER (DRIVER) - EXPLAIN IN NARRATIVE,N WILLIS DR DR,39.18002956,-86.54413461
901903124,2020,10,6,1800,Weekday,2-Car,No injury/unknown,OTHER (DRIVER) - EXPLAIN IN NARRATIVE,N ARLINGTON PARK DR,39.17996988,-86.55404135
901911863,2020,10,1,700,Weekend,2-Car,No injury/unknown,UNSAFE BACKING,N DUNN ST,39.179936,-86.5284
901894598,2020,9,5,600,Weekday,Pedestrian,Non-incapacitating,OTHER (DRIVER) - EXPLAIN IN NARRATIVE,N ARLINGTON PARK DR,39.17988369,-86.54826237
901910620,2020,10,5,1800,Weekday,2-Car,No injury/unknown,FAILURE TO YIELD RIGHT OF WAY,DUNN ST & NINETEENTH,39.17987971,-86.52733245
901761203,2020,1,6,1900,Weekend,3+ Cars,Incapacitating,SPEED TOO FAST FOR WEATHER CONDITIONS,17TH & SR4546E,39.17984,-86.507088
901765454,2020,1,6,1800,Weekday,2-Car,No injury/unknown,FAILURE TO YIELD RIGHT OF WAY,17TH & SR4546E,39.17984,-86.507088
901788837,2020,3,3,1600,Weekday,2-Car,Non-incapacitating,FOLLOWING TOO CLOSELY,17TH & SR4546S,39.17984,-86.507088
901801685,2020,4,2,1400,Weekday,2-Car,No injury/unknown,FOLLOWING TOO CLOSELY,SEVENTEENTH ST & SR45,39.17984,-86.507088
901808444,2020,4,1,2000,Weekday,2-Car,Non-incapacitating,FOLLOWING TOO CLOSELY,17TH & SR4546S,39.17984,-86.507088
901845496,2020,6,5,1800,Weekday,2-Car,No injury/unknown,FAILURE TO YIELD RIGHT OF WAY,17TH ST & 46,39.17984,-86.507088
901883300,2020,9,5,700,Weekday,2-Car,No injury/unknown,FAILURE TO YIELD RIGHT OF WAY,17TH & SR45E,39.17984,-86.507088
901906912,2020,10,6,1600,Weekday,2-Car,No injury/unknown,FOLLOWING TOO CLOSELY,17TH & SR4546S,39.17984,-86.507088
901855450,2020,7,5,1600,Weekday,2-Car,No injury/unknown,FAILURE TO YIELD RIGHT OF WAY,17TH & 45 46 BYP,39.17973988,-86.50718986
901784521,2020,2,2,1100,Weekday,2-Car,No injury/unknown,FOLLOWING TOO CLOSELY,17TH & ARLINGTON RD,39.17972282,-86.54796921
901916384,2020,11,7,1200,Weekend,3+ Cars,Non-incapacitating,FOLLOWING TOO CLOSELY,17TH & FEE LN,39.17961427,-86.51902106
901909281,2020,10,1,1900,Weekday,1-Car,Non-incapacitating,ANIMAL/OBJECT IN ROADWAY,INNOVATION & W VERNAL PIKE,39.17951994,-86.59480886
901818727,2020,5,6,1300,Weekday,2-Car,No injury/unknown,UNSAFE SPEED,17TH & FEE LN,39.17933976,-86.51900944
901938135,2020,12,3,2100,Weekday,1-Car,No injury/unknown,UNSAFE BACKING,N RANGE RD,39.17928115,-86.495296
901790535,2020,3,6,1200,Weekday,2-Car,No injury/unknown,,N JORDAN AVE,39.1792808,-86.511088
901768988,2020,1,6,400,Weekday,1-Car,No injury/unknown,OTHER (DRIVER) - EXPLAIN IN NARRATIVE,KINSER PIKE,39.17927183,-86.53769396
901907246,2020,10,6,2100,Weekend,1-Car,No injury/unknown,RAN OFF ROAD RIGHT,17TH ST & LINDBERGH,39.17924801,-86.55153334
901826707,2020,5,6,1600,Weekday,2-Car,Non-incapacitating,CELL PHONE USAGE,CURRY PIKE & VERNAL,39.179248,-86.5832
901830532,2020,5,5,1500,Weekday,3+ Cars,No injury/unknown,DRIVER DISTRACTED - EXPLAIN IN NARRATIVE,NORTH CURRY PIKE & VERNAL,39.179248,-86.5832
901838194,2020,6,6,1700,Weekday,2-Car,No injury/unknown,FOLLOWING TOO CLOSELY,NORTH CURRY PIKE & VERNAL,39.179248,-86.5832
901856117,2020,7,3,1700,Weekday,2-Car,No injury/unknown,DISREGARD SIGNAL/REG SIGN,S CURRY PIKE & VERNAL,39.179248,-86.5832
901895742,2020,9,6,2000,Weekend,Moped/Motorcycle,No injury/unknown,FAILURE TO YIELD RIGHT OF WAY,S CURRY PIKE & VERNAL,39.179248,-86.5832
901916536,2020,11,6,1700,Weekday,2-Car,No injury/unknown,FAILURE TO YIELD RIGHT OF WAY,NORTH CURRY PIKE & VERNAL,39.179248,-86.5832
901938309,2020,12,3,700,Weekday,2-Car,No injury/unknown,FAILURE TO YIELD RIGHT OF WAY,ANN & VERNAL PIKE,39.179248,-86.580384
901931004,2020,11,5,2100,Weekday,1-Car,No injury/unknown,LEFT OF CENTER,N CRESCENT & W 17TH ST,39.179248,-86.556592
901839730,2020,6,2,2300,Weekday,1-Car,No injury/unknown,RAN OFF ROAD RIGHT,LINDBERGH & W 17TH ST,39.179248,-86.552592
901771472,2020,1,3,1700,Weekday,2-Car,Non-incapacitating,SPEED TOO FAST FOR WEATHER CONDITIONS,17TH & MONROE ST,39.179248,-86.547104
901799305,2020,3,4,1500,Weekday,Cyclist,Non-incapacitating,FAILURE TO YIELD RIGHT OF WAY,ARLINGTON & MONROE ST,39.179248,-86.547104
901846947,2020,6,2,1900,Weekday,2-Car,Non-incapacitating,FAILURE TO YIELD RIGHT OF WAY,17TH & MONROE ST,39.179248,-86.547104
901824097,2020,5,2,1600,Weekday,2-Car,No injury/unknown,FAILURE TO YIELD RIGHT OF WAY,17TH & MONROE ST,39.179248,-86.547104
901896675,2020,10,2,1500,Weekday,1-Car,Non-incapacitating,SPEED TOO FAST FOR WEATHER CONDITIONS,MONROE & W 17TH ST,39.179248,-86.547104
901939762,2020,12,6,1000,Weekday,1-Car,No injury/unknown,RAN OFF ROAD RIGHT,MONROE & W 17TH ST,39.179248,-86.547104
901939761,2020,12,6,1100,Weekday,2-Car,No injury/unknown,UNSAFE BACKING,N DUNN ST,39.1791687,-86.52874755
901795150,2020,3,2,1700,Weekday,2-Car,No injury/unknown,DRIVER DISTRACTED - EXPLAIN IN NARRATIVE,DUNN ST,39.17915046,-86.52837328
901891186,2020,9,5,2000,Weekday,2-Car,No injury/unknown,FOLLOWING TOO CLOSELY,17TH ST & NORTH WILLIS,39.1791163,-86.54436853