Master Record Number,Year,Month,Day,Hour,Weekend,Collision Type,Injury Type,Primary Factor,Reported_Location,Latitude,Longitude
901934039,2020,12,4,1200,Weekday,2-Car,No injury/unknown,FAILURE TO YIELD RIGHT OF WAY,17TH ST & WILLIS,39.179104,-86.544016
901817621,2020,5,4,1700,Weekday,Pedestrian,Non-incapacitating,UNSAFE BACKING,VERNAL PIKE,39.17909481,-86.58143542
901813480,2020,4,3,1300,Weekday,2-Car,No injury/unknown,UNSAFE BACKING,EAST SEVENTEENTH ST,39.17906329,-86.5209221
901899263,2020,10,6,1600,Weekday,2-Car,No injury/unknown,UNSAFE BACKING,E 17TH ST,39.17906329,-86.5209221
901810213,2020,4,3,2300,Weekday,1-Car,No injury/unknown,UNSAFE SPEED,17TH ST,39.17904,-86.532096
901923158,2020,11,7,1000,Weekend,2-Car,Non-incapacitating,FAILURE TO YIELD RIGHT OF WAY,E 17TH ST & N WASHINGTON,39.17904,-86.532096
901933500,2020,12,2,1400,Weekday,2-Car,No injury/unknown,OTHER (DRIVER) - EXPLAIN IN NARRATIVE,W 17TH ST,39.17904,-86.532096
901858266,2020,7,4,1700,Weekday,3+ Cars,Non-incapacitating,FAILURE TO YIELD RIGHT OF WAY,E 17TH ST & N LINCOLN,39.17904,-86.530848
901877395,2020,8,6,2300,Weekend,3+ Cars,No injury/unknown,LEFT OF CENTER,17TH & LINCOLN ST,39.17904,-86.530848
901914933,2020,11,5,1800,Weekday,2-Car,No injury/unknown,FAILURE TO YIELD RIGHT OF WAY,E 17TH ST & N LINCOLN,39.17904,-86.530848
901948938,2020,12,7,600,Weekend,2-Car,No injury/unknown,FOLLOWING TOO CLOSELY,E 17TH ST & N LINCOLN,39.17904,-86.530848
901760376,2020,1,6,200,Weekday,1-Car,No injury/unknown,ROADWAY SURFACE CONDITION,17TH & DUNN ST,39.17904,-86.5284
901754069,2020,1,2,1600,Weekday,1-Car,No injury/unknown,ROADWAY SURFACE CONDITION,17TH & DUNN ST,39.17904,-86.5284
901754070,2020,1,2,1600,Weekday,2-Car,No injury/unknown,ROADWAY SURFACE CONDITION,17TH & DUNN ST,39.17904,-86.5284
901763449,2020,1,4,1200,Weekday,2-Car,No injury/unknown,FOLLOWING TOO CLOSELY,17TH & DUNN ST,39.17904,-86.5284
901799291,2020,3,4,1900,Weekday,2-Car,Non-incapacitating,FAILURE TO YIELD RIGHT OF WAY,17TH ST & DUNN,39.17904,-86.5284
901890600,2020,9,6,1300,Weekday,1-Car,No injury/unknown,BRAKE FAILURE OR DEFECTIVE,1400 BLOCK OF N DUNN AVE & 17TH,39.17904,-86.5284
901899710,2020,10,7,2300,Weekend,2-Car,No injury/unknown,IMPROPER TURNING,17TH ST & DUNN,39.17904,-86.5284
901853849,2020,7,2,1700,Weekday,2-Car,No injury/unknown,FOLLOWING TOO CLOSELY,17TH & KINSER PIKE,39.17903982,-86.53775028
901911659,2020,10,7,1700,Weekend,2-Car,Non-incapacitating,DRIVER DISTRACTED - EXPLAIN IN NARRATIVE,17TH & KINSER PIKE,39.17903982,-86.53775028
901797574,2020,3,7,2200,Weekend,2-Car,No injury/unknown,FAILURE TO YIELD RIGHT OF WAY,17TH ST & WOODLAWN,39.17903982,-86.52360029
901916084,2020,11,7,1600,Weekend,Pedestrian,Non-incapacitating,PEDESTRIAN ACTION,SEVENTEENTH ST & WOODLAWN,39.17903982,-86.52360029
901897288,2020,10,3,1900,Weekday,2-Car,No injury/unknown,FOLLOWING TOO CLOSELY,17TH ST & WALNUT GROVE,39.17903046,-86.52109943
901780635,2020,2,7,1000,Weekend,2-Car,No injury/unknown,FOLLOWING TOO CLOSELY,600 W17TH ST & N JACKSON,39.179024,-86.539616
901810609,2020,4,4,1600,Weekday,2-Car,Non-incapacitating,DRIVER DISTRACTED - EXPLAIN IN NARRATIVE,17TH ST & JACKSON,39.179024,-86.539616
901774685,2020,2,3,1900,Weekday,3+ Cars,Non-incapacitating,FOLLOWING TOO CLOSELY,E 17TH ST & N INDIANA,39.179024,-86.5272
901780087,2020,2,6,2300,Weekend,2-Car,No injury/unknown,FAILURE TO YIELD RIGHT OF WAY,1300 N INDIANA & 500 E 17TH STREET ST,39.179024,-86.5272
901783854,2020,2,7,1500,Weekend,2-Car,No injury/unknown,FOLLOWING TOO CLOSELY,17TH ST & INDIANA,39.179024,-86.5272
901792855,2020,3,4,1600,Weekday,2-Car,No injury/unknown,DRIVER DISTRACTED - EXPLAIN IN NARRATIVE,17TH ST & INDIANA,39.179024,-86.5272
901849503,2020,7,1,600,Weekend,1-Car,No injury/unknown,RAN OFF ROAD RIGHT,17TH ST & INDIANA,39.179024,-86.5272
901906340,2020,10,5,2000,Weekday,2-Car,No injury/unknown,FAILURE TO YIELD RIGHT OF WAY,17TH & COLLEGE AVE,39.1790197,-86.53471
901876341,2020,8,5,1200,Weekday,2-Car,Non-incapacitating,FAILURE TO YIELD RIGHT OF WAY,17TH ST & WALNUT,39.1790197,-86.5210998
901916002,2020,11,7,1200,Weekend,2-Car,No injury/unknown,OTHER (DRIVER) - EXPLAIN IN NARRATIVE,DUNN & SEVENTEENTH ST,39.17901032,-86.5283297
901896098,2020,9,1,2300,Weekday,2-Car,No injury/unknown,UNSAFE BACKING,EAST 17TH ST,39.179008,-86.525888
901907295,2020,10,7,1500,Weekend,2-Car,No injury/unknown,UNSAFE BACKING,E 17TH BLUELOT ST,39.179008,-86.525888
901913233,2020,10,3,1200,Weekday,1-Car,No injury/unknown,UNSAFE BACKING,EAST 17TH ST,39.179008,-86.525888
901876230,2020,8,5,1000,Weekday,2-Car,No injury/unknown,FAILURE TO YIELD RIGHT OF WAY,E 17TH ST & WOODLAWN,39.17899556,-86.52403331
901767507,2020,1,3,1200,Weekday,2-Car,Non-incapacitating,FOLLOWING TOO CLOSELY,N KINSER PIKE & W 17TH,39.178992,-86.537792
901769194,2020,1,6,1200,Weekday,Pedestrian,Incapacitating,OTHER (DRIVER) - EXPLAIN IN NARRATIVE,W 17TH ST,39.178992,-86.537792
901782414,2020,2,4,1400,Weekday,2-Car,No injury/unknown,FOLLOWING TOO CLOSELY,17TH ST & KINSER,39.178992,-86.537792
901834140,2020,6,6,1000,Weekday,2-Car,No injury/unknown,FAILURE TO YIELD RIGHT OF WAY,17TH ST & KINSER,39.178992,-86.537792
901863287,2020,7,7,1200,Weekend,2-Car,No injury/unknown,VIEW OBSTRUCTED,W 17TH ST,39.178992,-86.537792
901933771,2020,11,6,2300,Weekend,2-Car,No injury/unknown,FAILURE TO YIELD RIGHT OF WAY,N KINSER & W 17TH ST,39.178992,-86.537792
901935590,2020,12,6,1900,Weekend,2-Car,No injury/unknown,SPEED TOO FAST FOR WEATHER CONDITIONS,17TH & MADISON ST,39.178992,-86.537792
901847490,2020,6,3,1700,Weekday,2-Car,Non-incapacitating,FAILURE TO YIELD RIGHT OF WAY,17TH ST & WOODLAWN,39.178992,-86.523504
901911666,2020,10,7,1900,Weekend,2-Car,Non-incapacitating,FOLLOWING TOO CLOSELY,WEST 17TH ST & WOODBURN,39.178976,-86.536032
901771506,2020,1,3,1700,Weekday,2-Car,No injury/unknown,FOLLOWING TOO CLOSELY,17TH ST & WALNUT,39.17897008,-86.53349027
901903825,2020,10,7,1900,Weekend,2-Car,No injury/unknown,FAILURE TO YIELD RIGHT OF WAY,17TH ST & LINCOLN,39.17897008,-86.53097033
901934205,2020,12,4,1500,Weekday,2-Car,No injury/unknown,LEFT OF CENTER,17TH ST & LINCOLN,39.17897008,-86.53097033
901789759,2020,3,5,1200,Weekday,2-Car,No injury/unknown,FAILURE TO YIELD RIGHT OF WAY,N COLLEGE & W 17TH ST,39.17896,-86.53472
901798739,2020,3,3,1600,Weekday,2-Car,No injury/unknown,FAILURE TO YIELD RIGHT OF WAY,17TH ST & COLLEGE,39.17896,-86.53472
901812100,2020,4,7,1900,Weekend,2-Car,No injury/unknown,FAILURE TO YIELD RIGHT OF WAY,17TH ST & COLLEGE,39.17896,-86.53472
901931956,2020,12,1,700,Weekend,2-Car,No injury/unknown,IMPROPER TURNING,N COLLGE AVE & W 17TH,39.17896,-86.53472
901890019,2020,9,4,1100,Weekday,2-Car,No injury/unknown,UNSAFE LANE MOVEMENT,E 17TH ST,39.17896,-86.521088
901890352,2020,9,4,1700,Weekday,2-Car,No injury/unknown,UNSAFE BACKING,E 17TH ST,39.17896,-86.521088
901895672,2020,9,7,1700,Weekend,2-Car,No injury/unknown,FOLLOWING TOO CLOSELY,17TH ST & WALNUT GROVE,39.17896,-86.521088
901901104,2020,10,2,1400,Weekday,2-Car,Non-incapacitating,IMPROPER TURNING,SEVENTEENTH ST & WALNUT,39.17896,-86.521088
901918052,2020,11,3,1800,Weekday,2-Car,No injury/unknown,FAILURE TO YIELD RIGHT OF WAY,EAST 17TH ST,39.17896,-86.521088
901877568,2020,8,6,2200,Weekend,2-Car,No injury/unknown,OTHER (VEHICLE) - EXPLAIN IN NARRATIVE,17TH ST,39.17894926,-86.52038464
901795998,2020,3,3,1100,Weekday,2-Car,No injury/unknown,OTHER (DRIVER) - EXPLAIN IN NARRATIVE,E 17TH ST,39.17894733,-86.5295756
901771516,2020,1,3,1900,Weekday,2-Car,No injury/unknown,FOLLOWING TOO CLOSELY,EAST 17TH ST & N WALNUT,39.178944,-86.533392
901802849,2020,4,4,1600,Weekday,2-Car,No injury/unknown,OTHER (DRIVER) - EXPLAIN IN NARRATIVE,17TH & N WALNUT ST,39.178944,-86.533392
901812642,2020,4,2,700,Weekday,2-Car,No injury/unknown,FAILURE TO YIELD RIGHT OF WAY,E 17TH ST & WALNUT,39.178944,-86.533392
901849070,2020,6,4,1700,Weekday,Moped/Motorcycle,Incapacitating,FAILURE TO YIELD RIGHT OF WAY,17TH ST & WALNUT,39.178944,-86.533392
901927144,2020,11,4,1300,Weekday,2-Car,No injury/unknown,IMPROPER TURNING,E 17TH & N WALNUT ST,39.178944,-86.533392
901762485,2020,1,3,200,Weekday,2-Car,No injury/unknown,DISREGARD SIGNAL/REG SIGN,17TH ST & FEE,39.178928,-86.518992
901785852,2020,2,3,1700,Weekday,2-Car,No injury/unknown,UNSAFE BACKING,E 17TH & N FEE LN,39.178928,-86.518992
901831414,2020,5,1,1500,Weekend,2-Car,No injury/unknown,UNSAFE BACKING,E 17TH & N FEE LN,39.178928,-86.518992
901887592,2020,9,6,1200,Weekday,2-Car,Non-incapacitating,FOLLOWING TOO CLOSELY,17TH & FEE LN,39.178928,-86.518992
901754038,2020,1,2,1700,Weekday,2-Car,No injury/unknown,SPEED TOO FAST FOR WEATHER CONDITIONS,17TH ST & N JORDAN EXT,39.1788756,-86.51086138
901808419,2020,4,1,1800,Weekend,2-Car,No injury/unknown,FAILURE TO YIELD RIGHT OF WAY,E 17TH ST,39.17887129,-86.51438724
901789786,2020,3,5,1300,Weekday,2-Car,No injury/unknown,SPEED TOO FAST FOR WEATHER CONDITIONS,17TH ST & JORDAN,39.178848,-86.51135266
901757548,2020,1,1,1300,Weekend,2-Car,Non-incapacitating,FOLLOWING TOO CLOSELY,17TH & JORDAN AVE,39.178848,-86.511088
901770214,2020,1,1,1700,Weekend,2-Car,No injury/unknown,FAILURE TO YIELD RIGHT OF WAY,E 17TH & N JORDAN AVE,39.178848,-86.511088
901816753,2020,5,3,2300,Weekday,Pedestrian,Non-incapacitating,PEDESTRIAN ACTION,101 N JORDAN CIRCLE ENTRANCE & JORDAN AVE,39.178848,-86.511088
901804231,2020,4,1,1200,Weekend,2-Car,No injury/unknown,DRIVER DISTRACTED - EXPLAIN IN NARRATIVE,JORDAN & SEVENTEENTH ST,39.178848,-86.511088
901899492,2020,10,7,1300,Weekend,2-Car,No injury/unknown,FAILURE TO YIELD RIGHT OF WAY,E 17TH & N JORDAN AVE,39.178848,-86.511088
901799247,2020,3,4,1600,Weekday,1-Car,No injury/unknown,DRIVER DISTRACTED - EXPLAIN IN NARRATIVE,N RANGE RD,39.178848,-86.495296
901818007,2020,4,5,1400,Weekday,2-Car,No injury/unknown,FAILURE TO YIELD RIGHT OF WAY,HENSONBURG & VERNAL PIKE,39.17878971,-86.56250976
901799244,2020,3,4,1600,Weekday,2-Car,No injury/unknown,FOLLOWING TOO CLOSELY,17TH & SR46S,39.17866376,-86.50618143
901904853,2020,10,3,900,Weekday,Bus,Non-incapacitating,FOLLOWING TOO CLOSELY,11TH & COLLEGE AVE,39.17856817,-86.53479985
901887803,2020,9,6,1600,Weekday,2-Car,No injury/unknown,FAILURE TO YIELD RIGHT OF WAY,KENWOOD & MADISON ST,39.178464,-86.537776
901856542,2020,7,2,0,Weekday,2-Car,No injury/unknown,UNSAFE BACKING,17 & WOODBURN AVE,39.178222,-86.535953
901804762,2020,4,2,1200,Weekday,2-Car,No injury/unknown,FAILURE TO YIELD RIGHT OF WAY,17TH & MAPLE ST,39.17821603,-86.542096
901911966,2020,10,1,1500,Weekend,2-Car,No injury/unknown,IMPROPER TURNING,EAST 17TH & WALNUT GROVE ST,39.17820707,-86.52109785
901900756,2020,10,3,0,Weekday,2-Car,No injury/unknown,IMPROPER LANE USAGE,NORTH JORDAN AVE AVE,39.17813726,-86.51241146
901937256,2020,12,2,2100,Weekday,2-Car,No injury/unknown,UNSAFE BACKING,N JORDAN AVE,39.17813726,-86.51241146
901916341,2020,10,5,1800,Weekday,2-Car,No injury/unknown,IMPROPER TURNING,N DUNN ST,39.17807388,-86.52803802
901844695,2020,6,5,900,Weekday,1-Car,No injury/unknown,RAN OFF ROAD RIGHT,N DUNN ST,39.17799577,-86.52829416
901889191,2020,9,3,300,Weekday,1-Car,No injury/unknown,RAN OFF ROAD RIGHT,16TH & MONROE ST,39.17796398,-86.547104
901882934,2020,9,4,1000,Weekday,2-Car,No injury/unknown,OTHER (DRIVER) - EXPLAIN IN NARRATIVE,E 1ST ST & S WOODLAWN,39.177952,-86.523504
901892620,2020,9,2,900,Weekday,2-Car,No injury/unknown,FAILURE TO YIELD RIGHT OF WAY,S WOODLAWN AVE,39.177952,-86.523504
901867465,2020,8,5,1200,Weekday,2-Car,No injury/unknown,UNSAFE BACKING,WALNUT ST,39.17793341,-86.53345875
901815533,2020,4,1,200,Weekend,1-Car,No injury/unknown,RAN OFF ROAD RIGHT,16TH & MADISON ST,39.17790877,-86.53776366
901804049,2020,4,7,1800,Weekend,2-Car,No injury/unknown,FOLLOWING TOO CLOSELY,1ST & SOUTH WALNUT ST,39.17784,-86.533408
901866681,2020,8,7,1600,Weekend,2-Car,No injury/unknown,DISREGARD SIGNAL/REG SIGN,EAST 1ST & S WALNUT ST,39.17784,-86.533408
901852151,2020,7,5,100,Weekday,2-Car,No injury/unknown,OTHER (DRIVER) - EXPLAIN IN NARRATIVE,16TH ST & LINCOLN,39.17778307,-86.53015834
901863041,2020,7,7,200,Weekend,2-Car,No injury/unknown,OTHER (DRIVER) - EXPLAIN IN NARRATIVE,16TH ST & DUNN,39.17775282,-86.5286727
901786642,2020,3,6,1200,Weekday,2-Car,Non-incapacitating,FOLLOWING TOO CLOSELY,1ST & COLLEGE AVE,39.17770395,-86.53472966
901765690,2020,1,6,1300,Weekday,2-Car,No injury/unknown,IMPROPER TURNING,1250 N COLLEGE AVE & 17TH,39.17758675,-86.53473056
901889986,2020,9,3,900,Weekday,2-Car,No injury/unknown,OTHER (VEHICLE) - EXPLAIN IN NARRATIVE,JORDAN AVE,39.17758179,-86.51197814
901931456,2020,11,6,1600,Weekday,2-Car,Non-incapacitating,FOLLOWING TOO CLOSELY,SR37S & VERNAL,39.1775537,-86.5612041
901829778,2020,5,4,1900,Weekday,2-Car,No injury/unknown,DRIVER DISTRACTED - EXPLAIN IN NARRATIVE,WEST 15TH ST,39.177552,-86.547104
901880720,2020,8,6,1800,Weekday,2-Car,No injury/unknown,UNSAFE BACKING,WEST 15TH ST,39.177552,-86.547104
901815542,2020,4,1,400,Weekend,1-Car,No injury/unknown,RAN OFF ROAD RIGHT,N CRESENT RD,39.17750426,-86.55644796
901787832,2020,3,2,900,Weekday,2-Car,No injury/unknown,OTHER (DRIVER) - EXPLAIN IN NARRATIVE,N FEE LN,39.17729391,-86.5189799
901938001,2020,12,3,2300,Weekday,2-Car,No injury/unknown,OTHER (DRIVER) - EXPLAIN IN NARRATIVE,JORDAN & LINGLEBACH LN,39.1771502,-86.5125336
901780147,2020,2,6,800,Weekday,3+ Cars,No injury/unknown,DRIVER DISTRACTED - EXPLAIN IN NARRATIVE,SR37S & VERNAL,39.17714982,-86.56168247
901761189,2020,1,6,2000,Weekend,1-Car,No injury/unknown,ANIMAL/OBJECT IN ROADWAY,ETTER & SR45E,39.17714235,-86.47775636
901760865,2020,1,6,1000,Weekday,3+ Cars,Non-incapacitating,FAILURE TO YIELD RIGHT OF WAY,10TH & SR45W,39.17711807,-86.47779229
901769813,2020,1,7,1800,Weekend,Bus,No injury/unknown,LEFT OF CENTER,E 10TH & SR45E,39.17702805,-86.47792553
901807223,2020,4,5,1900,Weekday,2-Car,No injury/unknown,FAILURE TO YIELD RIGHT OF WAY,E 15TH ST & N DUNN,39.176944,-86.528272
901825443,2020,5,4,2200,Weekday,2-Car,No injury/unknown,UNSAFE BACKING,15TH & DUNN ST,39.176944,-86.528272
901819465,2020,5,1,1100,Weekend,2-Car,No injury/unknown,FOLLOWING TOO CLOSELY,10TH & SR45E,39.17693803,-86.47805876
901844815,2020,6,5,1400,Weekday,2-Car,No injury/unknown,FOLLOWING TOO CLOSELY,E 10TH & SR45N,39.17693803,-86.47805876
901834391,2020,6,6,1900,Weekend,2-Car,Non-incapacitating,FAILURE TO YIELD RIGHT OF WAY,N WOODBURN & W 15TH ST,39.176912,-86.536064
901834709,2020,6,6,2100,Weekend,3+ Cars,No injury/unknown,DRIVER DISTRACTED - EXPLAIN IN NARRATIVE,N WOODBURN & WEST 15TH ST,39.176912,-86.536064
901786002,2020,3,5,0,Weekday,2-Car,No injury/unknown,UNSAFE SPEED,15TH ST & LINCOLN,39.176896,-86.53088
901874850,2020,8,2,2300,Weekday,2-Car,No injury/unknown,RAN OFF ROAD RIGHT,N HANCOCK DR,39.17686187,-86.54898203
901933505,2020,12,3,1500,Weekday,3+ Cars,No injury/unknown,FOLLOWING TOO CLOSELY,15TH & WALNUT ST,39.17685986,-86.53353989
901789750,2020,3,5,900,Weekday,2-Car,No injury/unknown,OTHER (DRIVER) - EXPLAIN IN NARRATIVE,LINDBERGH & W 15TH ST,39.176848,-86.552592
901887351,2020,9,5,900,Weekday,1-Car,Non-incapacitating,RAN OFF ROAD RIGHT,ILLINOIS & WEST 15TH ST,39.176848,-86.551792
901811714,2020,4,6,1500,Weekday,2-Car,No injury/unknown,FAILURE TO YIELD RIGHT OF WAY,15TH & WALNUT ST,39.176848,-86.533424
901757550,2020,1,7,1800,Weekend,2-Car,No injury/unknown,DRIVER DISTRACTED - EXPLAIN IN NARRATIVE,10TH & SR4546S,39.176848,-86.478192
901778820,2020,2,1,1400,Weekend,2-Car,Non-incapacitating,FOLLOWING TOO CLOSELY,10TH & US45E,39.176848,-86.478192
901786191,2020,2,4,800,Weekday,2-Car,No injury/unknown,OTHER (DRIVER) - EXPLAIN IN NARRATIVE,10TH & 2719 E 10TH DR,39.176848,-86.478192
901816433,2020,4,2,1700,Weekday,2-Car,Non-incapacitating,SPEED TOO FAST FOR WEATHER CONDITIONS,10TH & SR4546E,39.176848,-86.478192
901798031,2020,3,2,900,Weekday,2-Car,Non-incapacitating,FAILURE TO YIELD RIGHT OF WAY,10TH & SR45N,39.176848,-86.478192
901845840,2020,6,7,1600,Weekend,2-Car,No injury/unknown,OVERCORRECTING/OVERSTEERING,10TH & SR4546S,39.176848,-86.478192
901877826,2020,8,2,800,Weekday,2-Car,No injury/unknown,IMPROPER LANE USAGE,E 10TH & SR45W,39.176848,-86.478192
901887491,2020,9,6,700,Weekday,2-Car,No injury/unknown,IMPROPER PASSING,10TH ST & SR4546,39.176848,-86.478192
901914103,2020,10,7,1500,Weekend,2-Car,Non-incapacitating,FOLLOWING TOO CLOSELY,10TH & SR45S,39.176848,-86.478192
901922458,2020,11,3,1000,Weekday,2-Car,Non-incapacitating,OTHER (DRIVER) - EXPLAIN IN NARRATIVE,LIBERTY DR & SR 45,39.17672749,-86.57777018
901825283,2020,5,4,1600,Weekday,2-Car,No injury/unknown,LEFT OF CENTER,E 10TH ST & SR4546,39.17672676,-86.47840596
901895430,2020,9,6,1900,Weekend,2-Car,No injury/unknown,UNSAFE LANE MOVEMENT,10TH & NORTH ROGERS ST,39.17668836,-86.53859987
901789940,2020,3,5,1800,Weekday,2-Car,No injury/unknown,UNSAFE SPEED,E 10TH ST & SR45,39.17668635,-86.47847728
901819472,2020,5,7,2100,Weekend,2-Car,No injury/unknown,UNSAFE LANE MOVEMENT,10TH ST & SR4546,39.17668635,-86.47847728
901943643,2020,12,5,2200,Weekday,1-Car,Non-incapacitating,SPEED TOO FAST FOR WEATHER CONDITIONS,15TH ST & HANCOCK,39.17666003,-86.54892973
901774128,2020,2,2,500,Weekday,1-Car,No injury/unknown,RAN OFF ROAD RIGHT,1ST ST & FAIRVIEW,39.17664,-86.540992
901865285,2020,7,7,2100,Weekend,1-Car,No injury/unknown,IMPROPER TURNING,ROGERS & W 15TH ST,39.17664,-86.538496
901777127,2020,2,2,200,Weekday,1-Car,Non-incapacitating,RAN OFF ROAD RIGHT,N MADISON ST & W 15TH,39.17664,-86.537712
901902612,2020,10,4,1700,Weekday,3+ Cars,No injury/unknown,FOLLOWING TOO CLOSELY,SR37 & VERNAL,39.17662383,-86.56252708
901903841,2020,10,1,1800,Weekend,2-Car,No injury/unknown,UNSAFE BACKING,N FEE LN,39.17658828,-86.51891313
901934108,2020,12,4,1300,Weekday,1-Car,No injury/unknown,UNSAFE BACKING,NORTH FEE LN,39.17658828,-86.51891313
901763664,2020,1,4,1300,Weekday,2-Car,Non-incapacitating,FOLLOWING TOO CLOSELY,SR 37 HWY & VERNAL,39.176544,-86.5624
901791654,2020,3,2,1500,Weekday,2-Car,No injury/unknown,FOLLOWING TOO CLOSELY,SR37N & VERNAL,39.176544,-86.5624
901819295,2020,5,7,1800,Weekend,2-Car,Incapacitating,DISREGARD SIGNAL/REG SIGN,SR37N & VERNAL,39.176544,-86.5624
901797969,2020,3,2,800,Weekday,2-Car,No injury/unknown,FAILURE TO YIELD RIGHT OF WAY,SR37S & VERNAL,39.176544,-86.5624
901846504,2020,6,2,1000,Weekday,2-Car,No injury/unknown,FOLLOWING TOO CLOSELY,SR37N & W VERNAL,39.176544,-86.5624
901877314,2020,8,7,1600,Weekend,2-Car,No injury/unknown,DISREGARD SIGNAL/REG SIGN,SR37S & VERNAL,39.176544,-86.5624
901914099,2020,10,4,1300,Weekday,3+ Cars,No injury/unknown,FOLLOWING TOO CLOSELY,SR37S & VERNAL,39.176544,-86.5624
901945054,2020,12,7,1600,Weekend,3+ Cars,Non-incapacitating,FOLLOWING TOO CLOSELY,SR37N & VERNAL,39.176544,-86.5624
901932869,2020,12,2,1200,Weekday,2-Car,No injury/unknown,OTHER (DRIVER) - EXPLAIN IN NARRATIVE,LINGLEBACH LN & UNION,39.17652994,-86.50994564
901912771,2020,10,2,1600,Weekday,1-Car,No injury/unknown,OBSTRUCTION NOT MARKED,FOURTEENTH & INDIANA AVE,39.17647126,-86.52702007
901770097,2020,1,1,1600,Weekend,2-Car,Non-incapacitating,FOLLOWING TOO CLOSELY,SR37S & VERNAL,39.17646021,-86.56233005
901840839,2020,6,4,1700,Weekday,2-Car,No injury/unknown,FOLLOWING TOO CLOSELY,SR37N & VERNAL,39.17646021,-86.56233005
901869250,2020,8,5,1000,Weekday,2-Car,No injury/unknown,OTHER (VEHICLE) - EXPLAIN IN NARRATIVE,SR37N & VERNAL PIKE,39.17646021,-86.56233005
901873486,2020,8,6,1500,Weekday,2-Car,Non-incapacitating,DRIVER DISTRACTED - EXPLAIN IN NARRATIVE,SR37N & W VERNAL,39.17646021,-86.56233005
901802766,2020,4,4,1400,Weekday,2-Car,No injury/unknown,UNSAFE BACKING,FEE & FOSTER NORTH DR,39.17645015,-86.51888611
901757523,2020,1,1,1000,Weekend,2-Car,Non-incapacitating,FAILURE TO YIELD RIGHT OF WAY,FEE LN & FOSTER,39.17645015,-86.51886016
901759392,2020,1,4,1800,Weekday,2-Car,No injury/unknown,FAILURE TO YIELD RIGHT OF WAY,FOSTER & N FEE LN,39.17645015,-86.51886016
901899763,2020,10,6,1600,Weekday,2-Car,No injury/unknown,IMPROPER TURNING,37 & VERNAL PIKE,39.17643103,-86.56174573
901812264,2020,4,7,1100,Weekend,2-Car,No injury/unknown,FOLLOWING TOO CLOSELY,SR37N & VERNAL,39.17635934,-86.56266121
901810680,2020,4,4,2000,Weekday,2-Car,No injury/unknown,FAILURE TO YIELD RIGHT OF WAY,14TH & INDIANA AVE,39.176192,-86.52712
901909368,2020,10,7,2200,Weekend,2-Car,Non-incapacitating,FAILURE TO YIELD RIGHT OF WAY,14TH & N INDIANA AVE,39.176192,-86.52712
901911395,2020,10,7,300,Weekend,2-Car,No injury/unknown,UNSAFE LANE MOVEMENT,14TH ST & INDIANA,39.176192,-86.52712
901935116,2020,12,6,600,Weekday,2-Car,No injury/unknown,UNSAFE LANE MOVEMENT,1100 N INDIANA AVE & E 14TH,39.176192,-86.52712
901846047,2020,6,7,100,Weekend,2-Car,No injury/unknown,OTHER (DRIVER) - EXPLAIN IN NARRATIVE,14TH ST & DUNN,39.17617022,-86.52787137
901854745,2020,7,4,900,Weekday,2-Car,No injury/unknown,,E 14TH & N DUNN ST,39.17616,-86.528224
901923002,2020,11,4,1700,Weekday,2-Car,No injury/unknown,FAILURE TO YIELD RIGHT OF WAY,14TH & INDIANA AVE,39.17611018,-86.52701005
901770957,2020,1,2,1600,Weekday,2-Car,No injury/unknown,OTHER (DRIVER) - EXPLAIN IN NARRATIVE,NORTH WALNUT ST,39.17608604,-86.53349898
901844457,2020,6,4,1500,Weekday,2-Car,No injury/unknown,VIEW OBSTRUCTED,14TH ST & LINCOLN,39.176,-86.530896
901942911,2020,12,4,1800,Weekday,2-Car,Non-incapacitating,UNSAFE SPEED,SR37 & VERNAL,39.17599001,-86.56318363
901760787,2020,1,6,700,Weekday,Bus,No injury/unknown,FAILURE TO YIELD RIGHT OF WAY,14TH & COLLEGE AVE,39.175984,-86.534736
901764665,2020,1,5,2200,Weekday,2-Car,No injury/unknown,FAILURE TO YIELD RIGHT OF WAY,14TH & N COLLEGE AVE,39.175984,-86.534736
901850439,2020,7,2,2000,Weekday,2-Car,No injury/unknown,BRAKE FAILURE OR DEFECTIVE,N COLLEGE AVE,39.175984,-86.534736
901939511,2020,12,5,1500,Weekday,2-Car,No injury/unknown,UNSAFE BACKING,N COLLEGE AVE,39.175984,-86.534736
901923247,2020,11,5,1100,Weekday,2-Car,No injury/unknown,FAILURE TO YIELD RIGHT OF WAY,N COLLEGE AVE & W 14TH,39.175984,-86.534736
901935969,2020,12,1,1500,Weekend,2-Car,No injury/unknown,FAILURE TO YIELD RIGHT OF WAY,14TH & COLLEGE AVE,39.175984,-86.534736
901895726,2020,9,7,2200,Weekend,2-Car,No injury/unknown,FAILURE TO YIELD RIGHT OF WAY,JONES & JORDAN AVE,39.17597478,-86.51640996
901756447,2020,1,4,2000,Weekday,2-Car,No injury/unknown,UNSAFE LANE MOVEMENT,14TH & WALNUT ST,39.175952,-86.53344
901785530,2020,2,3,2300,Weekday,Cyclist,Non-incapacitating,FAILURE TO YIELD RIGHT OF WAY,14TH ST & WALNUT,39.175952,-86.53344