Master Record Number,Year,Month,Day,Hour,Weekend,Collision Type,Injury Type,Primary Factor,Reported_Location,Latitude,Longitude
901815605,2020,4,1,1100,Weekend,2-Car,No injury/unknown,FAILURE TO YIELD RIGHT OF WAY,14TH & WALNUT ST,39.175952,-86.53344
901817094,2020,5,3,1900,Weekday,Cyclist,Non-incapacitating,FAILURE TO YIELD RIGHT OF WAY,14TH & WALNUT ST,39.175952,-86.53344
901811874,2020,4,7,100,Weekend,2-Car,No injury/unknown,UNSAFE LANE MOVEMENT,14TH & WALNUT ST,39.175952,-86.53344
901811955,2020,4,7,300,Weekend,2-Car,No injury/unknown,FAILURE TO YIELD RIGHT OF WAY,14TH & N WALNUT ST,39.175952,-86.53344
901815110,2020,4,5,1800,Weekday,2-Car,No injury/unknown,FAILURE TO YIELD RIGHT OF WAY,14TH & N WALNUT ST,39.175952,-86.53344
901854662,2020,7,3,1200,Weekday,2-Car,No injury/unknown,FAILURE TO YIELD RIGHT OF WAY,14TH & WALNUT ST,39.175952,-86.53344
901894071,2020,9,4,1200,Weekday,2-Car,No injury/unknown,IMPROPER TURNING,14TH & N WALNUT ST,39.175952,-86.53344
901895258,2020,9,6,1300,Weekday,2-Car,No injury/unknown,IMPROPER TURNING,14TH & WALNUT ST,39.175952,-86.53344
901851817,2020,7,5,1000,Weekday,Bus,No injury/unknown,IMPROPER TURNING,14TH & COLLEGE AVE,39.17594992,-86.53476968
901871812,2020,8,3,1400,Weekday,2-Car,Non-incapacitating,FAILURE TO YIELD RIGHT OF WAY,14TH & WALNUT ST,39.17594992,-86.53356
901917362,2020,11,2,1300,Weekday,2-Car,No injury/unknown,FAILURE TO YIELD RIGHT OF WAY,14TH & WALNUT ST,39.17594992,-86.53356
901938089,2020,12,3,1700,Weekday,2-Car,No injury/unknown,FOLLOWING TOO CLOSELY,10TH & SR4546S,39.17590336,-86.52827453
901880748,2020,8,6,1900,Weekend,2-Car,No injury/unknown,UNSAFE BACKING,UNION & UNION ST,39.17586006,-86.50989018
901768519,2020,1,5,800,Weekday,Pedestrian,Non-incapacitating,FAILURE TO YIELD RIGHT OF WAY,14TH & MONROE ST,39.17583995,-86.5471702
901797353,2020,3,7,0,Weekend,3+ Cars,Non-incapacitating,OVERCORRECTING/OVERSTEERING,JORDAN AVE & LAW,39.17583846,-86.51357311
901940042,2020,12,6,1800,Weekday,2-Car,Non-incapacitating,FOLLOWING TOO CLOSELY,SR37N & VERNAL,39.17580534,-86.56344483
901919465,2020,11,5,1800,Weekday,1-Car,No injury/unknown,ANIMAL/OBJECT IN ROADWAY,BLUE RIDGE & WALNUT ST,39.17574371,-86.53452023
901873876,2020,8,7,1400,Weekend,2-Car,No injury/unknown,UNSAFE LANE MOVEMENT,14TH & WALNUT ST,39.17567738,-86.53344549
901791955,2020,3,3,400,Weekday,1-Car,No injury/unknown,SPEED TOO FAST FOR WEATHER CONDITIONS,DUNN & EAST 13TH ST,39.175552,-86.528192
901799893,2020,3,6,100,Weekday,1-Car,No injury/unknown,RAN OFF ROAD RIGHT,13TH & DUNN ST,39.175552,-86.528192
901877503,2020,8,1,1300,Weekend,1-Car,No injury/unknown,OTHER (DRIVER) - EXPLAIN IN NARRATIVE,13TH & DUNN ST,39.175552,-86.528192
901761034,2020,1,6,1500,Weekday,2-Car,No injury/unknown,FAILURE TO YIELD RIGHT OF WAY,13TH & INDIANA AVE,39.175504,-86.527104
901790241,2020,3,6,1000,Weekday,2-Car,No injury/unknown,FAILURE TO YIELD RIGHT OF WAY,E 13TH & N INDIANA AVE,39.175504,-86.527104
901783264,2020,2,5,1300,Weekday,2-Car,No injury/unknown,FAILURE TO YIELD RIGHT OF WAY,13TH & INDIANA AVE,39.175504,-86.527104
901797262,2020,3,6,1800,Weekday,2-Car,No injury/unknown,OVERCORRECTING/OVERSTEERING,13TH & INDIANA AVE,39.175504,-86.527104
901800242,2020,3,6,1400,Weekday,2-Car,No injury/unknown,FAILURE TO YIELD RIGHT OF WAY,13TH & INDIANA AVE,39.175504,-86.527104
901800455,2020,3,7,0,Weekend,2-Car,No injury/unknown,FAILURE TO YIELD RIGHT OF WAY,13TH & INDIANA AVE,39.175504,-86.527104
901916241,2020,11,1,0,Weekend,2-Car,No injury/unknown,DISREGARD SIGNAL/REG SIGN,13TH & INDIANA AVE,39.175504,-86.527104
901909833,2020,10,2,1300,Weekday,2-Car,No injury/unknown,UNSAFE BACKING,13TH ST & WOODBURN,39.17549998,-86.5360102
901902699,2020,10,6,0,Weekday,2-Car,No injury/unknown,UNSAFE BACKING,N JORDAN AVE,39.17542251,-86.51393703
901830700,2020,5,6,1000,Weekday,1-Car,Non-incapacitating,RAN OFF ROAD RIGHT,SR37N & VERNAL,39.17538323,-86.56356264
901787416,2020,3,1,1700,Weekend,2-Car,No injury/unknown,UNSAFE LANE MOVEMENT,E 13TH ST & N WOODLAWN,39.175344,-86.523488
901816752,2020,5,3,1200,Weekday,2-Car,No injury/unknown,OTHER (VEHICLE) - EXPLAIN IN NARRATIVE,EAST 13TH ST & WOODLAWN,39.175344,-86.523488
901939569,2020,12,5,2300,Weekday,1-Car,No injury/unknown,UNSAFE SPEED,13TH ST & DUNN,39.17532027,-86.52828267
901782772,2020,2,5,900,Weekday,1-Car,Non-incapacitating,SPEED TOO FAST FOR WEATHER CONDITIONS,13TH & DUNN ST,39.17532027,-86.52828007
901841163,2020,6,5,1300,Weekday,2-Car,No injury/unknown,VIEW OBSTRUCTED,INDUSTRIAL PARK DR,39.17530552,-86.56534686
901779329,2020,2,5,100,Weekday,1-Car,No injury/unknown,RAN OFF ROAD RIGHT,N COLLEGE AVE,39.17528784,-86.53474939
901889608,2020,9,3,1400,Weekday,2-Car,No injury/unknown,DISREGARD SIGNAL/REG SIGN,13TH & INDIANA AVE,39.1752398,-86.52699999
901911540,2020,10,7,1200,Weekend,2-Car,No injury/unknown,OTHER (DRIVER) - EXPLAIN IN NARRATIVE,13TH & INDIANA AVE,39.1752398,-86.52699999
901913469,2020,10,3,1600,Weekday,2-Car,No injury/unknown,FAILURE TO YIELD RIGHT OF WAY,13TH & INDIANA AVE,39.1752398,-86.52699999
901892574,2020,9,2,1000,Weekday,2-Car,No injury/unknown,FAILURE TO YIELD RIGHT OF WAY,THIRTEENTH ST & WALNUT,39.175232,-86.520976
901906053,2020,10,5,1100,Weekday,2-Car,No injury/unknown,FAILURE TO YIELD RIGHT OF WAY,E 13TH ST & WALNUT GROVE,39.175232,-86.520976
901875015,2020,8,3,900,Weekday,2-Car,No injury/unknown,OTHER (DRIVER) - EXPLAIN IN NARRATIVE,10TH ST & ROGERS,39.175152,-86.538512
901765493,2020,1,6,2000,Weekend,2-Car,No injury/unknown,OTHER (DRIVER) - EXPLAIN IN NARRATIVE,N FEE LN,39.175152,-86.518992
901802091,2020,4,3,1100,Weekday,Moped/Motorcycle,Non-incapacitating,UNSAFE SPEED,13TH & FEE LN,39.175152,-86.518992
901811635,2020,4,6,1200,Weekday,2-Car,Non-incapacitating,UNSAFE SPEED,13TH & FEE LN,39.175152,-86.518992
901881208,2020,9,1,1300,Weekend,2-Car,No injury/unknown,FAILURE TO YIELD RIGHT OF WAY,FEE & THIRTEENTH ST,39.175152,-86.518992
901903182,2020,10,6,1800,Weekday,2-Car,No injury/unknown,DISREGARD SIGNAL/REG SIGN,13TH ST & WALNUT GROVE,39.17512983,-86.52103006
901905657,2020,10,4,1500,Weekday,2-Car,No injury/unknown,DISREGARD SIGNAL/REG SIGN,13TH ST & WALNUT GROVE,39.17512983,-86.52103006
901936037,2020,12,7,2000,Weekend,2-Car,No injury/unknown,FAILURE TO YIELD RIGHT OF WAY,13TH & FEE LN,39.17510971,-86.51903986
901857273,2020,7,2,2200,Weekday,2-Car,No injury/unknown,IMPROPER TURNING,CRESCENT & W VERNAL PIKE,39.17504,-86.556496
901858397,2020,7,4,1200,Weekday,Moped/Motorcycle,Incapacitating,RAN OFF ROAD RIGHT,E 10TH ST & RUSSELL,39.17489326,-86.48131836
901901323,2020,10,3,1700,Weekday,2-Car,No injury/unknown,FOLLOWING TOO CLOSELY,SR37N & VERNAL,39.17488201,-86.56475085
901763772,2020,1,4,2200,Weekday,2-Car,Non-incapacitating,FAILURE TO YIELD RIGHT OF WAY,JORDAN AVE & LAW,39.17476808,-86.51466999
901769556,2020,1,7,800,Weekend,1-Car,Non-incapacitating,SPEED TOO FAST FOR WEATHER CONDITIONS,SR37S & VERNAL PK,39.17469734,-86.56501204
901848077,2020,6,4,1700,Weekday,2-Car,No injury/unknown,DRIVER DISTRACTED - EXPLAIN IN NARRATIVE,SR37N & VERNAL,39.17469734,-86.56501204
901944949,2020,12,6,1800,Weekday,Bus,No injury/unknown,FOLLOWING TOO CLOSELY,SR37N & VERNAL,39.17469734,-86.56501204
901865921,2020,8,6,200,Weekday,1-Car,No injury/unknown,SPEED TOO FAST FOR WEATHER CONDITIONS,14TH & WALNUT ST,39.17457889,-86.53346746
901927668,2020,11,6,1800,Weekday,1-Car,No injury/unknown,OTHER (VEHICLE) - EXPLAIN IN NARRATIVE,12TH ST & GRANT,39.174448,-86.529696
901817926,2020,5,5,1800,Weekday,2-Car,No injury/unknown,OTHER (DRIVER) - EXPLAIN IN NARRATIVE,EAST 12TH ST,39.17443951,-86.52932669
901776796,2020,1,2,100,Weekday,1-Car,No injury/unknown,RAN OFF ROAD RIGHT,12TH & LINCOLN ST,39.174416,-86.530992
901783667,2020,2,7,100,Weekend,2-Car,No injury/unknown,UNSAFE BACKING,12TH & LINCOLN AVE,39.174416,-86.530992
901800466,2020,3,7,0,Weekend,2-Car,No injury/unknown,UNSAFE LANE MOVEMENT,12TH ST & LINCOLN,39.174416,-86.530992
901817231,2020,5,4,700,Weekday,Cyclist,Non-incapacitating,FAILURE TO YIELD RIGHT OF WAY,12TH ST & DUNN,39.174416,-86.528304
901812700,2020,4,1,900,Weekend,2-Car,No injury/unknown,,DUNN & E 12TH ST,39.174416,-86.528304
901822751,2020,5,7,200,Weekend,Moped/Motorcycle,Non-incapacitating,RAN OFF ROAD RIGHT,N MADISON ST & W 11TH,39.17441364,-86.53835177
901794279,2020,3,1,200,Weekend,1-Car,Non-incapacitating,OTHER (DRIVER) - EXPLAIN IN NARRATIVE,12TH ST & WASHINGTON,39.17439204,-86.53169495
901921347,2020,11,2,1600,Weekday,2-Car,No injury/unknown,IMPROPER TURNING,E LAW & N FOSTER DR,39.17438793,-86.5173362
901930995,2020,11,6,0,Weekday,2-Car,No injury/unknown,UNSAFE LANE MOVEMENT,12TH ST & WASHIGTON,39.17438015,-86.53229571
901787432,2020,3,1,1500,Weekend,2-Car,No injury/unknown,UNSAFE SPEED,E 12TH & N WASHINGTON ST,39.174368,-86.5324
901759298,2020,1,4,1400,Weekday,2-Car,No injury/unknown,FAILURE TO YIELD RIGHT OF WAY,EAST 12TH & INDIANA AVE,39.174368,-86.527088
901789913,2020,3,5,1500,Weekday,2-Car,No injury/unknown,FOLLOWING TOO CLOSELY,12TH & INDIANA AVE,39.174368,-86.527088
901798068,2020,3,2,900,Weekday,2-Car,No injury/unknown,FAILURE TO YIELD RIGHT OF WAY,12TH & INDIANA AVE,39.174368,-86.527088
901922210,2020,11,3,1700,Weekday,2-Car,Non-incapacitating,FAILURE TO YIELD RIGHT OF WAY,INDIANA & TWELVETH ST,39.17436283,-86.52699273
901942546,2020,12,2,1300,Weekday,2-Car,No injury/unknown,FAILURE TO YIELD RIGHT OF WAY,1500 BLK W 12TH ST & ILLINOIS,39.174352,-86.55101751
901831309,2020,5,1,600,Weekend,1-Car,Non-incapacitating,UNSAFE SPEED,N LINDBERGH & W 12TH ST,39.174352,-86.552592
901869846,2020,8,5,1900,Weekday,2-Car,No injury/unknown,IMPROPER TURNING,ILLINOIS & W 12TH ST,39.174352,-86.5504
901835571,2020,6,2,1600,Weekday,2-Car,Non-incapacitating,FAILURE TO YIELD RIGHT OF WAY,12TH & INDIANA AVE,39.17434998,-86.52698993
901872057,2020,8,4,1900,Weekday,Cyclist,Non-incapacitating,FAILURE TO YIELD RIGHT OF WAY,12TH ST & INDIANA,39.17434998,-86.52698993
901946752,2020,12,4,700,Weekday,2-Car,No injury/unknown,FAILURE TO YIELD RIGHT OF WAY,GORDON & WALNUT ST,39.17423385,-86.53134986
901826915,2020,5,6,1300,Weekday,Moped/Motorcycle,No injury/unknown,UNSAFE BACKING,12TH & PARK AVE,39.17419418,-86.52469993
901870708,2020,8,6,1300,Weekday,2-Car,No injury/unknown,UNSAFE SPEED,10TH & SR46E,39.17414769,-86.50355804
901938512,2020,12,4,1200,Weekday,2-Car,No injury/unknown,FAILURE TO YIELD RIGHT OF WAY,FEE LN & LAW,39.174048,-86.518896
901882574,2020,9,3,1800,Weekday,2-Car,No injury/unknown,FAILURE TO YIELD RIGHT OF WAY,FEE LN & LAW,39.17395972,-86.51891984
901931129,2020,11,6,800,Weekday,2-Car,No injury/unknown,FOLLOWING TOO CLOSELY,FEE LN & LAW,39.17395972,-86.51891984
901901806,2020,10,4,1100,Weekday,2-Car,No injury/unknown,UNSAFE BACKING,FEE & LAW LN,39.1739175,-86.51802993
901921110,2020,11,2,1200,Weekday,2-Car,No injury/unknown,UNSAFE BACKING,NORTH DUNN ST,39.17360768,-86.52824386
901765793,2020,1,6,1300,Weekday,2-Car,No injury/unknown,OTHER (DRIVER) - EXPLAIN IN NARRATIVE,JORDAN AVE & LAW,39.173552,-86.515488
901771476,2020,1,3,1700,Weekday,2-Car,No injury/unknown,FAILURE TO YIELD RIGHT OF WAY,E LAW & N JORDAN AVE,39.173552,-86.515488
901772838,2020,1,6,2000,Weekend,2-Car,No injury/unknown,OVERCORRECTING/OVERSTEERING,JORDAN & LAW LN,39.173552,-86.515488
901870985,2020,8,2,1300,Weekday,2-Car,No injury/unknown,FAILURE TO YIELD RIGHT OF WAY,JORDAN AVE & LAW,39.173552,-86.515488
901928275,2020,11,1,1700,Weekend,Bus,No injury/unknown,IMPROPER PASSING,JORDAN & LAW LN,39.173552,-86.515488
901933796,2020,12,3,2200,Weekday,2-Car,No injury/unknown,FAILURE TO YIELD RIGHT OF WAY,JORDAN AVE & LAW,39.173552,-86.515488
901900770,2020,10,3,300,Weekday,1-Car,No injury/unknown,RAN OFF ROAD RIGHT,11 ST,39.17351913,-86.53903198
901920981,2020,11,2,900,Weekday,2-Car,No injury/unknown,IMPROPER LANE USAGE,11TH ST & LINCOLN,39.17348027,-86.53100989
901895366,2020,9,6,1600,Weekday,2-Car,No injury/unknown,DISREGARD SIGNAL/REG SIGN,11TH ST & GRANT,39.17347021,-86.52973987
901806620,2020,4,5,700,Weekday,2-Car,No injury/unknown,UNSAFE BACKING,E UNIVERSITY RD & SR 45 46,39.1734577,-86.50320498
901873750,2020,8,7,1000,Weekend,2-Car,No injury/unknown,OTHER (DRIVER) - EXPLAIN IN NARRATIVE,300 E 11TH ST & N LINCOLN,39.17344,-86.530992
901874039,2020,8,1,1300,Weekend,2-Car,No injury/unknown,OTHER (DRIVER) - EXPLAIN IN NARRATIVE,11TH ST & GRANT,39.17344,-86.529696
901899466,2020,10,7,1000,Weekend,Pedestrian,Incapacitating,PEDESTRIAN ACTION,E 11TH & N INDIANA AVE,39.17344,-86.527056
901776902,2020,2,6,1300,Weekday,2-Car,No injury/unknown,FAILURE TO YIELD RIGHT OF WAY,11TH ST & WOODLAWN,39.17344,-86.523616
901901905,2020,10,4,1600,Weekday,2-Car,No injury/unknown,FAILURE TO YIELD RIGHT OF WAY,11TH & WOODLAWN AVE,39.17344,-86.523616
901779468,2020,2,5,900,Weekday,2-Car,No injury/unknown,UNSAFE SPEED,E 11TH ST,39.17344,-86.522464
901879069,2020,8,3,1600,Weekday,2-Car,No injury/unknown,UNSAFE BACKING,E 11TH ST,39.17344,-86.52206074
901924122,2020,11,6,1400,Weekday,1-Car,No injury/unknown,FAILURE TO YIELD RIGHT OF WAY,11TH & WALNUT GRV,39.17344,-86.520944
901758563,2020,1,3,1000,Weekday,2-Car,No injury/unknown,FAILURE TO YIELD RIGHT OF WAY,EAST ELEVENTH & WOODLAWN AVE,39.17342157,-86.5235201
901919132,2020,11,5,900,Weekday,2-Car,No injury/unknown,FAILURE TO YIELD RIGHT OF WAY,E 11TH ST & N FORREST,39.17341992,-86.52241006
901776293,2020,2,7,0,Weekend,3+ Cars,No injury/unknown,SPEED TOO FAST FOR WEATHER CONDITIONS,JORDAN AVE & LAW,39.17340986,-86.51543967
901867400,2020,8,2,1100,Weekday,2-Car,No injury/unknown,FAILURE TO YIELD RIGHT OF WAY,VERNAL & W 11TH ST,39.173344,-86.555104
901948893,2020,12,7,0,Weekend,1-Car,No injury/unknown,SPEED TOO FAST FOR WEATHER CONDITIONS,11TH ST & VERNAL,39.173344,-86.555104
901754153,2020,1,2,1500,Weekday,2-Car,No injury/unknown,FOLLOWING TOO CLOSELY,11TH & N ADAMS ST,39.173344,-86.549792
901934238,2020,12,4,1700,Weekday,2-Car,Non-incapacitating,BRAKE FAILURE OR DEFECTIVE,ADAMS & W 11TH ST,39.173344,-86.549792
901831174,2020,5,7,2100,Weekend,Pedestrian,Non-incapacitating,UNSAFE BACKING,W 11TH ST,39.173344,-86.54734825
901839639,2020,6,2,1700,Weekday,Pedestrian,No injury/unknown,OTHER (DRIVER) - EXPLAIN IN NARRATIVE,11TH ST,39.173344,-86.547104
901882570,2020,9,3,1600,Weekday,2-Car,No injury/unknown,FAILURE TO YIELD RIGHT OF WAY,11TH ST & MONROE,39.173344,-86.547104
901869716,2020,8,6,700,Weekday,2-Car,No injury/unknown,FAILURE TO YIELD RIGHT OF WAY,11TH ST & MONROE,39.173344,-86.547104
901781594,2020,2,3,700,Weekday,2-Car,Non-incapacitating,FAILURE TO YIELD RIGHT OF WAY,11TH & FEE LN,39.1733407,-86.51893258
901906020,2020,10,5,900,Weekday,2-Car,No injury/unknown,FOLLOWING TOO CLOSELY,JONES & JORDAN AVE,39.17333111,-86.51640996
901774078,2020,2,2,1900,Weekday,Cyclist,Non-incapacitating,IMPROPER PASSING,11TH & FEE LN,39.17330743,-86.51891112
901777700,2020,2,2,1600,Weekday,Cyclist,Non-incapacitating,FAILURE TO YIELD RIGHT OF WAY,11TH & FEE LN,39.173287,-86.5189
901935526,2020,12,6,1300,Weekday,2-Car,Non-incapacitating,FAILURE TO YIELD RIGHT OF WAY,11TH & WALNUT ST,39.17327978,-86.53359018
901807851,2020,4,7,900,Weekend,1-Car,No injury/unknown,SPEED TOO FAST FOR WEATHER CONDITIONS,700 N WALNUT ST & W 11TH,39.173248,-86.533488
901873025,2020,8,6,0,Weekday,2-Car,No injury/unknown,IMPROPER TURNING,11TH & WALNUT ST,39.173248,-86.533488
901907441,2020,10,1,100,Weekend,2-Car,No injury/unknown,IMPROPER TURNING,11TH & WALNUT ST,39.173248,-86.533488
901899550,2020,10,7,1500,Weekend,2-Car,Non-incapacitating,FAILURE TO YIELD RIGHT OF WAY,11TH & WALNUT ST,39.173248,-86.533488
901879459,2020,8,4,200,Weekday,1-Car,Non-incapacitating,RAN OFF ROAD RIGHT,ELEVENTH & VERNAL PIKE,39.17323818,-86.55512325
901763460,2020,1,4,1200,Weekday,2-Car,Non-incapacitating,FOLLOWING TOO CLOSELY,N COLLEGE AVE & W 11TH,39.173232,-86.534752
901789484,2020,3,4,2000,Weekday,2-Car,No injury/unknown,FOLLOWING TOO CLOSELY,11TH & N COLLEGE AVE,39.173232,-86.534752
901803224,2020,4,5,1200,Weekday,2-Car,Non-incapacitating,FOLLOWING TOO CLOSELY,11TH & COLLEGE AVE,39.173232,-86.534752
901881021,2020,9,7,1500,Weekend,2-Car,No injury/unknown,FAILURE TO YIELD RIGHT OF WAY,11TH ST & COLLEGE,39.173232,-86.534752
901902767,2020,10,5,1100,Weekday,2-Car,No injury/unknown,FAILURE TO YIELD RIGHT OF WAY,N COLLEGE & W 11TH ST,39.173232,-86.534752
901938920,2020,12,4,2100,Weekday,2-Car,No injury/unknown,OTHER (DRIVER) - EXPLAIN IN NARRATIVE,11TH & COLLEGE AVE,39.173232,-86.534752
901902566,2020,10,5,1600,Weekday,2-Car,No injury/unknown,FAILURE TO YIELD RIGHT OF WAY,COLLEGE & W 11TH ST,39.17322748,-86.53510481
901830380,2020,5,6,1200,Weekday,2-Car,No injury/unknown,FAILURE TO YIELD RIGHT OF WAY,11TH ST & MORTON,39.17322053,-86.53564719
901906122,2020,10,4,1200,Weekday,2-Car,No injury/unknown,UNSAFE BACKING,W 11TH ST,39.17319967,-86.53691429
901817015,2020,5,3,1500,Weekday,2-Car,Incapacitating,FOLLOWING TOO CLOSELY,11TH & ROGERS ST,39.173184,-86.538528
901828349,2020,5,2,1300,Weekday,1-Car,Non-incapacitating,UNSAFE SPEED,11TH ST & FAIRVIEW,39.173152,-86.5408
901761695,2020,1,1,1400,Weekend,2-Car,No injury/unknown,UNSAFE BACKING,E LAW LN,39.17302832,-86.51339918
901775218,2020,2,4,1700,Weekday,3+ Cars,No injury/unknown,UNSAFE BACKING,N FEE LN,39.17281455,-86.51879273
901769557,2020,1,7,2100,Weekend,1-Car,No injury/unknown,SPEED TOO FAST FOR WEATHER CONDITIONS,10 ST ST & SMITH RD,39.172752,-86.482288
901831651,2020,5,2,500,Weekday,1-Car,No injury/unknown,RAN OFF ROAD RIGHT,E 10TH ST & N SMITH,39.172752,-86.482288
901838801,2020,6,1,1200,Weekend,2-Car,Non-incapacitating,DISREGARD SIGNAL/REG SIGN,E 10TH ST & SMITH,39.172752,-86.482288
901873738,2020,8,7,1100,Weekend,2-Car,No injury/unknown,FAILURE TO YIELD RIGHT OF WAY,E 10TH ST & N SMITH,39.172752,-86.482288
901876800,2020,8,6,1100,Weekday,2-Car,No injury/unknown,FAILURE TO YIELD RIGHT OF WAY,E 10TH & E SMITH RD,39.172752,-86.482288
901913546,2020,10,3,1600,Weekday,2-Car,Non-incapacitating,SPEED TOO FAST FOR WEATHER CONDITIONS,E 10TH & N SMITH RD,39.172752,-86.482288
901880695,2020,8,6,1500,Weekday,1-Car,No injury/unknown,OTHER (DRIVER) - EXPLAIN IN NARRATIVE,EAST 10 TH ST & SMITH,39.1726803,-86.48266113
901881250,2020,9,7,1600,Weekend,2-Car,No injury/unknown,UNSAFE BACKING,COTTAGE GROVE AVE & PARK,39.17264,-86.52446357
901802420,2020,4,3,1800,Weekday,2-Car,Incapacitating,FAILURE TO YIELD RIGHT OF WAY,E COTTAGE GROVE & N INDIANA AVE,39.17264,-86.52704
901803362,2020,4,5,1700,Weekday,2-Car,No injury/unknown,FAILURE TO YIELD RIGHT OF WAY,COTTAGE GROVE & INDIANA AVE,39.17264,-86.52704
901799304,2020,3,4,1900,Weekday,2-Car,Non-incapacitating,DISREGARD SIGNAL/REG SIGN,COTTAGE GROVE & WOODLAWN AVE,39.17264,-86.523584
901934302,2020,12,4,1600,Weekday,2-Car,No injury/unknown,IMPROPER PASSING,WHITEHALL CROSSING BLVD,39.17259598,-86.57152557
901899264,2020,10,6,1700,Weekday,2-Car,No injury/unknown,FAILURE TO YIELD RIGHT OF WAY,COTTAGE & INDIANA AVE,39.17256027,-86.52696982
901880220,2020,8,5,1800,Weekday,2-Car,No injury/unknown,FAILURE TO YIELD RIGHT OF WAY,COTTAGE GROVE & WOODLAWN AVE,39.1725301,-86.52351982
901897249,2020,10,3,1600,Weekday,2-Car,No injury/unknown,FAILURE TO YIELD RIGHT OF WAY,COTTAGE GROVE & WOODLAWN AVE,39.1725301,-86.52351982
901897994,2020,10,4,1700,Weekday,Moped/Motorcycle,Non-incapacitating,FAILURE TO YIELD RIGHT OF WAY,COTTAGE GROVE & WOODLAWN AVE,39.1725301,-86.52351982
901806932,2020,4,4,1000,Weekday,2-Car,No injury/unknown,OTHER (DRIVER) - EXPLAIN IN NARRATIVE,COTTAGE GROVE AVE & FORREST,39.17252004,-86.52240346
901771534,2020,1,3,1600,Weekday,2-Car,No injury/unknown,FOLLOWING TOO CLOSELY,COTTAGE GROVE & FORREST AVE,39.17252004,-86.5224
901919830,2020,11,6,1000,Weekday,2-Car,No injury/unknown,DRIVER DISTRACTED - EXPLAIN IN NARRATIVE,N COLLEGE AVE,39.17250318,-86.53475984
901805749,2020,4,3,1000,Weekday,2-Car,No injury/unknown,OVERCORRECTING/OVERSTEERING,N FEE LN,39.17250261,-86.51898354
901822642,2020,5,5,1500,Weekday,2-Car,No injury/unknown,OTHER (DRIVER) - EXPLAIN IN NARRATIVE,NORTH FEE LN,39.17250261,-86.51898354
901893772,2020,9,3,1600,Weekday,2-Car,No injury/unknown,IMPROPER LANE USAGE,N FEE LN,39.17250261,-86.51898354
901775708,2020,2,6,200,Weekday,1-Car,No injury/unknown,UNSAFE SPEED,LAW LN & UNION,39.17234033,-86.50966018
901762441,2020,1,2,1600,Weekday,2-Car,No injury/unknown,IMPROPER TURNING,E LAW LN & N UNION,39.17234033,-86.50963855
901897695,2020,10,4,1300,Weekday,2-Car,No injury/unknown,OTHER (DRIVER) - EXPLAIN IN NARRATIVE,10TH & 600 N INDIANA ST,39.17222927,-86.52703315
901764685,2020,1,6,0,Weekday,2-Car,No injury/unknown,UNSAFE BACKING,NORTH UNION ST,39.172144,-86.509392
901916458,2020,10,2,0,Weekday,2-Car,No injury/unknown,OTHER (DRIVER) - EXPLAIN IN NARRATIVE,N UNION ST,39.172144,-86.509392
901928222,2020,11,1,900,Weekend,2-Car,No injury/unknown,OTHER (DRIVER) - EXPLAIN IN NARRATIVE,N UNION ST,39.172144,-86.509392
901884684,2020,9,1,1100,Weekend,Pedestrian,Non-incapacitating,PEDESTRIAN ACTION,MONROE ST,39.17212343,-86.547104
901938217,2020,12,3,2100,Weekday,2-Car,No injury/unknown,FAILURE TO YIELD RIGHT OF WAY,NORTH RANGE RD,39.17209692,-86.4954552
901754118,2020,1,2,1600,Weekday,2-Car,No injury/unknown,ROADWAY SURFACE CONDITION,10TH & COLLEGE AVE,39.17201865,-86.53476505
901938416,2020,12,4,1100,Weekday,2-Car,No injury/unknown,UNSAFE BACKING,S ROGERS ST,39.17200261,-86.53854563
901798791,2020,3,3,1300,Weekday,2-Car,No injury/unknown,OTHER (DRIVER) - EXPLAIN IN NARRATIVE,N WOODBRIDGE DR,39.17197421,-86.49072378
901767166,2020,1,2,1700,Weekday,2-Car,No injury/unknown,FOLLOWING TOO CLOSELY,2ND & ROGERS ST,39.17197385,-86.53867028
901855191,2020,7,5,1000,Weekday,2-Car,Non-incapacitating,FOLLOWING TOO CLOSELY,SO ROGERS ST & W 2ND,39.17196569,-86.53866899
901871396,2020,8,2,1600,Weekday,2-Car,Non-incapacitating,FAILURE TO YIELD RIGHT OF WAY,CURRY PIKE & PROFILE,39.17196013,-86.5829797
901838069,2020,6,6,1500,Weekday,2-Car,No injury/unknown,FAILURE TO YIELD RIGHT OF WAY,WHITEHALL CROSSING AVE,39.17191721,-86.57243661
901768102,2020,1,4,1500,Weekday,2-Car,No injury/unknown,FOLLOWING TOO CLOSELY,10TH & SR46S,39.17189797,-86.5022422
901865033,2020,7,5,1200,Weekday,1-Car,No injury/unknown,OTHER (DRIVER) - EXPLAIN IN NARRATIVE,N COLLEGE AVE,39.17186547,-86.53476669
901850445,2020,7,2,1800,Weekday,2-Car,No injury/unknown,UNSAFE LANE MOVEMENT,JACOB & WHITEHALL CROSSING BLVD,39.17183004,-86.57166011
901919946,2020,11,6,0,Weekday,2-Car,No injury/unknown,,E BALFOUR & N JORDAN ARC,39.17182654,-86.51259852