Master Record Number,Year,Month,Day,Hour,Weekend,Collision Type,Injury Type,Primary Factor,Reported_Location,Latitude,Longitude
901843795,2020,6,3,1300,Weekday,2-Car,Non-incapacitating,FAILURE TO YIELD RIGHT OF WAY,7TH & ROGERS ST,39.168704,-86.538576
901841987,2020,6,6,1300,Weekday,2-Car,No injury/unknown,UNSAFE BACKING,7TH & MORTON ST,39.168672,-86.536
901895632,2020,9,7,1400,Weekend,Bus,No injury/unknown,OTHER (DRIVER) - EXPLAIN IN NARRATIVE,7TH & MORTON ST,39.168672,-86.536
901930220,2020,11,3,2000,Weekday,2-Car,No injury/unknown,UNSAFE BACKING,N MORTON ST,39.168672,-86.536
901880165,2020,8,5,1700,Weekday,2-Car,No injury/unknown,UNSAFE BACKING,MORTON & W 7TH ST,39.16866968,-86.53582361
901825174,2020,5,4,700,Weekday,1-Car,No injury/unknown,RAN OFF ROAD RIGHT,SR48W & VERNAL,39.16866405,-86.66248778
901867546,2020,8,2,1500,Weekday,1-Car,No injury/unknown,OTHER (DRIVER) - EXPLAIN IN NARRATIVE,7TH & ADAMS ST,39.16865967,-86.54967002
901768336,2020,1,4,600,Weekday,2-Car,No injury/unknown,UNSAFE LANE MOVEMENT,7TH & COLLEGE AVE,39.168656,-86.534784
901786158,2020,2,3,1200,Weekday,2-Car,Non-incapacitating,IMPROPER TURNING,7TH & COLLEGE AVE,39.168656,-86.534784
901786970,2020,2,4,1600,Weekday,2-Car,No injury/unknown,DRIVER DISTRACTED - EXPLAIN IN NARRATIVE,COLLEGE AVE,39.168656,-86.534784
901815538,2020,4,1,300,Weekend,1-Car,No injury/unknown,IMPROPER TURNING,COLLEGE AVE,39.168656,-86.534784
901818605,2020,5,6,1100,Weekday,2-Car,No injury/unknown,FAILURE TO YIELD RIGHT OF WAY,7TH & COLLEGE AVE,39.168656,-86.534784
901797291,2020,3,6,2000,Weekend,2-Car,No injury/unknown,IMPROPER TURNING,N COLLEGE AVE & W 7TH,39.168656,-86.534784
901805026,2020,4,5,1200,Weekday,1-Car,No injury/unknown,OTHER (DRIVER) - EXPLAIN IN NARRATIVE,N COLLEGE AVE,39.168656,-86.534784
901839366,2020,6,2,1300,Weekday,3+ Cars,Non-incapacitating,FOLLOWING TOO CLOSELY,7TH & COLLEGE AVE,39.168656,-86.534784
901875099,2020,8,3,900,Weekday,2-Car,No injury/unknown,IMPROPER LANE USAGE,7TH & COLLEGE AVE,39.168656,-86.534784
901895509,2020,9,6,1000,Weekday,2-Car,No injury/unknown,FAILURE TO YIELD RIGHT OF WAY,7TH ST & COLLEGE,39.168656,-86.534784
901797491,2020,3,1,1900,Weekday,2-Car,No injury/unknown,OTHER (DRIVER) - EXPLAIN IN NARRATIVE,7TH ST & WALNUT,39.16864093,-86.53363856
901926316,2020,11,7,1000,Weekend,2-Car,No injury/unknown,FAILURE TO YIELD RIGHT OF WAY,E 7TH ST & LINCOLN,39.16864,-86.53116842
901754131,2020,1,2,1600,Weekday,1-Car,No injury/unknown,OVERCORRECTING/OVERSTEERING,7TH & NORTH WALNUT ST,39.16864,-86.533568
901762585,2020,1,3,700,Weekday,2-Car,No injury/unknown,IMPROPER TURNING,E 7TH & N WALNUT ST,39.16864,-86.533568
901777128,2020,2,5,200,Weekday,2-Car,No injury/unknown,UNSAFE BACKING,7TH & N WALNUT ST,39.16864,-86.533568
901793747,2020,3,5,2000,Weekday,2-Car,No injury/unknown,,7TH & N WALNUT ST,39.16864,-86.533568
901800473,2020,3,7,300,Weekend,2-Car,No injury/unknown,,N WALNUT ST,39.16864,-86.533568
901875570,2020,8,4,700,Weekday,3+ Cars,Non-incapacitating,DISREGARD SIGNAL/REG SIGN,7TH & WALNUT ST,39.16864,-86.533568
901885880,2020,9,3,1200,Weekday,2-Car,No injury/unknown,UNSAFE LANE MOVEMENT,7TH & N WALNUT ST,39.16864,-86.533568
901949392,2020,12,7,2300,Weekend,1-Car,No injury/unknown,SPEED TOO FAST FOR WEATHER CONDITIONS,N WALNUT ST,39.16864,-86.533568
901833847,2020,5,5,1700,Weekday,2-Car,No injury/unknown,DISREGARD SIGNAL/REG SIGN,EAST 7TH ST & NORTH WASHINGTON,39.16864,-86.5324
901827707,2020,5,1,1800,Weekend,2-Car,No injury/unknown,UNSAFE LANE MOVEMENT,7TH ST & GRANT,39.16864,-86.529696
901871849,2020,8,3,1700,Weekday,2-Car,No injury/unknown,OTHER (DRIVER) - EXPLAIN IN NARRATIVE,E 7TH ST,39.16864,-86.529696
901813818,2020,4,4,900,Weekday,3+ Cars,Non-incapacitating,FOLLOWING TOO CLOSELY,EAST SEVENTH & INDIANA AVE,39.16864,-86.526944
901889389,2020,9,3,800,Weekday,Bus,No injury/unknown,FAILURE TO YIELD RIGHT OF WAY,E 7TH ST & N INDIANA,39.16864,-86.526944
901914163,2020,10,3,2100,Weekday,2-Car,No injury/unknown,UNSAFE BACKING,7TH ST,39.16864,-86.526944
901821479,2020,5,3,1500,Weekday,1-Car,No injury/unknown,RAN OFF ROAD RIGHT,EAST 7TH ST & NORTH FESS,39.16864,-86.525696
901864186,2020,7,2,1000,Weekday,2-Car,No injury/unknown,UNSAFE BACKING,E 7TH ST,39.16864,-86.52567151
901779000,2020,2,4,1100,Weekday,Cyclist,Non-incapacitating,IMPROPER LANE USAGE,300 N WOODLAWN & 900 E 7TH ST,39.16864,-86.523392
901800972,2020,3,6,1400,Weekday,1-Car,No injury/unknown,UNSAFE BACKING,BALLANTINE RD & UNIVERSITY,39.16861911,-86.51913114
901797568,2020,3,7,2000,Weekend,3+ Cars,Non-incapacitating,FAILURE TO YIELD RIGHT OF WAY,7TH & N JORDAN AVE,39.16860211,-86.51605622
901903329,2020,10,7,1200,Weekend,1-Car,No injury/unknown,UNSAFE BACKING,7TH ST & ADAMS,39.16858296,-86.54933553
901780379,2020,2,7,900,Weekend,2-Car,Non-incapacitating,OTHER (DRIVER) - EXPLAIN IN NARRATIVE,7TH & COLLEGE AVE,39.16855976,-86.5348602
901871437,2020,8,2,2200,Weekday,2-Car,No injury/unknown,FAILURE TO YIELD RIGHT OF WAY,7TH & COLLEGE AVE,39.16855976,-86.5348602
901885901,2020,9,1,1800,Weekend,Cyclist,Non-incapacitating,FAILURE TO YIELD RIGHT OF WAY,7TH & COLLEGE AVE,39.16855976,-86.5348602
901933472,2020,12,3,1400,Weekday,2-Car,No injury/unknown,DISREGARD SIGNAL/REG SIGN,7TH & COLLEGE AVE,39.16855976,-86.5348602
901922198,2020,11,2,1800,Weekday,1-Car,No injury/unknown,ANIMAL/OBJECT IN ROADWAY,INGRAM & SR37,39.16855303,-86.53358714
901888734,2020,9,2,1200,Weekday,2-Car,No injury/unknown,IMPROPER LANE USAGE,7TH & WALNUT ST,39.1685497,-86.53359018
901899260,2020,10,6,1900,Weekend,2-Car,No injury/unknown,FAILURE TO YIELD RIGHT OF WAY,7TH & WALNUT ST,39.1685497,-86.53359018
901886480,2020,9,4,1100,Weekday,2-Car,No injury/unknown,FAILURE TO YIELD RIGHT OF WAY,SEVENTH ST & SUNRISE,39.16853026,-86.51242017
901908130,2020,10,2,900,Weekday,2-Car,No injury/unknown,FAILURE TO YIELD RIGHT OF WAY,7TH ST & DUNN,39.16851014,-86.5282499
901930087,2020,11,3,1900,Weekday,Bus,No injury/unknown,IMPROPER LANE USAGE,7TH ST & DUNN,39.16851014,-86.5282499
901888000,2020,9,6,1000,Weekday,2-Car,No injury/unknown,UNSAFE BACKING,7TH ST & DUNN,39.16851014,-86.52824384
901878772,2020,8,1,1800,Weekend,2-Car,No injury/unknown,UNSAFE BACKING,N GATES DR,39.16850746,-86.57636202
901781919,2020,2,3,1400,Weekday,Bus,No injury/unknown,OTHER (DRIVER) - EXPLAIN IN NARRATIVE,7TH ST & INDIANA,39.16850008,-86.5269497
901906361,2020,10,5,1500,Weekday,Bus,No injury/unknown,IMPROPER LANE USAGE,7TH ST & INDIANA,39.16850008,-86.5269497
901921194,2020,11,2,1300,Weekday,2-Car,No injury/unknown,UNSAFE SPEED,7TH ST & FORREST,39.16846991,-86.52234971
901905871,2020,10,4,1200,Weekday,2-Car,No injury/unknown,UNSAFE BACKING,N JACOB DR,39.16846848,-86.5732727
901781342,2020,2,2,1800,Weekday,2-Car,No injury/unknown,,E 7TH & N FORREST AVE,39.16846361,-86.52234876
901945173,2020,12,7,2100,Weekend,1-Car,No injury/unknown,RAN OFF ROAD RIGHT,SR48W & W VERNAL,39.16842275,-86.66122004
901845758,2020,6,6,1700,Weekday,2-Car,No injury/unknown,FAILURE TO YIELD RIGHT OF WAY,BLOOMFIELD & LANDMARK AVE,39.16839836,-86.55382007
901945057,2020,12,6,1400,Weekday,1-Car,No injury/unknown,RAN OFF ROAD RIGHT,CURRY & JONATHON DR,39.16835994,-86.58300568
901825770,2020,5,4,1700,Weekday,2-Car,No injury/unknown,LEFT OF CENTER,CURRY & JONATHAN DR,39.16835994,-86.5829797
901881151,2020,9,7,1200,Weekend,2-Car,Non-incapacitating,FAILURE TO YIELD RIGHT OF WAY,CURRY PIKE & JONATHAN,39.16835994,-86.5829797
901907009,2020,10,6,1600,Weekday,2-Car,No injury/unknown,BRAKE FAILURE OR DEFECTIVE,CURRY PIKE & JONATHAN,39.16835994,-86.5829797
901915301,2020,11,6,1100,Weekday,3+ Cars,No injury/unknown,FAILURE TO YIELD RIGHT OF WAY,7TH & JEFFERSON ST,39.16832931,-86.50702723
901840902,2020,6,4,1500,Weekday,2-Car,No injury/unknown,FAILURE TO YIELD RIGHT OF WAY,CURRY & JONATHAN DR,39.16830909,-86.58298388
901938768,2020,12,4,1400,Weekday,2-Car,No injury/unknown,FOLLOWING TOO CLOSELY,7TH & JORDAN AVE,39.16826022,-86.51609645
901849048,2020,6,6,1400,Weekday,2-Car,No injury/unknown,FAILURE TO YIELD RIGHT OF WAY,7TH & JEFFERSON ST,39.168192,-86.507024
901754068,2020,1,2,1700,Weekday,2-Car,No injury/unknown,SPEED TOO FAST FOR WEATHER CONDITIONS,BRAESIDE & PETE ELLIS DR,39.168192,-86.49504
901788333,2020,3,2,0,Weekday,2-Car,No injury/unknown,FOLLOWING TOO CLOSELY,BRAESIDE & PETE ELLIS DR,39.168192,-86.49504
901938869,2020,12,4,2000,Weekday,2-Car,No injury/unknown,FAILURE TO YIELD RIGHT OF WAY,7TH & UNION ST,39.168176,-86.509312
901924451,2020,11,7,300,Weekend,3+ Cars,Non-incapacitating,UNSAFE SPEED,E 7TH & N UNION ST,39.168176,-86.509312
901803919,2020,4,6,1300,Weekday,2-Car,No injury/unknown,FOLLOWING TOO CLOSELY,7TH & JORDAN AVE,39.16812347,-86.51611253
901887283,2020,9,5,1900,Weekday,Bus,No injury/unknown,IMPROPER TURNING,7TH ST & ROSE,39.16808031,-86.51091009
901812282,2020,4,1,1200,Weekend,2-Car,No injury/unknown,UNSAFE BACKING,N GATES DR,39.16803807,-86.57621853
901907445,2020,10,7,1100,Weekend,2-Car,Non-incapacitating,IMPROPER PASSING,N GATES DR,39.16803807,-86.57621853
901803325,2020,4,5,1300,Weekday,2-Car,No injury/unknown,UNSAFE BACKING,GATES DR,39.16792542,-86.57614074
901822980,2020,5,7,1300,Weekend,2-Car,No injury/unknown,UNSAFE BACKING,GATES DR,39.16792542,-86.57614074
901920268,2020,11,6,2200,Weekend,2-Car,No injury/unknown,UNSAFE BACKING,FRANKLIN RD,39.16789246,-86.57160186
901910619,2020,10,5,1500,Weekday,2-Car,No injury/unknown,UNSAFE BACKING,E 7TH ST & N FORREST,39.16783247,-86.52196983
901789210,2020,3,3,1800,Weekday,2-Car,No injury/unknown,IMPROPER TURNING,N GATES DR,39.16781209,-86.57606229
901858016,2020,7,5,1500,Weekday,2-Car,No injury/unknown,FAILURE TO YIELD RIGHT OF WAY,GATES DR,39.16781209,-86.57606229
901862617,2020,7,3,1100,Weekday,2-Car,No injury/unknown,UNSAFE BACKING,N GATES DR,39.16781209,-86.57606229
901883404,2020,9,5,1200,Weekday,2-Car,No injury/unknown,UNSAFE BACKING,N GATES DR,39.16781209,-86.57606229
901873668,2020,8,7,500,Weekend,2-Car,No injury/unknown,OTHER (DRIVER) - EXPLAIN IN NARRATIVE,7TH & HILLSDALE DR,39.16776,-86.503616
901842632,2020,6,7,0,Weekend,Bus,No injury/unknown,IMPROPER TURNING,6TH ST & INDIANA,39.1677418,-86.52710439
901872692,2020,8,5,1100,Weekday,3+ Cars,Non-incapacitating,FAILURE TO YIELD RIGHT OF WAY,N ADAMS ST & W 6TH,39.167728,-86.5496
901838488,2020,6,7,1500,Weekend,1-Car,No injury/unknown,RAN OFF ROAD RIGHT,WEST 6TH ST,39.1677169,-86.5472702
901826986,2020,5,6,1000,Weekday,2-Car,No injury/unknown,OTHER (DRIVER) - EXPLAIN IN NARRATIVE,6TH ST & OAK,39.167712,-86.54644717
901794656,2020,3,1,2200,Weekday,2-Car,No injury/unknown,OTHER (DRIVER) - EXPLAIN IN NARRATIVE,6TH ST & ELM,39.167712,-86.5452
901878688,2020,8,3,1100,Weekday,2-Car,No injury/unknown,OTHER (DRIVER) - EXPLAIN IN NARRATIVE,1001 W 6TH ST & ELM,39.167712,-86.5452
901843380,2020,6,2,1300,Weekday,2-Car,No injury/unknown,FAILURE TO YIELD RIGHT OF WAY,6TH & ROGERS ST,39.16768,-86.538592
901860701,2020,7,1,2200,Weekday,2-Car,No injury/unknown,FAILURE TO YIELD RIGHT OF WAY,EAST 6TH ST & ROGERS,39.16768,-86.538592
901838806,2020,6,1,1400,Weekend,2-Car,No injury/unknown,FAILURE TO YIELD RIGHT OF WAY,E 6TH ST,39.16766433,-86.53237127
901833183,2020,5,4,1600,Weekday,Moped/Motorcycle,No injury/unknown,CELL PHONE USAGE,6TH ST & MADISON,39.167664,-86.537296
901894060,2020,9,4,1100,Weekday,2-Car,No injury/unknown,OTHER (DRIVER) - EXPLAIN IN NARRATIVE,400 BLOCK OF 6TH ST,39.167664,-86.537296
901761906,2020,1,2,200,Weekday,2-Car,No injury/unknown,FAILURE TO YIELD RIGHT OF WAY,N MORTON ST & W 6TH,39.167664,-86.536
901883078,2020,9,4,1600,Weekday,2-Car,No injury/unknown,FAILURE TO YIELD RIGHT OF WAY,6TH ST & WASHINGTON,39.167664,-86.5324
901892573,2020,9,2,900,Weekday,2-Car,No injury/unknown,DRIVER ILLNESS,6TH ST & WASHINGTON,39.167664,-86.5324
901757637,2020,1,1,1500,Weekend,2-Car,No injury/unknown,UNSAFE LANE MOVEMENT,6TH & COLLEGE AVE,39.167648,-86.534784
901764247,2020,1,3,1200,Weekday,2-Car,No injury/unknown,UNSAFE BACKING,N COLLEGE & W 6TH ST,39.167648,-86.534784
901794205,2020,3,7,1500,Weekend,2-Car,No injury/unknown,UNSAFE BACKING,N COLLEGE AVE & W 6TH,39.167648,-86.534784
901810719,2020,4,4,2200,Weekday,2-Car,No injury/unknown,FOLLOWING TOO CLOSELY,6TH & COLLEGE AVE,39.167648,-86.534784
901823069,2020,5,7,1600,Weekend,2-Car,No injury/unknown,IMPROPER TURNING,NORTH COLLEGE & WEST 6TH ST,39.167648,-86.534784
901863772,2020,7,2,1000,Weekday,Bus,Non-incapacitating,LEFT OF CENTER,N COLLEGE & W 6TH ST,39.167648,-86.534784
901877182,2020,8,7,1000,Weekend,2-Car,No injury/unknown,UNSAFE BACKING,N COLLEGE & W 6TH ST,39.167648,-86.534784
901883328,2020,9,5,800,Weekday,2-Car,No injury/unknown,FAILURE TO YIELD RIGHT OF WAY,6TH & N COLLEGE AVE,39.167648,-86.534784
901906104,2020,10,5,1100,Weekday,Bus,No injury/unknown,UNSAFE BACKING,N COLLEGE & W 6TH ST,39.167648,-86.534784
901917720,2020,11,3,1100,Weekday,2-Car,No injury/unknown,DISREGARD SIGNAL/REG SIGN,6TH & COLLEGE AVE,39.167648,-86.534784
901881560,2020,9,2,1500,Weekday,2-Car,No injury/unknown,IMPROPER TURNING,6TH & WALNUT ST,39.167648,-86.533584
901938891,2020,12,4,2200,Weekday,2-Car,No injury/unknown,UNSAFE LANE MOVEMENT,6TH & WALNUT ST,39.167648,-86.533584
901916115,2020,11,7,1800,Weekend,2-Car,No injury/unknown,UNSAFE BACKING,6TH ST & ELM,39.16763976,-86.54527992
901906838,2020,10,6,1400,Weekday,2-Car,No injury/unknown,UNSAFE BACKING,6TH & COLLEGE AVE,39.16757002,-86.5348602
901920634,2020,11,1,1900,Weekday,2-Car,No injury/unknown,DISREGARD SIGNAL/REG SIGN,6TH & COLLEGE AVE,39.16757002,-86.5348602
901948763,2020,12,5,1400,Weekday,Bus,No injury/unknown,OTHER (DRIVER) - EXPLAIN IN NARRATIVE,6TH ST & WALNUT,39.16754991,-86.53360024
901875922,2020,8,4,1300,Weekday,2-Car,No injury/unknown,UNSAFE BACKING,GRANT ST & SIXTH,39.16753088,-86.5298011
901871867,2020,8,7,1100,Weekend,2-Car,No injury/unknown,UNSAFE BACKING,N DUNN ST,39.16747603,-86.52829483
901830371,2020,5,6,1100,Weekday,2-Car,No injury/unknown,FOLLOWING TOO CLOSELY,3RD & SR37N,39.16747214,-86.57272682
901817095,2020,4,6,2200,Weekend,2-Car,No injury/unknown,UNSAFE BACKING,FRANKLIN RD,39.16726761,-86.57099694
901895947,2020,9,1,1300,Weekend,2-Car,No injury/unknown,UNSAFE BACKING,S JORDAN AVE,39.1672661,-86.51619777
901911869,2020,10,1,100,Weekend,2-Car,No injury/unknown,,5TH & CLARK ST,39.16719126,-86.50480798
901936290,2020,12,3,300,Weekday,2-Car,No injury/unknown,OTHER (DRIVER) - EXPLAIN IN NARRATIVE,100 BLK N ROOSEVELT ST & 5TH,39.16717746,-86.50589963
901783843,2020,2,7,1500,Weekend,1-Car,No injury/unknown,OVERCORRECTING/OVERSTEERING,N JORDAN AVE,39.16711271,-86.51624433
901808098,2020,4,7,300,Weekend,1-Car,No injury/unknown,UNSAFE SPEED,N JORDAN AVE,39.16711271,-86.51624433
901773146,2020,2,7,1600,Weekend,Bus,No injury/unknown,VIEW OBSTRUCTED,NORTH JORDAN AVE,39.16711003,-86.51624299
901918007,2020,11,3,1500,Weekday,2-Car,Non-incapacitating,FOLLOWING TOO CLOSELY,E LONGVIEW & PETE ELLIS DR,39.16708131,-86.49505346
901923488,2020,11,2,1200,Weekday,2-Car,No injury/unknown,UNSAFE BACKING,N JORDAN AVE,39.16706644,-86.51601031
901901150,2020,10,3,1400,Weekday,Cyclist,Non-incapacitating,FAILURE TO YIELD RIGHT OF WAY,JORDAN AVE & NORTH READ,39.16698592,-86.5160948
901814213,2020,4,3,2200,Weekday,1-Car,No injury/unknown,BRAKE FAILURE OR DEFECTIVE,N DANIELS WAY & W ZENITH,39.16697619,-86.59830402
901781713,2020,2,3,900,Weekday,2-Car,No injury/unknown,FAILURE TO YIELD RIGHT OF WAY,LONGVIEW & PETE ELLIS DR,39.166944,-86.495056
901858770,2020,7,5,1700,Weekday,2-Car,No injury/unknown,FAILURE TO YIELD RIGHT OF WAY,LONGVIEW & N PETE ELLIS DR,39.166944,-86.495056
901872717,2020,8,5,1200,Weekday,Pedestrian,Non-incapacitating,FAILURE TO YIELD RIGHT OF WAY,300 N PETE ELLIS & 3000 E LONGVIEW DR,39.166944,-86.495056
901895953,2020,9,1,1400,Weekend,Bus,No injury/unknown,OVERCORRECTING/OVERSTEERING,UNION & UNION ST,39.16693039,-86.50929699
901865619,2020,8,5,1200,Weekday,1-Car,Non-incapacitating,DRIVER DISTRACTED - EXPLAIN IN NARRATIVE,5TH & N WALNUT ST,39.16691464,-86.53359564
901830915,2020,5,6,1700,Weekday,3+ Cars,Non-incapacitating,FOLLOWING TOO CLOSELY,LONGVIEW AVE & PETE ELLIS,39.1669102,-86.4949201
901936922,2020,12,2,1200,Weekday,3+ Cars,Non-incapacitating,FAILURE TO YIELD RIGHT OF WAY,LONGVIEW & PETE ELLIS DR,39.1669102,-86.4949201
901948764,2020,12,6,1900,Weekend,Bus,No injury/unknown,IMPROPER TURNING,LONGVIEW & PETE ELLIS DR,39.1669102,-86.4949201
901875473,2020,8,3,500,Weekday,1-Car,No injury/unknown,ANIMAL/OBJECT IN ROADWAY,KINGS & SR46E,39.16685824,-86.45847637
901873929,2020,8,7,0,Weekend,Pedestrian,Non-incapacitating,FAILURE TO YIELD RIGHT OF WAY,JORDAN & KIRKWOOD AVE,39.16685283,-86.5169102
901754882,2020,1,2,1500,Weekday,3+ Cars,No injury/unknown,DISREGARD SIGNAL/REG SIGN,5TH & JEFFERSON ST,39.166848,-86.506992
901839476,2020,6,2,1400,Weekday,2-Car,Non-incapacitating,DISREGARD SIGNAL/REG SIGN,5TH & JEFFERSON ST,39.166848,-86.506992
901879325,2020,8,4,700,Weekday,2-Car,No injury/unknown,RAN OFF ROAD RIGHT,E 5TH & SO JEFFERSON ST,39.166848,-86.506992
901829296,2020,5,4,1100,Weekday,2-Car,No injury/unknown,UNSAFE BACKING,100 S PETE ELLIS DR & LONGVIEW,39.166848,-86.495088
901868879,2020,8,4,300,Weekday,2-Car,No injury/unknown,UNSAFE BACKING,E LONGVIEW AVE,39.166848,-86.495088
901940522,2020,12,1,100,Weekend,2-Car,No injury/unknown,OTHER (DRIVER) - EXPLAIN IN NARRATIVE,ADAMS & KIRKWOOD AVE,39.166816,-86.549488
901919813,2020,11,6,700,Weekday,2-Car,No injury/unknown,FAILURE TO YIELD RIGHT OF WAY,ADAMS HILL & ADAMS ST,39.166816,-86.549488
901756990,2020,1,6,1300,Weekday,2-Car,Non-incapacitating,FAILURE TO YIELD RIGHT OF WAY,5TH & JEFFERSON ST,39.16681029,-86.50715969
901812155,2020,4,5,2000,Weekday,2-Car,No injury/unknown,FAILURE TO YIELD RIGHT OF WAY,NORTH INDIANA AVE,39.16679285,-86.52686722
901774546,2020,2,3,1400,Weekday,2-Car,No injury/unknown,UNSAFE BACKING,E KIRKWOOD AVE,39.16678078,-86.52203053
901853336,2020,7,7,1400,Weekend,2-Car,No injury/unknown,UNSAFE BACKING,E KIRKWOOD AVE,39.16678078,-86.52203053
901894798,2020,9,5,1500,Weekday,1-Car,No injury/unknown,OTHER (DRIVER) - EXPLAIN IN NARRATIVE,EAST KIRKWOOD AVE,39.16678078,-86.52203053
901793789,2020,3,5,1600,Weekday,2-Car,No injury/unknown,UNSAFE BACKING,KIRKWOOD & WALNUT ST,39.16677732,-86.53359782
901817058,2020,5,3,1400,Weekday,2-Car,No injury/unknown,UNSAFE BACKING,N ROGERS ST,39.16677486,-86.53860637
901912441,2020,10,2,1000,Weekday,2-Car,No injury/unknown,UNSAFE BACKING,N ROGERS ST,39.16677486,-86.53860637
901898986,2020,10,5,2000,Weekday,2-Car,No injury/unknown,FOLLOWING TOO CLOSELY,ELM & WEST 5TH ST,39.166768,-86.5452
901782678,2020,2,4,1400,Weekday,2-Car,No injury/unknown,OTHER (DRIVER) - EXPLAIN IN NARRATIVE,DANIELS WAY,39.16673116,-86.59909039
901788284,2020,3,2,1200,Weekday,2-Car,No injury/unknown,FAILURE TO YIELD RIGHT OF WAY,DANIELS WAY,39.16673116,-86.59909039
901806573,2020,4,4,1400,Weekday,2-Car,No injury/unknown,FAILURE TO YIELD RIGHT OF WAY,NORTH DANIELS WAY,39.16673116,-86.59909039
901887045,2020,9,4,1400,Weekday,2-Car,No injury/unknown,OTHER (DRIVER) - EXPLAIN IN NARRATIVE,DANIELS WAY,39.16673116,-86.59909039
901916535,2020,11,5,1500,Weekday,Moped/Motorcycle,No injury/unknown,OTHER (VEHICLE) - EXPLAIN IN NARRATIVE,N DANIELS WAY,39.16673116,-86.59909039
901902596,2020,10,5,1800,Weekday,2-Car,Non-incapacitating,DISREGARD SIGNAL/REG SIGN,MAPLE & W KIRKWOOD AVE,39.16672,-86.542096
901942914,2020,12,4,1400,Weekday,Cyclist,Non-incapacitating,FOLLOWING TOO CLOSELY,KIRKWOOD & MAPLE ST,39.16672,-86.542096
901897473,2020,10,3,1200,Weekday,2-Car,Non-incapacitating,FOLLOWING TOO CLOSELY,1000 S PATTERSON DR & 700 W ALLEN,39.16671916,-86.544296
901768838,2020,1,5,1500,Weekday,2-Car,No injury/unknown,FAILURE TO YIELD RIGHT OF WAY,ADAMS ST & KIRKWOOD,39.16670032,-86.54963985
901782450,2020,2,4,1400,Weekday,Moped/Motorcycle,Incapacitating,IMPROPER TURNING,ADAMS ST & KIRKWOOD,39.16670032,-86.54963985
901830243,2020,5,6,700,Weekday,Cyclist,Non-incapacitating,OTHER (DRIVER) - EXPLAIN IN NARRATIVE,JACKSON ST & KIRKWOOD,39.166688,-86.539808
901902108,2020,10,4,1200,Weekday,2-Car,No injury/unknown,DRIVER DISTRACTED - EXPLAIN IN NARRATIVE,S JACKSON & W KIRKWOOD AVE,39.166688,-86.539808
901761667,2020,1,1,1200,Weekend,2-Car,No injury/unknown,OTHER (DRIVER) - EXPLAIN IN NARRATIVE,JACKSON & W KIRKWOOD AVE,39.16668236,-86.53938467
901882032,2020,9,3,1000,Weekday,2-Car,No injury/unknown,UNSAFE LANE MOVEMENT,46 BYPASS & SR46N,39.16667823,-86.46179207
901774381,2020,2,3,1000,Weekday,2-Car,Non-incapacitating,FAILURE TO YIELD RIGHT OF WAY,KIRKWOOD AVE & ROGERS,39.16667553,-86.53887258
901818112,2020,5,5,1500,Weekday,2-Car,No injury/unknown,OTHER (DRIVER) - EXPLAIN IN NARRATIVE,W KIRKWOOD AVE,39.16667233,-86.53863249
901763096,2020,1,3,1700,Weekday,2-Car,No injury/unknown,FAILURE TO YIELD RIGHT OF WAY,S ROGERS & W KIRKWOOD AVE,39.166672,-86.538608
901781050,2020,2,2,1300,Weekday,2-Car,No injury/unknown,FOLLOWING TOO CLOSELY,KIRKWOOD AVE AVE & S ROGERS ST,39.166672,-86.538608
901807409,2020,4,6,1800,Weekday,Cyclist,Non-incapacitating,FOLLOWING TOO CLOSELY,KIRKWOOD & ROGERS ST,39.166672,-86.538608
901848001,2020,6,4,1500,Weekday,2-Car,No injury/unknown,UNSAFE LANE MOVEMENT,KIRKWOOD & ROGERS ST,39.166672,-86.538608
901874799,2020,8,2,1700,Weekday,2-Car,No injury/unknown,UNSAFE BACKING,ROGERS & WEST 5TH ST,39.166672,-86.538608
901901911,2020,10,4,1600,Weekday,2-Car,No injury/unknown,FAILURE TO YIELD RIGHT OF WAY,KIRKWOOD AVE & ROGERS,39.166672,-86.538608
901907029,2020,10,6,1600,Weekday,3+ Cars,No injury/unknown,FOLLOWING TOO CLOSELY,KIRKWOOD & S ROGERS ST,39.166672,-86.538608
901919379,2020,11,5,1400,Weekday,2-Car,Non-incapacitating,FOLLOWING TOO CLOSELY,ROGERS & W KIRKWOOD AVE,39.166672,-86.538608
901940142,2020,12,6,600,Weekday,1-Car,No injury/unknown,ANIMAL/OBJECT IN ROADWAY,E KINGS & SR46E,39.16666479,-86.45516551
901919500,2020,11,5,1800,Weekday,2-Car,No injury/unknown,OTHER (DRIVER) - EXPLAIN IN NARRATIVE,ELM & KIRKWOOD AVE,39.16666009,-86.54528424
901819009,2020,5,6,2300,Weekend,2-Car,No injury/unknown,SPEED TOO FAST FOR WEATHER CONDITIONS,KIRKWOOD ST & MADISON,39.166656,-86.537296
901808887,2020,4,2,700,Weekday,2-Car,Non-incapacitating,FAILURE TO YIELD RIGHT OF WAY,MADISON & W KIRKWOOD AVE,39.166656,-86.537296
901829869,2020,5,5,1400,Weekday,2-Car,No injury/unknown,FAILURE TO YIELD RIGHT OF WAY,KIRKWOOD AVE & MADISON,39.166656,-86.537296