Master Record Number,Year,Month,Day,Hour,Weekend,Collision Type,Injury Type,Primary Factor,Reported_Location,Latitude,Longitude
901845517,2020,6,6,1700,Weekday,2-Car,Non-incapacitating,FAILURE TO YIELD RIGHT OF WAY,KIRKWOOD AVE & MADISON,39.166656,-86.537296
901854460,2020,7,3,1600,Weekday,2-Car,Non-incapacitating,FAILURE TO YIELD RIGHT OF WAY,KIRKWOOD AVE & MADISON,39.166656,-86.537296
901866809,2020,8,7,1100,Weekend,2-Car,No injury/unknown,FAILURE TO YIELD RIGHT OF WAY,KIRKWOOD AVE & MADISON,39.166656,-86.537296
901878222,2020,8,2,1400,Weekday,2-Car,No injury/unknown,FAILURE TO YIELD RIGHT OF WAY,MADISON & W KIRKWOOD AVE,39.166656,-86.537296
901802941,2020,4,5,100,Weekday,2-Car,No injury/unknown,OTHER (DRIVER) - EXPLAIN IN NARRATIVE,KIRKWOOD AVE & MADISON,39.16665247,-86.53703142
901900164,2020,10,2,900,Weekday,2-Car,No injury/unknown,DRIVER DISTRACTED - EXPLAIN IN NARRATIVE,GRAND AVE & SHERWOOD,39.16664001,-86.58802788
901846722,2020,6,2,1300,Weekday,2-Car,Non-incapacitating,FOLLOWING TOO CLOSELY,KIRKWOOD AVE & WALNUT,39.16664,-86.53307077
901844780,2020,6,5,1200,Weekday,Bus,No injury/unknown,IMPROPER LANE USAGE,INDIANA & KIRKWOOD AVE,39.16664,-86.52760165
901785479,2020,2,2,1600,Weekday,Moped/Motorcycle,No injury/unknown,UNSAFE BACKING,DUNN & KIRKWOOD AVE,39.16664,-86.52748636
901801475,2020,4,2,1000,Weekday,Cyclist,Non-incapacitating,FAILURE TO YIELD RIGHT OF WAY,DUNN & KIRKWOOD AVE,39.16664,-86.52801559
901870095,2020,8,2,1600,Weekday,2-Car,No injury/unknown,DRIVER DISTRACTED - EXPLAIN IN NARRATIVE,GRAND & N CURRY PIKE PIKE,39.16664,-86.582992
901757357,2020,1,7,1500,Weekend,2-Car,No injury/unknown,FAILURE TO YIELD RIGHT OF WAY,COLLEGE AVE & KIRKWOOD,39.16664,-86.5348
901760850,2020,1,6,1100,Weekday,2-Car,No injury/unknown,DISREGARD SIGNAL/REG SIGN,N COLLEGE & W KIRKWOOD AVE,39.16664,-86.5348
901775664,2020,2,4,1600,Weekday,2-Car,No injury/unknown,FOLLOWING TOO CLOSELY,COLLEGE & KIRKWOOD AVE,39.16664,-86.5348
901776951,2020,2,1,1300,Weekend,Cyclist,Non-incapacitating,FAILURE TO YIELD RIGHT OF WAY,COLLEGE AVE & KIRKWOOD,39.16664,-86.5348
901823448,2020,5,1,1700,Weekend,2-Car,Non-incapacitating,DISREGARD SIGNAL/REG SIGN,COLLEGE & KIRKWOOD AVE,39.16664,-86.5348
901842588,2020,6,1,1600,Weekend,Moped/Motorcycle,Incapacitating,OTHER (VEHICLE) - EXPLAIN IN NARRATIVE,N COLLEGE AVE & W KIRKWOOD,39.16664,-86.5348
901899534,2020,10,7,1500,Weekend,2-Car,No injury/unknown,UNSAFE BACKING,N COLLEGE & W KIRKWOOD AVE,39.16664,-86.5348
901907141,2020,10,6,1300,Weekday,2-Car,No injury/unknown,FOLLOWING TOO CLOSELY,COLLEGE AVE & KIRKWOOD,39.16664,-86.5348
901790223,2020,3,4,1200,Weekday,2-Car,No injury/unknown,FAILURE TO YIELD RIGHT OF WAY,100 N WALNUT & 100 W KIRKWOOD AVE,39.16664,-86.5336
901796280,2020,3,5,300,Weekday,2-Car,Non-incapacitating,DISREGARD SIGNAL/REG SIGN,KIRKWOOD & WALNUT ST,39.16664,-86.5336
901812144,2020,4,7,2200,Weekend,2-Car,No injury/unknown,UNSAFE LANE MOVEMENT,KIRKWOOD & S WALNUT ST,39.16664,-86.5336
901847507,2020,6,3,1800,Weekday,2-Car,No injury/unknown,UNSAFE LANE MOVEMENT,KIRKWOOD & WALNUT ST,39.16664,-86.5336
901857716,2020,7,3,1700,Weekday,Moped/Motorcycle,No injury/unknown,FOLLOWING TOO CLOSELY,KIRKWOOD AVE & WALNUT,39.16664,-86.5336
901876038,2020,8,4,2200,Weekday,2-Car,Non-incapacitating,DISREGARD SIGNAL/REG SIGN,KIRKWOOD & WALNUT ST,39.16664,-86.5336
901880273,2020,8,6,0,Weekday,Moped/Motorcycle,Non-incapacitating,FAILURE TO YIELD RIGHT OF WAY,SOUTH WALNUT ST & WALNUT ST,39.16664,-86.5336
901883633,2020,9,5,1700,Weekday,2-Car,No injury/unknown,UNSAFE LANE MOVEMENT,KIRKWOOD & WALNUT ST,39.16664,-86.5336
901890958,2020,9,5,1900,Weekday,2-Car,No injury/unknown,UNSAFE BACKING,SOUTH WALNUT ST,39.16664,-86.5336
901894774,2020,9,4,1600,Weekday,Moped/Motorcycle,Incapacitating,FAILURE TO YIELD RIGHT OF WAY,E KIRKWOOD & N WALNUT ST,39.16664,-86.5336
901913511,2020,10,3,1900,Weekday,2-Car,Non-incapacitating,FAILURE TO YIELD RIGHT OF WAY,E KIRKWOOD AVE & S WALNUT,39.16664,-86.5336
901930902,2020,11,3,1900,Weekday,2-Car,No injury/unknown,UNSAFE LANE MOVEMENT,KIRKWOOD & S WALNUT ST,39.16664,-86.5336
901768898,2020,1,5,1900,Weekday,2-Car,No injury/unknown,FAILURE TO YIELD RIGHT OF WAY,E KIRKWOOD AVE,39.16664,-86.53340408
901932279,2020,11,7,0,Weekend,2-Car,No injury/unknown,UNSAFE BACKING,E KIRKWOOD AVE,39.16664,-86.5333551
901811696,2020,4,6,1600,Weekday,2-Car,No injury/unknown,FAILURE TO YIELD RIGHT OF WAY,E KIRKWOOD & N LINCOLN ST,39.16664,-86.530992
901835266,2020,6,2,1100,Weekday,2-Car,Non-incapacitating,DISREGARD SIGNAL/REG SIGN,E KIRKWOOD AVE & S LINCOLN,39.16664,-86.530992
901833139,2020,5,3,1900,Weekday,2-Car,No injury/unknown,IMPROPER TURNING,E KIRKWOOD AVE,39.16664,-86.53080686
901826930,2020,5,7,700,Weekend,2-Car,No injury/unknown,DRIVER DISTRACTED - EXPLAIN IN NARRATIVE,E KIRKWOOD AVE & GRANT,39.16664,-86.529696
901799276,2020,3,4,1800,Weekday,2-Car,No injury/unknown,FAILURE TO YIELD RIGHT OF WAY,DUNN ST & KIRKWOOD,39.16664,-86.528192
901812025,2020,4,7,1600,Weekend,Bus,No injury/unknown,OTHER (DRIVER) - EXPLAIN IN NARRATIVE,DUNN ST & KIRKWOOD,39.16664,-86.528192
901888027,2020,9,7,1300,Weekend,2-Car,No injury/unknown,UNSAFE LANE MOVEMENT,E KIRKWOOD & S DUNN ST,39.16664,-86.528192
901911117,2020,10,3,1600,Weekday,Cyclist,No injury/unknown,FAILURE TO YIELD RIGHT OF WAY,DUNN ST & KIRKWOOD,39.16664,-86.528192
901887882,2020,9,6,2300,Weekend,2-Car,No injury/unknown,IMPROPER PASSING,E KIRKWOOD,39.16664,-86.52768947
901776679,2020,2,7,0,Weekend,2-Car,No injury/unknown,,N INDIANA AVE,39.16664,-86.526896
901803630,2020,4,6,1300,Weekday,2-Car,No injury/unknown,UNSAFE SPEED,INDIANA AVE & KIRKWOOD,39.16664,-86.526896
901852573,2020,7,6,1700,Weekday,2-Car,No injury/unknown,UNSAFE BACKING,S INDIANA AVE,39.16664,-86.526896
901937912,2020,12,3,1200,Weekday,2-Car,No injury/unknown,UNSAFE LANE MOVEMENT,EAST KIRKWOOD & SOUTH INDIANA AVE,39.16664,-86.526896
901804245,2020,4,1,1300,Weekend,2-Car,Non-incapacitating,FAILURE TO YIELD RIGHT OF WAY,SR446 & SR46W,39.16664,-86.462496
901834403,2020,6,6,1700,Weekday,1-Car,No injury/unknown,RAN OFF ROAD RIGHT,SR 46 RD & SR446,39.16664,-86.462496
901895845,2020,9,6,1200,Weekday,3+ Cars,Non-incapacitating,FOLLOWING TOO CLOSELY,SR46 & SR46E,39.16664,-86.462496
901841895,2020,6,6,1300,Weekday,2-Car,Non-incapacitating,FOLLOWING TOO CLOSELY,KINGS & SR46E,39.16664,-86.454992
901890907,2020,9,5,1700,Weekday,2-Car,No injury/unknown,FOLLOWING TOO CLOSELY,KIRKWOOD AVE & MAPLE,39.16663997,-86.54220007
901909072,2020,10,3,1100,Weekday,1-Car,No injury/unknown,UNSAFE BACKING,1350 N ST RD 46 (PARKING) BYP & SR4546,39.16662072,-86.46284795
901898535,2020,10,3,1600,Weekday,2-Car,No injury/unknown,UNSAFE BACKING,SOUTH JORDAN AVE,39.1666165,-86.51632212
901899176,2020,10,6,1600,Weekday,2-Car,No injury/unknown,OTHER (VEHICLE) - EXPLAIN IN NARRATIVE,S JORDAN AVE,39.1666165,-86.51632212
901913951,2020,10,4,1100,Weekday,2-Car,No injury/unknown,FAILURE TO YIELD RIGHT OF WAY,KIRKWOOD AVE & ROGERS,39.16660979,-86.53869838
901757075,2020,1,6,1700,Weekday,2-Car,No injury/unknown,FAILURE TO YIELD RIGHT OF WAY,KIRKWOOD & ROGERS ST,39.16660979,-86.53868973
901890249,2020,9,3,1500,Weekday,2-Car,No injury/unknown,FAILURE TO YIELD RIGHT OF WAY,KIRKWOOD ST & MADISON,39.16660979,-86.5374197
901858426,2020,7,4,1100,Weekday,3+ Cars,No injury/unknown,UNSAFE BACKING,E KIRKWOOD AVE,39.16660376,-86.53088383
901899017,2020,10,6,1200,Weekday,2-Car,No injury/unknown,FAILURE TO YIELD RIGHT OF WAY,200 BLOCK W KIRKWOOD AVE & GENTRY,39.16660129,-86.53561059
901809099,2020,4,2,1600,Weekday,2-Car,No injury/unknown,UNSAFE BACKING,COLLEGE & KIRKWOOD AVE,39.16659974,-86.53488032
901866921,2020,8,6,1300,Weekday,2-Car,Non-incapacitating,DISREGARD SIGNAL/REG SIGN,COLLEGE & KIRKWOOD AVE,39.16659974,-86.53488032
901783865,2020,2,7,1700,Weekend,1-Car,No injury/unknown,RAN OFF ROAD RIGHT,SOUTH MAPLE ST,39.16659657,-86.542096
901769868,2020,1,1,200,Weekend,2-Car,No injury/unknown,UNSAFE BACKING,KIRKWOOD AVE,39.16659303,-86.52953468
901799562,2020,3,5,1200,Weekday,2-Car,No injury/unknown,FOLLOWING TOO CLOSELY,KIRKWOOD AVE & MORTON,39.16658968,-86.53605582
901880454,2020,8,5,1500,Weekday,2-Car,No injury/unknown,IMPROPER TURNING,KIRKWOOD AVE & WALNUT,39.16658029,-86.53359299
901816739,2020,4,2,1100,Weekday,1-Car,No injury/unknown,BRAKE FAILURE OR DEFECTIVE,WEST KIRKWOOD AVE,39.16656822,-86.53888486
901867843,2020,8,3,600,Weekday,2-Car,No injury/unknown,DISREGARD SIGNAL/REG SIGN,KIRKWOOD & LINCOLN ST,39.16656017,-86.5310803
901754774,2020,1,3,1100,Weekday,2-Car,No injury/unknown,OTHER (DRIVER) - EXPLAIN IN NARRATIVE,NORTH GRANT ST,39.16655902,-86.52969731
901824500,2020,5,2,1700,Weekday,2-Car,No injury/unknown,UNSAFE BACKING,KINGSTON AVE,39.16655822,-86.492816
901780280,2020,2,6,2200,Weekend,2-Car,No injury/unknown,UNSAFE BACKING,DUNN & KIRKWOOD AVE,39.16654006,-86.52825336
901930613,2020,11,4,1300,Weekday,2-Car,No injury/unknown,OTHER (DRIVER) - EXPLAIN IN NARRATIVE,DUNN & KIRKWOOD AVE,39.16654006,-86.5282499
901864869,2020,8,4,700,Weekday,2-Car,No injury/unknown,,S FRANKLIN RD,39.166496,-86.571216
901894871,2020,9,5,1900,Weekday,1-Car,No injury/unknown,OTHER (DRIVER) - EXPLAIN IN NARRATIVE,S FRANKLIN RD,39.166496,-86.571216
901781386,2020,2,3,100,Weekday,1-Car,No injury/unknown,RAN OFF ROAD RIGHT,LORI & SR46E,39.166448,-86.466
901835013,2020,6,1,2100,Weekday,2-Car,No injury/unknown,UNSAFE BACKING,5TH & ROOSEVELT ST,39.16643681,-86.50585511
901760410,2020,1,5,1000,Weekday,2-Car,No injury/unknown,FAILURE TO YIELD RIGHT OF WAY,E MORNINGSIDE & N SMITH RD,39.166432,-86.4812
901773147,2020,2,7,1800,Weekend,2-Car,No injury/unknown,DRIVER DISTRACTED - EXPLAIN IN NARRATIVE,MORNINGSIDE & SMITH RD,39.166432,-86.4812
901778688,2020,2,3,1400,Weekday,Bus,Incapacitating,FOLLOWING TOO CLOSELY,MORNINGSIDE & SMITH RD,39.166432,-86.4812
901820361,2020,5,2,1700,Weekday,2-Car,No injury/unknown,IMPROPER TURNING,KIRKWOOD & ROGERS ST,39.16639737,-86.5386035
901773964,2020,2,2,1500,Weekday,2-Car,Non-incapacitating,FOLLOWING TOO CLOSELY,N GATES DR & RUNKLE,39.16637453,-86.57602072
901943543,2020,12,5,1700,Weekday,2-Car,No injury/unknown,SPEED TOO FAST FOR WEATHER CONDITIONS,SOUTH GATES DR & WEST RUNKLE,39.16636188,-86.57601351
901932768,2020,12,2,1300,Weekday,2-Car,No injury/unknown,DISREGARD SIGNAL/REG SIGN,GATES & RUNKLE WAY,39.16635968,-86.57598401
901899179,2020,10,6,1600,Weekday,2-Car,No injury/unknown,FAILURE TO YIELD RIGHT OF WAY,10TH & JORDAN AVE,39.16630182,-86.51566028
901872387,2020,8,4,1800,Weekday,2-Car,Non-incapacitating,FAILURE TO YIELD RIGHT OF WAY,E 10TH & N SUNRISE AVE,39.16629176,-86.51247985
901936025,2020,12,7,1900,Weekend,2-Car,No injury/unknown,FOLLOWING TOO CLOSELY,MORNINGSIDE & SMITH RD,39.16624971,-86.48128978
901795797,2020,3,4,0,Weekday,2-Car,No injury/unknown,UNSAFE BACKING,S ADAMS ST,39.16621786,-86.54973883
901797692,2020,3,1,400,Weekend,2-Car,No injury/unknown,OTHER (VEHICLE) - EXPLAIN IN NARRATIVE,NORTH ROSE AVE,39.1662177,-86.51097988
901799044,2020,3,4,1100,Weekday,2-Car,No injury/unknown,OTHER (DRIVER) - EXPLAIN IN NARRATIVE,SOUTH ROSE AVE,39.1662177,-86.51097988
901869954,2020,8,6,1600,Weekday,2-Car,No injury/unknown,UNSAFE BACKING,N ROSE ST,39.1662177,-86.51097988
901907264,2020,10,4,1800,Weekday,2-Car,No injury/unknown,UNSAFE BACKING,NORTH ROSE AVE,39.1662177,-86.51097988
901898995,2020,10,6,1100,Weekday,Moped/Motorcycle,Non-incapacitating,TIRE FAILURE OR DEFECTIVE,ALLEN & PATTERSON DR,39.16620219,-86.54330983
901865308,2020,8,4,1600,Weekday,Bus,No injury/unknown,OTHER (DRIVER) - EXPLAIN IN NARRATIVE,4TH & N WASHINGTON ST,39.16619731,-86.5324
901849521,2020,7,1,500,Weekend,1-Car,No injury/unknown,RAN OFF ROAD RIGHT,3RD & SR 46 RD,39.16619049,-86.46728758
901849522,2020,7,1,500,Weekend,2-Car,Non-incapacitating,ANIMAL/OBJECT IN ROADWAY,3RD & SR 46 ST,39.16619049,-86.46728758
901882528,2020,9,3,1600,Weekday,Moped/Motorcycle,Non-incapacitating,FAILURE TO YIELD RIGHT OF WAY,JORDAN AVE & KIRKWOOD,39.16617195,-86.51651859
901831510,2020,5,6,1800,Weekday,2-Car,No injury/unknown,OTHER (VEHICLE) - EXPLAIN IN NARRATIVE,W SR 48 RD,39.16611862,-86.65584564
901777022,2020,2,1,1900,Weekday,2-Car,No injury/unknown,UNSAFE BACKING,N GATES DR,39.16609012,-86.57594829
901823421,2020,5,1,1400,Weekend,2-Car,No injury/unknown,FAILURE TO YIELD RIGHT OF WAY,GATES DR,39.16609012,-86.57594829
901824649,2020,5,3,1400,Weekday,2-Car,No injury/unknown,UNSAFE BACKING,N GATES DR,39.16609012,-86.57594829
901833508,2020,5,5,1200,Weekday,2-Car,No injury/unknown,FAILURE TO YIELD RIGHT OF WAY,GATES DR,39.16609012,-86.57594829
901899291,2020,10,6,1800,Weekday,2-Car,No injury/unknown,OTHER (DRIVER) - EXPLAIN IN NARRATIVE,3RD & NORTH 46 HWY,39.1660538,-86.46797102
901918578,2020,11,3,1100,Weekday,2-Car,No injury/unknown,FAILURE TO YIELD RIGHT OF WAY,2ND & PATTERSON DR,39.16603654,-86.54850997
901809293,2020,4,3,200,Weekday,1-Car,Non-incapacitating,OTHER (VEHICLE) - EXPLAIN IN NARRATIVE,3RD & SR46N,39.16599471,-86.4681295
901771776,2020,2,4,700,Weekday,2-Car,No injury/unknown,OTHER (DRIVER) - EXPLAIN IN NARRATIVE,5TH ST & OVERHILL,39.16599143,-86.50083204
901939148,2020,12,5,1000,Weekday,2-Car,No injury/unknown,UNSAFE LANE MOVEMENT,4TH & S WALNUT ST,39.16581279,-86.5336
901859355,2020,7,6,1500,Weekday,2-Car,No injury/unknown,FOLLOWING TOO CLOSELY,3RD & SR46S,39.16580218,-86.46859738
901893722,2020,9,3,1400,Weekday,2-Car,No injury/unknown,IMPROPER PASSING,E KIRKWOOD & S WOODLAWN AVE,39.16576211,-86.52340156
901824131,2020,5,2,1800,Weekday,Cyclist,Non-incapacitating,FAILURE TO YIELD RIGHT OF WAY,4TH ST & WALDRON,39.165728,-86.543632
901857498,2020,7,3,1200,Weekday,2-Car,Non-incapacitating,FOLLOWING TOO CLOSELY,4TH & ROGERS ST,39.165696,-86.538592
901894353,2020,9,4,1700,Weekday,2-Car,No injury/unknown,FAILURE TO YIELD RIGHT OF WAY,4TH & ROGERS ST,39.165696,-86.538592
901803610,2020,4,5,1800,Weekday,3+ Cars,No injury/unknown,UNSAFE BACKING,EAST 4TH ST,39.16568196,-86.53745469
901818013,2020,5,5,1500,Weekday,2-Car,No injury/unknown,FOLLOWING TOO CLOSELY,4TH ST & MADISON,39.16568,-86.537296
901804008,2020,4,7,1500,Weekend,2-Car,No injury/unknown,UNSAFE BACKING,4TH & SOUTH MADISON ST,39.16568,-86.537296
901826436,2020,5,6,1200,Weekday,2-Car,No injury/unknown,OTHER (DRIVER) - EXPLAIN IN NARRATIVE,4TH ST & COLLEGE,39.165664,-86.53501169
901761148,2020,1,6,1800,Weekday,2-Car,No injury/unknown,FOLLOWING TOO CLOSELY,N COLLEGE AVE & W 4TH,39.165664,-86.5348
901776740,2020,2,7,0,Weekend,2-Car,No injury/unknown,DISREGARD SIGNAL/REG SIGN,4TH & COLLEGE AVE,39.165664,-86.5348
901779785,2020,2,7,0,Weekend,2-Car,Non-incapacitating,SPEED TOO FAST FOR WEATHER CONDITIONS,4TH & SOUTH COLLEGE AVENUE AVE,39.165664,-86.5348
901812147,2020,4,1,300,Weekend,3+ Cars,No injury/unknown,RAN OFF ROAD RIGHT,4TH & COLLEGE AVE,39.165664,-86.5348
901912014,2020,10,1,1700,Weekend,2-Car,Non-incapacitating,DISREGARD SIGNAL/REG SIGN,4TH & COLLEGE AVE,39.165664,-86.5348
901875302,2020,8,3,1400,Weekday,1-Car,No injury/unknown,UNSAFE BACKING,COLLEGE & W 4TH ST,39.16566165,-86.53462362
901806165,2020,4,4,800,Weekday,2-Car,No injury/unknown,FAILURE TO YIELD RIGHT OF WAY,BROADWAY & CURRY PIKE,39.1656562,-86.58297258
901837644,2020,6,4,1700,Weekday,2-Car,No injury/unknown,UNSAFE BACKING,4TH ST & GRANT,39.165648,-86.52935918
901950518,2020,12,1,2000,Weekday,2-Car,No injury/unknown,UNSAFE BACKING,E 4TH ST & GRANT,39.165648,-86.52935918
901894317,2020,9,4,1700,Weekday,2-Car,Non-incapacitating,FOLLOWING TOO CLOSELY,E 4TH ST & WALNUT,39.165648,-86.53324718
901755068,2020,1,3,1500,Weekday,1-Car,No injury/unknown,OTHER (DRIVER) - EXPLAIN IN NARRATIVE,EAST 4TH ST,39.165648,-86.5336
901758579,2020,1,3,1200,Weekday,2-Car,No injury/unknown,DISREGARD SIGNAL/REG SIGN,4TH ST ST & WALNUT ST,39.165648,-86.5336
901759442,2020,1,4,1500,Weekday,2-Car,No injury/unknown,FAILURE TO YIELD RIGHT OF WAY,4TH & WALNUT ST,39.165648,-86.5336
901776025,2020,2,6,1400,Weekday,2-Car,No injury/unknown,FAILURE TO YIELD RIGHT OF WAY,4TH & WALNUT ST,39.165648,-86.5336
901793524,2020,3,5,1200,Weekday,3+ Cars,Non-incapacitating,FAILURE TO YIELD RIGHT OF WAY,S WALNUT ST & W 4TH,39.165648,-86.5336
901848155,2020,6,4,2100,Weekday,2-Car,No injury/unknown,OTHER (DRIVER) - EXPLAIN IN NARRATIVE,WALNUT ST,39.165648,-86.5336
901829832,2020,5,5,1200,Weekday,2-Car,No injury/unknown,UNSAFE BACKING,NORTH WALNUT ST,39.165648,-86.5336
901906563,2020,10,6,800,Weekday,2-Car,No injury/unknown,FAILURE TO YIELD RIGHT OF WAY,N WALNUT ST,39.165648,-86.5336
901911111,2020,10,6,1300,Weekday,2-Car,No injury/unknown,DISREGARD SIGNAL/REG SIGN,EAST 4TH ST & NORTH WALNUT,39.165648,-86.5336
901939659,2020,12,5,1000,Weekday,2-Car,No injury/unknown,OTHER (DRIVER) - EXPLAIN IN NARRATIVE,S WALNUT ST,39.165648,-86.5336
901814194,2020,4,4,1900,Weekday,Bus,No injury/unknown,IMPROPER TURNING,E 4TH & S WASHINGTON ST,39.165648,-86.5324
901788798,2020,3,3,1500,Weekday,2-Car,No injury/unknown,UNSAFE BACKING,4TH & LINCOLN ST,39.165648,-86.531008
901900681,2020,10,2,1500,Weekday,2-Car,No injury/unknown,OTHER (DRIVER) - EXPLAIN IN NARRATIVE,EAST 4TH ST & SOUTH LINCOLN,39.165648,-86.531008
901942459,2020,12,2,1100,Weekday,2-Car,No injury/unknown,FAILURE TO YIELD RIGHT OF WAY,E 4TH ST & S LINCOLN,39.165648,-86.531008
901891652,2020,9,6,2200,Weekend,2-Car,No injury/unknown,UNSAFE BACKING,E 4TH ST,39.165648,-86.529392
901780226,2020,2,6,1800,Weekday,2-Car,No injury/unknown,OTHER (VEHICLE) - EXPLAIN IN NARRATIVE,EAST 4TH ST & SOUTH DUNN,39.165648,-86.528144
901917641,2020,11,3,900,Weekday,Pedestrian,Non-incapacitating,FAILURE TO YIELD RIGHT OF WAY,E 4TH & S DUNN ST,39.165648,-86.528144
901811935,2020,4,6,2100,Weekend,2-Car,No injury/unknown,IMPROPER TURNING,E 4TH ST & N INDIANA,39.165648,-86.526848
901890689,2020,9,5,700,Weekday,2-Car,No injury/unknown,UNSAFE BACKING,S INDIANA AVE,39.165648,-86.526848
901923760,2020,11,5,1200,Weekday,Bus,No injury/unknown,OVERCORRECTING/OVERSTEERING,4TH ST & INDIANA,39.165648,-86.526848
901818394,2020,4,6,0,Weekday,2-Car,No injury/unknown,,SOUTH MAPLE & WEST 4TH ST,39.16564018,-86.54219001
901801852,2020,4,2,1700,Weekday,2-Car,No injury/unknown,FAILURE TO YIELD RIGHT OF WAY,SOUTH ROGERS ST & WEST 4TH,39.16563012,-86.53869979
901790028,2020,3,5,1200,Weekday,2-Car,No injury/unknown,FAILURE TO YIELD RIGHT OF WAY,4TH ST & ROGERS,39.16563012,-86.53869113
901806652,2020,4,5,1100,Weekday,2-Car,No injury/unknown,FAILURE TO YIELD RIGHT OF WAY,GATES & JACOB DR,39.16562006,-86.57599993
901814686,2020,4,5,1200,Weekday,2-Car,Non-incapacitating,FOLLOWING TOO CLOSELY,GATES & JACOB DR,39.16562006,-86.57599993
901849015,2020,6,6,1400,Weekday,2-Car,No injury/unknown,FAILURE TO YIELD RIGHT OF WAY,GATES DR & JACOB,39.16562006,-86.57599993
901830063,2020,5,5,1900,Weekday,2-Car,No injury/unknown,FAILURE TO YIELD RIGHT OF WAY,JACOB & N GATES DR,39.16562006,-86.57599993
901940005,2020,12,6,1900,Weekend,2-Car,No injury/unknown,FOLLOWING TOO CLOSELY,GATES & JACOB DR,39.16562006,-86.57599993
901922693,2020,11,7,1800,Weekend,2-Car,No injury/unknown,FAILURE TO YIELD RIGHT OF WAY,GATES DR & JACOB,39.16562006,-86.57599993
901901307,2020,10,3,1800,Weekday,Cyclist,Non-incapacitating,FAILURE TO YIELD RIGHT OF WAY,4TH ST & MADISON,39.16561,-86.53742976
901832935,2020,5,4,1200,Weekday,2-Car,No injury/unknown,FAILURE TO YIELD RIGHT OF WAY,E 4TH ST,39.16560464,-86.52959235
901886104,2020,9,1,1400,Weekend,2-Car,No injury/unknown,UNSAFE LANE MOVEMENT,4TH ST & COLLEGE,39.16558988,-86.53488971
901887399,2020,9,6,900,Weekday,2-Car,No injury/unknown,FOLLOWING TOO CLOSELY,4TH & WALNUT ST,39.16557983,-86.53361968
901871901,2020,8,2,1600,Weekday,Cyclist,Non-incapacitating,FAILURE TO YIELD RIGHT OF WAY,4TH ST & WASHINGTON,39.16557983,-86.53235033
901882112,2020,9,3,1000,Weekday,2-Car,No injury/unknown,DISREGARD SIGNAL/REG SIGN,4TH & WASHINGTON ST,39.16557983,-86.53235033
901855701,2020,7,5,1000,Weekday,2-Car,No injury/unknown,FAILURE TO YIELD RIGHT OF WAY,4TH ST & DUNN,39.16555971,-86.52822978
901923859,2020,11,6,900,Weekday,2-Car,No injury/unknown,FAILURE TO YIELD RIGHT OF WAY,4TH & DUNN ST,39.16555971,-86.52822978
901899297,2020,10,6,2100,Weekend,2-Car,No injury/unknown,IMPROPER TURNING,4TH & INDIANA AVE,39.16555032,-86.52691014
901935144,2020,12,6,800,Weekday,2-Car,No injury/unknown,OTHER (DRIVER) - EXPLAIN IN NARRATIVE,SO KINGSTON DR,39.16554898,-86.49269722
901921358,2020,11,2,1700,Weekday,2-Car,No injury/unknown,OVERCORRECTING/OVERSTEERING,DUNN ST & FOURTH,39.1655457,-86.52823704
901788213,2020,3,2,1700,Weekday,3+ Cars,No injury/unknown,UNSAFE LANE MOVEMENT,4TH & COLLEGE AVE,39.16552668,-86.53480215
901803785,2020,4,6,1400,Weekday,2-Car,No injury/unknown,UNSAFE BACKING,SOUTH GRANT ST,39.16552457,-86.52971396
901816151,2020,4,2,1100,Weekday,2-Car,No injury/unknown,UNSAFE BACKING,EAST FOURTH ST,39.16551344,-86.52805343
901888425,2020,9,7,1600,Weekend,3+ Cars,No injury/unknown,UNSAFE BACKING,S INDIANA AVE,39.16550106,-86.52684212
901810321,2020,4,4,800,Weekday,Cyclist,Non-incapacitating,IMPROPER PASSING,JONES AVE & READ,39.16547615,-86.51549935
901806130,2020,4,4,1500,Weekday,2-Car,No injury/unknown,FAILURE TO YIELD RIGHT OF WAY,S WALNUT ST,39.16546286,-86.5336
901899400,2020,10,6,1000,Weekday,2-Car,No injury/unknown,OTHER (DRIVER) - EXPLAIN IN NARRATIVE,SO KINGSTON DR,39.16542816,-86.4920578
901916079,2020,11,7,1600,Weekend,1-Car,No injury/unknown,RAN OFF ROAD RIGHT,14TH & DUNN ST,39.16541263,-86.52833975
901897034,2020,10,3,1100,Weekday,2-Car,No injury/unknown,UNSAFE BACKING,JONES AVE & JORDAN,39.16540012,-86.51642294
901923176,2020,11,3,900,Weekday,2-Car,No injury/unknown,UNSAFE BACKING,JONES AVE & JORDAN,39.16540012,-86.51642294
901765995,2020,1,7,1600,Weekend,Bus,Non-incapacitating,FAILURE TO YIELD RIGHT OF WAY,JONES & JORDAN AVE,39.16540012,-86.51640996
901781553,2020,2,1,800,Weekend,2-Car,No injury/unknown,IMPROPER PASSING,JONES & JORDAN AVE,39.16540012,-86.51640996
901835989,2020,6,3,1200,Weekday,Cyclist,Non-incapacitating,FAILURE TO YIELD RIGHT OF WAY,3RD & PETE ELLIS DR,39.16506397,-86.495088
901795488,2020,3,2,1300,Weekday,1-Car,Non-incapacitating,OTHER (DRIVER) - EXPLAIN IN NARRATIVE,E STATE ROAD 46 HWY,39.16499973,-86.4523412
901827960,2020,5,2,800,Weekday,1-Car,No injury/unknown,,SR46E,39.16499973,-86.4523412
901889789,2020,9,2,1800,Weekday,1-Car,Incapacitating,SPEED TOO FAST FOR WEATHER CONDITIONS,E TRAILWAY & SR46E,39.16498559,-86.43110494