Master Record Number,Year,Month,Day,Hour,Weekend,Collision Type,Injury Type,Primary Factor,Reported_Location,Latitude,Longitude
901813672,2020,4,5,400,Weekday,1-Car,No injury/unknown,ANIMAL/OBJECT IN ROADWAY,HARTSTRAIT & SR48W,39.16494012,-86.61103025
901765003,2020,1,5,1600,Weekday,2-Car,No injury/unknown,FAILURE TO YIELD RIGHT OF WAY,CURRY & SR48W,39.164848,-86.58360163
901863974,2020,7,7,1800,Weekend,1-Car,No injury/unknown,,W 3RD ST,39.164848,-86.580096
901897245,2020,10,3,1500,Weekday,2-Car,No injury/unknown,FAILURE TO YIELD RIGHT OF WAY,W 3RD ST,39.164848,-86.57962482
901945277,2020,12,1,700,Weekend,2-Car,No injury/unknown,FAILURE TO YIELD RIGHT OF WAY,3300 W 3RD ST,39.164848,-86.5761011
901806110,2020,3,3,1400,Weekday,2-Car,No injury/unknown,OTHER (DRIVER) - EXPLAIN IN NARRATIVE,WEST 3RD ST,39.164848,-86.575104
901933031,2020,12,2,1600,Weekday,3+ Cars,No injury/unknown,OTHER (DRIVER) - EXPLAIN IN NARRATIVE,W 3RD ST,39.164848,-86.57487674
901757003,2020,1,6,1200,Weekday,Pedestrian,Incapacitating,OTHER (DRIVER) - EXPLAIN IN NARRATIVE,W 3RD ST,39.164848,-86.57464947
901879721,2020,8,4,1400,Weekday,2-Car,No injury/unknown,FAILURE TO YIELD RIGHT OF WAY,3RD ST & SR37N,39.164848,-86.57450741
901772812,2020,2,6,1500,Weekday,2-Car,No injury/unknown,FOLLOWING TOO CLOSELY,3RD ST,39.16484767,-86.58010841
901769626,2020,1,7,1200,Weekend,1-Car,No injury/unknown,OTHER (DRIVER) - EXPLAIN IN NARRATIVE,WEST 3RD ST ST,39.16484267,-86.58123733
901764735,2020,1,5,1100,Weekday,2-Car,No injury/unknown,FAILURE TO YIELD RIGHT OF WAY,W 3RD ST,39.164816,-86.573888
901834653,2020,6,7,1500,Weekend,Moped/Motorcycle,Non-incapacitating,FAILURE TO YIELD RIGHT OF WAY,W 3RD ST,39.164816,-86.573888
901786784,2020,3,6,1300,Weekday,2-Car,Non-incapacitating,FOLLOWING TOO CLOSELY,SR37S & W 3RD,39.1648,-86.573792
901865365,2020,8,4,2000,Weekday,2-Car,Non-incapacitating,FOLLOWING TOO CLOSELY,3RD ST & SR37,39.1648,-86.573792
901768225,2020,1,4,1600,Weekday,2-Car,No injury/unknown,FAILURE TO YIELD RIGHT OF WAY,E 3RD & PETE ELLIS DR,39.16478931,-86.495088
901846918,2020,6,2,1400,Weekday,2-Car,No injury/unknown,FAILURE TO YIELD RIGHT OF WAY,3RD & PETE ELLIS DR,39.16478931,-86.495088
901845098,2020,6,6,300,Weekday,1-Car,No injury/unknown,UNSAFE BACKING,46 RD,39.16477966,-86.45194244
901859426,2020,7,6,1500,Weekday,3+ Cars,Non-incapacitating,FOLLOWING TOO CLOSELY,3RD ST & SR37S,39.16476916,-86.57334998
901792717,2020,3,4,1200,Weekday,3+ Cars,Non-incapacitating,FOLLOWING TOO CLOSELY,3RD ST & SR37N,39.16476426,-86.5732797
901773726,2020,2,2,900,Weekday,2-Car,No injury/unknown,DISREGARD SIGNAL/REG SIGN,3RD & SR 37 NORTH RAMP RD,39.164752,-86.573104
901775987,2020,2,6,1400,Weekday,2-Car,No injury/unknown,IMPROPER TURNING,3RD ST & SR37,39.164752,-86.573104
901783976,2020,2,1,100,Weekend,2-Car,No injury/unknown,FOLLOWING TOO CLOSELY,SR37N & W 3RD ST,39.164752,-86.573104
901796597,2020,3,5,1600,Weekday,2-Car,No injury/unknown,FOLLOWING TOO CLOSELY,SR37S & THIRD ST,39.164752,-86.573104
901800756,2020,3,7,2000,Weekend,2-Car,Non-incapacitating,FAILURE TO YIELD RIGHT OF WAY,EAST 3RD ST,39.164752,-86.573104
901811309,2020,4,6,600,Weekday,2-Car,No injury/unknown,DISREGARD SIGNAL/REG SIGN,3000 W 3RD ST & SR37N,39.164752,-86.573104
901857812,2020,7,1,1200,Weekend,2-Car,No injury/unknown,FAILURE TO YIELD RIGHT OF WAY,3RD ST & SR37,39.164752,-86.573104
901870155,2020,8,7,900,Weekend,2-Car,Non-incapacitating,CELL PHONE USAGE,3RD ST & SR37N,39.164752,-86.573104
901875979,2020,8,4,1700,Weekday,2-Car,No injury/unknown,OTHER (DRIVER) - EXPLAIN IN NARRATIVE,SR37S & SR48,39.164752,-86.573104
901881092,2020,9,7,2100,Weekend,2-Car,No injury/unknown,DISREGARD SIGNAL/REG SIGN,3RD ST & SR37,39.164752,-86.573104
901884012,2020,9,6,1200,Weekday,2-Car,Non-incapacitating,DISREGARD SIGNAL/REG SIGN,SR37S & W 3RD ST,39.164752,-86.573104
901908022,2020,10,2,600,Weekday,2-Car,No injury/unknown,FAILURE TO YIELD RIGHT OF WAY,SR37 & W 3RD ST,39.164752,-86.573104
901901694,2020,10,4,800,Weekday,2-Car,Non-incapacitating,FOLLOWING TOO CLOSELY,SR37 & W 3RD,39.164752,-86.573104
901915144,2020,11,5,0,Weekday,2-Car,No injury/unknown,FAILURE TO YIELD RIGHT OF WAY,SR37N & W 3RD,39.164752,-86.573104
901928114,2020,11,7,1000,Weekend,2-Car,Non-incapacitating,FOLLOWING TOO CLOSELY,37 HWY & W 3RD,39.164752,-86.573104
901931621,2020,12,7,600,Weekend,2-Car,No injury/unknown,FAILURE TO YIELD RIGHT OF WAY,SR37 & W 3RD ST,39.164752,-86.573104
901942705,2020,12,3,1400,Weekday,3+ Cars,No injury/unknown,FOLLOWING TOO CLOSELY,SR37 & WEST 3RD ST,39.164752,-86.573104
901761541,2020,1,7,2200,Weekend,2-Car,No injury/unknown,FAILURE TO YIELD RIGHT OF WAY,W 3RD ST,39.16474251,-86.57282163
901797547,2020,3,7,1700,Weekend,2-Car,No injury/unknown,OTHER (DRIVER) - EXPLAIN IN NARRATIVE,W 3RD ST,39.16474251,-86.57282163
901842059,2020,6,6,2200,Weekend,2-Car,No injury/unknown,UNSAFE BACKING,W 3RD ST,39.16474251,-86.57282163
901805963,2020,4,4,700,Weekday,2-Car,No injury/unknown,FOLLOWING TOO CLOSELY,S PARK SQUARE & SR48W,39.16474029,-86.59259006
901897233,2020,10,2,1900,Weekday,2-Car,Non-incapacitating,DISREGARD SIGNAL/REG SIGN,PARK SQUARE & SR48W,39.16474029,-86.59259006
901774647,2020,2,3,1800,Weekday,2-Car,Non-incapacitating,OTHER (DRIVER) - EXPLAIN IN NARRATIVE,EAST 3RD ST,39.16473871,-86.57270868
901912504,2020,10,2,1200,Weekday,2-Car,No injury/unknown,UNSAFE BACKING,EAST THIRD ST,39.16473389,-86.49459838
901944863,2020,12,7,1000,Weekend,2-Car,No injury/unknown,OTHER (DRIVER) - EXPLAIN IN NARRATIVE,EAST 3RD ST,39.16472732,-86.57236983
901873940,2020,8,7,2300,Weekend,2-Car,No injury/unknown,FAILURE TO YIELD RIGHT OF WAY,3RD & ROGERS ST,39.16472,-86.538592
901876787,2020,8,6,1100,Weekday,2-Car,No injury/unknown,FOLLOWING TOO CLOSELY,S ROGERS ST & W 3RD,39.16472,-86.538592
901891964,2020,9,7,1700,Weekend,2-Car,No injury/unknown,FAILURE TO YIELD RIGHT OF WAY,ROGERS & WEST 3RD ST,39.16472,-86.538592
901899750,2020,10,1,400,Weekend,2-Car,No injury/unknown,IMPROPER LANE USAGE,S ROGERS ST,39.16472,-86.538592
901783220,2020,1,4,1900,Weekday,2-Car,No injury/unknown,UNSAFE BACKING,3RD ST,39.16470933,-86.57183467
901835593,2020,6,2,1600,Weekday,2-Car,No injury/unknown,UNSAFE BACKING,E 3RD ST,39.16470933,-86.57183467
901935900,2020,12,7,1200,Weekend,2-Car,No injury/unknown,UNSAFE BACKING,E 3RD ST,39.16470933,-86.57183467
901942913,2020,12,4,1300,Weekday,2-Car,No injury/unknown,UNSAFE BACKING,EAST 3RD ST,39.16470933,-86.57183467
901944950,2020,12,6,1900,Weekend,3+ Cars,No injury/unknown,SPEED TOO FAST FOR WEATHER CONDITIONS,3RD EAST ST,39.16470933,-86.57183467
901945400,2020,12,7,1600,Weekend,2-Car,No injury/unknown,SPEED TOO FAST FOR WEATHER CONDITIONS,EAST 3RD ST,39.16470933,-86.57183467
901945439,2020,12,7,1600,Weekend,2-Car,No injury/unknown,SPEED TOO FAST FOR WEATHER CONDITIONS,EAST 3RD ST,39.16470933,-86.57183467
901768138,2020,1,4,1600,Weekday,2-Car,No injury/unknown,DISREGARD SIGNAL/REG SIGN,S MADISON ST & W 3RD,39.164704,-86.537296
901842037,2020,6,6,2100,Weekend,2-Car,Non-incapacitating,DISREGARD SIGNAL/REG SIGN,S MADISON & W 3RD ST,39.164704,-86.537296
901880756,2020,8,6,1400,Weekday,2-Car,No injury/unknown,UNSAFE LANE MOVEMENT,SOUTH WESTERN & WEST 3RD ST,39.16470006,-86.58646993
901903806,2020,9,5,1600,Weekday,3+ Cars,No injury/unknown,FOLLOWING TOO CLOSELY,SR48E & WESTERN,39.16470006,-86.58646993
901822753,2020,5,6,1900,Weekend,2-Car,No injury/unknown,UNSAFE BACKING,3RD ST,39.16469993,-86.57155498
901916353,2020,11,1,1200,Weekend,2-Car,No injury/unknown,IMPROPER LANE USAGE,3RD ST & HICKORY,39.16469,-86.58588417
901778663,2020,2,3,1900,Weekday,2-Car,No injury/unknown,FAILURE TO YIELD RIGHT OF WAY,3RD ST & FRANKLIN,39.164688,-86.5712
901939726,2020,12,5,1100,Weekday,3+ Cars,No injury/unknown,BRAKE FAILURE OR DEFECTIVE,FRANKLIN & WEST THIRD ST,39.164688,-86.5712
901935607,2020,12,6,1600,Weekday,2-Car,No injury/unknown,FOLLOWING TOO CLOSELY,FRANKLIN & WEST THIRD ST,39.164688,-86.5712
901901435,2020,10,4,100,Weekday,1-Car,Incapacitating,OBSTRUCTION NOT MARKED,S CURRY & W 3RD ST,39.16468175,-86.58296764
901816704,2020,4,2,1500,Weekday,2-Car,No injury/unknown,UNSAFE BACKING,NORTH MORTON ST,39.164672,-86.536192
901793915,2020,3,6,1800,Weekday,2-Car,No injury/unknown,IMPROPER TURNING,EAST 3RD ST,39.16466933,-86.57021333
901901366,2020,10,7,1700,Weekend,2-Car,No injury/unknown,OTHER (DRIVER) - EXPLAIN IN NARRATIVE,EAST 3RD ST,39.16466933,-86.57021333
901903177,2020,10,6,1600,Weekday,Pedestrian,Incapacitating,FAILURE TO YIELD RIGHT OF WAY,E 3RD ST,39.16466933,-86.57021333
901927411,2020,11,6,0,Weekday,2-Car,No injury/unknown,FOLLOWING TOO CLOSELY,EAST 3RD ST,39.16466933,-86.57021333
901845212,2020,6,6,900,Weekday,2-Car,No injury/unknown,OTHER (ENVIRONMENTAL) - EXPLAIN IN NARR,W THIRD ST,39.1646605,-86.57929301
901899071,2020,10,6,1400,Weekday,2-Car,No injury/unknown,FOLLOWING TOO CLOSELY,3RD ST & CURRY,39.16465983,-86.58298063
901802098,2020,4,3,1000,Weekday,3+ Cars,No injury/unknown,FOLLOWING TOO CLOSELY,3RD ST & CURRY,39.16465983,-86.58292435
901769343,2020,1,6,1600,Weekday,2-Car,No injury/unknown,IMPROPER TURNING,3RD ST & CURRY,39.16465983,-86.58292002
901809299,2020,4,3,400,Weekday,2-Car,No injury/unknown,UNSAFE LANE MOVEMENT,3RD ST & CURRY,39.16465983,-86.58292002
901834328,2020,6,6,1500,Weekday,2-Car,No injury/unknown,UNSAFE BACKING,SOUTH CURRY PIKE & WEST 3RD,39.16465983,-86.58292002
901868096,2020,8,2,2100,Weekday,Pedestrian,Non-incapacitating,FAILURE TO YIELD RIGHT OF WAY,3RD ST & CURRY,39.16465983,-86.58292002
901909352,2020,10,3,1400,Weekday,2-Car,No injury/unknown,FOLLOWING TOO CLOSELY,3RD ST & CURRY,39.16465983,-86.58292002
901896731,2020,10,2,1600,Weekday,2-Car,No injury/unknown,FAILURE TO YIELD RIGHT OF WAY,CURRY & WEST 3RD ST,39.16465983,-86.58292002
901904643,2020,10,3,0,Weekday,2-Car,Non-incapacitating,DISREGARD SIGNAL/REG SIGN,3RD ST & CURRY,39.16465983,-86.58292002
901910439,2020,10,5,1400,Weekday,3+ Cars,No injury/unknown,FOLLOWING TOO CLOSELY,3RD ST & CURRY,39.16465983,-86.58292002
901914179,2020,10,4,1600,Weekday,2-Car,No injury/unknown,IMPROPER LANE USAGE,CURRY PIKE & THIRD,39.16465983,-86.58292002
901839991,2020,6,2,1500,Weekday,2-Car,No injury/unknown,FOLLOWING TOO CLOSELY,CURRY & THIRD ST,39.16465983,-86.5829131
901868987,2020,8,4,2100,Weekday,2-Car,No injury/unknown,UNSAFE LANE MOVEMENT,CURRY & W 3RD ST,39.16465983,-86.58289405
901800293,2020,3,6,1500,Weekday,2-Car,No injury/unknown,FAILURE TO YIELD RIGHT OF WAY,CURRY & W 3RD ST,39.16465983,-86.58283344
901790615,2020,3,6,2000,Weekend,2-Car,No injury/unknown,FAILURE TO YIELD RIGHT OF WAY,S CURRY & W 3RD ST,39.16465508,-86.5829194
901890307,2020,9,4,1500,Weekday,2-Car,No injury/unknown,OTHER (DRIVER) - EXPLAIN IN NARRATIVE,3RD & PETE ELLIS DR,39.16465198,-86.495088
901915849,2020,11,7,200,Weekend,2-Car,No injury/unknown,FOLLOWING TOO CLOSELY,3RD ST & LINCOLN,39.16464,-86.52925994
901877322,2020,8,7,1400,Weekend,2-Car,No injury/unknown,UNSAFE BACKING,E 3RD ST,39.16464,-86.56913891
901803598,2020,3,7,1500,Weekend,2-Car,No injury/unknown,OTHER (DRIVER) - EXPLAIN IN NARRATIVE,E 3RD ST,39.16464,-86.56905455
901871797,2020,8,3,1500,Weekday,2-Car,No injury/unknown,UNSAFE BACKING,E 3RD ST,39.16464,-86.56905455
901875966,2020,8,4,1800,Weekday,2-Car,No injury/unknown,OTHER (DRIVER) - EXPLAIN IN NARRATIVE,E 3RD ST,39.16464,-86.56905455
901771899,2020,2,4,1800,Weekday,2-Car,No injury/unknown,FOLLOWING TOO CLOSELY,KIMBLE & THIRD ST,39.16464,-86.568
901786876,2020,3,6,1700,Weekday,2-Car,No injury/unknown,FOLLOWING TOO CLOSELY,3RD ST & KIMBLE,39.16464,-86.568
901792735,2020,3,4,1300,Weekday,2-Car,No injury/unknown,BRAKE FAILURE OR DEFECTIVE,3RD ST & KIMBLE,39.16464,-86.568
901804308,2020,4,6,1700,Weekday,2-Car,Non-incapacitating,DISREGARD SIGNAL/REG SIGN,3RD ST & KIMBLE,39.16464,-86.568
901846888,2020,6,2,1600,Weekday,3+ Cars,No injury/unknown,FAILURE TO YIELD RIGHT OF WAY,3RD ST & KIMBLE,39.16464,-86.568
901879387,2020,8,4,900,Weekday,2-Car,No injury/unknown,UNSAFE LANE MOVEMENT,KIMBLE & WEST THIRD ST,39.16464,-86.568
901887838,2020,9,6,1600,Weekday,3+ Cars,Non-incapacitating,FOLLOWING TOO CLOSELY,KIMBLE & WEST 3RD ST,39.16464,-86.568
901912717,2020,10,2,1500,Weekday,2-Car,Non-incapacitating,FOLLOWING TOO CLOSELY,KIMBLE & WEST THIRD ST,39.16464,-86.568
901819359,2020,5,1,100,Weekend,1-Car,No injury/unknown,RAN OFF ROAD RIGHT,EAST 3RD ST,39.16464,-86.56783019
901853612,2020,7,6,1600,Weekday,2-Car,No injury/unknown,FAILURE TO YIELD RIGHT OF WAY,3RD ST & KIMBLE,39.16464,-86.56764719
901758825,2020,1,3,1700,Weekday,2-Car,No injury/unknown,UNSAFE BACKING,3RD ST & JOHNSON,39.16464,-86.564992
901793931,2020,3,6,1700,Weekday,2-Car,No injury/unknown,FAILURE TO YIELD RIGHT OF WAY,3RD ST & JOHNSON,39.16464,-86.564992
901754130,2020,1,2,1600,Weekday,2-Car,No injury/unknown,IMPROPER TURNING,EAST 3RD & SOUTH COLLEGE ST,39.16464,-86.534816
901776429,2020,2,7,900,Weekend,2-Car,No injury/unknown,FAILURE TO YIELD RIGHT OF WAY,S COLLEGE & W 3RD ST,39.16464,-86.534816
901784528,2020,2,2,900,Weekday,2-Car,No injury/unknown,FAILURE TO YIELD RIGHT OF WAY,3RD ST & COLLEGE,39.16464,-86.534816
901793736,2020,3,6,1200,Weekday,2-Car,Incapacitating,DISREGARD SIGNAL/REG SIGN,3RD ST & COLLEGE,39.16464,-86.534816
901796886,2020,3,6,1100,Weekday,2-Car,No injury/unknown,SPEED TOO FAST FOR WEATHER CONDITIONS,3RD & COLLEGE AVE,39.16464,-86.534816
901842669,2020,6,1,2200,Weekday,2-Car,No injury/unknown,DISREGARD SIGNAL/REG SIGN,3RD & S COLLEGE AVE,39.16464,-86.534816
901843055,2020,6,2,1300,Weekday,2-Car,Non-incapacitating,FOLLOWING TOO CLOSELY,SOUTH COLLEGE AVE & WEST 3RD,39.16464,-86.534816
901854700,2020,7,3,1900,Weekday,2-Car,No injury/unknown,DISREGARD SIGNAL/REG SIGN,3RD ST & COLLEGE,39.16464,-86.534816
901860624,2020,7,2,1600,Weekday,2-Car,No injury/unknown,DISREGARD SIGNAL/REG SIGN,3RD & COLLEGE AVE,39.16464,-86.534816
901868153,2020,8,2,1600,Weekday,2-Car,No injury/unknown,FAILURE TO YIELD RIGHT OF WAY,S COLLEGE AVE & W 3RD,39.16464,-86.534816
901874809,2020,8,2,1900,Weekday,Bus,No injury/unknown,DISREGARD SIGNAL/REG SIGN,3RD & S COLLEGE AVE,39.16464,-86.534816
901887177,2020,9,5,1600,Weekday,2-Car,No injury/unknown,UNSAFE LANE MOVEMENT,N COLLEGE & SR37N,39.16464,-86.534816
901900688,2020,10,2,1900,Weekday,2-Car,No injury/unknown,UNSAFE LANE MOVEMENT,SOUTH COLLEGE AVE & WEST 3RD,39.16464,-86.534816
901919433,2020,11,5,1600,Weekday,2-Car,Non-incapacitating,FOLLOWING TOO CLOSELY,COLLEGE & W 3RD ST,39.16464,-86.534816
901920308,2020,11,7,900,Weekend,2-Car,Non-incapacitating,FAILURE TO YIELD RIGHT OF WAY,3RD & S COLLEGE AVE,39.16464,-86.534816
901891925,2020,9,7,1800,Weekend,2-Car,No injury/unknown,FOLLOWING TOO CLOSELY,COLLEGE & W 3RD ST,39.16464,-86.53446319
901757272,2020,1,7,1300,Weekend,2-Car,No injury/unknown,DISREGARD SIGNAL/REG SIGN,3RD & WALNUT ST,39.16464,-86.5336
901766112,2020,1,7,1200,Weekend,2-Car,No injury/unknown,SPEED TOO FAST FOR WEATHER CONDITIONS,WALNUT ST,39.16464,-86.5336
901769286,2020,1,6,1400,Weekday,Bus,No injury/unknown,DISREGARD SIGNAL/REG SIGN,3RD & WALNUT ST,39.16464,-86.5336
901775176,2020,2,4,1700,Weekday,2-Car,No injury/unknown,DISREGARD SIGNAL/REG SIGN,E 3RD & S WALNUT ST,39.16464,-86.5336
901818957,2020,5,5,2200,Weekday,2-Car,No injury/unknown,DISREGARD SIGNAL/REG SIGN,3RD ST & WALNUT,39.16464,-86.5336
901798182,2020,3,2,1300,Weekday,2-Car,No injury/unknown,UNSAFE BACKING,S WALNUT ST,39.16464,-86.5336
901802940,2020,4,5,300,Weekday,1-Car,No injury/unknown,IMPROPER TURNING,NORTH WALNUT ST,39.16464,-86.5336
901803264,2020,4,4,1700,Weekday,Bus,No injury/unknown,BRAKE FAILURE OR DEFECTIVE,EAST 3RD ST & SOUTH WALNUT,39.16464,-86.5336
901811463,2020,4,6,1100,Weekday,2-Car,No injury/unknown,UNSAFE BACKING,S WALNUT ST,39.16464,-86.5336
901813169,2020,4,1,300,Weekend,2-Car,No injury/unknown,,NORTH WALNUT ST,39.16464,-86.5336
901839035,2020,6,2,200,Weekday,2-Car,No injury/unknown,UNSAFE BACKING,S WALNUT ST,39.16464,-86.5336
901843105,2020,6,2,1300,Weekday,2-Car,No injury/unknown,FAILURE TO YIELD RIGHT OF WAY,3RD & S WALNUT ST,39.16464,-86.5336
901888183,2020,9,1,1400,Weekend,2-Car,Incapacitating,WRONG WAY ON ONE WAY,3RD & SOUTH WALNUT ST,39.16464,-86.5336
901896712,2020,10,2,1700,Weekday,2-Car,No injury/unknown,FAILURE TO YIELD RIGHT OF WAY,E 3RD ST & WALNUT,39.16464,-86.5336
901916495,2020,11,1,1800,Weekend,2-Car,Non-incapacitating,DISREGARD SIGNAL/REG SIGN,E 3RD & S WALNUT ST,39.16464,-86.5336
901766343,2020,1,1,1500,Weekend,2-Car,No injury/unknown,DISREGARD SIGNAL/REG SIGN,EAST 3RD ST & SOUTH WASHINGTON,39.16464,-86.5324
901799726,2020,3,4,1700,Weekday,2-Car,No injury/unknown,UNSAFE BACKING,WEST 3RD ST,39.16464,-86.5324
901837226,2020,6,4,900,Weekday,2-Car,No injury/unknown,DISREGARD SIGNAL/REG SIGN,E 3RD & S WASHINGTON ST,39.16464,-86.5324
901879783,2020,8,5,500,Weekday,2-Car,No injury/unknown,UNSAFE BACKING,WEST 3RD ST,39.16464,-86.5324
901885425,2020,9,2,1400,Weekday,Cyclist,Non-incapacitating,OTHER (DRIVER) - EXPLAIN IN NARRATIVE,E W ALLEY 100 BLK E 3RD STREET & S WASHINGTON ALY,39.16464,-86.5324
901940139,2020,12,7,300,Weekend,2-Car,No injury/unknown,UNSAFE BACKING,E 3RD ST,39.16464,-86.5324
901915853,2020,11,6,2300,Weekend,2-Car,No injury/unknown,FAILURE TO YIELD RIGHT OF WAY,3RD ST & WASHINGTON,39.16464,-86.5324
901919771,2020,11,6,700,Weekday,2-Car,No injury/unknown,OTHER (DRIVER) - EXPLAIN IN NARRATIVE,E 3RD ST & WASHINGTON,39.16464,-86.5324
901850330,2020,7,2,1500,Weekday,2-Car,No injury/unknown,UNSAFE BACKING,E 3RD ST,39.16464,-86.53211918
901765157,2020,1,6,1200,Weekday,2-Car,No injury/unknown,DISREGARD SIGNAL/REG SIGN,200 S LINCOLN & 300 E 3RD ST,39.16464,-86.531024
901803383,2020,4,5,1800,Weekday,2-Car,No injury/unknown,FOLLOWING TOO CLOSELY,E 3RD ST & S LINCOLN,39.16464,-86.531024
901853613,2020,7,2,1600,Weekday,2-Car,No injury/unknown,FOLLOWING TOO CLOSELY,3RD ST & LINCOLN,39.16464,-86.531024
901768527,2020,1,5,1100,Weekday,2-Car,No injury/unknown,FAILURE TO YIELD RIGHT OF WAY,3RD ST & GRANT,39.16464,-86.529728
901781249,2020,2,2,1700,Weekday,2-Car,Non-incapacitating,FOLLOWING TOO CLOSELY,EAST 3RD ST & GRANT,39.16464,-86.529728
901838495,2020,6,7,1500,Weekend,Pedestrian,Incapacitating,DISREGARD SIGNAL/REG SIGN,3RD ST & GRANT,39.16464,-86.529728
901874037,2020,8,1,1200,Weekend,2-Car,No injury/unknown,FAILURE TO YIELD RIGHT OF WAY,3RD ST & GRANT,39.16464,-86.529728
901875952,2020,8,3,1800,Weekday,2-Car,No injury/unknown,FAILURE TO YIELD RIGHT OF WAY,3RD ST & GRANT,39.16464,-86.529728
901880751,2020,8,6,1300,Weekday,2-Car,Non-incapacitating,FAILURE TO YIELD RIGHT OF WAY,E 3RD ST & GRANT,39.16464,-86.529728
901883602,2020,9,5,1700,Weekday,2-Car,No injury/unknown,FAILURE TO YIELD RIGHT OF WAY,E 3RD ST & GRANT,39.16464,-86.529728
901892325,2020,9,2,0,Weekday,2-Car,No injury/unknown,FAILURE TO YIELD RIGHT OF WAY,3RD ST & GRANT,39.16464,-86.529728
901912655,2020,10,2,1600,Weekday,2-Car,Non-incapacitating,FAILURE TO YIELD RIGHT OF WAY,E 3RD ST & S GRANT,39.16464,-86.529728
901776343,2020,2,7,0,Weekend,1-Car,No injury/unknown,ROADWAY SURFACE CONDITION,400 E 3RD ST & DUNN,39.16464,-86.52906697
901899331,2020,10,6,2300,Weekend,2-Car,No injury/unknown,FAILURE TO YIELD RIGHT OF WAY,3RD & ROGERS ST,39.16463032,-86.53869979
901845948,2020,6,6,2300,Weekend,2-Car,Non-incapacitating,FAILURE TO YIELD RIGHT OF WAY,COLLEGE AVE & THIRD,39.16462591,-86.53489203
901780351,2020,2,6,1100,Weekday,3+ Cars,Non-incapacitating,FOLLOWING TOO CLOSELY,3600 W 3RD ST & LIBERTY,39.16461055,-86.57908936
901797683,2020,3,1,1200,Weekend,2-Car,No injury/unknown,DRIVER DISTRACTED - EXPLAIN IN NARRATIVE,S LIBERTY & W 3RD ST,39.16461021,-86.57914738
901764168,2020,1,2,1300,Weekday,2-Car,No injury/unknown,FOLLOWING TOO CLOSELY,3RD ST & LIBERTY,39.16461021,-86.57913006
901825911,2020,5,5,1900,Weekday,2-Car,No injury/unknown,FAILURE TO YIELD RIGHT OF WAY,SOUTH LIBERTY & WEST 3RD ST,39.16461021,-86.57913006
901837360,2020,6,5,700,Weekday,3+ Cars,Non-incapacitating,DRIVER DISTRACTED - EXPLAIN IN NARRATIVE,3RD & LIBERTY DR,39.16461021,-86.57913006
901842215,2020,6,6,2000,Weekend,3+ Cars,No injury/unknown,FOLLOWING TOO CLOSELY,LIBERTY DR & W THIRD,39.16461021,-86.57913006
901879882,2020,8,5,800,Weekday,2-Car,Non-incapacitating,DISREGARD SIGNAL/REG SIGN,LIBERTY & W 3RD ST,39.16461021,-86.57913006
901914926,2020,11,5,1500,Weekday,2-Car,Non-incapacitating,FAILURE TO YIELD RIGHT OF WAY,LIBERTY & W THIRD ST,39.16461021,-86.57913006
901929115,2020,11,2,1600,Weekday,2-Car,No injury/unknown,FOLLOWING TOO CLOSELY,3RD ST & LIBERTY,39.16461021,-86.57913006
901930187,2020,11,4,1200,Weekday,2-Car,Non-incapacitating,FOLLOWING TOO CLOSELY,3RD ST & LIBERTY,39.16461021,-86.57913006
901943492,2020,12,5,1600,Weekday,2-Car,No injury/unknown,DISREGARD SIGNAL/REG SIGN,S LIBERTY & W 3RD ST,39.16461021,-86.57913006
901838545,2020,6,7,1900,Weekend,2-Car,Non-incapacitating,FAILURE TO YIELD RIGHT OF WAY,LIBERTY & WEST 3RD ST,39.16461021,-86.57912487
901839669,2020,6,2,1800,Weekday,2-Car,Non-incapacitating,FOLLOWING TOO CLOSELY,LIBERTY & W 3RD ST,39.16461021,-86.57912141
901814488,2020,4,5,1100,Weekday,Pedestrian,Non-incapacitating,FAILURE TO YIELD RIGHT OF WAY,3RD ST & LIBERTY,39.16461021,-86.57911275
901847515,2020,6,3,1700,Weekday,2-Car,Non-incapacitating,FAILURE TO YIELD RIGHT OF WAY,S LIBERTY & W 3RD ST,39.16460969,-86.57911485
901859550,2020,7,7,800,Weekend,2-Car,No injury/unknown,UNSAFE BACKING,S WALNUT ST,39.16460343,-86.5336
901902755,2020,10,5,800,Weekday,2-Car,No injury/unknown,OTHER (DRIVER) - EXPLAIN IN NARRATIVE,EAST 3RD ST,39.16460037,-86.47589874
901838075,2020,6,5,1400,Weekday,2-Car,No injury/unknown,DISREGARD SIGNAL/REG SIGN,COLLEGE AVE & THIRD,39.16460015,-86.53489977
901868366,2020,8,3,1700,Weekday,2-Car,No injury/unknown,FOLLOWING TOO CLOSELY,3RD & COLLEGE AVE,39.16460015,-86.53489977
901889147,2020,9,2,2100,Weekday,2-Car,No injury/unknown,FAILURE TO YIELD RIGHT OF WAY,3RD ST & COLLEGE,39.16460015,-86.53489977
901920425,2020,11,7,1500,Weekend,2-Car,No injury/unknown,FOLLOWING TOO CLOSELY,SOUTH COLLEGE AVE & WEST 3RD,39.16460015,-86.53489977
901932710,2020,12,2,1000,Weekday,2-Car,Incapacitating,DISREGARD SIGNAL/REG SIGN,3RD & COLLEGE AVE,39.16460015,-86.53489977
901935622,2020,12,6,1900,Weekend,2-Car,No injury/unknown,SPEED TOO FAST FOR WEATHER CONDITIONS,COLLEGE AVE & THIRD,39.16460015,-86.53489977
901755934,2020,1,4,1300,Weekday,3+ Cars,Non-incapacitating,FOLLOWING TOO CLOSELY,3RD & WALNUT ST,39.16460015,-86.53362974