Master Record Number,Year,Month,Day,Hour,Weekend,Collision Type,Injury Type,Primary Factor,Reported_Location,Latitude,Longitude
901818168,2020,5,4,1300,Weekday,2-Car,No injury/unknown,UNSAFE BACKING,THIRD & WALNUT ST,39.16460015,-86.53362974
901874401,2020,8,2,500,Weekday,2-Car,No injury/unknown,FAILURE TO YIELD RIGHT OF WAY,THIRD ST & WALNUT,39.16460015,-86.53362974
901930641,2020,11,5,1200,Weekday,2-Car,No injury/unknown,FOLLOWING TOO CLOSELY,THIRD & WALNUT ST,39.16460015,-86.53362974
901932654,2020,12,2,700,Weekday,2-Car,Non-incapacitating,DISREGARD SIGNAL/REG SIGN,3RD ST & WASHINGTON,39.16460015,-86.53235971
901811078,2020,4,5,1500,Weekday,2-Car,No injury/unknown,IMPROPER TURNING,3RD ST & GATES,39.16459009,-86.57619975
901849037,2020,6,6,1500,Weekday,2-Car,No injury/unknown,FAILURE TO YIELD RIGHT OF WAY,GATES & THIRD ST,39.16459009,-86.57619975
901835333,2020,6,1,1300,Weekend,2-Car,No injury/unknown,UNSAFE LANE MOVEMENT,S GATES DR & WEST 3RD,39.16459009,-86.57619975
901867120,2020,8,1,2200,Weekday,2-Car,No injury/unknown,FAILURE TO YIELD RIGHT OF WAY,3RD ST & GATES,39.16459009,-86.57619975
901870036,2020,8,6,1700,Weekday,2-Car,No injury/unknown,FOLLOWING TOO CLOSELY,3RD ST & GATES,39.16459009,-86.57619975
901870778,2020,8,2,1500,Weekday,2-Car,No injury/unknown,OTHER (DRIVER) - EXPLAIN IN NARRATIVE,3RD ST & GATES,39.16459009,-86.57619975
901887878,2020,9,6,2200,Weekend,2-Car,No injury/unknown,FAILURE TO YIELD RIGHT OF WAY,3RD ST & GATES,39.16459009,-86.57619975
901891965,2020,9,7,1300,Weekend,3+ Cars,No injury/unknown,OTHER (DRIVER) - EXPLAIN IN NARRATIVE,GATES & WEST 3RD ST,39.16459009,-86.57619975
901938743,2020,12,4,1400,Weekday,2-Car,No injury/unknown,FOLLOWING TOO CLOSELY,GATES & THIRD ST,39.16459009,-86.57619975
901922692,2020,11,4,1200,Weekday,2-Car,No injury/unknown,FOLLOWING TOO CLOSELY,GATES & WEST THIRD ST,39.16459009,-86.57619975
901807225,2020,4,6,1300,Weekday,2-Car,No injury/unknown,FOLLOWING TOO CLOSELY,GATES & THIRD ST,39.16459009,-86.57615646
901840402,2020,6,3,1200,Weekday,2-Car,No injury/unknown,BRAKE FAILURE OR DEFECTIVE,3300 W 3RD ST & GATES,39.16458676,-86.57619637
901803691,2020,4,6,1400,Weekday,2-Car,No injury/unknown,UNSAFE BACKING,3RD & INDIANA AVE,39.16458526,-86.52680549
901899341,2020,10,6,1300,Weekday,2-Car,No injury/unknown,FAILURE TO YIELD RIGHT OF WAY,GRANT & THIRD ST,39.16457468,-86.52984374
901784215,2020,2,7,2200,Weekend,2-Car,Incapacitating,RAN OFF ROAD RIGHT,E 3RD ST,39.16456462,-86.55869926
901936232,2020,12,1,1000,Weekend,2-Car,Non-incapacitating,FOLLOWING TOO CLOSELY,S WYNNEDALE & W 3RD ST,39.16455992,-86.57019026
901779478,2020,2,5,200,Weekday,1-Car,No injury/unknown,RAN OFF ROAD RIGHT,W 3RD ST & WYNNEDALE,39.16455992,-86.57017295
901779029,2020,2,4,1200,Weekday,2-Car,No injury/unknown,FAILURE TO YIELD RIGHT OF WAY,3RD ST & YANCY,39.16455992,-86.56948015
901851154,2020,7,3,1700,Weekday,2-Car,No injury/unknown,FOLLOWING TOO CLOSELY,THIRD ST & YANCY,39.16455992,-86.56948015
901830188,2020,5,5,1200,Weekday,2-Car,Non-incapacitating,FAILURE TO YIELD RIGHT OF WAY,W 3RD ST & YANCY,39.16455992,-86.56948015
901841730,2020,6,6,1100,Weekday,3+ Cars,No injury/unknown,FOLLOWING TOO CLOSELY,WEST 3RD ST & YANCY,39.16455992,-86.56947365
901794264,2020,3,7,2200,Weekend,2-Car,No injury/unknown,UNSAFE BACKING,W 3RD ST,39.16455981,-86.55584763
901852786,2020,7,7,100,Weekend,2-Car,No injury/unknown,OTHER (DRIVER) - EXPLAIN IN NARRATIVE,W 3RD ST,39.16455981,-86.55584763
901820139,2020,5,6,2000,Weekend,1-Car,No injury/unknown,RAN OFF ROAD RIGHT,EAST THIRD ST,39.1645579,-86.52841284
901864207,2020,7,2,1000,Weekday,2-Car,No injury/unknown,FOLLOWING TOO CLOSELY,3RD & ROGERS ST,39.16455521,-86.538592
901771030,2020,1,1,2300,Weekday,2-Car,No injury/unknown,IMPROPER TURNING,E THIRD ST,39.16455254,-86.5320003
901781364,2020,2,2,1800,Weekday,1-Car,Non-incapacitating,OTHER (DRIVER) - EXPLAIN IN NARRATIVE,E THIRD ST,39.16455254,-86.5320003
901790293,2020,3,6,1100,Weekday,2-Car,No injury/unknown,OTHER (DRIVER) - EXPLAIN IN NARRATIVE,EAST 3RD ST,39.16454994,-86.5539388
901792148,2020,3,3,1100,Weekday,2-Car,No injury/unknown,UNSAFE BACKING,W 3RD ST,39.16454535,-86.55367667
901910648,2020,10,5,2100,Weekday,1-Car,No injury/unknown,RAN OFF ROAD RIGHT,W 3RD ST,39.16454406,-86.55360366
901758826,2020,1,3,1600,Weekday,2-Car,No injury/unknown,FOLLOWING TOO CLOSELY,3RD ST & CORY,39.164544,-86.560096
901792403,2020,3,3,1900,Weekday,2-Car,Incapacitating,FOLLOWING TOO CLOSELY,CORY & THIRD ST,39.164544,-86.560096
901798927,2020,3,4,600,Weekday,2-Car,Non-incapacitating,FAILURE TO YIELD RIGHT OF WAY,3RD & CURRY PIKE,39.164544,-86.560096
901804171,2020,4,7,700,Weekend,2-Car,Non-incapacitating,OTHER (ENVIRONMENTAL) - EXPLAIN IN NARR,S CORY & W 3RD ST,39.164544,-86.560096
901821539,2020,5,4,1400,Weekday,2-Car,No injury/unknown,FOLLOWING TOO CLOSELY,CORY & WEST 3RD ST,39.164544,-86.560096
901821595,2020,5,4,1700,Weekday,3+ Cars,No injury/unknown,FOLLOWING TOO CLOSELY,3RD ST & CORY,39.164544,-86.560096
901862271,2020,7,5,1500,Weekday,2-Car,Non-incapacitating,FAILURE TO YIELD RIGHT OF WAY,3RD ST & CORY,39.164544,-86.560096
901889717,2020,9,3,1700,Weekday,Cyclist,Non-incapacitating,OTHER (DRIVER) - EXPLAIN IN NARRATIVE,3RD ST & CORY,39.164544,-86.560096
901941519,2020,12,2,1500,Weekday,2-Car,Non-incapacitating,FOLLOWING TOO CLOSELY,S CURRY PIKE & WEST 3RD,39.164544,-86.560096
901838084,2020,6,6,1400,Weekday,1-Car,No injury/unknown,OTHER (DRIVER) - EXPLAIN IN NARRATIVE,S ADAMS ST,39.164544,-86.552192
901926142,2020,11,3,700,Weekday,1-Car,No injury/unknown,BRAKE FAILURE OR DEFECTIVE,S ADAMS ST,39.164544,-86.552192
901815556,2020,4,1,1300,Weekend,2-Car,No injury/unknown,FAILURE TO YIELD RIGHT OF WAY,3RD & PETE ELLIS DR,39.16451466,-86.495088
901837347,2020,6,5,1100,Weekday,2-Car,No injury/unknown,FAILURE TO YIELD RIGHT OF WAY,3RD & PETE ELLIS DR,39.16451466,-86.495088
901915628,2020,11,6,1400,Weekday,2-Car,No injury/unknown,FAILURE TO YIELD RIGHT OF WAY,3RD & SOUTH PETE ELLIS DR,39.16451466,-86.495088
901903176,2020,10,6,1700,Weekday,2-Car,No injury/unknown,UNSAFE SPEED,3RD & SOUTH ROGERS ST,39.16451401,-86.538592
901887755,2020,9,6,1600,Weekday,2-Car,No injury/unknown,UNSAFE LANE MOVEMENT,3RD ST & JOHNSON,39.16451029,-86.56500019
901821601,2020,5,3,1300,Weekday,2-Car,No injury/unknown,LEFT OF CENTER,3RD ST & ADAMS,39.16450286,-86.55027138
901780587,2020,2,7,100,Weekend,2-Car,No injury/unknown,ROADWAY SURFACE CONDITION,MULLER PKWY & W 3RD,39.16450024,-86.56270019
901797695,2020,3,6,1100,Weekday,2-Car,No injury/unknown,FOLLOWING TOO CLOSELY,3RD ST & MULLER,39.16450024,-86.56270019
901826360,2020,2,7,100,Weekend,2-Car,No injury/unknown,ROADWAY SURFACE CONDITION,MULLER PKWY & WEST 3RD,39.16450024,-86.56270019
901902680,2020,10,6,0,Weekday,2-Car,No injury/unknown,UNSAFE BACKING,WALNUT ST,39.16449371,-86.5336
901925297,2020,11,2,900,Weekday,Moped/Motorcycle,Non-incapacitating,DISREGARD SIGNAL/REG SIGN,S CORY & W 3RD ST,39.16448012,-86.56015008
901854456,2020,7,3,1700,Weekday,1-Car,No injury/unknown,OTHER (VEHICLE) - EXPLAIN IN NARRATIVE,W 3RD ST,39.16447742,-86.54929031
901891024,2020,9,6,400,Weekday,1-Car,No injury/unknown,RAN OFF ROAD RIGHT,S COLLEGE AVE,39.16446694,-86.53481763
901773256,2020,2,1,200,Weekend,2-Car,No injury/unknown,UNSAFE BACKING,EAST 3RD ST,39.164465,-86.54881114
901837227,2020,6,4,800,Weekday,2-Car,No injury/unknown,UNSAFE BACKING,S LINCOLN ST,39.16445714,-86.53102563
901787164,2020,3,7,1700,Weekend,2-Car,Non-incapacitating,FOLLOWING TOO CLOSELY,3RD ST & ATWATER,39.164448,-86.528096
901819132,2020,5,6,2000,Weekend,2-Car,No injury/unknown,FOLLOWING TOO CLOSELY,3RD ST & DUNN,39.164448,-86.528096
901829072,2020,5,3,2300,Weekday,1-Car,No injury/unknown,OTHER (DRIVER) - EXPLAIN IN NARRATIVE,3RD ST & DUNN,39.164448,-86.528096
901857397,2020,7,3,800,Weekday,2-Car,No injury/unknown,FOLLOWING TOO CLOSELY,ATWATER & THIRD ST,39.164448,-86.528096
901873727,2020,8,7,1100,Weekend,2-Car,No injury/unknown,FOLLOWING TOO CLOSELY,E 3RD ST & S DUNN,39.164448,-86.528096
901897376,2020,10,4,0,Weekday,1-Car,No injury/unknown,DRIVER DISTRACTED - EXPLAIN IN NARRATIVE,E ATWATER & S DUNN ST,39.164448,-86.528096
901907274,2020,10,6,1500,Weekday,2-Car,No injury/unknown,FOLLOWING TOO CLOSELY,3RD ST & ATWATER,39.164448,-86.528096
901875932,2020,8,4,1800,Weekday,2-Car,No injury/unknown,UNSAFE BACKING,E 3RD ST,39.164448,-86.527744
901782987,2020,2,5,1700,Weekday,2-Car,No injury/unknown,UNSAFE BACKING,E 3RD & S INDIANA AVE,39.164448,-86.5268
901783322,2020,2,6,1000,Weekday,2-Car,No injury/unknown,UNSAFE SPEED,INDIANA & THIRD ST,39.164448,-86.5268
901800371,2020,3,6,1700,Weekday,2-Car,No injury/unknown,OTHER (DRIVER) - EXPLAIN IN NARRATIVE,3RD & INDIANA AVE,39.164448,-86.5268
901811326,2020,4,5,1200,Weekday,2-Car,Non-incapacitating,FOLLOWING TOO CLOSELY,3RD ST & INDIANA,39.164448,-86.5268
901916242,2020,11,1,400,Weekend,1-Car,No injury/unknown,UNSAFE SPEED,3RD & INDIANA AVE,39.164448,-86.5268
901768886,2020,1,5,1700,Weekday,2-Car,No injury/unknown,FOLLOWING TOO CLOSELY,3RD ST & FESS,39.164448,-86.525792
901856887,2020,7,2,1100,Weekday,2-Car,No injury/unknown,UNSAFE BACKING,310 S FESS (GARAGE S EXIT) AVE & FESS,39.164448,-86.525792
901790577,2020,3,6,1400,Weekday,3+ Cars,No injury/unknown,FOLLOWING TOO CLOSELY,100 N SR 45 46 BYP & 3RD,39.164448,-86.471888
901824562,2020,5,3,1100,Weekday,2-Car,No injury/unknown,LEFT OF CENTER,EAST THIRD ST & SR4546,39.164448,-86.471888
901854004,2020,7,3,700,Weekday,2-Car,No injury/unknown,FOLLOWING TOO CLOSELY,3RD & SR446S,39.164448,-86.471888
901855913,2020,7,6,1500,Weekday,2-Car,Non-incapacitating,OTHER (DRIVER) - EXPLAIN IN NARRATIVE,3RD & STATE ROAD 45 46 BYP,39.164448,-86.471888
901863723,2020,7,2,800,Weekday,1-Car,No injury/unknown,OTHER (DRIVER) - EXPLAIN IN NARRATIVE,1201 E 3RD (LANDSCAPE) ST & 3RD,39.164448,-86.471888
901903905,2020,10,1,2100,Weekday,2-Car,Non-incapacitating,DRIVER DISTRACTED - EXPLAIN IN NARRATIVE,3RD & 446 HWY,39.164448,-86.471888
901770976,2020,1,2,1900,Weekday,2-Car,No injury/unknown,FAILURE TO YIELD RIGHT OF WAY,E 3RD ST,39.16444703,-86.52575968
901833803,2020,5,5,1700,Weekday,Moped/Motorcycle,Non-incapacitating,FOLLOWING TOO CLOSELY,3RD ST & FESS,39.16444271,-86.52561573
901892544,2020,9,2,900,Weekday,Bus,No injury/unknown,FAILURE TO YIELD RIGHT OF WAY,3RD ST & FESS,39.16444007,-86.52552759
901758886,2020,1,4,100,Weekday,2-Car,No injury/unknown,UNSAFE BACKING,EAST 3RD ST,39.16443758,-86.54775367
901944135,2020,12,6,1000,Weekday,2-Car,No injury/unknown,UNSAFE BACKING,EAST 3RD ST,39.16443539,-86.5253718
901766486,2020,1,2,200,Weekday,1-Car,No injury/unknown,OTHER (DRIVER) - EXPLAIN IN NARRATIVE,E 3RD ST,39.16443442,-86.52533948
901923479,2020,11,5,1600,Weekday,2-Car,No injury/unknown,FOLLOWING TOO CLOSELY,EAST 3RD ST & SOUTH LANDMARK,39.16443182,-86.55631245
901767973,2020,1,4,1000,Weekday,2-Car,No injury/unknown,LEFT OF CENTER,LANDMARK AVE & WEST 3 ST ST,39.16442983,-86.55630983
901839859,2020,6,3,800,Weekday,Cyclist,Non-incapacitating,FAILURE TO YIELD RIGHT OF WAY,LANDMARK & W THIRD ST,39.16442983,-86.55630983
901894865,2020,9,5,1500,Weekday,2-Car,Incapacitating,OTHER (DRIVER) - EXPLAIN IN NARRATIVE,3RD ST & LANDMARK,39.16442983,-86.55630983
901837624,2020,6,5,1700,Weekday,3+ Cars,Non-incapacitating,DRIVER DISTRACTED - EXPLAIN IN NARRATIVE,3RD ST & FESS,39.16442686,-86.5250869
901884927,2020,9,2,200,Weekday,1-Car,Non-incapacitating,RAN OFF ROAD RIGHT,OARD & SR48W,39.16442416,-86.62164454
901848304,2020,6,5,1000,Weekday,2-Car,No injury/unknown,FAILURE TO YIELD RIGHT OF WAY,3RD & PETE ELLIS DR,39.16440479,-86.495088
901812191,2020,4,1,800,Weekend,1-Car,No injury/unknown,ANIMAL/OBJECT IN ROADWAY,S WALKER & W 3RD ST,39.1644,-86.546304
901915594,2020,11,6,1300,Weekday,Bus,No injury/unknown,UNSAFE LANE MOVEMENT,3RD ST & WOODLAWN,39.16437845,-86.52347337
901836435,2020,6,3,2100,Weekday,2-Car,Non-incapacitating,OTHER (VEHICLE) - EXPLAIN IN NARRATIVE,3RD & COLLEGE AVE,39.16436535,-86.53481859
901938014,2020,12,3,1400,Weekday,3+ Cars,No injury/unknown,FOLLOWING TOO CLOSELY,3RD ST & WOODLAWN,39.16436258,-86.52294455
901790528,2020,3,6,1400,Weekday,2-Car,Non-incapacitating,IMPROPER TURNING,E 3RD ST & S WOODLAWN,39.164352,-86.522592
901802662,2020,4,4,1200,Weekday,3+ Cars,No injury/unknown,SPEED TOO FAST FOR WEATHER CONDITIONS,THIRD ST & WOODLAWN,39.164352,-86.522592
901915606,2020,11,6,1400,Weekday,2-Car,No injury/unknown,UNSAFE SPEED,EAST 3RD ST & WOODLAWN,39.164352,-86.522592
901838331,2020,6,7,0,Weekend,2-Car,Non-incapacitating,DISREGARD SIGNAL/REG SIGN,3RD ST & ROSE,39.164352,-86.510944
901906902,2020,10,6,1500,Weekday,Bus,No injury/unknown,FAILURE TO YIELD RIGHT OF WAY,3RD ST & ROSE,39.164352,-86.510944
901773373,2020,2,1,1300,Weekend,2-Car,No injury/unknown,FAILURE TO YIELD RIGHT OF WAY,3RD ST & UNION,39.164352,-86.5088
901843565,2020,6,3,900,Weekday,3+ Cars,No injury/unknown,DRIVER DISTRACTED - EXPLAIN IN NARRATIVE,EAST THIRD ST & UNION,39.164352,-86.5088
901916356,2020,11,1,1200,Weekend,2-Car,No injury/unknown,FAILURE TO YIELD RIGHT OF WAY,E 3RD ST & S UNION,39.164352,-86.5088
901755315,2020,1,2,1800,Weekday,3+ Cars,No injury/unknown,SPEED TOO FAST FOR WEATHER CONDITIONS,3RD & HIGH ST,39.164352,-86.508288
901769929,2020,1,7,1300,Weekend,2-Car,No injury/unknown,DRIVER DISTRACTED - EXPLAIN IN NARRATIVE,3RD ST & HIGH,39.164352,-86.508288
901889731,2020,9,3,2000,Weekday,3+ Cars,Non-incapacitating,OTHER (DRIVER) - EXPLAIN IN NARRATIVE,E 3RD ST & HIGH,39.164352,-86.508288
901948538,2020,12,2,1700,Weekday,Cyclist,Non-incapacitating,DISREGARD SIGNAL/REG SIGN,EAST 3RD ST & HIGH,39.164352,-86.508288
901932323,2020,12,2,500,Weekday,1-Car,No injury/unknown,ANIMAL/OBJECT IN ROADWAY,BRYAN & E 3RD ST,39.16432,-86.50824
901895871,2020,9,1,600,Weekend,3+ Cars,No injury/unknown,OTHER (DRIVER) - EXPLAIN IN NARRATIVE,EAST THIRD ST,39.16431516,-86.51286542
901850929,2020,7,2,1300,Weekday,2-Car,No injury/unknown,FAILURE TO YIELD RIGHT OF WAY,3RD ST & COLLEGE MALL,39.16430692,-86.50721965
901949799,2020,12,1,1100,Weekend,2-Car,No injury/unknown,DISREGARD SIGNAL/REG SIGN,HENDERSON ST & THIRD,39.16430652,-86.52691309
901918196,2020,11,4,200,Weekday,1-Car,No injury/unknown,RAN OFF ROAD RIGHT,3RD ST & JEFFERSON,39.164304,-86.50628638
901815391,2020,4,7,1400,Weekend,2-Car,Non-incapacitating,FOLLOWING TOO CLOSELY,3RD ST & ROOSEVELTT,39.164304,-86.50621537
901759814,2020,1,4,1700,Weekday,2-Car,No injury/unknown,FAILURE TO YIELD RIGHT OF WAY,EAST 3RD ST & NORTH JEFFERSON,39.164304,-86.506992
901776001,2020,2,6,1600,Weekday,3+ Cars,No injury/unknown,SPEED TOO FAST FOR WEATHER CONDITIONS,E 3RD ST & JEFFERSON,39.164304,-86.506992
901795729,2020,3,3,1700,Weekday,3+ Cars,No injury/unknown,DRIVER DISTRACTED - EXPLAIN IN NARRATIVE,E 3RD ST & S JEFFERSON,39.164304,-86.506992
901797290,2020,3,6,2100,Weekend,2-Car,No injury/unknown,SPEED TOO FAST FOR WEATHER CONDITIONS,E 3RD ST & S JEFFERSON,39.164304,-86.506992
901803265,2020,4,4,1500,Weekday,2-Car,No injury/unknown,FOLLOWING TOO CLOSELY,E 3RD ST & JEFFERSON,39.164304,-86.506992
901906291,2020,10,5,1800,Weekday,2-Car,No injury/unknown,FOLLOWING TOO CLOSELY,EAST 3RD ST & JEFFERSON,39.164304,-86.506992
901909553,2020,10,3,1100,Weekday,2-Car,No injury/unknown,OTHER (DRIVER) - EXPLAIN IN NARRATIVE,JEFFERSON & THIRD ST,39.164304,-86.506992
901911532,2020,10,7,1100,Weekend,2-Car,No injury/unknown,OTHER (DRIVER) - EXPLAIN IN NARRATIVE,EAST THIRD ST & JEFFERSON,39.164304,-86.506992
901922392,2020,11,3,1300,Weekday,2-Car,No injury/unknown,FOLLOWING TOO CLOSELY,E 3RD ST & S JEFFERSON,39.164304,-86.506992
901887921,2020,9,6,1200,Weekday,Moped/Motorcycle,Incapacitating,SPEED TOO FAST FOR WEATHER CONDITIONS,EAST THIRD ST & ROOSEVELT,39.164304,-86.505792
901907541,2020,10,7,500,Weekend,1-Car,Non-incapacitating,OBSTRUCTION NOT MARKED,E 3RD ST & S ROOSEVELT,39.164304,-86.505792
901917664,2020,11,2,1600,Weekday,2-Car,No injury/unknown,IMPROPER TURNING,ROCKPORT RD & SR37,39.164304,-86.505792
901846911,2020,6,2,1600,Weekday,2-Car,No injury/unknown,FOLLOWING TOO CLOSELY,3RD ST & ROOSEVELT,39.16429831,-86.50543927
901879037,2020,8,3,1400,Weekday,2-Car,No injury/unknown,OTHER (DRIVER) - EXPLAIN IN NARRATIVE,E 3RD ST,39.16429555,-86.50526814
901865710,2020,8,5,1400,Weekday,3+ Cars,Non-incapacitating,UNSAFE SPEED,E 3RD ST & S HAWTHORNE,39.16429078,-86.5200752
901903154,2020,10,6,1800,Weekday,2-Car,No injury/unknown,FAILURE TO YIELD RIGHT OF WAY,3RD ST & FESS,39.16428968,-86.52587011
901910064,2020,10,4,2100,Weekday,2-Car,Non-incapacitating,DRIVER DISTRACTED - EXPLAIN IN NARRATIVE,3RD ST & FESS,39.16428968,-86.52587011
901893014,2020,9,2,1900,Weekday,2-Car,No injury/unknown,FOLLOWING TOO CLOSELY,3RD ST & FESS,39.16428968,-86.52586795
901905648,2020,10,4,1500,Weekday,2-Car,No injury/unknown,FOLLOWING TOO CLOSELY,3RD ST & FESS,39.16428968,-86.52586578
901870307,2020,8,7,1600,Weekend,Pedestrian,Incapacitating,OTHER (VEHICLE) - EXPLAIN IN NARRATIVE,EAST 3RD ST,39.16428499,-86.47356033
901880913,2020,9,7,900,Weekend,2-Car,No injury/unknown,UNSAFE BACKING,E 3RD ST,39.16428499,-86.47356033
901904989,2020,10,3,1300,Weekday,2-Car,No injury/unknown,FOLLOWING TOO CLOSELY,3RD ST & CLIFTON,39.1642803,-86.50968968
901824371,2020,5,3,700,Weekday,2-Car,No injury/unknown,FOLLOWING TOO CLOSELY,CAVE & SR48W,39.16427966,-86.62220519
901918814,2020,11,4,1800,Weekday,2-Car,No injury/unknown,FOLLOWING TOO CLOSELY,BALLANTINE & THIRD ST,39.16427453,-86.51911919
901865099,2020,8,4,1300,Weekday,3+ Cars,Non-incapacitating,FAILURE TO YIELD RIGHT OF WAY,S WASHINGTON ST,39.16427429,-86.5324
901762132,2020,1,2,1300,Weekday,2-Car,Non-incapacitating,FOLLOWING TOO CLOSELY,E 3RD & WOODSCREST DR,39.164272,-86.502416
901795989,2020,3,3,2000,Weekday,2-Car,No injury/unknown,OTHER (VEHICLE) - EXPLAIN IN NARRATIVE,E 3RD ST,39.164272,-86.502416
901852031,2020,7,5,1400,Weekday,2-Car,No injury/unknown,FOLLOWING TOO CLOSELY,E 3RD ST & WOODCREST,39.164272,-86.502416
901888403,2020,9,1,1600,Weekend,2-Car,No injury/unknown,FAILURE TO YIELD RIGHT OF WAY,E 3RD ST & S HILLSDALE,39.164272,-86.502416
901907002,2020,10,6,1400,Weekday,2-Car,No injury/unknown,FAILURE TO YIELD RIGHT OF WAY,E 3RD ST,39.164272,-86.502416
901879030,2020,8,2,1800,Weekday,2-Car,No injury/unknown,IMPROPER TURNING,E 3RD ST,39.164272,-86.50232131
901798811,2020,3,6,1900,Weekend,Bus,No injury/unknown,IMPROPER PASSING,3RD ST,39.164272,-86.50230237
901907134,2020,10,6,1200,Weekday,Pedestrian,Non-incapacitating,FAILURE TO YIELD RIGHT OF WAY,E 3RD ST,39.164272,-86.50230237
901807614,2020,4,6,2100,Weekend,2-Car,No injury/unknown,OTHER (DRIVER) - EXPLAIN IN NARRATIVE,3RD ST,39.164272,-86.50194253
901870279,2020,8,7,1700,Weekend,2-Car,No injury/unknown,,E 3RD ST,39.164272,-86.50177208
901876414,2020,8,5,1400,Weekday,2-Car,Non-incapacitating,ANIMAL/OBJECT IN ROADWAY,THIRD ST & WOODLAWN,39.1642718,-86.52442326
901893019,2020,9,2,2100,Weekday,2-Car,No injury/unknown,FOLLOWING TOO CLOSELY,3RD ST & FACULTY,39.16427024,-86.52105364
901893744,2020,9,3,1600,Weekday,Bus,No injury/unknown,UNSAFE SPEED,3RD ST & FACULTY,39.16427024,-86.52104153
901847771,2020,6,4,1100,Weekday,2-Car,No injury/unknown,IMPROPER TURNING,EAST THIRD ST & SOUTH BALLANTINE,39.16427024,-86.51912972
901887962,2020,9,6,1200,Weekday,2-Car,No injury/unknown,FAILURE TO YIELD RIGHT OF WAY,3RD ST & BALLANTINE,39.16427024,-86.51912972
901901945,2020,10,4,1800,Weekday,3+ Cars,No injury/unknown,FOLLOWING TOO CLOSELY,E 3RD ST & S BALLANTINE,39.16427024,-86.51912972
901930909,2020,11,5,1800,Weekday,3+ Cars,Non-incapacitating,DRIVER DISTRACTED - EXPLAIN IN NARRATIVE,3RD ST & HIGHLAND,39.16427024,-86.51772281
901768108,2020,1,4,1600,Weekday,2-Car,No injury/unknown,FAILURE TO YIELD RIGHT OF WAY,3RD ST & HIGHLAND,39.16427024,-86.51772022
901780424,2020,2,7,1200,Weekend,2-Car,No injury/unknown,IMPROPER TURNING,3RD ST & HIGHLAND,39.16427024,-86.51772022
901812122,2020,4,7,2100,Weekend,2-Car,Non-incapacitating,UNSAFE LANE MOVEMENT,3RD ST & HIGHLAND,39.16427024,-86.51772022
901848270,2020,6,5,800,Weekday,1-Car,No injury/unknown,OVERCORRECTING/OVERSTEERING,E 3RD ST & S HIGHLAND,39.16427024,-86.51772022
901844955,2020,6,5,1600,Weekday,2-Car,No injury/unknown,IMPROPER TURNING,3RD ST & HIGHLAND,39.16427024,-86.51772022
901875862,2020,8,4,1500,Weekday,Cyclist,Non-incapacitating,PEDESTRIAN ACTION,3RD ST & HIGHLAND,39.16427024,-86.51772022
901876490,2020,8,5,1900,Weekday,2-Car,No injury/unknown,IMPROPER TURNING,3RD ST & HIGHLAND,39.16427024,-86.51772022
901877041,2020,8,6,1900,Weekend,2-Car,No injury/unknown,IMPROPER TURNING,3RD ST & HIGHLAND,39.16427024,-86.51772022
901877202,2020,8,7,1200,Weekend,2-Car,Non-incapacitating,IMPROPER TURNING,3RD ST & HIGHLAND,39.16427024,-86.51772022
901881180,2020,9,1,1100,Weekend,2-Car,No injury/unknown,IMPROPER TURNING,E 3RD ST & S HIGHLAND,39.16427024,-86.51772022
901889648,2020,9,3,1600,Weekday,2-Car,No injury/unknown,IMPROPER TURNING,3RD ST & HIGHLAND,39.16427024,-86.51772022
901759466,2020,1,4,2100,Weekday,2-Car,Non-incapacitating,FOLLOWING TOO CLOSELY,3RD ST & EASTSIDE,39.16427024,-86.51321008
901907316,2020,10,7,1600,Weekend,3+ Cars,Non-incapacitating,FOLLOWING TOO CLOSELY,3RD ST & JEFFERSON,39.16427024,-86.50710001
901783564,2020,2,6,1700,Weekday,2-Car,No injury/unknown,FOLLOWING TOO CLOSELY,3RD ST & ROOSELVELT,39.16427024,-86.50601834
901760148,2020,1,4,1500,Weekday,3+ Cars,No injury/unknown,FOLLOWING TOO CLOSELY,3RD ST & HILLSDALE,39.16427024,-86.50264158
901881118,2020,9,7,1300,Weekend,2-Car,No injury/unknown,FAILURE TO YIELD RIGHT OF WAY,E 3RD ST & S WOODSCREST,39.16427024,-86.50242747
901846946,2020,6,2,1600,Weekday,2-Car,No injury/unknown,FOLLOWING TOO CLOSELY,E 3RD ST & S WOODSCREST,39.16427024,-86.50241449
901865267,2020,8,4,1400,Weekday,2-Car,Non-incapacitating,FAILURE TO YIELD RIGHT OF WAY,45 46 & E 3RD ST,39.16426998,-86.49831176
901874802,2020,8,2,1900,Weekday,2-Car,No injury/unknown,UNSAFE LANE MOVEMENT,SWAIN & THIRD ST,39.16426988,-86.51527565
901776077,2020,2,6,1600,Weekday,1-Car,No injury/unknown,UNSAFE LANE MOVEMENT,S BALLANTINE ST,39.16426849,-86.51913452
901768114,2020,1,4,1600,Weekday,2-Car,No injury/unknown,FAILURE TO YIELD RIGHT OF WAY,E 3RD ST & S BALLANTINE,39.16426611,-86.51913098
901917432,2020,11,2,1800,Weekday,2-Car,No injury/unknown,UNSAFE LANE MOVEMENT,HAWTHORNE & THIRD ST,39.16426509,-86.51972257