Master Record Number,Year,Month,Day,Hour,Weekend,Collision Type,Injury Type,Primary Factor,Reported_Location,Latitude,Longitude
901938390,2020,12,4,800,Weekday,2-Car,No injury/unknown,UNSAFE LANE MOVEMENT,THIRD & WOODLAWN AVE,39.16426449,-86.5226336
901916489,2020,11,1,1700,Weekend,3+ Cars,No injury/unknown,FOLLOWING TOO CLOSELY,FESS & THIRD ST,39.16426449,-86.5226336
901892930,2020,9,2,1500,Weekday,2-Car,No injury/unknown,UNSAFE LANE MOVEMENT,HIGHLAND AVE & THIRD,39.16426229,-86.51775641
901931297,2020,11,6,1100,Weekday,2-Car,No injury/unknown,UNSAFE BACKING,E 3RD ST,39.16426048,-86.50037632
901773100,2020,2,7,1400,Weekend,3+ Cars,No injury/unknown,UNSAFE LANE MOVEMENT,3RD ST & S JORDAN,39.16426018,-86.5163999
901774692,2020,2,3,2000,Weekday,2-Car,No injury/unknown,FOLLOWING TOO CLOSELY,3RD ST & JORDAN,39.16426018,-86.5163999
901793062,2020,3,5,700,Weekday,2-Car,Non-incapacitating,DISREGARD SIGNAL/REG SIGN,3RD ST & JORDAN,39.16426018,-86.5163999
901810652,2020,4,4,1700,Weekday,3+ Cars,No injury/unknown,FOLLOWING TOO CLOSELY,3RD ST & S JORDAN,39.16426018,-86.5163999
901851794,2020,7,5,800,Weekday,2-Car,No injury/unknown,OTHER (DRIVER) - EXPLAIN IN NARRATIVE,3RD ST & JORDAN,39.16426018,-86.5163999
901836557,2020,6,3,2300,Weekday,2-Car,No injury/unknown,IMPROPER TURNING,3RD ST & JORDAN,39.16426018,-86.5163999
901840487,2020,6,4,600,Weekday,2-Car,No injury/unknown,DISREGARD SIGNAL/REG SIGN,JORDAN AVE & THIRD,39.16426018,-86.5163999
901884567,2020,9,7,300,Weekend,2-Car,No injury/unknown,IMPROPER TURNING,3RD ST & JORDAN,39.16426018,-86.5163999
901890367,2020,9,4,2100,Weekday,2-Car,Non-incapacitating,DRIVER DISTRACTED - EXPLAIN IN NARRATIVE,3RD & JORDAN AVE,39.16426018,-86.5163999
901900976,2020,10,3,900,Weekday,Moped/Motorcycle,Non-incapacitating,OTHER (DRIVER) - EXPLAIN IN NARRATIVE,3RD & JORDAN AVE,39.16426018,-86.5163999
901902625,2020,10,5,1900,Weekday,2-Car,No injury/unknown,IMPROPER TURNING,3RD & JORDAN AVE,39.16426018,-86.5163999
901876806,2020,8,6,1100,Weekday,Pedestrian,Non-incapacitating,FAILURE TO YIELD RIGHT OF WAY,E THIRD ST,39.16425817,-86.49533249
901945430,2020,12,6,1700,Weekday,2-Car,No injury/unknown,IMPROPER LANE USAGE,THIRD ST,39.16425481,-86.49418115
901835607,2020,4,2,1500,Weekday,2-Car,No injury/unknown,,EAST THIRD ST,39.16425481,-86.49131186
901782576,2020,2,4,2100,Weekday,2-Car,No injury/unknown,SPEED TOO FAST FOR WEATHER CONDITIONS,E 3RD ST & S HAWTHORNE,39.16425429,-86.52008405
901771185,2020,1,2,1300,Weekday,1-Car,No injury/unknown,OTHER (DRIVER) - EXPLAIN IN NARRATIVE,1001 E 3RD (DOCK) ST & HAWTHORNE,39.16425429,-86.52007712
901797044,2020,3,6,1100,Weekday,2-Car,No injury/unknown,UNSAFE BACKING,1001 E 3RD (DOCK) ST & HAWTHORNE,39.16425055,-86.52010271
901910590,2020,10,5,1600,Weekday,2-Car,No injury/unknown,,3RD ST & WOODLAWN,39.16425012,-86.52263292
901921960,2020,11,3,1200,Weekday,3+ Cars,No injury/unknown,FOLLOWING TOO CLOSELY,THIRD ST & WOODLAWN,39.16425012,-86.5226286
901922607,2020,11,4,1100,Weekday,2-Car,No injury/unknown,IMPROPER LANE USAGE,3RD ST & WOODLAWN,39.16425012,-86.52261994
901788003,2020,3,2,1400,Weekday,Bus,No injury/unknown,UNSAFE LANE MOVEMENT,E 3RD ST & S HAWTHORNE,39.16425012,-86.52009428
901798655,2020,3,3,1300,Weekday,2-Car,Non-incapacitating,UNSAFE SPEED,3RD ST & HAWTHORNE,39.16425012,-86.52008995
901803577,2020,4,6,1000,Weekday,2-Car,Non-incapacitating,UNSAFE SPEED,HAWTHORNE & THIRD ST,39.16425012,-86.52008476
901761256,2020,1,7,100,Weekend,2-Car,No injury/unknown,FAILURE TO YIELD RIGHT OF WAY,3RD ST & SWAIN,39.16425012,-86.51525996
901768380,2020,1,4,1400,Weekday,2-Car,Non-incapacitating,UNSAFE LANE MOVEMENT,SWAIN & THIRD ST,39.16425012,-86.51525996
901772835,2020,2,6,1600,Weekday,2-Car,No injury/unknown,IMPROPER TURNING,3RD ST & SWAIN,39.16425012,-86.51525996
901786454,2020,3,5,1600,Weekday,2-Car,Non-incapacitating,IMPROPER TURNING,E 3RD ST & S SWAIN,39.16425012,-86.51525996
901811773,2020,4,6,1800,Weekday,2-Car,Non-incapacitating,IMPROPER TURNING,3RD ST & SWAIN,39.16425012,-86.51525996
901877219,2020,8,7,1300,Weekend,2-Car,No injury/unknown,IMPROPER TURNING,E 3RD ST & S SWAIN,39.16425012,-86.51525996
901904750,2020,10,2,1400,Weekday,2-Car,No injury/unknown,IMPROPER TURNING,3RD ST & SWAIN,39.16425012,-86.51525996
901941416,2020,12,7,1700,Weekend,2-Car,Non-incapacitating,FAILURE TO YIELD RIGHT OF WAY,EAST 3RD ST & SOUTH SWAIN,39.16425012,-86.51525996
901757173,2020,1,7,200,Weekend,2-Car,No injury/unknown,IMPROPER TURNING,3RD ST & MITCHELL,39.16425012,-86.51422999
901880738,2020,8,6,1900,Weekend,2-Car,No injury/unknown,FOLLOWING TOO CLOSELY,COLLEGE MALL & E 3RD ST,39.16424732,-86.49910556
901849774,2020,7,1,1400,Weekend,2-Car,No injury/unknown,FAILURE TO YIELD RIGHT OF WAY,MEADOWBROOK & SR46,39.16424548,-86.48442755
901878242,2020,8,2,1300,Weekday,2-Car,Non-incapacitating,FAILURE TO YIELD RIGHT OF WAY,COLLEGE MALL & THIRD ST,39.16424006,-86.49835668
901903485,2020,10,6,2100,Weekend,2-Car,No injury/unknown,FOLLOWING TOO CLOSELY,3RD ST & COLLEGE MALL,39.16424006,-86.49828748
901922230,2020,11,3,1400,Weekday,3+ Cars,No injury/unknown,FOLLOWING TOO CLOSELY,3RD ST & COLLEGE MALL,39.16424006,-86.49827018
901924944,2020,11,5,2000,Weekday,2-Car,No injury/unknown,DRIVER DISTRACTED - EXPLAIN IN NARRATIVE,SR46S & THIRD,39.16424006,-86.49827018
901930906,2020,11,5,1800,Weekday,3+ Cars,Non-incapacitating,FOLLOWING TOO CLOSELY,MORNINGSIDE & THIRD ST,39.16424006,-86.47367969
901786202,2020,3,5,1200,Weekday,2-Car,No injury/unknown,FOLLOWING TOO CLOSELY,PETE ELLIS & SR46E,39.16424,-86.49473519
901797791,2020,3,1,1600,Weekend,2-Car,No injury/unknown,FOLLOWING TOO CLOSELY,PETE ELLIS & SR46E,39.16424,-86.49482339
901916157,2020,11,7,2000,Weekend,1-Car,No injury/unknown,ANIMAL/OBJECT IN ROADWAY,3RD ST & HERITAGE,39.16424,-86.48294481
901903753,2020,10,1,1500,Weekend,2-Car,No injury/unknown,FAILURE TO YIELD RIGHT OF WAY,E 3RD ST & JORDAN,39.16424,-86.51666461
901884366,2020,9,6,1200,Weekday,2-Car,No injury/unknown,FOLLOWING TOO CLOSELY,WEST 3RD ST,39.16424,-86.48814157
901785489,2020,2,3,2000,Weekday,2-Car,No injury/unknown,UNSAFE BACKING,E 3RD ST,39.16424,-86.5152
901888682,2020,9,2,700,Weekday,Moped/Motorcycle,Non-incapacitating,WRONG WAY ON ONE WAY,E 3RD ST & MITCHELL,39.16424,-86.514096
901821393,2020,5,4,1400,Weekday,3+ Cars,No injury/unknown,DRIVER DISTRACTED - EXPLAIN IN NARRATIVE,E 3RD ST & S EASTSIDE,39.16424,-86.513088
901755641,2020,1,4,700,Weekday,3+ Cars,Non-incapacitating,FAILURE TO YIELD RIGHT OF WAY,3RD ST & COLLEGE MALL,39.16424,-86.4984
901756634,2020,1,5,2100,Weekday,2-Car,No injury/unknown,FOLLOWING TOO CLOSELY,COLLEGE MALL & THIRD ST,39.16424,-86.4984
901753377,2020,1,1,300,Weekend,2-Car,No injury/unknown,FOLLOWING TOO CLOSELY,S COLLEGE MALL RD,39.16424,-86.4984
901763680,2020,1,4,1900,Weekday,2-Car,Non-incapacitating,FAILURE TO YIELD RIGHT OF WAY,E 3RD ST & S COLLEGE MALL,39.16424,-86.4984
901783057,2020,2,5,1700,Weekday,2-Car,No injury/unknown,FOLLOWING TOO CLOSELY,COLLEGE MALL & THIRD ST,39.16424,-86.4984
901794982,2020,3,2,1300,Weekday,2-Car,No injury/unknown,FAILURE TO YIELD RIGHT OF WAY,COLLEGE MALL & E 3RD ST,39.16424,-86.4984
901798336,2020,3,2,1600,Weekday,3+ Cars,No injury/unknown,FOLLOWING TOO CLOSELY,E 3RD & S COLLEGE MALL RD,39.16424,-86.4984
901801719,2020,4,2,1400,Weekday,3+ Cars,No injury/unknown,FOLLOWING TOO CLOSELY,E 3RD & S COLLEGE MALL RD,39.16424,-86.4984
901846921,2020,6,2,1600,Weekday,2-Car,Non-incapacitating,FAILURE TO YIELD RIGHT OF WAY,COLLEGE MALL RD & EAST 3RD,39.16424,-86.4984
901851177,2020,7,3,1500,Weekday,2-Car,No injury/unknown,FOLLOWING TOO CLOSELY,COLLEGE MALL & E 3RD ST,39.16424,-86.4984
901853609,2020,7,2,1400,Weekday,2-Car,No injury/unknown,FAILURE TO YIELD RIGHT OF WAY,E 3RD ST & S COLLEGE MALL,39.16424,-86.4984
901823212,2020,5,7,2100,Weekend,2-Car,Non-incapacitating,FOLLOWING TOO CLOSELY,3RD & COLLEGE MALL RD,39.16424,-86.4984
901823411,2020,5,1,1400,Weekend,2-Car,No injury/unknown,DRIVER ILLNESS,3RD ST & COLLEGE MALL,39.16424,-86.4984
901827062,2020,5,7,1400,Weekend,3+ Cars,No injury/unknown,FAILURE TO YIELD RIGHT OF WAY,E 3RD ST & S COLLEGE MALL,39.16424,-86.4984
901853848,2020,7,2,1600,Weekday,2-Car,No injury/unknown,IMPROPER TURNING,3RD & COLLEGE MALL RD,39.16424,-86.4984
901876692,2020,8,6,800,Weekday,2-Car,No injury/unknown,FAILURE TO YIELD RIGHT OF WAY,E 3RD ST & S COLLEGE MALL,39.16424,-86.4984
901895713,2020,9,7,1800,Weekend,3+ Cars,No injury/unknown,FOLLOWING TOO CLOSELY,EAST 3RD & SOUTH COLLEGE MALL RD,39.16424,-86.4984
901911183,2020,10,6,1600,Weekday,2-Car,No injury/unknown,FAILURE TO YIELD RIGHT OF WAY,E 3RD ST & S COLLEGE MALL,39.16424,-86.4984
901918867,2020,11,4,2000,Weekday,2-Car,Non-incapacitating,FAILURE TO YIELD RIGHT OF WAY,3RD & S COLLEGE MALL RD,39.16424,-86.4984
901919462,2020,11,5,1500,Weekday,2-Car,No injury/unknown,FAILURE TO YIELD RIGHT OF WAY,COLLEGE MALL & E 3RD ST,39.16424,-86.4984
901935831,2020,12,7,1000,Weekend,2-Car,No injury/unknown,UNSAFE LANE MOVEMENT,COLLEGE MALL & E 3RD ST,39.16424,-86.4984
901754815,2020,1,2,1600,Weekday,1-Car,No injury/unknown,SPEED TOO FAST FOR WEATHER CONDITIONS,PETE ELLIS DR & SR46E,39.16424,-86.495088
901769157,2020,1,6,800,Weekday,2-Car,Non-incapacitating,FAILURE TO YIELD RIGHT OF WAY,E THIRD ST & PETE ELLIS,39.16424,-86.495088
901809994,2020,4,3,1600,Weekday,3+ Cars,Non-incapacitating,FAILURE TO YIELD RIGHT OF WAY,E 3RD ST & S PETE ELLIS,39.16424,-86.495088
901810658,2020,4,4,1400,Weekday,3+ Cars,No injury/unknown,FAILURE TO YIELD RIGHT OF WAY,E 3RD ST & PETE ELLIS,39.16424,-86.495088
901855986,2020,7,6,1300,Weekday,2-Car,Non-incapacitating,FAILURE TO YIELD RIGHT OF WAY,E 3RD ST & PETE ELLIS,39.16424,-86.495088
901933484,2020,12,3,1500,Weekday,2-Car,Non-incapacitating,FOLLOWING TOO CLOSELY,E 3RD ST & PETE ELLIS,39.16424,-86.495088
901840382,2020,6,4,600,Weekday,1-Car,Non-incapacitating,RAN OFF ROAD RIGHT,E 3RD ST,39.16424,-86.49494053
901804085,2020,4,6,1400,Weekday,2-Car,No injury/unknown,IMPROPER TURNING,E 3RD ST,39.16424,-86.49425989
901850137,2020,7,2,1000,Weekday,2-Car,No injury/unknown,FAILURE TO YIELD RIGHT OF WAY,E 3RD ST,39.16424,-86.49425989
901852103,2020,7,5,1700,Weekday,2-Car,No injury/unknown,UNSAFE BACKING,E 3RD ST,39.16424,-86.49425989
901839048,2020,6,1,2000,Weekday,Pedestrian,Non-incapacitating,OTHER (DRIVER) - EXPLAIN IN NARRATIVE,E 3RD ST,39.16424,-86.49425989
901771085,2020,1,3,0,Weekday,Pedestrian,Non-incapacitating,OTHER (DRIVER) - EXPLAIN IN NARRATIVE,E 3RD ST,39.16424,-86.4939483
901841437,2020,6,3,1200,Weekday,2-Car,No injury/unknown,UNSAFE BACKING,E 3RD ST,39.16424,-86.49368135
901759128,2020,1,4,1100,Weekday,2-Car,No injury/unknown,DISREGARD SIGNAL/REG SIGN,E 3RD ST & S KINGSTON,39.16424,-86.492944
901762734,2020,1,3,800,Weekday,2-Car,No injury/unknown,FOLLOWING TOO CLOSELY,3RD ST & KINGSTON,39.16424,-86.492944
901762878,2020,1,3,1200,Weekday,2-Car,No injury/unknown,FOLLOWING TOO CLOSELY,3RD ST & KINGSTON,39.16424,-86.492944
901763465,2020,1,4,1200,Weekday,2-Car,No injury/unknown,UNSAFE LANE MOVEMENT,E THIRD ST & KINGSTON,39.16424,-86.492944
901790855,2020,3,7,1600,Weekend,2-Car,No injury/unknown,DISREGARD SIGNAL/REG SIGN,3RD ST & KINGSTON,39.16424,-86.492944
901768845,2020,1,5,1600,Weekday,2-Car,No injury/unknown,FOLLOWING TOO CLOSELY,3RD ST & KINGSTON,39.16424,-86.492944
901772857,2020,2,6,1600,Weekday,2-Car,No injury/unknown,FOLLOWING TOO CLOSELY,E 3RD ST & KINGSTON,39.16424,-86.492944
901773430,2020,2,7,1400,Weekend,2-Car,No injury/unknown,FOLLOWING TOO CLOSELY,E 3RD ST & S KINGSTON,39.16424,-86.492944
901780471,2020,2,7,1500,Weekend,2-Car,No injury/unknown,FAILURE TO YIELD RIGHT OF WAY,3RD & KINGSTON DR,39.16424,-86.492944
901786548,2020,3,6,700,Weekday,2-Car,No injury/unknown,FOLLOWING TOO CLOSELY,3RD ST & KINGSTON,39.16424,-86.492944
901787154,2020,3,7,1700,Weekend,2-Car,No injury/unknown,UNSAFE BACKING,3RD & KINGSTON DR,39.16424,-86.492944
901818962,2020,5,6,2000,Weekend,2-Car,No injury/unknown,FAILURE TO YIELD RIGHT OF WAY,3RD ST & KINGSTON,39.16424,-86.492944
901796696,2020,3,5,1300,Weekday,3+ Cars,Non-incapacitating,FOLLOWING TOO CLOSELY,3RD ST & KINGSTON,39.16424,-86.492944
901806547,2020,4,5,700,Weekday,2-Car,Non-incapacitating,FAILURE TO YIELD RIGHT OF WAY,E 3RD ST & KINGSTON,39.16424,-86.492944
901807787,2020,4,7,1000,Weekend,Moped/Motorcycle,Non-incapacitating,ROADWAY SURFACE CONDITION,E 3RD ST & KINGSTON,39.16424,-86.492944
901807793,2020,4,7,1000,Weekend,2-Car,No injury/unknown,FOLLOWING TOO CLOSELY,E 3RD ST & KINGSTON,39.16424,-86.492944
901813479,2020,4,3,1300,Weekday,2-Car,No injury/unknown,FAILURE TO YIELD RIGHT OF WAY,E 3RD ST & S KINGSTON,39.16424,-86.492944
901813621,2020,4,3,1600,Weekday,3+ Cars,No injury/unknown,FOLLOWING TOO CLOSELY,E 3RD & S KINGSTON DR,39.16424,-86.492944
901814487,2020,4,4,1500,Weekday,2-Car,No injury/unknown,FOLLOWING TOO CLOSELY,3RD ST & KINGSTON,39.16424,-86.492944
901827459,2020,5,7,1000,Weekend,3+ Cars,Non-incapacitating,FOLLOWING TOO CLOSELY,E 3RD ST & KINGSTON,39.16424,-86.492944
901835891,2020,6,3,700,Weekday,2-Car,Non-incapacitating,FOLLOWING TOO CLOSELY,100 S KIGSTON & E 3RD ST,39.16424,-86.492944
901837225,2020,6,4,1100,Weekday,2-Car,Non-incapacitating,FOLLOWING TOO CLOSELY,E 3RD ST & KINGSTON,39.16424,-86.492944
901839872,2020,6,3,800,Weekday,2-Car,No injury/unknown,FAILURE TO YIELD RIGHT OF WAY,E 3RD ST & S KINGSTON,39.16424,-86.492944
901854754,2020,7,3,1700,Weekday,Moped/Motorcycle,Non-incapacitating,FAILURE TO YIELD RIGHT OF WAY,E 3RD ST & S KINGSTON,39.16424,-86.492944
901856152,2020,7,7,1600,Weekend,2-Car,No injury/unknown,UNSAFE BACKING,E 3RD & S KINGSTON DR,39.16424,-86.492944
901859442,2020,7,6,1400,Weekday,2-Car,Non-incapacitating,FOLLOWING TOO CLOSELY,3RD ST & KINGSTON,39.16424,-86.492944
901866541,2020,8,7,1000,Weekend,2-Car,Non-incapacitating,FOLLOWING TOO CLOSELY,E 3RD & KINGSTON DR,39.16424,-86.492944
901869878,2020,8,6,1100,Weekday,2-Car,No injury/unknown,FAILURE TO YIELD RIGHT OF WAY,E 3RD ST & SO KINGSTON,39.16424,-86.492944
901871599,2020,8,3,800,Weekday,2-Car,No injury/unknown,FAILURE TO YIELD RIGHT OF WAY,E 3RD ST & KINGSTON,39.16424,-86.492944
901897204,2020,10,3,1400,Weekday,3+ Cars,Non-incapacitating,DRIVER DISTRACTED - EXPLAIN IN NARRATIVE,E 3RD ST & KINGSTON,39.16424,-86.492944
901899481,2020,10,6,1800,Weekday,2-Car,No injury/unknown,FAILURE TO YIELD RIGHT OF WAY,E THIRD ST & KINGSTON,39.16424,-86.492944
901906671,2020,10,6,1200,Weekday,2-Car,Non-incapacitating,FAILURE TO YIELD RIGHT OF WAY,EAST THIRD ST & KINGSTON,39.16424,-86.492944
901940212,2020,12,7,1000,Weekend,2-Car,Non-incapacitating,FOLLOWING TOO CLOSELY,3000 E 3RD ST & S KINGSTON,39.16424,-86.492944
901915731,2020,11,6,1800,Weekday,2-Car,No injury/unknown,FAILURE TO YIELD RIGHT OF WAY,E 3RD ST & KINGSTON,39.16424,-86.492944
901931822,2020,12,7,1800,Weekend,3+ Cars,No injury/unknown,FOLLOWING TOO CLOSELY,E 3RD ST & S KINGSTON,39.16424,-86.492944
901776066,2020,2,6,1700,Weekday,2-Car,No injury/unknown,FAILURE TO YIELD RIGHT OF WAY,3RD ST,39.16424,-86.49259396
901756624,2020,1,5,1900,Weekday,2-Car,No injury/unknown,DRIVER DISTRACTED - EXPLAIN IN NARRATIVE,3RD ST & CLARIZZ,39.16424,-86.4908
901772454,2020,2,5,2200,Weekday,2-Car,No injury/unknown,FOLLOWING TOO CLOSELY,S CLARIZZ & SR46E,39.16424,-86.4908
901854323,2020,7,2,2100,Weekday,1-Car,No injury/unknown,OTHER (DRIVER) - EXPLAIN IN NARRATIVE,WEST 3RD ST,39.16424,-86.4908
901907612,2020,10,1,1400,Weekend,2-Car,No injury/unknown,FOLLOWING TOO CLOSELY,E 3RD ST & S CLARIZZ,39.16424,-86.4908
901909634,2020,10,4,800,Weekday,2-Car,No injury/unknown,FOLLOWING TOO CLOSELY,CLARIZZ & SR 46 HWY,39.16424,-86.4908
901918336,2020,11,4,900,Weekday,2-Car,No injury/unknown,FAILURE TO YIELD RIGHT OF WAY,W 3RD ST,39.16424,-86.4908
901798356,2020,3,2,1400,Weekday,2-Car,No injury/unknown,OTHER (VEHICLE) - EXPLAIN IN NARRATIVE,W 3RD ST,39.16424,-86.48595093
901766220,2020,1,1,1300,Weekend,1-Car,No injury/unknown,RAN OFF ROAD RIGHT,E 3RD ST,39.16424,-86.48537741
901822671,2020,5,5,1600,Weekday,3+ Cars,Non-incapacitating,FOLLOWING TOO CLOSELY,3RD ST & MEADOWBROOK,39.16424,-86.484384
901907619,2020,10,1,1300,Weekend,3+ Cars,No injury/unknown,FOLLOWING TOO CLOSELY,3RD ST & MEADOWBROOK,39.16424,-86.484384
901914984,2020,11,5,1800,Weekday,3+ Cars,Non-incapacitating,FOLLOWING TOO CLOSELY,EAST 3RD ST & SOUTH MEADOWBROOK,39.16424,-86.484384
901828129,2020,5,2,1100,Weekday,2-Car,No injury/unknown,BRAKE FAILURE OR DEFECTIVE,W 3RD ST,39.16424,-86.48434743
901811401,2020,4,6,800,Weekday,1-Car,Non-incapacitating,DRIVER ILLNESS,W 3RD ST,39.16424,-86.48346971
901795009,2020,3,6,700,Weekday,2-Car,Non-incapacitating,IMPROPER TURNING,HARTSTRAIT RD & SR46,39.16424,-86.482592
901943266,2020,12,5,1200,Weekday,2-Car,No injury/unknown,UNSAFE BACKING,WEST 3RD ST,39.16424,-86.48244996
901792883,2020,3,4,1800,Weekday,2-Car,No injury/unknown,FOLLOWING TOO CLOSELY,EAST 3RD ST & SMITH,39.16424,-86.480688
901819390,2020,5,1,800,Weekend,Cyclist,Non-incapacitating,FAILURE TO YIELD RIGHT OF WAY,3RD ST & SMITH,39.16424,-86.480688
901808766,2020,4,2,800,Weekday,2-Car,Non-incapacitating,FOLLOWING TOO CLOSELY,E 3RD & SMITH RD,39.16424,-86.480688
901809294,2020,4,2,2200,Weekday,Moped/Motorcycle,No injury/unknown,OTHER (DRIVER) - EXPLAIN IN NARRATIVE,3RD ST,39.16424,-86.480688
901810752,2020,4,5,2200,Weekday,2-Car,Non-incapacitating,DISREGARD SIGNAL/REG SIGN,3RD ST & SMITH,39.16424,-86.480688
901847297,2020,6,3,1200,Weekday,2-Car,No injury/unknown,FAILURE TO YIELD RIGHT OF WAY,SMITHVILLE & SR37N,39.16424,-86.480688
901851385,2020,7,4,1000,Weekday,2-Car,No injury/unknown,UNSAFE BACKING,3RD & N SMITH RD,39.16424,-86.480688
901826332,2020,5,5,1300,Weekday,2-Car,No injury/unknown,FAILURE TO YIELD RIGHT OF WAY,3RD & SMITH RD,39.16424,-86.480688
901845792,2020,6,7,1200,Weekend,2-Car,Non-incapacitating,FOLLOWING TOO CLOSELY,E 3RD & SMITH RD,39.16424,-86.480688
901855433,2020,7,5,1700,Weekday,3+ Cars,No injury/unknown,LEFT OF CENTER,E 3RD ST & SMITH,39.16424,-86.480688
901875300,2020,8,3,1300,Weekday,2-Car,Non-incapacitating,FOLLOWING TOO CLOSELY,E 3RD ST & PRIVATE,39.16424,-86.480688
901876954,2020,8,3,1700,Weekday,2-Car,No injury/unknown,UNSAFE BACKING,E 3RD ST,39.16424,-86.480688
901897669,2020,10,3,1900,Weekday,2-Car,No injury/unknown,SPEED TOO FAST FOR WEATHER CONDITIONS,E 3RD ST & SMITH,39.16424,-86.480688
901912342,2020,10,5,700,Weekday,1-Car,No injury/unknown,ANIMAL/OBJECT IN ROADWAY,SMITHVILLE & SR37S,39.16424,-86.480688
901915724,2020,11,6,1800,Weekday,2-Car,No injury/unknown,FOLLOWING TOO CLOSELY,3RD & SMITH RD,39.16424,-86.480688
901931975,2020,12,1,900,Weekend,2-Car,No injury/unknown,SPEED TOO FAST FOR WEATHER CONDITIONS,E 3RD & SMITH RD,39.16424,-86.480688
901933024,2020,12,2,1300,Weekday,2-Car,No injury/unknown,OTHER (DRIVER) - EXPLAIN IN NARRATIVE,E 3RD ST & S SMITH,39.16424,-86.480688
901936148,2020,12,7,1400,Weekend,2-Car,No injury/unknown,FOLLOWING TOO CLOSELY,SMITHVILLE ROAD RD & SR37,39.16424,-86.480688
901862440,2020,7,5,900,Weekday,2-Car,No injury/unknown,UNSAFE BACKING,W 3RD ST,39.16424,-86.48057698
901803707,2020,4,6,1500,Weekday,2-Car,No injury/unknown,FAILURE TO YIELD RIGHT OF WAY,3RD ST & PARK RIDGE,39.16424,-86.476096
901803807,2020,4,6,1900,Weekend,2-Car,Non-incapacitating,FAILURE TO YIELD RIGHT OF WAY,E 3RD ST & S PARK RIDGE,39.16424,-86.476096
901830924,2020,5,7,1100,Weekend,2-Car,No injury/unknown,IMPROPER LANE USAGE,E 3RD ST & S PARK RIDGE,39.16424,-86.476096
901846176,2020,6,1,1400,Weekend,2-Car,No injury/unknown,FAILURE TO YIELD RIGHT OF WAY,EAST 3RD ST & SOUTH PARK RIDGE,39.16424,-86.476096
901778220,2020,2,3,700,Weekday,Bus,No injury/unknown,OTHER (DRIVER) - EXPLAIN IN NARRATIVE,E 3RD ST,39.16424,-86.47599804
901763226,2020,1,3,1200,Weekday,2-Car,No injury/unknown,IMPROPER LANE USAGE,3RD & SR46E,39.16424,-86.473296
901807416,2020,4,6,1300,Weekday,2-Car,No injury/unknown,IMPROPER PASSING,EAST 3RD & SR46S,39.16424,-86.473296
901822526,2020,5,6,1100,Weekday,2-Car,No injury/unknown,IMPROPER PASSING,3RD & SR46N,39.16424,-86.473296
901847019,2020,6,2,2300,Weekday,2-Car,Non-incapacitating,OTHER (DRIVER) - EXPLAIN IN NARRATIVE,3RD & SR46W,39.16424,-86.473296
901909425,2020,10,3,1800,Weekday,2-Car,No injury/unknown,FAILURE TO YIELD RIGHT OF WAY,3RD & SR46E,39.16424,-86.473296
901911786,2020,10,1,0,Weekend,2-Car,No injury/unknown,FOLLOWING TOO CLOSELY,3RD ST & SR46,39.16424,-86.473296
901762379,2020,1,2,1700,Weekday,2-Car,No injury/unknown,UNSAFE BACKING,E 3RD ST,39.16423861,-86.49522852
901791843,2020,3,2,1800,Weekday,2-Car,No injury/unknown,,E 3RD ST,39.16423861,-86.49522852
901822108,2020,5,5,1800,Weekday,2-Car,No injury/unknown,UNSAFE BACKING,E 3RD ST,39.16423861,-86.49522852
901928021,2020,11,7,1600,Weekend,2-Car,No injury/unknown,UNSAFE BACKING,E 3RD ST,39.16423861,-86.49522852
901786877,2020,3,6,1700,Weekday,2-Car,No injury/unknown,FOLLOWING TOO CLOSELY,3RD ST & PETE ELLIS,39.16423826,-86.49526439
901907288,2020,10,7,1400,Weekend,2-Car,No injury/unknown,UNSAFE BACKING,E 3RD ST,39.16423804,-86.49819233
901920846,2020,11,1,300,Weekend,2-Car,No injury/unknown,UNSAFE BACKING,S GRANT ST,39.16423771,-86.52973159
901857670,2020,7,3,1500,Weekday,2-Car,No injury/unknown,IMPROPER TURNING,E 3RD ST,39.16423733,-86.49811733
901761146,2020,1,6,1800,Weekday,2-Car,No injury/unknown,,E 3RD ST,39.16423674,-86.49805388
901935761,2020,12,6,1200,Weekday,2-Car,No injury/unknown,OTHER (DRIVER) - EXPLAIN IN NARRATIVE,E 3RD ST,39.16423674,-86.49805388
901870842,2020,8,2,1000,Weekday,2-Car,No injury/unknown,FAILURE TO YIELD RIGHT OF WAY,E 3RD ST & PETE ELLIS,39.16423476,-86.49561717
901786214,2020,2,4,1400,Weekday,2-Car,Non-incapacitating,FAILURE TO YIELD RIGHT OF WAY,3RD ST & COLLEGE MALL,39.16423335,-86.49769443
901775219,2020,2,4,1700,Weekday,2-Car,No injury/unknown,UNSAFE BACKING,N STATE RD 46 RD,39.164232,-86.497552
901803931,2020,4,7,1000,Weekend,2-Car,No injury/unknown,FAILURE TO YIELD RIGHT OF WAY,E 3RD ST,39.16422546,-86.49655709
901797856,2020,3,1,2200,Weekday,2-Car,No injury/unknown,UNSAFE BACKING,E 3RD ST,39.16422436,-86.49666727
901857575,2020,7,3,1100,Weekday,2-Car,No injury/unknown,FAILURE TO YIELD RIGHT OF WAY,E 3RD ST,39.16422436,-86.49666727
901915979,2020,11,7,1200,Weekend,2-Car,No injury/unknown,OTHER (DRIVER) - EXPLAIN IN NARRATIVE,3RD ST,39.1642233,-86.50477454
901939831,2020,12,6,1200,Weekday,2-Car,No injury/unknown,OTHER (DRIVER) - EXPLAIN IN NARRATIVE,3RD & SR46E,39.16422272,-86.47916412