Master Record Number,Year,Month,Day,Hour,Weekend,Collision Type,Injury Type,Primary Factor,Reported_Location,Latitude,Longitude
901947885,2020,12,5,1400,Weekday,2-Car,No injury/unknown,FOLLOWING TOO CLOSELY,3RD & SR37S,39.16422272,-86.47916412
901784703,2020,2,6,2000,Weekend,2-Car,Non-incapacitating,FOLLOWING TOO CLOSELY,E 3RD ST & WILLIAMSBURG,39.16421995,-86.4965862
901772791,2020,2,6,900,Weekday,2-Car,No injury/unknown,FAILURE TO YIELD RIGHT OF WAY,E 3RD ST & WILLIAMSBURG,39.16421995,-86.49657972
901810323,2020,4,4,800,Weekday,2-Car,No injury/unknown,FAILURE TO YIELD RIGHT OF WAY,E THIRD ST & WILLIAMSBURG,39.16421995,-86.49657972
901838074,2020,6,6,1400,Weekday,2-Car,No injury/unknown,FAILURE TO YIELD RIGHT OF WAY,E 3RD ST & S WILLIAMSBURG,39.16421995,-86.49657972
901875958,2020,8,4,1800,Weekday,2-Car,No injury/unknown,FAILURE TO YIELD RIGHT OF WAY,E 3RD ST & S WILLIAMSBURG,39.16421995,-86.49657972
901895677,2020,9,6,2000,Weekend,2-Car,No injury/unknown,FAILURE TO YIELD RIGHT OF WAY,3RD ST & WILLIAMSBURG,39.16421995,-86.49657972
901776537,2020,2,7,1200,Weekend,2-Car,No injury/unknown,FOLLOWING TOO CLOSELY,3RD ST & WILLIAMSBURG,39.16421995,-86.49657626
901871449,2020,8,2,2300,Weekday,2-Car,No injury/unknown,UNSAFE BACKING,3RD ST,39.1642186,-86.50438696
901835329,2020,6,2,1100,Weekday,2-Car,No injury/unknown,FAILURE TO YIELD RIGHT OF WAY,2813 E 3RD & WILLIAMSBURG DR,39.1642155,-86.49657913
901861640,2020,7,4,1100,Weekday,1-Car,No injury/unknown,OTHER (DRIVER) - EXPLAIN IN NARRATIVE,E THIRD ST,39.1642119,-86.5220949
901755111,2020,1,3,1400,Weekday,2-Car,No injury/unknown,FAILURE TO YIELD RIGHT OF WAY,3RD ST & PETE ELLIS,39.16420989,-86.49495966
901853149,2020,7,1,1600,Weekend,Moped/Motorcycle,Non-incapacitating,FOLLOWING TOO CLOSELY,3RD ST & PETE ELLIS,39.16420989,-86.49495966
901835552,2020,6,2,1600,Weekday,2-Car,No injury/unknown,FAILURE TO YIELD RIGHT OF WAY,3RD ST & KINGSTON,39.16420989,-86.49303987
901873515,2020,8,6,1600,Weekday,2-Car,No injury/unknown,DISREGARD SIGNAL/REG SIGN,3RD & KINGSTON DR,39.16420989,-86.49303987
901932169,2020,11,6,1600,Weekday,2-Car,No injury/unknown,FAILURE TO YIELD RIGHT OF WAY,3RD & KINGSTON DR,39.16420989,-86.49303987
901903856,2020,10,1,2000,Weekday,2-Car,No injury/unknown,FOLLOWING TOO CLOSELY,E 3RD ST & KINGSTON,39.16420989,-86.49303122
901845079,2020,6,6,0,Weekday,1-Car,Incapacitating,RAN OFF ROAD RIGHT,3RD ST & REISNER,39.16420989,-86.48803892
901830882,2020,5,7,900,Weekend,2-Car,No injury/unknown,FAILURE TO YIELD RIGHT OF WAY,REISNER & SR46E,39.16420989,-86.48799135
901850391,2020,7,2,1300,Weekday,Cyclist,Non-incapacitating,FAILURE TO YIELD RIGHT OF WAY,3RD & SMITH RD,39.16420989,-86.48122005
901776854,2020,2,7,1000,Weekend,2-Car,No injury/unknown,SPEED TOO FAST FOR WEATHER CONDITIONS,KINGSTON & SR46,39.16419987,-86.49304909
901798313,2020,3,2,1700,Weekday,2-Car,No injury/unknown,FOLLOWING TOO CLOSELY,2ND & COLLEGE AVE,39.16418648,-86.53482028
901920791,2020,11,6,2300,Weekend,2-Car,No injury/unknown,DISREGARD SIGNAL/REG SIGN,8 & INDIANA AVE,39.164184,-86.526915
901920023,2020,11,6,1300,Weekday,2-Car,No injury/unknown,FAILURE TO YIELD RIGHT OF WAY,E THIRD ST,39.16417837,-86.49679496
901781811,2020,2,3,1500,Weekday,2-Car,No injury/unknown,,E THIRD ST,39.164171,-86.4956282
901907247,2020,10,6,1800,Weekday,1-Car,No injury/unknown,OTHER (DRIVER) - EXPLAIN IN NARRATIVE,3RD & ROGERS ST,39.16417069,-86.538592
901883396,2020,8,6,1200,Weekday,2-Car,No injury/unknown,FAILURE TO YIELD RIGHT OF WAY,EAST THIRD ST,39.16416831,-86.49533383
901920642,2020,11,1,1700,Weekend,2-Car,No injury/unknown,IMPROPER TURNING,THIRD ST,39.16416496,-86.49338722
901943989,2020,12,6,600,Weekday,1-Car,No injury/unknown,OVERCORRECTING/OVERSTEERING,BLOOMFIELD & SR37N,39.16415523,-86.5715332
901939660,2020,12,5,1200,Weekday,2-Car,Non-incapacitating,UNSAFE BACKING,3RD & COLLEGE MALL RD,39.16410464,-86.49837029
901878773,2020,8,2,1200,Weekday,2-Car,No injury/unknown,UNSAFE BACKING,S FESS AVE,39.16406237,-86.52593381
901940564,2020,12,7,1200,Weekend,2-Car,No injury/unknown,OTHER (DRIVER) - EXPLAIN IN NARRATIVE,EAST THIRD ST,39.16398239,-86.51751708
901783049,2020,2,5,1200,Weekday,2-Car,No injury/unknown,OTHER (DRIVER) - EXPLAIN IN NARRATIVE,S WALNUT ST,39.16394514,-86.5336
901902814,2020,10,7,1200,Weekend,2-Car,No injury/unknown,,SOUTH MADISON ST,39.1639061,-86.53722381
901946777,2020,12,4,0,Weekday,2-Car,No injury/unknown,OTHER (ENVIRONMENTAL) - EXPLAIN IN NARR,S COLLEGE MALL RD,39.16387595,-86.49826213
901780572,2020,2,6,300,Weekday,1-Car,No injury/unknown,ANIMAL/OBJECT IN ROADWAY,CAVE & SR48W,39.16375183,-86.63254693
901813099,2020,4,2,1500,Weekday,3+ Cars,Non-incapacitating,DRIVER DISTRACTED - EXPLAIN IN NARRATIVE,PROSPECT & ROGERS ST,39.16372977,-86.53866022
901879119,2020,8,7,1400,Weekend,1-Car,No injury/unknown,RAN OFF ROAD RIGHT,GARRISON CHAPEL & SR48E,39.16368859,-86.64281076
901876043,2020,8,4,2200,Weekday,2-Car,No injury/unknown,UNSAFE LANE MOVEMENT,10TH & CAMPBELL DR,39.16365774,-86.51394031
901831365,2020,5,1,1200,Weekend,1-Car,Incapacitating,RAN OFF ROAD RIGHT,SR37S & W 3RD,39.16365347,-86.57311806
901889674,2020,9,3,1600,Weekday,3+ Cars,Non-incapacitating,FOLLOWING TOO CLOSELY,ATWATER & JORDAN AVE,39.16364648,-86.51640498
901838428,2020,6,6,2200,Weekend,1-Car,No injury/unknown,ANIMAL/OBJECT IN ROADWAY,GARRISON CHAPPEL & SR48W,39.16363992,-86.64993202
901824781,2020,2,3,100,Weekday,1-Car,No injury/unknown,ANIMAL/OBJECT IN ROADWAY,GARRISON CHAPLE & SR48W,39.16363992,-86.64985404
901789641,2020,3,2,1000,Weekday,1-Car,No injury/unknown,CELL PHONE USAGE,GARRISON CHAPEL & SR48W,39.16363992,-86.64960275
901882814,2020,9,3,1200,Weekday,3+ Cars,No injury/unknown,FOLLOWING TOO CLOSELY,3000 W 3RD ST & RAMP12,39.16362,-86.49514
901808387,2020,4,1,1700,Weekend,Moped/Motorcycle,No injury/unknown,FOLLOWING TOO CLOSELY,BENDER & SR46E,39.1636198,-86.43828952
901765554,2020,1,6,2000,Weekend,2-Car,No injury/unknown,ROADWAY SURFACE CONDITION,BENDER & SR46E,39.1636198,-86.43815986
901809626,2020,4,3,1800,Weekday,1-Car,No injury/unknown,RAN OFF ROAD RIGHT,BENDER & SR46E,39.16361443,-86.4397635
901850349,2020,7,2,1300,Weekday,2-Car,No injury/unknown,UNSAFE BACKING,S SWAIN AVE,39.16360237,-86.51532769
901804199,2020,4,1,900,Weekend,Pedestrian,Non-incapacitating,OTHER (DRIVER) - EXPLAIN IN NARRATIVE,SARE RD & SOUTHERN OAKS,39.1635767,-86.5004602
901887253,2020,9,5,1600,Weekday,3+ Cars,No injury/unknown,FAILURE TO YIELD RIGHT OF WAY,7TH & JORDAN AVE,39.16356231,-86.51615984
901790964,2020,3,2,600,Weekday,Bus,No injury/unknown,UNSAFE BACKING,S VILLAGE CT & W BELLE,39.163552,-86.583792
901769788,2020,1,7,1900,Weekend,2-Car,Incapacitating,ANIMAL/OBJECT IN ROADWAY,CAVE & SR48W,39.16345193,-86.63082546
901923804,2020,11,6,400,Weekday,1-Car,No injury/unknown,ANIMAL/OBJECT IN ROADWAY,CAVE & SR48W,39.16345193,-86.63082546
901758307,2020,1,2,1300,Weekday,2-Car,Non-incapacitating,FAILURE TO YIELD RIGHT OF WAY,3RD & PATTERSON ST,39.16344009,-86.551293
901791889,2020,3,2,2000,Weekday,2-Car,No injury/unknown,FAILURE TO YIELD RIGHT OF WAY,PATTERSON & W THIRD ST,39.16344009,-86.55128002
901819419,2020,5,1,1000,Weekend,Moped/Motorcycle,No injury/unknown,UNSAFE LANE MOVEMENT,3RD ST & PATTERSON,39.16344009,-86.55128002
901807140,2020,4,6,800,Weekday,Pedestrian,Non-incapacitating,FAILURE TO YIELD RIGHT OF WAY,3RD ST & PATTERSON,39.16344009,-86.55128002
901837079,2020,6,4,1300,Weekday,3+ Cars,No injury/unknown,FOLLOWING TOO CLOSELY,PATTERSON & W THIRD ST,39.16344009,-86.55128002
901882480,2020,9,3,1300,Weekday,2-Car,Incapacitating,OTHER (DRIVER) - EXPLAIN IN NARRATIVE,S PATTERSON & W 3RD ST,39.16344009,-86.55128002
901885215,2020,9,2,900,Weekday,Cyclist,No injury/unknown,OTHER (DRIVER) - EXPLAIN IN NARRATIVE,3RD ST & PATTERSON,39.16344009,-86.55128002
901886073,2020,9,3,1500,Weekday,Moped/Motorcycle,Non-incapacitating,FAILURE TO YIELD RIGHT OF WAY,3RD & PATTERSON DR,39.16344009,-86.55128002
901893754,2020,9,3,1200,Weekday,2-Car,Non-incapacitating,FOLLOWING TOO CLOSELY,3RD ST & PATTERSON,39.16344009,-86.55128002
901903111,2020,10,6,1700,Weekday,2-Car,No injury/unknown,UNSAFE LANE MOVEMENT,3RD ST & PATTERSON,39.16344009,-86.55128002
901931187,2020,11,6,1100,Weekday,2-Car,Non-incapacitating,FOLLOWING TOO CLOSELY,PATTERSON & W 3RD ST,39.16344009,-86.55128002
901905482,2020,10,4,1200,Weekday,2-Car,No injury/unknown,FOLLOWING TOO CLOSELY,PATTERSON & W 3RD ST,39.16344009,-86.55126271
901880960,2020,9,7,1300,Weekend,1-Car,No injury/unknown,UNSAFE BACKING,PARKWAY DR,39.16344,-86.5888
901868159,2020,8,2,2100,Weekday,Moped/Motorcycle,Non-incapacitating,RAN OFF ROAD RIGHT,BELL AVE & HICKORY,39.16344,-86.58584
901936228,2020,12,1,1000,Weekend,2-Car,No injury/unknown,IMPROPER TURNING,BELLE & HICKORY DR,39.16344,-86.58584
901877129,2020,8,6,1300,Weekday,2-Car,No injury/unknown,FAILURE TO YIELD RIGHT OF WAY,CLARIZZ BLVD & WILMINGTON,39.16343004,-86.49082973
901781933,2020,2,3,1800,Weekday,2-Car,Non-incapacitating,FAILURE TO YIELD RIGHT OF WAY,ATWATER AVE & HENDERSON,39.163344,-86.5272
901792914,2020,3,4,1400,Weekday,2-Car,No injury/unknown,UNSAFE LANE MOVEMENT,E ATWATER AVE & S HENDERSON,39.163344,-86.5272
901901873,2020,10,4,1500,Weekday,2-Car,Non-incapacitating,DISREGARD SIGNAL/REG SIGN,E ATWATER AVE & HENDERSON,39.163344,-86.5272
901823563,2020,5,7,800,Weekend,2-Car,No injury/unknown,FAILURE TO YIELD RIGHT OF WAY,ATWATER AVE & FESS,39.163328,-86.525808
901825868,2020,5,4,2200,Weekday,2-Car,No injury/unknown,IMPROPER TURNING,E ATWATER AVE & FESS,39.163328,-86.525808
901784702,2020,2,2,1400,Weekday,2-Car,No injury/unknown,FOLLOWING TOO CLOSELY,E ATWATER AVE & S WOODLAWN,39.16328,-86.522592
901930715,2020,11,5,1400,Weekday,2-Car,No injury/unknown,UNSAFE LANE MOVEMENT,7TH & WALNUT ST,39.16326195,-86.53359018
901795465,2020,3,3,800,Weekday,1-Car,Non-incapacitating,OTHER (DRIVER) - EXPLAIN IN NARRATIVE,COLLEGE AVE & SMITH,39.16321865,-86.53482941
901790273,2020,3,7,1100,Weekend,3+ Cars,No injury/unknown,UNSAFE LANE MOVEMENT,ATWATER AVE & BALLANTINE,39.163216,-86.519024
901938707,2020,12,4,1400,Weekday,2-Car,No injury/unknown,FAILURE TO YIELD RIGHT OF WAY,E ATWATER AVE & S BALLANTINE,39.163216,-86.519024
901935962,2020,12,5,2100,Weekday,1-Car,No injury/unknown,ANIMAL/OBJECT IN ROADWAY,CAVE & SR48W,39.16320326,-86.62875739
901769544,2020,1,7,700,Weekend,1-Car,No injury/unknown,,ATWATER AVE & HIGHLAND,39.1632,-86.517584
901812374,2020,4,1,1900,Weekday,Moped/Motorcycle,No injury/unknown,OTHER (DRIVER) - EXPLAIN IN NARRATIVE,ATWATER AVE & HIGHLAND,39.1632,-86.517584
901913555,2020,10,3,1700,Weekday,2-Car,Non-incapacitating,FAILURE TO YIELD RIGHT OF WAY,E ATWATER AVE & S HIGHLAND,39.1632,-86.517584
901768240,2020,1,6,2000,Weekend,1-Car,Non-incapacitating,OTHER (ENVIRONMENTAL) - EXPLAIN IN NARR,CAVE & SR48W,39.16319044,-86.62884404
901838186,2020,6,6,1900,Weekend,2-Car,Non-incapacitating,DISREGARD SIGNAL/REG SIGN,E ATWATER AVE & S JORDAN,39.163168,-86.516384
901927003,2020,11,4,1900,Weekday,2-Car,Non-incapacitating,DISREGARD SIGNAL/REG SIGN,EAST ATWATER AVE & JORDAN,39.163168,-86.516384
901792146,2020,3,3,1200,Weekday,2-Car,No injury/unknown,UNSAFE BACKING,E ATWATER AVE,39.16315913,-86.52214653
901810904,2020,4,4,2000,Weekday,2-Car,No injury/unknown,OTHER (DRIVER) - EXPLAIN IN NARRATIVE,EAST ATWATER AVE,39.16315913,-86.52214653
901887181,2020,9,5,1500,Weekday,2-Car,No injury/unknown,UNSAFE BACKING,E ATWATER AVE,39.16315913,-86.52214653
901822251,2020,5,3,1400,Weekday,2-Car,Incapacitating,FOLLOWING TOO CLOSELY,CAVE & SR48W,39.163152,-86.629104
901818272,2020,5,5,1400,Weekday,2-Car,No injury/unknown,FAILURE TO YIELD RIGHT OF WAY,ATWATER AVE & SWAIN,39.163152,-86.515168
901836697,2020,6,4,900,Weekday,1-Car,Non-incapacitating,ROADWAY SURFACE CONDITION,SOUTH CAVE & SR48W,39.16314974,-86.62921642
901790221,2020,3,6,900,Weekday,3+ Cars,No injury/unknown,OTHER (DRIVER) - EXPLAIN IN NARRATIVE,LANDMARK  AVE AVE,39.1631484,-86.55621595
901765822,2020,1,6,1300,Weekday,Bus,No injury/unknown,UNSAFE LANE MOVEMENT,ATWATER AVE & MITCHELL,39.16314127,-86.51444874
901776313,2020,2,7,0,Weekend,1-Car,No injury/unknown,RAN OFF ROAD RIGHT,ATWATER ST & HENDERSON,39.16313969,-86.52727022
901837948,2020,6,6,900,Weekday,2-Car,Non-incapacitating,OTHER (DRIVER) - EXPLAIN IN NARRATIVE,ATWATER AVE & HENDERSON,39.16313969,-86.52727022
901854166,2020,7,3,900,Weekday,2-Car,Non-incapacitating,DISREGARD SIGNAL/REG SIGN,ATWATER AVE & HENDERSON,39.16313969,-86.52727022
901858721,2020,7,5,1600,Weekday,2-Car,No injury/unknown,DISREGARD SIGNAL/REG SIGN,E ATWATER AVE & S HENDERSON,39.16313969,-86.52727022
901916025,2020,11,7,1400,Weekend,2-Car,Incapacitating,FAILURE TO YIELD RIGHT OF WAY,ATWATER AVE & HENDERSON,39.16313969,-86.52727022
901855032,2020,7,5,300,Weekday,2-Car,Non-incapacitating,FOLLOWING TOO CLOSELY,E ATWATER & S HENDERSON ST,39.16313803,-86.52726846
901922553,2020,11,2,100,Weekday,2-Car,No injury/unknown,OTHER (DRIVER) - EXPLAIN IN NARRATIVE,WALKER ST,39.163136,-86.546224
901874019,2020,8,1,1000,Weekend,2-Car,No injury/unknown,DISREGARD SIGNAL/REG SIGN,E ATWATER ST & SO MITCHELL,39.163136,-86.514096
901771359,2020,1,3,1100,Weekday,2-Car,No injury/unknown,UNSAFE BACKING,925 EAST ATWATER (PARK GARAGE) AVE & WOODLAWN,39.16312164,-86.52262999
901899022,2020,10,6,1100,Weekday,3+ Cars,No injury/unknown,UNSAFE SPEED,ATWATER AVE & FESS,39.16312024,-86.52590721
901895695,2020,9,7,1700,Weekend,3+ Cars,No injury/unknown,FOLLOWING TOO CLOSELY,ATWATER AVE & FESS,39.16312024,-86.52590245
901895696,2020,9,7,1700,Weekend,2-Car,No injury/unknown,FOLLOWING TOO CLOSELY,ATWATER AVE & FESS,39.16312024,-86.52590245
901845495,2020,6,6,1400,Weekday,2-Car,Non-incapacitating,FAILURE TO YIELD RIGHT OF WAY,ATWATER ST & FESS,39.16312024,-86.52590028
901873914,2020,8,7,2300,Weekend,2-Car,No injury/unknown,FAILURE TO YIELD RIGHT OF WAY,ATWATER & FESS ST,39.16312024,-86.52590028
901889500,2020,8,3,1000,Weekday,3+ Cars,No injury/unknown,FOLLOWING TOO CLOSELY,ATWATER AVE & WOODLAWN,39.16312024,-86.52261994
901896711,2020,10,2,1800,Weekday,2-Car,No injury/unknown,FOLLOWING TOO CLOSELY,ATWATER AVE & WOODLAWN,39.16312024,-86.52261994
901913756,2020,10,1,100,Weekend,2-Car,Non-incapacitating,FAILURE TO YIELD RIGHT OF WAY,ATWATER AVE & WOODLAWN,39.16312024,-86.52261994
901921743,2020,11,3,900,Weekday,2-Car,No injury/unknown,FOLLOWING TOO CLOSELY,ATWATER AVE & PARK,39.16311791,-86.52403493
901779201,2020,2,4,1600,Weekday,2-Car,No injury/unknown,SPEED TOO FAST FOR WEATHER CONDITIONS,ATWATER AVE & PARK,39.16311018,-86.52403011
901924184,2020,11,6,1400,Weekday,3+ Cars,Non-incapacitating,FOLLOWING TOO CLOSELY,ATWATER AVE & FACULTY,39.16310012,-86.52106456
901785245,2020,2,3,1000,Weekday,Moped/Motorcycle,Incapacitating,IMPROPER TURNING,ATWATER AVE & HAWTHORNE,39.16309007,-86.52020998
901799087,2020,3,5,1200,Weekday,2-Car,No injury/unknown,FAILURE TO YIELD RIGHT OF WAY,ATWATER AVE & HAWTHORNE,39.16309007,-86.52020998
901834928,2020,6,1,1800,Weekend,2-Car,No injury/unknown,FAILURE TO YIELD RIGHT OF WAY,ATWATER AVE & HAWTHORNE,39.16309007,-86.52020998
901903303,2020,10,7,1000,Weekend,2-Car,No injury/unknown,FAILURE TO YIELD RIGHT OF WAY,E ATWATER AVE & S HAWTHORNE,39.16309007,-86.52020998
901930306,2020,11,4,1900,Weekday,2-Car,No injury/unknown,UNSAFE LANE MOVEMENT,ATWATER AVE & HAWTHORNE,39.16309007,-86.52020998
901905052,2020,10,3,1300,Weekday,2-Car,Non-incapacitating,FAILURE TO YIELD RIGHT OF WAY,ATWATER AVE & CLIFTON,39.16309007,-86.5096803
901787835,2020,3,2,300,Weekday,1-Car,No injury/unknown,ANIMAL/OBJECT IN ROADWAY,ATWATER AVE & ROSE,39.1630837,-86.51055924
901757582,2020,1,1,1600,Weekend,2-Car,No injury/unknown,IMPROPER TURNING,ATWATER AVE & SWAIN,39.16308001,-86.51527002
901943474,2020,12,5,1800,Weekday,1-Car,No injury/unknown,RAN OFF ROAD RIGHT,ATWATER & SWAIN AVE,39.16308001,-86.51527002
901757638,2020,1,1,1500,Weekend,2-Car,No injury/unknown,FAILURE TO YIELD RIGHT OF WAY,ATWATER AVE & HIGH,39.16308001,-86.50846995
901887218,2020,9,5,1700,Weekday,Bus,No injury/unknown,OVERCORRECTING/OVERSTEERING,ATWATER AVE & JORDAN,39.16307054,-86.51639895
901786463,2020,3,5,2200,Weekday,2-Car,No injury/unknown,IMPROPER TURNING,E ATWATER AVE & S BALLANTINE,39.16306014,-86.51913137
901758824,2020,1,3,1800,Weekday,2-Car,No injury/unknown,FAILURE TO YIELD RIGHT OF WAY,ATWATER AVE & HIGHLAND,39.16305989,-86.51773028
901806169,2020,4,4,1800,Weekday,2-Car,No injury/unknown,DISREGARD SIGNAL/REG SIGN,ATWATER AVE & JORDAN AVE,39.16304983,-86.51638984
901833006,2020,5,3,1900,Weekday,Cyclist,Non-incapacitating,BRAKE FAILURE OR DEFECTIVE,ATWATER AVE & JORDAN,39.16304983,-86.51638984
901844806,2020,6,5,1400,Weekday,2-Car,No injury/unknown,IMPROPER TURNING,ATWATER AVE & JORDAN,39.16304983,-86.51638984
901855704,2020,7,5,1500,Weekday,2-Car,Non-incapacitating,DRIVER DISTRACTED - EXPLAIN IN NARRATIVE,ATWATER & S HIGH ST,39.16304,-86.508288
901823454,2020,5,1,1400,Weekend,2-Car,Non-incapacitating,FOLLOWING TOO CLOSELY,COLLEGE MALL RD & DRIVE TO COLLEGE MALL,39.16303569,-86.498065
901890891,2020,9,5,1600,Weekday,2-Car,Non-incapacitating,OTHER (DRIVER) - EXPLAIN IN NARRATIVE,ATWATER & JORDAN AVE,39.16303068,-86.51638163
901927205,2020,11,5,600,Weekday,1-Car,Incapacitating,OVERCORRECTING/OVERSTEERING,GETTEYS & SR46E,39.16301027,-86.41432727
901932074,2020,11,5,1800,Weekday,1-Car,No injury/unknown,ANIMAL/OBJECT IN ROADWAY,MOUNT GILEAD & SR46,39.16297065,-86.41444359
901780856,2020,2,7,2200,Weekend,1-Car,Non-incapacitating,RAN OFF ROAD RIGHT,HAGAN & SMITH RD,39.16294992,-86.48080028
901755681,2020,1,4,1100,Weekday,2-Car,No injury/unknown,IMPROPER TURNING,S COLLEGE AVE & W SMITH,39.162944,-86.534832
901819820,2020,5,1,1200,Weekend,2-Car,No injury/unknown,IMPROPER TURNING,COLLEGE AVE & SMITH,39.162944,-86.534832
901796001,2020,3,4,1300,Weekday,2-Car,No injury/unknown,UNSAFE BACKING,400 S COLLEGE AVE AVE,39.162944,-86.534832
901902813,2020,10,5,1200,Weekday,2-Car,No injury/unknown,IMPROPER TURNING,COLLEGE AVE & SMITH,39.162944,-86.534832
901794105,2020,3,6,1700,Weekday,Cyclist,No injury/unknown,UNSAFE BACKING,SMITH AVE & WALNUT,39.16287501,-86.53395109
901809097,2020,4,2,1600,Weekday,2-Car,No injury/unknown,FAILURE TO YIELD RIGHT OF WAY,ROGERS ST & SMITH,39.16287012,-86.53867028
901957683,2020,10,6,2100,Weekend,2-Car,No injury/unknown,UNSAFE BACKING,COLLEGE & SMITH AVE,39.16285001,-86.53494
901797746,2020,3,1,1600,Weekend,2-Car,Non-incapacitating,FAILURE TO YIELD RIGHT OF WAY,SMITH AVE & WALNUT,39.162848,-86.53218878
901817048,2020,5,3,1300,Weekday,2-Car,No injury/unknown,FAILURE TO YIELD RIGHT OF WAY,E SMITH & WALNUT ST,39.162848,-86.5336
901826697,2020,5,6,1600,Weekday,Cyclist,Non-incapacitating,FAILURE TO YIELD RIGHT OF WAY,SMITH & WASHINGTON ST,39.162848,-86.5324
901767302,2020,1,7,2000,Weekend,2-Car,No injury/unknown,ROADWAY SURFACE CONDITION,DUNN & SMITH AVE,39.162848,-86.52945841
901767303,2020,1,1,800,Weekend,2-Car,No injury/unknown,ROADWAY SURFACE CONDITION,DUNN & SMITH AVE,39.162848,-86.52945841
901860614,2020,7,2,1900,Weekday,2-Car,Non-incapacitating,DISREGARD SIGNAL/REG SIGN,DUNN ST & SMITH,39.162848,-86.5284
901765969,2020,1,7,1400,Weekend,1-Car,No injury/unknown,SPEED TOO FAST FOR WEATHER CONDITIONS,S HENDERSON ST,39.162848,-86.527184
901913102,2020,10,3,1000,Weekday,2-Car,No injury/unknown,IMPROPER TURNING,S HENDERSON ST & SMITH,39.162848,-86.527184
901896784,2020,10,2,2200,Weekday,2-Car,No injury/unknown,UNSAFE BACKING,JORDAN & LAW AVE,39.16283304,-86.51543967
901816394,2020,4,2,1700,Weekday,2-Car,No injury/unknown,FAILURE TO YIELD RIGHT OF WAY,LINCOLN ST & SMITH,39.16282989,-86.53117015
901828734,2020,5,3,1100,Weekday,Cyclist,Non-incapacitating,FAILURE TO YIELD RIGHT OF WAY,E SMITH AVE & SO DUNN,39.16280611,-86.52841933
901885510,2020,9,2,2100,Weekday,3+ Cars,No injury/unknown,OTHER (VEHICLE) - EXPLAIN IN NARRATIVE,S LINCOLN ST,39.1627618,-86.53104098
901912069,2020,10,7,2300,Weekend,2-Car,No injury/unknown,,ATWATER & EASTSIDE DR,39.16273681,-86.51322057
901909495,2020,10,3,2200,Weekday,1-Car,Non-incapacitating,UNSAFE SPEED,PARKRIDGE RD,39.16273117,-86.47593688
901858313,2020,7,3,2200,Weekday,1-Car,No injury/unknown,ANIMAL/OBJECT IN ROADWAY,N LOWER BIRDLE GALYAN & SR46E,39.16268975,-86.4133501
901813711,2020,4,3,2100,Weekday,2-Car,Non-incapacitating,FAILURE TO YIELD RIGHT OF WAY,WALNUT ST,39.16267559,-86.5336
901860707,2020,7,2,2300,Weekday,1-Car,No injury/unknown,RAN OFF ROAD RIGHT,SOUTH ADAMS ST & SOUTH PATTERSON,39.16267307,-86.55049987
901760409,2020,1,5,1200,Weekday,2-Car,No injury/unknown,FOLLOWING TOO CLOSELY,S ADAMS & S PATTERSON DR,39.16267307,-86.55049554
901761654,2020,1,1,1200,Weekend,2-Car,No injury/unknown,IMPROPER LANE USAGE,COLLEGE AVE & SMITH,39.16266935,-86.53483492
901816091,2020,4,2,900,Weekday,1-Car,Non-incapacitating,RAN OFF ROAD RIGHT,LANDMARD AVE,39.16266024,-86.55622668
901789983,2020,3,5,2100,Weekday,2-Car,No injury/unknown,IMPROPER PASSING,BIRDIE GALYAN & SR46E,39.162656,-86.413296
901830911,2020,5,7,1300,Weekend,2-Car,No injury/unknown,OTHER (VEHICLE) - EXPLAIN IN NARRATIVE,PARKRIDGE RD,39.16262671,-86.47631965
901897998,2020,10,3,1400,Weekday,2-Car,No injury/unknown,OTHER (DRIVER) - EXPLAIN IN NARRATIVE,S WOODSCREST DR,39.16260391,-86.50247789
901915588,2020,11,6,1400,Weekday,2-Car,No injury/unknown,,SOUTH WALNUT ST,39.16258939,-86.5336
901766363,2020,1,1,0,Weekend,2-Car,No injury/unknown,ROADWAY SURFACE CONDITION,S GRANT ST,39.16256065,-86.52974727
901934510,2020,12,1,2100,Weekday,2-Car,No injury/unknown,OTHER (DRIVER) - EXPLAIN IN NARRATIVE,PARK RIDGE RD RD,39.16255295,-86.47619962
901789864,2020,3,5,1400,Weekday,2-Car,No injury/unknown,FOLLOWING TOO CLOSELY,AMARYLLIS & KINSER PIKE,39.16248064,-86.53776973
901818808,2020,5,6,0,Weekday,2-Car,No injury/unknown,UNSAFE BACKING,S WASHINGTON ST,39.16244571,-86.5324
901818832,2020,5,6,1500,Weekday,2-Car,No injury/unknown,UNSAFE BACKING,S WASHINGTON ST,39.16244571,-86.5324
901848550,2020,6,5,1500,Weekday,3+ Cars,No injury/unknown,FOLLOWING TOO CLOSELY,S ROGERS ST & W HOWE,39.1624,-86.538592
901860575,2020,7,2,1600,Weekday,2-Car,No injury/unknown,FOLLOWING TOO CLOSELY,S ROGERS ST & W HOWE,39.1624,-86.538592
901852419,2020,7,6,800,Weekday,2-Car,No injury/unknown,OTHER (DRIVER) - EXPLAIN IN NARRATIVE,S HENDERSON ST,39.162392,-86.527172
901917647,2020,11,3,1000,Weekday,1-Car,No injury/unknown,RAN OFF ROAD RIGHT,S LANDMARK AVE,39.16237861,-86.5559256