Master Record Number,Year,Month,Day,Hour,Weekend,Collision Type,Injury Type,Primary Factor,Reported_Location,Latitude,Longitude
901929705,2020,11,3,1600,Weekday,2-Car,No injury/unknown,UNSAFE LANE MOVEMENT,6TH & COLLEGE AVE,39.1622824,-86.5348602
901799035,2020,3,4,1200,Weekday,2-Car,No injury/unknown,UNSAFE BACKING,S LANDMARK AVE,39.16228071,-86.55596919
901811719,2020,4,6,1400,Weekday,2-Car,No injury/unknown,UNSAFE BACKING,S LANDMARK AVE,39.16228071,-86.55596919
901895413,2020,9,6,2000,Weekend,2-Car,No injury/unknown,FAILURE TO YIELD RIGHT OF WAY,S HENDERSON ST,39.16226959,-86.52758026
901886500,2020,9,3,2000,Weekday,2-Car,No injury/unknown,IMPROPER TURNING,HENDERSON ST & HUNTER,39.16225992,-86.52724005
901932503,2020,12,2,1000,Weekday,2-Car,No injury/unknown,FOLLOWING TOO CLOSELY,E MULLER PKWY,39.162254,-86.589249
901818603,2020,5,6,1000,Weekday,2-Car,Non-incapacitating,FAILURE TO YIELD RIGHT OF WAY,HUNTER AVE & PARK,39.16224,-86.5237034
901816487,2020,4,2,1700,Weekday,2-Car,Non-incapacitating,FAILURE TO YIELD RIGHT OF WAY,FESS AVE & HUNTER,39.16224,-86.525824
901801404,2020,4,2,800,Weekday,2-Car,No injury/unknown,FAILURE TO YIELD RIGHT OF WAY,HUNTER & WOODLAWN AVE,39.16224,-86.522576
901915186,2020,11,6,800,Weekday,2-Car,No injury/unknown,FAILURE TO YIELD RIGHT OF WAY,HAWTHORNE DR & HUNTER,39.16224,-86.52016
901799824,2020,3,5,1500,Weekday,2-Car,No injury/unknown,FAILURE TO YIELD RIGHT OF WAY,HIGHLAND AVE & HUNTER,39.16224,-86.5176
901834805,2020,4,1,1200,Weekend,2-Car,No injury/unknown,,E HUNTER & S HIGHLAND AVE,39.16224,-86.5176
901803937,2020,4,7,1200,Weekend,2-Car,No injury/unknown,FAILURE TO YIELD RIGHT OF WAY,E HUNTER AVE & SO JORDAN,39.16224,-86.516368
901811815,2020,4,6,1800,Weekday,2-Car,No injury/unknown,FAILURE TO YIELD RIGHT OF WAY,HUNTER AVE & JORDAN,39.16224,-86.516368
901948251,2020,12,5,1300,Weekday,2-Car,No injury/unknown,OTHER (DRIVER) - EXPLAIN IN NARRATIVE,HUNTER & WOODLAWN AVE,39.16222595,-86.52261675
901930887,2020,11,5,1100,Weekday,2-Car,No injury/unknown,OTHER LIGHTS DEFECTIVE,CURRY & SR46W,39.16222,-86.58271026
901775895,2020,2,6,1300,Weekday,2-Car,Non-incapacitating,FAILURE TO YIELD RIGHT OF WAY,HUNTER AVE & PARK,39.16221969,-86.52402006
901761214,2020,1,6,1600,Weekday,2-Car,No injury/unknown,FAILURE TO YIELD RIGHT OF WAY,HUNTER AVE & PARK,39.1622144,-86.52401608
901761653,2020,1,1,1200,Weekend,2-Car,No injury/unknown,OTHER (DRIVER) - EXPLAIN IN NARRATIVE,1325 E HUNTER AVE & JORDAN,39.16218195,-86.51637282
901860352,2020,7,2,1200,Weekday,2-Car,No injury/unknown,FAILURE TO YIELD RIGHT OF WAY,2ND & COLLEGE AVE,39.16212662,-86.5348407
901879153,2020,8,3,1700,Weekday,Cyclist,Non-incapacitating,FAILURE TO YIELD RIGHT OF WAY,S HIGH ST,39.16211951,-86.508288
901913609,2020,10,3,2200,Weekday,2-Car,No injury/unknown,FAILURE TO YIELD RIGHT OF WAY,FESS AVE & HUNTER,39.16203403,-86.52582812
901948418,2020,12,6,200,Weekday,1-Car,No injury/unknown,RAN OFF ROAD RIGHT,SR37N & W 3RD,39.16200597,-86.57316611
901858497,2020,7,5,1000,Weekday,1-Car,No injury/unknown,OTHER (DRIVER) - EXPLAIN IN NARRATIVE,2ND & S COLLEGE AVE,39.16198929,-86.53484216
901908974,2020,10,3,1200,Weekday,2-Car,No injury/unknown,IMPROPER LANE USAGE,2ND & COLLEGE AVE,39.16198929,-86.53484216
901786437,2020,3,5,1400,Weekday,2-Car,No injury/unknown,OTHER (DRIVER) - EXPLAIN IN NARRATIVE,S COLLEGE MALL RD,39.16191346,-86.49789927
901786432,2020,3,5,1600,Weekday,Moped/Motorcycle,Incapacitating,RAN OFF ROAD RIGHT,S MULLER PARKWAY DR,39.16182004,-86.56742624
901885810,2020,9,3,800,Weekday,2-Car,No injury/unknown,LEFT OF CENTER,MULLER PKWY,39.16180998,-86.56743228
901949711,2020,12,1,1500,Weekend,3+ Cars,No injury/unknown,IMPROPER LANE USAGE,MULLER PKWY,39.1617503,-86.56746782
901799790,2020,3,5,1700,Weekday,Bus,No injury/unknown,UNSAFE BACKING,S MULLER PKWY,39.16172281,-86.56735651
901911608,2020,10,4,100,Weekday,2-Car,No injury/unknown,IMPROPER TURNING,SOUTH MULLER PKWY,39.16169129,-86.56750336
901831655,2020,5,2,500,Weekday,2-Car,No injury/unknown,IMPROPER TURNING,COLLEGE MALL RD,39.16167855,-86.49788863
901860770,2020,7,3,500,Weekday,3+ Cars,No injury/unknown,OTHER (DRIVER) - EXPLAIN IN NARRATIVE,MULLER PKWY,39.16160345,-86.56742826
901804084,2020,4,6,1700,Weekday,2-Car,Non-incapacitating,FOLLOWING TOO CLOSELY,S MAPLE & W 2ND ST,39.161568,-86.542096
901869462,2020,8,5,1400,Weekday,2-Car,Non-incapacitating,BRAKE FAILURE OR DEFECTIVE,MAPLE & W 2ND ST,39.161568,-86.542096
901754055,2020,1,2,1700,Weekday,1-Car,No injury/unknown,SPEED TOO FAST FOR WEATHER CONDITIONS,2ND ST & ROGERS,39.16154417,-86.54035571
901762036,2020,1,2,900,Weekday,2-Car,No injury/unknown,OTHER (DRIVER) - EXPLAIN IN NARRATIVE,W 2ND ST,39.16153611,-86.53976784
901803062,2020,4,5,900,Weekday,2-Car,No injury/unknown,OTHER (DRIVER) - EXPLAIN IN NARRATIVE,W 2ND ST,39.16153611,-86.53976784
901811462,2020,4,5,1700,Weekday,2-Car,No injury/unknown,FAILURE TO YIELD RIGHT OF WAY,W 2ND ST,39.16153611,-86.53976784
901936145,2020,12,1,800,Weekend,2-Car,No injury/unknown,,W 2ND ST,39.16153611,-86.53976784
901933463,2020,12,3,1300,Weekday,Cyclist,Incapacitating,FAILURE TO YIELD RIGHT OF WAY,ROGERS & W 2ND ST,39.16153451,-86.53965023
901916906,2020,11,1,2000,Weekday,2-Car,No injury/unknown,UNSAFE BACKING,S PARK RIDGE RD,39.16152567,-86.47653557
901819752,2020,5,2,600,Weekday,2-Car,No injury/unknown,OTHER (DRIVER) - EXPLAIN IN NARRATIVE,MUELLER PKWY,39.16152231,-86.56760461
901771853,2020,2,4,1500,Weekday,2-Car,Non-incapacitating,FOLLOWING TOO CLOSELY,2ND ST & ROGERS,39.16152,-86.538592
901803698,2020,4,6,1400,Weekday,2-Car,No injury/unknown,FOLLOWING TOO CLOSELY,ROGERS & SECOND ST,39.16152,-86.538592
901840186,2020,6,3,1500,Weekday,2-Car,No injury/unknown,IMPROPER PASSING,SOUTH ROGERS & WEST 2ND ST,39.16152,-86.538592
901946546,2020,12,4,700,Weekday,1-Car,No injury/unknown,SPEED TOO FAST FOR WEATHER CONDITIONS,2ND ST & ROGERS,39.16152,-86.538592
901757200,2020,1,6,1200,Weekday,2-Car,No injury/unknown,ACCELERATOR FAILURE OR DEFECTIVE,S MORTON & W 2ND ST,39.161472,-86.53624
901759443,2020,1,4,1400,Weekday,2-Car,No injury/unknown,FOLLOWING TOO CLOSELY,2ND ST & COLLEGE,39.16144343,-86.5349714
901779462,2020,2,5,800,Weekday,2-Car,No injury/unknown,LEFT OF CENTER,2ND ST & FESS,39.16144,-86.5254872
901934888,2020,12,5,1500,Weekday,2-Car,No injury/unknown,UNSAFE BACKING,DUNN & SECOND ST,39.16144,-86.5281116
901888045,2020,9,7,1500,Weekend,2-Car,No injury/unknown,DISREGARD SIGNAL/REG SIGN,S COLLEGE & W 2ND ST,39.16144,-86.534848
901833200,2020,5,4,1400,Weekday,3+ Cars,No injury/unknown,DRIVER DISTRACTED - EXPLAIN IN NARRATIVE,2ND ST & S WALNUT,39.16144,-86.5339528
901784868,2020,2,2,1600,Weekday,2-Car,No injury/unknown,FOLLOWING TOO CLOSELY,2ND ST & WALNUT,39.16144,-86.5337764
901761627,2020,1,1,800,Weekend,2-Car,No injury/unknown,DISREGARD SIGNAL/REG SIGN,2ND & S WALNUT ST,39.16144,-86.5336
901766019,2020,1,7,2200,Weekend,3+ Cars,No injury/unknown,SPEED TOO FAST FOR WEATHER CONDITIONS,2ND & SOUTH WALNUT ST,39.16144,-86.5336
901803618,2020,4,6,1100,Weekday,Cyclist,Non-incapacitating,OTHER (DRIVER) - EXPLAIN IN NARRATIVE,520 S WALNUT ST & E 2ND,39.16144,-86.5336
901882150,2020,9,3,1200,Weekday,2-Car,No injury/unknown,FAILURE TO YIELD RIGHT OF WAY,2ND & S WALNUT ST,39.16144,-86.5336
901815718,2020,4,7,1700,Weekend,2-Car,No injury/unknown,,2301 EAST 2ND ST,39.16144,-86.5324
901896772,2020,10,2,2100,Weekday,2-Car,No injury/unknown,UNSAFE BACKING,W 2ND ST,39.16144,-86.53212571
901799996,2020,3,6,900,Weekday,2-Car,Non-incapacitating,FAILURE TO YIELD RIGHT OF WAY,2ND ST & LINCOLN,39.16144,-86.531056
901814630,2020,4,5,1400,Weekday,2-Car,No injury/unknown,FAILURE TO YIELD RIGHT OF WAY,LINCOLN & SECOND ST,39.16144,-86.531056
901825381,2020,5,4,1900,Weekday,2-Car,Non-incapacitating,FAILURE TO YIELD RIGHT OF WAY,2ND ST & LINCOLN,39.16144,-86.531056
901825790,2020,5,5,1500,Weekday,2-Car,No injury/unknown,FAILURE TO YIELD RIGHT OF WAY,2ND ST & LINCOLN,39.16144,-86.531056
901909379,2020,10,3,1400,Weekday,2-Car,No injury/unknown,,EAST 2ND & SOUTH LINCONLN ST,39.16144,-86.531056
901892995,2020,9,2,1500,Weekday,2-Car,No injury/unknown,OTHER (DRIVER) - EXPLAIN IN NARRATIVE,EAST 2ND ST & LINCOLN,39.16144,-86.531056
901786508,2020,3,6,300,Weekday,3+ Cars,Non-incapacitating,DRIVER DISTRACTED - EXPLAIN IN NARRATIVE,2ND ST & GRANT,39.16144,-86.52976
901911593,2020,10,7,1500,Weekend,2-Car,No injury/unknown,OTHER (DRIVER) - EXPLAIN IN NARRATIVE,WEST 2ND ST,39.16144,-86.52976
901891471,2020,9,6,1600,Weekday,2-Car,No injury/unknown,OTHER (VEHICLE) - EXPLAIN IN NARRATIVE,SECOND ST,39.16144,-86.52805616
901853818,2020,7,2,2000,Weekday,2-Car,No injury/unknown,,W 2ND ST,39.16144,-86.527152
901926899,2020,11,4,1500,Weekday,Pedestrian,Non-incapacitating,FAILURE TO YIELD RIGHT OF WAY,W 2ND ST,39.16144,-86.527152
901799375,2020,3,5,1600,Weekday,1-Car,No injury/unknown,OTHER (DRIVER) - EXPLAIN IN NARRATIVE,WEST 2ND ST,39.16144,-86.52709845
901870528,2020,8,1,1300,Weekend,2-Car,No injury/unknown,OTHER (DRIVER) - EXPLAIN IN NARRATIVE,E 2ND & S FESS AVE,39.16144,-86.52584
901939177,2020,12,5,1000,Weekday,1-Car,No injury/unknown,RAN OFF ROAD RIGHT,E 2ND ST & PARK,39.16144,-86.523952
901764099,2020,1,5,1200,Weekday,2-Car,No injury/unknown,FOLLOWING TOO CLOSELY,2ND ST & WALKER,39.16142978,-86.54614023
901766739,2020,1,5,1200,Weekday,2-Car,No injury/unknown,LEFT OF CENTER,2ND ST & WALKER,39.16142978,-86.54614023
901770930,2020,1,2,1600,Weekday,2-Car,Non-incapacitating,FAILURE TO YIELD RIGHT OF WAY,S WALKER & W 2ND ST,39.16142978,-86.54614023
901839724,2020,6,2,2100,Weekday,2-Car,No injury/unknown,FAILURE TO YIELD RIGHT OF WAY,2ND ST & WALKER,39.16142978,-86.54614023
901859596,2020,7,7,1100,Weekend,2-Car,No injury/unknown,DISREGARD SIGNAL/REG SIGN,2ND ST & WALKER,39.16142978,-86.54614023
901874880,2020,8,3,300,Weekday,1-Car,No injury/unknown,RAN OFF ROAD RIGHT,S WALKER & W 2ND ST,39.16142978,-86.54614023
901910256,2020,10,5,1000,Weekday,1-Car,Non-incapacitating,RAN OFF ROAD RIGHT,S WALKER & W 2ND ST,39.16142978,-86.54612725
901812138,2020,4,7,2300,Weekend,2-Car,No injury/unknown,IMPROPER TURNING,MULLER PKWY,39.16142508,-86.56753487
901888735,2020,9,1,1000,Weekend,2-Car,No injury/unknown,FOLLOWING TOO CLOSELY,2ND ST & MAPLE,39.16141033,-86.54224969
901921104,2020,11,2,1000,Weekday,2-Car,No injury/unknown,FOLLOWING TOO CLOSELY,2ND ST & MAPLE,39.16141033,-86.54224969
901769156,2020,1,5,1800,Weekday,3+ Cars,No injury/unknown,FOLLOWING TOO CLOSELY,2ND ST & MAPLE,39.16141033,-86.54224536
901888772,2020,9,2,1100,Weekday,2-Car,No injury/unknown,FOLLOWING TOO CLOSELY,2ND ST & MAPLE,39.16141033,-86.5422432
901779193,2020,2,4,1600,Weekday,2-Car,No injury/unknown,IMPROPER PASSING,MADISON & WEST 2ND ST,39.16141033,-86.53743982
901872644,2020,8,5,1100,Weekday,1-Car,Non-incapacitating,BRAKE FAILURE OR DEFECTIVE,2ND ST & MADISON,39.16141033,-86.53743549
901810035,2020,4,3,1800,Weekday,2-Car,Non-incapacitating,FOLLOWING TOO CLOSELY,2ND ST & ROGERS,39.16140027,-86.53868759
901797796,2020,3,1,1600,Weekend,2-Car,Non-incapacitating,OTHER (DRIVER) - EXPLAIN IN NARRATIVE,2ND ST & ROGERS,39.16140027,-86.53867028
901794835,2020,3,2,800,Weekday,2-Car,Non-incapacitating,FOLLOWING TOO CLOSELY,2ND & S WALNUT ST,39.16140027,-86.53362974
901814132,2020,4,4,1800,Weekday,1-Car,No injury/unknown,OVERCORRECTING/OVERSTEERING,2ND ST & WALNUT,39.16140027,-86.53362974
901899244,2020,10,6,1900,Weekend,2-Car,No injury/unknown,FOLLOWING TOO CLOSELY,E 2ND ST & S WALNUT,39.16140027,-86.53362974
901911727,2020,10,7,2100,Weekend,3+ Cars,Non-incapacitating,CELL PHONE USAGE,2ND & WALNUT ST,39.16140027,-86.53362974
901795178,2020,3,2,1600,Weekday,3+ Cars,No injury/unknown,FOLLOWING TOO CLOSELY,2ND & COLLEGE AVE,39.16138016,-86.53492994
901897203,2020,10,3,1500,Weekday,Pedestrian,Non-incapacitating,FAILURE TO YIELD RIGHT OF WAY,2ND ST & COLLEGE,39.16138016,-86.53492994
901926640,2020,11,4,500,Weekday,2-Car,Non-incapacitating,OTHER (DRIVER) - EXPLAIN IN NARRATIVE,2ND ST & COLLEGE,39.16138016,-86.53492994
901831407,2020,5,5,1700,Weekday,2-Car,No injury/unknown,FAILURE TO YIELD RIGHT OF WAY,2ND & LINCOLN ST,39.16136004,-86.53123989
901871022,2020,8,2,1400,Weekday,Bus,No injury/unknown,FAILURE TO YIELD RIGHT OF WAY,2ND ST & LINCOLN,39.16136004,-86.53123989
901798074,2020,3,2,1000,Weekday,2-Car,No injury/unknown,UNSAFE BACKING,WEST 2ND ST,39.16135535,-86.53977066
901803022,2020,4,5,800,Weekday,1-Car,No injury/unknown,IMPROPER TURNING,WEST 2 ST ST,39.16135535,-86.53977066
901815287,2020,4,7,800,Weekend,2-Car,Non-incapacitating,FAILURE TO YIELD RIGHT OF WAY,E 2ND & S HENDERSON ST,39.16134254,-86.52719974
901901770,2020,10,4,1200,Weekday,2-Car,No injury/unknown,OTHER (DRIVER) - EXPLAIN IN NARRATIVE,2ND ST & HENDERSON,39.16133992,-86.52720847
901768120,2020,1,4,1600,Weekday,1-Car,No injury/unknown,IMPROPER TURNING,2ND ST & PARK,39.16131981,-86.52399994
901899389,2020,10,6,1100,Weekday,2-Car,No injury/unknown,UNSAFE LANE MOVEMENT,COLLEGE AVE & KIRKWOOD,39.16131224,-86.53488032
901775901,2020,2,5,800,Weekday,2-Car,No injury/unknown,IMPROPER PASSING,2ND & WOODLAWN AVE,39.161312,-86.522576
901855780,2020,7,6,1400,Weekday,2-Car,No injury/unknown,OTHER (DRIVER) - EXPLAIN IN NARRATIVE,2ND & S COLLEGE AVE,39.16130268,-86.5348502
901821318,2020,5,4,300,Weekday,2-Car,No injury/unknown,IMPROPER LANE USAGE,2ND & FESS AVE,39.16130268,-86.52584196
901822670,2020,5,5,1500,Weekday,Bus,No injury/unknown,OTHER (DRIVER) - EXPLAIN IN NARRATIVE,2ND & MORTON ST,39.16119737,-86.53624439
901841985,2020,6,6,1700,Weekday,2-Car,No injury/unknown,,S PARK RIDGE RD,39.16117094,-86.47675484
901794330,2020,3,7,1400,Weekend,2-Car,No injury/unknown,FAILURE TO YIELD RIGHT OF WAY,2ND & JORDAN AVE,39.161168,-86.516352
901923608,2020,11,5,1900,Weekday,3+ Cars,No injury/unknown,FOLLOWING TOO CLOSELY,2ND & S COLLEGE AVE,39.16116537,-86.53485239
901854947,2020,7,4,1700,Weekday,Moped/Motorcycle,Non-incapacitating,UNSAFE SPEED,S COLLEGE AVE,39.16115717,-86.53485253
901882203,2020,9,3,1300,Weekday,2-Car,No injury/unknown,UNSAFE BACKING,S COLLEGE AVE,39.16115717,-86.53485253
901900208,2020,10,2,1200,Weekday,2-Car,No injury/unknown,FAILURE TO YIELD RIGHT OF WAY,S COLLEGE AVE,39.16115717,-86.53485253
901781664,2020,2,3,1000,Weekday,2-Car,No injury/unknown,FOLLOWING TOO CLOSELY,E BROWNRIDGE & SO SMITH RD,39.1611519,-86.48072644
901793200,2020,3,5,1100,Weekday,2-Car,No injury/unknown,UNSAFE SPEED,E BROWNRIDGE & S SMITH RD,39.16115016,-86.48071981
901772612,2020,2,6,900,Weekday,2-Car,No injury/unknown,UNSAFE BACKING,S WALNUT ST,39.16114057,-86.5336
901754855,2020,1,2,1600,Weekday,2-Car,Non-incapacitating,SPEED TOO FAST FOR WEATHER CONDITIONS,2ND ST & MITCHELL,39.16112,-86.514096
901811969,2020,4,7,0,Weekend,2-Car,No injury/unknown,,2ND & MITCHELL ST,39.16112,-86.514096
901817928,2020,5,5,100,Weekday,Moped/Motorcycle,Non-incapacitating,FAILURE TO YIELD RIGHT OF WAY,GRAHAM & ROCKPORT RD,39.16111574,-86.54512971
901880735,2020,8,6,1400,Weekday,2-Car,No injury/unknown,UNSAFE BACKING,S MORTON ST,39.16106384,-86.53624653
901908927,2020,10,3,900,Weekday,2-Car,No injury/unknown,UNSAFE BACKING,S LANDMARK AVE,39.16104889,-86.55483245
901932638,2020,12,2,1100,Weekday,2-Car,No injury/unknown,UNSAFE BACKING,S LANDMARK AVE,39.16104889,-86.55483245
901907492,2020,10,7,1300,Weekend,1-Car,No injury/unknown,RAN OFF ROAD RIGHT,E 2ND ST & EASTSIDE,39.16103013,-86.51320002
901824118,2020,5,2,1700,Weekday,2-Car,No injury/unknown,UNSAFE BACKING,S WALNUT ST,39.16101225,-86.5336
901937150,2020,12,2,100,Weekday,2-Car,No injury/unknown,UNSAFE BACKING,E 2ND ST,39.16097447,-86.49940006
901922348,2020,10,1,200,Weekend,2-Car,No injury/unknown,OTHER (DRIVER) - EXPLAIN IN NARRATIVE,2ND & BALLANTINE RD,39.16095737,-86.51906066
901922204,2020,11,3,1700,Weekday,2-Car,No injury/unknown,UNSAFE LANE MOVEMENT,COLLEGE MALL & E 2ND ST,39.16094401,-86.4979606
901910981,2020,10,6,1200,Weekday,2-Car,No injury/unknown,IMPROPER TURNING,2ND ST & COLLEGE MALL,39.160944,-86.49783712
901775995,2020,2,6,1400,Weekday,2-Car,No injury/unknown,FAILURE TO YIELD RIGHT OF WAY,2ND & HIGH ST,39.160944,-86.508288
901795175,2020,3,2,1700,Weekday,2-Car,No injury/unknown,FAILURE TO YIELD RIGHT OF WAY,2ND & COLLEGE MALL RD,39.160944,-86.497696
901798730,2020,3,3,1400,Weekday,3+ Cars,Non-incapacitating,FOLLOWING TOO CLOSELY,COLLEGE MALL & COLLEGE MALL RD,39.160944,-86.497696
901800604,2020,3,7,1100,Weekend,2-Car,No injury/unknown,UNSAFE LANE MOVEMENT,2ND & COLLEGE MALL RD RD,39.160944,-86.497696
901812284,2020,4,1,1300,Weekend,2-Car,Non-incapacitating,FAILURE TO YIELD RIGHT OF WAY,E 2ND & S COLLEGE MALL RD,39.160944,-86.497696
901859939,2020,7,1,1500,Weekend,2-Car,Non-incapacitating,LEFT OF CENTER,E 2ND & S COLLEGE MALL RD,39.160944,-86.497696
901827789,2020,5,1,2200,Weekday,2-Car,No injury/unknown,OTHER (DRIVER) - EXPLAIN IN NARRATIVE,2ND ST & COLLEGE MALL,39.16094027,-86.49772033
901890668,2020,9,5,1200,Weekday,2-Car,No injury/unknown,FAILURE TO YIELD RIGHT OF WAY,2ND ST & COLLEGE MALL,39.16094027,-86.49771168
901847910,2020,6,4,1000,Weekday,2-Car,No injury/unknown,IMPROPER LANE USAGE,E 2ND & SO COLLEGE MALL RD,39.16093797,-86.49771967
901944041,2020,12,6,1200,Weekday,2-Car,Non-incapacitating,FOLLOWING TOO CLOSELY,COLLEGE MALL & COLLEGE MALL PARKING LOT DR,39.16093004,-86.4978075
901803950,2020,4,6,1800,Weekday,2-Car,No injury/unknown,DRIVER DISTRACTED - EXPLAIN IN NARRATIVE,E 2ND ST & S WOODSCREST,39.16092322,-86.50243435
901858297,2020,7,4,2000,Weekday,2-Car,No injury/unknown,OTHER (DRIVER) - EXPLAIN IN NARRATIVE,E 2ND ST & S WOODSCREST,39.16092016,-86.50248433
901791494,2020,3,2,1100,Weekday,2-Car,No injury/unknown,SPEED TOO FAST FOR WEATHER CONDITIONS,2ND ST & WOODSCREST,39.16092016,-86.50244973
901780408,2020,2,6,0,Weekday,2-Car,Non-incapacitating,FOLLOWING TOO CLOSELY,2ND ST & WOODSCREST,39.16092016,-86.50244973
901785667,2020,2,4,800,Weekday,2-Car,No injury/unknown,FOLLOWING TOO CLOSELY,E 2ND ST & WOODSCREST,39.16092016,-86.50244973
901808474,2020,4,1,2200,Weekday,2-Car,No injury/unknown,DISREGARD SIGNAL/REG SIGN,2ND ST & WOODSCREST,39.16092016,-86.50244973
901931926,2020,12,7,1200,Weekend,2-Car,No injury/unknown,FOLLOWING TOO CLOSELY,E 2ND ST & S WOODSCREST,39.16092016,-86.50244973
901857203,2020,7,2,1800,Weekday,3+ Cars,No injury/unknown,FOLLOWING TOO CLOSELY,1ST & COLLEGE AVE,39.16081318,-86.53485803
901931752,2020,12,7,1400,Weekend,2-Car,No injury/unknown,UNSAFE LANE MOVEMENT,2ND & WASHINGTON ST,39.16075336,-86.5324
901789204,2020,3,4,1100,Weekday,Cyclist,Non-incapacitating,DISREGARD SIGNAL/REG SIGN,2ND ST & PATTERSON,39.16074984,-86.54850997
901808279,2020,4,1,1200,Weekend,2-Car,No injury/unknown,FOLLOWING TOO CLOSELY,PATTERSON & WEST 2ND ST,39.16074984,-86.54850997
901826333,2020,5,6,500,Weekday,2-Car,No injury/unknown,FAILURE TO YIELD RIGHT OF WAY,2ND & PATTERSON DR,39.16074984,-86.54850997
901831380,2020,5,7,2000,Weekend,2-Car,No injury/unknown,UNSAFE BACKING,2ND ST & PATTERSON,39.16074984,-86.54850997
901854183,2020,7,3,1300,Weekday,2-Car,No injury/unknown,FOLLOWING TOO CLOSELY,2ND ST & PATTERSON,39.16074984,-86.54850997
901862069,2020,7,5,1200,Weekday,3+ Cars,Non-incapacitating,FOLLOWING TOO CLOSELY,PATTERSON & W 2ND ST,39.16074984,-86.54850997
901904484,2020,10,2,1400,Weekday,2-Car,No injury/unknown,DISREGARD SIGNAL/REG SIGN,SOUTH PATTERSON DR & WEST 2ND,39.16074984,-86.54850997
901933480,2020,12,2,1600,Weekday,2-Car,No injury/unknown,OTHER (DRIVER) - EXPLAIN IN NARRATIVE,2ND & PATTERSON DR,39.16074984,-86.54850997
901837905,2020,6,6,1000,Weekday,1-Car,No injury/unknown,RAN OFF ROAD RIGHT,ADAMS & W 2ND ST,39.160544,-86.5508
901921437,2020,11,2,2100,Weekday,2-Car,No injury/unknown,FOLLOWING TOO CLOSELY,ADAMS & BLOOMFIELD RD,39.160544,-86.5508
901839634,2020,6,2,1800,Weekday,2-Car,No injury/unknown,UNSAFE BACKING,LANDMARK AVE,39.16051246,-86.55401453
901944626,2020,12,6,1400,Weekday,2-Car,No injury/unknown,UNSAFE BACKING,S LANDMARK AVE,39.16051246,-86.55401453
901784173,2020,2,1,1600,Weekend,Pedestrian,Non-incapacitating,PEDESTRIAN ACTION,BENNINGTON & PARK RIDGE RD,39.1604501,-86.47678032
901840797,2020,6,4,1700,Weekday,2-Car,No injury/unknown,UNSAFE BACKING,ROGERS ST,39.16041255,-86.53861261
901822755,2020,5,7,2300,Weekend,2-Car,No injury/unknown,UNSAFE LANE MOVEMENT,2ND & COLLEGE MALL RD,39.16039489,-86.49771494
901829424,2020,5,4,1500,Weekday,2-Car,Non-incapacitating,FAILURE TO YIELD RIGHT OF WAY,HENDERSON ST & UNIVERSITY,39.16038975,-86.52718976
901785440,2020,2,3,1500,Weekday,1-Car,No injury/unknown,OTHER TELEMATICS IN USE,BLOOMFIELD & WEST ADAMS ST,39.16038015,-86.55083273
901929753,2020,11,3,1700,Weekday,2-Car,No injury/unknown,FAILURE TO YIELD RIGHT OF WAY,ADAMS & BLOOMFIELD RD,39.16037969,-86.55083008
901897971,2020,10,4,200,Weekday,2-Car,No injury/unknown,,FESS & UNIVERSITY ST,39.16037031,-86.52593985
901827488,2020,5,1,800,Weekend,2-Car,No injury/unknown,UNSAFE SPEED,COBBLESTONE CT,39.16034013,-86.60384126
901847503,2020,6,2,800,Weekday,Cyclist,Non-incapacitating,UNSAFE LANE MOVEMENT,JORDAN AVE & UNIVERSITY,39.160272,-86.516336
901812742,2020,4,2,1100,Weekday,2-Car,No injury/unknown,FAILURE TO YIELD RIGHT OF WAY,2ND & S ADAMS ST,39.16026962,-86.55078432
901790322,2020,3,6,1200,Weekday,2-Car,No injury/unknown,OTHER (DRIVER) - EXPLAIN IN NARRATIVE,LANDMARK AVE,39.16025765,-86.55395418
901830006,2020,5,5,1600,Weekday,2-Car,No injury/unknown,OTHER (VEHICLE) - EXPLAIN IN NARRATIVE,SOUTH LANDMARK AVE,39.16025765,-86.55395418
901799038,2020,3,3,700,Weekday,2-Car,Non-incapacitating,LEFT OF CENTER,E AUDUBON & N OLD SR 37 HWY,39.16003226,-86.52311012
901809664,2020,4,3,1200,Weekday,2-Car,No injury/unknown,IMPROPER LANE USAGE,1ST & COLLEGE AVE,39.15998927,-86.53487121
901772886,2020,2,6,2000,Weekend,2-Car,No injury/unknown,FOLLOWING TOO CLOSELY,BLOOMFIELD RD & LANDMARK,39.15993981,-86.55382007
901799825,2020,3,5,1900,Weekday,2-Car,Non-incapacitating,FOLLOWING TOO CLOSELY,BLOOMFIELD RD & LANDMARK,39.15993981,-86.55382007
901828488,2020,5,1,1500,Weekend,2-Car,No injury/unknown,FOLLOWING TOO CLOSELY,BLOOMFIELD RD & LANDMARK,39.15993981,-86.55382007
901932462,2020,12,2,900,Weekday,2-Car,Non-incapacitating,ROADWAY SURFACE CONDITION,LANDMARK & W BLOOMFIELD RD,39.15993981,-86.55382007
901829493,2020,5,3,2000,Weekday,1-Car,No injury/unknown,ANIMAL/OBJECT IN ROADWAY,SADDLEBROOD & SMITH RD,39.1599148,-86.48039996