Master Record Number,Year,Month,Day,Hour,Weekend,Collision Type,Injury Type,Primary Factor,Reported_Location,Latitude,Longitude
901779729,2020,2,5,1700,Weekday,2-Car,No injury/unknown,FOLLOWING TOO CLOSELY,SMITH & SOUTH COLLEGE AVE,39.15967782,-86.53494
901911761,2020,10,1,100,Weekend,2-Car,No injury/unknown,FOLLOWING TOO CLOSELY,6TH & WALNUT ST,39.15961848,-86.53360024
901819353,2020,5,1,0,Weekend,Cyclist,Non-incapacitating,FAILURE TO YIELD RIGHT OF WAY,COLLEGE MALL  ENTRANCE & COLLEGE MALL RD,39.15957122,-86.49774334
901820245,2020,5,2,1500,Weekday,Bus,No injury/unknown,IMPROPER TURNING,S ROGERS ST & WEST 1ST,39.159504,-86.538592
901801920,2020,4,2,2100,Weekday,2-Car,No injury/unknown,FAILURE TO YIELD RIGHT OF WAY,1ST & ROGERS ST,39.159504,-86.538592
901909460,2020,10,3,1400,Weekday,Bus,No injury/unknown,DRIVER DISTRACTED - EXPLAIN IN NARRATIVE,1ST & ROGERS ST,39.159504,-86.538592
901824392,2020,5,3,800,Weekday,3+ Cars,Non-incapacitating,FOLLOWING TOO CLOSELY,1ST & WALNUT ST,39.15948133,-86.5336
901781639,2020,2,3,1000,Weekday,1-Car,No injury/unknown,RAN OFF ROAD RIGHT,1 ST ST & MORTON ST,39.159472,-86.536272
901891902,2020,9,7,1600,Weekend,2-Car,No injury/unknown,FAILURE TO YIELD RIGHT OF WAY,MORTON & W 1ST ST,39.159472,-86.536272
901907245,2020,10,6,1700,Weekday,2-Car,No injury/unknown,FAILURE TO YIELD RIGHT OF WAY,1ST ST & WYLIE,39.15945031,-86.54343278
901814701,2020,4,5,2000,Weekday,2-Car,No injury/unknown,FAILURE TO YIELD RIGHT OF WAY,1ST & COLLEGE AVE,39.15944,-86.53488
901822988,2020,5,7,1600,Weekend,2-Car,Non-incapacitating,IMPROPER TURNING,1ST & COLLEGE AVE,39.15944,-86.53488
901835264,2020,6,2,1100,Weekday,3+ Cars,No injury/unknown,FOLLOWING TOO CLOSELY,1ST & COLLEGE AVE,39.15944,-86.53488
901838603,2020,6,7,2300,Weekend,Moped/Motorcycle,Non-incapacitating,IMPROPER TURNING,1ST & COLLEGE AVE,39.15944,-86.53488
901855238,2020,7,5,1100,Weekday,2-Car,No injury/unknown,OTHER (DRIVER) - EXPLAIN IN NARRATIVE,1ST & COLLEGE AVE,39.15944,-86.53488
901883398,2020,9,5,1100,Weekday,Pedestrian,Non-incapacitating,PEDESTRIAN ACTION,1ST & S COLLEGE AVE,39.15944,-86.53488
901887332,2020,9,5,2300,Weekday,Cyclist,Non-incapacitating,FAILURE TO YIELD RIGHT OF WAY,1ST ST & COLLEGE,39.15944,-86.53488
901896841,2020,10,3,500,Weekday,2-Car,No injury/unknown,DISREGARD SIGNAL/REG SIGN,S COLLEGE AVE & W 1ST,39.15944,-86.53488
901900695,2020,10,2,1800,Weekday,Cyclist,Non-incapacitating,FAILURE TO YIELD RIGHT OF WAY,S COLLEGE & WEST 1ST ST,39.15944,-86.53488
901912708,2020,10,2,1700,Weekday,2-Car,No injury/unknown,FAILURE TO YIELD RIGHT OF WAY,1ST & COLLEGE AVE,39.15944,-86.53488
901927782,2020,11,7,800,Weekend,2-Car,No injury/unknown,DISREGARD SIGNAL/REG SIGN,1ST & COLLEGE AVE,39.15944,-86.53488
901941305,2020,12,2,1300,Weekday,2-Car,Non-incapacitating,LEFT OF CENTER,BUICK CADILLAC BLVD & CLARIZZ,39.15943019,-86.49054342
901917363,2020,11,2,1700,Weekday,3+ Cars,No injury/unknown,FAILURE TO YIELD RIGHT OF WAY,1ST ST & ROGERS,39.15942013,-86.53871355
901785037,2020,2,3,800,Weekday,1-Car,No injury/unknown,ANIMAL/OBJECT IN ROADWAY,WEATHERSTONE & WOODLAWN AVE,39.15939583,-86.52264006
901851165,2020,7,3,1600,Weekday,3+ Cars,No injury/unknown,FOLLOWING TOO CLOSELY,1ST & COLLEGE AVE,39.15936984,-86.53499029
901896678,2020,10,2,1700,Weekday,2-Car,Non-incapacitating,FOLLOWING TOO CLOSELY,1ST & COLLEGE AVE,39.15936984,-86.53499029
901914413,2020,11,5,700,Weekday,2-Car,No injury/unknown,OTHER (DRIVER) - EXPLAIN IN NARRATIVE,1ST ST & COLLEGE,39.15936984,-86.53499029
901863707,2020,7,2,900,Weekday,2-Car,No injury/unknown,FAILURE TO YIELD RIGHT OF WAY,S WALNUT & W 1ST ST,39.159344,-86.5336
901908943,2020,10,3,1000,Weekday,2-Car,Non-incapacitating,DISREGARD SIGNAL/REG SIGN,E 1ST ST & S WALNUT,39.159344,-86.5336
901761631,2020,1,1,1000,Weekend,2-Car,Non-incapacitating,DISREGARD SIGNAL/REG SIGN,E 1ST ST & S WASHINGTON,39.159344,-86.5324
901797555,2020,3,7,1900,Weekend,2-Car,No injury/unknown,FAILURE TO YIELD RIGHT OF WAY,1ST & S WASHINGTON ST,39.159344,-86.5324
901813586,2020,4,3,1700,Weekday,2-Car,No injury/unknown,FAILURE TO YIELD RIGHT OF WAY,1ST & WASHINGTON ST,39.159344,-86.5324
901950020,2020,12,2,1100,Weekday,2-Car,No injury/unknown,FAILURE TO YIELD RIGHT OF WAY,1ST & S WASHINGTON ST,39.159344,-86.5324
901774824,2020,2,4,800,Weekday,2-Car,No injury/unknown,FAILURE TO YIELD RIGHT OF WAY,E 1RST ST & S HIGHLAND,39.159344,-86.5176
901913470,2020,10,3,1700,Weekday,2-Car,No injury/unknown,FAILURE TO YIELD RIGHT OF WAY,1ST ST & HENDERSON,39.15932022,-86.52714014
901883156,2020,9,4,800,Weekday,2-Car,No injury/unknown,OTHER (DRIVER) - EXPLAIN IN NARRATIVE,1ST ST & HENDERSON,39.15932022,-86.52712283
901758805,2020,1,3,1800,Weekday,2-Car,Non-incapacitating,FAILURE TO YIELD RIGHT OF WAY,E 1ST ST & S HAWTHORNE,39.15930784,-86.52021468
901869990,2020,8,6,1600,Weekday,2-Car,Non-incapacitating,DISREGARD SIGNAL/REG SIGN,1ST & WOODLAWN AVE,39.15929005,-86.52264006
901899440,2020,10,6,1000,Weekday,2-Car,No injury/unknown,FOLLOWING TOO CLOSELY,BLOOMFIELD RD & RANSOM,39.15927503,-86.55557806
901896228,2020,9,1,1300,Weekend,2-Car,No injury/unknown,OTHER (DRIVER) - EXPLAIN IN NARRATIVE,S COLLEGE MALL RD,39.15925182,-86.49775452
901759725,2020,1,5,1200,Weekday,2-Car,Non-incapacitating,LEFT OF CENTER,S MULLER PKWY,39.15921217,-86.56822085
901772493,2020,2,4,300,Weekday,1-Car,No injury/unknown,RAN OFF ROAD RIGHT,BILL MALLORY & SR446S,39.15910967,-86.47156007
901804284,2020,4,7,2100,Weekend,2-Car,No injury/unknown,FOLLOWING TOO CLOSELY,3RD & JORDAN AVE,39.158973,-86.5163999
901820920,2020,5,3,1600,Weekday,2-Car,No injury/unknown,UNSAFE BACKING,SOUTH BASSWOOD DR,39.15888637,-86.56751409
901815133,2020,4,6,1600,Weekday,2-Car,No injury/unknown,UNSAFE BACKING,S BASSWOOD DR,39.15883943,-86.56759187
901786856,2020,3,6,1700,Weekday,3+ Cars,Incapacitating,UNSAFE SPEED,BUICK CADILLAC & COLLEGE MALL RD,39.15870911,-86.49777307
901875365,2020,8,3,1300,Weekday,3+ Cars,No injury/unknown,FOLLOWING TOO CLOSELY,S COLLEGE AVE & W SMITH,39.15862042,-86.53494
901800100,2020,3,5,1300,Weekday,2-Car,No injury/unknown,FOLLOWING TOO CLOSELY,BLOOMFIELD RD & RANSOM,39.15861513,-86.55670627
901773417,2020,2,1,1700,Weekend,2-Car,No injury/unknown,UNSAFE BACKING,FAIRVIEW & WYLIE ST,39.15855945,-86.54163329
901816128,2020,4,2,1300,Weekday,2-Car,No injury/unknown,UNSAFE BACKING,WASHINGTON & WYLIE ST,39.158448,-86.53257639
901856081,2020,7,7,900,Weekend,2-Car,No injury/unknown,SPEED TOO FAST FOR WEATHER CONDITIONS,HIGH ST & HILLSIDE,39.1584083,-86.50843977
901760382,2020,1,3,1900,Weekday,2-Car,No injury/unknown,OTHER (DRIVER) - EXPLAIN IN NARRATIVE,712 W WYLIE ST & FAIRVIEW,39.15838458,-86.540947
901799891,2020,3,6,200,Weekday,2-Car,No injury/unknown,FAILURE TO YIELD RIGHT OF WAY,E WYLIE & S WASHINGTON ST,39.15835389,-86.53242422
901855457,2020,7,5,1700,Weekday,3+ Cars,Non-incapacitating,FAILURE TO YIELD RIGHT OF WAY,AUTO MALL & EAST BUICK CADILLAC BLVD,39.15831976,-86.49611033
901850444,2020,7,2,1400,Weekday,2-Car,No injury/unknown,FAILURE TO YIELD RIGHT OF WAY,HENDERSON ST & WYLIE,39.15829025,-86.52710996
901759606,2020,1,4,1100,Weekday,2-Car,No injury/unknown,FOLLOWING TOO CLOSELY,E BUICK CADILLAC & S COLLEGE MALL RD,39.15816,-86.497792
901771519,2020,1,3,1900,Weekday,2-Car,No injury/unknown,FAILURE TO YIELD RIGHT OF WAY,BUICK CADILLAC & COLLEGE MALL RD,39.15816,-86.497792
901760602,2020,1,5,1400,Weekday,1-Car,No injury/unknown,OTHER (DRIVER) - EXPLAIN IN NARRATIVE,E BUICK CADILLAC DR,39.15814541,-86.49706318
901854699,2020,7,4,900,Weekday,2-Car,No injury/unknown,OTHER (DRIVER) - EXPLAIN IN NARRATIVE,E BUICK CADILLAC BLVD,39.15814541,-86.49706318
901783778,2020,2,7,1100,Weekend,2-Car,No injury/unknown,FAILURE TO YIELD RIGHT OF WAY,COVENANTER DR & S COLLEGE MALL,39.15812848,-86.49787779
901890534,2020,9,5,800,Weekday,2-Car,No injury/unknown,FAILURE TO YIELD RIGHT OF WAY,S BASSWOOD DR,39.15812261,-86.57082997
901858396,2020,7,4,1000,Weekday,2-Car,No injury/unknown,FAILURE TO YIELD RIGHT OF WAY,BUICK CADILLAC & COLLEGE MALL RD,39.15810987,-86.49788998
901947112,2020,12,4,1700,Weekday,2-Car,No injury/unknown,SPEED TOO FAST FOR WEATHER CONDITIONS,BUICK CADILLAC & COLLEGE MALL RD,39.15810987,-86.49788998
901835550,2020,6,2,1600,Weekday,2-Car,Non-incapacitating,DISREGARD SIGNAL/REG SIGN,FIELD STONE & KIRBY RD,39.15794022,-86.61046028
901775147,2020,1,7,2000,Weekend,1-Car,No injury/unknown,ROADWAY SURFACE CONDITION,S WALNUT ST,39.157936,-86.5336
901846895,2020,6,2,700,Weekday,2-Car,No injury/unknown,UNSAFE BACKING,E 7TH ST & N FORREST,39.15789442,-86.52234971
901939225,2020,12,5,0,Weekday,1-Car,No injury/unknown,RAN OFF ROAD RIGHT,KIRBY RD,39.15789032,-86.61998748
901765645,2020,1,7,100,Weekend,1-Car,No injury/unknown,RAN OFF ROAD RIGHT,JORDAN & MAXWELL ST,39.15785841,-86.51649965
901929951,2020,11,3,1000,Weekday,1-Car,No injury/unknown,RAN OFF ROAD RIGHT,HIGH & MAXWELL LN,39.15779348,-86.50846438
901942908,2020,12,4,1800,Weekday,2-Car,No injury/unknown,FAILURE TO YIELD RIGHT OF WAY,E MAXWELL LN & S HIGH,39.157792,-86.508288
901778774,2020,2,3,2300,Weekday,1-Car,No injury/unknown,RAN OFF ROAD RIGHT,HIGH & MAXWELL LN,39.15775436,-86.50476055
901827393,2020,5,7,2300,Weekend,2-Car,Non-incapacitating,LEFT OF CENTER,BASSWOOD DR & COPPERBEACH,39.15771888,-86.57117128
901897298,2020,10,3,1300,Weekday,2-Car,No injury/unknown,FOLLOWING TOO CLOSELY,CORY & WEST BLOOMFIELD RD,39.15763103,-86.55885497
901808857,2020,4,2,2000,Weekday,2-Car,Non-incapacitating,FOLLOWING TOO CLOSELY,DODDS & ROGERS ST,39.157616,-86.538592
901855179,2020,7,5,1100,Weekday,2-Car,Non-incapacitating,FOLLOWING TOO CLOSELY,S ROGERS ST & W DODDS,39.157616,-86.538592
901882938,2020,9,3,1800,Weekday,2-Car,Non-incapacitating,DISREGARD SIGNAL/REG SIGN,DODDS & ROGERS ST,39.157616,-86.538592
901804033,2020,4,7,1600,Weekend,2-Car,No injury/unknown,IMPROPER TURNING,AUTO MALL RD,39.15757343,-86.496168
901889197,2020,9,2,1000,Weekday,1-Car,No injury/unknown,OTHER (DRIVER) - EXPLAIN IN NARRATIVE,W DODDS ST,39.15757225,-86.5351889
901901981,2020,10,4,1800,Weekday,2-Car,No injury/unknown,OTHER (DRIVER) - EXPLAIN IN NARRATIVE,BLOOMFIELD RD,39.15753253,-86.55889011
901856228,2020,7,7,1800,Weekend,2-Car,No injury/unknown,FOLLOWING TOO CLOSELY,DODDS & ROGERS ST,39.15747017,-86.53869979
901858731,2020,7,5,1600,Weekday,2-Car,No injury/unknown,FOLLOWING TOO CLOSELY,DODDS & ROGERS ST,39.15747017,-86.53869979
901903579,2020,10,7,400,Weekend,1-Car,No injury/unknown,RAN OFF ROAD RIGHT,COLLEGE ST & DODDS,39.15743026,-86.53446227
901869146,2020,8,5,1100,Weekday,2-Car,No injury/unknown,FAILURE TO YIELD RIGHT OF WAY,DODDS & WALNUT ST,39.15741988,-86.53364986
901899484,2020,10,7,1100,Weekend,2-Car,No injury/unknown,OTHER (DRIVER) - EXPLAIN IN NARRATIVE,DODDS & WALNUT ST,39.15741988,-86.53364986
901901964,2020,10,4,1600,Weekday,2-Car,No injury/unknown,FAILURE TO YIELD RIGHT OF WAY,DODDS & SOUTH WALNUT ST,39.15741988,-86.53364986
901813266,2020,4,2,1400,Weekday,2-Car,No injury/unknown,OTHER (DRIVER) - EXPLAIN IN NARRATIVE,S CURRY PIKE,39.15735483,-86.58270411
901871401,2020,8,7,1500,Weekend,2-Car,No injury/unknown,FAILURE TO YIELD RIGHT OF WAY,SOUTH CURRY PIKE,39.15735483,-86.58270411
901829805,2020,5,5,100,Weekday,2-Car,No injury/unknown,OTHER (DRIVER) - EXPLAIN IN NARRATIVE,S MAXWELL TER,39.15726565,-86.51181735
901838293,2020,6,6,2300,Weekend,2-Car,No injury/unknown,FAILURE TO YIELD RIGHT OF WAY,S CORY & W BLOOMFIELD RD,39.15710002,-86.55969008
901894032,2020,9,4,600,Weekday,2-Car,Incapacitating,FAILURE TO YIELD RIGHT OF WAY,BLOOMFIELD RD & CORY,39.15710002,-86.55969008
901918067,2020,11,3,1600,Weekday,2-Car,No injury/unknown,FOLLOWING TOO CLOSELY,BLOOMFIELD RD & CORY,39.15710002,-86.55969008
901929043,2020,11,2,1500,Weekday,2-Car,No injury/unknown,FAILURE TO YIELD RIGHT OF WAY,BLOOMFIELD RD & CORY,39.15710002,-86.55969008
901895245,2020,9,6,1300,Weekday,2-Car,Non-incapacitating,FAILURE TO YIELD RIGHT OF WAY,BALFOUR & N JORDAN AVE,39.15701981,-86.51259988
901829324,2020,5,4,1100,Weekday,2-Car,Non-incapacitating,FOLLOWING TOO CLOSELY,GIFFORD & SOUTH CURRY PIKE,39.156896,-86.582704
901829808,2020,5,4,1500,Weekday,2-Car,No injury/unknown,UNSAFE SPEED,S CURRY PIKE & W GIFFORD,39.156896,-86.582704
901839809,2020,6,2,2100,Weekday,2-Car,Non-incapacitating,LEFT OF CENTER,S CURRY PIKE & W GIFFORD,39.156896,-86.582704
901901924,2020,10,4,1500,Weekday,2-Car,No injury/unknown,FAILURE TO YIELD RIGHT OF WAY,S CURRY PIKE & W GIFFORD,39.156896,-86.582704
901912656,2020,10,2,1500,Weekday,2-Car,No injury/unknown,FOLLOWING TOO CLOSELY,CURRY PIKE & GIFFORD,39.156896,-86.582704
901779742,2020,2,5,1900,Weekday,2-Car,No injury/unknown,FAILURE TO YIELD RIGHT OF WAY,DIXIE & FAIRVIEW ST,39.156752,-86.540976
901795464,2020,3,3,700,Weekday,2-Car,No injury/unknown,UNSAFE BACKING,ROSS & TIMOTHY CT,39.15664172,-86.55753494
901832244,2020,5,3,1000,Weekday,1-Car,No injury/unknown,OTHER (DRIVER) - EXPLAIN IN NARRATIVE,S COLLEGE MALL RD,39.15664081,-86.49784049
901868822,2020,8,4,1400,Weekday,2-Car,No injury/unknown,FAILURE TO YIELD RIGHT OF WAY,DIXIE & S HENDERSON ST,39.15664,-86.527072
901872913,2020,8,5,1500,Weekday,2-Car,No injury/unknown,FOLLOWING TOO CLOSELY,S PATTERSON DR & W 2ND,39.15652048,-86.54850997
901858461,2020,7,4,1200,Weekday,2-Car,No injury/unknown,FOLLOWING TOO CLOSELY,E DIXIE & S WALNUT ST,39.15649108,-86.53363931
901868503,2020,7,2,2300,Weekday,Moped/Motorcycle,Non-incapacitating,LEFT OF CENTER,GIFFORD RD & S CURRY,39.15640805,-86.5835568
901899309,2020,10,6,1500,Weekday,1-Car,No injury/unknown,OTHER (ENVIRONMENTAL) - EXPLAIN IN NARR,CURRY & GIFFORD RD,39.15640805,-86.5835568
901943254,2020,12,5,1100,Weekday,2-Car,No injury/unknown,FAILURE TO YIELD RIGHT OF WAY,3RD & KINGSTON DR,39.15627913,-86.49303987
901765160,2020,1,6,1200,Weekday,2-Car,Non-incapacitating,DISREGARD SIGNAL/REG SIGN,JORDAN & SHERIDAN DR,39.15624,-86.5156
901806131,2020,4,4,1400,Weekday,2-Car,No injury/unknown,FAILURE TO YIELD RIGHT OF WAY,W BLOOMFIELD RD & WEST ALLEN,39.156144,-86.561296
901840230,2020,6,3,600,Weekday,1-Car,No injury/unknown,OTHER (DRIVER) - EXPLAIN IN NARRATIVE,ALLEN & WEST BLOOMFIELD RD,39.156144,-86.561296
901854345,2020,7,3,1500,Weekday,2-Car,No injury/unknown,FAILURE TO YIELD RIGHT OF WAY,ALLEN & BLOOMFIELD RD,39.156144,-86.561296
901895211,2020,9,5,2000,Weekday,1-Car,No injury/unknown,RAN OFF ROAD RIGHT,ALLEN & BLOOMFIELD RD,39.156144,-86.561296
901783537,2020,2,6,1400,Weekday,2-Car,No injury/unknown,FAILURE TO YIELD RIGHT OF WAY,ALLAN & BLOOMFIELD AVE,39.15612973,-86.56139999
901895504,2020,9,6,900,Weekday,2-Car,No injury/unknown,FAILURE TO YIELD RIGHT OF WAY,W ALLEN & W BLOOMFIELD RD,39.15612973,-86.56139999
901840752,2020,6,4,1300,Weekday,2-Car,No injury/unknown,UNSAFE BACKING,WEST ALLEN ST,39.156128,-86.560912
901889833,2020,9,3,800,Weekday,2-Car,No injury/unknown,FOLLOWING TOO CLOSELY,CURRY PIKE & GIFFORD,39.15607203,-86.5827073
901765621,2020,1,6,2300,Weekend,1-Car,Non-incapacitating,ROADWAY SURFACE CONDITION,ALLEN ST & TIMOTHY,39.15597014,-86.55749
901826213,2020,5,6,0,Weekday,1-Car,No injury/unknown,RAN OFF ROAD RIGHT,ALLEN ST & RANSON,39.15590979,-86.55508004
901896685,2020,10,2,1700,Weekday,2-Car,Incapacitating,FAILURE TO YIELD RIGHT OF WAY,ALLEN ST & RANSOM,39.15590979,-86.55508004
901779721,2020,2,5,1500,Weekday,2-Car,No injury/unknown,FAILURE TO YIELD RIGHT OF WAY,ADAM & ALLEN ST,39.15586017,-86.55054979
901931425,2020,11,6,1500,Weekday,2-Car,No injury/unknown,IMPROPER PASSING,ADAMS & ALLEN ST,39.15586017,-86.55054979
901819903,2020,5,2,900,Weekday,2-Car,No injury/unknown,OTHER (DRIVER) - EXPLAIN IN NARRATIVE,HEARTWOOD CT,39.15579781,-86.57020635
901877532,2020,8,1,1300,Weekend,2-Car,No injury/unknown,OTHER (DRIVER) - EXPLAIN IN NARRATIVE,W HEARTWOOD CT,39.15579781,-86.57020635
901943866,2020,12,6,800,Weekday,2-Car,No injury/unknown,LEFT OF CENTER,1100 S ROGERS ST & W ALLEN,39.155776,-86.538592
901798968,2020,3,4,800,Weekday,2-Car,No injury/unknown,OTHER (VEHICLE) - EXPLAIN IN NARRATIVE,W ALLEN ST,39.15577367,-86.54967136
901766056,2020,1,7,2200,Weekend,1-Car,No injury/unknown,UNSAFE BACKING,ALLEN ST & MADISON,39.155744,-86.537296
901859850,2020,7,7,2300,Weekend,2-Car,No injury/unknown,LEFT OF CENTER,S MADISON ST & W ALLEN,39.155744,-86.537296
901825027,2020,5,4,900,Weekday,2-Car,Non-incapacitating,IMPROPER PASSING,BLOOMFIELD RD & SHADELAND,39.15570997,-86.56207993
901897268,2020,10,3,1800,Weekday,2-Car,No injury/unknown,FOLLOWING TOO CLOSELY,S STRONG & W ALLEN ST,39.15565029,-86.54431968
901819774,2020,5,2,700,Weekday,2-Car,No injury/unknown,UNSAFE LANE MOVEMENT,ALLEN & S WALNUT ST,39.155648,-86.5336
901813787,2020,4,4,800,Weekday,2-Car,No injury/unknown,FAILURE TO YIELD RIGHT OF WAY,ALLEN & PATTERSON DR,39.15563017,-86.54330983
901814284,2020,4,5,600,Weekday,Cyclist,Non-incapacitating,IMPROPER PASSING,ALLEN ST & PATTERSON,39.15563017,-86.54327522
901936931,2020,11,5,1800,Weekday,Cyclist,Non-incapacitating,,ALLEN & HENDERSON ST,39.15554971,-86.52703016
901841085,2020,6,5,900,Weekday,1-Car,Non-incapacitating,RAN OFF ROAD RIGHT,SOUTH HENDERSON ST,39.15541358,-86.52696847
901878410,2020,8,3,1400,Weekday,1-Car,No injury/unknown,DISREGARD SIGNAL/REG SIGN,S HIGH ST,39.15519172,-86.508288
901853837,2020,7,1,1800,Weekend,2-Car,Non-incapacitating,DISREGARD SIGNAL/REG SIGN,COLLEGE MALL RD & COVENANTER,39.15518023,-86.49773977
901899311,2020,10,6,2100,Weekend,2-Car,No injury/unknown,FAILURE TO YIELD RIGHT OF WAY,COLLEGE MALL RD & COVENANTER,39.15518023,-86.49773977
901937480,2020,12,1,800,Weekend,1-Car,Non-incapacitating,UNSAFE SPEED,COVENANTER DR & S COLLEGE MALL,39.15518023,-86.49773977
901768651,2020,1,4,1800,Weekday,2-Car,No injury/unknown,FAILURE TO YIELD RIGHT OF WAY,COVENANTER & S COLLEGE MALL RD,39.155152,-86.497888
901848343,2020,6,5,1000,Weekday,2-Car,No injury/unknown,IMPROPER TURNING,COVENANTER & S COLLEGE MALL RD,39.155152,-86.497888
901927252,2020,11,5,1600,Weekday,1-Car,No injury/unknown,UNSAFE SPEED,COLLEGE MALL & E COVENANTER DR,39.155152,-86.497888
901757401,2020,1,7,500,Weekend,2-Car,No injury/unknown,UNSAFE BACKING,CLARIZZ BLVD,39.15514737,-86.49091087
901838229,2020,6,6,1400,Weekday,2-Car,No injury/unknown,FAILURE TO YIELD RIGHT OF WAY,BROADWAY & PROFILE PKWY,39.15514523,-86.59259006
901876504,2020,8,5,1500,Weekday,2-Car,No injury/unknown,FAILURE TO YIELD RIGHT OF WAY,COLLEGE MALL & E COVENANTER DR,39.15514216,-86.49774746
901884505,2020,9,7,1100,Weekend,2-Car,No injury/unknown,,SOUTH ROGERS ST,39.15512848,-86.53839111
901776365,2020,2,7,100,Weekend,2-Car,No injury/unknown,ROADWAY SURFACE CONDITION,AUTO MALL & E COVENANTER DR,39.15503003,-86.49613628
901802115,2020,4,3,1100,Weekday,2-Car,No injury/unknown,FAILURE TO YIELD RIGHT OF WAY,AUTO MALL & E COVENANTER DR,39.15503003,-86.49611682
901773240,2020,2,7,2200,Weekend,2-Car,No injury/unknown,FAILURE TO YIELD RIGHT OF WAY,AUTO MALL & COVENANTER DR,39.15503003,-86.49611033
901887152,2020,9,5,1300,Weekday,2-Car,Non-incapacitating,FOLLOWING TOO CLOSELY,PRIVATE & S COLLEGE MALL RD,39.15496723,-86.49768412
901813764,2020,4,4,800,Weekday,2-Car,No injury/unknown,FAILURE TO YIELD RIGHT OF WAY,DAVIS & ROGERS ST,39.15464,-86.538592
901911419,2020,10,7,200,Weekend,3+ Cars,Non-incapacitating,RAN OFF ROAD RIGHT,E COVENANTER DR & S CLARIZZ,39.15462032,-86.49175537
901907801,2020,10,7,300,Weekend,1-Car,No injury/unknown,RAN OFF ROAD RIGHT,HENNESSEY & ROCKPORT RD,39.15460136,-86.55672021
901776614,2020,2,6,2200,Weekend,1-Car,Non-incapacitating,ROADWAY SURFACE CONDITION,S PARK SQUARE & W GIFFORD RD,39.154448,-86.591696
901766811,2020,1,4,1200,Weekday,2-Car,Non-incapacitating,LEFT OF CENTER,SR45W & WEIMER,39.15441428,-86.56414234
901921606,2020,11,3,800,Weekday,2-Car,No injury/unknown,FAILURE TO YIELD RIGHT OF WAY,GIFFORD RD & WOODSIDE,39.15440977,-86.58883966
901763933,2020,1,4,1200,Weekday,2-Car,Non-incapacitating,LEFT OF CENTER,SR45W & WEIMER,39.15438694,-86.56413853
901906402,2020,10,5,2200,Weekday,1-Car,No injury/unknown,ANIMAL/OBJECT IN ROADWAY,KENT & SR46E,39.154352,-86.39595281
901837033,2020,6,4,1600,Weekday,2-Car,Non-incapacitating,DRIVER DISTRACTED - EXPLAIN IN NARRATIVE,E DAVIS & S WALNUT ST,39.154352,-86.5336
901834627,2020,6,7,1700,Weekend,1-Car,Non-incapacitating,UNSAFE SPEED,W BLOOMFIELD RD & WEIMER,39.154272,-86.564176
901920891,2020,11,1,1200,Weekend,2-Car,No injury/unknown,FAILURE TO YIELD RIGHT OF WAY,W BLOOMFIELD RD & WEIMER,39.154272,-86.564176
901793918,2020,3,6,1500,Weekday,2-Car,No injury/unknown,BRAKE FAILURE OR DEFECTIVE,COLLEGE MALL RD,39.15427029,-86.49764657
901888428,2020,9,1,2000,Weekday,2-Car,No injury/unknown,UNSAFE BACKING,S COLLEGE MALL RD,39.15427029,-86.49764657
901912846,2020,10,2,2200,Weekday,2-Car,No injury/unknown,OTHER (VEHICLE) - EXPLAIN IN NARRATIVE,S COLLEGE MALL RD,39.15427029,-86.49764657
901897990,2020,10,4,1600,Weekday,2-Car,No injury/unknown,FAILURE TO YIELD RIGHT OF WAY,BLOOMFIELD RD & WEIMER,39.15424012,-86.56434975
901916550,2020,11,7,1700,Weekend,2-Car,Non-incapacitating,FOLLOWING TOO CLOSELY,WEIMER & WEST BLOOMFIELD RD,39.15424012,-86.56434975
901924073,2020,11,6,1400,Weekday,1-Car,No injury/unknown,BRAKE FAILURE OR DEFECTIVE,BLOOMFIELD & WEIMER RD,39.15424012,-86.56434975
901887926,2020,9,6,1200,Weekday,2-Car,Non-incapacitating,FAILURE TO YIELD RIGHT OF WAY,BLOOMFIELD RD & WEIMER,39.15420569,-86.56428851
901774993,2020,2,2,1700,Weekday,2-Car,No injury/unknown,LEFT OF CENTER,CONVENATER & HIGH ST,39.15419988,-86.50844983
901831359,2020,5,1,1300,Weekend,2-Car,No injury/unknown,UNSAFE BACKING,S COLLEGE MALL RD,39.15412578,-86.49786768
901761856,2020,1,1,2300,Weekday,1-Car,No injury/unknown,LEFT OF CENTER,WEATHERSTONE LN & WOODLAWN,39.15411003,-86.52273523
901884357,2020,9,7,100,Weekend,1-Car,Non-incapacitating,SPEED TOO FAST FOR WEATHER CONDITIONS,WEATHERSTONE LN & WOODLAWN,39.15411003,-86.52268332
901824895,2020,5,3,2300,Weekday,Cyclist,Non-incapacitating,HEADLIGHT DEFECTIVE OR NOT ON,WEATHERSTONE & WOODLAWN AVE,39.15411003,-86.52264006
901869830,2020,8,6,1100,Weekday,2-Car,No injury/unknown,FAILURE TO YIELD RIGHT OF WAY,CURRY PIKE & WEST 3RD,39.15408537,-86.58292002
901871435,2020,8,1,1600,Weekend,2-Car,Non-incapacitating,FAILURE TO YIELD RIGHT OF WAY,CURRY PIKE & W HERITAGE,39.15405761,-86.5826409
901860356,2020,7,2,2300,Weekday,2-Car,No injury/unknown,DRIVER DISTRACTED - EXPLAIN IN NARRATIVE,S ROCKPORT RD & W COUNTRYSIDE,39.15396732,-86.54180867