Master Record Number,Year,Month,Day,Hour,Weekend,Collision Type,Injury Type,Primary Factor,Reported_Location,Latitude,Longitude
901753884,2020,1,2,900,Weekday,1-Car,No injury/unknown,ROADWAY SURFACE CONDITION,FRIENDSHIP & SR46E,39.15394977,-86.40669065
901840540,2020,6,4,1100,Weekday,Bus,No injury/unknown,IMPROPER PASSING,W BLOOMFIELD RD,39.15394373,-86.56493045
901771101,2020,1,2,1200,Weekday,2-Car,No injury/unknown,UNSAFE BACKING,S ROGERS ST,39.153936,-86.538592
901762336,2020,1,2,1500,Weekday,2-Car,No injury/unknown,IMPROPER TURNING,SOUTH WALNUT ST,39.15388669,-86.5336
901763762,2020,1,5,300,Weekday,1-Car,No injury/unknown,UNSAFE SPEED,S WALNUT ST,39.15388669,-86.5336
901896020,2020,9,1,1600,Weekend,1-Car,No injury/unknown,RAN OFF ROAD RIGHT,FRIENDSHIP & SR46E,39.153856,-86.406688
901773092,2020,2,7,1300,Weekend,3+ Cars,Non-incapacitating,DISREGARD SIGNAL/REG SIGN,S ROGERS & W PATTERSON DR,39.15379295,-86.53875212
901764103,2020,1,5,1200,Weekday,2-Car,No injury/unknown,FOLLOWING TOO CLOSELY,PATTERSON & ROGERS ST,39.15379018,-86.53875008
901788583,2020,3,3,1100,Weekday,2-Car,No injury/unknown,OTHER (DRIVER) - EXPLAIN IN NARRATIVE,PATTERSON & ROGERS ST,39.15379018,-86.53875008
901800026,2020,3,6,1100,Weekday,2-Car,Non-incapacitating,FOLLOWING TOO CLOSELY,PATTERSON & ROGERS ST,39.15379018,-86.53875008
901841414,2020,6,5,1900,Weekday,1-Car,Non-incapacitating,IMPROPER TURNING,PATTERSON ST & ROGERS,39.15379018,-86.53875008
901854195,2020,7,3,1200,Weekday,2-Car,Non-incapacitating,FAILURE TO YIELD RIGHT OF WAY,PATTERSON & ROGERS ST,39.15379018,-86.53875008
901896218,2020,10,2,700,Weekday,2-Car,No injury/unknown,FAILURE TO YIELD RIGHT OF WAY,S ROGERS ST & W PATTERSON,39.15379018,-86.53875008
901918734,2020,11,4,1600,Weekday,2-Car,No injury/unknown,UNSAFE SPEED,PATTERSON & S ROGERS ST,39.15379018,-86.53875008
901933479,2020,12,2,1600,Weekday,2-Car,Non-incapacitating,OTHER (DRIVER) - EXPLAIN IN NARRATIVE,S ROGERS ST & W PATTERSON,39.15379018,-86.53875008
901915883,2020,11,6,1300,Weekday,2-Car,No injury/unknown,UNSAFE BACKING,E 3RD & S HAWTHORNE AVE,39.15367577,-86.52008995
901776720,2020,2,7,1600,Weekend,2-Car,No injury/unknown,FOLLOWING TOO CLOSELY,COLLEGE MALL RD & THIRD,39.15366572,-86.49827018
901815144,2020,4,6,1600,Weekday,2-Car,Non-incapacitating,FOLLOWING TOO CLOSELY,MADISON & PATTERSON DR,39.15363997,-86.53762323
901758853,2020,1,3,1600,Weekday,2-Car,Non-incapacitating,FOLLOWING TOO CLOSELY,MADISON & PATTERSON DR,39.15363997,-86.53757996
901814195,2020,4,4,1700,Weekday,2-Car,Non-incapacitating,FOLLOWING TOO CLOSELY,E COVENANTER & S HIGH ST,39.15362891,-86.50843361
901771683,2020,2,4,600,Weekday,2-Car,No injury/unknown,FAILURE TO YIELD RIGHT OF WAY,GRIMES & WALNUT ST,39.15357733,-86.5336
901926347,2020,11,3,1400,Weekday,Cyclist,Non-incapacitating,FAILURE TO YIELD RIGHT OF WAY,WALNUT & WEST GRIMES LN,39.15344,-86.53430551
901902081,2020,10,5,200,Weekday,1-Car,No injury/unknown,DRIVER DISTRACTED - EXPLAIN IN NARRATIVE,GRIMES LN & MADISON,39.15344,-86.5376
901802713,2020,4,4,1300,Weekday,2-Car,Non-incapacitating,FAILURE TO YIELD RIGHT OF WAY,S MORTON & W GRIMES LN,39.15344,-86.536304
901888494,2020,9,1,1200,Weekend,2-Car,No injury/unknown,IMPROPER TURNING,GRIMES & S WALNUT ST,39.15344,-86.5336
901903267,2020,10,6,1100,Weekday,2-Car,Non-incapacitating,FOLLOWING TOO CLOSELY,E GRIMES ST & S WALNUT,39.15344,-86.5336
901924461,2020,11,7,1000,Weekend,2-Car,No injury/unknown,OTHER (DRIVER) - EXPLAIN IN NARRATIVE,GRIMES & WALNUT ST,39.15344,-86.5336
901924585,2020,11,7,1700,Weekend,2-Car,No injury/unknown,UNSAFE BACKING,WALNUT ST,39.15342171,-86.5336
901850485,2020,7,2,1900,Weekday,Bus,No injury/unknown,,WEST GRIMES LN,39.15339924,-86.53423592
901940236,2020,12,6,2100,Weekend,2-Car,No injury/unknown,FAILURE TO YIELD RIGHT OF WAY,GRIMES & HENDERSON ST,39.153392,-86.527008
901856082,2020,7,7,1000,Weekend,2-Car,Non-incapacitating,SPEED TOO FAST FOR WEATHER CONDITIONS,GRIMES LN & MORTON,39.15336974,-86.53637375
901832648,2020,5,3,1700,Weekday,2-Car,No injury/unknown,FAILURE TO YIELD RIGHT OF WAY,GRIMES LN & STULL,39.15336,-86.524688
901910664,2020,10,5,2300,Weekday,2-Car,Non-incapacitating,FAILURE TO YIELD RIGHT OF WAY,GRIMES & WALNUT ST,39.15335029,-86.53371021
901944501,2020,12,6,1600,Weekday,3+ Cars,No injury/unknown,FOLLOWING TOO CLOSELY,GRIMES & WALNUT ST,39.15335029,-86.53371021
901901371,2020,10,3,2100,Weekday,2-Car,Non-incapacitating,FOLLOWING TOO CLOSELY,GRIMES LN & WALNUT,39.15335029,-86.53370155
901905650,2020,10,4,1500,Weekday,2-Car,No injury/unknown,FOLLOWING TOO CLOSELY,SOUTH WALNUT & WEST GRIMES LN,39.15335029,-86.53370155
901923781,2020,11,6,800,Weekday,2-Car,No injury/unknown,FAILURE TO YIELD RIGHT OF WAY,BASSWOOD DR & RIDGE,39.1533,-86.57250031
901948879,2020,12,7,0,Weekend,2-Car,No injury/unknown,UNSAFE BACKING,GRIMES & PARK ST,39.15327517,-86.52373756
901869259,2020,8,4,1900,Weekday,1-Car,No injury/unknown,OTHER (DRIVER) - EXPLAIN IN NARRATIVE,S FENBROOK LN,39.15325977,-86.48580864
901804172,2020,4,7,100,Weekend,2-Car,No injury/unknown,,S BASSWOOD DR,39.15316388,-86.57256133
901762840,2020,1,3,600,Weekday,1-Car,Fatal,RAN OFF ROAD RIGHT,4000 BLOCK OLD 37 SOUTH RD & RHORER,39.15310483,-86.53135124
901777018,2020,2,1,1500,Weekend,2-Car,No injury/unknown,UNSAFE BACKING,HOOSIER & WALNUT ST,39.153101,-86.53143972
901891672,2020,9,7,0,Weekend,2-Car,No injury/unknown,UNSAFE BACKING,S FENBROOK LN,39.15304586,-86.48636788
901768874,2020,1,5,1600,Weekday,2-Car,No injury/unknown,FOLLOWING TOO CLOSELY,NORTH JORDAN AVE & SEVENTH,39.15298672,-86.51615984
901856892,2020,7,1,2100,Weekday,Moped/Motorcycle,Non-incapacitating,UNSAFE SPEED,STRONG DR,39.15298082,-86.54525443
901938256,2020,12,4,600,Weekday,1-Car,No injury/unknown,ANIMAL/OBJECT IN ROADWAY,BRUMMETTS CREEK & SR46E,39.15285526,-86.39266882
901951581,2020,12,2,1500,Weekday,1-Car,Non-incapacitating,RAN OFF ROAD RIGHT,SR46 & WOODVIEW,39.152656,-86.3777883
901825854,2020,5,5,1700,Weekday,2-Car,No injury/unknown,FOLLOWING TOO CLOSELY,DRISCOLL & ROGERS ST,39.15264,-86.538592
901784899,2020,2,2,1500,Weekday,1-Car,No injury/unknown,RAN OFF ROAD RIGHT,BROWN COUNTY LINE & SR46E,39.15263012,-86.37109131
901791029,2020,3,5,1000,Weekday,1-Car,No injury/unknown,SPEED TOO FAST FOR WEATHER CONDITIONS,BROWN COUNTY LINE & E ST RD 46 ST,39.15263012,-86.37105244
901899218,2020,10,6,1700,Weekday,2-Car,No injury/unknown,FAILURE TO YIELD RIGHT OF WAY,DRISCOLL & S GRANT ST,39.152544,-86.530064
901912828,2020,10,2,2100,Weekday,1-Car,No injury/unknown,LEFT OF CENTER,1304 S HENDERSON ST & DRISCOLL,39.152544,-86.526992
901914329,2020,10,4,2300,Weekday,1-Car,No injury/unknown,ANIMAL/OBJECT IN ROADWAY,KENT & SR46E,39.15252015,-86.4003435
901927206,2020,11,5,1100,Weekday,1-Car,No injury/unknown,OVERCORRECTING/OVERSTEERING,KENT & SR46E,39.15252015,-86.4002139
901797816,2020,3,7,2100,Weekend,2-Car,No injury/unknown,OTHER (DRIVER) - EXPLAIN IN NARRATIVE,S COLLEGE MALL RD,39.15250667,-86.497904
901761200,2020,1,6,1800,Weekday,2-Car,No injury/unknown,FAILURE TO YIELD RIGHT OF WAY,CLARIZZ BLVD & COVENANTER,39.15246986,-86.49051994
901916366,2020,11,1,1200,Weekend,2-Car,No injury/unknown,FAILURE TO YIELD RIGHT OF WAY,CLARIZZ BLVD & COVENANTER,39.15246986,-86.49051994
901783576,2020,2,6,2000,Weekend,Cyclist,Incapacitating,ROADWAY SURFACE CONDITION,MONON & WALNUT ST,39.15217012,-86.53369009
901888321,2020,9,1,1100,Weekend,1-Car,Non-incapacitating,RAN OFF ROAD RIGHT,GIFFORD RD,39.15216446,-86.6340866
901765311,2020,1,6,1500,Weekday,2-Car,No injury/unknown,FAILURE TO YIELD RIGHT OF WAY,ADAMS ST & PATTERSON,39.15209638,-86.55050016
901854494,2020,7,3,1500,Weekday,1-Car,No injury/unknown,DRIVER ASLEEP OR FATIGUED,SR46E & WOODVIEW HILLS,39.152,-86.3812
901801814,2020,3,7,100,Weekend,Pedestrian,Incapacitating,PEDESTRIAN ACTION,WALNUT ST & WILSON,39.15182206,-86.53372748
901856712,2020,7,2,900,Weekday,2-Car,No injury/unknown,UNSAFE BACKING,BRENDA DR & HENDERSON,39.15182009,-86.5269497
901795749,2020,3,3,1600,Weekday,1-Car,Non-incapacitating,RAN OFF ROAD RIGHT,SEWELL & SR46,39.15175974,-86.38290328
901829504,2020,5,4,1500,Weekday,Bus,No injury/unknown,OTHER (ENVIRONMENTAL) - EXPLAIN IN NARR,GARRISON CHAPEL & RICE RD,39.15166557,-86.65662125
901833158,2020,5,7,1500,Weekend,2-Car,No injury/unknown,LEFT OF CENTER,GARRISON CHAPEL & RICE RD,39.15166557,-86.65662125
901906802,2020,10,6,1600,Weekday,2-Car,No injury/unknown,SPEED TOO FAST FOR WEATHER CONDITIONS,S WALNUT ST & WILSON,39.151648,-86.5336
901895049,2020,9,6,900,Weekday,2-Car,No injury/unknown,UNSAFE BACKING,S FENBROOK LN,39.15162764,-86.48757219
901865849,2020,8,4,1600,Weekday,2-Car,No injury/unknown,FAILURE TO YIELD RIGHT OF WAY,GARRISON CHAPEL RD & GIFFORD,39.151552,-86.643504
901943641,2020,12,5,1500,Weekday,2-Car,No injury/unknown,LEFT OF CENTER,GIFFORD & S GARRISON CHAPEL RD,39.151552,-86.643504
901769874,2020,1,1,300,Weekend,1-Car,No injury/unknown,ANIMAL/OBJECT IN ROADWAY,SEWELL & SR46E,39.1515387,-86.38465412
901829489,2020,5,3,1500,Weekday,2-Car,No injury/unknown,FOLLOWING TOO CLOSELY,WALNUT ST & WILSON,39.15149018,-86.53369009
901831778,2020,5,2,100,Weekday,2-Car,No injury/unknown,OTHER (DRIVER) - EXPLAIN IN NARRATIVE,WASHINGTON ST & WILSON,39.15147867,-86.5324
901830709,2020,5,6,1800,Weekday,1-Car,Non-incapacitating,RAN OFF ROAD RIGHT,CAVE & W GIFFORD RD,39.15144,-86.6288
901838463,2020,6,7,1100,Weekend,2-Car,No injury/unknown,UNSAFE BACKING,WOODVIEW DR,39.15140152,-86.38205718
901943394,2020,12,3,1600,Weekday,1-Car,Non-incapacitating,ANIMAL/OBJECT IN ROADWAY,CURRY PIKE & GIFFORD,39.15138405,-86.58263973
901914313,2020,10,7,100,Weekend,Moped/Motorcycle,No injury/unknown,UNSAFE BACKING,LINCOLN ST,39.15137863,-86.53105163
901849205,2020,6,5,2200,Weekday,2-Car,No injury/unknown,FAILURE TO YIELD RIGHT OF WAY,GIFFORD RD & KIRBY,39.15134698,-86.61031799
901911123,2020,10,5,1600,Weekday,2-Car,No injury/unknown,DRIVER DISTRACTED - EXPLAIN IN NARRATIVE,ENDWRIGHT & GIFFORD RD,39.151344,-86.5964
901772355,2020,2,4,1600,Weekday,2-Car,No injury/unknown,DRIVER DISTRACTED - EXPLAIN IN NARRATIVE,W CONSTITUTION DR,39.15129371,-86.57996624
901942288,2020,12,3,1800,Weekday,2-Car,Incapacitating,FAILURE TO YIELD RIGHT OF WAY,CONSTITUTION & CURRY PIKE,39.15127024,-86.58262029
901914174,2020,10,3,1600,Weekday,2-Car,No injury/unknown,FAILURE TO YIELD RIGHT OF WAY,CONSTITUSION RD & CURRY,39.15127024,-86.58262029
901798383,2020,3,2,600,Weekday,1-Car,Incapacitating,UNSAFE SPEED,CLEVE BUTCHER & FAIRFAX RD,39.15125366,-86.49055011
901772898,2020,2,6,600,Weekday,2-Car,No injury/unknown,OTHER (DRIVER) - EXPLAIN IN NARRATIVE,S CLARIZZ BLVD,39.1509638,-86.49129711
901805022,2020,4,2,1600,Weekday,2-Car,No injury/unknown,OTHER (DRIVER) - EXPLAIN IN NARRATIVE,S CLARIZZ BLVD,39.1509638,-86.49129711
901833182,2020,5,4,1700,Weekday,2-Car,No injury/unknown,UNSAFE BACKING,S CLARIZZ BLVD,39.1509638,-86.49129711
901877711,2020,8,7,100,Weekend,2-Car,No injury/unknown,UNSAFE BACKING,S CLARRIZ BLVD,39.1509638,-86.49129711
901895570,2020,9,7,900,Weekend,1-Car,No injury/unknown,RAN OFF ROAD RIGHT,S FENBROOK LN,39.15096246,-86.48668974
901797027,2020,3,6,1200,Weekday,2-Car,Non-incapacitating,FOLLOWING TOO CLOSELY,BASSWOOD DR & COPPER BEACH,39.15072204,-86.57132685
901846910,2020,6,2,1400,Weekday,2-Car,Non-incapacitating,FAILURE TO YIELD RIGHT OF WAY,HILLSIDE DR & WOODLAWN,39.15072,-86.522496
901949482,2020,12,7,1200,Weekend,2-Car,No injury/unknown,FAILURE TO YIELD RIGHT OF WAY,E HILLSIDE DR & S WOODLAWN,39.15072,-86.522496
901888990,2020,9,2,1400,Weekday,3+ Cars,Non-incapacitating,FOLLOWING TOO CLOSELY,E HILLSIDE DR & HENDERSON,39.15067858,-86.52590322
901776486,2020,2,7,1000,Weekend,2-Car,No injury/unknown,SPEED TOO FAST FOR WEATHER CONDITIONS,HENDERSON & HILLSIDE DR,39.15064,-86.52696
901789164,2020,3,4,1000,Weekday,Bus,No injury/unknown,FAILURE TO YIELD RIGHT OF WAY,E HILLSIDE & S HENDERSON ST,39.15064,-86.52696
901820321,2020,5,2,1600,Weekday,2-Car,Non-incapacitating,FOLLOWING TOO CLOSELY,HENDERSON ST & HILLSIDE,39.15064,-86.52696
901802380,2020,4,3,1800,Weekday,2-Car,No injury/unknown,UNSAFE BACKING,HENDERSON & HILLSIDE DR,39.15064,-86.52696
901906970,2020,10,6,1800,Weekday,3+ Cars,Non-incapacitating,UNSAFE SPEED,HENDERSON & HILLSIDE DR,39.15064,-86.52696
901929398,2020,11,3,600,Weekday,2-Car,Non-incapacitating,OTHER (DRIVER) - EXPLAIN IN NARRATIVE,HENDERSON & HILLSIDE DR,39.15064,-86.52696
901929786,2020,11,3,1300,Weekday,Pedestrian,Non-incapacitating,PEDESTRIAN ACTION,HENDERSON & HILLSIDE DR,39.15064,-86.52696
901807774,2020,4,6,1100,Weekday,2-Car,No injury/unknown,FAILURE TO YIELD RIGHT OF WAY,E HILLSIDE ST,39.150608,-86.529104
901796829,2020,3,2,1100,Weekday,2-Car,No injury/unknown,UNSAFE BACKING,CURRY PIKE,39.15058963,-86.58256262
901862847,2020,7,6,1700,Weekday,2-Car,No injury/unknown,FOLLOWING TOO CLOSELY,HILLSIDE DR & MAXWELL,39.150576,-86.515088
901875960,2020,8,4,1600,Weekday,2-Car,No injury/unknown,FOLLOWING TOO CLOSELY,EAST HILLSIDE DR & SOUTH MAXWELL,39.150576,-86.515088
901908455,2020,10,2,1700,Weekday,2-Car,No injury/unknown,FOLLOWING TOO CLOSELY,ROGERS ST & WEST HILLSIDE,39.15057018,-86.53876014
901889541,2020,9,3,1200,Weekday,2-Car,No injury/unknown,FAILURE TO YIELD RIGHT OF WAY,HENDERSON & HILLSIDE DR,39.15056013,-86.52691014
901892844,2020,9,2,1300,Weekday,3+ Cars,No injury/unknown,FAILURE TO YIELD RIGHT OF WAY,HILLSIDE DR & WASHINGTON,39.15056,-86.5324
901911785,2020,10,6,2100,Weekend,2-Car,No injury/unknown,OTHER (DRIVER) - EXPLAIN IN NARRATIVE,EAST HILLSIDE DR,39.15056,-86.5324
901939399,2020,12,5,1300,Weekday,2-Car,No injury/unknown,FOLLOWING TOO CLOSELY,E HILLSIDE DR & NANCY,39.150544,-86.51144074
901886481,2020,9,4,1100,Weekday,2-Car,No injury/unknown,FOLLOWING TOO CLOSELY,E MOORES PIKE & HIGH,39.150544,-86.50652429
901815506,2020,4,7,2100,Weekend,2-Car,No injury/unknown,DISREGARD SIGNAL/REG SIGN,HILLSIDE & WALNUT ST,39.150544,-86.5336
901827007,2020,5,7,700,Weekend,2-Car,No injury/unknown,OTHER (DRIVER) - EXPLAIN IN NARRATIVE,HILLSIDE & WALNUT ST,39.150544,-86.5336
901882513,2020,9,3,1500,Weekday,2-Car,Non-incapacitating,FOLLOWING TOO CLOSELY,HILLSIDE & N WALNUT ST,39.150544,-86.5336
901884507,2020,9,7,1200,Weekend,2-Car,Non-incapacitating,FAILURE TO YIELD RIGHT OF WAY,HILLSIDE & S WALNUT ST,39.150544,-86.5336
901917405,2020,11,2,1800,Weekday,2-Car,Non-incapacitating,FAILURE TO YIELD RIGHT OF WAY,HILLSIDE & SOUTH WALNUT ST,39.150544,-86.5336
901945644,2020,12,1,1700,Weekend,2-Car,No injury/unknown,UNSAFE BACKING,E HILLSIDE DR,39.150544,-86.5136
901834096,2020,6,6,900,Weekday,2-Car,No injury/unknown,FAILURE TO YIELD RIGHT OF WAY,HILLSIDE DR & LONGWOOD,39.150544,-86.512592
901828404,2020,5,2,1600,Weekday,2-Car,No injury/unknown,DRIVER DISTRACTED - EXPLAIN IN NARRATIVE,E HILLSIDE DR & S NANCY,39.150544,-86.511088
901811959,2020,4,6,1800,Weekday,3+ Cars,Non-incapacitating,FOLLOWING TOO CLOSELY,CLIFTON & EAST HILLSIDE DR,39.150544,-86.5096
901822689,2020,5,5,2100,Weekday,1-Car,No injury/unknown,ANIMAL/OBJECT IN ROADWAY,CLIFTON & HILLSIDE DR,39.150544,-86.5096
901788242,2020,3,2,1900,Weekday,1-Car,No injury/unknown,ANIMAL/OBJECT IN ROADWAY,HIGH & HILLSIDE DR,39.150544,-86.508288
901809892,2020,4,3,1600,Weekday,2-Car,Incapacitating,FOLLOWING TOO CLOSELY,HIGH & MOORES PIKE,39.150544,-86.508288
901909367,2020,10,3,1600,Weekday,3+ Cars,Non-incapacitating,FOLLOWING TOO CLOSELY,E MOORES PIKE & S HIGH,39.150544,-86.508288
901909925,2020,10,3,1800,Weekday,3+ Cars,No injury/unknown,FOLLOWING TOO CLOSELY,E MOORES PIKE & VALLEY FORGE,39.150544,-86.502992
901855899,2020,7,5,1700,Weekday,2-Car,No injury/unknown,FOLLOWING TOO CLOSELY,HILLSIDE & WOODLAWN AVE,39.15052995,-86.52261994
901911534,2020,10,7,1200,Weekend,2-Car,No injury/unknown,FAILURE TO YIELD RIGHT OF WAY,HILLSIDE DR & WOODLAWN,39.15052995,-86.52261994
901920623,2020,11,7,1500,Weekend,2-Car,No injury/unknown,FAILURE TO YIELD RIGHT OF WAY,HILLSIDE & WALNUT ST,39.15051989,-86.53366997
901760316,2020,1,5,2300,Weekday,2-Car,No injury/unknown,LEFT OF CENTER,HILLSIDE DR & PALMER,39.15050983,-86.52924969
901871345,2020,8,2,1500,Weekday,3+ Cars,Non-incapacitating,FOLLOWING TOO CLOSELY,HILLSIDE DR & LONGWOOD,39.15050983,-86.5125402
901872225,2020,8,3,1500,Weekday,2-Car,Non-incapacitating,FOLLOWING TOO CLOSELY,HILLSIDE DR & NANCY,39.15050983,-86.51106894
901756012,2020,1,4,1500,Weekday,2-Car,No injury/unknown,BRAKE FAILURE OR DEFECTIVE,HILLSIDE DR & NANCY,39.15050983,-86.51106029
901934193,2020,12,4,1300,Weekday,2-Car,No injury/unknown,FOLLOWING TOO CLOSELY,HILLSIDE DR & NANCY,39.15050983,-86.51106029
901867685,2020,8,2,1700,Weekday,2-Car,No injury/unknown,CELL PHONE USAGE,CAPE COD & MOORES PIKE,39.15048972,-86.50665148
901756456,2020,1,5,900,Weekday,2-Car,No injury/unknown,UNSAFE BACKING,EAST HILLSIDE DR,39.15048838,-86.5229807
901874633,2020,8,2,1400,Weekday,2-Car,No injury/unknown,FOLLOWING TOO CLOSELY,COLLEGE MALL & MOORES PIKE,39.15048033,-86.49825006
901905435,2020,10,4,700,Weekday,1-Car,No injury/unknown,ANIMAL/OBJECT IN ROADWAY,MOORES PIKE & SARE,39.15046021,-86.49918877
901821326,2020,5,4,1200,Weekday,2-Car,Non-incapacitating,FOLLOWING TOO CLOSELY,E MOORES PIKE & S SARE,39.150448,-86.4992
901875396,2020,8,3,1900,Weekday,1-Car,No injury/unknown,ANIMAL/OBJECT IN ROADWAY,MOORES PIKE & SARE,39.150448,-86.49814178
901855703,2020,7,5,1700,Weekday,2-Car,No injury/unknown,FAILURE TO YIELD RIGHT OF WAY,COLLEGE MALL & E MOORES PIKE,39.150448,-86.498
901927452,2020,11,6,700,Weekday,2-Car,No injury/unknown,UNSAFE SPEED,COLLEGE MALL & MOORES PIKE,39.150448,-86.498
901890871,2020,9,5,1500,Weekday,2-Car,No injury/unknown,SPEED TOO FAST FOR WEATHER CONDITIONS,COLLEGE MALL & MOORES PIKE,39.15041557,-86.4969426
901819123,2020,5,6,2100,Weekend,Bus,No injury/unknown,UNSAFE LANE MOVEMENT,EAST 2ND & SOUTH COLLEGE MALL RD,39.15036682,-86.49772033
901813618,2020,4,3,1600,Weekday,2-Car,No injury/unknown,FAILURE TO YIELD RIGHT OF WAY,EAST MOORES & SR446S,39.150352,-86.471296
901824599,2020,5,2,2000,Weekday,1-Car,No injury/unknown,UNSAFE SPEED,EAST MOORES & SR446N,39.150352,-86.471296
901827596,2020,5,7,1500,Weekend,2-Car,No injury/unknown,FAILURE TO YIELD RIGHT OF WAY,MOORES & SR446N,39.150352,-86.471296
901842164,2020,6,7,1100,Weekend,2-Car,No injury/unknown,FOLLOWING TOO CLOSELY,E MOORES PIKE & SR446,39.150352,-86.471296
901861901,2020,7,5,100,Weekday,1-Car,No injury/unknown,RAN OFF ROAD RIGHT,EAST MOORES & SR446N,39.15035024,-86.47138975
901871374,2020,8,2,1700,Weekday,2-Car,Non-incapacitating,FOLLOWING TOO CLOSELY,446 & MOORES PIKE,39.15035024,-86.47138975
901891941,2020,9,7,1900,Weekend,2-Car,No injury/unknown,FAILURE TO YIELD RIGHT OF WAY,MOORES & SR446S,39.15035024,-86.47138975
901934983,2020,12,5,1800,Weekday,2-Car,Non-incapacitating,FOLLOWING TOO CLOSELY,MOORES PIKE & SR446S,39.15035024,-86.47138975
901755303,2020,1,3,1800,Weekday,1-Car,No injury/unknown,ANIMAL/OBJECT IN ROADWAY,CLARIZZ & MOORES PIKE,39.15034018,-86.4913199
901762395,2020,1,2,1700,Weekday,3+ Cars,No injury/unknown,FAILURE TO YIELD RIGHT OF WAY,CARIZZ & MOORES PIKE,39.15034018,-86.4913199
901830692,2020,5,6,1500,Weekday,2-Car,No injury/unknown,FOLLOWING TOO CLOSELY,CLARIZZ BLVD & MOORES,39.15034018,-86.4913199
901789716,2020,3,7,1300,Weekend,1-Car,No injury/unknown,DRIVER DISTRACTED - EXPLAIN IN NARRATIVE,MOORES PIKE & WINGFIELD,39.15023021,-86.47827292
901803708,2020,4,6,1500,Weekday,Cyclist,No injury/unknown,FOLLOWING TOO CLOSELY,MOORES PIKE & SMITH,39.150224,-86.480464
901880189,2020,8,5,1900,Weekday,2-Car,Non-incapacitating,DISREGARD SIGNAL/REG SIGN,MOORES PIKE & SMITH,39.15022016,-86.48046031
901886066,2020,9,3,700,Weekday,Moped/Motorcycle,Fatal,FOLLOWING TOO CLOSELY,E MOORES PIKE & S OLCOTT,39.15018998,-86.4850007
901772404,2020,2,5,1900,Weekday,1-Car,Non-incapacitating,ANIMAL/OBJECT IN ROADWAY,MOORES PIKE & OLCOTT,39.15018998,-86.48498989
901827027,2020,5,6,1600,Weekday,2-Car,No injury/unknown,FAILURE TO YIELD RIGHT OF WAY,MOORES PIKE & OLCOTT,39.15018998,-86.48498989
901910594,2020,10,5,1700,Weekday,2-Car,No injury/unknown,FAILURE TO YIELD RIGHT OF WAY,E MOORES PIKE & S OLCOTT,39.15018998,-86.48498989
901935286,2020,12,6,1000,Weekday,2-Car,No injury/unknown,FOLLOWING TOO CLOSELY,MOORES PIKE & RENWICK,39.15013969,-86.50094032
901810705,2020,4,3,100,Weekday,1-Car,No injury/unknown,RAN OFF ROAD RIGHT,MOORES & SMITH RD,39.14994938,-86.48045809
901915691,2020,11,6,1500,Weekday,2-Car,No injury/unknown,FAILURE TO YIELD RIGHT OF WAY,SOUTHERN & WALNUT ST,39.14984,-86.533392
901948728,2020,12,6,1400,Weekday,Pedestrian,Non-incapacitating,PEDESTRIAN ACTION,S WALNUT ST & SOUTHERN,39.14984,-86.533392
901755228,2020,1,3,1600,Weekday,2-Car,No injury/unknown,UNSAFE BACKING,E SOUTHERN DR,39.14984,-86.53213111
901779700,2020,2,2,1900,Weekday,2-Car,No injury/unknown,OTHER (DRIVER) - EXPLAIN IN NARRATIVE,EAST SOUTHERN DR,39.14984,-86.52990593
901844378,2020,6,4,1300,Weekday,Moped/Motorcycle,Non-incapacitating,OVERCORRECTING/OVERSTEERING,E SUMMIT VIEW & S HENDERSON ST,39.14983448,-86.52695976
901784998,2020,2,3,800,Weekday,2-Car,No injury/unknown,UNSAFE BACKING,1602 S WALNUT ST ST,39.14982139,-86.53338645
901787588,2020,3,2,400,Weekday,1-Car,Non-incapacitating,SPEED TOO FAST FOR WEATHER CONDITIONS,BASSWOOD & BLOOMFIELD RD,39.14978027,-86.56897663
901763209,2020,1,4,400,Weekday,1-Car,No injury/unknown,RAN OFF ROAD RIGHT,BASSWOOD & BLOOMFIELD RD,39.14978027,-86.56891603
901827767,2020,5,1,2100,Weekday,2-Car,No injury/unknown,FAILURE TO YIELD RIGHT OF WAY,S BASSWOOD & W BLOOMFIELD RD,39.14978027,-86.56889006
901856464,2020,7,5,1500,Weekday,Moped/Motorcycle,Non-incapacitating,FOLLOWING TOO CLOSELY,BLOOMFIELD RD & OAKDALE,39.14978027,-86.56889006
901875482,2020,8,3,1200,Weekday,2-Car,No injury/unknown,FAILURE TO YIELD RIGHT OF WAY,S BASSWOOD & W BLOOMFIELD RD,39.14978027,-86.56889006
901928310,2020,11,1,1900,Weekday,2-Car,No injury/unknown,UNSAFE LANE MOVEMENT,BASSWOOD & BLOOMFIELD RD,39.14978027,-86.56889006
901933503,2020,12,3,1500,Weekday,2-Car,No injury/unknown,FOLLOWING TOO CLOSELY,BASSWOOD & BLOOMFIELD RD,39.14978027,-86.56889006
901806581,2020,4,5,700,Weekday,2-Car,No injury/unknown,FAILURE TO YIELD RIGHT OF WAY,SOUTHERN & WALNUT ST,39.14977022,-86.53350032
901861782,2020,7,4,1700,Weekday,Pedestrian,Non-incapacitating,FAILURE TO YIELD RIGHT OF WAY,SOUTHERN & WALNUT ST,39.14977022,-86.53350032
901776341,2020,2,7,300,Weekend,1-Car,Non-incapacitating,RAN OFF ROAD RIGHT,S ROGERS ST & W PATTERSON,39.14972778,-86.53881311