Master Record Number,Year,Month,Day,Hour,Weekend,Collision Type,Injury Type,Primary Factor,Reported_Location,Latitude,Longitude
901812726,2020,4,2,900,Weekday,2-Car,No injury/unknown,FAILURE TO YIELD RIGHT OF WAY,PATTERSON & S ROGERS ST,39.14956157,-86.53875008
901763898,2020,1,5,800,Weekday,2-Car,No injury/unknown,FAILURE TO YIELD RIGHT OF WAY,CONSTITUTION AVENUE & LIBERTY DRIVE RD,39.149552,-86.575936
901853475,2020,7,2,1200,Weekday,2-Car,No injury/unknown,FOLLOWING TOO CLOSELY,CONSTITUTION & S LIBERTY DR,39.149552,-86.575936
901862614,2020,7,3,1300,Weekday,2-Car,No injury/unknown,FAILURE TO YIELD RIGHT OF WAY,CONSTITUTION & LIBERTY DR,39.149552,-86.575936
901873255,2020,8,6,1100,Weekday,2-Car,No injury/unknown,FOLLOWING TOO CLOSELY,CONSTITUTION & S LIBERTY DR,39.149552,-86.575936
901937147,2020,12,2,1600,Weekday,2-Car,Non-incapacitating,FAILURE TO YIELD RIGHT OF WAY,LIBERTY & S LIBERTY DR,39.149552,-86.575936
901933408,2020,12,3,1200,Weekday,2-Car,No injury/unknown,FAILURE TO YIELD RIGHT OF WAY,CONSTITUTION & S LIBERTY DR,39.149552,-86.575936
901935813,2020,12,7,800,Weekend,2-Car,No injury/unknown,UNSAFE BACKING,BLOOMFIELD RD,39.14936,-86.57008
901935782,2020,12,6,1200,Weekday,1-Car,No injury/unknown,RAN OFF ROAD RIGHT,SOUTH PIAZZA DR,39.14934777,-86.49972461
901837709,2020,6,5,2300,Weekday,2-Car,No injury/unknown,IMPROPER TURNING,HUNTINGTON & THORTON DR,39.14930016,-86.52083024
901866402,2020,8,6,1400,Weekday,2-Car,No injury/unknown,FOLLOWING TOO CLOSELY,CONSTITUTION & SOUTH LIBERTY DR,39.14927792,-86.57591316
901876955,2020,8,3,1600,Weekday,2-Car,No injury/unknown,FOLLOWING TOO CLOSELY,CONSTITUTION & LIBERTY DR,39.14927792,-86.57591316
901869138,2020,8,5,100,Weekday,2-Car,No injury/unknown,,S DORCHESTER DR,39.14920494,-86.51172213
901876705,2020,8,6,900,Weekday,2-Car,No injury/unknown,OTHER (DRIVER) - EXPLAIN IN NARRATIVE,SOUTH DORCHESTER DR,39.14920494,-86.51172213
901791302,2020,3,2,700,Weekday,Pedestrian,Non-incapacitating,PEDESTRIAN ACTION,1602 S WALNUT ST & VERMILYA,39.148928,-86.53312
901920303,2020,11,7,1900,Weekend,2-Car,No injury/unknown,IMPROPER TURNING,E VERMILYA AVE & S WALNUT,39.14891995,-86.53324015
901779759,2020,2,5,1900,Weekday,1-Car,No injury/unknown,TIRE FAILURE OR DEFECTIVE,E CATHCART & S SARE RD,39.14882004,-86.49905003
901909306,2020,10,3,1200,Weekday,2-Car,No injury/unknown,LEFT OF CENTER,BELLMEADE & LAMPKINS RIDGE RD,39.14874025,-86.45438651
901863432,2020,7,1,2000,Weekday,Moped/Motorcycle,Non-incapacitating,IMPROPER TURNING,S CURRY PIKE,39.1486247,-86.58267896
901790771,2020,3,6,1700,Weekday,2-Car,No injury/unknown,UNSAFE BACKING,BLOOMFIELD & OAKDALE DR,39.148544,-86.571504
901777364,2020,2,1,1000,Weekend,2-Car,No injury/unknown,FAILURE TO YIELD RIGHT OF WAY,BLOOMFIELD RD RD & OAKDALE DR,39.148544,-86.571504
901931873,2020,12,7,1500,Weekend,2-Car,No injury/unknown,FAILURE TO YIELD RIGHT OF WAY,BLOOMFIELD RD & OAKDALE,39.14849919,-86.57167071
901797686,2020,3,1,900,Weekend,2-Car,No injury/unknown,FAILURE TO YIELD RIGHT OF WAY,S SR 446,39.148464,-86.471256
901934313,2020,11,2,1700,Weekday,2-Car,Non-incapacitating,FOLLOWING TOO CLOSELY,SR 45 RD,39.148448,-86.573
901781101,2020,2,1,1300,Weekend,2-Car,No injury/unknown,IMPROPER LANE USAGE,COLLEGE MALL RD & THIRD,39.14837855,-86.49827018
901765894,2020,1,7,1600,Weekend,2-Car,No injury/unknown,SPEED TOO FAST FOR WEATHER CONDITIONS,HIGHLAND & THORTON DR,39.14827019,-86.51748881
901755297,2020,1,3,1800,Weekday,2-Car,No injury/unknown,FAILURE TO YIELD RIGHT OF WAY,BLOOMFIELD RD & SR37,39.14823363,-86.57265858
901832619,2020,5,3,2000,Weekday,1-Car,No injury/unknown,OTHER (DRIVER) - EXPLAIN IN NARRATIVE,S WILTON DR,39.14818514,-86.511792
901878657,2020,8,3,1000,Weekday,2-Car,No injury/unknown,FOLLOWING TOO CLOSELY,CONSTITUTION & S LIBERTY DR,39.14818059,-86.57595154
901764132,2020,1,5,1300,Weekday,3+ Cars,No injury/unknown,FOLLOWING TOO CLOSELY,BLOOMFIELD RD & SR37N,39.148144,-86.572992
901790693,2020,3,6,1100,Weekday,1-Car,Non-incapacitating,RAN OFF ROAD RIGHT,9449 WEST 46 & SR46W,39.148144,-86.572992
901768151,2020,1,4,1700,Weekday,2-Car,Non-incapacitating,FOLLOWING TOO CLOSELY,BLOOMFIELD & SR37N,39.148144,-86.572992
901771798,2020,2,4,1300,Weekday,2-Car,No injury/unknown,FOLLOWING TOO CLOSELY,BLOOMFIELD & STATE ROAD 37 RAMP,39.148144,-86.572992
901775985,2020,2,6,1300,Weekday,2-Car,No injury/unknown,TIRE FAILURE OR DEFECTIVE,BLOOMFIELD RD & SR37N,39.148144,-86.572992
901802857,2020,4,4,1600,Weekday,2-Car,Non-incapacitating,FOLLOWING TOO CLOSELY,BLOOMFIELD RD & SR37,39.148144,-86.572992
901803600,2020,4,6,1100,Weekday,2-Car,No injury/unknown,OTHER (DRIVER) - EXPLAIN IN NARRATIVE,SR37 & STATE ROAD 45 RD,39.148144,-86.572992
901803996,2020,4,7,1400,Weekend,2-Car,No injury/unknown,DISREGARD SIGNAL/REG SIGN,BLOOMFIELD & SR37S,39.148144,-86.572992
901822620,2020,5,6,1500,Weekday,2-Car,No injury/unknown,FOLLOWING TOO CLOSELY,SR37 & SR45W,39.148144,-86.572992
901852101,2020,7,5,1900,Weekday,2-Car,Non-incapacitating,FAILURE TO YIELD RIGHT OF WAY,SR37 & SR45E,39.148144,-86.572992
901834017,2020,6,6,700,Weekday,2-Car,Non-incapacitating,FOLLOWING TOO CLOSELY,SR37S & SR45W,39.148144,-86.572992
901841748,2020,6,6,1200,Weekday,2-Car,No injury/unknown,FOLLOWING TOO CLOSELY,SR37 & W BLOOMFIELD RD,39.148144,-86.572992
901841996,2020,6,6,1800,Weekday,2-Car,Non-incapacitating,FOLLOWING TOO CLOSELY,SR37 & SR45E,39.148144,-86.572992
901866676,2020,8,7,1400,Weekend,2-Car,No injury/unknown,FAILURE TO YIELD RIGHT OF WAY,BLOOMFIELD RD & SR37N,39.148144,-86.572992
901875393,2020,8,3,1800,Weekday,2-Car,No injury/unknown,FAILURE TO YIELD RIGHT OF WAY,SR37N & W BLOOMFIELD RD,39.148144,-86.572992
901875750,2020,8,3,1500,Weekday,2-Car,No injury/unknown,UNSAFE LANE MOVEMENT,BLOOMFIELD RD & SR37N,39.148144,-86.572992
901881546,2020,9,2,1500,Weekday,2-Car,No injury/unknown,FOLLOWING TOO CLOSELY,BLOOMFIELD RD & SR45,39.148144,-86.572992
901926971,2020,11,4,1600,Weekday,2-Car,Non-incapacitating,DISREGARD SIGNAL/REG SIGN,BLOOMFIELD RD & SR3715,39.148144,-86.572992
901935869,2020,12,7,1200,Weekend,2-Car,No injury/unknown,FOLLOWING TOO CLOSELY,SR37S & SR45W,39.148144,-86.572992
901907750,2020,10,1,2100,Weekday,1-Car,No injury/unknown,OVERCORRECTING/OVERSTEERING,E LAMPKINS RIDGE RD & S BELLEMEADE,39.14800381,-86.4490069
901920042,2020,11,6,1500,Weekday,2-Car,No injury/unknown,FOLLOWING TOO CLOSELY,HILLSIDE & ROGERS ST,39.14789704,-86.53869304
901812689,2020,4,6,1100,Weekday,Moped/Motorcycle,No injury/unknown,OTHER (DRIVER) - EXPLAIN IN NARRATIVE,INNOVATION CT & VERNAL,39.14778453,-86.5948002
901780019,2020,2,4,1000,Weekday,2-Car,Non-incapacitating,LEFT OF CENTER,LEONARD SPRINGS & SR45W,39.14776038,-86.57428005
901844390,2020,6,3,1900,Weekday,2-Car,Non-incapacitating,FOLLOWING TOO CLOSELY,BLOOMFIELD RD & SR37,39.14773506,-86.57308102
901840207,2020,6,3,1500,Weekday,2-Car,Non-incapacitating,UNSAFE LANE MOVEMENT,SR37S & W 2ND,39.14773506,-86.57295227
901844975,2020,6,5,1600,Weekday,2-Car,No injury/unknown,FAILURE TO YIELD RIGHT OF WAY,STATE ROAD 45 WEST BLOOMFIELD RD & WALMART,39.14768705,-86.57294151
901798951,2020,3,4,800,Weekday,2-Car,No injury/unknown,DRIVER DISTRACTED - EXPLAIN IN NARRATIVE,CLARIZZ BLVD & WILLMINGTON,39.14756885,-86.49082973
901933195,2020,12,2,1300,Weekday,2-Car,No injury/unknown,OTHER (DRIVER) - EXPLAIN IN NARRATIVE,SR 37 SOUTH RAMP & W BLOOMFIELD,39.14755997,-86.57323676
901857207,2020,7,2,1400,Weekday,2-Car,No injury/unknown,FOLLOWING TOO CLOSELY,BLOOMFIELD RD & SR37,39.1475299,-86.57295025
901873666,2020,8,6,2200,Weekend,3+ Cars,No injury/unknown,FOLLOWING TOO CLOSELY,BLOOMFIELD RD & SR 37,39.1475299,-86.57295025
901922976,2020,11,4,1500,Weekday,2-Car,No injury/unknown,LEFT OF CENTER,LEONARD SPRINGS RD & TAPP,39.14739684,-86.58261023
901876466,2020,8,5,1700,Weekday,2-Car,Non-incapacitating,FOLLOWING TOO CLOSELY,RAMP 15 & W BLOOMFIELD ST,39.14736064,-86.57355309
901934196,2020,12,4,1400,Weekday,Cyclist,No injury/unknown,FAILURE TO YIELD RIGHT OF WAY,SOUTH WALNUT ST,39.14734171,-86.53265829
901813804,2020,4,4,900,Weekday,2-Car,No injury/unknown,UNSAFE BACKING,S BIRCH LN,39.14728047,-86.56919577
901858886,2020,7,5,2300,Weekday,2-Car,No injury/unknown,IMPROPER PASSING,W ROLL AVE,39.14727911,-86.58099554
901757107,2020,1,6,1700,Weekday,2-Car,Non-incapacitating,FOLLOWING TOO CLOSELY,CURRY PIKE & ROLL,39.14719999,-86.58259011
901773112,2020,2,7,1400,Weekend,2-Car,No injury/unknown,FOLLOWING TOO CLOSELY,CURRY PIKE & ROLL,39.14719999,-86.58259011
901879422,2020,8,4,1100,Weekday,Moped/Motorcycle,Incapacitating,OTHER (DRIVER) - EXPLAIN IN NARRATIVE,CURRY PIKE & ROLL,39.14719999,-86.58259011
901767857,2020,1,3,800,Weekday,2-Car,No injury/unknown,FAILURE TO YIELD RIGHT OF WAY,E MILLER DR & S HENDERSON,39.147152,-86.526896
901841067,2020,6,5,0,Weekday,2-Car,No injury/unknown,UNSAFE BACKING,E MILLER DR,39.14713279,-86.5274177
901840424,2020,6,4,700,Weekday,Moped/Motorcycle,Non-incapacitating,VIEW OBSTRUCTED,E MELROSE AVE,39.14709603,-86.52841574
901788325,2020,3,2,2200,Weekday,1-Car,No injury/unknown,RAN OFF ROAD RIGHT,MILLER DR,39.14704308,-86.52681022
901794320,2020,3,1,1000,Weekend,Moped/Motorcycle,Non-incapacitating,OTHER (DRIVER) - EXPLAIN IN NARRATIVE,S ROGERS ST,39.146992,-86.5388
901935961,2020,12,7,1500,Weekend,Pedestrian,Non-incapacitating,DISREGARD SIGNAL/REG SIGN,HIGHLAND & MILLER DR,39.146992,-86.517392
901760145,2020,1,4,1800,Weekday,2-Car,No injury/unknown,FOLLOWING TOO CLOSELY,MILLER & WALNUT ST,39.146944,-86.532544
901828462,2020,5,2,1600,Weekday,Bus,No injury/unknown,IMPROPER PASSING,E MILLER & S WALNUT ST,39.146944,-86.532544
901866723,2020,8,7,2200,Weekend,2-Car,No injury/unknown,UNSAFE BACKING,E MILLER DR,39.146944,-86.532544
901893930,2020,9,4,800,Weekday,2-Car,No injury/unknown,FAILURE TO YIELD RIGHT OF WAY,MILLER & S WALNUT ST,39.146944,-86.532544
901899814,2020,10,1,1400,Weekend,2-Car,No injury/unknown,FAILURE TO YIELD RIGHT OF WAY,MILLER & WALNUT ST,39.146944,-86.532544
901894571,2020,9,5,800,Weekday,Pedestrian,Non-incapacitating,PEDESTRIAN ACTION,HENDERSON & MILLER DR,39.14691031,-86.52693025
901883059,2020,9,4,1400,Weekday,2-Car,Non-incapacitating,FAILURE TO YIELD RIGHT OF WAY,E MILLER & S WALNUT ST,39.14689019,-86.53265006
901937948,2020,12,3,1400,Weekday,2-Car,No injury/unknown,UNSAFE LANE MOVEMENT,MILLER & WALNUT ST,39.14689019,-86.53265006
901902216,2020,10,5,800,Weekday,Bus,No injury/unknown,FAILURE TO YIELD RIGHT OF WAY,HUNTINGTON & MILLER DR,39.14686002,-86.5208403
901782538,2020,2,4,1900,Weekday,2-Car,No injury/unknown,FOLLOWING TOO CLOSELY,MAXWELL & MILLER DR,39.14680973,-86.51504424
901822153,2020,5,5,1500,Weekday,2-Car,No injury/unknown,UNSAFE LANE MOVEMENT,SR37S & SR45W,39.14661715,-86.57467102
901942893,2020,12,2,1400,Weekday,Bus,No injury/unknown,FAILURE TO YIELD RIGHT OF WAY,WALNUT ST & WINSLOW,39.14653696,-86.5311098
901816512,2020,4,2,2100,Weekday,2-Car,No injury/unknown,FOLLOWING TOO CLOSELY,ROCKPORT & ROGERS ST,39.146448,-86.5388
901861803,2020,7,4,1700,Weekday,2-Car,No injury/unknown,FAILURE TO YIELD RIGHT OF WAY,HIGH ST & QUEENS,39.14642014,-86.50834992
901778029,2020,2,3,700,Weekday,1-Car,No injury/unknown,SPEED TOO FAST FOR WEATHER CONDITIONS,BASSWOOPD DR DR & COPPER BEECH DR,39.14611801,-86.57108008
901911284,2020,10,6,1300,Weekday,2-Car,No injury/unknown,UNSAFE LANE MOVEMENT,LIBERTY & SR45,39.14609163,-86.57574127
901818712,2020,5,6,1100,Weekday,2-Car,No injury/unknown,UNSAFE BACKING,SOUTH WALNUT ST,39.14609156,-86.53228889
901905410,2020,10,4,800,Weekday,1-Car,Incapacitating,RAN OFF ROAD RIGHT,1232 GARRISON CHAPEL RD & GIFFORD,39.14606696,-86.64312008
901801862,2020,2,7,2000,Weekend,2-Car,No injury/unknown,FOLLOWING TOO CLOSELY,2ND ST & 37,39.146014,-86.575846
901877816,2020,8,2,600,Weekday,Moped/Motorcycle,Non-incapacitating,FAILURE TO YIELD RIGHT OF WAY,CURRY PIKE & WOODLYN,39.145856,-86.582592
901824969,2020,5,4,800,Weekday,2-Car,No injury/unknown,FOLLOWING TOO CLOSELY,S WALNUT ST,39.145848,-86.532216
901864744,2020,7,6,1700,Weekday,2-Car,No injury/unknown,UNSAFE BACKING,SOUTH WALNUT ST,39.145848,-86.532216
901811718,2020,4,6,1600,Weekday,2-Car,No injury/unknown,FOLLOWING TOO CLOSELY,LIBERTY & W SR 45 HWY,39.14579957,-86.57646028
901789473,2020,3,4,2000,Weekday,2-Car,No injury/unknown,UNSAFE LANE MOVEMENT,LIBERTY & SR45W,39.14563768,-86.57674521
901862292,2020,7,5,1600,Weekday,3+ Cars,Non-incapacitating,FAILURE TO YIELD RIGHT OF WAY,BLOOMFIELD & S LIBERTY DR,39.14531378,-86.57803237
901758541,2020,1,3,1000,Weekday,2-Car,No injury/unknown,,LIBERTY DR DR,39.145264,-86.577616
901771019,2020,1,2,1400,Weekday,1-Car,No injury/unknown,IMPROPER LANE USAGE,LIBERTY DR,39.145264,-86.577616
901794213,2020,3,7,2100,Weekend,3+ Cars,No injury/unknown,UNSAFE BACKING,S LIBERTY DR,39.145264,-86.577616
901820931,2020,5,3,1600,Weekday,2-Car,No injury/unknown,UNSAFE BACKING,SOUTH LIBERTY DR,39.145264,-86.577616
901821876,2020,5,5,1200,Weekday,2-Car,No injury/unknown,FAILURE TO YIELD RIGHT OF WAY,LIBERTY DR,39.145264,-86.577616
901835009,2020,6,2,100,Weekday,Moped/Motorcycle,Non-incapacitating,UNSAFE SPEED,LIBERTY DR,39.145264,-86.577616
901840351,2020,6,3,2200,Weekday,2-Car,Non-incapacitating,UNSAFE BACKING,S LIBERTY DR,39.145264,-86.577616
901842553,2020,6,1,1700,Weekend,2-Car,No injury/unknown,UNSAFE BACKING,LIBERTY DR,39.145264,-86.577616
901870496,2020,8,7,1900,Weekend,2-Car,No injury/unknown,UNSAFE BACKING,LIBERTY DR,39.145264,-86.577616
901911229,2020,10,6,1900,Weekend,2-Car,No injury/unknown,,S LIBERTY DR,39.145264,-86.577616
901923929,2020,11,6,900,Weekday,2-Car,No injury/unknown,OTHER (DRIVER) - EXPLAIN IN NARRATIVE,SOUTH LIBERTY DR,39.145264,-86.577616
901950071,2020,12,2,800,Weekday,2-Car,No injury/unknown,,S LIBERTY DR,39.145264,-86.577616
901864980,2020,7,3,1700,Weekday,1-Car,No injury/unknown,OTHER (VEHICLE) - EXPLAIN IN NARRATIVE,45 & LIBERTY DR,39.14515902,-86.57793328
901853996,2020,7,3,700,Weekday,2-Car,No injury/unknown,FAILURE TO YIELD RIGHT OF WAY,NORTH & S WALNUT ST,39.14515324,-86.53200808
901769311,2020,1,6,1300,Weekday,2-Car,No injury/unknown,FAILURE TO YIELD RIGHT OF WAY,LIBERTY & SR45W,39.145152,-86.5776
901771849,2020,2,4,1600,Weekday,2-Car,No injury/unknown,UNSAFE LANE MOVEMENT,LIBERTY & STATE ROAD 45 RD,39.145152,-86.5776
901787025,2020,3,7,1100,Weekend,2-Car,Non-incapacitating,FAILURE TO YIELD RIGHT OF WAY,LIBERTY & SR45W,39.145152,-86.5776
901841143,2020,6,5,1000,Weekday,2-Car,No injury/unknown,FAILURE TO YIELD RIGHT OF WAY,S LIBERTY DR & SR45,39.145152,-86.5776
901933487,2020,12,3,1300,Weekday,2-Car,No injury/unknown,SPEED TOO FAST FOR WEATHER CONDITIONS,S LIBERTY DR & SR45W,39.145152,-86.5776
901944011,2020,12,6,700,Weekday,2-Car,No injury/unknown,FAILURE TO YIELD RIGHT OF WAY,LIBERTY & W ST RD 45 HWY,39.145152,-86.5776
901835401,2020,6,2,1100,Weekday,2-Car,No injury/unknown,SPEED TOO FAST FOR WEATHER CONDITIONS,10TH & JORDAN AVE,39.14514916,-86.51566028
901866403,2020,8,6,1600,Weekday,1-Car,No injury/unknown,IMPROPER LANE USAGE,CARDINAL GLEN & WALNUT STREET PIKE,39.14508199,-86.52653999
901929494,2020,11,3,1000,Weekday,2-Car,No injury/unknown,FAILURE TO YIELD RIGHT OF WAY,GUY & ROCKPORT RD,39.14504,-86.54
901907139,2020,10,6,1200,Weekday,2-Car,No injury/unknown,FOLLOWING TOO CLOSELY,S LIBERTY & W 2ND ST,39.14502123,-86.57776834
901853831,2020,7,2,1700,Weekday,3+ Cars,No injury/unknown,FOLLOWING TOO CLOSELY,LIBERTY & SR45E,39.14502002,-86.5777875
901858103,2020,7,4,1400,Weekday,2-Car,No injury/unknown,FOLLOWING TOO CLOSELY,LIBERTY & SR45E,39.14502002,-86.57777884
901878737,2020,8,3,1100,Weekday,2-Car,No injury/unknown,FOLLOWING TOO CLOSELY,LIBERTY & SR45W,39.14502002,-86.57777018
901791499,2020,3,2,1100,Weekday,2-Car,Non-incapacitating,DRIVER DISTRACTED - EXPLAIN IN NARRATIVE,2ND & PATTERSON ST,39.14488973,-86.54850997
901830634,2020,5,6,1500,Weekday,2-Car,No injury/unknown,FOLLOWING TOO CLOSELY,EAST NORTH & SOUTH HENDERSON ST,39.144848,-86.526848
901919514,2020,11,5,1900,Weekday,2-Car,Non-incapacitating,FAILURE TO YIELD RIGHT OF WAY,NORTH & S HENDERSON ST,39.144848,-86.526848
901795092,2020,3,2,1500,Weekday,3+ Cars,Non-incapacitating,FOLLOWING TOO CLOSELY,E NORTH & S WALNUT ST,39.144752,-86.531888
901795167,2020,3,2,1200,Weekday,2-Car,No injury/unknown,FAILURE TO YIELD RIGHT OF WAY,NORTH & S WALNUT ST,39.144752,-86.531888
901807956,2020,4,7,1400,Weekend,2-Car,No injury/unknown,SPEED TOO FAST FOR WEATHER CONDITIONS,NORTH & S WALNUT ST,39.144752,-86.531888
901822112,2020,5,5,1900,Weekday,2-Car,No injury/unknown,FAILURE TO YIELD RIGHT OF WAY,NORTH & WALNUT ST,39.144752,-86.531888
901828483,2020,5,2,1800,Weekday,3+ Cars,Non-incapacitating,FOLLOWING TOO CLOSELY,NORTH & S WALNUT ST,39.144752,-86.531888
901922295,2020,11,3,1800,Weekday,1-Car,No injury/unknown,IMPROPER TURNING,NORTH & SOUTH WALNUT ST,39.144752,-86.531888
901812302,2020,4,1,1400,Weekend,2-Car,No injury/unknown,UNSAFE LANE MOVEMENT,SR37S & VERNAL,39.14472727,-86.56233005
901855440,2020,7,5,1400,Weekday,2-Car,Non-incapacitating,FAILURE TO YIELD RIGHT OF WAY,HENDERSON ST & SUMMIT VIEW,39.14454997,-86.52695976
901897922,2020,10,4,1400,Weekday,Pedestrian,Non-incapacitating,FAILURE TO YIELD RIGHT OF WAY,HENDERSON & SUMMIT VIEW PL,39.14454997,-86.52695976
901824201,2020,5,2,1700,Weekday,2-Car,No injury/unknown,UNSAFE BACKING,EAST KERI MARIE LN,39.14445341,-86.52036957
901841138,2020,6,5,900,Weekday,2-Car,Non-incapacitating,FOLLOWING TOO CLOSELY,HENDERSON ST & NORTH,39.14429874,-86.52683825
901898681,2020,10,5,2100,Weekday,2-Car,No injury/unknown,FAILURE TO YIELD RIGHT OF WAY,HAWKSMOORE DR & RAILWAY,39.14422005,-86.50152973
901813593,2020,4,2,1700,Weekday,1-Car,No injury/unknown,OTHER (ENVIRONMENTAL) - EXPLAIN IN NARR,E MOORES & S SARE RD,39.14411784,-86.49918012
901906857,2020,10,6,1400,Weekday,2-Car,No injury/unknown,FOLLOWING TOO CLOSELY,NORTH & WALNUT ST,39.14411008,-86.53180986
901933395,2020,12,3,1200,Weekday,2-Car,No injury/unknown,FOLLOWING TOO CLOSELY,NORTH DR & WALNUT,39.14411008,-86.53180986
901855786,2020,7,6,1400,Weekday,3+ Cars,No injury/unknown,FOLLOWING TOO CLOSELY,CURRY PIKE & INDUSTRIAL,39.14392971,-86.58262029
901804847,2020,4,2,1300,Weekday,2-Car,No injury/unknown,FAILURE TO YIELD RIGHT OF WAY,CURRY PIKE & INDUSTRIAL,39.143808,-86.582592
901860063,2020,7,7,1400,Weekend,2-Car,No injury/unknown,OTHER (DRIVER) - EXPLAIN IN NARRATIVE,CURRY PIKE PIKE & INDUSTRIAL,39.143808,-86.582592
901877814,2020,8,2,600,Weekday,2-Car,Non-incapacitating,DRIVER DISTRACTED - EXPLAIN IN NARRATIVE,INDUSTRIAL & S CURRY PIKE,39.143808,-86.582592
901860658,2020,7,2,1500,Weekday,3+ Cars,No injury/unknown,DRIVER DISTRACTED - EXPLAIN IN NARRATIVE,INDUSTRIAL & S CURRY PIKE,39.14371187,-86.582592
901819895,2020,5,2,700,Weekday,3+ Cars,No injury/unknown,FOLLOWING TOO CLOSELY,VERMILYA & WALNUT ST,39.14363485,-86.53324015
901871402,2020,8,2,1600,Weekday,2-Car,No injury/unknown,DRIVER DISTRACTED - EXPLAIN IN NARRATIVE,INDUSTRIAL & SR45W,39.14359979,-86.58031889
901800802,2020,3,7,2200,Weekend,2-Car,Non-incapacitating,DISREGARD SIGNAL/REG SIGN,INDUSTRIAL & SR45W,39.14359979,-86.58031024
901899595,2020,10,7,1700,Weekend,2-Car,Non-incapacitating,FAILURE TO YIELD RIGHT OF WAY,SR45W & WEST INDUSTRIAL,39.14359979,-86.58031024
901903533,2020,10,7,2200,Weekend,2-Car,Non-incapacitating,OTHER (DRIVER) - EXPLAIN IN NARRATIVE,SR45W & W INDUSTRIAL,39.14359979,-86.58031024
901793740,2020,3,6,1200,Weekday,3+ Cars,Non-incapacitating,FOLLOWING TOO CLOSELY,INDUSTRIAL & SR45E,39.143552,-86.580528
901853813,2020,7,2,1700,Weekday,2-Car,No injury/unknown,FAILURE TO YIELD RIGHT OF WAY,INDUSTRIAL & WEST 45 HWY,39.143552,-86.580528
901864697,2020,7,2,1900,Weekday,2-Car,No injury/unknown,FOLLOWING TOO CLOSELY,INDUSTRIAL & SR 45 RD,39.143552,-86.580528
901849194,2020,6,6,1800,Weekday,Pedestrian,Non-incapacitating,FAILURE TO YIELD RIGHT OF WAY,COUNTRYSIDE & ROCKPORT RD,39.14339997,-86.54181987
901784564,2020,2,6,1600,Weekday,2-Car,No injury/unknown,UNSAFE BACKING,MITCHELL & THIRD ST,39.14310143,-86.51422999
901892185,2020,9,1,1000,Weekend,2-Car,No injury/unknown,UNSAFE BACKING,1226 W COUNTRYSIDE LN & PEOPLES,39.142902,-86.54795236
901922157,2020,11,3,1500,Weekday,2-Car,No injury/unknown,UNSAFE BACKING,SOUTH WALNUT ST,39.142555,-86.531238
901796214,2020,3,4,1600,Weekday,2-Car,Non-incapacitating,FOLLOWING TOO CLOSELY,3RD ST & PATTERSON DR,39.14229184,-86.55128002
901884873,2020,8,6,2200,Weekend,2-Car,No injury/unknown,UNSAFE BACKING,WALNUT ST,39.142217,-86.531138
901758479,2020,1,6,1300,Weekday,2-Car,No injury/unknown,FAILURE TO YIELD RIGHT OF WAY,LEONARD SPRINGS & SR45W,39.142048,-86.582592
901776119,2020,2,6,1600,Weekday,2-Car,No injury/unknown,FOLLOWING TOO CLOSELY,LEONARD SPRINGS RD & SR45,39.142048,-86.582592
901780260,2020,2,6,400,Weekday,2-Car,Non-incapacitating,DISREGARD SIGNAL/REG SIGN,CURRY & SR45E,39.142048,-86.582592
901792544,2020,3,4,700,Weekday,2-Car,No injury/unknown,FAILURE TO YIELD RIGHT OF WAY,LEONARD SPRINGS RD & SR45E,39.142048,-86.582592
901803343,2020,4,5,1700,Weekday,2-Car,No injury/unknown,FAILURE TO YIELD RIGHT OF WAY,S LEONARD SPRINGS RD & SR45W,39.142048,-86.582592
901811125,2020,4,5,1800,Weekday,Bus,No injury/unknown,IMPROPER TURNING,CURRY & SR45E,39.142048,-86.582592
901811168,2020,4,5,2000,Weekday,2-Car,No injury/unknown,FAILURE TO YIELD RIGHT OF WAY,CURRY & SR45W,39.142048,-86.582592
901811217,2020,4,5,1600,Weekday,2-Car,No injury/unknown,FAILURE TO YIELD RIGHT OF WAY,SOUTH LEONARD SPRINGS & SR45W,39.142048,-86.582592
901859586,2020,7,7,1100,Weekend,2-Car,Non-incapacitating,DRIVER DISTRACTED - EXPLAIN IN NARRATIVE,CURRY & SR45W,39.142048,-86.582592
901887837,2020,9,6,1400,Weekday,2-Car,No injury/unknown,UNSAFE BACKING,CURRY PIKE & SR45W,39.142048,-86.582592
901887996,2020,9,7,1100,Weekend,Moped/Motorcycle,Non-incapacitating,IMPROPER PASSING,LEONARD SPRINGS & W SR 45 HWY,39.142048,-86.582592
901903662,2020,10,1,1100,Weekend,2-Car,Non-incapacitating,FAILURE TO YIELD RIGHT OF WAY,LEONARD SPRINGS & SR45E,39.142048,-86.582592
901904887,2020,10,3,800,Weekday,2-Car,No injury/unknown,OTHER (DRIVER) - EXPLAIN IN NARRATIVE,LEONARD SPRINGS & SR45W,39.142048,-86.582592
901816733,2020,4,5,1600,Weekday,2-Car,No injury/unknown,FAILURE TO YIELD RIGHT OF WAY,S WALNUT ST & SOUTH,39.142048,-86.531088
901819240,2020,5,7,1700,Weekend,2-Car,Non-incapacitating,FOLLOWING TOO CLOSELY,S WALNUT ST & SOUTH,39.142048,-86.531088