Master Record Number,Year,Month,Day,Hour,Weekend,Collision Type,Injury Type,Primary Factor,Reported_Location,Latitude,Longitude
901856185,2020,7,7,1900,Weekend,2-Car,Non-incapacitating,FOLLOWING TOO CLOSELY,CURRY & SR 45 RD,39.14195023,-86.58260743
901884107,2020,9,5,1600,Weekday,2-Car,Non-incapacitating,LEFT OF CENTER,LEONARD SPRINGS RD & SR 45,39.14195023,-86.58259011
901886528,2020,9,3,2000,Weekday,2-Car,No injury/unknown,FAILURE TO YIELD RIGHT OF WAY,CURRY & SR45W,39.14195023,-86.58259011
901880391,2020,8,6,700,Weekday,2-Car,No injury/unknown,IMPROPER PASSING,LEONARD SPRINGS & SR45W,39.14195023,-86.58257972
901825058,2020,5,4,800,Weekday,2-Car,No injury/unknown,FAILURE TO YIELD RIGHT OF WAY,CURRY & SR45W,39.14195023,-86.58256414
901898561,2020,10,4,2100,Weekday,3+ Cars,Non-incapacitating,DRIVER DISTRACTED - EXPLAIN IN NARRATIVE,LEONARD SPRINGS & SR45W,39.14195023,-86.58254682
901865712,2020,7,1,1500,Weekend,Moped/Motorcycle,Non-incapacitating,FAILURE TO YIELD RIGHT OF WAY,LEONARD SPRINGS & SR45E,39.14190066,-86.5828886
901771491,2020,1,3,1600,Weekday,2-Car,No injury/unknown,UNSAFE BACKING,DUNN ST & SMITH,39.14166186,-86.52843028
901780715,2020,2,7,1900,Weekend,2-Car,No injury/unknown,LEFT OF CENTER,S GARRISON CHAPEL RD & SPICER,39.141648,-86.6428
901798206,2020,3,1,1800,Weekend,Moped/Motorcycle,No injury/unknown,OTHER (ENVIRONMENTAL) - EXPLAIN IN NARR,S GARRISON CHAPEL RD & SPICER,39.141648,-86.6428
901899333,2020,10,6,2100,Weekend,1-Car,No injury/unknown,ROADWAY SURFACE CONDITION,ENDWRIGHT RD & WENDYS,39.14153958,-86.5963441
901864671,2020,7,3,1700,Weekday,2-Car,No injury/unknown,OTHER (DRIVER) - EXPLAIN IN NARRATIVE,CURRY & SR45W,39.14145928,-86.58418054
901918064,2020,11,3,1900,Weekday,1-Car,No injury/unknown,ANIMAL/OBJECT IN ROADWAY,CURRY & SR45,39.14145928,-86.58418054
901805056,2020,4,1,1500,Weekend,2-Car,No injury/unknown,UNSAFE BACKING,SOUTH LEONARD SPRINGS RD,39.14130718,-86.58264778
901841735,2020,6,6,1100,Weekday,2-Car,No injury/unknown,ENGINE FAILURE OR DEFECTIVE,SOUTH LEONARD SPRINGS RD,39.14130718,-86.58264778
901856253,2020,7,7,400,Weekend,2-Car,No injury/unknown,OVERCORRECTING/OVERSTEERING,S FORD AVE & W COOLIDGE,39.14128587,-86.54106947
901822135,2020,5,5,1200,Weekday,2-Car,No injury/unknown,FAILURE TO YIELD RIGHT OF WAY,CURRY & SR45W,39.14121185,-86.58422591
901792885,2020,3,4,1500,Weekday,2-Car,No injury/unknown,UNSAFE BACKING,E KRISTEN CT & S FORRESTER,39.14108992,-86.49248701
901938354,2020,12,4,800,Weekday,2-Car,No injury/unknown,LEFT OF CENTER,BENT TREE DR & WYLIE FARM,39.14107986,-86.52172006
901909347,2020,10,3,1300,Weekday,2-Car,No injury/unknown,BRAKE FAILURE OR DEFECTIVE,SOUTH LEONARD SPRINGS RD,39.14107513,-86.58297729
901902593,2020,10,5,1800,Weekday,2-Car,No injury/unknown,FAILURE TO YIELD RIGHT OF WAY,10TH & SMITH RD,39.14095043,-86.48266978
901863570,2020,7,6,1300,Weekday,2-Car,No injury/unknown,FOLLOWING TOO CLOSELY,LEONARD SPRINGS & SR45W,39.14090754,-86.58579544
901843374,2020,6,2,2200,Weekday,2-Car,Non-incapacitating,UNSAFE SPEED,S OLD ST RD 37 RD & WAYSIDE,39.14085811,-86.53117015
901790224,2020,3,5,900,Weekday,2-Car,No injury/unknown,UNSAFE LANE MOVEMENT,ELLIS & SR37S,39.14052448,-86.53258033
901855880,2020,7,6,1700,Weekday,2-Car,Non-incapacitating,UNSAFE LANE MOVEMENT,ELLIS & SR37N,39.14052448,-86.53258033
901900662,2020,10,2,1700,Weekday,3+ Cars,Non-incapacitating,FAILURE TO YIELD RIGHT OF WAY,LENARD SPRINGS RD & WALNUT LEAF,39.140352,-86.582576
901798810,2020,3,3,1500,Weekday,Moped/Motorcycle,Non-incapacitating,ANIMAL/OBJECT IN ROADWAY,2ND & ROGERS ST,39.14025312,-86.53867028
901887530,2020,9,6,1200,Weekday,2-Car,No injury/unknown,FAILURE TO YIELD RIGHT OF WAY,SO COLLEGE AVE & W 2ND,39.14023137,-86.53492981
901927592,2020,11,6,1400,Weekday,2-Car,No injury/unknown,DISREGARD SIGNAL/REG SIGN,S ROCKPORT RD & W GRAHAM,39.140144,-86.54496
901793639,2020,3,6,200,Weekday,1-Car,No injury/unknown,RAN OFF ROAD RIGHT,S BANTA & W GRAHAM DR,39.140144,-86.544688
901891034,2020,9,5,1300,Weekday,2-Car,No injury/unknown,FOLLOWING TOO CLOSELY,S MEADOW CREEK & S SARE RD,39.14010455,-86.49999015
901798802,2020,3,3,1800,Weekday,2-Car,No injury/unknown,UNSAFE BACKING,MULBERRY LN & OLCOTT,39.14003983,-86.49072982
901826985,2020,5,7,1000,Weekend,1-Car,No injury/unknown,UNSAFE SPEED,BANTA & GRAHAM DR,39.13996004,-86.54481992
901885386,2020,9,2,1500,Weekday,2-Car,No injury/unknown,IMPROPER PASSING,10TH & UNION ST,39.1398208,-86.5094503
901756059,2020,1,4,1800,Weekday,2-Car,Non-incapacitating,CELL PHONE USAGE,GRAHAM & ROGERS ST,39.13980983,-86.53866022
901919527,2020,11,5,1500,Weekday,2-Car,No injury/unknown,FOLLOWING TOO CLOSELY,GRAHAM & ROGERS ST,39.13980983,-86.53866022
901774428,2020,2,3,700,Weekday,2-Car,Non-incapacitating,IMPROPER LANE USAGE,SR37S & TAPP,39.13978646,-86.57292991
901906443,2020,10,6,1600,Weekday,1-Car,Non-incapacitating,OVERCORRECTING/OVERSTEERING,EAST GRAHAM PL & HENDERSON,39.139584,-86.526768
901805094,2020,4,2,2000,Weekday,2-Car,No injury/unknown,OTHER (DRIVER) - EXPLAIN IN NARRATIVE,S HIGHLAND AVE,39.13951412,-86.51756532
901760385,2020,1,6,400,Weekday,1-Car,No injury/unknown,RAN OFF ROAD RIGHT,WALNUT ST,39.13943525,-86.53054507
901895858,2020,9,7,1300,Weekend,2-Car,No injury/unknown,OTHER (DRIVER) - EXPLAIN IN NARRATIVE,S WALNUT ST,39.13943525,-86.53054507
901811680,2020,4,6,1500,Weekday,2-Car,No injury/unknown,FOLLOWING TOO CLOSELY,GRAHAM & ROGERS ST,39.13937194,-86.53836834
901870720,2020,8,2,600,Weekday,2-Car,No injury/unknown,UNSAFE BACKING,KIRBY RD,39.13936324,-86.61030806
901800725,2020,3,7,1500,Weekend,2-Car,No injury/unknown,OTHER (DRIVER) - EXPLAIN IN NARRATIVE,SOUTH OLD STATE ROAD 37 HWY,39.138688,-86.465968
901908497,2020,10,1,2000,Weekday,2-Car,No injury/unknown,OVERCORRECTING/OVERSTEERING,S OLD SR 37,39.138688,-86.465968
901889754,2020,9,1,1800,Weekend,2-Car,No injury/unknown,IMPROPER LANE USAGE,SOUTH OLD STATE ROAD 37 HWY,39.138688,-86.465968
901918284,2020,11,6,1700,Weekday,2-Car,No injury/unknown,UNSAFE BACKING,S OLD STATE 37 RD,39.138688,-86.465968
901789241,2020,3,3,2100,Weekday,1-Car,No injury/unknown,ANIMAL/OBJECT IN ROADWAY,AIRPORT & SR45W,39.13851891,-86.59099291
901834621,2020,5,5,1900,Weekday,2-Car,No injury/unknown,OTHER (VEHICLE) - EXPLAIN IN NARRATIVE,AIRPORT & SR45W,39.13851891,-86.59099291
901778980,2020,2,3,2300,Weekday,2-Car,No injury/unknown,IMPROPER LANE USAGE,DAVID DR & FORRESTER,39.13846001,-86.49337119
901779281,2020,2,4,900,Weekday,Bus,No injury/unknown,OVERCORRECTING/OVERSTEERING,S WALNUT ST,39.13736,-86.529904
901929697,2020,11,3,1400,Weekday,2-Car,No injury/unknown,IMPROPER TURNING,S WALNUT ST,39.137264,-86.529808
901918190,2020,11,3,2100,Weekday,Pedestrian,No injury/unknown,OTHER (DRIVER) - EXPLAIN IN NARRATIVE,SOUTH WINSLOW CT,39.13726277,-86.52401169
901791842,2020,3,1,2000,Weekday,2-Car,No injury/unknown,UNSAFE LANE MOVEMENT,SR37N & TAPP,39.13724598,-86.57289854
901820986,2020,5,3,1600,Weekday,3+ Cars,No injury/unknown,VIEW OBSTRUCTED,AIRPORT & SR45W,39.13718219,-86.59323219
901917721,2020,11,2,1100,Weekday,2-Car,No injury/unknown,FAILURE TO YIELD RIGHT OF WAY,AUTO MALL RD & BUICK CADILLAC,39.13717426,-86.49611033
901803886,2020,4,2,1400,Weekday,2-Car,No injury/unknown,UNSAFE BACKING,S OLD STATE ROAD 37 HWY,39.137088,-86.53056
901834973,2020,6,7,1800,Weekend,1-Car,No injury/unknown,IMPROPER LANE USAGE,S OLD STATE ROAD 37 HWY,39.137088,-86.53056
901855550,2020,7,6,200,Weekday,1-Car,No injury/unknown,RAN OFF ROAD RIGHT,RAYLE & TAPP RD,39.13704001,-86.57820935
901799841,2020,3,5,1500,Weekday,2-Car,Non-incapacitating,FAILURE TO YIELD RIGHT OF WAY,AIRPORT & GARISON CHAPEL RD,39.13704,-86.642832
901936310,2020,12,1,1400,Weekend,2-Car,No injury/unknown,IMPROPER TURNING,AIRPORT & GARRISON CHAPEL RD,39.13704,-86.642832
901947994,2020,12,4,1500,Weekday,2-Car,No injury/unknown,OTHER (ENVIRONMENTAL) - EXPLAIN IN NARR,LEONARD SPRINGS & TAPP RD,39.13704,-86.58215932
901790637,2020,3,6,1600,Weekday,2-Car,Non-incapacitating,OTHER (DRIVER) - EXPLAIN IN NARRATIVE,SR37S & TAPP,39.13704,-86.572896
901768158,2020,1,3,700,Weekday,2-Car,No injury/unknown,FAILURE TO YIELD RIGHT OF WAY,SR37S & W TAPP,39.13704,-86.572896
901855572,2020,7,5,1100,Weekday,2-Car,No injury/unknown,DISREGARD SIGNAL/REG SIGN,SR37S & TAPP,39.13704,-86.572896
901897125,2020,9,7,1300,Weekend,2-Car,No injury/unknown,IMPROPER LANE USAGE,SR37N & TAPP,39.13704,-86.572896
901922548,2020,11,4,700,Weekday,2-Car,No injury/unknown,FOLLOWING TOO CLOSELY,SR37S & TAPP,39.13704,-86.572896
901855573,2020,7,5,1200,Weekday,1-Car,No injury/unknown,OBSTRUCTION NOT MARKED,AIRPORT RD & CAVE,39.13688,-86.628768
901781582,2020,2,3,700,Weekday,1-Car,No injury/unknown,RAN OFF ROAD RIGHT,S BUNGER RD & W AIRPORT,39.136848,-86.606
901799254,2020,3,4,1000,Weekday,2-Car,Non-incapacitating,OTHER (DRIVER) - EXPLAIN IN NARRATIVE,SR45W & W AIRPORT,39.136848,-86.593792
901875199,2020,8,3,1000,Weekday,2-Car,Non-incapacitating,FAILURE TO YIELD RIGHT OF WAY,S LEONARD SPRINGS RD & W TAPP,39.1368299,-86.58261023
901875420,2020,8,3,1600,Weekday,2-Car,No injury/unknown,RAN OFF ROAD RIGHT,ROGERS & SOUTH SARE RD,39.13679949,-86.49636375
901774359,2020,2,5,900,Weekday,2-Car,No injury/unknown,SPEED TOO FAST FOR WEATHER CONDITIONS,SR37S & TAPP,39.13679034,-86.5731997
901799060,2020,3,5,1900,Weekday,2-Car,No injury/unknown,DRIVER DISTRACTED - EXPLAIN IN NARRATIVE,SR37S & TAPP,39.13679034,-86.5731997
901805272,2020,4,3,700,Weekday,2-Car,No injury/unknown,FOLLOWING TOO CLOSELY,SR37N & TAPP,39.13679034,-86.5731997
901891003,2020,9,5,1600,Weekday,2-Car,No injury/unknown,FOLLOWING TOO CLOSELY,AIRPORT & SR45,39.13678957,-86.59378836
901855953,2020,7,6,1800,Weekday,1-Car,No injury/unknown,ANIMAL/OBJECT IN ROADWAY,SR37 & W TAPP,39.13676894,-86.57289398
901897314,2020,10,3,900,Weekday,2-Car,No injury/unknown,FAILURE TO YIELD RIGHT OF WAY,SR37 & W TAPP,39.13676894,-86.57289398
901825792,2020,5,5,800,Weekday,1-Car,Non-incapacitating,RAN OFF ROAD RIGHT,TAPP RD,39.13675748,-86.57470978
901935899,2020,12,6,1000,Weekday,3+ Cars,Non-incapacitating,DRIVER DISTRACTED - EXPLAIN IN NARRATIVE,AIRPORT & SR45W,39.13666541,-86.59405546
901881167,2020,9,1,800,Weekend,1-Car,Non-incapacitating,SPEED TOO FAST FOR WEATHER CONDITIONS,DEBORAH & TAPP RD,39.13666025,-86.56792654
901833375,2020,5,5,600,Weekday,1-Car,No injury/unknown,ANIMAL/OBJECT IN ROADWAY,DEBERAH & TAPP RD,39.13666025,-86.56783998
901900661,2020,10,7,1700,Weekend,2-Car,No injury/unknown,FAILURE TO YIELD RIGHT OF WAY,DEBORAH & TAPP RD,39.13666025,-86.56783998
901773406,2020,2,1,1300,Weekend,2-Car,No injury/unknown,FOLLOWING TOO CLOSELY,DEBORAH & TAPP RD,39.13666025,-86.56783348
901908209,2020,10,2,1100,Weekday,2-Car,No injury/unknown,FAILURE TO YIELD RIGHT OF WAY,CURRY PIKE & JONATHON,39.13663356,-86.5829797
901871612,2020,8,3,800,Weekday,2-Car,Non-incapacitating,FOLLOWING TOO CLOSELY,ADAMS & TAPP RD,39.13662001,-86.55431673
901819564,2020,5,1,1900,Weekday,3+ Cars,No injury/unknown,UNSAFE LANE MOVEMENT,S WINSLOW CT,39.13657022,-86.52381328
901807397,2020,4,6,1900,Weekend,2-Car,No injury/unknown,FAILURE TO YIELD RIGHT OF WAY,TAPP RD & WEIMER,39.13653016,-86.56207664
901848089,2020,6,4,1600,Weekday,2-Car,No injury/unknown,FOLLOWING TOO CLOSELY,TAPP RD & WEIMER,39.13653016,-86.56199008
901854003,2020,7,2,1300,Weekday,2-Car,No injury/unknown,FOLLOWING TOO CLOSELY,TAPP RD & WEIMER,39.13653016,-86.56199008
901806675,2020,4,5,2200,Weekday,2-Car,No injury/unknown,FOLLOWING TOO CLOSELY,TAPP RD & WEIMER,39.136512,-86.562016
901826452,2020,5,5,1800,Weekday,1-Car,No injury/unknown,RAN OFF ROAD RIGHT,HIGHLAND AVE & WINSLOW,39.13645967,-86.51847542
901768195,2020,1,4,1800,Weekday,2-Car,No injury/unknown,FAILURE TO YIELD RIGHT OF WAY,COUNTRY CLUB DR & ROCKPORT,39.136448,-86.548704
901834151,2020,5,5,1800,Weekday,2-Car,No injury/unknown,FOLLOWING TOO CLOSELY,COUNTRY CLUB DR & ROCKPORT,39.136448,-86.548704
901855705,2020,7,5,1600,Weekday,2-Car,No injury/unknown,FOLLOWING TOO CLOSELY,ROCKPORT & W TAPP RD,39.136448,-86.548704
901850977,2020,7,3,1200,Weekday,2-Car,No injury/unknown,FAILURE TO YIELD RIGHT OF WAY,E ROGERS RD & SO HIGH,39.13642254,-86.50808314
901921669,2020,10,5,700,Weekday,1-Car,No injury/unknown,ANIMAL/OBJECT IN ROADWAY,AIRPORT & SR45W,39.13639002,-86.59442586
901768154,2020,1,4,1700,Weekday,2-Car,No injury/unknown,SPEED TOO FAST FOR WEATHER CONDITIONS,COUNTRY CLUB DR & ROCKPORT,39.13637399,-86.5465901
901760547,2020,1,6,800,Weekday,2-Car,Non-incapacitating,FAILURE TO YIELD RIGHT OF WAY,E ROGERS RD & WINDING BROOK,39.136368,-86.505056
901942677,2020,12,4,1100,Weekday,2-Car,No injury/unknown,FOLLOWING TOO CLOSELY,COUNTRY CLUB DR & ROCKPORT,39.13634978,-86.5487933
901901097,2020,10,2,1800,Weekday,2-Car,No injury/unknown,FAILURE TO YIELD RIGHT OF WAY,ROCKPORT RD & TAPP,39.13634978,-86.54875002
901797470,2020,3,6,1700,Weekday,2-Car,No injury/unknown,FAILURE TO YIELD RIGHT OF WAY,BANTA & COUNTRY CLUB RD,39.13632869,-86.54529663
901760146,2020,1,4,1700,Weekday,2-Car,No injury/unknown,LEFT OF CENTER,COUNTRY CLUB DR & ROCKPORT,39.13632463,-86.54518084
901847976,2020,6,3,1700,Weekday,2-Car,Non-incapacitating,FOLLOWING TOO CLOSELY,BANTA & COUNTRY CLUB DR,39.136304,-86.544592
901929718,2020,11,2,1800,Weekday,2-Car,Non-incapacitating,FOLLOWING TOO CLOSELY,S WALNUT ST & WINSLOW,39.13628485,-86.52882885
901877611,2020,8,1,1700,Weekend,2-Car,Non-incapacitating,LEFT OF CENTER,COUNTRY CLUB RD & MILTON,39.13627689,-86.54209614
901897654,2020,10,4,1100,Weekday,1-Car,No injury/unknown,CELL PHONE USAGE,COTA DR,39.13618469,-86.56938171
901801125,2020,4,1,1200,Weekend,1-Car,No injury/unknown,RAN OFF ROAD RIGHT,ABBY & WINSLOW RD,39.136144,-86.51023799
901825917,2020,5,5,1600,Weekday,2-Car,Non-incapacitating,FOLLOWING TOO CLOSELY,HIGH & WINSLOW RD,39.136144,-86.50862501
901802385,2020,4,3,1600,Weekday,2-Car,No injury/unknown,FAILURE TO YIELD RIGHT OF WAY,S MARKET & W FAIRINGTON ST,39.136144,-86.580704
901754271,2020,1,2,1300,Weekday,2-Car,No injury/unknown,FAILURE TO YIELD RIGHT OF WAY,E WINSLOW RD & S WALNUT,39.136144,-86.528688
901820148,2020,5,2,1400,Weekday,2-Car,No injury/unknown,FOLLOWING TOO CLOSELY,WALNUT & WINSLOW ST,39.136144,-86.528688
901800416,2020,3,6,1800,Weekday,2-Car,Non-incapacitating,FAILURE TO YIELD RIGHT OF WAY,WALNUT ST & WINSLOW,39.136144,-86.528688
901811692,2020,4,6,1400,Weekday,Moped/Motorcycle,Non-incapacitating,RAN OFF ROAD RIGHT,WALNUT & WINSLOW RD,39.136144,-86.528688
901821183,2020,5,4,800,Weekday,2-Car,No injury/unknown,FOLLOWING TOO CLOSELY,S WALNUT ST & WINSLOW,39.136144,-86.528688
901826415,2020,5,6,1100,Weekday,2-Car,No injury/unknown,FOLLOWING TOO CLOSELY,E WINSLOW RD & S WALNUT,39.136144,-86.528688
901828452,2020,5,2,1800,Weekday,2-Car,Non-incapacitating,FAILURE TO YIELD RIGHT OF WAY,E WINSLOW & S WALNUT ST,39.136144,-86.528688
901830946,2020,5,7,1300,Weekend,2-Car,No injury/unknown,DISREGARD SIGNAL/REG SIGN,S WALNUT & WINSLOW RD,39.136144,-86.528688
901840420,2020,6,4,800,Weekday,Cyclist,Non-incapacitating,FAILURE TO YIELD RIGHT OF WAY,E WINSLOW & S WALNUT ST,39.136144,-86.528688
901862830,2020,7,6,1600,Weekday,Pedestrian,Non-incapacitating,FAILURE TO YIELD RIGHT OF WAY,WALNUT & WINSLOW RD,39.136144,-86.528688
901932228,2020,12,1,2100,Weekday,2-Car,No injury/unknown,FAILURE TO YIELD RIGHT OF WAY,WALNUT STREET & WINSLOW RD,39.136144,-86.528688
901948504,2020,12,6,1000,Weekday,2-Car,No injury/unknown,DISREGARD SIGNAL/REG SIGN,HENDERSON & WINSLOW RD,39.136144,-86.5268
901784867,2020,2,2,1800,Weekday,2-Car,No injury/unknown,FOLLOWING TOO CLOSELY,BURBERRY & WINSLOW RD,39.136144,-86.52296
901841961,2020,6,6,1500,Weekday,2-Car,No injury/unknown,FOLLOWING TOO CLOSELY,E WINSLOW & S HIGH ST,39.136144,-86.508096
901841986,2020,6,6,1600,Weekday,1-Car,Non-incapacitating,RAN OFF ROAD RIGHT,HIGH & WINSLOW RD,39.136144,-86.508096
901933036,2020,12,2,2100,Weekday,1-Car,No injury/unknown,ANIMAL/OBJECT IN ROADWAY,E WINSLOW FARM & WINSLOW RD,39.136144,-86.508096
901761105,2020,1,6,1700,Weekday,2-Car,No injury/unknown,FAILURE TO YIELD RIGHT OF WAY,WALNUT & WINSLOW RD,39.1361266,-86.52763029
901773258,2020,2,7,1100,Weekend,2-Car,No injury/unknown,IMPROPER PASSING,WALNUT & WINSLOW RD,39.1361266,-86.52763029
901781346,2020,2,2,1700,Weekday,2-Car,Non-incapacitating,FAILURE TO YIELD RIGHT OF WAY,COUNTRY CLUB DR & MILTON,39.13609028,-86.53937107
901868545,2020,8,4,700,Weekday,2-Car,No injury/unknown,FOLLOWING TOO CLOSELY,COUNTRY CLUB DR & ROGERS,39.13608777,-86.53827205
901858523,2020,7,5,900,Weekday,2-Car,No injury/unknown,LEFT OF CENTER,ALLENDALE & E WINSLOW RD,39.13608583,-86.51652884
901814675,2020,4,4,1700,Weekday,3+ Cars,Non-incapacitating,FOLLOWING TOO CLOSELY,COUNTRY CLUB DR & ROGERS,39.13608,-86.538096
901840828,2020,6,4,1900,Weekday,2-Car,No injury/unknown,FOLLOWING TOO CLOSELY,S ROGERS & W COUNTRY CLUB DR,39.13608,-86.538096
901841486,2020,6,5,2200,Weekday,2-Car,No injury/unknown,FOLLOWING TOO CLOSELY,COUNTRY CLUB & ROGERS ST,39.13608,-86.538096
901842598,2020,6,1,2000,Weekday,2-Car,No injury/unknown,FOLLOWING TOO CLOSELY,COUNTRY CLUB DR & ROGERS,39.13608,-86.538096
901875495,2020,8,3,1200,Weekday,2-Car,Non-incapacitating,DRIVER DISTRACTED - EXPLAIN IN NARRATIVE,COUNTRY CLUB DR & ROGERS,39.13607234,-86.53783168
901789751,2020,3,4,1700,Weekday,2-Car,No injury/unknown,DRIVER DISTRACTED - EXPLAIN IN NARRATIVE,HIGHLAND & WINSLOW RD,39.136048,-86.518496
901848954,2020,6,6,1100,Weekday,2-Car,No injury/unknown,OTHER (DRIVER) - EXPLAIN IN NARRATIVE,HIGHLAND & WINSLOW RD,39.136048,-86.518496
901825913,2020,5,5,1800,Weekday,2-Car,Non-incapacitating,FOLLOWING TOO CLOSELY,HIGHLAND & WINSLOW RD,39.136048,-86.518496
901776346,2020,2,7,200,Weekend,2-Car,No injury/unknown,IMPROPER PASSING,COUNTRY CLUB & ROGERS ST,39.13603999,-86.53826996
901887141,2020,9,5,1400,Weekday,2-Car,No injury/unknown,UNSAFE LANE MOVEMENT,COUNTRY CLUB RD & ROGERS,39.13603999,-86.53826996
901941540,2020,12,2,1500,Weekday,2-Car,No injury/unknown,FOLLOWING TOO CLOSELY,COUNTRY CLUB RD & ROGERS,39.13603999,-86.53826996
901830686,2020,5,6,2000,Weekend,1-Car,Non-incapacitating,OTHER (DRIVER) - EXPLAIN IN NARRATIVE,EAST WINSLOW RD & HENDERSON,39.13603999,-86.52688861
901852546,2020,7,6,1500,Weekday,3+ Cars,No injury/unknown,FOLLOWING TOO CLOSELY,HENDERSON & WINLSOW RD,39.13603999,-86.52687996
901855977,2020,7,6,2300,Weekend,2-Car,Non-incapacitating,FOLLOWING TOO CLOSELY,HENDERSON & WINSLOW RD,39.13603999,-86.52687996
901897283,2020,10,3,1800,Weekday,1-Car,Non-incapacitating,RAN OFF ROAD RIGHT,ROGERS RD & THE STANDS,39.13599975,-86.50409996
901776736,2020,2,7,1800,Weekend,2-Car,No injury/unknown,FAILURE TO YIELD RIGHT OF WAY,E WINSLOW RD & S WALNUT ST,39.13598615,-86.52880354
901936645,2020,12,3,1200,Weekday,2-Car,Non-incapacitating,FAILURE TO YIELD RIGHT OF WAY,WALNUT & WINSLOW RD,39.13597025,-86.53111846
901847268,2020,6,3,1200,Weekday,Moped/Motorcycle,Non-incapacitating,FOLLOWING TOO CLOSELY,WALNUT & WINSLOW RD,39.13597025,-86.53111413
901757235,2020,1,7,800,Weekend,2-Car,No injury/unknown,CELL PHONE USAGE,WALNUT ST & WINSLOW,39.13597025,-86.5311098
901759415,2020,1,4,1700,Weekday,2-Car,No injury/unknown,FAILURE TO YIELD RIGHT OF WAY,S WALNUT ST & WINSLOW,39.13597025,-86.5311098
901820295,2020,5,2,1600,Weekday,2-Car,Non-incapacitating,FAILURE TO YIELD RIGHT OF WAY,COUNTRY CLUB DR & S WALNUT,39.13597025,-86.5311098
901798172,2020,3,2,1200,Weekday,2-Car,No injury/unknown,UNSAFE BACKING,COUNTRY CLUB & S WALNUT ST,39.13597025,-86.5311098
901813173,2020,4,2,1600,Weekday,2-Car,Non-incapacitating,FAILURE TO YIELD RIGHT OF WAY,WALNUT & WINSLOW RD,39.13597025,-86.5311098
901820473,2020,5,2,500,Weekday,2-Car,No injury/unknown,LEFT OF CENTER,COUNTRY CLUB DR & WALNUT,39.13597025,-86.5311098
901874797,2020,8,2,1600,Weekday,2-Car,Non-incapacitating,FOLLOWING TOO CLOSELY,S WALNUT ST & WINSLOW,39.13597025,-86.5311098
901876264,2020,8,5,1100,Weekday,2-Car,Non-incapacitating,FAILURE TO YIELD RIGHT OF WAY,WALNUT & WINSLOW RD,39.13597025,-86.5311098
901870514,2020,8,1,1400,Weekend,2-Car,Non-incapacitating,FOLLOWING TOO CLOSELY,COUNTRY CLUB DR & WALNUT,39.13597025,-86.53110115
901822623,2020,5,6,1500,Weekday,2-Car,No injury/unknown,FOLLOWING TOO CLOSELY,COUNTRY CLUB DR & WALNUT,39.13597025,-86.5310925
901872194,2020,8,4,700,Weekday,3+ Cars,Non-incapacitating,FAILURE TO YIELD RIGHT OF WAY,COUNTRY CLUB DR & WALNUT,39.13597025,-86.5310925
901756046,2020,1,4,1700,Weekday,2-Car,Non-incapacitating,FAILURE TO YIELD RIGHT OF WAY,COUNTRY CLUB DR & WALNUT,39.13597025,-86.53108385
901942684,2020,12,3,1700,Weekday,2-Car,No injury/unknown,FAILURE TO YIELD RIGHT OF WAY,SOUTH WALNUT & WEST COUNTRY CLUB RD,39.13597025,-86.53108385
901796656,2020,3,5,1700,Weekday,2-Car,Incapacitating,FOLLOWING TOO CLOSELY,COUNTRY CLUB RD & WALNUT,39.13597025,-86.53102327
901761769,2020,1,1,1500,Weekend,2-Car,No injury/unknown,UNSAFE BACKING,ATLEE ST & BRICKLIN,39.13596054,-86.49332016
901903261,2020,10,6,900,Weekday,Pedestrian,Non-incapacitating,OTHER (DRIVER) - EXPLAIN IN NARRATIVE,ROGERS RD & SARE,39.13596019,-86.4965301
901854094,2020,7,3,1000,Weekday,2-Car,Non-incapacitating,LEFT OF CENTER,FARRINGTON & MARKET PL,39.13588978,-86.58094994
901776625,2020,2,7,1400,Weekend,2-Car,No injury/unknown,FAILURE TO YIELD RIGHT OF WAY,ROGERS & SARE RD,39.13584,-86.496288
901766202,2020,1,1,900,Weekend,1-Car,No injury/unknown,ROADWAY SURFACE CONDITION,ROGERS RD & SMITH,39.1358119,-86.48437517
901766589,2020,1,1,900,Weekend,2-Car,No injury/unknown,LEFT OF CENTER,ROGERS RD & SMITH,39.1358119,-86.48437517
901829215,2020,5,3,1200,Weekday,2-Car,No injury/unknown,TIRE FAILURE OR DEFECTIVE,ROGERS RD & SNODDY,39.13575755,-86.48984065
901814821,2020,4,5,700,Weekday,3+ Cars,Non-incapacitating,FAILURE TO YIELD RIGHT OF WAY,SR37S & TAPP,39.13566671,-86.572896
901822913,2020,5,7,600,Weekend,1-Car,No injury/unknown,DRIVER ILLNESS,S KNIGHT RIDGE & SR446S,39.135648,-86.462
901929073,2020,11,2,1500,Weekday,2-Car,Non-incapacitating,FAILURE TO YIELD RIGHT OF WAY,SOUTH WALNUT ST & WINSLOW,39.13543097,-86.52815779
901817053,2020,5,3,1600,Weekday,2-Car,No injury/unknown,UNSAFE BACKING,SOUTH MCINTYRE DR,39.13530573,-86.56985834
901848332,2020,6,4,700,Weekday,2-Car,Incapacitating,FAILURE TO YIELD RIGHT OF WAY,DUNCAN & SR45W,39.13504,-86.596192
901788582,2020,3,3,800,Weekday,2-Car,No injury/unknown,FOLLOWING TOO CLOSELY,SR37N & TAPP,39.13484273,-86.572896