Master Record Number,Year,Month,Day,Hour,Weekend,Collision Type,Injury Type,Primary Factor,Reported_Location,Latitude,Longitude
901794811,2020,3,2,800,Weekday,2-Car,No injury/unknown,UNSAFE BACKING,S WALNUT ST,39.13432546,-86.52733091
901817038,2020,5,3,1700,Weekday,2-Car,No injury/unknown,FAILURE TO YIELD RIGHT OF WAY,S WALNUT ST,39.13432546,-86.52733091
901862343,2020,7,4,1400,Weekday,2-Car,No injury/unknown,IMPROPER TURNING,SOUTH WALNUT ST,39.13432546,-86.52733091
901869825,2020,8,6,1200,Weekday,2-Car,No injury/unknown,FAILURE TO YIELD RIGHT OF WAY,S WALNUT ST,39.13432546,-86.52733091
901812301,2020,4,1,1400,Weekend,1-Car,No injury/unknown,ANIMAL/OBJECT IN ROADWAY,SR37N & TAPP,39.13429342,-86.572896
901779766,2020,2,5,1500,Weekday,2-Car,No injury/unknown,FOLLOWING TOO CLOSELY,SR37S & VERNAL,39.13414963,-86.56233005
901761615,2020,1,5,2300,Weekday,1-Car,No injury/unknown,ROADWAY SURFACE CONDITION,GARDNER RD & HOFF,39.13386729,-86.64823206
901934221,2020,12,4,1600,Weekday,2-Car,No injury/unknown,IMPROPER TURNING,HENDERSON ST & WALNUT,39.133744,-86.526896
901814733,2020,4,6,2100,Weekend,2-Car,No injury/unknown,IMPROPER TURNING,ROLLING RIDGE WAY,39.133744,-86.50592
901883196,2020,9,4,1500,Weekday,1-Car,No injury/unknown,RAN OFF ROAD RIGHT,8164 GARDNER RD & HOFF,39.13357252,-86.64860162
901815293,2020,4,7,600,Weekend,1-Car,No injury/unknown,RAN OFF ROAD RIGHT,WESTMINSTER WAY,39.13338326,-86.52182266
901827235,2020,5,7,1500,Weekend,2-Car,No injury/unknown,UNSAFE BACKING,YONKERS ST,39.13312241,-86.57425582
901935696,2020,12,5,2100,Weekday,1-Car,No injury/unknown,ANIMAL/OBJECT IN ROADWAY,S KNIGHTRIDGE & SR446S,39.13295416,-86.45328513
902000154,2020,9,4,2200,Weekday,2-Car,No injury/unknown,OTHER (DRIVER) - EXPLAIN IN NARRATIVE,SOUTH LEONARD SPRINGS RD,39.13289443,-86.58253245
901844689,2020,6,5,800,Weekday,2-Car,No injury/unknown,TIRE FAILURE OR DEFECTIVE,FULLERTON & SR37S,39.1327829,-86.57137982
901902918,2020,10,6,700,Weekday,2-Car,No injury/unknown,UNSAFE SPEED,SR37 & W TAPP,39.13264281,-86.57289535
901776115,2020,2,6,1900,Weekend,2-Car,Non-incapacitating,FOLLOWING TOO CLOSELY,MEADOW CREEK & SARE RD,39.13218029,-86.49999015
901911262,2020,10,6,1700,Weekday,2-Car,Non-incapacitating,LEFT OF CENTER,MEADOW CREEK & S SARE RD,39.13218029,-86.49999015
901819643,2020,5,1,200,Weekend,2-Car,No injury/unknown,UNSAFE BACKING,W HOOSIER COURT AVE,39.1319809,-86.53210449
901765607,2020,1,7,0,Weekend,1-Car,No injury/unknown,ROADWAY SURFACE CONDITION,COUNTRY CLUB & ROGERS ST,39.13166801,-86.53844215
901866282,2020,8,5,1700,Weekday,2-Car,Non-incapacitating,FAILURE TO YIELD RIGHT OF WAY,8700 BLK GARDNER RD & HOFF,39.13151605,-86.67303912
901858013,2020,7,4,1300,Weekday,Moped/Motorcycle,Non-incapacitating,FAILURE TO YIELD RIGHT OF WAY,LEONARD SPRINGS RD & MAYBURY,39.13149029,-86.58259011
901871392,2020,8,2,2000,Weekday,1-Car,No injury/unknown,IMPROPER LANE USAGE,W PINEWOOD DR,39.13142726,-86.53203181
901815741,2020,4,7,2100,Weekend,1-Car,No injury/unknown,OTHER (ENVIRONMENTAL) - EXPLAIN IN NARR,SOUTH SNODDY RD,39.13141787,-86.48967236
901838814,2020,6,1,1400,Weekend,2-Car,No injury/unknown,DISREGARD SIGNAL/REG SIGN,GREEN RD & TULIP,39.131408,-86.541504
901880731,2020,8,6,1500,Weekday,1-Car,No injury/unknown,ROADWAY SURFACE CONDITION,MERRITT & SR446S,39.1313205,-86.42514981
901798790,2020,3,3,1400,Weekday,2-Car,No injury/unknown,IMPROPER LANE USAGE,E ALLENDALE DR & S WESTMINSTER,39.13104,-86.521792
901834572,2020,6,7,1300,Weekend,Bus,No injury/unknown,OVERCORRECTING/OVERSTEERING,FISHERS & JORDAN AVE,39.13087181,-86.5168599
901776935,2020,2,1,100,Weekend,2-Car,No injury/unknown,,2208 LAURELWOOD DR & WYLIE FARMS,39.13053161,-86.52255984
901938068,2020,12,3,1800,Weekday,2-Car,Non-incapacitating,FAILURE TO YIELD RIGHT OF WAY,SOUTH & WALNUT ST,39.130177,-86.526808
901825412,2020,5,7,200,Weekend,3+ Cars,No injury/unknown,OTHER (DRIVER) - EXPLAIN IN NARRATIVE,FESTIVE & TYLER LN,39.130144,-86.577024
901868039,2020,8,3,1200,Weekday,2-Car,No injury/unknown,UNSAFE BACKING,CEDARWOOD DR & CLAYBRIDGE,39.12992825,-86.50649258
901791071,2020,3,7,1700,Weekend,2-Car,No injury/unknown,FAILURE TO YIELD RIGHT OF WAY,BUNGER & SR45W,39.12936,-86.604336
901883456,2020,8,2,1000,Weekday,2-Car,No injury/unknown,FOLLOWING TOO CLOSELY,BUNGER & SR45W,39.12936,-86.604336
901943462,2020,12,5,1600,Weekday,2-Car,No injury/unknown,FOLLOWING TOO CLOSELY,BUNGER & SR45W,39.12936,-86.604336
901872992,2020,8,5,1900,Weekday,2-Car,No injury/unknown,FOLLOWING TOO CLOSELY,BUNGER & SR45W,39.12924998,-86.60429991
901924253,2020,11,6,1600,Weekday,2-Car,Non-incapacitating,DRIVER DISTRACTED - EXPLAIN IN NARRATIVE,BUNGER & SR45W,39.12924998,-86.60429991
901769313,2020,1,6,1000,Weekday,2-Car,No injury/unknown,OTHER (DRIVER) - EXPLAIN IN NARRATIVE,CHEEKWOOD & CREEKS EDGE DR,39.12912995,-86.49925991
901899360,2020,10,7,200,Weekend,1-Car,No injury/unknown,RAN OFF ROAD RIGHT,2ND & PATTERSON ST,39.12902963,-86.54850997
901849527,2020,6,7,1300,Weekend,2-Car,No injury/unknown,UNSAFE BACKING,S WALNUT ST,39.12901992,-86.52678557
901888057,2020,9,6,600,Weekday,2-Car,No injury/unknown,UNSAFE BACKING,CREEKS EDGE DR,39.12891805,-86.49947315
901891700,2020,9,7,100,Weekend,1-Car,Incapacitating,SPEED TOO FAST FOR WEATHER CONDITIONS,SOUTH CHAPLE HILL ROAD & SR446S,39.12867299,-86.4053481
901778930,2020,2,4,700,Weekday,2-Car,No injury/unknown,IMPROPER TURNING,S WALNUT ST,39.12838149,-86.5267942
901857512,2020,7,3,1200,Weekday,2-Car,No injury/unknown,OTHER (DRIVER) - EXPLAIN IN NARRATIVE,FORRESTER ST & WINSTON,39.12807641,-86.49141982
901899456,2020,10,7,300,Weekend,2-Car,No injury/unknown,OTHER (DRIVER) - EXPLAIN IN NARRATIVE,SOUTH WALNUT ST,39.12800598,-86.53055572
901838193,2020,6,6,1600,Weekday,2-Car,No injury/unknown,FOLLOWING TOO CLOSELY,ISON & SR45W,39.12788004,-86.60652011
901764724,2020,1,5,1100,Weekday,2-Car,No injury/unknown,ACCELERATOR FAILURE OR DEFECTIVE,CREEKS EDGE DR,39.12787247,-86.50183105
901862895,2020,7,6,1700,Weekday,3+ Cars,Non-incapacitating,FOLLOWING TOO CLOSELY,EASTGATE & SR46S,39.12784655,-86.50148011
901810902,2020,4,5,900,Weekday,2-Car,No injury/unknown,UNSAFE BACKING,PEONY LN,39.12776,-86.585024
901772853,2020,2,6,1700,Weekday,Pedestrian,Non-incapacitating,FAILURE TO YIELD RIGHT OF WAY,MCDOUGAL & SOUTH ROCKPORT RD,39.127711,-86.556339
901899564,2020,10,5,500,Weekday,2-Car,No injury/unknown,FAILURE TO YIELD RIGHT OF WAY,WOODHAVEN DR & WOODMERE,39.127664,-86.57891232
901946361,2020,12,3,1900,Weekday,1-Car,No injury/unknown,ANIMAL/OBJECT IN ROADWAY,BUNGER RD & STATE ROAD 45,39.12734433,-86.60379058
901786730,2020,3,5,2100,Weekday,1-Car,No injury/unknown,RAN OFF ROAD RIGHT,S WICKENS ST & W HENNESSEY,39.12719636,-86.55259028
901859110,2020,7,6,1100,Weekday,2-Car,No injury/unknown,FAILURE TO YIELD RIGHT OF WAY,S WALNUT STREET PIKE,39.12716835,-86.52677353
901780441,2020,2,7,900,Weekend,Pedestrian,No injury/unknown,IMPROPER PASSING,SOUTH LEONARD SPRINGS RD & WEST LEONARD SPRINGS,39.126976,-86.582464
901884142,2020,9,6,1300,Weekday,2-Car,No injury/unknown,FAILURE TO YIELD RIGHT OF WAY,LEONARD SPRINGS RD,39.12671462,-86.58263772
901769391,2020,1,6,1800,Weekday,2-Car,No injury/unknown,FOLLOWING TOO CLOSELY,BURKS & WALNUT ST,39.12666969,-86.53136998
901893844,2020,9,3,2100,Weekday,2-Car,Non-incapacitating,FOLLOWING TOO CLOSELY,BURKS & WALNUT ST,39.12666969,-86.53136998
901848309,2020,6,5,1000,Weekday,2-Car,No injury/unknown,BRAKE FAILURE OR DEFECTIVE,WEST HEATHERWOOD LN,39.126592,-86.59046624
901842603,2020,6,1,0,Weekend,2-Car,No injury/unknown,OTHER (DRIVER) - EXPLAIN IN NARRATIVE,GLASGOW CIR,39.12655771,-86.55168436
901939334,2020,12,5,1300,Weekday,2-Car,No injury/unknown,DRIVER DISTRACTED - EXPLAIN IN NARRATIVE,AIRPORT & GARRISON CHAPEL RD,39.12646272,-86.64291031
901804767,2020,4,2,1200,Weekday,2-Car,No injury/unknown,,S WALNUT ST ST,39.12641137,-86.52674795
901822921,2020,5,7,1400,Weekend,2-Car,No injury/unknown,IMPROPER TURNING,S WALNUT ST,39.12633358,-86.52674532
901831055,2020,5,7,1400,Weekend,2-Car,No injury/unknown,UNSAFE SPEED,S WALNUT ST PIKE,39.12631655,-86.52674475
901880693,2020,8,6,1200,Weekday,2-Car,No injury/unknown,UNSAFE BACKING,S WALNUT ST PIKE,39.12631655,-86.52674475
901945026,2020,12,7,1500,Weekend,2-Car,No injury/unknown,LEFT OF CENTER,EASTMONT AVE & VALMORE,39.12564751,-86.61780394
901831094,2020,5,7,2100,Weekend,2-Car,No injury/unknown,FAILURE TO YIELD RIGHT OF WAY,BURKS DR & WALNUT ST,39.12556998,-86.52668509
901772851,2020,2,5,1400,Weekday,1-Car,No injury/unknown,IMPROPER LANE USAGE,WEST STATE ROAD 45,39.125552,-86.610192
901819342,2020,5,1,200,Weekend,2-Car,No injury/unknown,UNSAFE BACKING,45 HWY,39.125552,-86.610192
901854335,2020,7,2,2100,Weekday,2-Car,No injury/unknown,,SOUTH PARKRIDGE RD,39.125476,-86.540226
901755173,2020,1,3,1500,Weekday,2-Car,No injury/unknown,DRIVER DISTRACTED - EXPLAIN IN NARRATIVE,WEST STATE RD 45 RD,39.125312,-86.610496
901766004,2020,1,7,2000,Weekend,2-Car,No injury/unknown,UNSAFE BACKING,WEST STATE ROAD 45 RD,39.125312,-86.610496
901768118,2020,1,7,1900,Weekend,2-Car,No injury/unknown,,W 45 HWY,39.125312,-86.610496
901768997,2020,1,5,1400,Weekday,2-Car,No injury/unknown,OTHER (DRIVER) - EXPLAIN IN NARRATIVE,WEST 45 HWY,39.125312,-86.610496
901769000,2020,1,5,1100,Weekday,2-Car,No injury/unknown,FAILURE TO YIELD RIGHT OF WAY,WEST 45 HWY,39.125312,-86.610496
901779177,2020,2,4,1000,Weekday,2-Car,No injury/unknown,FAILURE TO YIELD RIGHT OF WAY,SR45W,39.125312,-86.610496
901780469,2020,2,7,1200,Weekend,3+ Cars,No injury/unknown,IMPROPER TURNING,W STATE ROAD 45 RD,39.125312,-86.610496
901780586,2020,2,7,0,Weekend,2-Car,No injury/unknown,ROADWAY SURFACE CONDITION,W SR45 HWY,39.125312,-86.610496
901786971,2020,3,5,1200,Weekday,2-Car,No injury/unknown,UNSAFE BACKING,SR45W,39.125312,-86.610496
901794196,2020,3,7,1700,Weekend,2-Car,No injury/unknown,OTHER (DRIVER) - EXPLAIN IN NARRATIVE,W SR 45 RD,39.125312,-86.610496
901801799,2020,3,7,2000,Weekend,2-Car,No injury/unknown,OTHER (DRIVER) - EXPLAIN IN NARRATIVE,WEST ST RD 45 HWY,39.125312,-86.610496
901852584,2020,7,5,1500,Weekday,2-Car,No injury/unknown,FAILURE TO YIELD RIGHT OF WAY,WEST STATE ROAD 45 HWY,39.125312,-86.610496
901822917,2020,5,7,1400,Weekend,2-Car,No injury/unknown,OTHER (DRIVER) - EXPLAIN IN NARRATIVE,WEST 45 HWY,39.125312,-86.610496
901840316,2020,6,2,1800,Weekday,2-Car,No injury/unknown,UNSAFE BACKING,W STATE ROAD 45 RD,39.125312,-86.610496
901840978,2020,6,1,1100,Weekend,2-Car,No injury/unknown,OTHER (DRIVER) - EXPLAIN IN NARRATIVE,WEST 45 HWY,39.125312,-86.610496
901853832,2020,7,1,2200,Weekday,2-Car,No injury/unknown,FAILURE TO YIELD RIGHT OF WAY,SR45W,39.125312,-86.610496
901855493,2020,7,5,1800,Weekday,1-Car,No injury/unknown,RAN OFF ROAD RIGHT,W STATE ROAD 45 RD,39.125312,-86.610496
901862613,2020,7,4,1300,Weekday,2-Car,No injury/unknown,LEFT OF CENTER,SR45W,39.125312,-86.610496
901863290,2020,7,1,1100,Weekend,2-Car,No injury/unknown,IMPROPER LANE USAGE,WEST 45 HWY,39.125312,-86.610496
901872649,2020,8,1,900,Weekend,1-Car,No injury/unknown,UNSAFE BACKING,WEST STATE ROAD 45 HWY,39.125312,-86.610496
901877538,2020,8,1,1500,Weekend,2-Car,No injury/unknown,UNSAFE LANE MOVEMENT,STATE ROAD 45 RD,39.125312,-86.610496
901881291,2020,9,1,1600,Weekend,2-Car,No injury/unknown,OTHER (DRIVER) - EXPLAIN IN NARRATIVE,SR45W,39.125312,-86.610496
901890763,2020,9,5,1300,Weekday,Pedestrian,Non-incapacitating,ANIMAL/OBJECT IN ROADWAY,SR45W,39.125312,-86.610496
901921216,2020,11,7,1700,Weekend,2-Car,No injury/unknown,FAILURE TO YIELD RIGHT OF WAY,SR45W,39.125312,-86.610496
901934697,2020,12,4,1500,Weekday,2-Car,No injury/unknown,FAILURE TO YIELD RIGHT OF WAY,W STATE ROAD 45 RD,39.125312,-86.610496
901811216,2020,4,5,1500,Weekday,2-Car,No injury/unknown,FAILURE TO YIELD RIGHT OF WAY,GILLHAM & SR45W,39.125072,-86.6108
901767598,2020,1,6,2000,Weekend,2-Car,No injury/unknown,ROADWAY SURFACE CONDITION,HAYS & S ROGERS ST,39.12504,-86.5388
901785618,2020,2,3,600,Weekday,1-Car,No injury/unknown,ANIMAL/OBJECT IN ROADWAY,FULLERTON & SR37S,39.12497215,-86.57225753
901814419,2020,4,5,700,Weekday,3+ Cars,No injury/unknown,FOLLOWING TOO CLOSELY,SOUTH & WALNUT ST,39.12489443,-86.526808
901920721,2020,11,1,1800,Weekend,1-Car,No injury/unknown,ANIMAL/OBJECT IN ROADWAY,SR37S & W FULLERTON,39.12466863,-86.57248671
901944538,2020,12,6,1800,Weekday,2-Car,Non-incapacitating,FOLLOWING TOO CLOSELY,SR37N & VERNAL,39.12455872,-86.55998992
901814393,2020,4,3,1900,Weekday,Moped/Motorcycle,Non-incapacitating,RAN OFF ROAD RIGHT,CRAMER CIR,39.12440926,-86.5455126
901830156,2020,5,3,2200,Weekday,Moped/Motorcycle,No injury/unknown,ANIMAL/OBJECT IN ROADWAY,FULLERTON & ROCKPORT RD,39.12440105,-86.56053861
901758587,2020,1,2,1600,Weekday,2-Car,No injury/unknown,FAILURE TO YIELD RIGHT OF WAY,BARGE & LEONARD SPRINGS RD,39.12438323,-86.58261023
901780020,2020,2,7,700,Weekend,1-Car,Non-incapacitating,RAN OFF ROAD RIGHT,ROCKPORT & SR37S,39.12426608,-86.57197254
901918456,2020,11,4,800,Weekday,2-Car,No injury/unknown,SPEED TOO FAST FOR WEATHER CONDITIONS,HEATHER & WALNUT STREET PIKE PIKE,39.123856,-86.526656
901753431,2020,1,1,1000,Weekend,2-Car,No injury/unknown,FOLLOWING TOO CLOSELY,MILL STONE & SARE RD,39.12377022,-86.50865033
901768982,2020,1,5,2300,Weekday,1-Car,Non-incapacitating,RAN OFF ROAD RIGHT,CAROWIND & S FAIRFAX RD,39.1236321,-86.49852968
901755345,2020,1,2,1700,Weekday,2-Car,No injury/unknown,UNSAFE SPEED,EASTMONT AVE & VALMORE,39.123472,-86.6194277
901767600,2020,1,6,2100,Weekend,1-Car,No injury/unknown,ANIMAL/OBJECT IN ROADWAY,ELLER & SR45W,39.12321587,-86.61315954
901897694,2020,10,4,1200,Weekday,2-Car,No injury/unknown,FAILURE TO YIELD RIGHT OF WAY,1100 N JORDAN AVE & 17TH,39.12310741,-86.512695
901872931,2020,8,5,1800,Weekday,1-Car,No injury/unknown,OTHER (ENVIRONMENTAL) - EXPLAIN IN NARR,14TH & WALNUT ST,39.12306238,-86.53356
901883204,2020,9,4,2300,Weekday,Moped/Motorcycle,Non-incapacitating,RAN OFF ROAD RIGHT,FULLERTON PIKE & SHARON,39.122944,-86.576992
901793995,2020,3,6,1800,Weekday,2-Car,No injury/unknown,OTHER (DRIVER) - EXPLAIN IN NARRATIVE,KENNEDY DR,39.12248746,-86.52844235
901843316,2020,6,2,1700,Weekday,2-Car,No injury/unknown,UNSAFE BACKING,BUSHMILL & BUSHMILL DR,39.12241779,-86.55153238
901816372,2020,4,5,1800,Weekday,2-Car,Non-incapacitating,LEFT OF CENTER,S GARRISON CHAPEL RD & W ELLER,39.122416,-86.64296
901812041,2020,4,7,1700,Weekend,1-Car,No injury/unknown,RAN OFF ROAD RIGHT,ELLER & S GARRISON CHAPEL RD,39.122416,-86.64296
901845774,2020,6,4,1700,Weekday,1-Car,No injury/unknown,RAN OFF ROAD RIGHT,S GARRISON CHAPEL RD & W ELLER,39.122416,-86.64296
901845522,2020,6,6,700,Weekday,2-Car,No injury/unknown,FAILURE TO YIELD RIGHT OF WAY,SR45N & W LEONARD SPRINGS,39.12240055,-86.61426547
901833883,2020,5,5,1700,Weekday,2-Car,No injury/unknown,SPEED TOO FAST FOR WEATHER CONDITIONS,ELLER & SR45S,39.12235221,-86.61466183
901774956,2020,2,4,1000,Weekday,3+ Cars,Non-incapacitating,FOLLOWING TOO CLOSELY,FULLERTON & SR37S,39.122352,-86.5712
901786180,2020,3,5,1100,Weekday,2-Car,Non-incapacitating,DISREGARD SIGNAL/REG SIGN,FULLERTON & SR37S,39.122352,-86.5712
901798152,2020,3,2,1200,Weekday,2-Car,No injury/unknown,DISREGARD SIGNAL/REG SIGN,FULLERTON & SR37S,39.122352,-86.5712
901820835,2020,5,1,1800,Weekend,2-Car,No injury/unknown,FAILURE TO YIELD RIGHT OF WAY,FULLERTON & SR37S,39.122352,-86.5712
901820886,2020,5,2,1600,Weekday,3+ Cars,Non-incapacitating,UNSAFE SPEED,FULLERTON & SR37,39.122352,-86.5712
901838523,2020,6,5,1800,Weekday,3+ Cars,No injury/unknown,FOLLOWING TOO CLOSELY,FULLERTON & SR37N,39.122352,-86.5712
901863053,2020,7,6,1600,Weekday,3+ Cars,Incapacitating,FOLLOWING TOO CLOSELY,FULLERTON & SR37N,39.122352,-86.5712
901941070,2020,12,2,900,Weekday,2-Car,No injury/unknown,FAILURE TO YIELD RIGHT OF WAY,FULLERTON & SR37N,39.122352,-86.5712
901842602,2020,6,1,1600,Weekend,2-Car,No injury/unknown,UNSAFE BACKING,CRAMER & WICKENS DR,39.12232988,-86.54792994
901841988,2020,6,6,1600,Weekday,Moped/Motorcycle,Non-incapacitating,FAILURE TO YIELD RIGHT OF WAY,3RD & LIBERTY DR,39.12231243,-86.57913006
901850058,2020,7,2,800,Weekday,2-Car,No injury/unknown,DISREGARD SIGNAL/REG SIGN,SOUTH ISON & WEST LEONARD SPRINGS RD,39.12230666,-86.60577149
901905627,2020,10,2,1200,Weekday,1-Car,No injury/unknown,IMPROPER LANE USAGE,LEONARD SPRINGS RD,39.12228964,-86.59485653
901812164,2020,4,6,1900,Weekend,2-Car,Non-incapacitating,FAILURE TO YIELD RIGHT OF WAY,ELLER & SR45W,39.12224,-86.6144
901845996,2020,6,7,1200,Weekend,1-Car,No injury/unknown,ANIMAL/OBJECT IN ROADWAY,ELLER & SR45W,39.12224,-86.6144
901931522,2020,11,7,1700,Weekend,2-Car,Incapacitating,FAILURE TO YIELD RIGHT OF WAY,FULLERTON & SR37N,39.12221999,-86.57108545
901831352,2020,5,7,1700,Weekend,2-Car,No injury/unknown,DISREGARD SIGNAL/REG SIGN,FULLERTON & SR37S,39.12221991,-86.57137982
901946137,2020,12,2,2000,Weekday,3+ Cars,Non-incapacitating,FAILURE TO YIELD RIGHT OF WAY,FULLERTON & SR37,39.12221377,-86.57112747
901910568,2020,10,5,1700,Weekday,2-Car,Non-incapacitating,FAILURE TO YIELD RIGHT OF WAY,FULLERTON & SR37S,39.12219208,-86.57102913
901901968,2020,10,4,1800,Weekday,2-Car,No injury/unknown,FAILURE TO YIELD RIGHT OF WAY,FULLERTON PIKE & ROCKPORT,39.12217967,-86.56260028
901945391,2020,12,7,1300,Weekend,2-Car,No injury/unknown,FAILURE TO YIELD RIGHT OF WAY,FULLERTON & ROCKPORT RD,39.12217967,-86.56260028
901777846,2020,2,2,1500,Weekday,1-Car,No injury/unknown,RAN OFF ROAD RIGHT,FULLERTON PIKE,39.12216626,-86.57352291
901830304,2020,5,6,900,Weekday,2-Car,No injury/unknown,FOLLOWING TOO CLOSELY,FULLERTON PIKE,39.12216626,-86.57352291
901832926,2020,5,3,700,Weekday,1-Car,Non-incapacitating,RAN OFF ROAD RIGHT,HARRELL & RHORER RD,39.12182041,-86.50019399
901888029,2020,9,7,1200,Weekend,2-Car,No injury/unknown,UNSAFE BACKING,LEONARD SPRINGS RD,39.12179565,-86.59577178
901844910,2020,6,4,1700,Weekday,1-Car,No injury/unknown,BRAKE FAILURE OR DEFECTIVE,SOUTH WALNUT ST,39.12177324,-86.52651807
901821219,2020,5,3,1300,Weekday,2-Car,No injury/unknown,FOLLOWING TOO CLOSELY,3320 RHORER RD & HARRELL,39.12165468,-86.4934987
901789988,2020,3,4,300,Weekday,Moped/Motorcycle,No injury/unknown,OTHER (DRIVER) - EXPLAIN IN NARRATIVE,SOUTH ROGERS & WEST GORDON PIKE,39.121648,-86.539088
901944536,2020,12,6,1700,Weekday,1-Car,No injury/unknown,ROADWAY SURFACE CONDITION,300 W GORDON PIKE & ROGERS,39.121648,-86.539088
901944648,2020,12,6,2200,Weekend,1-Car,No injury/unknown,RAN OFF ROAD RIGHT,ROGERS & W GORDON PIKE,39.12160266,-86.53838521
901943912,2020,12,6,800,Weekday,2-Car,Non-incapacitating,LEFT OF CENTER,GORDON PIKE & ROGERS,39.12156008,-86.5391944
901791037,2020,3,2,1600,Weekday,2-Car,No injury/unknown,OTHER (DRIVER) - EXPLAIN IN NARRATIVE,ROGERS & WEST GORDON PIKE,39.12156008,-86.5391706
901845454,2020,6,5,500,Weekday,2-Car,No injury/unknown,OTHER (DRIVER) - EXPLAIN IN NARRATIVE,W GORDON PIKE,39.12154418,-86.53386009
901760147,2020,1,5,1600,Weekday,2-Car,No injury/unknown,FOLLOWING TOO CLOSELY,JAMIE & RHORER RD,39.12152523,-86.51721484
901782905,2020,2,5,900,Weekday,2-Car,No injury/unknown,FOLLOWING TOO CLOSELY,JAMIE & RHORER RD,39.12152131,-86.51774371
901870117,2020,8,6,2100,Weekend,2-Car,No injury/unknown,FAILURE TO YIELD RIGHT OF WAY,JAMIE & RHORER RD,39.12152,-86.51792
901893027,2020,9,2,1700,Weekday,Moped/Motorcycle,Incapacitating,UNSAFE LANE MOVEMENT,GORDON PIKE & S ROGERS,39.12149199,-86.53531213
901884298,2020,9,6,1700,Weekday,2-Car,Non-incapacitating,UNSAFE LANE MOVEMENT,GORDON PIKE & W GORDON,39.12146951,-86.53338981
901936458,2020,12,7,1600,Weekend,2-Car,No injury/unknown,UNSAFE BACKING,W GORDON PIKE & WALNUT,39.12146755,-86.53137074
901946104,2020,12,2,1700,Weekday,2-Car,No injury/unknown,UNSAFE BACKING,W GORDON PIKE & WALNUT,39.12146755,-86.53137074
901948631,2020,12,6,1200,Weekday,2-Car,No injury/unknown,FOLLOWING TOO CLOSELY,RHORER RD & S WALNUT,39.1214541,-86.52473311
901943132,2020,12,5,700,Weekday,Pedestrian,Fatal,PEDESTRIAN ACTION,NIMIT & RHORER RD,39.12145011,-86.52382713
901796926,2020,2,5,1600,Weekday,2-Car,No injury/unknown,FOLLOWING TOO CLOSELY,RHORER RD & S WALNUT ST,39.12144005,-86.52662985
901885214,2020,9,2,700,Weekday,2-Car,Non-incapacitating,UNSAFE SPEED,JAMIE & RHORER RD,39.12144005,-86.51763761
901942291,2020,12,3,1700,Weekday,2-Car,No injury/unknown,VIEW OBSTRUCTED,E RHORER RD & S TWO CREEKS,39.12144005,-86.5171058
901836712,2020,6,4,700,Weekday,2-Car,No injury/unknown,FAILURE TO YIELD RIGHT OF WAY,RHORER RD & SARE,39.12144005,-86.51157997
901843481,2020,6,3,800,Weekday,2-Car,Incapacitating,FAILURE TO YIELD RIGHT OF WAY,RHORER RD & SARE,39.12144005,-86.51157997
901771972,2020,2,4,1300,Weekday,2-Car,No injury/unknown,FAILURE TO YIELD RIGHT OF WAY,RHORER & WALNUT STREET PIKE,39.12144,-86.526496
901772861,2020,2,6,1600,Weekday,2-Car,No injury/unknown,FOLLOWING TOO CLOSELY,RHORER & WALNUT ST,39.12144,-86.526496
901802895,2020,4,2,2100,Weekday,2-Car,Non-incapacitating,DISREGARD SIGNAL/REG SIGN,RHORER & S WALNUT ST,39.12144,-86.526496
901813324,2020,4,3,800,Weekday,3+ Cars,Non-incapacitating,FAILURE TO YIELD RIGHT OF WAY,RHORER & S WALNUT ST,39.12144,-86.526496
901848622,2020,6,5,400,Weekday,2-Car,No injury/unknown,FAILURE TO YIELD RIGHT OF WAY,RHORER RD & WALNUT STREET,39.12144,-86.526496
901836632,2020,6,4,700,Weekday,3+ Cars,No injury/unknown,FOLLOWING TOO CLOSELY,RHORER RD & WALNUT STREET,39.12144,-86.526496
901879718,2020,8,3,1800,Weekday,2-Car,No injury/unknown,FOLLOWING TOO CLOSELY,RHORER RD & WALNUT STREET,39.12144,-86.526496
901901093,2020,10,3,1200,Weekday,2-Car,Incapacitating,FAILURE TO YIELD RIGHT OF WAY,RHORER & S WALNUT ST,39.12144,-86.526496
901916021,2020,11,7,1300,Weekend,2-Car,No injury/unknown,ROADWAY SURFACE CONDITION,RHORER RD & WALNUT,39.12144,-86.526496
901916381,2020,11,1,1100,Weekend,2-Car,No injury/unknown,FAILURE TO YIELD RIGHT OF WAY,RHORER RD & WALNUT STREET,39.12144,-86.526496
901933813,2020,12,2,1900,Weekday,2-Car,No injury/unknown,FAILURE TO YIELD RIGHT OF WAY,RHORER RD & WALNUT STREET,39.12144,-86.526496
901946253,2020,12,3,1200,Weekday,2-Car,No injury/unknown,OTHER (DRIVER) - EXPLAIN IN NARRATIVE,ROARER RD & WALNUT STREET,39.12144,-86.526496
901771496,2020,1,3,1900,Weekday,2-Car,Non-incapacitating,FAILURE TO YIELD RIGHT OF WAY,S OLD STATE RD 37 & W GORDON PIKE,39.12141994,-86.53134986
901868915,2020,8,4,1900,Weekday,2-Car,Non-incapacitating,FOLLOWING TOO CLOSELY,RHORER & WALNUT ST,39.12141994,-86.53134986