Master Record Number,Year,Month,Day,Hour,Weekend,Collision Type,Injury Type,Primary Factor,Reported_Location,Latitude,Longitude
901872728,2020,8,5,1300,Weekday,2-Car,No injury/unknown,DISREGARD SIGNAL/REG SIGN,RHORER & WALNUT ST,39.12141994,-86.53134986
901885437,2020,9,2,1800,Weekday,3+ Cars,No injury/unknown,FOLLOWING TOO CLOSELY,GORDON PIKE & WALNUT,39.12141994,-86.5313239
901857189,2020,7,2,1800,Weekday,1-Car,Non-incapacitating,RAN OFF ROAD RIGHT,E RHORER RD,39.12135758,-86.51039779
901927419,2020,11,6,0,Weekday,2-Car,No injury/unknown,SPEED TOO FAST FOR WEATHER CONDITIONS,RHORER & SNODDY RD,39.12134014,-86.48951008
901945011,2020,12,7,1100,Weekend,1-Car,No injury/unknown,SPEED TOO FAST FOR WEATHER CONDITIONS,MOORES CREEK RD & STERLING,39.12105985,-86.48850958
901801135,2020,4,1,1400,Weekend,2-Car,No injury/unknown,UNSAFE BACKING,SOUTH WALNUT ST,39.12103906,-86.52657084
901829484,2020,5,3,1700,Weekday,2-Car,No injury/unknown,OTHER (DRIVER) - EXPLAIN IN NARRATIVE,SOUTH WALNUT ST,39.12103906,-86.52657084
901877285,2020,8,7,1600,Weekend,2-Car,No injury/unknown,OTHER (DRIVER) - EXPLAIN IN NARRATIVE,OLD 37 SOUTH RD,39.12102766,-86.53128348
901815219,2020,4,6,2100,Weekend,Moped/Motorcycle,Incapacitating,UNSAFE SPEED,LEONARD SPRINGS & LEONARD SPRINGS RD,39.12095079,-86.5916
901777010,2020,2,2,1700,Weekday,1-Car,No injury/unknown,ANIMAL/OBJECT IN ROADWAY,DUNLAP & SR45W,39.11950015,-86.61879993
901929532,2020,11,1,1200,Weekend,2-Car,No injury/unknown,FOLLOWING TOO CLOSELY,DUNLAP & SR45W,39.11950015,-86.61879993
901921687,2020,11,2,700,Weekday,2-Car,No injury/unknown,SPEED TOO FAST FOR WEATHER CONDITIONS,DUNLAP & SR45W,39.11950015,-86.61877395
901880256,2020,8,5,1700,Weekday,2-Car,Non-incapacitating,UNSAFE LANE MOVEMENT,S ORCHARD & SR37S,39.11934418,-86.53131902
901852097,2020,7,5,1700,Weekday,2-Car,No injury/unknown,FOLLOWING TOO CLOSELY,DUNLAP & SR45W,39.11902366,-86.61946886
901932834,2020,12,1,1800,Weekend,2-Car,Non-incapacitating,LEFT OF CENTER,BOLIN & ROCKPORT RD,39.11899691,-86.57508999
901876459,2020,8,5,1400,Weekday,2-Car,Non-incapacitating,FOLLOWING TOO CLOSELY,HILLSIDE & ROGERS ST,39.11885822,-86.53876014
901857679,2020,7,2,1700,Weekday,1-Car,No injury/unknown,ANIMAL/OBJECT IN ROADWAY,SR37 & VICTOR,39.11842102,-86.56830283
901916183,2020,11,7,2000,Weekend,1-Car,No injury/unknown,ANIMAL/OBJECT IN ROADWAY,DUNLAP & SR45,39.11839078,-86.62104121
901827755,2020,5,6,1600,Weekday,2-Car,No injury/unknown,DRIVER DISTRACTED - EXPLAIN IN NARRATIVE,DUNLAP & SR45,39.11833841,-86.62114559
901833975,2020,5,5,500,Weekday,2-Car,Non-incapacitating,LEFT OF CENTER,S DUNLAP & SR45W,39.11790246,-86.62147383
901761528,2020,1,6,1600,Weekday,3+ Cars,Non-incapacitating,UNSAFE SPEED,DUNLAP & SR45W,39.11774229,-86.62176025
901798433,2020,3,2,600,Weekday,1-Car,No injury/unknown,ANIMAL/OBJECT IN ROADWAY,ROCKPORT & SR37N,39.117648,-86.567104
901876351,2020,8,3,1700,Weekday,2-Car,No injury/unknown,IMPROPER LANE USAGE,ROCKPORT & SR37S,39.117648,-86.567104
901929815,2020,11,3,600,Weekday,1-Car,No injury/unknown,ANIMAL/OBJECT IN ROADWAY,ROCKPORT & SR37,39.11755374,-86.56705561
901944673,2020,12,6,1800,Weekday,Pedestrian,Non-incapacitating,LEFT OF CENTER,HOLLAND & S WALNUT STREET PIKE,39.1170867,-86.526496
901849763,2020,7,1,1700,Weekend,Moped/Motorcycle,Non-incapacitating,OVERCORRECTING/OVERSTEERING,AIRY HILLS & HARRODSBURG,39.11698878,-86.59665748
901922354,2020,11,3,2100,Weekday,1-Car,No injury/unknown,OTHER (VEHICLE) - EXPLAIN IN NARRATIVE,ORCHARD & S COLLEGE DR,39.11655737,-86.53358624
901935688,2020,12,5,0,Weekday,1-Car,Non-incapacitating,RAN OFF ROAD RIGHT,PINE GROVE & SR446S,39.116464,-86.428672
901841734,2020,6,6,1100,Weekday,Moped/Motorcycle,No injury/unknown,RAN OFF ROAD RIGHT,45 & GARRISON CHAPEL RD,39.11623454,-86.64015832
901892034,2020,9,4,800,Weekday,2-Car,Non-incapacitating,FAILURE TO YIELD RIGHT OF WAY,OLD STATE ROAD 37 HWY & ORCHARD,39.11584,-86.5312
901897021,2020,10,3,1000,Weekday,1-Car,No injury/unknown,UNSAFE SPEED,SR37 & THAT RD,39.1156733,-86.56408659
901763693,2020,1,4,1800,Weekday,2-Car,Non-incapacitating,FAILURE TO YIELD RIGHT OF WAY,SR37S & THAT,39.115552,-86.564592
901848334,2020,6,3,1400,Weekday,2-Car,No injury/unknown,FAILURE TO YIELD RIGHT OF WAY,SR37S & THAT,39.115552,-86.564592
901832243,2020,5,2,1700,Weekday,2-Car,No injury/unknown,FOLLOWING TOO CLOSELY,STATE 37 & W THAT RD,39.115552,-86.564592
901854035,2020,7,1,700,Weekend,2-Car,Non-incapacitating,FAILURE TO YIELD RIGHT OF WAY,SR37N & THAT,39.115552,-86.564592
901859595,2020,7,6,600,Weekday,1-Car,No injury/unknown,RAN OFF ROAD RIGHT,SR37N & THAT,39.115552,-86.564592
901932134,2020,12,1,1200,Weekend,1-Car,No injury/unknown,UNSAFE SPEED,NORWOOD & STERLING AVE,39.11551975,-86.48614694
901845287,2020,6,4,900,Weekday,Moped/Motorcycle,Fatal,LEFT OF CENTER,DARRELL & SR45,39.11542516,-86.62555683
901779625,2020,2,3,1600,Weekday,2-Car,No injury/unknown,VIEW OBSTRUCTED,OLD STATE ROAD 37 RD & S FAIRFAX,39.1151791,-86.53149001
901778674,2020,2,2,2200,Weekday,1-Car,Non-incapacitating,RAN OFF ROAD RIGHT,DARREL & SR45W,39.11509998,-86.62771471
901775602,2020,1,3,1600,Weekday,2-Car,No injury/unknown,FAILURE TO YIELD RIGHT OF WAY,DINSMORE & SR45W,39.11504,-86.630992
901779784,2020,2,5,1900,Weekday,3+ Cars,No injury/unknown,UNSAFE SPEED,DINSMORE & SR45W,39.11504,-86.630992
901830079,2020,5,5,1700,Weekday,1-Car,No injury/unknown,RAN OFF ROAD RIGHT,DINSMORE & SR45W,39.11504,-86.630992
901838341,2020,5,5,700,Weekday,2-Car,No injury/unknown,FAILURE TO YIELD RIGHT OF WAY,DINSMORE & SR45W,39.11504,-86.630992
901838813,2020,6,7,1400,Weekend,Moped/Motorcycle,Non-incapacitating,FOLLOWING TOO CLOSELY,DARRELL & SR45W,39.114992,-86.62768
901855488,2020,7,5,1700,Weekday,2-Car,No injury/unknown,LEFT OF CENTER,THAT RD,39.11497794,-86.56255938
901902827,2020,10,5,1500,Weekday,2-Car,No injury/unknown,FOLLOWING TOO CLOSELY,VICTOR & W THAT RD,39.11466493,-86.54675111
901821879,2020,5,4,1400,Weekday,2-Car,No injury/unknown,OTHER (DRIVER) - EXPLAIN IN NARRATIVE,SOUTH ROGERS ST & THAT,39.11464,-86.539392
901943381,2020,12,5,900,Weekday,2-Car,Non-incapacitating,FAILURE TO YIELD RIGHT OF WAY,OLD SR 37 S & SR37S,39.11395264,-86.53115844
901901437,2020,10,4,0,Weekday,1-Car,No injury/unknown,RAN OFF ROAD RIGHT,BOLIN & ROCKPORT RD,39.11371798,-86.57508999
901940722,2020,12,1,1500,Weekend,1-Car,No injury/unknown,RAN OFF ROAD RIGHT,SR37 & THAT,39.11346156,-86.56240817
901796261,2020,3,7,300,Weekend,2-Car,No injury/unknown,UNSAFE SPEED,5825 S ROGERS ST & WALLACE,39.11319669,-86.53974202
901780183,2020,2,6,1500,Weekday,2-Car,No injury/unknown,FOLLOWING TOO CLOSELY,SR37N & VERNAL,39.11299434,-86.56233005
901815161,2020,4,6,1400,Weekday,2-Car,No injury/unknown,OVERCORRECTING/OVERSTEERING,ROBINS  BOW & WINSTON,39.11272295,-86.49266973
901794631,2020,3,1,300,Weekend,1-Car,No injury/unknown,OVERCORRECTING/OVERSTEERING,SOUTH OLD RICHARDSON & SR446S,39.11219984,-86.43133968
901899924,2020,10,1,1700,Weekend,2-Car,No injury/unknown,FAILURE TO YIELD RIGHT OF WAY,3RD & CURRY PIKE,39.11178754,-86.58292002
901943597,2020,12,5,2100,Weekday,1-Car,No injury/unknown,SPEED TOO FAST FOR WEATHER CONDITIONS,BOTTOM & SR37S,39.11144326,-86.55227661
901863056,2020,7,5,1500,Weekday,1-Car,No injury/unknown,RAN OFF ROAD RIGHT,GARRISON CHAPEL & SR45W,39.11119704,-86.63803021
901851771,2020,7,3,1800,Weekday,3+ Cars,No injury/unknown,FOLLOWING TOO CLOSELY,HARMONY & SR45N,39.11109624,-86.63820374
901872466,2020,8,4,1700,Weekday,2-Car,No injury/unknown,DRIVER DISTRACTED - EXPLAIN IN NARRATIVE,S HARMONY & SR45W,39.11109624,-86.63820374
901871367,2020,8,7,2200,Weekend,2-Car,Non-incapacitating,FOLLOWING TOO CLOSELY,HARMONY & SR45W,39.11108002,-86.63819968
901799218,2020,3,5,800,Weekday,2-Car,No injury/unknown,FAILURE TO YIELD RIGHT OF WAY,S GARRISON CHAPEL & SR45W,39.111024,-86.638304
901781099,2020,2,2,700,Weekday,1-Car,No injury/unknown,ANIMAL/OBJECT IN ROADWAY,RATLIFF & STARNS RD,39.11098415,-86.65871992
901915180,2020,10,3,2100,Weekday,2-Car,No injury/unknown,UNSAFE LANE MOVEMENT,ISON RD & TOWER,39.10979517,-86.60952015
901915024,2020,10,3,2100,Weekday,1-Car,No injury/unknown,RAN OFF ROAD RIGHT,ELWREN & ISON RD,39.10971025,-86.60961235
901769390,2020,1,6,1700,Weekday,2-Car,Non-incapacitating,FOLLOWING TOO CLOSELY,SR45W & WOODBINE,39.109264,-86.64112
901772356,2020,2,5,1600,Weekday,2-Car,Non-incapacitating,FOLLOWING TOO CLOSELY,SR45W & WOODBINE,39.109264,-86.64112
901765790,2020,1,7,1200,Weekend,1-Car,No injury/unknown,ROADWAY SURFACE CONDITION,SOUTH ROCKPORT RD,39.10861588,-86.57626342
901938930,2020,12,5,200,Weekday,1-Car,No injury/unknown,RAN OFF ROAD RIGHT,S COLLEGE AVE & W 2ND,39.10851229,-86.53492994
901819287,2020,5,6,2100,Weekend,1-Car,No injury/unknown,RAN OFF ROAD RIGHT,S STANFORD & W ELWREN RD,39.10824,-86.666192
901878249,2020,8,1,1600,Weekend,Moped/Motorcycle,Non-incapacitating,RAN OFF ROAD RIGHT,RUSH RODGE & SR446S,39.1082111,-86.43107683
901898090,2020,10,4,1700,Weekday,2-Car,Non-incapacitating,LEFT OF CENTER,DUNLAP & W ISON RD,39.10795104,-86.62414378
901907454,2020,10,7,500,Weekend,1-Car,No injury/unknown,OVERCORRECTING/OVERSTEERING,FAIRFAX & SCHACHT RD,39.10781178,-86.5220316
901844281,2020,6,4,1200,Weekday,2-Car,No injury/unknown,FAILURE TO YIELD RIGHT OF WAY,S WALNUT ST & WALNUT STREET,39.107344,-86.5264
901889057,2020,9,2,1300,Weekday,2-Car,Non-incapacitating,FAILURE TO YIELD RIGHT OF WAY,WALNUT & WALNUT ST,39.107344,-86.5264
901908496,2020,10,1,1700,Weekend,1-Car,Incapacitating,DRIVER ILLNESS,LOW GAP RD & TULIP TREE TRACE,39.10729381,-86.39923967
901790638,2020,3,6,1700,Weekday,2-Car,No injury/unknown,OTHER (DRIVER) - EXPLAIN IN NARRATIVE,FAIRFAX RD & OLD STATE ROAD 37 S,39.10725988,-86.53149001
901868043,2020,8,3,600,Weekday,3+ Cars,Non-incapacitating,FAILURE TO YIELD RIGHT OF WAY,FAIRFAX & S OLD SR 37 RD,39.10725988,-86.53149001
901945604,2020,12,2,1600,Weekday,2-Car,No injury/unknown,FAILURE TO YIELD RIGHT OF WAY,FAIRFAX RD & S OLD STATE ROAD 37,39.10725988,-86.53149001
901928328,2020,11,1,1500,Weekend,2-Car,No injury/unknown,FAILURE TO YIELD RIGHT OF WAY,CHURCH LN & OLD STATE 37 S,39.107248,-86.531392
901950472,2020,12,1,1800,Weekend,2-Car,No injury/unknown,DISREGARD SIGNAL/REG SIGN,CHURCH & OLD STATE ROAD 37 RD,39.107248,-86.531392
901895445,2020,9,6,1600,Weekday,2-Car,No injury/unknown,FAILURE TO YIELD RIGHT OF WAY,FAIRFAX RD & WALNUT,39.10723985,-86.53149584
901769411,2020,1,5,1700,Weekday,2-Car,Non-incapacitating,SPEED TOO FAST FOR WEATHER CONDITIONS,S FAIRFAX & S WALNUT ST PIKE,39.10716361,-86.52650724
901801415,2020,4,1,1200,Weekend,1-Car,Non-incapacitating,UNSAFE SPEED,E FAIRFAX RD & S WALNUT ST,39.10716361,-86.52650724
901805335,2020,4,1,1200,Weekend,1-Car,Non-incapacitating,UNSAFE SPEED,E FAIRFAX RD & S WALNUT ST,39.10716361,-86.52650724
901906932,2020,10,6,1500,Weekday,1-Car,No injury/unknown,OTHER (DRIVER) - EXPLAIN IN NARRATIVE,FAIRFAX & WALNUT STREET PIKE,39.10715997,-86.52650982
901918576,2020,11,4,900,Weekday,2-Car,No injury/unknown,ROADWAY SURFACE CONDITION,FAIRFAX & WALNUT STREET PIKE,39.10715997,-86.52650982
901945070,2020,12,7,1500,Weekend,1-Car,No injury/unknown,ROADWAY SURFACE CONDITION,HARRELL & SCHACHT RD,39.10708395,-86.50383156
901845051,2020,6,4,1900,Weekday,2-Car,No injury/unknown,OTHER LIGHTS DEFECTIVE,E SCHACHT & S FAIRFAX RD,39.10704,-86.523488
901884549,2020,9,6,1900,Weekend,2-Car,Non-incapacitating,DRIVER DISTRACTED - EXPLAIN IN NARRATIVE,FAIRFAX RD & SCHACHT,39.10704,-86.523488
901844441,2020,6,7,2000,Weekend,1-Car,No injury/unknown,RAN OFF ROAD RIGHT,FAIRFAX RD & SCHACHT,39.10688057,-86.52373622
901851787,2020,7,4,1200,Weekday,2-Car,No injury/unknown,UNSAFE BACKING,SOUTH OLD STATE ROAD 37 HWY,39.106848,-86.531568
901879285,2020,8,3,1300,Weekday,2-Car,No injury/unknown,FAILURE TO YIELD RIGHT OF WAY,OLD CAPITAL & SOUTH VICTOR PIKE,39.10678983,-86.55017025
901931552,2020,11,6,400,Weekday,2-Car,No injury/unknown,IMPROPER TURNING,SR37 & VICTOR PIKE,39.1066416,-86.55027985
901853884,2020,7,7,1900,Weekend,1-Car,No injury/unknown,RAN OFF ROAD RIGHT,SR37 & VICTOR,39.10564948,-86.55126849
901896259,2020,9,4,700,Weekday,2-Car,Non-incapacitating,SPEED TOO FAST FOR WEATHER CONDITIONS,SR37 & VICTOR,39.10564948,-86.55126849
901800763,2020,3,7,1700,Weekend,2-Car,No injury/unknown,FAILURE TO YIELD RIGHT OF WAY,SR37S & VICTOR,39.105552,-86.551104
901810760,2020,4,4,2200,Weekday,2-Car,Non-incapacitating,FAILURE TO YIELD RIGHT OF WAY,SR37S & VICTOR,39.105552,-86.551104
901926201,2020,11,3,900,Weekday,2-Car,No injury/unknown,FOLLOWING TOO CLOSELY,SR37 & VICTOR PIKE,39.105552,-86.551104
901831473,2020,5,6,1600,Weekday,2-Car,No injury/unknown,FOLLOWING TOO CLOSELY,SR37S & VICTOR,39.10532541,-86.55090477
901944383,2020,12,6,1300,Weekday,1-Car,No injury/unknown,SPEED TOO FAST FOR WEATHER CONDITIONS,SR45 & W BRENNICK,39.10406785,-86.64820861
901877666,2020,8,1,400,Weekend,1-Car,No injury/unknown,ANIMAL/OBJECT IN ROADWAY,4719 E MOORES CREEK & E MOORES CREEK RD,39.10368,-86.461792
901843897,2020,6,3,2000,Weekday,Moped/Motorcycle,Non-incapacitating,OVERCORRECTING/OVERSTEERING,FAIRFAX & WALNUT ST,39.10342224,-86.53329696
901837157,2020,6,4,0,Weekday,1-Car,No injury/unknown,RAN OFF ROAD RIGHT,MOORES CREEK & STIPP RD,39.10252261,-86.46318265
901820346,2020,5,2,1500,Weekday,2-Car,No injury/unknown,OTHER (ENVIRONMENTAL) - EXPLAIN IN NARR,5500 ROCKPORT RD & COCKRELL,39.10250779,-86.57542611
901862615,2020,7,5,1300,Weekday,3+ Cars,No injury/unknown,OVERSIZE/OVERWEIGHT LOAD,COCKRELL & ROCKPORT RD,39.10190717,-86.5765543
901772494,2020,1,7,200,Weekend,Moped/Motorcycle,Non-incapacitating,UNSAFE SPEED,COCKRELL & ROCKPORT RD,39.101776,-86.576864
901903737,2020,10,7,2000,Weekend,2-Car,No injury/unknown,UNSAFE BACKING,ROGERS ST,39.10133362,-86.53951263
901904673,2020,10,7,400,Weekend,2-Car,Non-incapacitating,OTHER (DRIVER) - EXPLAIN IN NARRATIVE,SOUTH ROGERS & SR37S,39.10099199,-86.53630257
901754179,2020,1,2,2100,Weekday,1-Car,No injury/unknown,ROADWAY SURFACE CONDITION,S LEONARD SPRINS RD & W FOWLER,39.100752,-86.593504
901795417,2020,3,3,800,Weekday,2-Car,No injury/unknown,FAILURE TO YIELD RIGHT OF WAY,EMPIRE & OLD STATE ROAD 37 HWY,39.10069783,-86.54263995
901881043,2020,9,7,1700,Weekend,1-Car,No injury/unknown,RAN OFF ROAD RIGHT,SALT CREEK RD & SR446N,39.1004743,-86.42239987
901780990,2020,2,7,1300,Weekend,2-Car,No injury/unknown,FAILURE TO YIELD RIGHT OF WAY,OLD 37 RD & RHORER,39.10029437,-86.53134986
901913542,2020,10,3,1700,Weekday,2-Car,No injury/unknown,IMPROPER TURNING,BOLEN & VICTOR PIKE,39.10024993,-86.55795
901950428,2020,12,2,1100,Weekday,2-Car,No injury/unknown,CELL PHONE USAGE,HINDS & SR45W,39.10024487,-86.65093271
901845652,2020,6,7,0,Weekend,2-Car,No injury/unknown,FAILURE TO YIELD RIGHT OF WAY,FAIRFAX RD & MOFFETT,39.09990996,-86.5178503
901860062,2020,7,6,1300,Weekday,1-Car,Non-incapacitating,OVERCORRECTING/OVERSTEERING,FAIRFAX ROAD RD & MOFFETT,39.09990996,-86.5178503
901933814,2020,12,3,1800,Weekday,1-Car,No injury/unknown,ANIMAL/OBJECT IN ROADWAY,HANDY RD & STIPP,39.09974031,-86.49385855
901853878,2020,7,2,2200,Weekday,1-Car,No injury/unknown,ANIMAL/OBJECT IN ROADWAY,HANDY & STIPP RD,39.09974031,-86.4938499
901916360,2020,11,5,1200,Weekday,2-Car,No injury/unknown,FAILURE TO YIELD RIGHT OF WAY,OLD STATE ROAD 37 HWY & ROGERS,39.099408,-86.537904
901951210,2020,12,2,1700,Weekday,2-Car,No injury/unknown,OTHER (DRIVER) - EXPLAIN IN NARRATIVE,SOUTH ROGERS & SOUTH ROGERS ST,39.099408,-86.537904
901810704,2020,4,4,1700,Weekday,2-Car,No injury/unknown,DRIVER ASLEEP OR FATIGUED,OLD STATE ROAD 37 S & S ROGERS ST,39.09930982,-86.53789982
901922325,2020,11,3,1600,Weekday,3+ Cars,No injury/unknown,OTHER (VEHICLE) - EXPLAIN IN NARRATIVE,HINDS & SR45W,39.09902014,-86.65217415
901782972,2020,2,5,1500,Weekday,2-Car,Incapacitating,FOLLOWING TOO CLOSELY,CONSTITUTION & S LIBERTY DR,39.09834571,-86.5768703
901936527,2020,12,2,500,Weekday,1-Car,No injury/unknown,RAN OFF ROAD RIGHT,HINDS & SR45W,39.09823709,-86.65331172
901856382,2020,7,7,2200,Weekend,1-Car,No injury/unknown,ANIMAL/OBJECT IN ROADWAY,HARMONY RD & ISON,39.098041,-86.63828015
901900034,2020,10,1,2200,Weekday,1-Car,No injury/unknown,RAN OFF ROAD RIGHT,HINDS & SR45W,39.09791987,-86.65502648
901940556,2020,12,1,500,Weekend,2-Car,Incapacitating,LEFT OF CENTER,HINDS & SR45W,39.09791987,-86.65502648
901830194,2020,5,3,1100,Weekday,2-Car,Non-incapacitating,FAILURE TO YIELD RIGHT OF WAY,CHERRY & FAIRFAX RD,39.09784,-86.5168
901921228,2020,11,6,1400,Weekday,1-Car,No injury/unknown,RAN OFF ROAD RIGHT,LAMKINS RIDGE & SR446S,39.09749727,-86.47138975
901910647,2020,10,4,1500,Weekday,2-Car,Non-incapacitating,FOLLOWING TOO CLOSELY,1824 S CURRY PIKE & FARMER,39.09676402,-86.584885
901767597,2020,1,4,1800,Weekday,1-Car,No injury/unknown,RAN OFF ROAD RIGHT,E HUPP & S FAIRFAX RD,39.09464,-86.516896
901851305,2020,7,3,1100,Weekday,1-Car,No injury/unknown,SPEED TOO FAST FOR WEATHER CONDITIONS,5500 MAY RD & HARMONY,39.093744,-86.638304
901791951,2020,3,5,400,Weekday,1-Car,Non-incapacitating,ANIMAL/OBJECT IN ROADWAY,MAY & SOUTH ROCKPORT RD,39.093344,-86.5868
901902584,2020,10,5,1700,Weekday,2-Car,No injury/unknown,DRIVER DISTRACTED - EXPLAIN IN NARRATIVE,MAY & ROCKPORT RD,39.093344,-86.5868
901799627,2020,3,5,1100,Weekday,2-Car,Non-incapacitating,FAILURE TO YIELD RIGHT OF WAY,DILLMAN & SR37,39.09298161,-86.54577872
901899477,2020,10,6,700,Weekday,1-Car,No injury/unknown,ANIMAL/OBJECT IN ROADWAY,DILLMAN & SR37,39.09298161,-86.54577872
901938123,2020,12,3,1900,Weekday,2-Car,No injury/unknown,OTHER (DRIVER) - EXPLAIN IN NARRATIVE,DILLMAN & SR37S,39.092976,-86.545648
901838998,2020,6,7,1600,Weekend,3+ Cars,No injury/unknown,UNSAFE LANE MOVEMENT,DILLMAN & WALNUT ST,39.09296938,-86.54417255
901946113,2020,12,1,1900,Weekday,2-Car,No injury/unknown,OVERCORRECTING/OVERSTEERING,DILLMAN & WALNUT ST,39.09296938,-86.54417255
901819893,2020,5,2,800,Weekday,2-Car,Non-incapacitating,FAILURE TO YIELD RIGHT OF WAY,DILLMAN & SR37N,39.09295969,-86.54603026
901932111,2020,12,1,1300,Weekend,2-Car,Non-incapacitating,FAILURE TO YIELD RIGHT OF WAY,DILLMAN RD & OLD STATE ROAD 37,39.09295969,-86.54420336
901856119,2020,7,7,700,Weekend,2-Car,No injury/unknown,FAILURE TO YIELD RIGHT OF WAY,DILLMAN & OLD STATE ROAD 37 HWY,39.09295969,-86.54416009
901932133,2020,12,1,1100,Weekend,1-Car,No injury/unknown,OVERCORRECTING/OVERSTEERING,OLD 37 SOUTH RD & SR 37 SOUTH,39.09295969,-86.54411682
901831389,2020,5,1,1200,Weekend,2-Car,No injury/unknown,FAILURE TO YIELD RIGHT OF WAY,DILLMAN & SOUTH OLD STATE ROAD 37 HWY,39.092944,-86.544
901863313,2020,7,7,1700,Weekend,2-Car,Non-incapacitating,FAILURE TO YIELD RIGHT OF WAY,DILLMAN & OLD STATE 37 S RD,39.092944,-86.544
901866417,2020,8,6,1600,Weekday,2-Car,Incapacitating,FAILURE TO YIELD RIGHT OF WAY,DILLMAN & OLD SR 37 S HWY,39.092944,-86.544
901763875,2020,1,4,800,Weekday,1-Car,No injury/unknown,ROADWAY SURFACE CONDITION,6000 BLOCK S ROCKPORT RD & MAY,39.09282781,-86.58704112
901938121,2020,12,3,1800,Weekday,1-Car,No injury/unknown,ANIMAL/OBJECT IN ROADWAY,2ND SANDERS & S FAIRFAX RD,39.09265226,-86.51577025
901846209,2020,6,7,1500,Weekend,2-Car,Non-incapacitating,DISREGARD SIGNAL/REG SIGN,FAIRFAX RD & RAYLETOWN,39.09264,-86.51672
901815572,2020,4,7,800,Weekend,2-Car,No injury/unknown,FAILURE TO YIELD RIGHT OF WAY,PAYNETOWN & SR446S,39.092112,-86.422832
901835574,2020,6,2,1600,Weekday,2-Car,No injury/unknown,FOLLOWING TOO CLOSELY,SR45S & STANFORD,39.09143201,-86.66411277
901846378,2020,6,6,1100,Weekday,1-Car,No injury/unknown,OBSTRUCTION NOT MARKED,HINDS RDS & STANFORD,39.09090559,-86.66269718
901834668,2020,5,5,1700,Weekday,2-Car,No injury/unknown,FAILURE TO YIELD RIGHT OF WAY,NORTH OLD STATE ROAD 37 & SR37N,39.09054631,-86.54273986
901769217,2020,1,6,1200,Weekday,2-Car,No injury/unknown,FOLLOWING TOO CLOSELY,BURCH & SR45W,39.09040189,-86.66553064
901945826,2020,12,2,1200,Weekday,2-Car,No injury/unknown,SPEED TOO FAST FOR WEATHER CONDITIONS,SR37S & VICTOR,39.0904007,-86.56349182
901888452,2020,9,1,1800,Weekend,2-Car,No injury/unknown,ANIMAL/OBJECT IN ROADWAY,MOUNT GILEAD & SR45E,39.09029922,-86.46886982
901853833,2020,7,2,1500,Weekday,1-Car,No injury/unknown,TIRE FAILURE OR DEFECTIVE,DILLMAN & SR37S,39.09023917,-86.54535097
901785963,2020,2,4,1600,Weekday,2-Car,Non-incapacitating,UNSAFE SPEED,SR45W & STANFORD,39.08993365,-86.66617511
901839494,2020,6,1,1500,Weekend,2-Car,No injury/unknown,FAILURE TO YIELD RIGHT OF WAY,BIRCH & SR45W,39.08984,-86.666304
901889489,2020,9,3,1200,Weekday,2-Car,No injury/unknown,FOLLOWING TOO CLOSELY,BURCH & SR45S,39.08984,-86.666304
901922306,2020,11,3,200,Weekday,1-Car,No injury/unknown,RAN OFF ROAD RIGHT,HANDY & PAYNETOWN RD,39.08972025,-86.47732275
901854644,2020,7,4,800,Weekday,2-Car,Non-incapacitating,FOLLOWING TOO CLOSELY,SR45W & STANFORD,39.08958316,-86.66671737
901819255,2020,5,7,1700,Weekend,2-Car,No injury/unknown,FAILURE TO YIELD RIGHT OF WAY,LEONARD SPRINGS RD & W SR 45,39.0891086,-86.58259011
901922094,2020,11,2,700,Weekday,1-Car,No injury/unknown,SPEED TOO FAST FOR WEATHER CONDITIONS,RED OAK & SR446S,39.08906981,-86.42326019
901842129,2020,6,7,0,Weekend,1-Car,Non-incapacitating,RAN OFF ROAD RIGHT,N PATHWAY LN & SR45,39.08847697,-86.66866422
901836870,2020,6,2,1500,Weekday,2-Car,No injury/unknown,FOLLOWING TOO CLOSELY,SPARKS & SR45W,39.0873269,-86.67043562
901866385,2020,8,6,1700,Weekday,1-Car,Non-incapacitating,RAN OFF ROAD RIGHT,GREENE COUNTY LINE & SR45W,39.08690307,-86.67518735
901840958,2020,6,5,300,Weekday,1-Car,No injury/unknown,RAN OFF ROAD RIGHT,10TH & PETE ELLIS DR,39.08687965,-86.4953801
901793670,2020,3,2,600,Weekday,1-Car,Non-incapacitating,RAN OFF ROAD RIGHT,SPARKS & SR45E,39.086848,-86.671296
901799802,2020,3,5,1300,Weekday,3+ Cars,Fatal,FAILURE TO YIELD RIGHT OF WAY,BREEDEN & SR45W,39.0868228,-86.67304122
901843588,2020,6,3,900,Weekday,2-Car,Incapacitating,FAILURE TO YIELD RIGHT OF WAY,BREEDEN & SR45W,39.08680128,-86.67550806
901908232,2020,10,1,1800,Weekend,1-Car,No injury/unknown,RAN OFF ROAD RIGHT,LOUDEN RD,39.08673061,-86.63810729
901824764,2020,5,3,2000,Weekday,Moped/Motorcycle,Non-incapacitating,IMPROPER TURNING,W KIRKSVILLE RD,39.08664,-86.6536
901912944,2020,10,2,700,Weekday,1-Car,No injury/unknown,ANIMAL/OBJECT IN ROADWAY,FAIRFAX RD & SOUTH MCCORMICK,39.0862206,-86.50779001
901772432,2020,2,5,1700,Weekday,Moped/Motorcycle,Non-incapacitating,UNSAFE SPEED,SR37,39.085632,-86.542304