Master Record Number,Year,Month,Day,Hour,Weekend,Collision Type,Injury Type,Primary Factor,Reported_Location,Latitude,Longitude
901787541,2020,3,2,100,Weekday,1-Car,No injury/unknown,RAN OFF ROAD RIGHT,SOUTH OLD STATE ROAD 37 RD & SR37S,39.085632,-86.542304
901817620,2020,5,4,1600,Weekday,2-Car,No injury/unknown,FOLLOWING TOO CLOSELY,OLD STATE ROAD 37 & SR37S,39.085632,-86.542304
901800724,2020,3,5,1400,Weekday,2-Car,No injury/unknown,FAILURE TO YIELD RIGHT OF WAY,SOUTH OLD STATE ROAD 37 & SR37S,39.085632,-86.542304
901838916,2020,6,6,1300,Weekday,2-Car,Incapacitating,LEFT OF CENTER,RUSH RIDGE & SR446,39.08561508,-86.42188971
901812095,2020,4,6,1500,Weekday,2-Car,Non-incapacitating,FAILURE TO YIELD RIGHT OF WAY,SR37 & WALNUT,39.08547972,-86.54257852
901784008,2020,2,7,1400,Weekend,1-Car,Non-incapacitating,OTHER (DRIVER) - EXPLAIN IN NARRATIVE,S WALNUT & SR37S,39.08531247,-86.54273987
901932318,2020,12,7,500,Weekend,1-Car,No injury/unknown,ANIMAL/OBJECT IN ROADWAY,S OLD STATE ROAD 37 & SR37S,39.08528942,-86.54201035
901862949,2020,7,6,1800,Weekday,2-Car,Non-incapacitating,DISREGARD SIGNAL/REG SIGN,S OLD 37 & SR37,39.08528745,-86.54275023
901757419,2020,1,7,200,Weekend,1-Car,No injury/unknown,RAN OFF ROAD RIGHT,OLD 37 & SR37S,39.08526979,-86.54273986
901786810,2020,3,6,1400,Weekday,2-Car,Non-incapacitating,FAILURE TO YIELD RIGHT OF WAY,SOUTH OLD 37 & SR37S,39.08526979,-86.54273986
901852427,2020,7,5,1800,Weekday,1-Car,No injury/unknown,RAN OFF ROAD RIGHT,OLD SATE ROAD 37 & SR37S,39.08526979,-86.54273986
901808464,2020,4,7,1900,Weekend,1-Car,No injury/unknown,SPEED TOO FAST FOR WEATHER CONDITIONS,SR446N & WEST PAYNETOWN,39.08457966,-86.42065175
901853576,2020,7,1,2100,Weekday,1-Car,No injury/unknown,RAN OFF ROAD RIGHT,SR37 & SR37S,39.08384,-86.540768
901838513,2020,6,7,1500,Weekend,3+ Cars,No injury/unknown,BRAKE FAILURE OR DEFECTIVE,SR37 & SR37S,39.08384,-86.540768
901770805,2020,1,4,800,Weekday,1-Car,No injury/unknown,RAN OFF ROAD RIGHT,HARMONY RD & KIRKSVILLE,39.08326966,-86.63533103
901799032,2020,3,4,700,Weekday,2-Car,No injury/unknown,FOLLOWING TOO CLOSELY,SR37 & SR37N,39.08314838,-86.54019332
901926671,2020,11,2,1000,Weekday,1-Car,No injury/unknown,LEFT OF CENTER,RAMP CREEK RD & SHIELDS RIDGE,39.0829698,-86.47282342
901845651,2020,6,6,2300,Weekend,1-Car,No injury/unknown,RAN OFF ROAD RIGHT,SOUTH OLD STATE ROAD 37 RD,39.08272533,-86.54089956
901794045,2020,3,7,1100,Weekend,2-Car,No injury/unknown,FAILURE TO YIELD RIGHT OF WAY,2ND SANDERS & FAIRFAX RD,39.082144,-86.515488
901819150,2020,5,6,800,Weekday,2-Car,No injury/unknown,FAILURE TO YIELD RIGHT OF WAY,2ND SANDERS & FAIRFAX RD,39.082144,-86.515488
901908413,2020,10,1,200,Weekend,1-Car,No injury/unknown,ANIMAL/OBJECT IN ROADWAY,2ND AVE SANDERS & FAIRFAX RD,39.08210009,-86.51577025
901922095,2020,11,2,700,Weekday,2-Car,No injury/unknown,FAILURE TO YIELD RIGHT OF WAY,2ND SANDERS & FAIRFAX RD,39.08210009,-86.51577025
901842130,2020,6,7,100,Weekend,1-Car,Incapacitating,RAN OFF ROAD RIGHT,ANNE & STRAIN RIDGE RD,39.08097237,-86.51104651
901884456,2020,9,6,2200,Weekend,1-Car,Non-incapacitating,RAN OFF ROAD RIGHT,1ST AVE SANDERS & FAIRFAX RD,39.07913621,-86.51293143
901773661,2020,2,1,2100,Weekday,1-Car,No injury/unknown,ANIMAL/OBJECT IN ROADWAY,BURCH RD & EVANS,39.07681561,-86.66628795
901813225,2020,4,2,2300,Weekday,1-Car,Fatal,RAN OFF ROAD RIGHT,S VICTOR PIKE & W FLUCK MILL,39.07609299,-86.5712142
901937857,2020,12,1,300,Weekend,1-Car,Non-incapacitating,LEFT OF CENTER,BURCH RD & TOM PHILLIPS,39.07540405,-86.66614219
901889540,2020,9,3,800,Weekday,1-Car,No injury/unknown,RAN OFF ROAD RIGHT,CHURCH & RAMP CREEK RD,39.07399982,-86.48465998
901868056,2020,8,2,1600,Weekday,2-Car,Non-incapacitating,FOLLOWING TOO CLOSELY,BURKS & WALNUT ST,39.07384869,-86.53136998
901830157,2020,5,5,200,Weekday,1-Car,No injury/unknown,RAN OFF ROAD RIGHT,CEDAR & OLD STATE ROAD 37 RD,39.07375714,-86.54116078
901853176,2020,7,1,2000,Weekday,1-Car,No injury/unknown,UNSAFE SPEED,SHADY SIDE & SHIELDS RDG,39.073088,-86.461184
901848360,2020,6,5,700,Weekday,1-Car,No injury/unknown,RAN OFF ROAD RIGHT,DELLSVILLE & SOUTH OLD STATE ROAD 37 HWY,39.07141421,-86.54152013
901888212,2020,9,1,100,Weekend,1-Car,Non-incapacitating,RAN OFF ROAD RIGHT,BERNICE & FAIRFAX RD,39.0712328,-86.50310097
901795489,2020,3,3,700,Weekday,2-Car,No injury/unknown,OTHER (DRIVER) - EXPLAIN IN NARRATIVE,EAST SMITHVILLE & SOUTH FAIRFAX RD,39.071152,-86.503088
901849391,2020,6,7,1500,Weekend,Moped/Motorcycle,No injury/unknown,DISREGARD SIGNAL/REG SIGN,FAIRFAX RD & RAMP CREEK,39.071152,-86.503088
901840830,2020,6,3,1600,Weekday,2-Car,Non-incapacitating,FAILURE TO YIELD RIGHT OF WAY,EAST RAMP CREEK & SOUTH FAIRFAX RD,39.071152,-86.503088
901802773,2020,4,4,1400,Weekday,2-Car,Non-incapacitating,FAILURE TO YIELD RIGHT OF WAY,SMITHVILLE & SR37S,39.071056,-86.5356
901838572,2020,6,7,1600,Weekend,3+ Cars,Non-incapacitating,FAILURE TO YIELD RIGHT OF WAY,SMITHVILLE & SR37N,39.071056,-86.5356
901876261,2020,8,4,1200,Weekday,2-Car,Incapacitating,FAILURE TO YIELD RIGHT OF WAY,SMITHVILLE & SR37S,39.071056,-86.5356
901778548,2020,2,3,500,Weekday,1-Car,No injury/unknown,RAN OFF ROAD RIGHT,SMITHVILLE RD & SOCIETY,39.071056,-86.517488
901852855,2020,7,7,1600,Weekend,2-Car,Non-incapacitating,FAILURE TO YIELD RIGHT OF WAY,SMITHVILLE & SR37S,39.07097027,-86.53639979
901755240,2020,1,2,1800,Weekday,2-Car,Non-incapacitating,OTHER (ENVIRONMENTAL) - EXPLAIN IN NARR,MOORES CREEK & SMITH RD,39.07094096,-86.48046031
901785380,2020,2,3,1200,Weekday,2-Car,Incapacitating,FAILURE TO YIELD RIGHT OF WAY,SMITHVILLE & SR37S,39.0709012,-86.53613118
901772893,2020,2,4,1900,Weekday,1-Car,No injury/unknown,OVERCORRECTING/OVERSTEERING,SMITHVILLE RD,39.07059744,-86.52021937
901854518,2020,7,3,1600,Weekday,1-Car,No injury/unknown,RAN OFF ROAD RIGHT,S VICTOR PIKE & W FLUCK MILL,39.07045003,-86.5749944
901905822,2020,10,4,1600,Weekday,1-Car,Non-incapacitating,ANIMAL/OBJECT IN ROADWAY,E SMITHVILLE RD & SR37S,39.07025895,-86.53198551
901815604,2020,4,4,600,Weekday,2-Car,No injury/unknown,FOLLOWING TOO CLOSELY,S OLD STATE ROAD 37 & SR37S,39.06944026,-86.54273986
901882621,2020,9,3,2100,Weekday,1-Car,No injury/unknown,ANIMAL/OBJECT IN ROADWAY,OLD STATE 37 SOUTH RD & W ROGERS,39.06919371,-86.54097028
901851187,2020,7,3,1500,Weekday,1-Car,No injury/unknown,RAN OFF ROAD RIGHT,ROCKPORT RD,39.06446591,-86.60382449
901811864,2020,4,6,600,Weekday,2-Car,No injury/unknown,LEFT OF CENTER,CLEVE BUTCHER & FAIRFAX RD,39.06204386,-86.49845522
901763083,2020,1,3,1900,Weekday,1-Car,No injury/unknown,RAN OFF ROAD RIGHT,CAROWINDS & FAIRFAX RD,39.0611224,-86.49844859
901764766,2020,1,7,200,Weekend,1-Car,No injury/unknown,RAN OFF ROAD RIGHT,CLEVE BUTCHER RD & SOUTH FAIRFAX,39.059984,-86.498432
901834300,2020,6,6,1000,Weekday,1-Car,No injury/unknown,DRIVER ASLEEP OR FATIGUED,OLD RICHARDSON & SR446S,39.05939837,-86.43133968
901898777,2020,9,2,600,Weekday,2-Car,No injury/unknown,UNSAFE BACKING,VICTOR PIKE,39.05935287,-86.58028411
901834336,2020,6,6,1700,Weekday,2-Car,No injury/unknown,FOLLOWING TOO CLOSELY,CURRY PIKE & THIRD,39.05891525,-86.58292002
901788278,2020,3,2,1600,Weekday,1-Car,No injury/unknown,ENGINE FAILURE OR DEFECTIVE,STRAIN RIDGE RD,39.05855969,-86.51102408
901775573,2020,2,4,1700,Weekday,2-Car,No injury/unknown,LEFT OF CENTER,BURCH RD & GRAVES,39.05844087,-86.65073773
901862953,2020,7,5,400,Weekday,1-Car,No injury/unknown,ANIMAL/OBJECT IN ROADWAY,SMITHVILLE & SR37S,39.05655466,-86.53579011
901876896,2020,8,4,1000,Weekday,1-Car,No injury/unknown,ANIMAL/OBJECT IN ROADWAY,CHUMLEY & OLD STATE ROAD 37 RD,39.056544,-86.541088
901943642,2020,12,6,0,Weekday,2-Car,No injury/unknown,RAN OFF ROAD RIGHT,HARMONY & SR45W,39.05585861,-86.61653446
901933775,2020,12,2,2200,Weekday,1-Car,No injury/unknown,UNSAFE BACKING,FAIRFAX RD & SMITHVILLE,39.05532616,-86.50319002
901873619,2020,8,6,2200,Weekend,1-Car,Non-incapacitating,RAN OFF ROAD RIGHT,SR37S & ZIKES,39.05494892,-86.53581235
901930979,2020,11,5,2000,Weekday,1-Car,No injury/unknown,ANIMAL/OBJECT IN ROADWAY,CLEVE BUTCHER & FAIRFAX RD,39.05471043,-86.49841014
901801490,2020,3,6,200,Weekday,1-Car,No injury/unknown,UNSAFE SPEED,FAIRFAX & S OLD STATE ROAD 37 HWY,39.05446508,-86.53149001
901843525,2020,6,7,1900,Weekend,1-Car,No injury/unknown,RAN OFF ROAD RIGHT,FLUCK MILL & KETCHAM RD,39.05399699,-86.5615797
901776534,2020,2,7,900,Weekend,2-Car,No injury/unknown,UNSAFE SPEED,ROCKPORT RD,39.05038163,-86.6089978
901773876,2020,2,2,1100,Weekday,2-Car,Non-incapacitating,FOLLOWING TOO CLOSELY,SR37S & ZIKES,39.049456,-86.535888
901828211,2020,5,1,2000,Weekday,1-Car,No injury/unknown,ANIMAL/OBJECT IN ROADWAY,SR37S & ZIKES,39.049456,-86.535888
901847944,2020,6,1,700,Weekend,1-Car,No injury/unknown,RAN OFF ROAD RIGHT,SOUTH STRAIN RIDGE RD,39.04938519,-86.51057749
901789982,2020,3,5,1600,Weekday,1-Car,Non-incapacitating,RAN OFF ROAD RIGHT,ANNE & STRAIN RIDGE RD,39.0493424,-86.51104651
901936090,2020,12,6,100,Weekday,1-Car,No injury/unknown,RAN OFF ROAD RIGHT,ANNE & STRAIN RIDGE RDS,39.04934026,-86.51104018
901812413,2020,4,1,1900,Weekday,Moped/Motorcycle,Non-incapacitating,RAN OFF ROAD RIGHT,HAYS & SR446S,39.04715121,-86.40881182
901851292,2020,6,6,2300,Weekend,1-Car,Non-incapacitating,RAN OFF ROAD RIGHT,HAYS & SR446S,39.04715121,-86.40881182
901921229,2020,11,7,800,Weekend,1-Car,Non-incapacitating,RAN OFF ROAD RIGHT,ANNE & STRAINRIDGE RD,39.0456693,-86.51194811
901805217,2020,4,1,2300,Weekday,1-Car,No injury/unknown,OVERCORRECTING/OVERSTEERING,S OLD ST RD 37 & SR37S,39.04421854,-86.54273986
901883666,2020,8,2,2200,Weekday,1-Car,Non-incapacitating,ANIMAL/OBJECT IN ROADWAY,SR37S & ZIKES,39.04396287,-86.53584423
901815843,2020,4,1,400,Weekend,1-Car,No injury/unknown,RAN OFF ROAD RIGHT,HARDING PLACE DR & OLD STATE ROAD 37 SOUTH,39.03958976,-86.54120635
901872304,2020,8,2,1100,Weekday,1-Car,No injury/unknown,SPEED TOO FAST FOR WEATHER CONDITIONS,PAYNETOWN & SR446S,39.03898619,-86.42302013
901793489,2020,3,5,0,Weekday,2-Car,Incapacitating,UNSAFE SPEED,SR37S & ZIKES,39.03690325,-86.535559
901881183,2020,9,1,100,Weekend,2-Car,No injury/unknown,OTHER (DRIVER) - EXPLAIN IN NARRATIVE,E POINTE RD,39.03646469,-86.5127182
901895807,2020,9,7,0,Weekend,2-Car,No injury/unknown,OTHER (DRIVER) - EXPLAIN IN NARRATIVE,POINTE RD,39.03646469,-86.5127182
901905666,2020,10,4,1300,Weekday,2-Car,No injury/unknown,DRIVER DISTRACTED - EXPLAIN IN NARRATIVE,FAIRFAX RD,39.03613374,-86.4911174
901836852,2020,6,1,2000,Weekday,Moped/Motorcycle,Incapacitating,RAN OFF ROAD RIGHT,E SALT CREEK & SR446S,39.0350413,-86.42239987
901914121,2020,10,3,1700,Weekday,1-Car,No injury/unknown,RAN OFF ROAD RIGHT,POINTE & STRAIN RIDGE RD,39.03492004,-86.51686271
901853352,2020,7,1,100,Weekend,2-Car,No injury/unknown,UNSAFE BACKING,E POINTE RD,39.03486505,-86.51013895
901906910,2020,10,6,1600,Weekday,3+ Cars,Non-incapacitating,SPEED TOO FAST FOR WEATHER CONDITIONS,CURRY PIKE & VERNAL,39.03434192,-86.58308029
901872305,2020,8,4,1400,Weekday,2-Car,No injury/unknown,,TOWER RIDGE RD,39.03424546,-86.32086016
901916386,2020,11,6,2200,Weekend,1-Car,Non-incapacitating,RAN OFF ROAD RIGHT,S KETCHAM RD,39.03410465,-86.56690746
901819165,2020,5,6,2100,Weekend,2-Car,No injury/unknown,IMPROPER TURNING,2388 S WINSLOW CT & GRAHAM,39.03383969,-86.52416863
901819340,2020,5,7,2000,Weekend,2-Car,No injury/unknown,UNSAFE SPEED,FAIRFAX RD & MT EABL,39.03321013,-86.49016991
901924728,2020,11,7,900,Weekend,1-Car,No injury/unknown,RAN OFF ROAD RIGHT,POINT RIDGE LN,39.03300095,-86.50893402
901781945,2020,2,7,1800,Weekend,1-Car,No injury/unknown,OVERCORRECTING/OVERSTEERING,FAIR FAX & POINTE RD,39.0324799,-86.48991713
901871569,2020,8,3,700,Weekday,3+ Cars,Non-incapacitating,FOLLOWING TOO CLOSELY,S WALNUT ST & WINSLOW,39.03030313,-86.5311098
901893925,2020,9,3,1300,Weekday,1-Car,No injury/unknown,ANIMAL/OBJECT IN ROADWAY,ALLENS CREEK & SR446S,39.03014083,-86.40774745
901856391,2020,7,7,700,Weekend,2-Car,No injury/unknown,UNSAFE BACKING,LAKE RIDGE DR,39.02923107,-86.50658807
901881130,2020,9,7,1100,Weekend,1-Car,No injury/unknown,ROADWAY SURFACE CONDITION,ALLENS CREEK & SR446S,39.02758297,-86.40724404
901892759,2020,9,1,1400,Weekend,2-Car,No injury/unknown,OTHER (DRIVER) - EXPLAIN IN NARRATIVE,OLD STATE ROAD 37 SOUTH HWY & SOUTH ROGERS,39.02541212,-86.53789982
901811218,2020,4,5,2000,Weekday,Moped/Motorcycle,Non-incapacitating,RAN OFF ROAD RIGHT,CHAPEL HILL & SR446S,39.02483704,-86.40536989
901936407,2020,12,1,1400,Weekend,2-Car,Fatal,LEFT OF CENTER,CHAPEL HILL & SR446S,39.02457064,-86.405296
901848514,2020,6,4,2200,Weekday,1-Car,No injury/unknown,ANIMAL/OBJECT IN ROADWAY,CHAPEL HILL & SR446S,39.02402132,-86.405296
901885870,2020,9,2,1400,Weekday,1-Car,No injury/unknown,SPEED TOO FAST FOR WEATHER CONDITIONS,ANDERSON & BEANBLOSSOM RD,39.02173938,-86.4321485
901799356,2020,3,6,2200,Weekend,1-Car,No injury/unknown,ANIMAL/OBJECT IN ROADWAY,MONROE DAM RD & SR37S,39.01938728,-86.53459712
901840591,2020,6,4,1200,Weekday,3+ Cars,No injury/unknown,UNSAFE LANE MOVEMENT,SR37S,39.01916087,-86.53651915
901861852,2020,7,3,2100,Weekday,1-Car,Non-incapacitating,RAN OFF ROAD RIGHT,MONROE DAM & STRAIN RIDGE RD,39.01879242,-86.52259042
901811261,2020,4,5,300,Weekday,1-Car,No injury/unknown,ANIMAL/OBJECT IN ROADWAY,MONROE DAM RD & OLD STATE ROAD 37 SOUTH,39.01866987,-86.53941411
901757732,2020,1,6,900,Weekday,1-Car,Non-incapacitating,RAN OFF ROAD RIGHT,MONROE DAM RD & STRAIN RIDGE RD,39.018656,-86.522896
901923198,2020,11,4,1200,Weekday,1-Car,No injury/unknown,RAN OFF ROAD RIGHT,CHESTNUT & STRAINRIDGE RD,39.016853,-86.50781505
901931305,2020,11,6,700,Weekday,2-Car,No injury/unknown,FOLLOWING TOO CLOSELY,SR37S,39.01630535,-86.53697023
901801910,2020,4,2,2300,Weekday,1-Car,No injury/unknown,ANIMAL/OBJECT IN ROADWAY,SR37 & ZIKES,39.01561701,-86.53702247
901890396,2020,9,4,1500,Weekday,1-Car,Non-incapacitating,RAN OFF ROAD RIGHT,E TOWER RIDGE RD & LAST HORSE,39.01509586,-86.39920394
901941249,2020,12,2,1300,Weekday,2-Car,No injury/unknown,LEFT OF CENTER,SR446S & TOWER RIDGE,39.015088,-86.401232
901755393,2020,1,3,600,Weekday,1-Car,No injury/unknown,RAN OFF ROAD RIGHT,HOBART RD & S OLD ST RD 37,39.01368968,-86.54097966
901832929,2020,5,4,1100,Weekday,1-Car,Non-incapacitating,RAN OFF ROAD RIGHT,FAIRFAX RD & MCCORMICK,39.01236758,-86.50779001
901830830,2020,5,7,100,Weekend,Moped/Motorcycle,Non-incapacitating,FAILURE TO YIELD RIGHT OF WAY,HARRODSBURG & POPCORN RD,39.012048,-86.545088
901771024,2020,1,7,0,Weekend,1-Car,No injury/unknown,RAN OFF ROAD RIGHT,MONROE DAM & SR37S,39.01050784,-86.53705079
901801273,2020,4,1,100,Weekend,1-Car,Fatal,RAN OFF ROAD RIGHT,KETCHAM & POPCORN RD,39.00978613,-86.56394108
901884550,2020,9,7,600,Weekend,1-Car,No injury/unknown,BRAKE FAILURE OR DEFECTIVE,MONROE DAM & VALLEY MISSION RD,39.009344,-86.510096
901835021,2020,6,6,2300,Weekend,1-Car,No injury/unknown,RAN OFF ROAD RIGHT,KETCHAM & POPCORN RD,39.00869022,-86.56645895
901895602,2020,9,4,2200,Weekday,1-Car,No injury/unknown,RAN OFF ROAD RIGHT,MONROE DAM CT,39.00725238,-86.51641599
901757335,2020,1,6,1800,Weekday,2-Car,No injury/unknown,DRIVER DISTRACTED - EXPLAIN IN NARRATIVE,12OO S LIBERTY DR & W 3RD,39.00599302,-86.57913216
901929272,2020,11,2,2200,Weekday,1-Car,No injury/unknown,ANIMAL/OBJECT IN ROADWAY,DUTCH RIDGE & SR446S,39.004288,-86.395616
901805751,2020,4,3,1400,Weekday,1-Car,Non-incapacitating,RAN OFF ROAD RIGHT,PEDIGO BAY & VALLEY MISSION RD,39.00356032,-86.5011435
901776538,2020,2,7,900,Weekend,1-Car,No injury/unknown,RAN OFF ROAD RIGHT,POPCORN RD & ROCKPORT,39.002752,-86.59
901880788,2020,8,6,1400,Weekday,2-Car,No injury/unknown,LEFT OF CENTER,E GUTHRIE RD & SAMANTHA,38.99470299,-86.46484673
901772908,2020,2,5,300,Weekday,1-Car,Non-incapacitating,RAN OFF ROAD RIGHT,INGRAM & SR37N,38.98793083,-86.53779269
901849855,2020,7,1,2000,Weekday,1-Car,No injury/unknown,OVERCORRECTING/OVERSTEERING,GORE & SOUTH OLD STATE ROAD 37 HWY,38.97993605,-86.54174007
901915769,2020,11,6,2000,Weekend,1-Car,Incapacitating,RAN OFF ROAD RIGHT,GORE & OLD STATE ROAD 37 RD,38.97993605,-86.54174007
901842849,2020,6,2,700,Weekday,2-Car,No injury/unknown,FAILURE TO YIELD RIGHT OF WAY,RAMP CREEK & SHIELDS RIDGE RD,38.97744578,-86.47290989
901935068,2020,12,4,2200,Weekday,1-Car,Non-incapacitating,RAN OFF ROAD RIGHT,BREEDEN RD & TOM PHILLIPS,38.97052497,-86.67456977
901792330,2020,3,2,1400,Weekday,1-Car,No injury/unknown,RAN OFF ROAD RIGHT,SMITHVILLE RD & ZIKES,38.96564784,-86.52540005
901930991,2020,11,5,500,Weekday,1-Car,No injury/unknown,ANIMAL/OBJECT IN ROADWAY,SR37S & ZIKES,38.95143498,-86.52629089
901898316,2020,9,3,1000,Weekday,1-Car,Non-incapacitating,RAN OFF ROAD RIGHT,SHUFFLE CREEK RD & SOUTHSHORE,38.93344093,-86.4008963
901944395,2020,12,5,2000,Weekday,1-Car,No injury/unknown,ANIMAL/OBJECT IN ROADWAY,HINDS & KIRKSVILLE RD,38.93213349,-86.6633702
901911567,2020,10,4,1300,Weekday,1-Car,Non-incapacitating,LEFT OF CENTER,FAIRFAX RD & POINT,38.9270922,-86.49009011
901945472,2020,12,1,1200,Weekend,1-Car,Non-incapacitating,RAN OFF ROAD RIGHT,FLUCK MILL & KETCHUM RD,38.80609898,-86.5615797
901883465,2020,8,1,600,Weekend,1-Car,No injury/unknown,RAN OFF ROAD RIGHT,9900 SOUTH OLD STATE ROAD 37 RD & HARRODSBURG,38.80047148,-86.54309329
901875308,2020,8,3,1400,Weekday,2-Car,No injury/unknown,UNSAFE SPEED,N OLD STATE RD 37 RD & WISHNAND,38.39655258,-86.51713013
901856118,2020,7,3,2200,Weekday,1-Car,No injury/unknown,ANIMAL/OBJECT IN ROADWAY,ACUFF & SR37N,38.38267105,-86.55361019
901813627,2020,4,3,1700,Weekday,2-Car,Non-incapacitating,FAILURE TO YIELD RIGHT OF WAY,BALFOUR & SR45-46E,9.183291774,-86.5117228
901755642,2020,1,4,500,Weekday,1-Car,Incapacitating,DRIVER ILLNESS,EXIT 10 & SR37S,1,1
901792145,2020,3,3,1100,Weekday,Moped/Motorcycle,Incapacitating,ROADWAY SURFACE CONDITION,E MOORES PKWY & S PICKWICK,1,1
901830710,2020,5,6,2000,Weekend,1-Car,Non-incapacitating,RAN OFF ROAD RIGHT,SR446 & TEXAS RIDGE RD,1,1
901857249,2020,7,2,1900,Weekday,2-Car,Non-incapacitating,DRIVER DISTRACTED - EXPLAIN IN NARRATIVE,RAILROAD TRACKS & SR45E,1,1
901866346,2020,8,5,2100,Weekday,1-Car,Non-incapacitating,RAN OFF ROAD RIGHT,CURRY & GATES DR,1,1
901867123,2020,8,1,0,Weekend,1-Car,Non-incapacitating,RAN OFF ROAD RIGHT,SISCOE & SR46W,1,1
901757100,2020,1,6,1400,Weekday,2-Car,No injury/unknown,FOLLOWING TOO CLOSELY,3RD & SR37S,0,0
901757620,2020,1,7,1000,Weekend,1-Car,No injury/unknown,RAN OFF ROAD RIGHT,S HARRODSBURG RD & SOUTH OLD SR37,0,0
901759027,2020,1,3,600,Weekday,1-Car,No injury/unknown,ANIMAL/OBJECT IN ROADWAY,MOORMAN & SR37S,0,0
901760411,2020,1,6,500,Weekday,2-Car,No injury/unknown,SPEED TOO FAST FOR WEATHER CONDITIONS,E COVENANTER DR & E STRATUM,0,0
901760439,2020,1,5,600,Weekday,1-Car,No injury/unknown,OVERCORRECTING/OVERSTEERING,SR45E & TUNELL ROAD,0,0
901761431,2020,1,7,1500,Weekend,2-Car,No injury/unknown,IMPROPER PASSING,11TH & FEE LN,0,0
901761772,2020,1,1,1700,Weekend,Pedestrian,No injury/unknown,FAILURE TO YIELD RIGHT OF WAY,COLLEGE MALL RD & PRIVATE DRIVE TO MALL,0,0
901762641,2020,1,3,700,Weekday,1-Car,No injury/unknown,SPEED TOO FAST FOR WEATHER CONDITIONS,MONROE LAKE & SR37,0,0
901762781,2020,1,3,1000,Weekday,2-Car,No injury/unknown,FOLLOWING TOO CLOSELY,SR45S,0,0
901763386,2020,1,4,900,Weekday,2-Car,No injury/unknown,UNSAFE LANE MOVEMENT,2600 BLOCK OF EAST TENTH ST & 4546 BYPASS,0,0
901765996,2020,1,6,2000,Weekend,Bus,No injury/unknown,ROADWAY SURFACE CONDITION,CAMPBELL & HARTSTRAT RD,0,0
901766203,2020,1,1,1100,Weekend,1-Car,No injury/unknown,ROADWAY SURFACE CONDITION,MOORES & STIPP RD,0,0
901789937,2020,3,5,1500,Weekday,2-Car,No injury/unknown,FOLLOWING TOO CLOSELY,BUSINESS 37 RD & STATE ROAD 37,0,0
901790451,2020,3,6,1100,Weekday,2-Car,No injury/unknown,FAILURE TO YIELD RIGHT OF WAY,HARTSTRAIGHT & TEMPERANCE ST,0,0
901790876,2020,3,7,1700,Weekend,2-Car,No injury/unknown,VIEW OBSTRUCTED,FAIR FAX & SR37S,0,0
901791916,2020,3,2,2100,Weekday,2-Car,No injury/unknown,OTHER (DRIVER) - EXPLAIN IN NARRATIVE,E STRATUM WAY DR,0,0
901767259,2020,1,3,0,Weekday,1-Car,No injury/unknown,ANIMAL/OBJECT IN ROADWAY,STONY BROOK DR DR & W BROOKFIELD CT,0,0
901768117,2020,1,7,1800,Weekend,1-Car,No injury/unknown,ANIMAL/OBJECT IN ROADWAY,SR446N & UNKNOWN,0,0
901769159,2020,1,5,1800,Weekday,1-Car,No injury/unknown,UNSAFE BACKING,ASSEMBLY HALL NORTH DR & FEE,0,0
901769362,2020,1,5,1600,Weekday,2-Car,No injury/unknown,FOLLOWING TOO CLOSELY,CURRY PIKE & YOST,0,0
901772333,2020,2,5,1400,Weekday,Cyclist,No injury/unknown,FAILURE TO YIELD RIGHT OF WAY,E 11TH & N FEE LN,0,0
901773231,2020,2,7,2200,Weekend,2-Car,No injury/unknown,DISREGARD SIGNAL/REG SIGN,SB RAMP N ST RD 37 & SR46E,0,0
901773370,2020,2,1,700,Weekend,1-Car,No injury/unknown,OVERCORRECTING/OVERSTEERING,N BUSINESS 37 HWY & STATE ROAD 37 NORTH,0,0
901776362,2020,2,7,100,Weekend,2-Car,No injury/unknown,SPEED TOO FAST FOR WEATHER CONDITIONS,COVENANTER DR & STRATUM,0,0
901776398,2020,2,6,1200,Weekday,2-Car,No injury/unknown,FAILURE TO YIELD RIGHT OF WAY,2709 E TENTH ST & EAST UNINVERSITY,0,0
901776946,2020,2,1,1300,Weekend,2-Car,No injury/unknown,FOLLOWING TOO CLOSELY,SR37S,0,0
901778960,2020,2,4,1000,Weekday,2-Car,No injury/unknown,FAILURE TO YIELD RIGHT OF WAY,JOHNSON AVE AVE & VALHALLA DRIVE,0,0
901779013,2020,2,4,1000,Weekday,2-Car,No injury/unknown,UNSAFE LANE MOVEMENT,PACKINGHOUSE & VERNAL PIKE,0,0
901779333,2020,2,3,0,Weekday,1-Car,No injury/unknown,SPEED TOO FAST FOR WEATHER CONDITIONS,RATTS & SR46W,0,0
901779919,2020,2,5,1300,Weekday,1-Car,No injury/unknown,OTHER (DRIVER) - EXPLAIN IN NARRATIVE,100 S HAWTHORNE DR & EAST THIRD,0,0
901781330,2020,2,2,1600,Weekday,2-Car,No injury/unknown,FOLLOWING TOO CLOSELY,46 BYP & EAST GATE,0,0
901781946,2020,2,7,2000,Weekend,2-Car,No injury/unknown,DRIVER DISTRACTED - EXPLAIN IN NARRATIVE,CURRY PIKE & GIRRORD,0,0
901782196,2020,2,4,1000,Weekday,2-Car,No injury/unknown,FOLLOWING TOO CLOSELY,SR37N,0,0
901782529,2020,2,4,1900,Weekday,2-Car,No injury/unknown,DRIVER DISTRACTED - EXPLAIN IN NARRATIVE,46 BYP & FEE,0,0
901786969,2020,2,5,1300,Weekday,1-Car,No injury/unknown,UNSAFE SPEED,SR37S,0,0
901787819,2020,3,2,900,Weekday,1-Car,No injury/unknown,SPEED TOO FAST FOR WEATHER CONDITIONS,11TH & 11TH AND FEE GARAGE 5TH FLOOR DR,0,0
901788839,2020,3,2,1800,Weekday,2-Car,No injury/unknown,FAILURE TO YIELD RIGHT OF WAY,HARTSTRAIT RD & SR46W,0,0