Master Record Number,Year,Month,Day,Hour,Weekend,Collision Type,Injury Type,Primary Factor,Reported_Location,Latitude,Longitude
901788840,2020,3,2,1700,Weekday,1-Car,No injury/unknown,OVERCORRECTING/OVERSTEERING,SR37S & TURKEY TRACK,0,0
901788924,2020,3,7,1900,Weekend,2-Car,No injury/unknown,HEADLIGHT DEFECTIVE OR NOT ON,BROOKWOOD & SR46,0,0
901789224,2020,3,4,1200,Weekday,2-Car,No injury/unknown,FAILURE TO YIELD RIGHT OF WAY,EAST FORTH & INDIANA AVE,0,0
901793640,2020,3,6,800,Weekday,2-Car,No injury/unknown,UNSAFE SPEED,1400 & W ELWREN RD,0,0
901794853,2020,3,6,1200,Weekday,2-Car,No injury/unknown,OTHER (DRIVER) - EXPLAIN IN NARRATIVE,EAST THIRD & HAWTHORNE ST,0,0
901816386,2020,4,2,1700,Weekday,2-Car,No injury/unknown,UNSAFE BACKING,COPPER BEACH WAY,0,0
901816472,2020,4,2,1900,Weekday,1-Car,No injury/unknown,SPEED TOO FAST FOR WEATHER CONDITIONS,SR37S & WHITEHALL CROSSING EXIT,0,0
901816655,2020,4,2,1300,Weekday,2-Car,No injury/unknown,UNSAFE LANE MOVEMENT,HIGHLAND & THIRD ST,0,0
901817665,2020,5,4,2100,Weekday,2-Car,No injury/unknown,FAILURE TO YIELD RIGHT OF WAY,CURRY PIKE & WHITEHALL,0,0
901795361,2020,3,4,1200,Weekday,2-Car,No injury/unknown,UNSAFE BACKING,IU WELLS LIBRARY DR & JORDAN,0,0
901795822,2020,3,3,300,Weekday,1-Car,No injury/unknown,ANIMAL/OBJECT IN ROADWAY,HARSTRAIGHT RD & W WOODYARD,0,0
901797326,2020,3,6,2000,Weekend,1-Car,No injury/unknown,RAN OFF ROAD RIGHT,BROWN CO LINE RD & SR37E,0,0
901798352,2020,3,2,1800,Weekday,2-Car,No injury/unknown,FOLLOWING TOO CLOSELY,E PRESIDENTS & S JORDAN AVE,0,0
901799039,2020,3,4,1200,Weekday,2-Car,No injury/unknown,UNSAFE BACKING,JORDAN & KIRKWOOD AVE,0,0
901800244,2020,3,6,1400,Weekday,2-Car,No injury/unknown,FOLLOWING TOO CLOSELY,COLLEGE MALL RDS & THIRD,0,0
901801123,2020,4,1,1200,Weekend,3+ Cars,No injury/unknown,FOLLOWING TOO CLOSELY,S LEONARD SPRINGS RD & W BLOOMFIELD,0,0
901803571,2020,4,6,1100,Weekday,2-Car,No injury/unknown,UNSAFE BACKING,601 WEST 2 ST ST,0,0
901803837,2020,4,6,2300,Weekend,2-Car,No injury/unknown,RAN OFF ROAD RIGHT,JOSHUA DR & MCMILLAN,0,0
901804236,2020,4,1,1200,Weekend,2-Car,No injury/unknown,,E RIDGE CREST CT,0,0
901805936,2020,4,4,1000,Weekday,2-Car,No injury/unknown,FAILURE TO YIELD RIGHT OF WAY,BLOOMFIELD RD & HICKORY LEAF,0,0
901806755,2020,4,5,1000,Weekday,2-Car,No injury/unknown,UNSAFE LANE MOVEMENT,500BLK W TEMPERANCE ST ST & 5TH,0,0
901807632,2020,4,6,2200,Weekend,2-Car,No injury/unknown,IMPROPER LANE USAGE,DUNN & E 1ST ST,0,0
901808275,2020,4,1,600,Weekend,1-Car,No injury/unknown,RAN OFF ROAD RIGHT,EAST TOWER RIDGE RD & SR446,0,0
901809515,2020,4,3,600,Weekday,1-Car,No injury/unknown,RAN OFF ROAD RIGHT,45 46 BYP & EASTGATE,0,0
901810336,2020,4,4,800,Weekday,1-Car,No injury/unknown,RAN OFF ROAD RIGHT,NORTH ACCESS DRIVE TO BHSN & PROW RD,0,0
901811775,2020,4,6,1800,Weekday,Bus,No injury/unknown,FAILURE TO YIELD RIGHT OF WAY,10TH ST & TULIP TREE ENTRANCE,0,0
901812362,2020,4,7,1000,Weekend,2-Car,No injury/unknown,FAILURE TO YIELD RIGHT OF WAY,EAST AND WEST ALY & NORTH AND SOUTH,0,0
901812651,2020,4,7,1000,Weekend,2-Car,No injury/unknown,FAILURE TO YIELD RIGHT OF WAY,SMITH PIKE & SR46W,0,0
901813602,2020,4,3,400,Weekday,2-Car,No injury/unknown,OTHER (DRIVER) - EXPLAIN IN NARRATIVE,HARTSTRAIT & SR46W,0,0
901814597,2020,4,5,1300,Weekday,2-Car,No injury/unknown,FAILURE TO YIELD RIGHT OF WAY,11TH & FEE LN,0,0
901821865,2020,5,4,1100,Weekday,2-Car,No injury/unknown,OTHER (DRIVER) - EXPLAIN IN NARRATIVE,PARKING LOT ST,0,0
901821880,2020,5,5,700,Weekday,2-Car,No injury/unknown,OTHER (DRIVER) - EXPLAIN IN NARRATIVE,PHYLLIS & WEST 46 HWY,0,0
901821893,2020,5,5,1300,Weekday,2-Car,No injury/unknown,OTHER (ENVIRONMENTAL) - EXPLAIN IN NARR,EW NS ALLEY S WASHINGTON ST,0,0
901822525,2020,5,6,1300,Weekday,2-Car,No injury/unknown,IMPROPER TURNING,CAMPUS CORNER DR & CLARIZZ,0,0
901846954,2020,6,2,2000,Weekday,1-Car,No injury/unknown,RAN OFF ROAD RIGHT,SR37S,0,0
901848385,2020,6,5,1100,Weekday,2-Car,No injury/unknown,FAILURE TO YIELD RIGHT OF WAY,PRIVATE DRIVE & SO LIBERTY DR,0,0
901849663,2020,7,1,800,Weekend,Pedestrian,No injury/unknown,FAILURE TO YIELD RIGHT OF WAY,OUTBACK RD & SR46W,0,0
901852217,2020,7,5,1300,Weekday,1-Car,No injury/unknown,RAN OFF ROAD RIGHT,MT GILEAD & SR45E,0,0
901852295,2020,7,6,800,Weekday,2-Car,No injury/unknown,OVERCORRECTING/OVERSTEERING,1200 E TENTH & 600 N FEE LN,0,0
901852947,2020,7,7,2300,Weekend,2-Car,No injury/unknown,SPEED TOO FAST FOR WEATHER CONDITIONS,E POINT & S STRAINRIDGE RD,0,0
901852994,2020,7,7,1100,Weekend,2-Car,No injury/unknown,FAILURE TO YIELD RIGHT OF WAY,ALEXANDER & JACOBS DR,0,0
901824117,2020,5,2,1600,Weekday,2-Car,No injury/unknown,FAILURE TO YIELD RIGHT OF WAY,BLOOMFIELD & LIBERTY DR,0,0
901824272,2020,4,5,800,Weekday,2-Car,No injury/unknown,FAILURE TO YIELD RIGHT OF WAY,1400 BLK W 14 ST & N ILLINOIS,0,0
901825794,2020,5,5,1400,Weekday,2-Car,No injury/unknown,UNSAFE LANE MOVEMENT,N MILO B SAMPSON & SR4546E,0,0
901826901,2020,5,6,1300,Weekday,2-Car,No injury/unknown,DRIVER DISTRACTED - EXPLAIN IN NARRATIVE,2700 E TENTH & 4546 BYPASS HWY,0,0
901828432,2020,5,2,1500,Weekday,2-Car,No injury/unknown,FOLLOWING TOO CLOSELY,BLOOMFIELD RD & LIBERTY,0,0
901829070,2020,5,3,2300,Weekday,1-Car,No injury/unknown,TIRE FAILURE OR DEFECTIVE,1185 W 2ND ST & PATTERSON,0,0
901829327,2020,5,4,1200,Weekday,2-Car,No injury/unknown,UNSAFE BACKING,EAST TEENTH ST & UNION,0,0
901830713,2020,5,6,2100,Weekend,1-Car,No injury/unknown,ANIMAL/OBJECT IN ROADWAY,HARTSTRAIT & SR46W,0,0
901830810,2020,5,7,0,Weekend,1-Car,No injury/unknown,RAN OFF ROAD RIGHT,SR37S,0,0
901832928,2020,5,5,700,Weekday,1-Car,No injury/unknown,ANIMAL/OBJECT IN ROADWAY,ANDERSON RD & TUNNEL,0,0
901835279,2020,6,2,1000,Weekday,2-Car,No injury/unknown,FOLLOWING TOO CLOSELY,SR37S & W THIRD,0,0
901835564,2020,6,1,1800,Weekend,2-Car,No injury/unknown,OTHER (DRIVER) - EXPLAIN IN NARRATIVE,PAYNETOWN PARKING LOT,0,0
901835711,2020,6,3,100,Weekday,2-Car,No injury/unknown,FAILURE TO YIELD RIGHT OF WAY,OAKDALE & SR45E,0,0
901835851,2020,6,2,0,Weekday,2-Car,No injury/unknown,FAILURE TO YIELD RIGHT OF WAY,ENT TO EASTLAND PLAZA & S COLLEGE MALL RD,0,0
901837104,2020,6,4,1600,Weekday,2-Car,No injury/unknown,UNSAFE BACKING,SHERWOOD DR & WEST THIRD,0,0
901839603,2020,6,2,1700,Weekday,1-Car,No injury/unknown,DRIVER ASLEEP OR FATIGUED,45 46 & SR37N,0,0
901842267,2020,6,7,1500,Weekend,3+ Cars,No injury/unknown,FAILURE TO YIELD RIGHT OF WAY,PRIVATE DRIVE EASTLAND PLAZA & S COLLEGE MALL RD,0,0
901842897,2020,6,2,1000,Weekday,1-Car,No injury/unknown,UNSAFE BACKING,EW ALLEY IN 500 BLOCK S FESS ALY & FESS,0,0
901846027,2020,6,1,900,Weekend,Moped/Motorcycle,No injury/unknown,UNSAFE BACKING,W TIMBERS TRL,0,0
901846193,2020,6,1,1800,Weekend,2-Car,No injury/unknown,FAILURE TO YIELD RIGHT OF WAY,E 3RD ST & PRIVATE,0,0
901846316,2020,6,1,2200,Weekday,2-Car,No injury/unknown,UNSAFE LANE MOVEMENT,BALFOUR & SR4546S,0,0
901854493,2020,7,3,1400,Weekday,2-Car,No injury/unknown,OTHER (DRIVER) - EXPLAIN IN NARRATIVE,SISCOE & SR46W,0,0
901855167,2020,7,5,700,Weekday,2-Car,No injury/unknown,IMPROPER TURNING,AUTO MALL RD & CURRY COLLISION CENTER,0,0
901859139,2020,7,2,1500,Weekday,Bus,No injury/unknown,UNSAFE LANE MOVEMENT,SR37S,0,0
901859994,2020,7,1,2200,Weekday,2-Car,No injury/unknown,UNSAFE BACKING,S STATE 45 RD,0,0
901860897,2020,6,3,800,Weekday,3+ Cars,No injury/unknown,FAILURE TO YIELD RIGHT OF WAY,300 E 2ND ST & 500 S LINCOLN,0,0
901862073,2020,7,5,1100,Weekday,1-Car,No injury/unknown,IMPROPER TURNING,11TH & 709 N FEE (PARKING GARAGE) LN,0,0
901862367,2020,7,5,1900,Weekday,2-Car,No injury/unknown,FAILURE TO YIELD RIGHT OF WAY,OLD SR37S HWY & STATE ROAD 37,0,0
901863020,2020,7,7,1000,Weekend,2-Car,No injury/unknown,OTHER (DRIVER) - EXPLAIN IN NARRATIVE,1100 E 3RD ST & 300 S HAWTHORNE,0,0
901863311,2020,7,6,1600,Weekday,2-Car,No injury/unknown,SPEED TOO FAST FOR WEATHER CONDITIONS,HARVEST & N UNION VALLEY RD,0,0
901863678,2020,7,6,1800,Weekday,1-Car,No injury/unknown,DRIVER DISTRACTED - EXPLAIN IN NARRATIVE,S CURRY PIKE,0,0
901863827,2020,7,2,1100,Weekday,2-Car,No injury/unknown,FAILURE TO YIELD RIGHT OF WAY,S EUCLID & W HOWE ST,0,0
901864999,2020,7,3,1500,Weekday,1-Car,No injury/unknown,RAN OFF ROAD RIGHT,SR37S,0,0
901865089,2020,8,4,1300,Weekday,2-Car,No injury/unknown,UNSAFE BACKING,EAST TENTH ST,0,0
901865121,2020,8,4,700,Weekday,2-Car,No injury/unknown,DISREGARD SIGNAL/REG SIGN,FRANKLIN & W 3RD ST,0,0
901865136,2020,8,4,1200,Weekday,2-Car,No injury/unknown,UNSAFE BACKING,E BUICK CADILLAC BLVD,0,0
901865316,2020,7,4,1600,Weekday,1-Car,No injury/unknown,RAN OFF ROAD RIGHT,SOUTH GARRISON CHAPEL RD,0,0
901865323,2020,7,3,2100,Weekday,2-Car,No injury/unknown,IMPROPER LANE USAGE,CURRY & W THIRD ST,0,0
901865446,2020,8,5,400,Weekday,1-Car,No injury/unknown,ANIMAL/OBJECT IN ROADWAY,8460 GARDNER RD & GARRISON CHAPPEL,0,0
901865647,2020,8,5,1200,Weekday,2-Car,No injury/unknown,UNSAFE BACKING,EAST THIRD ST,0,0
901865789,2020,8,5,1600,Weekday,2-Car,No injury/unknown,UNSAFE BACKING,NORTH FEE LN,0,0
901866156,2020,8,4,1500,Weekday,2-Car,No injury/unknown,FOLLOWING TOO CLOSELY,CUTRIGHT & SR446S,0,0
901866330,2020,8,6,1400,Weekday,2-Car,No injury/unknown,FAILURE TO YIELD RIGHT OF WAY,COLLEGEMALL & E 3RD ST,0,0
901866404,2020,8,6,1700,Weekday,2-Car,No injury/unknown,FOLLOWING TOO CLOSELY,CHAFIN CHAPEL & SR46W,0,0
901866572,2020,8,7,1300,Weekend,1-Car,No injury/unknown,OTHER (DRIVER) - EXPLAIN IN NARRATIVE,EAST SEVENTEENTH ST,0,0
901866852,2020,8,1,1100,Weekend,2-Car,No injury/unknown,OTHER (DRIVER) - EXPLAIN IN NARRATIVE,E ALPINE TRL,0,0
901867023,2020,8,1,200,Weekend,2-Car,No injury/unknown,,WEST SUDBURY DR,0,0
901867333,2020,7,5,2100,Weekday,2-Car,No injury/unknown,UNSAFE BACKING,CAMPGROUND ROAD & PAYNETOWN SRA BEACH PARKING LOOP,0,0
901867380,2020,8,4,2200,Weekday,1-Car,No injury/unknown,ANIMAL/OBJECT IN ROADWAY,INGRAM & SR37S,0,0
901870486,2020,8,1,1100,Weekend,2-Car,No injury/unknown,UNSAFE BACKING,3100 BLK COVENANTER DRS & AUTO MALL,0,0
901870581,2020,8,1,1800,Weekend,2-Car,No injury/unknown,OTHER (DRIVER) - EXPLAIN IN NARRATIVE,PRIVATE & S COLLEGE MALL RD,0,0
901872189,2020,8,4,1000,Weekday,2-Car,No injury/unknown,UNSAFE LANE MOVEMENT,1300 E 3RD ST & 300 S HIGHLAND,0,0
901872439,2020,8,4,1900,Weekday,1-Car,No injury/unknown,UNSAFE SPEED,MTGILEAD RD,0,0
901872945,2020,8,5,1800,Weekday,2-Car,No injury/unknown,SPEED TOO FAST FOR WEATHER CONDITIONS,RAMP 15 & SR 37 SOUTHBOUND RD,0,0
901875889,2020,8,4,1600,Weekday,2-Car,No injury/unknown,FAILURE TO YIELD RIGHT OF WAY,E UNIVERSITY & SR4546S,0,0
901876039,2020,6,7,2200,Weekend,2-Car,No injury/unknown,UNSAFE BACKING,13TH ST & WOODBURN,0,0
901876046,2020,8,4,1200,Weekday,2-Car,No injury/unknown,FAILURE TO YIELD RIGHT OF WAY,SR45W & W WALMART ENTRANCE,0,0
901876803,2020,8,6,1100,Weekday,2-Car,No injury/unknown,OTHER (DRIVER) - EXPLAIN IN NARRATIVE,HAGEN RD,0,0
901876994,2020,8,6,1700,Weekday,2-Car,No injury/unknown,FAILURE TO YIELD RIGHT OF WAY,IU GOLF COURSE & RANGE RD,0,0
901877714,2020,8,1,1200,Weekend,2-Car,No injury/unknown,FOLLOWING TOO CLOSELY,37 & W 2ND ST,0,0
901877869,2020,8,2,800,Weekday,2-Car,No injury/unknown,SPEED TOO FAST FOR WEATHER CONDITIONS,2800 E SR45 RD & STONEBELT,0,0
901878320,2020,8,2,1700,Weekday,2-Car,No injury/unknown,UNSAFE LANE MOVEMENT,300BLK W TEMPERANCE ST & SR46W,0,0
901878679,2020,8,3,1100,Weekday,2-Car,No injury/unknown,FAILURE TO YIELD RIGHT OF WAY,NORTH SOUTH ALY & W 1ST,0,0
901879831,2020,8,5,700,Weekday,2-Car,No injury/unknown,FAILURE TO YIELD RIGHT OF WAY,E3RD ST & SO REISNER,0,0
901880179,2020,8,4,2100,Weekday,2-Car,No injury/unknown,FAILURE TO YIELD RIGHT OF WAY,KINSER & SR4546W,0,0
901880914,2020,9,7,1100,Weekend,2-Car,No injury/unknown,FOLLOWING TOO CLOSELY,LONGVIEW & SR46E,0,0
901880942,2020,9,7,1300,Weekend,2-Car,No injury/unknown,UNSAFE LANE MOVEMENT,MILO B SAMPSON & SR4546E,0,0
901881263,2020,9,7,2200,Weekend,Bus,No injury/unknown,IMPROPER TURNING,PARKING LOT 17TH ST,0,0
901884150,2020,9,6,1500,Weekday,2-Car,No injury/unknown,IMPROPER TURNING,BLOOMFIELD & LIBERTY DR,0,0
901884342,2020,9,7,300,Weekend,1-Car,No injury/unknown,OVERCORRECTING/OVERSTEERING,COLLEGE AVE & VAUGHN CLIPP,0,0
901884735,2020,9,6,1500,Weekday,2-Car,No injury/unknown,OTHER (DRIVER) - EXPLAIN IN NARRATIVE,RIDGESPRINGS & SR46W,0,0
901884769,2020,9,1,1500,Weekend,2-Car,No injury/unknown,FAILURE TO YIELD RIGHT OF WAY,COMPTON BLVD & DONNIGAN,0,0
901884849,2020,9,7,100,Weekend,2-Car,No injury/unknown,OTHER (DRIVER) - EXPLAIN IN NARRATIVE,POINTE RESORT DR & POINTE RETREAT,0,0
901884876,2020,8,6,400,Weekday,2-Car,No injury/unknown,FAILURE TO YIELD RIGHT OF WAY,BLOOMFIELD RD & RAMP 17,0,0
901885209,2020,9,2,1200,Weekday,2-Car,No injury/unknown,FAILURE TO YIELD RIGHT OF WAY,KINSER & SR46E,0,0
901885390,2020,9,2,1600,Weekday,2-Car,No injury/unknown,FOLLOWING TOO CLOSELY,DUNN & SR4546E,0,0
901885485,2020,9,2,600,Weekday,2-Car,No injury/unknown,DRIVER DISTRACTED - EXPLAIN IN NARRATIVE,S CHEEKWOOD LN & S YADDOS,0,0
901887386,2020,9,4,1000,Weekday,2-Car,No injury/unknown,FAILURE TO YIELD RIGHT OF WAY,IN BUSINESS 37 N RD & WHISNAND,0,0
901908212,2020,10,2,1200,Weekday,2-Car,No injury/unknown,DRIVER DISTRACTED - EXPLAIN IN NARRATIVE,SR37N & WALNUT,0,0
901908231,2020,10,7,2200,Weekend,2-Car,No injury/unknown,FOLLOWING TOO CLOSELY,DUNN & SR4546W,0,0
901889539,2020,9,2,800,Weekday,2-Car,No injury/unknown,FAILURE TO YIELD RIGHT OF WAY,TAPP RD & TECH PARK,0,0
901889602,2020,8,1,1400,Weekend,2-Car,No injury/unknown,IMPROPER TURNING,N CURRY & SR46W,0,0
901889612,2020,9,3,1400,Weekday,Bus,No injury/unknown,UNSAFE LANE MOVEMENT,E COVENANTER DR & E STRATUM,0,0
901889670,2020,9,3,1500,Weekday,2-Car,No injury/unknown,FAILURE TO YIELD RIGHT OF WAY,EASTLAND PLAZA & SOUTH COLLEGE MALL RD,0,0
901890299,2020,9,4,1600,Weekday,1-Car,No injury/unknown,ANIMAL/OBJECT IN ROADWAY,BAYLES ROAD & SR37N,0,0
901890707,2020,8,1,1400,Weekend,2-Car,No injury/unknown,UNSAFE LANE MOVEMENT,N CURRY & SR46W,0,0
901891809,2020,9,7,1200,Weekend,2-Car,No injury/unknown,IMPROPER LANE USAGE,1300 E 3RD & 300 S HIGHLAND AVE,0,0
901893351,2020,9,3,700,Weekday,2-Car,No injury/unknown,FOLLOWING TOO CLOSELY,3RD ST,0,0
901893734,2020,9,3,1700,Weekday,2-Car,No injury/unknown,FOLLOWING TOO CLOSELY,17TH & SR4546S,0,0
901893737,2020,9,3,1600,Weekday,2-Car,No injury/unknown,FOLLOWING TOO CLOSELY,BELL & CURRY PIKE,0,0
901894021,2020,9,4,800,Weekday,2-Car,No injury/unknown,UNSAFE BACKING,17TH & IU FOOTBALL N CONCOURSE DR,0,0
901895019,2020,9,6,600,Weekday,2-Car,No injury/unknown,FOLLOWING TOO CLOSELY,FULLERTON & SR37S,0,0
901895603,2020,9,6,1800,Weekday,3+ Cars,No injury/unknown,OTHER (DRIVER) - EXPLAIN IN NARRATIVE,CHAFFIN CHAPEL & SR46W,0,0
901895815,2020,9,1,100,Weekend,1-Car,No injury/unknown,ANIMAL/OBJECT IN ROADWAY,MOORES CREEK & SR446S,0,0
901895887,2020,9,1,1200,Weekend,2-Car,No injury/unknown,FOLLOWING TOO CLOSELY,CURRY & SR46W,0,0
901896083,2020,9,1,1700,Weekend,2-Car,No injury/unknown,LEFT OF CENTER,SHUFFLE & SR45E,0,0
901897923,2020,10,4,1300,Weekday,1-Car,No injury/unknown,UNSAFE SPEED,SR37N,0,0
901897974,2020,10,4,1700,Weekday,2-Car,No injury/unknown,FOLLOWING TOO CLOSELY,BLOOMFIELD & SR37N,0,0
901898116,2020,10,4,2300,Weekday,2-Car,No injury/unknown,UNSAFE BACKING,W 3RD ST,0,0
901898342,2020,10,5,1200,Weekday,2-Car,No injury/unknown,OTHER (DRIVER) - EXPLAIN IN NARRATIVE,BELL AVE & HICKORY,0,0
901898560,2020,10,4,1900,Weekday,1-Car,No injury/unknown,IMPROPER LANE USAGE,S MONROE MEDICAL PARK BLVD,0,0
901899170,2020,10,6,1500,Weekday,2-Car,No injury/unknown,SPEED TOO FAST FOR WEATHER CONDITIONS,CURRY PIKE & WELMRE,0,0
901899493,2020,10,7,1100,Weekend,2-Car,No injury/unknown,IMPROPER TURNING,DUNN ST & PURPLE LOT,0,0
901900134,2020,10,2,800,Weekday,2-Car,No injury/unknown,FAILURE TO YIELD RIGHT OF WAY,E MELROSE AVE,0,0
901900250,2020,10,2,1100,Weekday,2-Car,No injury/unknown,UNSAFE BACKING,E THIRD ST,0,0
901901395,2020,10,3,1900,Weekday,2-Car,No injury/unknown,DISREGARD SIGNAL/REG SIGN,N CURRY & SR46W,0,0
901901973,2020,10,4,1700,Weekday,2-Car,No injury/unknown,FAILURE TO YIELD RIGHT OF WAY,FULLERTON & SR37S,0,0
901902106,2020,10,4,1200,Weekday,2-Car,No injury/unknown,OTHER (DRIVER) - EXPLAIN IN NARRATIVE,45 WEST & SR37S,0,0
901902515,2020,10,5,1500,Weekday,2-Car,No injury/unknown,FAILURE TO YIELD RIGHT OF WAY,ENTRANCE TO TARGET AND KMART & S KINGSTON DR,0,0
901902645,2020,10,5,1800,Weekday,2-Car,No injury/unknown,FAILURE TO YIELD RIGHT OF WAY,LAKE VIEW & SR46W,0,0
901903358,2020,10,1,1400,Weekend,2-Car,No injury/unknown,IMPROPER TURNING,CAMPUS VIEW LOT & UNION ST,0,0
901903708,2020,10,1,1300,Weekend,2-Car,No injury/unknown,FAILURE TO YIELD RIGHT OF WAY,S MAXWELL TER,0,0
901903812,2020,10,1,1800,Weekend,2-Car,No injury/unknown,FOLLOWING TOO CLOSELY,SR37S & VERNAL,0,0
901905745,2020,10,4,1700,Weekday,2-Car,No injury/unknown,FOLLOWING TOO CLOSELY,EASTGATE & SR4546S,0,0
901905809,2020,10,4,1600,Weekday,1-Car,No injury/unknown,RAN OFF ROAD RIGHT,BOLTINGHOUSE RD & LENTZ,0,0
901910228,2020,10,1,1800,Weekend,2-Car,No injury/unknown,LEFT OF CENTER,CHESTER DR & DEER,0,0
901910496,2020,10,4,2100,Weekday,1-Car,No injury/unknown,ANIMAL/OBJECT IN ROADWAY,MONROE DAM & SR37S,0,0
901910497,2020,10,5,1600,Weekday,2-Car,No injury/unknown,FOLLOWING TOO CLOSELY,SR37S & TAPP,0,0
901910770,2020,10,6,700,Weekday,2-Car,No injury/unknown,FOLLOWING TOO CLOSELY,CLARIZZ BLVD & ENTRANCE TO KMART,0,0
901911201,2020,10,6,1700,Weekday,2-Car,No injury/unknown,FOLLOWING TOO CLOSELY,7TH & STADIUM DR,0,0
901911307,2020,10,6,2100,Weekend,2-Car,No injury/unknown,OTHER (DRIVER) - EXPLAIN IN NARRATIVE,10TH ST & 46,0,0
901938114,2020,12,3,1300,Weekday,Bus,No injury/unknown,IMPROPER LANE USAGE,EAST FALLS CREEK & SR446E,0,0
901940067,2020,12,6,2000,Weekend,1-Car,No injury/unknown,RAN OFF ROAD RIGHT,900 BLK S COLLEGE MALL RD & ENTRANCE TO THE SHOPPES,0,0
901914585,2020,11,5,900,Weekday,2-Car,No injury/unknown,BRAKE FAILURE OR DEFECTIVE,SR37S,0,0
901914753,2020,10,2,1700,Weekday,2-Car,No injury/unknown,FAILURE TO YIELD RIGHT OF WAY,2ND & ALLEY EAST OF S WALNUT ALY,0,0
901915768,2020,11,6,1500,Weekday,2-Car,No injury/unknown,OTHER (DRIVER) - EXPLAIN IN NARRATIVE,S MONROE MEDICAL PARK BLVD,0,0
901916192,2020,11,7,2200,Weekend,1-Car,No injury/unknown,ANIMAL/OBJECT IN ROADWAY,SR37S & TURKEY TRACK,0,0
901916307,2020,11,1,800,Weekend,2-Car,No injury/unknown,FAILURE TO YIELD RIGHT OF WAY,CAPITOL AVE & SR46W,0,0
901916669,2020,11,1,100,Weekend,3+ Cars,No injury/unknown,UNSAFE BACKING,STRATUM WAY,0,0
901918731,2020,11,2,1500,Weekday,2-Car,No injury/unknown,FAILURE TO YIELD RIGHT OF WAY,BETHEL LN & MARLIN ELEMENTARY,0,0
901918834,2020,11,4,1900,Weekday,2-Car,No injury/unknown,FAILURE TO YIELD RIGHT OF WAY,10TH & SR4546,0,0
901918849,2020,11,4,1500,Weekday,3+ Cars,No injury/unknown,FOLLOWING TOO CLOSELY,37 & 45 RD,0,0
901918884,2020,11,4,2100,Weekday,1-Car,No injury/unknown,ANIMAL/OBJECT IN ROADWAY,KINSER & SR37S,0,0
901919383,2020,11,7,2200,Weekend,2-Car,No injury/unknown,ANIMAL/OBJECT IN ROADWAY,FULERTON & SR37S,0,0
901919497,2020,11,5,1900,Weekday,3+ Cars,No injury/unknown,FOLLOWING TOO CLOSELY,BLOOMFIELD RD & RAMP 14,0,0
901919832,2020,11,6,1000,Weekday,2-Car,No injury/unknown,FAILURE TO YIELD RIGHT OF WAY,CAPITAL & SR46W,0,0
901920454,2020,11,1,1300,Weekend,1-Car,No injury/unknown,SEVERE CROSSWINDS,IU GOLF COURSE & SR45W,0,0
901920464,2020,11,6,1800,Weekday,1-Car,No injury/unknown,ANIMAL/OBJECT IN ROADWAY,ACUFF & SR37N,0,0
901922028,2020,11,2,1900,Weekday,1-Car,No injury/unknown,ANIMAL/OBJECT IN ROADWAY,ACUFF & SR37N,0,0
901923282,2020,11,5,1100,Weekday,2-Car,No injury/unknown,OTHER (DRIVER) - EXPLAIN IN NARRATIVE,EAST THIRD & HIGH ST,0,0
901923827,2020,11,5,2100,Weekday,2-Car,No injury/unknown,OTHER (DRIVER) - EXPLAIN IN NARRATIVE,EAST GOODNIGHT WAY,0,0
901924324,2020,11,7,100,Weekend,1-Car,No injury/unknown,CELL PHONE USAGE,MT TABOR & OLD DUTCH CHURCH RDS,0,0
901924334,2020,11,7,0,Weekend,1-Car,No injury/unknown,ANIMAL/OBJECT IN ROADWAY,SR37S & STRAIN RIDGE ROAD,0,0
901924364,2020,11,6,400,Weekday,1-Car,No injury/unknown,ANIMAL/OBJECT IN ROADWAY,ANGELINA & VERNAL PIKE,0,0
901924640,2020,11,7,2200,Weekend,2-Car,No injury/unknown,UNSAFE BACKING,11TH ST & SUMMIT,0,0
901924879,2020,11,1,2200,Weekday,1-Car,No injury/unknown,ANIMAL/OBJECT IN ROADWAY,DEPOT & SR46W,0,0
901924940,2020,11,1,1800,Weekend,1-Car,No injury/unknown,ANIMAL/OBJECT IN ROADWAY,HUNTERS CREEK RD & SR446N,0,0
901924962,2020,11,1,1900,Weekday,1-Car,No injury/unknown,ANIMAL/OBJECT IN ROADWAY,COOSLEY & SR37N,0,0
901927824,2020,11,7,1200,Weekend,2-Car,No injury/unknown,FAILURE TO YIELD RIGHT OF WAY,PARK & SR46W,0,0
901929555,2020,11,3,700,Weekday,1-Car,No injury/unknown,ANIMAL/OBJECT IN ROADWAY,HEDRICK ROAD & SR46W,0,0
901929566,2020,11,3,600,Weekday,2-Car,No injury/unknown,FAILURE TO YIELD RIGHT OF WAY,CAPITAL & SR46W,0,0
901929643,2020,11,2,2100,Weekday,1-Car,No injury/unknown,ANIMAL/OBJECT IN ROADWAY,INGRAM & SR37S,0,0
901930240,2020,11,4,1500,Weekday,2-Car,No injury/unknown,FOLLOWING TOO CLOSELY,RAMP 16 SR 37 NB & WEST BLOOMFIELD RD,0,0
901930325,2020,11,4,1800,Weekday,3+ Cars,No injury/unknown,FOLLOWING TOO CLOSELY,CHANDLER & SR46W,0,0
901932278,2020,12,2,0,Weekday,2-Car,No injury/unknown,SPEED TOO FAST FOR WEATHER CONDITIONS,COVENANTER DR & STRATUM,0,0
901933194,2020,12,3,700,Weekday,2-Car,No injury/unknown,FOLLOWING TOO CLOSELY,S WALNUT ST & SOUTH,0,0
901933309,2020,12,3,700,Weekday,2-Car,No injury/unknown,IMPROPER LANE USAGE,MONROE DAM RD & SR37S,0,0
901936403,2020,12,7,1600,Weekend,Cyclist,No injury/unknown,FAILURE TO YIELD RIGHT OF WAY,ANNE DR & STRAINRIDGE,0,0
901942616,2020,12,2,1400,Weekday,2-Car,No injury/unknown,OTHER (DRIVER) - EXPLAIN IN NARRATIVE,UNKNOWN ST,0,0
901943639,2020,12,6,0,Weekday,2-Car,No injury/unknown,ROADWAY SURFACE CONDITION,MELROSE AVE,0,0
901944205,2020,12,6,800,Weekday,2-Car,No injury/unknown,FAILURE TO YIELD RIGHT OF WAY,BELL & CURRY PIKE,0,0
901944394,2020,12,5,2100,Weekday,1-Car,No injury/unknown,RAN OFF ROAD RIGHT,LOSTMANS & UNIONVALLEY RD,0,0
901944451,2020,12,7,1900,Weekend,1-Car,No injury/unknown,RAN OFF ROAD RIGHT,SR37S & THAT,0,0
901944535,2020,12,5,2100,Weekday,1-Car,No injury/unknown,ROADWAY SURFACE CONDITION,2200 RUSSELL RD & COMADOR,0,0
901944551,2020,12,6,500,Weekday,1-Car,No injury/unknown,SPEED TOO FAST FOR WEATHER CONDITIONS,SMITHVILLE RD & SR37N,0,0