Master Record Number,Year,Month,Day,Hour,Weekend,Collision Type,Injury Type,Primary Factor,Reported_Location,Latitude,Longitude
901945090,2020,12,7,1800,Weekend,1-Car,No injury/unknown,ANIMAL/OBJECT IN ROADWAY,E BOLTINGHOUSE RD & OD MEYERS,0,0
901947971,2020,12,5,1600,Weekday,2-Car,No injury/unknown,OTHER (VEHICLE) - EXPLAIN IN NARRATIVE,3700 JONATHAN DR & CURRY,0,0
901948129,2020,12,4,2300,Weekday,2-Car,No injury/unknown,UNSAFE BACKING,W CHAFIN CHAPEL RD,0,0
901948255,2020,12,5,1400,Weekday,1-Car,No injury/unknown,RAN OFF ROAD RIGHT,BAYLES & BUISNESS 37 N RD,0,0
901949099,2020,12,7,1200,Weekend,2-Car,No injury/unknown,DISREGARD SIGNAL/REG SIGN,EAST TENTH & SR4546N,0,0
901949101,2020,12,6,1300,Weekday,2-Car,No injury/unknown,FOLLOWING TOO CLOSELY,SOUTHBOUND 37 OFF RAMP 48 & SR37S,0,0
901949145,2020,12,6,1300,Weekday,2-Car,No injury/unknown,DISREGARD SIGNAL/REG SIGN,ESTATE DRIVE DR & ROGERS,0,0
901949147,2020,12,6,700,Weekday,2-Car,No injury/unknown,UNSAFE LANE MOVEMENT,S CURRY PIKE,0,0
901949148,2020,12,6,1000,Weekday,1-Car,No injury/unknown,RAN OFF ROAD RIGHT,N DANIELS WAY,0,0
901949604,2020,12,7,1500,Weekend,2-Car,No injury/unknown,ROADWAY SURFACE CONDITION,SR37N,0,0
901949605,2020,12,1,1500,Weekend,1-Car,No injury/unknown,ROADWAY SURFACE CONDITION,DERRETT & NORTH SHORE DR,0,0
901950004,2020,12,4,500,Weekday,1-Car,No injury/unknown,SPEED TOO FAST FOR WEATHER CONDITIONS,DANIELS WAY & STATE ROAD 48,0,0
901950480,2020,12,2,1500,Weekday,2-Car,No injury/unknown,UNSAFE BACKING,S TIMOTHY CT & W ROSS,0,0
901950544,2020,12,2,1800,Weekday,1-Car,No injury/unknown,SPEED TOO FAST FOR WEATHER CONDITIONS,GARRISON CHAPLE ROAD RD & GIFFORD ROAD,0,0
901950854,2020,12,2,2300,Weekday,1-Car,No injury/unknown,RAN OFF ROAD RIGHT,S OAKDALE DR & W BLOOMFIELD,0,0
901861262,2020,7,3,1900,Weekday,1-Car,No injury/unknown,ANIMAL/OBJECT IN ROADWAY,PINEGROVE & SR446S,0,0
901861289,2020,7,2,1600,Weekday,2-Car,No injury/unknown,UNSAFE BACKING,PARKING LOT OF EAGLE POINT PT & POIMT,0,0
901863061,2020,7,7,1000,Weekend,1-Car,No injury/unknown,RAN OFF ROAD RIGHT,ROCKEAST RD,0,0
901863150,2020,7,1,2100,Weekday,1-Car,No injury/unknown,OTHER (DRIVER) - EXPLAIN IN NARRATIVE,COWDEN RD,0,0
901863312,2020,7,6,1800,Weekday,2-Car,No injury/unknown,UNSAFE BACKING,AIRPORT RD,0,0
901863569,2020,7,6,1200,Weekday,2-Car,No injury/unknown,WRONG WAY ON ONE WAY,FOX HOLLOW & SR37N,0,0
901863677,2020,7,2,800,Weekday,1-Car,No injury/unknown,RAN OFF ROAD RIGHT,MT GILEAD & SR45N,0,0
901863811,2020,7,2,1200,Weekday,2-Car,No injury/unknown,DISREGARD SIGNAL/REG SIGN,COLLEGE MALL RD & EASTLAND PLAZA,0,0
901864182,2020,7,7,2300,Weekend,2-Car,No injury/unknown,OTHER (DRIVER) - EXPLAIN IN NARRATIVE,7TH & WALNUT ST,0,0
901864248,2020,7,1,2300,Weekday,2-Car,Non-incapacitating,LEFT OF CENTER,OLD DUTCH & RED HILL RD,0,0
901864676,2020,7,3,1500,Weekday,2-Car,No injury/unknown,FAILURE TO YIELD RIGHT OF WAY,BLOOMFIELD & LIBERTY DR,0,0
901864895,2020,7,3,1700,Weekday,Moped/Motorcycle,Non-incapacitating,UNSAFE SPEED,DEPOT & SR46W,0,0
901865144,2020,8,4,1100,Weekday,3+ Cars,Non-incapacitating,DISREGARD SIGNAL/REG SIGN,3RD ST & INDIANA,0,0
901865336,2020,8,4,1200,Weekday,1-Car,No injury/unknown,RAN OFF ROAD RIGHT,HEDRICK & STINESVILLE RD,0,0
901865984,2020,7,3,1100,Weekday,2-Car,No injury/unknown,UNSAFE BACKING,TILSON PLACE & YONKERS RD,0,0
901866045,2020,8,6,1000,Weekday,2-Car,No injury/unknown,FOLLOWING TOO CLOSELY,3RD ST & CURRY,0,0
901866382,2020,8,6,1900,Weekend,Cyclist,Non-incapacitating,DISREGARD SIGNAL/REG SIGN,7TH ST & FAIRVIEW,0,0
901866392,2020,8,6,1700,Weekday,2-Car,No injury/unknown,DISREGARD SIGNAL/REG SIGN,45 46 & KINSER PIKE,0,0
901866398,2020,8,6,1800,Weekday,2-Car,No injury/unknown,FOLLOWING TOO CLOSELY,COLLEGE AVE & KIRKWOOD,0,0
901866428,2020,8,6,2200,Weekend,2-Car,No injury/unknown,OTHER (VEHICLE) - EXPLAIN IN NARRATIVE,3RD ST,0,0
901866453,2020,8,7,0,Weekend,2-Car,No injury/unknown,IMPROPER TURNING,ROGERS RD & SPICEWOOD,0,0
901866634,2020,8,7,1300,Weekend,2-Car,Non-incapacitating,DISREGARD SIGNAL/REG SIGN,CORY LN & THIRD,0,0
901866893,2020,8,7,1600,Weekend,2-Car,Non-incapacitating,FAILURE TO YIELD RIGHT OF WAY,3RD & LIBERTY DR,0,0
901866941,2020,8,1,1300,Weekend,2-Car,No injury/unknown,FOLLOWING TOO CLOSELY,E MOORES PIKE & S SARE,0,0
901947936,2020,12,4,2100,Weekday,2-Car,No injury/unknown,LANE MARKING OBSCURED,HARTSTRAIT & RATLIFF RD,0,0
901948396,2020,12,4,600,Weekday,1-Car,No injury/unknown,SPEED TOO FAST FOR WEATHER CONDITIONS,SR37N & VICTOR,0,0
901948630,2020,12,5,1300,Weekday,1-Car,No injury/unknown,RAN OFF ROAD RIGHT,PEDIGO BAY & VALLEY MISSION RD,0,0
901948815,2020,12,5,1800,Weekday,2-Car,No injury/unknown,OTHER (ENVIRONMENTAL) - EXPLAIN IN NARR,FALCON & GORDON PIKE,0,0
901949146,2020,12,7,1200,Weekend,1-Car,Non-incapacitating,RAN OFF ROAD RIGHT,NEHRT & ROBINSON RD,0,0
901950066,2020,12,2,500,Weekday,2-Car,No injury/unknown,DISREGARD SIGNAL/REG SIGN,WALNUT ST & WINSLOW,0,0
901950349,2020,12,2,900,Weekday,1-Car,Non-incapacitating,SPEED TOO FAST FOR WEATHER CONDITIONS,HEDRICK & SR46W,0,0
901950462,2020,12,5,1300,Weekday,2-Car,No injury/unknown,FOLLOWING TOO CLOSELY,ADAMS & BLOOMFIELD RD,0,0
901950508,2020,12,2,1700,Weekday,2-Car,No injury/unknown,FOLLOWING TOO CLOSELY,COUNTRY CLUB DR & ROGERS,0,0
901950635,2020,12,1,200,Weekend,1-Car,No injury/unknown,ANIMAL/OBJECT IN ROADWAY,SR37S & ZIKES,0,0
901950713,2020,12,2,1300,Weekday,1-Car,No injury/unknown,OVERCORRECTING/OVERSTEERING,RED OAKLN & SR446S,0,0
901951282,2020,12,2,200,Weekday,1-Car,No injury/unknown,OTHER (ENVIRONMENTAL) - EXPLAIN IN NARR,LOUDEN RD & RATLIFF,0,0
901952586,2020,12,2,700,Weekday,2-Car,No injury/unknown,UNSAFE LANE MOVEMENT,BOTTOM & SR37N,0,0
901953346,2020,12,5,1800,Weekday,2-Car,Non-incapacitating,SPEED TOO FAST FOR WEATHER CONDITIONS,GIFFORD & WOODSIDE DR,0,0
901696954,2019,9,7,1700,Weekend,2-Car,No injury/unknown,FAILURE TO YIELD RIGHT OF WAY,COLLEGE MALL RD & EASTLAND LAND PLAZA,40.51038334,-88.95539078
901727237,2019,11,3,1100,Weekday,2-Car,No injury/unknown,IMPROPER LANE USAGE,COLLEGE MALL RD & EAST DRIVE EASTLAND PLAZA,40.51038334,-88.95539078
901703558,2019,10,5,1500,Weekday,2-Car,No injury/unknown,LEFT OF CENTER,W RILEY DR,40.491821,-88.959213
901675232,2019,8,4,1700,Weekday,2-Car,Incapacitating,DISREGARD SIGNAL/REG SIGN,SOUTH WALNUT & SR37,40.3683484,-86.8247366
901691741,2019,9,4,1100,Weekday,2-Car,Incapacitating,FOLLOWING TOO CLOSELY,CEDAR BLUFF RD & OLD STATE ROAD 37 RD,39.99085376,-86.54117
901751433,2019,12,3,1300,Weekday,1-Car,No injury/unknown,OTHER (ENVIRONMENTAL) - EXPLAIN IN NARR,STINE ST,39.52667999,-87.093544
901586719,2019,2,1,2300,Weekday,1-Car,No injury/unknown,ANIMAL/OBJECT IN ROADWAY,AIRPORT & ENDWRIGHT RD,39.50660092,-86.59632117
901741690,2019,12,6,1600,Weekday,2-Car,Non-incapacitating,DRIVER DISTRACTED - EXPLAIN IN NARRATIVE,SR37S & TAPP,39.45379834,-86.5731997
901729285,2019,11,7,300,Weekend,1-Car,Non-incapacitating,UNSAFE SPEED,NORTH MAPLE GROVE RD & STANTON,39.4259468,-86.56154014
901588645,2019,2,5,700,Weekday,1-Car,No injury/unknown,ANIMAL/OBJECT IN ROADWAY,SR37N & WYLIE,39.41041946,-86.52922139
901569954,2019,1,3,2000,Weekday,2-Car,No injury/unknown,ROADWAY SURFACE CONDITION,CROSSOVER ROAD & SR37S,39.40391508,-86.51840237
901585149,2019,2,7,1000,Weekend,1-Car,No injury/unknown,SPEED TOO FAST FOR WEATHER CONDITIONS,MT GILEAD & SR45E,39.38963331,-86.42414576
901568059,2019,1,6,2000,Weekend,1-Car,Non-incapacitating,SPEED TOO FAST FOR WEATHER CONDITIONS,BURMA & SR37,39.36715793,-86.51169512
901728213,2019,11,4,1200,Weekday,2-Car,No injury/unknown,SEVERE CROSSWINDS,BRYANTS CREEK & SR37N,39.34986026,-86.51242017
901657887,2019,7,7,100,Weekend,1-Car,Non-incapacitating,OTHER (DRIVER) - EXPLAIN IN NARRATIVE,MOON RD,39.34072834,-86.65174484
901569382,2019,1,3,1000,Weekday,1-Car,No injury/unknown,SPEED TOO FAST FOR WEATHER CONDITIONS,COOKSEY & SR37S,39.3388297,-86.50937286
901661753,2019,7,4,1900,Weekday,1-Car,No injury/unknown,RAN OFF ROAD RIGHT,S BRIGHTON & W WAMPLER RD,39.33448,-86.614368
901728531,2019,11,5,1600,Weekday,1-Car,No injury/unknown,RAN OFF ROAD RIGHT,BRYANTS & SR37,39.33393002,-86.51242017
901575763,2019,1,5,1200,Weekday,Pedestrian,Incapacitating,SPEED TOO FAST FOR WEATHER CONDITIONS,BRYANTS CREEK & SR37N,39.33333355,-86.51329012
901589392,2019,2,6,800,Weekday,1-Car,Non-incapacitating,SPEED TOO FAST FOR WEATHER CONDITIONS,COUNTY LINE RD & WILLIAMS,39.32548404,-86.6864419
901635467,2019,5,7,1000,Weekend,3+ Cars,No injury/unknown,UNSAFE BACKING,BRYANTS CREEK & OLD SR 37 HWY,39.3212,-86.48072
901688766,2019,9,5,1300,Weekday,2-Car,Non-incapacitating,LEFT OF CENTER,HWY 37 SOUTH & S OLD ST RD 37 RD,39.32106,-86.48081
901645510,2019,6,5,1700,Weekday,2-Car,No injury/unknown,UNSAFE LANE MOVEMENT,BURMA & SR37N,39.31968099,-86.51067443
901612203,2019,4,6,500,Weekday,1-Car,No injury/unknown,ANIMAL/OBJECT IN ROADWAY,BURMA & SR37N,39.31831096,-86.51055935
901567557,2019,1,6,1400,Weekday,2-Car,No injury/unknown,OTHER (ENVIRONMENTAL) - EXPLAIN IN NARR,CHAMBERS & SR37N,39.31734664,-86.51169016
901567569,2019,1,6,1400,Weekday,2-Car,No injury/unknown,OTHER (ENVIRONMENTAL) - EXPLAIN IN NARR,CHAMBERS & SR37N,39.31734664,-86.51169016
901729921,2019,11,6,500,Weekday,1-Car,No injury/unknown,ANIMAL/OBJECT IN ROADWAY,BURMA & SR37N,39.31561299,-86.51117113
901677849,2019,8,4,1000,Weekday,1-Car,Non-incapacitating,RAN OFF ROAD RIGHT,BURMA & SR37N,39.3145402,-86.51147583
901566660,2019,1,6,1300,Weekday,1-Car,No injury/unknown,SPEED TOO FAST FOR WEATHER CONDITIONS,BURMA & SR37N,39.314272,-86.511552
901697285,2019,9,1,0,Weekend,2-Car,No injury/unknown,RAN OFF ROAD RIGHT,SR37 & WEST BURMA RD,39.314272,-86.511552
901633528,2019,5,2,2100,Weekday,1-Car,No injury/unknown,ANIMAL/OBJECT IN ROADWAY,SR37N & W BURMA,39.31400279,-86.511622
901571705,2019,1,6,1300,Weekday,1-Car,Incapacitating,RAN OFF ROAD RIGHT,BOTTOM ROAD & MOUNT TABOR ROAD RD,39.310944,-86.633184
901727995,2019,11,4,1700,Weekday,1-Car,Non-incapacitating,ANIMAL/OBJECT IN ROADWAY,TEXAS RIDGE & WOLF MOUNTAIN RD,39.31089221,-86.65668011
901616128,2019,4,1,1600,Weekend,2-Car,No injury/unknown,OTHER (DRIVER) - EXPLAIN IN NARRATIVE,FARR RD & FISH,39.30673,-86.47693972
901634276,2019,5,4,2100,Weekday,1-Car,No injury/unknown,ANIMAL/OBJECT IN ROADWAY,N MT TABOR RD & N TABOR HILL,39.30584,-86.631008
901653357,2019,6,7,300,Weekend,1-Car,Non-incapacitating,SPEED TOO FAST FOR WEATHER CONDITIONS,E CHAMBERS & N OLD STATE ROAD 37 HWY,39.305712,-86.486608
901675960,2019,8,7,1800,Weekend,1-Car,No injury/unknown,RAN OFF ROAD RIGHT,E CHAMBERS PIKE & SR37N,39.30403671,-86.51659464
901717136,2019,10,1,600,Weekend,1-Car,No injury/unknown,ANIMAL/OBJECT IN ROADWAY,CHAMBERS & SR37N,39.30403671,-86.51668116
901669136,2019,7,6,1800,Weekday,1-Car,No injury/unknown,OVERCORRECTING/OVERSTEERING,CROSSOVER & SR37N,39.3031162,-86.51840237
901593732,2019,2,7,600,Weekend,1-Car,Non-incapacitating,OTHER (DRIVER) - EXPLAIN IN NARRATIVE,329 DITTEMORE RD & CROSSOVER,39.30239747,-86.51856628
901575801,2019,1,5,0,Weekday,1-Car,Non-incapacitating,SPEED TOO FAST FOR WEATHER CONDITIONS,BRYANTS CREEK & SR37N,39.30207196,-86.51238497
901597965,2019,2,5,1500,Weekday,2-Car,No injury/unknown,UNSAFE LANE MOVEMENT,FOXHOLLOW & SR37N,39.30043495,-86.51891463
901632168,2019,5,5,1600,Weekday,2-Car,Non-incapacitating,FAILURE TO YIELD RIGHT OF WAY,STINESVILLE RD,39.296976,-86.658576
901709786,2019,10,2,2000,Weekday,1-Car,Non-incapacitating,RAN OFF ROAD RIGHT,MOUNT CARMEL & STINESVILLE RD,39.29577725,-86.65953753
901567889,2019,1,6,1300,Weekday,1-Car,No injury/unknown,ROADWAY SURFACE CONDITION,CROSSOVER & SR37N,39.292718,-86.51840237
901716813,2019,10,7,1600,Weekend,2-Car,Non-incapacitating,UNSAFE SPEED,GOURLEY & OLD SR N 37 RD,39.29097999,-86.53521
901752618,2019,12,5,2000,Weekday,2-Car,No injury/unknown,LEFT OF CENTER,BOTTOM & WOODALL RD,39.28924335,-86.57655438
901699960,2019,9,5,1100,Weekday,1-Car,No injury/unknown,ANIMAL/OBJECT IN ROADWAY,FOX HOLLOW & SR37N,39.28858226,-86.51866137
901572041,2019,1,5,1900,Weekday,1-Car,No injury/unknown,RAN OFF ROAD RIGHT,BOTTOM & WOODALL RD,39.28813201,-86.57759672
901753138,2019,12,6,1500,Weekday,1-Car,No injury/unknown,RAN OFF ROAD RIGHT,FOX HOLLOW & SR37N,39.287808,-86.519024
901584834,2019,2,7,1200,Weekend,1-Car,No injury/unknown,ROADWAY SURFACE CONDITION,FOX HOLLOW & SR37N,39.28634016,-86.51998784
901575890,2019,1,5,1500,Weekday,1-Car,No injury/unknown,RAN OFF ROAD RIGHT,BOTTOM & SR37S,39.28585103,-86.54219875
901634104,2019,5,3,1600,Weekday,2-Car,No injury/unknown,FOLLOWING TOO CLOSELY,N PURCELL & SR37N,39.28565093,-86.52758897
901598234,2019,2,7,900,Weekend,1-Car,Fatal,UNSAFE SPEED,DUXBURY & SR37N,39.28183228,-86.52258039
901575606,2019,1,5,800,Weekday,1-Car,No injury/unknown,ROADWAY SURFACE CONDITION,NEWT FULFORD RD & OLD SR 37 NORTH,39.28139481,-86.49578712
901662651,2019,7,6,1300,Weekday,1-Car,Non-incapacitating,RAN OFF ROAD RIGHT,SR37N & WINERY,39.28040426,-86.52269173
901602970,2019,2,6,900,Weekday,2-Car,No injury/unknown,SPEED TOO FAST FOR WEATHER CONDITIONS,HENDRICKS & STINESVILLE RD,39.28037081,-86.66297393
901730621,2019,11,2,1700,Weekday,1-Car,No injury/unknown,ANIMAL/OBJECT IN ROADWAY,SIMPSON CHAPEL & SR37N,39.27913436,-86.52306942
901670906,2019,8,4,500,Weekday,Moped/Motorcycle,Incapacitating,ANIMAL/OBJECT IN ROADWAY,HEDRICK & STINESVILLE RD,39.27899761,-86.66295586
901750001,2019,12,7,2000,Weekend,1-Car,Non-incapacitating,RAN OFF ROAD RIGHT,HEDRICK & SR46W,39.27735598,-86.67709708
901717145,2019,10,1,0,Weekend,1-Car,No injury/unknown,ANIMAL/OBJECT IN ROADWAY,CROSSOVER & SR37N,39.27659018,-86.51840237
901640621,2019,5,3,800,Weekday,3+ Cars,Non-incapacitating,UNSAFE SPEED,HEDRICK & SR46E,39.27575308,-86.67573452
901697124,2019,9,6,2300,Weekend,2-Car,No injury/unknown,OTHER (DRIVER) - EXPLAIN IN NARRATIVE,7TH & N SUNRISE DR,39.27428503,-86.51242
901681855,2019,8,2,600,Weekday,2-Car,No injury/unknown,OTHER (DRIVER) - EXPLAIN IN NARRATIVE,17TH & 701 EAST 17TH (NORTH DRIVE) ST,39.27413636,-86.53351758
901624603,2019,4,5,1500,Weekday,1-Car,No injury/unknown,UNSAFE BACKING,SAIDAH RD,39.27404877,-86.5263049
901723703,2019,11,4,400,Weekday,1-Car,No injury/unknown,RAN OFF ROAD RIGHT,BARR & MT TABOR RD,39.273888,-86.621456
901617356,2019,4,4,0,Weekday,1-Car,No injury/unknown,RAN OFF ROAD RIGHT,STATE ROAD 37 BUSINESS,39.27168,-86.522992
901567258,2019,1,6,1300,Weekday,1-Car,Non-incapacitating,SPEED TOO FAST FOR WEATHER CONDITIONS,CROSSOVER & SR37N,39.27128497,-86.51840237
901616113,2019,4,1,1500,Weekend,1-Car,No injury/unknown,ENGINE FAILURE OR DEFECTIVE,N STATE ROAD 37 HWY,39.27037,-86.522749
901660774,2019,7,6,1500,Weekday,1-Car,No injury/unknown,OTHER (VEHICLE) - EXPLAIN IN NARRATIVE,SR46W & STINESVILLE,39.26884344,-86.66789
901646059,2019,6,7,0,Weekend,1-Car,No injury/unknown,ANIMAL/OBJECT IN ROADWAY,SR46W & STINESVILLE,39.26779516,-86.66674898
901751835,2019,12,3,1100,Weekday,1-Car,No injury/unknown,RAN OFF ROAD RIGHT,SAMPLE & SR37N,39.26753244,-86.5228128
901752227,2019,12,3,1100,Weekday,1-Car,No injury/unknown,RAN OFF ROAD RIGHT,SAMPLE & SR37N,39.26753244,-86.5228128
901676427,2019,8,2,500,Weekday,Moped/Motorcycle,Non-incapacitating,ANIMAL/OBJECT IN ROADWAY,SR46W & STINESVILLE,39.26716926,-86.66605959
901739866,2019,12,2,1600,Weekday,2-Car,No injury/unknown,FAILURE TO YIELD RIGHT OF WAY,COWDEN & MT TABOR RD,39.266864,-86.620704
901582188,2019,1,2,1500,Weekday,2-Car,No injury/unknown,FAILURE TO YIELD RIGHT OF WAY,SR46W & STINESVILLE,39.266752,-86.6656
901638961,2019,5,6,1600,Weekday,2-Car,No injury/unknown,FAILURE TO YIELD RIGHT OF WAY,SR46W & STINESVILLE,39.266752,-86.6656
901713203,2019,10,7,2100,Weekend,1-Car,No injury/unknown,ANIMAL/OBJECT IN ROADWAY,SAMPLE & SR37N,39.26657173,-86.52277024
901615117,2019,4,6,800,Weekday,2-Car,No injury/unknown,DRIVER DISTRACTED - EXPLAIN IN NARRATIVE,SR46E & STINESVILLE RD,39.26656091,-86.66541545
901581004,2019,1,6,1800,Weekday,1-Car,No injury/unknown,FOLLOWING TOO CLOSELY,SAMPLE & SR37N,39.26643449,-86.52276416
901693438,2019,9,7,200,Weekend,1-Car,Non-incapacitating,RAN OFF ROAD RIGHT,SR46W & STINESVILLE,39.26631271,-86.66517575
901581605,2019,1,5,400,Weekday,1-Car,No injury/unknown,ROADWAY SURFACE CONDITION,ANDERSON RD & N OLD SR37,39.2659,-86.50196325
901740227,2019,12,3,1600,Weekday,1-Car,Non-incapacitating,RAN OFF ROAD RIGHT,BOTTOM & SR37S,39.26455844,-86.54191978
901667117,2019,7,1,1600,Weekend,3+ Cars,Non-incapacitating,SPEED TOO FAST FOR WEATHER CONDITIONS,SR37N & WAYPORT,39.26439673,-86.52268903
901582888,2019,2,3,2000,Weekday,1-Car,No injury/unknown,RAN OFF ROAD RIGHT,LEE PAUL & SR37N,39.26366078,-86.52088856
901721009,2019,11,7,1700,Weekend,2-Car,No injury/unknown,FAILURE TO YIELD RIGHT OF WAY,SR37S & WAYPORT,39.26305216,-86.52252097
901593565,2019,2,6,1300,Weekday,2-Car,Non-incapacitating,FAILURE TO YIELD RIGHT OF WAY,SR37N & WAYPORT,39.263024,-86.52264
901600094,2019,3,4,1600,Weekday,2-Car,No injury/unknown,FAILURE TO YIELD RIGHT OF WAY,37 & SR37S,39.263024,-86.52264
901615685,2019,4,1,1100,Weekend,2-Car,No injury/unknown,FAILURE TO YIELD RIGHT OF WAY,SR37N & WAYPORT,39.263024,-86.52264
901649928,2019,6,7,1500,Weekend,2-Car,No injury/unknown,FAILURE TO YIELD RIGHT OF WAY,SR37S & WAYPORT ROAD,39.263024,-86.52264
901666710,2019,7,1,1000,Weekend,2-Car,Fatal,FAILURE TO YIELD RIGHT OF WAY,SR37N & WAYPORT,39.263024,-86.52264
901623694,2019,4,4,100,Weekday,1-Car,No injury/unknown,ANIMAL/OBJECT IN ROADWAY,SR37N & WAYPORT,39.2623377,-86.52261255
901726249,2019,11,7,1600,Weekend,1-Car,No injury/unknown,RAN OFF ROAD RIGHT,SR37N & WAYPORT,39.26220126,-86.52261598
901751186,2019,12,3,1300,Weekday,1-Car,No injury/unknown,RAN OFF ROAD RIGHT,BURMA & SR37,39.26132574,-86.51236988
901708607,2019,10,7,300,Weekend,1-Car,No injury/unknown,ANIMAL/OBJECT IN ROADWAY,SR37N & WAYPORT,39.26041222,-86.52349167
901580274,2019,1,6,1900,Weekend,1-Car,No injury/unknown,RAN OFF ROAD RIGHT,CHAFIN CHAPEL RD & RODEO,39.259776,-86.645216
901705593,2019,10,2,1700,Weekday,1-Car,No injury/unknown,UNSAFE BACKING,COWDEN RDS,39.25915271,-86.60196974
901668587,2019,7,5,1400,Weekday,2-Car,No injury/unknown,UNSAFE BACKING,E SAMPLE RD & OLD SR 37,39.25864,-86.5012
901568860,2019,1,2,1500,Weekday,2-Car,No injury/unknown,UNSAFE BACKING,WAYPORT RD,39.258336,-86.523037
901715404,2019,10,5,600,Weekday,Pedestrian,Non-incapacitating,OTHER (DRIVER) - EXPLAIN IN NARRATIVE,E MILLER DR,39.255568,-86.469632
901684026,2019,8,2,1900,Weekday,1-Car,No injury/unknown,OVERCORRECTING/OVERSTEERING,FLATWOODS & SR46W,39.25373018,-86.6545366
901693665,2019,9,7,1400,Weekend,1-Car,No injury/unknown,ACCELERATOR FAILURE OR DEFECTIVE,COWDEN RD & DELAP,39.25371,-86.59236
901684053,2019,8,1,600,Weekend,1-Car,Non-incapacitating,ANIMAL/OBJECT IN ROADWAY,COUNTY LINE & FLATWOODS RD,39.25264,-86.684096
901584853,2019,2,7,900,Weekend,2-Car,Non-incapacitating,ROADWAY SURFACE CONDITION,FLATWOODS & SR46W,39.252448,-86.653904
901602971,2019,3,3,1200,Weekday,2-Car,Incapacitating,OTHER (DRIVER) - EXPLAIN IN NARRATIVE,DELAP & MT TABOR RD,39.252336,-86.620512
901621903,2019,4,7,900,Weekend,1-Car,Non-incapacitating,OTHER (DRIVER) - EXPLAIN IN NARRATIVE,FLATWOODS & SR46W,39.25213753,-86.6535557
901608193,2019,3,2,1500,Weekday,1-Car,Non-incapacitating,RAN OFF ROAD RIGHT,DELAP & UNIONVALLEY RD,39.251904,-86.592816
901657873,2019,7,3,400,Weekday,1-Car,Non-incapacitating,UNSAFE SPEED,N UNION VALLEY & W DELAP RD,39.251904,-86.592816
901712498,2019,10,5,2000,Weekday,1-Car,No injury/unknown,ANIMAL/OBJECT IN ROADWAY,SR37 & WYLIE RD,39.251648,-86.529056
901672672,2019,8,7,600,Weekend,2-Car,No injury/unknown,OTHER (VEHICLE) - EXPLAIN IN NARRATIVE,N MAPLE GROVE RD & W MAPLE GROVE,39.251632,-86.566448
901712958,2019,10,6,1700,Weekday,1-Car,No injury/unknown,RAN OFF ROAD RIGHT,SHUFFLE CREEK RD & SOUTH SHORE,39.251536,-86.400816
901740748,2019,12,5,800,Weekday,2-Car,Non-incapacitating,FAILURE TO YIELD RIGHT OF WAY,FLATWOODS & SR46W,39.25141308,-86.652743
901679624,2019,8,1,1300,Weekend,1-Car,No injury/unknown,RAN OFF ROAD RIGHT,SHUFFLE CREEK RD RD & SOUTHSHORE DRIVE,39.25137028,-86.40089996
901653119,2019,6,7,1700,Weekend,1-Car,Non-incapacitating,OTHER (DRIVER) - EXPLAIN IN NARRATIVE,NORTH SHORE DR & RICHARDSON,39.25128,-86.388368
901571937,2019,1,6,1000,Weekday,1-Car,No injury/unknown,DRIVER ILLNESS,SR46W,39.2512,-86.652504
901647296,2019,6,7,1600,Weekend,2-Car,No injury/unknown,FAILURE TO YIELD RIGHT OF WAY,W STATE ROAD 45 BYP,39.2512,-86.652504
901665950,2019,7,6,1800,Weekday,1-Car,No injury/unknown,OTHER (DRIVER) - EXPLAIN IN NARRATIVE,W SR46 HWY,39.2512,-86.652504
901683416,2019,8,4,1600,Weekday,2-Car,No injury/unknown,UNSAFE BACKING,W SR46 HWY,39.2512,-86.652504
901733071,2019,11,6,2000,Weekend,2-Car,No injury/unknown,FOLLOWING TOO CLOSELY,STATE ROAD 46 RD,39.2512,-86.652504
901734544,2019,11,2,1500,Weekday,2-Car,No injury/unknown,UNSAFE BACKING,SR46 WEST HWY,39.2512,-86.652504
901697344,2019,9,7,500,Weekend,1-Car,No injury/unknown,OTHER (DRIVER) - EXPLAIN IN NARRATIVE,ROBINSON RD & WILLSAMER,39.2509599,-86.46768026
901567400,2019,1,7,1300,Weekend,2-Car,Non-incapacitating,DISREGARD SIGNAL/REG SIGN,SR37N & WALNUT ST,39.250688,-86.529744
901723680,2019,11,5,300,Weekday,1-Car,No injury/unknown,ANIMAL/OBJECT IN ROADWAY,FLATWOODS & SR46W,39.25037815,-86.65158204
901598576,2019,2,2,700,Weekday,1-Car,No injury/unknown,OTHER (DRIVER) - EXPLAIN IN NARRATIVE,GOOSE HOLLOW & TUNNEL RD,39.24957511,-86.42069774
901732962,2019,11,5,1700,Weekday,1-Car,No injury/unknown,ANIMAL/OBJECT IN ROADWAY,FLATWOODS & SR46W,39.24949408,-86.65024812
901622842,2019,4,3,2100,Weekday,1-Car,No injury/unknown,ANIMAL/OBJECT IN ROADWAY,GOOSE HOLLOW & TUNNEL RD,39.24889361,-86.42153288
901628791,2019,4,3,1800,Weekday,1-Car,No injury/unknown,ANIMAL/OBJECT IN ROADWAY,FLATWOODS & SR46W,39.24793707,-86.64733819
901672665,2019,8,7,400,Weekend,1-Car,No injury/unknown,RAN OFF ROAD RIGHT,N MAPLE GROVE RD & W MAPLE GROVE,39.24744,-86.547792
901743554,2019,12,3,600,Weekday,1-Car,No injury/unknown,SPEED TOO FAST FOR WEATHER CONDITIONS,BOTTOM & MAPLE GROVE RD,39.24744,-86.547792
901670734,2019,8,2,600,Weekday,1-Car,No injury/unknown,ANIMAL/OBJECT IN ROADWAY,RED HILL RD & SR46E,39.24706328,-86.64570525
901715667,2019,10,7,1000,Weekend,1-Car,No injury/unknown,RAN OFF ROAD RIGHT,ROBIINSON RD,39.246426,-86.48298
901752915,2019,12,6,1300,Weekday,1-Car,Non-incapacitating,SPEED TOO FAST FOR WEATHER CONDITIONS,6776 N TUNNEL RD & SHILO,39.246208,-86.431904