Master Record Number,Year,Month,Day,Hour,Weekend,Collision Type,Injury Type,Primary Factor,Reported_Location,Latitude,Longitude
901565108,2019,1,3,700,Weekday,2-Car,No injury/unknown,FAILURE TO YIELD RIGHT OF WAY,REDHILL & SR46W,39.24568299,-86.63668392
901633203,2019,5,1,1700,Weekend,2-Car,No injury/unknown,FOLLOWING TOO CLOSELY,N REDHILL & SR46W,39.24568299,-86.63672724
901638875,2019,5,4,400,Weekday,2-Car,No injury/unknown,DISREGARD SIGNAL/REG SIGN,REDHILL & SR46W,39.24568299,-86.63670124
901732636,2019,11,6,1100,Weekday,1-Car,No injury/unknown,RAN OFF ROAD RIGHT,RHINESTONE DR,39.24557816,-86.60837452
901707602,2019,10,5,200,Weekday,1-Car,No injury/unknown,ROADWAY SURFACE CONDITION,MAPLE GROVE & N MATTHEWS RD,39.245408,-86.6204
901751580,2019,12,3,1100,Weekday,2-Car,Non-incapacitating,LEFT OF CENTER,MAPLE GROVE RD & MATTHEWS DRIVE ST,39.245408,-86.6204
901642883,2019,6,4,1100,Weekday,1-Car,No injury/unknown,OTHER (ENVIRONMENTAL) - EXPLAIN IN NARR,MAPLE GROVE RD & MATHWS,39.24534,-86.62044334
901638490,2019,5,4,1300,Weekday,2-Car,Non-incapacitating,FAILURE TO YIELD RIGHT OF WAY,SMITH PIKE & WOODYARD,39.24354736,-86.58311
901623973,2019,4,5,800,Weekday,2-Car,No injury/unknown,DRIVER DISTRACTED - EXPLAIN IN NARRATIVE,SMITH PIKE & WOOLDYARD,39.24353902,-86.58309109
901577682,2019,1,1,0,Weekend,1-Car,Non-incapacitating,OVERCORRECTING/OVERSTEERING,SHUFFLE CREEK RD & SR45,39.24154266,-86.40646483
901635532,2019,5,7,100,Weekend,1-Car,No injury/unknown,ANIMAL/OBJECT IN ROADWAY,RIDGESPRINGS & SR46W,39.24095991,-86.6321047
901601701,2019,3,2,0,Weekday,1-Car,Non-incapacitating,RAN OFF ROAD RIGHT,ROBINSON RD & TUNNEL,39.24065354,-86.43981986
901668200,2019,7,4,1200,Weekday,1-Car,No injury/unknown,RAN OFF ROAD RIGHT,ROBINSON RD & TUNNEL,39.24064407,-86.43734756
901576965,2019,1,6,1900,Weekend,1-Car,No injury/unknown,RAN OFF ROAD RIGHT,E ROBINSON & N TUNNEL RD,39.24064,-86.436288
901643168,2019,6,7,1800,Weekend,1-Car,No injury/unknown,UNSAFE SPEED,RICHARDSON & SR45E,39.24051394,-86.38485993
901707651,2019,10,5,700,Weekday,1-Car,No injury/unknown,OVERCORRECTING/OVERSTEERING,BOLTINGHOUSE RD & OLD 37,39.23974,-86.49909725
901745685,2019,12,6,1900,Weekend,2-Car,No injury/unknown,IMPROPER LANE USAGE,BOLTINGHOUSE RD & OLD STATE ROAD 37,39.23905806,-86.49578006
901712954,2019,10,7,2200,Weekend,2-Car,No injury/unknown,OTHER (DRIVER) - EXPLAIN IN NARRATIVE,MAIN & TEMPERANCE ST,39.238848,-86.630096
901721048,2019,11,7,1800,Weekend,2-Car,No injury/unknown,DRIVER DISTRACTED - EXPLAIN IN NARRATIVE,MAIN ST & W TEMPERANCE,39.238848,-86.630096
901624745,2019,4,4,2300,Weekday,1-Car,No injury/unknown,RAN OFF ROAD RIGHT,RIDGE SPRINGS LN & SYCAMORE,39.238624,-86.640096
901677662,2019,8,4,900,Weekday,2-Car,Incapacitating,UNSAFE SPEED,GOURLEY & NORTH OLD STATE ROAD 37 RD,39.23807999,-86.53521
901719452,2019,11,3,700,Weekday,1-Car,Non-incapacitating,UNSAFE SPEED,RICHARDSON & SR45E,39.23801785,-86.37323206
901640294,2019,5,3,700,Weekday,2-Car,Non-incapacitating,FAILURE TO YIELD RIGHT OF WAY,MCNEELEY ST & RIDGEWAY,39.23765,-86.60692
901701763,2019,10,2,1400,Weekday,1-Car,Non-incapacitating,RAN OFF ROAD RIGHT,UNION VALLEY RD & W MCNEELY,39.23750514,-86.59280598
901663441,2019,7,7,1000,Weekend,2-Car,No injury/unknown,DRIVER DISTRACTED - EXPLAIN IN NARRATIVE,MCNEALEY ST & UNION VALLEY,39.23749991,-86.59277983
901672722,2019,8,6,800,Weekday,2-Car,No injury/unknown,ANIMAL/OBJECT IN ROADWAY,MEL CURRIE RDS & N SHOWERS,39.237248,-86.528896
901687557,2019,9,6,1200,Weekday,1-Car,No injury/unknown,RAN OFF ROAD RIGHT,2900 MEL CURRY RD & OLD STATE RD 37,39.23704,-86.5016
901585559,2019,2,1,200,Weekend,2-Car,No injury/unknown,SPEED TOO FAST FOR WEATHER CONDITIONS,E MEL CURRIE RD,39.2370189,-86.50500154
901730501,2019,11,1,2100,Weekday,1-Car,No injury/unknown,SPEED TOO FAST FOR WEATHER CONDITIONS,GILMORE & REEVES RD,39.236997,-86.67145853
901600511,2019,2,7,2000,Weekend,2-Car,No injury/unknown,FAILURE TO YIELD RIGHT OF WAY,MAIN ST & MATTHEWS,39.236096,-86.625168
901642014,2019,6,5,1600,Weekday,2-Car,Non-incapacitating,DISREGARD SIGNAL/REG SIGN,MAIN ST & MATTHEWS,39.236096,-86.625168
901617996,2019,4,4,1600,Weekday,2-Car,No injury/unknown,FAILURE TO YIELD RIGHT OF WAY,E BETHEL & N ROBS LN,39.235996,-86.46801
901578023,2019,1,7,1000,Weekend,2-Car,Non-incapacitating,FAILURE TO YIELD RIGHT OF WAY,MAIN ST & MATTEWS,39.23598071,-86.62501479
901685025,2019,8,2,1700,Weekday,2-Car,No injury/unknown,FAILURE TO YIELD RIGHT OF WAY,MAIN ST & MATTEWS,39.23598071,-86.62501479
901704656,2019,10,6,500,Weekday,1-Car,No injury/unknown,RAN OFF ROAD RIGHT,RICHARDSON & SR45E,39.23563868,-86.39085808
901705165,2019,10,6,500,Weekday,1-Car,No injury/unknown,RAN OFF ROAD RIGHT,RICHARDSON & SR45E,39.23563868,-86.39085808
901627760,2019,5,5,700,Weekday,2-Car,No injury/unknown,FAILURE TO YIELD RIGHT OF WAY,SALE ST & SALE ST ST,39.234944,-86.623392
901674733,2019,8,4,1800,Weekday,Moped/Motorcycle,Non-incapacitating,DISREGARD SIGNAL/REG SIGN,MATTHEWS & SR46E,39.234768,-86.626384
901679205,2019,8,4,1700,Weekday,2-Car,No injury/unknown,FAILURE TO YIELD RIGHT OF WAY,MATTHEWS & SR46W,39.234768,-86.626384
901682124,2019,8,5,1700,Weekday,2-Car,No injury/unknown,FOLLOWING TOO CLOSELY,MATTHEWS & SR46W,39.234768,-86.626384
901691855,2019,9,4,1300,Weekday,2-Car,Non-incapacitating,DISREGARD SIGNAL/REG SIGN,46 & MATTHEWS DR,39.234768,-86.626384
901699602,2019,9,4,1100,Weekday,1-Car,No injury/unknown,OTHER (VEHICLE) - EXPLAIN IN NARRATIVE,46 & SALE ST,39.23414396,-86.62434641
901628842,2019,5,7,1600,Weekend,2-Car,No injury/unknown,FAILURE TO YIELD RIGHT OF WAY,SALE & SR46W,39.23402598,-86.62517669
901661563,2019,7,4,900,Weekday,2-Car,No injury/unknown,ACCELERATOR FAILURE OR DEFECTIVE,W TEMPERANCE ST,39.23384776,-86.62472372
901585467,2019,2,7,1100,Weekend,2-Car,No injury/unknown,FAILURE TO YIELD RIGHT OF WAY,SALE & SR46E,39.23384,-86.624704
901593246,2019,2,6,1200,Weekday,2-Car,No injury/unknown,FAILURE TO YIELD RIGHT OF WAY,SALE & SR46E,39.23384,-86.624704
901593358,2019,2,6,1600,Weekday,2-Car,No injury/unknown,FOLLOWING TOO CLOSELY,SALE & SR46W,39.23384,-86.624704
901646261,2019,6,7,1700,Weekend,2-Car,No injury/unknown,UNSAFE LANE MOVEMENT,SALE & SR46W,39.23384,-86.624704
901611866,2019,3,5,700,Weekday,3+ Cars,No injury/unknown,FAILURE TO YIELD RIGHT OF WAY,SALES & SR46W,39.23374723,-86.62467328
901700252,2019,9,6,1200,Weekday,2-Car,Non-incapacitating,DISREGARD SIGNAL/REG SIGN,SALE & SR46W,39.23374723,-86.62467328
901720749,2019,10,2,800,Weekday,2-Car,No injury/unknown,FAILURE TO YIELD RIGHT OF WAY,SALE & SR46W,39.23374723,-86.62467328
901709464,2019,10,6,2000,Weekend,1-Car,No injury/unknown,OTHER (DRIVER) - EXPLAIN IN NARRATIVE,LANTERN & TURTLEBACK CREEK RD,39.23363022,-86.61876
901632333,2019,5,5,1600,Weekday,1-Car,No injury/unknown,RAN OFF ROAD RIGHT,5TH ST & TEMPERANCE,39.23352,-86.62424
901659953,2019,7,7,1800,Weekend,2-Car,No injury/unknown,IMPROPER TURNING,5TH ST & WEST TEMPERANCE,39.23352,-86.62424
901723752,2019,11,3,700,Weekday,1-Car,No injury/unknown,OTHER (DRIVER) - EXPLAIN IN NARRATIVE,ASSOCIATION ST & SALE,39.23342589,-86.62612219
901607573,2019,3,6,2200,Weekend,1-Car,No injury/unknown,RAN OFF ROAD RIGHT,614 W ASSOCIATION & SALE,39.23317,-86.62559
901633240,2019,5,2,1700,Weekday,2-Car,No injury/unknown,FOLLOWING TOO CLOSELY,MATTHEWS & SR46W,39.23308732,-86.62363063
901635262,2019,5,6,2100,Weekend,1-Car,No injury/unknown,ANIMAL/OBJECT IN ROADWAY,N BOTTOM & SR37N,39.23288663,-86.54219875
901567490,2019,1,7,1700,Weekend,2-Car,No injury/unknown,FOLLOWING TOO CLOSELY,SR37S & SR45W,39.232688,-86.623056
901665974,2019,7,7,0,Weekend,2-Car,No injury/unknown,UNSAFE BACKING,CLOVER LN & MEADOWLANDS,39.23266,-86.61114866
901660605,2019,7,2,1700,Weekday,2-Car,No injury/unknown,FAILURE TO YIELD RIGHT OF WAY,SR46W & THIRD,39.23254854,-86.62304087
901691477,2019,9,3,0,Weekday,2-Car,No injury/unknown,IMPROPER TURNING,N WALNUT ST,39.232544,-86.540704
901731302,2019,11,3,1500,Weekday,2-Car,No injury/unknown,VIEW OBSTRUCTED,2ND & W VINE ST,39.232352,-86.621904
901608304,2019,3,3,300,Weekday,Moped/Motorcycle,Incapacitating,ANIMAL/OBJECT IN ROADWAY,DAISY DR & WILDFLOWER,39.23176,-86.60599
901697098,2019,9,7,800,Weekend,2-Car,Non-incapacitating,UNSAFE SPEED,FOX HOLLOW & SR37N,39.23169718,-86.51891463
901576534,2019,1,6,1400,Weekday,1-Car,No injury/unknown,RAN OFF ROAD RIGHT,GILMORE RD & REEVES,39.23168861,-86.67482678
901595944,2019,2,4,700,Weekday,2-Car,No injury/unknown,FAILURE TO YIELD RIGHT OF WAY,1ST & SR46W,39.23144,-86.621296
901565098,2019,1,4,700,Weekday,2-Car,No injury/unknown,FOLLOWING TOO CLOSELY,REEVES RD & SYCAMORE,39.23134596,-86.64020192
901704769,2019,10,6,800,Weekday,2-Car,No injury/unknown,FAILURE TO YIELD RIGHT OF WAY,REEVES RD,39.23133887,-86.64145588
901678030,2019,8,3,1200,Weekday,1-Car,No injury/unknown,OTHER (VEHICLE) - EXPLAIN IN NARRATIVE,2ND & OAK ST,39.2309216,-86.6239251
901639447,2019,5,6,2100,Weekend,2-Car,No injury/unknown,LEFT OF CENTER,SHUFFLE CREEK RD & SR45E,39.23077305,-86.4160652
901658034,2019,7,4,700,Weekday,1-Car,No injury/unknown,ANIMAL/OBJECT IN ROADWAY,MT GILEAD & SR45E,39.23074878,-86.42444824
901717163,2019,10,1,200,Weekend,1-Car,No injury/unknown,UNSAFE SPEED,SR45E & YOUNG CEMETERY,39.23074878,-86.42758817
901717543,2019,10,6,1600,Weekday,2-Car,No injury/unknown,FOLLOWING TOO CLOSELY,MT GILEAD & SR45E,39.23074878,-86.42423218
901613918,2019,4,3,1200,Weekday,2-Car,Non-incapacitating,FAILURE TO YIELD RIGHT OF WAY,BRUMMETTS & SR45E,39.230544,-86.42
901648018,2019,6,4,600,Weekday,2-Car,Non-incapacitating,SPEED TOO FAST FOR WEATHER CONDITIONS,BRUMMETTS CREEK & SR46E,39.230544,-86.42
901660665,2019,7,2,600,Weekday,1-Car,No injury/unknown,ANIMAL/OBJECT IN ROADWAY,BRUMMETTS CREEK & SR46E,39.230544,-86.42
901747128,2019,12,2,1500,Weekday,2-Car,No injury/unknown,FAILURE TO YIELD RIGHT OF WAY,1ST & SR46W,39.23051334,-86.61999286
901743853,2019,12,3,1300,Weekday,2-Car,No injury/unknown,UNSAFE BACKING,BOLTINGHOUSE & EARL YOUNG RD,39.23031025,-86.473207
901656182,2019,7,6,1800,Weekday,2-Car,No injury/unknown,FOLLOWING TOO CLOSELY,SR37S & VERNAL,39.23026714,-86.5609886
901658680,2019,7,5,800,Weekday,2-Car,No injury/unknown,FAILURE TO YIELD RIGHT OF WAY,E ST RD 45 HWY & TUNNEL,39.230048,-86.4316
901577140,2019,1,1,0,Weekend,1-Car,No injury/unknown,ROADWAY SURFACE CONDITION,6565 N SHUFFLE CK RD & SR45,39.229952,-86.416096
901719459,2019,10,2,1500,Weekday,1-Car,No injury/unknown,RAN OFF ROAD RIGHT,BREEZEWOOD CT,39.229464,-86.585408
901688865,2019,9,5,1600,Weekday,2-Car,Non-incapacitating,ROADWAY SURFACE CONDITION,FIRST ST & RITTER,39.229424,-86.623584
901596975,2019,2,7,1400,Weekend,2-Car,No injury/unknown,FAILURE TO YIELD RIGHT OF WAY,FIRST ST & RITTER,39.22936567,-86.62355313
901646417,2019,6,7,1500,Weekend,Cyclist,Non-incapacitating,FAILURE TO YIELD RIGHT OF WAY,VINE ST,39.229344,-86.618704
901743842,2019,12,2,1800,Weekday,1-Car,No injury/unknown,OTHER (VEHICLE) - EXPLAIN IN NARRATIVE,EAST CHESTER DR DR,39.228944,-86.627504
901735292,2019,11,7,1600,Weekend,2-Car,No injury/unknown,OTHER (ENVIRONMENTAL) - EXPLAIN IN NARR,NESTLE DOWN & UNION VALLEY RD,39.22874987,-86.5927302
901732554,2019,11,6,800,Weekday,2-Car,No injury/unknown,FAILURE TO YIELD RIGHT OF WAY,1ST & DEWEY DR,39.22851987,-86.62455998
901600091,2019,2,2,1600,Weekday,2-Car,No injury/unknown,UNSAFE BACKING,E TEMPERANCE ST,39.2283992,-86.61715324
901678571,2019,8,4,1700,Weekday,2-Car,No injury/unknown,FAILURE TO YIELD RIGHT OF WAY,CAMPBELLS PARK & HARTSTRAIT RD,39.22628023,-86.61640003
901612274,2019,3,3,1600,Weekday,Moped/Motorcycle,Non-incapacitating,RAN OFF ROAD RIGHT,OLD 37 N & OLD MEYERS RD,39.2261364,-86.48712158
901699970,2019,9,6,300,Weekday,3+ Cars,No injury/unknown,OTHER (DRIVER) - EXPLAIN IN NARRATIVE,KINSER & SR37N,39.22607704,-86.54663581
901588951,2019,2,5,1600,Weekday,2-Car,No injury/unknown,LEFT OF CENTER,BRUMMETTS CREEK RD & SR45,39.22592361,-86.41449856
901719977,2019,11,5,1600,Weekday,2-Car,No injury/unknown,FAILURE TO YIELD RIGHT OF WAY,E EARL YOUNG RD & E WELLSTON,39.225536,-86.454592
901571863,2019,1,5,1500,Weekday,2-Car,No injury/unknown,RAN OFF ROAD RIGHT,SIMPSON CHAPPEL & SR37N,39.22366371,-86.52303324
901597159,2019,2,6,700,Weekday,1-Car,No injury/unknown,RAN OFF ROAD RIGHT,SAMPLE & SR37S,39.22356482,-86.52286248
901659819,2019,7,7,1300,Weekend,2-Car,No injury/unknown,FOLLOWING TOO CLOSELY,CAPITOL & SR46W,39.22319037,-86.60908281
901710571,2019,10,3,2100,Weekday,1-Car,No injury/unknown,ANIMAL/OBJECT IN ROADWAY,CAPITOL & SR46W,39.22319037,-86.60910879
901681169,2019,7,4,1300,Weekday,2-Car,No injury/unknown,FOLLOWING TOO CLOSELY,LOST MANS & UNION VALLEY RD,39.22298533,-86.592704
901675145,2019,8,5,1600,Weekday,2-Car,Non-incapacitating,FAILURE TO YIELD RIGHT OF WAY,LOSTMANS & UNIONVALLEY RD,39.222848,-86.592704
901683168,2019,8,1,1500,Weekend,2-Car,No injury/unknown,UNSAFE BACKING,N KINSER PIKE,39.222752,-86.550096
901739674,2019,12,3,900,Weekday,1-Car,No injury/unknown,BRAKE FAILURE OR DEFECTIVE,WHISNAND RD,39.22268674,-86.51923902
901722942,2019,11,3,700,Weekday,Moped/Motorcycle,Non-incapacitating,ANIMAL/OBJECT IN ROADWAY,KINSER & SR37N,39.22215594,-86.54933828
901629159,2019,5,1,1700,Weekend,1-Car,No injury/unknown,UNSAFE SPEED,GATES DR & JONATHAN,39.22163783,-86.57642
901718224,2019,10,2,800,Weekday,2-Car,No injury/unknown,FAILURE TO YIELD RIGHT OF WAY,LAKEVIEW DR & SR46W,39.22155931,-86.60552041
901591181,2019,2,2,1500,Weekday,2-Car,No injury/unknown,OVERCORRECTING/OVERSTEERING,N KINSER & SR37N,39.22136752,-86.55001248
901635711,2019,5,7,1200,Weekend,2-Car,No injury/unknown,FAILURE TO YIELD RIGHT OF WAY,N  KINSER & SR37N,39.221248,-86.55
901672359,2019,8,6,1500,Weekday,2-Car,No injury/unknown,FAILURE TO YIELD RIGHT OF WAY,KINSER & SR37N,39.221248,-86.55
901675361,2019,8,5,1200,Weekday,2-Car,Non-incapacitating,FAILURE TO YIELD RIGHT OF WAY,LAKEVIEW DR & SR46W,39.221152,-86.6056
901690376,2019,9,1,1100,Weekend,3+ Cars,Non-incapacitating,FAILURE TO YIELD RIGHT OF WAY,LAKEVIEW & SR46W,39.221152,-86.6056
901610890,2019,3,2,700,Weekday,2-Car,No injury/unknown,UNSAFE BACKING,E SR 45 HWY,39.221062,-86.441987
901625290,2019,4,6,1700,Weekday,2-Car,Non-incapacitating,DRIVER DISTRACTED - EXPLAIN IN NARRATIVE,LAKEVIEW & SR46W,39.22105821,-86.60547104
901621995,2019,4,7,1900,Weekend,1-Car,No injury/unknown,OTHER (DRIVER) - EXPLAIN IN NARRATIVE,4600 BLOCK N KINSER PIKE & SR37,39.22044931,-86.54856384
901715817,2019,10,5,1700,Weekday,2-Car,Non-incapacitating,FAILURE TO YIELD RIGHT OF WAY,N VIKING RIDGE & SR45E,39.219552,-86.444592
901724863,2019,11,6,1600,Weekday,Bus,No injury/unknown,DRIVER DISTRACTED - EXPLAIN IN NARRATIVE,EAST 45 HWY,39.21936967,-86.44920774
901744046,2019,12,2,2200,Weekday,1-Car,Incapacitating,OTHER (DRIVER) - EXPLAIN IN NARRATIVE,SR45E & VIKING RIDGE RD,39.21904006,-86.44433603
901680477,2019,8,5,1500,Weekday,2-Car,No injury/unknown,FAILURE TO YIELD RIGHT OF WAY,E BOLTINGHOUSE & N OLD STATRE ROAD 37 RD,39.21904,-86.472896
901647487,2019,6,2,900,Weekday,1-Car,No injury/unknown,RAN OFF ROAD RIGHT,CHATHAM DR,39.218786,-86.567307
901616831,2019,4,3,1500,Weekday,2-Car,No injury/unknown,IMPROPER TURNING,E JONES & N JORDAN AVE,39.21827329,-86.51641
901744561,2019,12,4,1900,Weekday,2-Car,No injury/unknown,FAILURE TO YIELD RIGHT OF WAY,DANIELS WAY WAY & STATE ROAD 48,39.21770267,-86.59910984
901696472,2019,9,6,1200,Weekday,2-Car,No injury/unknown,UNSAFE BACKING,LINDEN & TAMARACK TRL,39.21755399,-86.52027
901656856,2019,7,1,1100,Weekend,3+ Cars,Non-incapacitating,FOLLOWING TOO CLOSELY,RIDGEWOOD DR & SR46W,39.2171903,-86.59883544
901693288,2019,9,7,1100,Weekend,2-Car,No injury/unknown,UNSAFE BACKING,N STARNES RD RD & W RATLIFF,39.21687,-86.65872
901618371,2019,4,5,1100,Weekday,2-Car,Non-incapacitating,FAILURE TO YIELD RIGHT OF WAY,BRIARGATE & SR46W,39.21660701,-86.59636259
901733030,2019,11,5,1900,Weekday,1-Car,No injury/unknown,ANIMAL/OBJECT IN ROADWAY,BRIAR GATE & SR46W,39.21658518,-86.59635392
901659375,2019,7,3,2000,Weekday,1-Car,No injury/unknown,RAN OFF ROAD RIGHT,RICHLAND PLAZA DR,39.21650314,-86.59526824
901593389,2019,2,6,1600,Weekday,2-Car,No injury/unknown,FAILURE TO YIELD RIGHT OF WAY,LYNWEST & UNIONVALLEY DR,39.21584,-86.5928
901656945,2019,7,2,1500,Weekday,2-Car,No injury/unknown,FAILURE TO YIELD RIGHT OF WAY,SR46W & UNION VALLEY,39.21569341,-86.59442231
901739189,2019,12,1,1900,Weekday,1-Car,No injury/unknown,ROADWAY SURFACE CONDITION,N RIDGEWOOD DR & W DUNLEIGH,39.21550417,-86.5990017
901658927,2019,7,5,1600,Weekday,2-Car,No injury/unknown,IMPROPER LANE USAGE,SR46W & UNION VALLEY,39.2154804,-86.59377143
901749697,2019,12,6,1800,Weekday,2-Car,No injury/unknown,DRIVER DISTRACTED - EXPLAIN IN NARRATIVE,BAYLES & SR37N,39.21547801,-86.53700724
901704304,2019,10,6,1300,Weekday,2-Car,Non-incapacitating,DISREGARD SIGNAL/REG SIGN,OUTBACK & SR46W,39.21538925,-86.59300447
901719316,2019,11,4,1600,Weekday,2-Car,No injury/unknown,FOLLOWING TOO CLOSELY,N UNION VALLEY & SR46W,39.21525091,-86.59309122
901628106,2019,5,5,1700,Weekday,Moped/Motorcycle,Non-incapacitating,LEFT OF CENTER,E BETHEL LN,39.21517201,-86.51138259
901568758,2019,1,1,2100,Weekday,2-Car,No injury/unknown,UNSAFE LANE MOVEMENT,UNION VALLEY & W 46 EASTBOUND HWY,39.215152,-86.5928
901581003,2019,1,6,1700,Weekday,3+ Cars,No injury/unknown,DRIVER DISTRACTED - EXPLAIN IN NARRATIVE,SR46W & UNION VALLEY,39.215152,-86.5928
901608741,2019,3,3,1500,Weekday,2-Car,No injury/unknown,FOLLOWING TOO CLOSELY,N UNION VALLEY & SR46W,39.215152,-86.5928
901623081,2019,4,2,1800,Weekday,3+ Cars,Non-incapacitating,FAILURE TO YIELD RIGHT OF WAY,SR46W & UNION VALLEY,39.215152,-86.5928
901661320,2019,7,2,1600,Weekday,2-Car,Non-incapacitating,FAILURE TO YIELD RIGHT OF WAY,N UNION VALLEY RD & SR46W,39.215152,-86.5928
901681141,2019,8,4,500,Weekday,1-Car,No injury/unknown,UNSAFE LANE MOVEMENT,N UNION VALLEY & SR46W,39.215152,-86.5928
901691214,2019,9,3,1200,Weekday,3+ Cars,Non-incapacitating,DISREGARD SIGNAL/REG SIGN,SR46W & UNION VALLEY ROAD,39.215152,-86.5928
901733509,2019,11,2,700,Weekday,2-Car,No injury/unknown,FOLLOWING TOO CLOSELY,SR46W & UNION VALLEY,39.21513028,-86.59269723
901718074,2019,10,2,1700,Weekday,Moped/Motorcycle,Non-incapacitating,FAILURE TO YIELD RIGHT OF WAY,SR46W & UNIONVALLEY,39.21496137,-86.59254583
901684550,2019,8,3,300,Weekday,1-Car,No injury/unknown,RAN OFF ROAD RIGHT,EAST BETHEL LN & INNISBROOKE,39.2149,-86.46903
901710541,2019,10,3,2000,Weekday,2-Car,No injury/unknown,DRIVER DISTRACTED - EXPLAIN IN NARRATIVE,NORTH UNION VALLEY ROAD & SR46W,39.21477514,-86.59228631
901567528,2019,1,6,1700,Weekday,1-Car,No injury/unknown,RAN OFF ROAD RIGHT,E BETHEL LN & STIDD,39.214752,-86.477504
901567573,2019,1,6,2200,Weekend,1-Car,No injury/unknown,ROADWAY SURFACE CONDITION,HARTSTRAIT RD & RATLIFF,39.21440323,-86.61138
901637738,2019,5,3,1900,Weekday,Moped/Motorcycle,Incapacitating,FAILURE TO YIELD RIGHT OF WAY,SR46W & UNION VALLEY,39.21421656,-86.59150766
901662292,2019,7,6,400,Weekday,1-Car,No injury/unknown,ANIMAL/OBJECT IN ROADWAY,SR46W & UNION VALLEY,39.21421656,-86.59150766
901581002,2019,1,6,1600,Weekday,1-Car,No injury/unknown,RAN OFF ROAD RIGHT,E  BETHEL LN,39.214084,-86.479105
901722947,2019,11,5,1300,Weekday,1-Car,Non-incapacitating,RAN OFF ROAD RIGHT,BETHEL LN & BOLTINGHOUSE,39.21408399,-86.47960539
901695515,2019,9,4,200,Weekday,1-Car,No injury/unknown,OTHER (DRIVER) - EXPLAIN IN NARRATIVE,TULIP STREET RD,39.213789,-86.631282
901567526,2019,1,6,1500,Weekday,1-Car,No injury/unknown,SPEED TOO FAST FOR WEATHER CONDITIONS,E BETHEL LN & N BAUGH,39.212944,-86.486896
901658472,2019,7,4,2300,Weekday,1-Car,Non-incapacitating,UNSAFE SPEED,BAUGH & BETHEL LN,39.21287961,-86.49042556
901688936,2019,9,5,1700,Weekday,2-Car,No injury/unknown,LEFT OF CENTER,E BETHEL & N HINKLE RD,39.212848,-86.505392
901659139,2019,7,6,1100,Weekday,2-Car,No injury/unknown,FAILURE TO YIELD RIGHT OF WAY,FORREST PARK & SR46E,39.21206495,-86.58700777
901637477,2019,5,3,700,Weekday,3+ Cars,Non-incapacitating,FAILURE TO YIELD RIGHT OF WAY,FORREST PARK & SR46W,39.21202382,-86.58704577
901581520,2019,1,1,1600,Weekend,2-Car,No injury/unknown,FAILURE TO YIELD RIGHT OF WAY,CRIDER & RIDGEWOOD DR,39.212016,-86.59872
901627534,2019,5,3,1400,Weekday,2-Car,No injury/unknown,FOLLOWING TOO CLOSELY,BETHEL LN & WESLEY,39.21193,-86.49604
901599068,2019,2,2,1700,Weekday,2-Car,No injury/unknown,UNSAFE BACKING,S LIBERTY RD,39.211744,-86.572192
901630637,2019,5,4,1100,Weekday,2-Car,No injury/unknown,OTHER (DRIVER) - EXPLAIN IN NARRATIVE,S WALKER ST,39.21168,-86.559184
901668930,2019,7,6,1100,Weekday,2-Car,Non-incapacitating,UNSAFE BACKING,S WALKER ST,39.21168,-86.559184
901649732,2019,6,7,400,Weekend,1-Car,No injury/unknown,ANIMAL/OBJECT IN ROADWAY,OLD MEYERS & OLD STATE ROAD 37 RD,39.21065481,-86.50636
901709761,2019,10,2,1800,Weekday,Pedestrian,Incapacitating,PEDESTRIAN ACTION,GRAMERCY PARK DR & N CLAYBROOKE,39.21045,-86.51202
901608535,2019,3,3,1200,Weekday,Moped/Motorcycle,Incapacitating,OTHER (DRIVER) - EXPLAIN IN NARRATIVE,BRIGHTON & SMITH RD,39.21041269,-86.48065
901643845,2019,6,2,1500,Weekday,2-Car,Non-incapacitating,FAILURE TO YIELD RIGHT OF WAY,N SMITH & SR46W,39.210144,-86.5832
901702512,2019,10,7,1500,Weekend,2-Car,Non-incapacitating,DISREGARD SIGNAL/REG SIGN,SMITH & SR46W,39.210144,-86.5832
901702528,2019,10,3,500,Weekday,2-Car,No injury/unknown,DRIVER DISTRACTED - EXPLAIN IN NARRATIVE,NORTH SMITH PIKE & SR46,39.210144,-86.5832
901727977,2019,11,4,2000,Weekday,2-Car,No injury/unknown,OTHER (DRIVER) - EXPLAIN IN NARRATIVE,SMITH PIKE & SR46,39.210144,-86.5832
901646971,2019,6,7,1300,Weekend,1-Car,No injury/unknown,ANIMAL/OBJECT IN ROADWAY,ACUFF & SR37N,39.21013821,-86.55431179
901665485,2019,7,5,1900,Weekday,2-Car,No injury/unknown,DRIVER DISTRACTED - EXPLAIN IN NARRATIVE,SMITH & SR46W,39.21005745,-86.58306296
901645143,2019,6,4,1300,Weekday,2-Car,Incapacitating,DRIVER ILLNESS,CENTENIAL & SR46W,39.20990698,-86.58277988
901645587,2019,6,6,200,Weekday,2-Car,No injury/unknown,IMPROPER TURNING,SMITH PIKE & SR46,39.20986935,-86.5832
901580289,2019,1,5,1400,Weekday,2-Car,No injury/unknown,FOLLOWING TOO CLOSELY,ARLINGTON ROAD RD & SR46,39.209808,-86.582672
901642674,2019,6,7,900,Weekend,2-Car,Non-incapacitating,FAILURE TO YIELD RIGHT OF WAY,ARLINGTON & SR46W,39.209808,-86.582672
901724841,2019,11,6,1800,Weekday,1-Car,No injury/unknown,ANIMAL/OBJECT IN ROADWAY,ACUFF & SR37N,39.20959587,-86.55442385