Master Record Number,Year,Month,Day,Hour,Weekend,Collision Type,Injury Type,Primary Factor,Reported_Location,Latitude,Longitude
901750216,2019,12,1,1900,Weekday,1-Car,No injury/unknown,ANIMAL/OBJECT IN ROADWAY,ACUFF & SR37N,39.20959587,-86.55442385
901653971,2019,6,2,1600,Weekday,2-Car,No injury/unknown,FAILURE TO YIELD RIGHT OF WAY,SMITH PIKE & SR46,39.20959469,-86.5832
901662635,2019,7,4,1700,Weekday,2-Car,No injury/unknown,FOLLOWING TOO CLOSELY,HARTSTRAIT & RATLIFF RD,39.20911007,-86.61138027
901673933,2019,7,4,1600,Weekday,1-Car,No injury/unknown,RAN OFF ROAD RIGHT,W BEXLEY & W MAPLE GROVE RD,39.20864,-86.5588
901620388,2019,4,7,1700,Weekend,1-Car,No injury/unknown,RAN OFF ROAD RIGHT,ACUFF RD & SR37,39.20824,-86.5557631
901643164,2019,5,2,100,Weekday,1-Car,No injury/unknown,UNSAFE SPEED,ACUFF RD & SR37N,39.20824,-86.55646916
901585162,2019,2,7,1200,Weekend,2-Car,No injury/unknown,LEFT OF CENTER,ACUFF RD & SR37N,39.20824,-86.554704
901592514,2019,2,2,1400,Weekday,2-Car,Incapacitating,FAILURE TO YIELD RIGHT OF WAY,ACUFF & SR37N,39.20824,-86.554704
901606277,2019,3,4,1800,Weekday,2-Car,Incapacitating,FAILURE TO YIELD RIGHT OF WAY,ACUFF & SR37,39.20824,-86.554704
901618642,2019,4,7,900,Weekend,2-Car,Incapacitating,FAILURE TO YIELD RIGHT OF WAY,ACUFF ROAD & SR37N,39.20824,-86.554704
901637533,2019,5,4,700,Weekday,2-Car,Non-incapacitating,FAILURE TO YIELD RIGHT OF WAY,ACUFF & SR37N,39.20824,-86.554704
901646205,2019,6,7,1300,Weekend,2-Car,No injury/unknown,OTHER (DRIVER) - EXPLAIN IN NARRATIVE,ACUFF ROAD & SR37,39.20824,-86.554704
901711204,2019,10,4,1500,Weekday,2-Car,No injury/unknown,ROADWAY SURFACE CONDITION,ACUFF RD & SR37,39.20824,-86.554704
901714764,2019,10,3,1800,Weekday,2-Car,No injury/unknown,FAILURE TO YIELD RIGHT OF WAY,ACUFF & SR37N,39.20824,-86.554704
901734844,2019,11,7,1300,Weekend,1-Car,No injury/unknown,RAN OFF ROAD RIGHT,FORREST PARK & SMITH PIKE,39.20822024,-86.58315002
901646246,2019,6,6,1500,Weekday,2-Car,No injury/unknown,FOLLOWING TOO CLOSELY,FORREST PARK & N SMITH PIKE,39.20822,-86.58315
901720092,2019,11,5,1400,Weekday,2-Car,No injury/unknown,LEFT OF CENTER,FORREST PARK & SMITH PIKE,39.20822,-86.58315
901620738,2019,4,4,1200,Weekday,2-Car,No injury/unknown,UNSAFE BACKING,FORESTVIEW DRIVE & FORESTVIEW DRIVE DR,39.208144,-86.5832
901751080,2019,12,3,900,Weekday,1-Car,No injury/unknown,RAN OFF ROAD RIGHT,FORREST PARK DR & SMITH,39.208144,-86.5832
901580993,2019,1,6,1700,Weekday,2-Car,Non-incapacitating,LEFT OF CENTER,DUNN & OLD STATE ROAD 37 RD,39.208048,-86.528704
901649804,2019,6,1,900,Weekend,1-Car,No injury/unknown,SPEED TOO FAST FOR WEATHER CONDITIONS,N DUNN & N OLD STATE ROAD 37 RD,39.208048,-86.528704
901684096,2019,8,3,200,Weekday,Moped/Motorcycle,Fatal,UNSAFE SPEED,DUNN & OLD SR 37 RD,39.208048,-86.528704
901713054,2019,10,1,1100,Weekend,1-Car,No injury/unknown,RAN OFF ROAD RIGHT,N DUNN ST & N OLD SR 37,39.208048,-86.528704
901747954,2019,12,2,2200,Weekday,1-Car,No injury/unknown,SPEED TOO FAST FOR WEATHER CONDITIONS,NORTH DUNN & NORTH OLD SR 37 RD,39.208048,-86.528704
901569919,2019,1,3,1700,Weekday,2-Car,Non-incapacitating,SPEED TOO FAST FOR WEATHER CONDITIONS,DUNN & OLD SR 37 RD,39.20802,-86.52874596
901616490,2019,4,2,1600,Weekday,2-Car,Non-incapacitating,LEFT OF CENTER,DUNN & OLD SR 37 RD,39.20802,-86.52872519
901712177,2019,10,6,700,Weekday,1-Car,No injury/unknown,ANIMAL/OBJECT IN ROADWAY,ACUFF & SR37S,39.20782802,-86.55470103
901699894,2019,9,2,1500,Weekday,1-Car,No injury/unknown,RAN OFF ROAD RIGHT,ARLINGTON RD & SHELBOURNE,39.20766033,-86.57368987
901669000,2019,7,6,600,Weekday,1-Car,Non-incapacitating,DRIVER ASLEEP OR FATIGUED,SR46 & SR46W,39.207648,-86.573792
901677089,2019,8,3,1000,Weekday,2-Car,Non-incapacitating,FAILURE TO YIELD RIGHT OF WAY,SR46 & SR46W,39.207648,-86.573792
901595912,2019,2,3,1400,Weekday,2-Car,No injury/unknown,IMPROPER PASSING,ARLINGTON RD & SHELBURNE,39.20764225,-86.5737269
901597441,2019,2,6,800,Weekday,1-Car,No injury/unknown,SPEED TOO FAST FOR WEATHER CONDITIONS,4500 ARLINGTON RD & SHELBURNE,39.20764225,-86.57374422
901686811,2019,9,2,800,Weekday,2-Car,No injury/unknown,FAILURE TO YIELD RIGHT OF WAY,45 46 & N WALNUT ST,39.20749068,-86.53453968
901704874,2019,10,1,1500,Weekend,2-Car,No injury/unknown,UNSAFE SPEED,ACUFF & SR37N,39.20741605,-86.55469806
901717073,2019,10,1,300,Weekend,1-Car,No injury/unknown,TIRE FAILURE OR DEFECTIVE,N BUSINESS RD 37 RD & STATE ROAD 37,39.20713,-86.53484
901577301,2019,1,7,1700,Weekend,1-Car,No injury/unknown,RAN OFF ROAD RIGHT,N WALNUT & OLD STATE RD 37 RD,39.20704,-86.534704
901616680,2019,4,3,900,Weekday,2-Car,No injury/unknown,OTHER (VEHICLE) - EXPLAIN IN NARRATIVE,OLD SR 37 NORTH & WALNUT ST ST,39.20704,-86.534704
901647674,2019,6,3,900,Weekday,3+ Cars,No injury/unknown,FAILURE TO YIELD RIGHT OF WAY,N WALNUT ST & OLD SR 37 N,39.20704,-86.534704
901675175,2019,8,5,1300,Weekday,2-Car,Non-incapacitating,FAILURE TO YIELD RIGHT OF WAY,OLD  STATE RD 37 & WALNUT ST,39.20704,-86.534704
901700611,2019,10,7,900,Weekend,2-Car,No injury/unknown,DRIVER DISTRACTED - EXPLAIN IN NARRATIVE,NORTH WALNUT ST & OLD STATE ROAD 37,39.20704,-86.534704
901704305,2019,10,6,1700,Weekday,2-Car,No injury/unknown,UNSAFE LANE MOVEMENT,1800 N WALNUT ST & N OLD STATE RD 37,39.20704,-86.534704
901567417,2019,1,6,2200,Weekend,1-Car,No injury/unknown,RAN OFF ROAD RIGHT,ACUFF ROAD RD & SR37,39.20698707,-86.55649557
901606754,2019,3,5,1700,Weekday,2-Car,No injury/unknown,UNSAFE BACKING,W STATE ROAD 46 RD,39.206658,-86.571585
901696372,2019,9,7,2100,Weekend,1-Car,Non-incapacitating,RAN OFF ROAD RIGHT,ACUFF RD & N MAPLE GROVE,39.2064,-86.5575
901641880,2019,6,5,1400,Weekday,2-Car,No injury/unknown,UNSAFE BACKING,4546 BYP,39.206312,-86.571312
901652335,2019,6,5,1300,Weekday,2-Car,No injury/unknown,OTHER (DRIVER) - EXPLAIN IN NARRATIVE,SR46S,39.206312,-86.571312
901697132,2019,9,1,1100,Weekend,1-Car,No injury/unknown,OTHER (DRIVER) - EXPLAIN IN NARRATIVE,SR46E,39.206312,-86.571312
901605095,2019,3,7,900,Weekend,1-Car,No injury/unknown,RAN OFF ROAD RIGHT,RATLIFF & SR45E,39.20521753,-86.46336695
901625867,2019,5,1,200,Weekend,1-Car,No injury/unknown,SPEED TOO FAST FOR WEATHER CONDITIONS,RATLIFF & SR45E,39.20521753,-86.46332372
901731148,2019,11,1,1400,Weekend,2-Car,No injury/unknown,SPEED TOO FAST FOR WEATHER CONDITIONS,MARTIN & SR45E,39.204864,-86.463472
901738565,2019,12,2,600,Weekday,Bus,No injury/unknown,FOLLOWING TOO CLOSELY,E MARTIN DRIVE & SR45E,39.204864,-86.463472
901576363,2019,1,5,1800,Weekday,1-Car,No injury/unknown,ROADWAY SURFACE CONDITION,N KINSER PK PIKE,39.20450971,-86.547392
901605093,2019,2,6,900,Weekday,1-Car,No injury/unknown,SPEED TOO FAST FOR WEATHER CONDITIONS,GARRISON CHAPEL RD & RICE,39.20449471,-86.64364
901752609,2019,12,4,600,Weekday,1-Car,No injury/unknown,ROADWAY SURFACE CONDITION,CARMOLA & N SMITH PIKE,39.204448,-86.583168
901582619,2019,2,3,1000,Weekday,2-Car,No injury/unknown,IMPROPER PASSING,10TH & 2451 EAST 10TH (WEST DRIVE) ST,39.20336252,-86.53360637
901680588,2019,8,4,1300,Weekday,1-Car,No injury/unknown,OTHER (DRIVER) - EXPLAIN IN NARRATIVE,10TH & 2815 EAST 10TH (NORTH DRIVE) ST,39.20336252,-86.53360637
901747903,2019,12,3,1100,Weekday,2-Car,No injury/unknown,UNSAFE SPEED,10TH & SR46E,39.20325925,-86.50220967
901602652,2019,3,3,700,Weekday,1-Car,No injury/unknown,OTHER (DRIVER) - EXPLAIN IN NARRATIVE,N KINSER PIKE,39.20304,-86.547392
901688900,2019,9,5,1800,Weekday,2-Car,No injury/unknown,UNSAFE BACKING,N KINSER PIKE,39.20304,-86.547392
901708609,2019,10,1,2300,Weekday,2-Car,Non-incapacitating,FAILURE TO YIELD RIGHT OF WAY,NORTH DUNN ST & STATE ROAD 45,39.20219569,-86.52844958
901693528,2019,9,7,500,Weekend,1-Car,No injury/unknown,UNSAFE SPEED,3000 N DUNN ST & LAKEWOOD,39.201952,-86.5288
901717109,2019,10,1,300,Weekend,1-Car,No injury/unknown,RAN OFF ROAD RIGHT,3000 N DUNN AVE & 510 E LAKEWOOD,39.201952,-86.5288
901611362,2019,3,3,1500,Weekday,2-Car,No injury/unknown,OTHER (DRIVER) - EXPLAIN IN NARRATIVE,NORTH KINSER PIKE,39.201135,-86.547265
901682926,2019,8,6,1900,Weekend,1-Car,Non-incapacitating,IMPROPER TURNING,N KINSER PIKE,39.201135,-86.547265
901703772,2019,10,5,1500,Weekday,Pedestrian,Non-incapacitating,PEDESTRIAN ACTION,NORTH KINSER PIKE,39.201135,-86.547265
901572184,2019,1,6,1400,Weekday,2-Car,No injury/unknown,FOLLOWING TOO CLOSELY,3551 N KINSER PIKE & W CLUB HOUSE,39.2008428,-86.54288177
901648291,2019,6,4,800,Weekday,1-Car,No injury/unknown,SPEED TOO FAST FOR WEATHER CONDITIONS,SR37N & SR46,39.20059824,-86.55464886
901699650,2019,9,5,1100,Weekday,1-Car,No injury/unknown,OTHER (DRIVER) - EXPLAIN IN NARRATIVE,N HINKLE RD,39.200448,-86.514192
901581491,2019,1,1,1500,Weekend,2-Car,No injury/unknown,FOLLOWING TOO CLOSELY,17TH & ARLINGTON RD,39.20037678,-86.5471
901564576,2019,1,3,1100,Weekday,3+ Cars,Non-incapacitating,IMPROPER PASSING,EAST SEVENTH & NORTH UNION ST,39.19989121,-86.509455
901576509,2019,1,6,1200,Weekday,1-Car,No injury/unknown,ROADWAY SURFACE CONDITION,ARLINGTON RD & MAPLE GROVE,39.19968,-86.55968
901699298,2019,9,4,2000,Weekday,1-Car,No injury/unknown,OTHER (VEHICLE) - EXPLAIN IN NARRATIVE,N MAPLE GROVE & W ARLINGTON RD,39.19968,-86.55968
901687875,2019,9,4,200,Weekday,1-Car,Incapacitating,RAN OFF ROAD RIGHT,KENWOOD & N DUNN ST,39.198528,-86.528624
901733233,2019,11,1,1100,Weekend,1-Car,Non-incapacitating,DRIVER ASLEEP OR FATIGUED,E KENWOOD & N DUNN ST,39.198528,-86.528624
901703113,2019,10,4,1700,Weekday,1-Car,Incapacitating,DRIVER ILLNESS,KINSER & WINDING WAY,39.19808325,-86.54244024
901585332,2019,2,7,1100,Weekend,3+ Cars,No injury/unknown,FAILURE TO YIELD RIGHT OF WAY,ARLINGTON RD & NORWEST WOODS,39.19807657,-86.55860486
901622992,2019,4,2,1500,Weekday,2-Car,Non-incapacitating,OTHER (DRIVER) - EXPLAIN IN NARRATIVE,SR37S & SR46,39.19689046,-86.55462122
901596675,2019,2,5,800,Weekday,2-Car,No injury/unknown,LEFT OF CENTER,BLUE RIDGE & WALNUT ST,39.196848,-86.5344
901628511,2019,5,6,1100,Weekday,2-Car,No injury/unknown,FAILURE TO YIELD RIGHT OF WAY,BLUE RIDGE & NORTH WALNUT ST,39.196848,-86.5344
901707999,2019,10,5,1700,Weekday,3+ Cars,No injury/unknown,FOLLOWING TOO CLOSELY,2800 N WALNUT ST & BLUE RIDGE,39.196848,-86.5344
901702479,2019,10,2,1900,Weekday,2-Car,Non-incapacitating,IMPROPER TURNING,DANIELS WAY & STATE ROAD 48,39.19655351,-86.59911
901721418,2019,11,7,2300,Weekend,1-Car,Non-incapacitating,UNSAFE SPEED,W WOODYEARD RD,39.196116,-86.596067
901670502,2019,8,3,800,Weekday,1-Car,No injury/unknown,OVERCORRECTING/OVERSTEERING,HAWTHORNE ST & THIRD,39.19597304,-86.52009
901574320,2019,1,4,700,Weekday,1-Car,Non-incapacitating,ROADWAY SURFACE CONDITION,1230 GARRISON CHAPEL RD & GIFFORD,39.19596698,-86.644698
901680846,2019,8,3,1300,Weekday,2-Car,No injury/unknown,FAILURE TO YIELD RIGHT OF WAY,BLUE RIDGE & WALNUT ST,39.19487315,-86.53364715
901623990,2019,4,4,1300,Weekday,2-Car,No injury/unknown,UNSAFE LANE MOVEMENT,ARLINGTON & SR37N,39.19469329,-86.55459784
901708311,2019,10,7,200,Weekend,1-Car,No injury/unknown,ANIMAL/OBJECT IN ROADWAY,46 & SR37N,39.19455597,-86.55459638
901645494,2019,6,5,1500,Weekday,1-Car,No injury/unknown,ANIMAL/OBJECT IN ROADWAY,ARLINGTON & SR37S,39.19441865,-86.55459492
901733374,2019,11,1,1500,Weekend,2-Car,No injury/unknown,OTHER (DRIVER) - EXPLAIN IN NARRATIVE,WEST BRIARCLIFF DR,39.19424459,-86.54623411
901690168,2019,9,2,500,Weekday,2-Car,No injury/unknown,UNSAFE LANE MOVEMENT,BRIARCLIFF DR & KINGSLEY,39.194192,-86.542208
901569138,2019,1,3,900,Weekday,2-Car,No injury/unknown,SPEED TOO FAST FOR WEATHER CONDITIONS,SR37N & SR46W,39.194144,-86.554592
901596438,2019,2,4,1700,Weekday,2-Car,Non-incapacitating,BRAKE FAILURE OR DEFECTIVE,SR37 & SR46W,39.194144,-86.554592
901610897,2019,3,7,1300,Weekend,2-Car,No injury/unknown,FOLLOWING TOO CLOSELY,37 & SR46W,39.194144,-86.554592
901666244,2019,7,7,1600,Weekend,Moped/Motorcycle,Non-incapacitating,OTHER (DRIVER) - EXPLAIN IN NARRATIVE,SR37 & SR46,39.194144,-86.554592
901677018,2019,8,3,1000,Weekday,2-Car,No injury/unknown,FOLLOWING TOO CLOSELY,SR37 & SR46,39.194144,-86.554592
901725294,2019,11,7,2100,Weekend,1-Car,No injury/unknown,ANIMAL/OBJECT IN ROADWAY,37 & SR46W,39.194144,-86.554592
901577072,2019,1,7,1700,Weekend,1-Car,No injury/unknown,SPEED TOO FAST FOR WEATHER CONDITIONS,LOESCH RD & WOODYARD,39.193872,-86.590784
901634777,2019,5,5,1700,Weekday,2-Car,No injury/unknown,OTHER (DRIVER) - EXPLAIN IN NARRATIVE,CURRY & SR46W,39.19377697,-86.57123388
901709805,2019,10,1,2000,Weekday,1-Car,No injury/unknown,ANIMAL/OBJECT IN ROADWAY,N CURRY & SR46W,39.19377697,-86.5710088
901713145,2019,10,1,2000,Weekday,1-Car,No injury/unknown,ANIMAL/OBJECT IN ROADWAY,N CURRY & SR46W,39.19377697,-86.5711906
901643817,2019,6,6,700,Weekday,3+ Cars,Non-incapacitating,DRIVER DISTRACTED - EXPLAIN IN NARRATIVE,CURRY & SR46W,39.19369005,-86.57138339
901699311,2019,9,4,400,Weekday,1-Car,No injury/unknown,RAN OFF ROAD RIGHT,GETTYS CREEK & MT GILEAD RD,39.19344,-86.436288
901623271,2019,4,2,2200,Weekday,1-Car,Non-incapacitating,UNSAFE SPEED,HUDOFF RD & PADDOCK RIDGE,39.19338683,-86.46384282
901690050,2019,9,1,1500,Weekend,2-Car,No injury/unknown,LEFT OF CENTER,SALT CREEK & SR446S,39.19332654,-86.42243138
901574754,2019,1,4,1500,Weekday,2-Car,No injury/unknown,FAILURE TO YIELD RIGHT OF WAY,N COLLEGE AVE & W 10TH,39.1928127,-86.53483
901567281,2019,1,7,800,Weekend,1-Car,No injury/unknown,SPEED TOO FAST FOR WEATHER CONDITIONS,JUNIPER & TAMARACK TRL,39.19254,-86.5233
901731231,2019,11,3,1400,Weekday,2-Car,No injury/unknown,FAILURE TO YIELD RIGHT OF WAY,ARLINGTON RD & PROW,39.192352,-86.552592
901748009,2019,12,3,1600,Weekday,3+ Cars,No injury/unknown,FOLLOWING TOO CLOSELY,SR37S & VERNAL,39.19232667,-86.56233005
901743922,2019,12,6,2000,Weekend,1-Car,No injury/unknown,ANIMAL/OBJECT IN ROADWAY,CROSSOVER & SR37N,39.19184573,-86.51870995
901674877,2019,8,5,800,Weekday,1-Car,No injury/unknown,RAN OFF ROAD RIGHT,BARBARA & GLENDORA DR,39.19144,-86.529504
901678624,2019,8,5,1700,Weekday,2-Car,Non-incapacitating,FAILURE TO YIELD RIGHT OF WAY,FRITZ & WALNUT ST,39.191248,-86.532896
901596323,2019,2,5,1900,Weekday,2-Car,No injury/unknown,OTHER (DRIVER) - EXPLAIN IN NARRATIVE,CURRY PIKE & WOODYARD,39.190672,-86.582992
901608256,2019,3,2,1600,Weekday,1-Car,No injury/unknown,FAILURE TO YIELD RIGHT OF WAY,N CURRY PIKE & WOODYARD,39.190672,-86.582992
901612216,2019,3,5,1300,Weekday,Moped/Motorcycle,Incapacitating,FAILURE TO YIELD RIGHT OF WAY,CURRY PIKE & WOODYARD,39.190672,-86.582992
901699682,2019,9,5,1200,Weekday,2-Car,No injury/unknown,FAILURE TO YIELD RIGHT OF WAY,CURRY & WOODYARD RD,39.190672,-86.582992
901703114,2019,10,3,2200,Weekday,2-Car,Non-incapacitating,FAILURE TO YIELD RIGHT OF WAY,CURRY PIKE & WOODYARD,39.190672,-86.582992
901606753,2019,3,5,1500,Weekday,2-Car,No injury/unknown,FAILURE TO YIELD RIGHT OF WAY,N SMITH PIKE & W WOODYARD,39.19064,-86.58311
901685073,2019,8,4,1500,Weekday,2-Car,No injury/unknown,FOLLOWING TOO CLOSELY,N SMITH & W WOODYARD RD,39.19064,-86.58311
901567849,2019,1,1,0,Weekend,2-Car,No injury/unknown,SPEED TOO FAST FOR WEATHER CONDITIONS,CURRY PIKE & WOODYARD,39.19028,-86.58253
901574150,2019,1,4,200,Weekday,1-Car,No injury/unknown,ANIMAL/OBJECT IN ROADWAY,CURRY & WOODYARD RD,39.19003157,-86.58143093
901684580,2019,8,4,100,Weekday,1-Car,Non-incapacitating,RAN OFF ROAD RIGHT,PONEER & WOODYARD RD,39.18965,-86.58066987
901717522,2019,10,2,800,Weekday,2-Car,Non-incapacitating,FAILURE TO YIELD RIGHT OF WAY,7TH & JEFFERSON ST,39.18936083,-86.50717
901581331,2019,1,1,0,Weekend,1-Car,No injury/unknown,RAN OFF ROAD RIGHT,S LIBERTY DR,39.189248,-86.531472
901649456,2019,6,7,300,Weekend,2-Car,No injury/unknown,UNSAFE BACKING,NORTH WALNUT ST,39.189248,-86.53344
901659413,2019,7,6,1300,Weekday,2-Car,No injury/unknown,,S LIBERTY DR,39.189248,-86.531472
901664492,2019,7,3,1900,Weekday,1-Car,No injury/unknown,OVERCORRECTING/OVERSTEERING,HOWARD & N STARNES RD,39.189248,-86.660704
901670517,2019,8,3,1200,Weekday,2-Car,No injury/unknown,UNSAFE BACKING,SOUTH LIBERTY DR,39.189248,-86.531472
901680760,2019,8,3,1100,Weekday,2-Car,No injury/unknown,IMPROPER TURNING,GILBERT ST & WALNUT ST ST,39.189248,-86.53344
901682091,2019,8,5,1500,Weekday,2-Car,No injury/unknown,DRIVER DISTRACTED - EXPLAIN IN NARRATIVE,2300 N WALNUT ST & GILBERT,39.189248,-86.53344
901689427,2019,9,6,1700,Weekday,Pedestrian,Non-incapacitating,FAILURE TO YIELD RIGHT OF WAY,SOUTH WALNUT ST,39.189248,-86.53344
901696592,2019,9,6,1200,Weekday,3+ Cars,No injury/unknown,OTHER (VEHICLE) - EXPLAIN IN NARRATIVE,S LIBERTY DR,39.189248,-86.531472
901656920,2019,7,6,1200,Weekday,1-Car,No injury/unknown,RAN OFF ROAD RIGHT,HARVEST & UNIONVALLEY RD,39.18924098,-86.59269
901753142,2019,12,6,500,Weekday,1-Car,No injury/unknown,DISREGARD SIGNAL/REG SIGN,THOMAS RD & VERNAL,39.18904,-86.630096
901728005,2019,11,5,100,Weekday,1-Car,No injury/unknown,UNSAFE SPEED,CURRY PIKE & WOODYARD,39.18902423,-86.58302201
901574381,2019,1,4,700,Weekday,1-Car,No injury/unknown,RAN OFF ROAD RIGHT,VERNAL PIKE,39.189022,-86.629046
901696202,2019,9,3,500,Weekday,2-Car,No injury/unknown,UNSAFE BACKING,HEADLY & MAPLECREST DR,39.18901,-86.5145
901683590,2019,8,2,1000,Weekday,2-Car,No injury/unknown,UNSAFE BACKING,MCINTYRE DR,39.188416,-86.54008
901715432,2019,10,5,700,Weekday,2-Car,No injury/unknown,OTHER (ENVIRONMENTAL) - EXPLAIN IN NARR,1800 N KINSER PIKE & PARRISH,39.188144,-86.5376
901698540,2019,9,3,1500,Weekday,2-Car,No injury/unknown,FAILURE TO YIELD RIGHT OF WAY,MAXINE & WEST PARRISH RD,39.188128,-86.540112
901750007,2019,12,7,1200,Weekend,2-Car,No injury/unknown,UNSAFE BACKING,N MAXINE RD & W PARRISH,39.188128,-86.540112
901714982,2019,10,4,1000,Weekday,2-Car,No injury/unknown,FAILURE TO YIELD RIGHT OF WAY,SR4546 & WALNUT ST,39.18769245,-86.53393365
901599066,2019,2,2,1600,Weekday,3+ Cars,Non-incapacitating,FOLLOWING TOO CLOSELY,37 & SR45W,39.187344,-86.5552
901644877,2019,6,6,1700,Weekday,2-Car,Non-incapacitating,FAILURE TO YIELD RIGHT OF WAY,SR37S & WEST STATE RD 45 RD,39.187344,-86.5552
901694460,2019,9,2,1600,Weekday,2-Car,No injury/unknown,DRIVER DISTRACTED - EXPLAIN IN NARRATIVE,SR37 & SR45W,39.187344,-86.5552
901611610,2019,3,4,1100,Weekday,2-Car,Non-incapacitating,SPEED TOO FAST FOR WEATHER CONDITIONS,SR 46 & SR45E,39.18725755,-86.55810774
901696146,2019,9,5,2000,Weekday,1-Car,Non-incapacitating,RAN OFF ROAD RIGHT,37 & 45 HWY,39.18719976,-86.55167597
901576664,2019,1,6,1800,Weekday,3+ Cars,No injury/unknown,FAILURE TO YIELD RIGHT OF WAY,ARLINGTON & SR46W,39.187184,-86.551408
901654567,2019,6,3,1700,Weekday,2-Car,No injury/unknown,OTHER (DRIVER) - EXPLAIN IN NARRATIVE,N KINSER PIKE,39.18717477,-86.53784615
901655952,2019,7,6,1100,Weekday,2-Car,No injury/unknown,DRIVER DISTRACTED - EXPLAIN IN NARRATIVE,ARLINGTON & SR46E,39.18717263,-86.55118967
901587705,2019,2,4,800,Weekday,1-Car,Non-incapacitating,OTHER (DRIVER) - EXPLAIN IN NARRATIVE,SR46W & STATE ROAD 37,39.18717217,-86.55525124
901686218,2019,9,6,1100,Weekday,2-Car,No injury/unknown,FAILURE TO YIELD RIGHT OF WAY,ARLINGTON & SR46W,39.1870868,-86.55138535
901668246,2019,7,4,1900,Weekday,2-Car,Non-incapacitating,FAILURE TO YIELD RIGHT OF WAY,SR37S & SR45W,39.18703012,-86.5550103
901668247,2019,7,3,1600,Weekday,2-Car,Non-incapacitating,FAILURE TO YIELD RIGHT OF WAY,SR37S & SR45W,39.18703012,-86.5550103
901593151,2019,2,6,600,Weekday,1-Car,No injury/unknown,OTHER (DRIVER) - EXPLAIN IN NARRATIVE,MONROE & SR46E,39.18696235,-86.54715214
901567421,2019,1,7,1600,Weekend,2-Car,No injury/unknown,FOLLOWING TOO CLOSELY,N MONROE & SR46E,39.186944,-86.5468
901584458,2019,2,6,1500,Weekday,2-Car,No injury/unknown,FOLLOWING TOO CLOSELY,MONROE & SR 45 46 BYP,39.186944,-86.5468
901600752,2019,3,6,800,Weekday,2-Car,No injury/unknown,DRIVER DISTRACTED - EXPLAIN IN NARRATIVE,N MONROE & W STATE ROAD 45 46 BYP,39.186944,-86.5468
901612874,2019,4,7,1800,Weekend,2-Car,Non-incapacitating,FAILURE TO YIELD RIGHT OF WAY,N MONROE & SR4546E,39.186944,-86.5468
901638901,2019,5,6,1500,Weekday,2-Car,Non-incapacitating,FAILURE TO YIELD RIGHT OF WAY,MONROE & SR46W,39.186944,-86.5468
901642178,2019,6,6,800,Weekday,3+ Cars,Non-incapacitating,FOLLOWING TOO CLOSELY,N MONROE & W STATE ROAD 45 46 BYP,39.186944,-86.5468
901682998,2019,8,7,1300,Weekend,2-Car,Non-incapacitating,FAILURE TO YIELD RIGHT OF WAY,MONROE & SR4546E,39.186944,-86.5468
901705555,2019,10,2,1900,Weekday,2-Car,No injury/unknown,FAILURE TO YIELD RIGHT OF WAY,NORTH KINSER PIKE,39.186941,-86.53775
901631764,2019,5,6,1300,Weekday,1-Car,No injury/unknown,RAN OFF ROAD RIGHT,MONROE & SR46W,39.18692254,-86.54627164
901750106,2019,12,1,1100,Weekend,1-Car,No injury/unknown,ANIMAL/OBJECT IN ROADWAY,N STONELAKE & SR46W,39.18692015,-86.5466412
901593633,2019,2,7,1700,Weekend,2-Car,No injury/unknown,FOLLOWING TOO CLOSELY,N MONROE & SR46E,39.18691229,-86.54609567
901704863,2019,10,1,1400,Weekend,1-Car,No injury/unknown,ANIMAL/OBJECT IN ROADWAY,HARTSTRAIT RD & VERNAL,39.186752,-86.611504
901631995,2019,5,7,300,Weekend,2-Car,Non-incapacitating,FOLLOWING TOO CLOSELY,KINSER & SR46W,39.18657543,-86.53859269
901741048,2019,12,5,1600,Weekday,2-Car,No injury/unknown,FAILURE TO YIELD RIGHT OF WAY,KINSER & SR46E,39.18657543,-86.53859269
901692113,2019,9,5,100,Weekday,1-Car,No injury/unknown,RAN OFF ROAD RIGHT,E JONES & N JORDAN AVE,39.18654932,-86.51641
901567494,2019,1,7,1600,Weekend,2-Car,Non-incapacitating,FOLLOWING TOO CLOSELY,N KINSER & SR45 46,39.186544,-86.537888
901584587,2019,2,6,2100,Weekend,2-Car,No injury/unknown,FAILURE TO YIELD RIGHT OF WAY,KINSER & SR4546W,39.186544,-86.537888
901600986,2019,3,6,1700,Weekday,2-Car,No injury/unknown,SPEED TOO FAST FOR WEATHER CONDITIONS,W ARLINGTON RD & W GOURLEY,39.186544,-86.551168
901611983,2019,3,5,1200,Weekday,2-Car,Non-incapacitating,FAILURE TO YIELD RIGHT OF WAY,N KINSER & SR4546W,39.186544,-86.537888
901614660,2019,4,5,800,Weekday,2-Car,No injury/unknown,FOLLOWING TOO CLOSELY,KINSER & STATE ROAD 45 46 BYP,39.186544,-86.537888
901627548,2019,5,4,1500,Weekday,2-Car,No injury/unknown,FOLLOWING TOO CLOSELY,N KINSER & SR 45 46 BYP,39.186544,-86.537888
901631888,2019,5,6,1600,Weekday,2-Car,No injury/unknown,FOLLOWING TOO CLOSELY,KINSER & SR45 46 BYP,39.186544,-86.537888
901675750,2019,8,7,0,Weekend,3+ Cars,No injury/unknown,FOLLOWING TOO CLOSELY,KINSER & SR46W,39.186544,-86.537888