Master Record Number,Year,Month,Day,Hour,Weekend,Collision Type,Injury Type,Primary Factor,Reported_Location,Latitude,Longitude
901686426,2019,9,7,1300,Weekend,2-Car,No injury/unknown,FOLLOWING TOO CLOSELY,N KINSER & SR4546W,39.186544,-86.537888
901693276,2019,9,7,1100,Weekend,2-Car,Non-incapacitating,FAILURE TO YIELD RIGHT OF WAY,KINSER & SR45W,39.186544,-86.537888
901702902,2019,10,4,1400,Weekday,2-Car,Non-incapacitating,FAILURE TO YIELD RIGHT OF WAY,KINSER & SR46E,39.186544,-86.537888
901717027,2019,10,1,600,Weekend,2-Car,Non-incapacitating,OTHER (DRIVER) - EXPLAIN IN NARRATIVE,KINSER & SR46W,39.186544,-86.537888
901721861,2019,11,2,900,Weekday,2-Car,No injury/unknown,FOLLOWING TOO CLOSELY,KINSER & SR46W,39.186544,-86.537888
901728953,2019,11,5,1800,Weekday,3+ Cars,No injury/unknown,FAILURE TO YIELD RIGHT OF WAY,KINSER & SR46W,39.186544,-86.537888
901752596,2019,12,5,1700,Weekday,2-Car,No injury/unknown,FOLLOWING TOO CLOSELY,KINSER & SR45E,39.186544,-86.537888
901668191,2019,7,3,1600,Weekday,2-Car,Non-incapacitating,FOLLOWING TOO CLOSELY,SR37 & SR45E,39.18654025,-86.5554331
901600831,2019,3,6,1200,Weekday,2-Car,No injury/unknown,OTHER (DRIVER) - EXPLAIN IN NARRATIVE,KINSER & SR46W,39.18653339,-86.53771207
901597745,2019,2,6,2300,Weekend,2-Car,No injury/unknown,IMPROPER TURNING,JONES & JORDAN AVE,39.18651609,-86.51642161
901698067,2019,9,2,2200,Weekday,2-Car,No injury/unknown,FOLLOWING TOO CLOSELY,KINSER & SR45E,39.18648027,-86.53773017
901574031,2019,1,3,1500,Weekday,1-Car,Non-incapacitating,SPEED TOO FAST FOR WEATHER CONDITIONS,THOMAS & VERNAL PIKE,39.18646982,-86.63578101
901662675,2019,7,6,1700,Weekday,1-Car,Non-incapacitating,RAN OFF ROAD RIGHT,LOESCH & VERNAL PIKE,39.18642776,-86.59395029
901581808,2019,1,2,900,Weekday,2-Car,Non-incapacitating,FOLLOWING TOO CLOSELY,MILO B SAMPSON & SR45 46E,39.18636871,-86.52438819
901575967,2019,1,5,400,Weekday,2-Car,Non-incapacitating,FAILURE TO YIELD RIGHT OF WAY,SR46E & WALNUT ST,39.186368,-86.5344
901576778,2019,1,6,2300,Weekend,2-Car,No injury/unknown,FOLLOWING TOO CLOSELY,SR46E & WALNUT ST,39.186368,-86.5344
901583985,2019,2,5,2000,Weekday,1-Car,Non-incapacitating,HOLES/RUTS IN SURFACE,SR46W & WALNUT,39.186368,-86.5344
901589626,2019,2,6,1700,Weekday,2-Car,No injury/unknown,FAILURE TO YIELD RIGHT OF WAY,E SR 46 BYP & WALNUT,39.186368,-86.5344
901600989,2019,3,6,1700,Weekday,3+ Cars,No injury/unknown,FOLLOWING TOO CLOSELY,N WALNUT & SR 45 46 BYP,39.186368,-86.5344
901612968,2019,4,1,1500,Weekend,2-Car,No injury/unknown,FAILURE TO YIELD RIGHT OF WAY,N WALNUT & SR4546W,39.186368,-86.5344
901616266,2019,4,2,1100,Weekday,2-Car,No injury/unknown,DISREGARD SIGNAL/REG SIGN,SR 4546 BYP & WALNUT,39.186368,-86.5344
901626555,2019,5,2,1500,Weekday,2-Car,No injury/unknown,FOLLOWING TOO CLOSELY,N WALNUT & SR46E,39.186368,-86.5344
901628760,2019,5,7,1200,Weekend,2-Car,No injury/unknown,LEFT OF CENTER,SR 4546 BYP & WALNUT,39.186368,-86.5344
901637287,2019,5,3,1800,Weekday,1-Car,No injury/unknown,IMPROPER TURNING,E SR 45 46 BYP & N WALNUT,39.186368,-86.5344
901641747,2019,6,5,900,Weekday,2-Car,No injury/unknown,DRIVER DISTRACTED - EXPLAIN IN NARRATIVE,N WALNUT ST & STATE ROAD 45 46,39.186368,-86.5344
901667458,2019,7,3,900,Weekday,2-Car,No injury/unknown,OTHER (DRIVER) - EXPLAIN IN NARRATIVE,NORTH WALNUT & STATE ROAD 45 46 BYP,39.186368,-86.5344
901677361,2019,8,2,1500,Weekday,2-Car,Non-incapacitating,FOLLOWING TOO CLOSELY,N WALNUT ST & STATE RD 45 46 BYPASS,39.186368,-86.5344
901689272,2019,9,5,1400,Weekday,2-Car,No injury/unknown,FAILURE TO YIELD RIGHT OF WAY,SR 45 46 & WALNUT ST,39.186368,-86.5344
901705521,2019,10,2,1500,Weekday,2-Car,Non-incapacitating,FOLLOWING TOO CLOSELY,N WALNUT & SR46E,39.186368,-86.5344
901713190,2019,10,1,1800,Weekend,2-Car,No injury/unknown,DRIVER DISTRACTED - EXPLAIN IN NARRATIVE,NORTH WALNUT ST & STATE ROAD 45  46,39.186368,-86.5344
901719938,2019,11,5,1700,Weekday,2-Car,No injury/unknown,IMPROPER PASSING,N WALNUT ST & STATE ROAD 45 46,39.186368,-86.5344
901696430,2019,9,6,900,Weekday,2-Car,No injury/unknown,IMPROPER PASSING,SR45E & WALNUT,39.18636383,-86.53369418
901652794,2019,6,5,1700,Weekday,2-Car,No injury/unknown,IMPROPER TURNING,WEST SR45 RD,39.18636,-86.533048
901745665,2019,12,6,1400,Weekday,2-Car,No injury/unknown,FAILURE TO YIELD RIGHT OF WAY,WEST STATE ROAD 45 RD,39.18636,-86.533048
901701269,2019,10,2,700,Weekday,2-Car,No injury/unknown,FAILURE TO YIELD RIGHT OF WAY,SO SR 46 HWY,39.186354,-86.535259
901720902,2019,11,7,1000,Weekend,2-Car,No injury/unknown,FOLLOWING TOO CLOSELY,DUNN & SR45E,39.18635204,-86.52637847
901635365,2019,5,7,900,Weekend,2-Car,No injury/unknown,FOLLOWING TOO CLOSELY,N DUNN & SR46E,39.186352,-86.52863717
901568876,2019,1,2,1600,Weekday,2-Car,Non-incapacitating,FAILURE TO YIELD RIGHT OF WAY,DUNN & SR45 46,39.186352,-86.528496
901570778,2019,1,3,1600,Weekday,2-Car,No injury/unknown,FOLLOWING TOO CLOSELY,N DUNN & SR4546W,39.186352,-86.528496
901572520,2019,1,7,2200,Weekend,2-Car,No injury/unknown,FOLLOWING TOO CLOSELY,FRITZ & SR45W,39.186352,-86.529792
901578344,2019,1,2,1200,Weekday,2-Car,No injury/unknown,OTHER (DRIVER) - EXPLAIN IN NARRATIVE,COLLEGE & SR45 46 BYP,39.186352,-86.534704
901595490,2019,2,3,900,Weekday,2-Car,No injury/unknown,UNSAFE SPEED,E STATE ROAD 45 46 BYP & N DUNN,39.186352,-86.528496
901599508,2019,3,3,1400,Weekday,2-Car,No injury/unknown,FOLLOWING TOO CLOSELY,N DUNN & SR 45 46 BYP,39.186352,-86.528496
901599628,2019,3,3,1700,Weekday,2-Car,No injury/unknown,FOLLOWING TOO CLOSELY,N DUNN & SR 45 46 BYP,39.186352,-86.528496
901628502,2019,5,6,1300,Weekday,2-Car,No injury/unknown,FOLLOWING TOO CLOSELY,2200 NORTH DUNN ST & SR4546E,39.186352,-86.528496
901632390,2019,5,1,600,Weekend,2-Car,Non-incapacitating,FAILURE TO YIELD RIGHT OF WAY,N COLLEGE & SR4546E,39.186352,-86.534704
901661777,2019,7,4,2300,Weekday,2-Car,No injury/unknown,FOLLOWING TOO CLOSELY,MARTHA & SR46E,39.186352,-86.531696
901689574,2019,9,7,0,Weekend,1-Car,No injury/unknown,IMPROPER TURNING,COLLEGE & SR45E,39.186352,-86.534704
901700713,2019,10,7,1600,Weekend,1-Car,No injury/unknown,IMPROPER TURNING,COLLEGE & SR45E,39.186352,-86.534704
901708853,2019,10,1,1800,Weekend,2-Car,No injury/unknown,FOLLOWING TOO CLOSELY,DUNN & SR4546E,39.186352,-86.528496
901713782,2019,10,1,1600,Weekend,2-Car,Non-incapacitating,FAILURE TO YIELD RIGHT OF WAY,N DUNN ST & SR4546,39.186352,-86.528496
901723687,2019,11,4,1200,Weekday,2-Car,No injury/unknown,BRAKE FAILURE OR DEFECTIVE,N MARTHA & SR4546N,39.186352,-86.531696
901716925,2019,10,1,200,Weekend,2-Car,No injury/unknown,IMPROPER TURNING,45 46 BYP & N WALNUT,39.18633007,-86.53453968
901605911,2019,3,4,800,Weekday,2-Car,No injury/unknown,FOLLOWING TOO CLOSELY,FEE & SR46W,39.18631477,-86.52192606
901581874,2019,1,2,900,Weekday,2-Car,Non-incapacitating,UNSAFE SPEED,MILO B SAMPSON & SR46E,39.18624327,-86.52217946
901627884,2019,5,5,1200,Weekday,2-Car,No injury/unknown,FOLLOWING TOO CLOSELY,MILO B SAMPSON & SR46E,39.18624327,-86.52217514
901670215,2019,8,2,1700,Weekday,2-Car,No injury/unknown,FOLLOWING TOO CLOSELY,MILO B SAMPSON & SR46W,39.18624327,-86.52218292
901622136,2019,4,1,1100,Weekend,2-Car,No injury/unknown,FAILURE TO YIELD RIGHT OF WAY,E MATLOCK & N HEADLEY RD,39.18624,-86.514496
901740003,2019,12,4,200,Weekday,1-Car,No injury/unknown,BRAKE FAILURE OR DEFECTIVE,HEADLEY & MATLOCK RD,39.18624,-86.514496
901733597,2019,11,1,2200,Weekday,2-Car,No injury/unknown,UNSAFE BACKING,46 & WALNUT ST,39.18619007,-86.53441873
901660304,2019,7,2,900,Weekday,3+ Cars,Non-incapacitating,FOLLOWING TOO CLOSELY,FEE & SR46E,39.18616889,-86.52088402
901585060,2019,2,7,1900,Weekend,2-Car,No injury/unknown,FOLLOWING TOO CLOSELY,N FEE & SR46W,39.18614457,-86.52071035
901751081,2019,12,3,1100,Weekday,2-Car,Non-incapacitating,ROADWAY SURFACE CONDITION,OLD VERNAL & VERNAL PIKE,39.18611012,-86.59628011
901648861,2019,6,4,1700,Weekday,2-Car,No injury/unknown,UNSAFE SPEED,OLD VERNAL & VERNAL PIKE,39.18611,-86.59635794
901680478,2019,8,2,1500,Weekday,2-Car,No injury/unknown,FAILURE TO YIELD RIGHT OF WAY,OLD VERNAL & W VERNAL PIKE,39.18611,-86.59625402
901634215,2019,5,4,1700,Weekday,2-Car,Non-incapacitating,FAILURE TO YIELD RIGHT OF WAY,2100 BLK N WALNUT ST & SR4546,39.18609426,-86.53442882
901563960,2019,1,2,1600,Weekday,2-Car,Non-incapacitating,LEFT OF CENTER,ARLINGTON RD & HICKORY,39.186048,-86.550976
901656443,2019,7,7,1800,Weekend,2-Car,No injury/unknown,FOLLOWING TOO CLOSELY,FEE & SR 4546 BYP,39.186032,-86.51984
901730355,2019,11,2,1000,Weekday,2-Car,No injury/unknown,UNSAFE SPEED,NORTH FEE & SR46E,39.186032,-86.51984
901749056,2019,12,5,1100,Weekday,Bus,No injury/unknown,LEFT OF CENTER,N KINSER PIKE,39.18584,-86.537872
901611592,2019,3,4,900,Weekday,2-Car,No injury/unknown,FAILURE TO YIELD RIGHT OF WAY,SR46W & WALNUT ST,39.18582052,-86.53445763
901623700,2019,4,3,1200,Weekday,2-Car,No injury/unknown,FAILURE TO YIELD RIGHT OF WAY,SR46 & WALNUT ST,39.18582052,-86.53445763
901731404,2019,11,3,1700,Weekday,2-Car,Non-incapacitating,FOLLOWING TOO CLOSELY,STATE ROAD 45 46 & WALNUT ST,39.18582052,-86.53445763
901692624,2019,9,5,1900,Weekday,2-Car,No injury/unknown,UNSAFE BACKING,WEST GOURLEY PIKE,39.185803,-86.54184
901588041,2019,2,6,1800,Weekday,1-Car,Non-incapacitating,ENGINE FAILURE OR DEFECTIVE,LANE & WOODYARD RD,39.18556623,-86.57157898
901746105,2019,12,7,1400,Weekend,2-Car,No injury/unknown,,N KINSER PIKE,39.18543153,-86.53772145
901581010,2019,1,6,2200,Weekend,2-Car,No injury/unknown,FAILURE TO YIELD RIGHT OF WAY,GOURLEY & N KINSER PIKE,39.185392,-86.537856
901603397,2019,3,5,900,Weekday,2-Car,Non-incapacitating,FAILURE TO YIELD RIGHT OF WAY,GOURLEY & KINSER PIKE,39.185392,-86.537856
901615339,2019,4,6,1700,Weekday,2-Car,No injury/unknown,FAILURE TO YIELD RIGHT OF WAY,NORTH KINSER PIKE & WEST GOURLEY,39.185392,-86.537856
901639189,2019,5,7,1600,Weekend,2-Car,Non-incapacitating,FAILURE TO YIELD RIGHT OF WAY,GOURLEY & KINSER PIKE,39.185392,-86.537856
901696623,2019,9,6,1500,Weekday,2-Car,Non-incapacitating,FAILURE TO YIELD RIGHT OF WAY,GOURLEY & KINSER PIKE,39.185392,-86.537856
901710469,2019,10,3,1700,Weekday,2-Car,No injury/unknown,FAILURE TO YIELD RIGHT OF WAY,PETE ELLIS DR & THIRD,39.18535867,-86.49496
901730126,2019,11,2,800,Weekday,1-Car,No injury/unknown,RAN OFF ROAD RIGHT,GOURLEY PIKE & W CASCADES,39.185232,-86.54124768
901570892,2019,1,4,1900,Weekday,2-Car,No injury/unknown,UNSAFE BACKING,W GOURLEY PIKE,39.185232,-86.54060206
901575356,2019,1,5,800,Weekday,2-Car,No injury/unknown,LEFT OF CENTER,W GOURLEY PIKE,39.185232,-86.54060206
901664200,2019,7,3,1200,Weekday,2-Car,No injury/unknown,OTHER (DRIVER) - EXPLAIN IN NARRATIVE,W GOURLEY PIKE,39.185232,-86.54060206
901685894,2019,9,6,1000,Weekday,1-Car,No injury/unknown,UNSAFE SPEED,W GOURLEY PIKE,39.185232,-86.54060206
901675503,2019,8,6,1100,Weekday,Cyclist,Non-incapacitating,FAILURE TO YIELD RIGHT OF WAY,SR37N & W GOURLEY,39.18522527,-86.53522968
901731407,2019,11,2,1700,Weekday,2-Car,No injury/unknown,UNSAFE LANE MOVEMENT,CASCADE & GOURLEY PIKE,39.1852,-86.541952
901583210,2019,2,3,1800,Weekday,2-Car,No injury/unknown,UNSAFE BACKING,N COLLEGE AVE,39.185152,-86.535296
901598070,2019,2,7,2200,Weekend,2-Car,No injury/unknown,UNSAFE BACKING,N COLLEGE AVE,39.185152,-86.535296
901672442,2019,8,6,2000,Weekend,Pedestrian,Non-incapacitating,PEDESTRIAN ACTION,N COLLEGE AVE,39.185152,-86.535296
901689762,2019,9,7,1700,Weekend,2-Car,No injury/unknown,,W GOURLEY PIKE,39.18508,-86.540075
901709330,2019,10,2,1200,Weekday,2-Car,No injury/unknown,,GOURLEY PIKE,39.18508,-86.540075
901661664,2019,7,4,0,Weekday,2-Car,No injury/unknown,IMPROPER TURNING,KINSER PIKE,39.18506,-86.537779
901678473,2019,8,4,2100,Weekday,1-Car,No injury/unknown,ANIMAL/OBJECT IN ROADWAY,HARMONY RD & KNOONTZ,39.18464387,-86.63040988
901720906,2019,11,7,1000,Weekend,2-Car,No injury/unknown,FAILURE TO YIELD RIGHT OF WAY,NORTH FEE LN,39.18458,-86.519245
901728547,2019,11,4,1400,Weekday,2-Car,No injury/unknown,FOLLOWING TOO CLOSELY,KINSER PIKE & VAUGHN CLIP,39.18453593,-86.53775967
901583015,2019,2,4,1000,Weekday,1-Car,No injury/unknown,UNSAFE BACKING,801 NORTH RANGE RD & RANGE,39.184208,-86.492816
901618588,2019,4,7,500,Weekend,2-Car,No injury/unknown,OTHER (DRIVER) - EXPLAIN IN NARRATIVE,N WALNUT ST,39.1841412,-86.5344552
901643081,2019,6,1,1900,Weekday,2-Car,No injury/unknown,UNSAFE LANE MOVEMENT,20TH & MONROE ST,39.184048,-86.546896
901644719,2019,6,3,1600,Weekday,2-Car,No injury/unknown,FOLLOWING TOO CLOSELY,20TH & N ARLINGTON RD,39.184048,-86.550192
901700645,2019,10,7,200,Weekend,1-Car,No injury/unknown,RAN OFF ROAD RIGHT,20TH & ARLINGTON RD,39.184048,-86.550192
901708620,2019,10,7,1000,Weekend,2-Car,No injury/unknown,,20TH & SASSAFRAS DR,39.184048,-86.54816
901618756,2019,4,6,1500,Weekday,2-Car,No injury/unknown,IMPROPER TURNING,N FEE LN & N JORDAN,39.18384,-86.5192
901582355,2019,2,3,100,Weekday,2-Car,No injury/unknown,SPEED TOO FAST FOR WEATHER CONDITIONS,FISHERS & NORTH JORDAN AVE,39.18377,-86.5168773
901612948,2019,3,3,1200,Weekday,2-Car,No injury/unknown,,FISHERS & JORDAN AVE,39.18377,-86.51686
901567204,2019,1,6,2200,Weekend,3+ Cars,No injury/unknown,ROADWAY SURFACE CONDITION,E VARSITY LN,39.18367,-86.530282
901567157,2019,1,7,0,Weekend,2-Car,No injury/unknown,SPEED TOO FAST FOR WEATHER CONDITIONS,E VARSITY LN,39.183668,-86.530209
901682697,2019,8,6,2000,Weekend,2-Car,No injury/unknown,UNSAFE BACKING,VARSITY VILLAS,39.183655,-86.53061
901752868,2019,12,3,1700,Weekday,2-Car,No injury/unknown,FOLLOWING TOO CLOSELY,LOESCH & VERNAL PIKE,39.18365387,-86.59265227
901682405,2019,8,6,2300,Weekend,2-Car,No injury/unknown,,VARISITY LN LN,39.183625,-86.530775
901645149,2019,6,4,2200,Weekday,1-Car,No injury/unknown,OTHER (DRIVER) - EXPLAIN IN NARRATIVE,S WALNUT ST,39.18350109,-86.53424
901680621,2019,8,2,1100,Weekday,2-Car,No injury/unknown,OTHER (DRIVER) - EXPLAIN IN NARRATIVE,SOUTH WALNUT ST,39.18347943,-86.53423289
901707456,2019,10,5,1700,Weekday,2-Car,No injury/unknown,OTHER (VEHICLE) - EXPLAIN IN NARRATIVE,AMARYLLIS DR,39.18341,-86.539668
901707707,2019,10,5,1400,Weekday,2-Car,No injury/unknown,SPEED TOO FAST FOR WEATHER CONDITIONS,CURRY PIKE & VERNAL,39.18336744,-86.58312501
901674202,2019,6,1,0,Weekend,2-Car,No injury/unknown,FOLLOWING TOO CLOSELY,OLD 37 & WALNUT ST,39.18336,-86.53415
901682696,2019,8,6,1800,Weekday,2-Car,No injury/unknown,FOLLOWING TOO CLOSELY,OLD N ST RD 37 & WALNUT ST,39.18336,-86.53415
901588231,2019,2,5,200,Weekday,2-Car,No injury/unknown,UNSAFE BACKING,N COLLEGE AVE,39.18335771,-86.53469029
901617801,2019,4,5,200,Weekday,2-Car,No injury/unknown,OTHER (DRIVER) - EXPLAIN IN NARRATIVE,N COLLEGE AVE,39.18335771,-86.53469029
901700878,2019,10,1,400,Weekend,2-Car,No injury/unknown,,N COLLEGE AVE,39.18335771,-86.53469029
901719325,2019,11,4,2000,Weekday,2-Car,Non-incapacitating,OTHER (DRIVER) - EXPLAIN IN NARRATIVE,NORTH COLLEGE AVE,39.18335771,-86.53469029
901630300,2019,5,2,2000,Weekday,1-Car,Non-incapacitating,OTHER (DRIVER) - EXPLAIN IN NARRATIVE,BALFOUR & SR46N,39.18323799,-86.51178391
901665654,2019,7,6,700,Weekday,2-Car,Non-incapacitating,UNSAFE SPEED,BALFOUR & SR46E,39.18323799,-86.51177959
901687662,2019,9,3,1600,Weekday,2-Car,Non-incapacitating,FOLLOWING TOO CLOSELY,BALFOUR & SR46E,39.18323799,-86.51177743
901583203,2019,2,3,1500,Weekday,2-Car,No injury/unknown,UNSAFE BACKING,E VARSITY LN,39.183142,-86.52933
901667673,2019,7,3,1900,Weekday,2-Car,Non-incapacitating,UNSAFE BACKING,WILLIS DR,39.183091,-86.544049
901638616,2019,5,6,1000,Weekday,2-Car,No injury/unknown,FOLLOWING TOO CLOSELY,BROOKDALE & KINSER PIKE,39.1830262,-86.53781943
901618578,2019,3,6,0,Weekday,2-Car,No injury/unknown,,DUNN & VARSITY LN,39.182976,-86.528416
901620842,2019,4,4,900,Weekday,2-Car,No injury/unknown,UNSAFE BACKING,E VARSITY LN,39.182976,-86.528416
901733018,2019,11,7,1900,Weekend,2-Car,No injury/unknown,UNSAFE LANE MOVEMENT,VARSITY LANE LN,39.182976,-86.528416
901642948,2019,6,1,600,Weekend,1-Car,No injury/unknown,RAN OFF ROAD RIGHT,N MONROE ST,39.18296686,-86.54692408
901610444,2019,3,2,800,Weekday,1-Car,No injury/unknown,RAN OFF ROAD RIGHT,N MONROE ST,39.18291657,-86.54692539
901617385,2019,4,4,1400,Weekday,2-Car,No injury/unknown,FOLLOWING TOO CLOSELY,19TH & WALNUT ST,39.18288252,-86.53403688
901697264,2019,9,1,2000,Weekday,2-Car,Non-incapacitating,FOLLOWING TOO CLOSELY,19TH & WALNUT ST,39.18288252,-86.53403688
901676568,2019,8,2,900,Weekday,1-Car,No injury/unknown,UNSAFE BACKING,EAST THIRD & HAWTHORNE ST,39.18275511,-86.52009
901618391,2019,4,6,1300,Weekday,2-Car,No injury/unknown,UNSAFE BACKING,N JORDAN AVE,39.18270085,-86.51294939
901685008,2019,8,4,1600,Weekday,Cyclist,No injury/unknown,FAILURE TO YIELD RIGHT OF WAY,KINSER & NORTHLANE DR,39.18265,-86.53777
901609111,2019,3,4,1900,Weekday,2-Car,No injury/unknown,FAILURE TO YIELD RIGHT OF WAY,N FEE LN,39.18242962,-86.51914028
901637905,2019,5,4,200,Weekday,1-Car,No injury/unknown,UNSAFE BACKING,N FEE LN,39.18242962,-86.51914028
901645659,2019,6,5,1300,Weekday,1-Car,No injury/unknown,IMPROPER TURNING,10TH & 2719 EAST 10TH (DOCK) ST,39.18223883,-86.53357828
901593727,2019,2,1,100,Weekend,2-Car,No injury/unknown,OTHER (DRIVER) - EXPLAIN IN NARRATIVE,S WALNUT ST,39.18220833,-86.53381551
901601369,2019,3,1,300,Weekend,2-Car,No injury/unknown,OTHER (DRIVER) - EXPLAIN IN NARRATIVE,WALNUT ST,39.18220833,-86.53381551
901680982,2019,8,3,1600,Weekday,2-Car,No injury/unknown,,E 10TH ST & N CAMPBELL,39.18216633,-86.51394
901624388,2019,4,5,1100,Weekday,2-Car,Non-incapacitating,FOLLOWING TOO CLOSELY,SR37S & VERNAL PK,39.18213773,-86.5609886
901568433,2019,1,2,900,Weekday,2-Car,No injury/unknown,FAILURE TO YIELD RIGHT OF WAY,E 10TH & SR46N,39.18213127,-86.50224214
901663056,2019,7,1,400,Weekend,2-Car,No injury/unknown,OTHER (DRIVER) - EXPLAIN IN NARRATIVE,N WALNUT ST,39.18203331,-86.53375804
901744010,2019,12,3,2100,Weekday,2-Car,No injury/unknown,FAILURE TO YIELD RIGHT OF WAY,N WALNUT ST,39.18203331,-86.53375804
901716670,2019,10,7,1100,Weekend,2-Car,No injury/unknown,UNSAFE BACKING,E RIDGE CT,39.18192,-86.543984
901675180,2019,8,5,1900,Weekday,Moped/Motorcycle,Incapacitating,OVERCORRECTING/OVERSTEERING,PATTERSON ST & SECOND,39.18189681,-86.54851
901572760,2019,1,1,1400,Weekend,2-Car,No injury/unknown,UNSAFE BACKING,N WASHINGTON ST,39.18184,-86.532192
901711913,2019,10,5,1800,Weekday,2-Car,No injury/unknown,OTHER (DRIVER) - EXPLAIN IN NARRATIVE,N WASHINGTON ST,39.18184,-86.532192
901737706,2019,12,7,0,Weekend,2-Car,No injury/unknown,IMPROPER TURNING,N WASHINGTON ST,39.18184,-86.532192
901743888,2019,12,3,1800,Weekday,2-Car,No injury/unknown,FAILURE TO YIELD RIGHT OF WAY,20TH & DUNN ST,39.18184,-86.5284
901731274,2019,11,3,1500,Weekday,2-Car,No injury/unknown,FAILURE TO YIELD RIGHT OF WAY,19TH & WALNUT ST,39.1818181,-86.53368738
901707591,2019,10,6,200,Weekday,1-Car,No injury/unknown,RAN OFF ROAD RIGHT,20TH ST & DUNN,39.18181026,-86.52892797
901621921,2019,4,6,1600,Weekday,3+ Cars,Non-incapacitating,SPEED TOO FAST FOR WEATHER CONDITIONS,19TH & WALNUT ST,39.181552,-86.5336
901649401,2019,6,6,2000,Weekend,3+ Cars,No injury/unknown,UNSAFE SPEED,E 19TH ST & N WALNUT,39.181552,-86.5336
901674708,2019,8,4,1600,Weekday,2-Car,No injury/unknown,FOLLOWING TOO CLOSELY,19TH & N WALNUT ST,39.181552,-86.5336
901733395,2019,11,1,1300,Weekend,2-Car,No injury/unknown,,N WALNUT ST,39.181552,-86.5336
901621256,2019,4,5,1700,Weekday,2-Car,No injury/unknown,FOLLOWING TOO CLOSELY,ARLINGTON RD & WEST 20TH,39.18142462,-86.54940688
901607568,2019,3,1,1800,Weekend,2-Car,No injury/unknown,IMPROPER TURNING,LAW & NORTH JORDAN AVE,39.18137612,-86.51547905
901611774,2019,3,4,100,Weekday,3+ Cars,Non-incapacitating,CELL PHONE USAGE,19TH ST & WASHINGTON,39.18128,-86.531792
901643074,2019,6,1,1800,Weekend,Pedestrian,Non-incapacitating,OTHER (DRIVER) - EXPLAIN IN NARRATIVE,NORTH LONGFELLOW RD & UPPER VALLEY,39.18128,-86.542064
901679700,2019,8,1,1700,Weekend,2-Car,No injury/unknown,FAILURE TO YIELD RIGHT OF WAY,19TH ST & WASHINGTON,39.18128,-86.531792
901722101,2019,11,2,1600,Weekday,2-Car,No injury/unknown,UNSAFE BACKING,E JONES AVE & S JORDAN,39.18126199,-86.51641
901617958,2019,4,5,1900,Weekday,Cyclist,Non-incapacitating,FAILURE TO YIELD RIGHT OF WAY,19TH ST & LINCOLN,39.18112,-86.530816
901658335,2019,6,4,1700,Weekday,2-Car,No injury/unknown,FAILURE TO YIELD RIGHT OF WAY,19TH ST & LINCOLN,39.18112,-86.53093
901658890,2019,7,5,1400,Weekday,2-Car,No injury/unknown,FOLLOWING TOO CLOSELY,COLLEGE AVENUE WXIT & SR37S,39.18104146,-86.53453308
901627847,2019,5,5,1100,Weekday,2-Car,No injury/unknown,FAILURE TO YIELD RIGHT OF WAY,E 19TH & N DUNN ST,39.18104,-86.5284
901668746,2019,7,5,2300,Weekday,2-Car,No injury/unknown,IMPROPER TURNING,E 19TH ST,39.18104,-86.52943151
901727669,2019,11,4,1100,Weekday,2-Car,No injury/unknown,IMPROPER TURNING,N DUNN ST,39.18104,-86.5284
901636630,2019,5,2,1700,Weekday,1-Car,No injury/unknown,OBSTRUCTION NOT MARKED,HENNESSEY & ROCKPORT RD,39.18101306,-86.55672
901659224,2019,7,6,1200,Weekday,1-Car,Non-incapacitating,RAN OFF ROAD RIGHT,HENNESSEY & ROCKPORT RD,39.18101306,-86.55672
901636837,2019,5,2,1700,Weekday,1-Car,No injury/unknown,OBSTRUCTION NOT MARKED,HENNESSEY & ROCKPORT RD,39.18097552,-86.5567129
901646106,2019,6,6,1000,Weekday,2-Car,No injury/unknown,UNSAFE BACKING,SLATE DR,39.18082416,-86.54076308
901667143,2019,7,2,1400,Weekday,2-Car,No injury/unknown,OTHER (DRIVER) - EXPLAIN IN NARRATIVE,WESTFIELD & WILLIS DR,39.18069732,-86.54396962
901683185,2019,8,1,0,Weekend,2-Car,No injury/unknown,UNSAFE BACKING,W MARBLE LN,39.18067914,-86.54081131
901698449,2019,9,3,1000,Weekday,2-Car,Non-incapacitating,FAILURE TO YIELD RIGHT OF WAY,CURRY PIKE & VERNAL,39.18062115,-86.583175
901641289,2019,6,4,400,Weekday,2-Car,No injury/unknown,UNSAFE SPEED,W MARBLE LN,39.18060101,-86.54089686
901736881,2019,12,5,1000,Weekday,2-Car,No injury/unknown,OTHER (DRIVER) - EXPLAIN IN NARRATIVE,WEST ST,39.18056,-86.543968
901724586,2019,11,6,900,Weekday,2-Car,Non-incapacitating,FAILURE TO YIELD RIGHT OF WAY,17TH & SR45E,39.18039903,-86.50786573
901642966,2019,6,1,1300,Weekend,2-Car,No injury/unknown,UNSAFE BACKING,WEST MARBLE LN,39.180375,-86.540719
901615551,2019,4,7,1800,Weekend,1-Car,No injury/unknown,UNSAFE BACKING,NORTH FEE LN,39.180357,-86.519098
901580363,2019,1,6,100,Weekday,2-Car,No injury/unknown,,18TH ST & GRANT,39.180352,-86.529792