Master Record Number,Year,Month,Day,Hour,Weekend,Collision Type,Injury Type,Primary Factor,Reported_Location,Latitude,Longitude
901686642,2019,9,1,300,Weekend,1-Car,No injury/unknown,OTHER (DRIVER) - EXPLAIN IN NARRATIVE,N DUNN ST,39.180352,-86.5284
901691270,2019,9,3,1400,Weekday,2-Car,No injury/unknown,FAILURE TO YIELD RIGHT OF WAY,N DUNN ST,39.180352,-86.5284
901733517,2019,11,1,2100,Weekday,2-Car,Non-incapacitating,CELL PHONE USAGE,18TH & DUNN ST,39.180352,-86.5284
901694048,2019,9,2,900,Weekday,Bus,No injury/unknown,FAILURE TO YIELD RIGHT OF WAY,NORTH DUNN ST,39.18019,-86.528309
901715193,2019,10,4,1400,Weekday,Bus,No injury/unknown,UNSAFE BACKING,N DUNN ST,39.18019,-86.528309
901724983,2019,11,7,0,Weekend,2-Car,No injury/unknown,UNSAFE BACKING,GRANITE DR,39.180185,-86.539774
901726079,2019,11,7,0,Weekend,Pedestrian,Incapacitating,OTHER (DRIVER) - EXPLAIN IN NARRATIVE,GRANITE DR,39.18017976,-86.53969958
901570571,2019,1,4,1100,Weekday,2-Car,No injury/unknown,OTHER (DRIVER) - EXPLAIN IN NARRATIVE,N WASHINGTON ST,39.18008727,-86.53212331
901594892,2019,2,2,700,Weekday,2-Car,No injury/unknown,IMPROPER LANE USAGE,NORTH JORDAN AVE,39.18008244,-86.51092331
901628923,2019,5,7,2300,Weekend,2-Car,No injury/unknown,LEFT OF CENTER,17TH & SR46E,39.18002634,-86.50734724
901698083,2019,9,2,0,Weekday,2-Car,No injury/unknown,,N WASHINGTON ST,39.18001455,-86.53214352
901681275,2019,8,4,700,Weekday,2-Car,No injury/unknown,OTHER (VEHICLE) - EXPLAIN IN NARRATIVE,S WALNUT ST,39.17997932,-86.53330441
901630414,2019,5,4,0,Weekday,3+ Cars,No injury/unknown,IMPROPER LANE USAGE,20TH & LINCOLN ST,39.17985094,-86.53083879
901603352,2019,3,5,700,Weekday,2-Car,No injury/unknown,UNSAFE SPEED,17TH & SR46W,39.17984,-86.507088
901610245,2019,3,1,1600,Weekend,2-Car,No injury/unknown,FOLLOWING TOO CLOSELY,17TH & SR4546E,39.17984,-86.507088
901615161,2019,4,6,900,Weekday,2-Car,Non-incapacitating,UNSAFE SPEED,17TH & SR46E,39.17984,-86.507088
901618821,2019,4,7,2300,Weekend,Pedestrian,Non-incapacitating,PEDESTRIAN ACTION,E 17TH & SR45,39.17984,-86.507088
901660622,2019,7,2,1900,Weekday,2-Car,No injury/unknown,FOLLOWING TOO CLOSELY,17TH ST & SR4546,39.17984,-86.507088
901689589,2019,9,7,100,Weekend,2-Car,No injury/unknown,LEFT OF CENTER,17TH & SR46N,39.17984,-86.507088
901693428,2019,9,1,0,Weekend,1-Car,No injury/unknown,BRAKE FAILURE OR DEFECTIVE,17TH & SR4546N,39.17984,-86.507088
901724818,2019,11,6,1600,Weekday,3+ Cars,Non-incapacitating,FAILURE TO YIELD RIGHT OF WAY,17TH & SR4546E,39.17984,-86.507088
901733315,2019,11,7,2200,Weekend,1-Car,No injury/unknown,ANIMAL/OBJECT IN ROADWAY,17TH & SR4546E,39.17984,-86.507088
901753511,2019,12,7,2000,Weekend,2-Car,No injury/unknown,FOLLOWING TOO CLOSELY,17TH & SR4546E,39.17984,-86.507088
901754569,2019,12,7,2000,Weekend,2-Car,Non-incapacitating,FAILURE TO YIELD RIGHT OF WAY,17TH & SR4546E,39.17984,-86.507088
901753280,2019,12,7,1400,Weekend,1-Car,No injury/unknown,UNSAFE LANE MOVEMENT,17TH ST & 45 46,39.17977042,-86.50724012
901617962,2019,4,5,1800,Weekday,2-Car,No injury/unknown,UNSAFE BACKING,N JORDAN AVE,39.17967426,-86.511088
901684272,2019,8,5,1000,Weekday,1-Car,No injury/unknown,UNSAFE BACKING,N FEE LN,39.17965751,-86.51902289
901657099,2019,7,2,2200,Weekday,1-Car,No injury/unknown,OTHER (DRIVER) - EXPLAIN IN NARRATIVE,TROY CT,39.179632,-86.539136
901679136,2019,8,6,1600,Weekday,2-Car,No injury/unknown,FAILURE TO YIELD RIGHT OF WAY,W ARLINGTON RD,39.1793458,-86.54728221
901623549,2019,4,3,1400,Weekday,1-Car,No injury/unknown,RAN OFF ROAD RIGHT,LINDBERGH & W 17TH ST,39.17924801,-86.55153334
901567423,2019,1,6,2000,Weekend,2-Car,Non-incapacitating,SPEED TOO FAST FOR WEATHER CONDITIONS,17TH ST & LINDBERGH,39.179248,-86.552592
901579055,2019,1,3,1700,Weekday,1-Car,No injury/unknown,FAILURE TO YIELD RIGHT OF WAY,17TH & NORTH MONROE ST,39.179248,-86.547104
901592203,2019,2,4,1100,Weekday,2-Car,No injury/unknown,FAILURE TO YIELD RIGHT OF WAY,17TH ST & MONROE,39.179248,-86.547104
901626942,2019,5,2,1500,Weekday,2-Car,No injury/unknown,DRIVER DISTRACTED - EXPLAIN IN NARRATIVE,CURRY PIKE & VERNAL,39.179248,-86.5832
901640644,2019,5,3,1400,Weekday,2-Car,Non-incapacitating,FAILURE TO YIELD RIGHT OF WAY,17TH ST & MONROE,39.179248,-86.547104
901643770,2019,6,2,1700,Weekday,2-Car,Non-incapacitating,FOLLOWING TOO CLOSELY,N CURRY PIKE & W VERNAL,39.179248,-86.5832
901649520,2019,6,7,800,Weekend,1-Car,No injury/unknown,UNSAFE SPEED,17TH ST & MONROE,39.179248,-86.547104
901678626,2019,8,5,1800,Weekday,2-Car,No injury/unknown,FOLLOWING TOO CLOSELY,17TH ST & MONROE,39.179248,-86.547104
901681665,2019,8,4,1700,Weekday,2-Car,No injury/unknown,FAILURE TO YIELD RIGHT OF WAY,N CURRY PIKE & W VERNAL,39.179248,-86.5832
901693366,2019,9,6,1400,Weekday,2-Car,No injury/unknown,FAILURE TO YIELD RIGHT OF WAY,17TH ST & MONROE,39.179248,-86.547104
901707423,2019,10,5,1600,Weekday,2-Car,Non-incapacitating,BRAKE FAILURE OR DEFECTIVE,ARLINGTON & MONROE ST,39.179248,-86.547104
901715494,2019,10,5,900,Weekday,1-Car,No injury/unknown,OVERCORRECTING/OVERSTEERING,17 TH ST ST & CRESCENT DR,39.179248,-86.556592
901723110,2019,11,4,800,Weekday,2-Car,Non-incapacitating,FOLLOWING TOO CLOSELY,17TH ST & MONROE,39.179248,-86.54698049
901729927,2019,11,1,900,Weekend,1-Car,No injury/unknown,SPEED TOO FAST FOR WEATHER CONDITIONS,17TH & CRESCENT RD,39.179248,-86.556592
901711975,2019,10,5,1400,Weekday,1-Car,No injury/unknown,SPEED TOO FAST FOR WEATHER CONDITIONS,17TH ST & MONORE,39.17922,-86.5471
901575438,2019,1,5,1000,Weekday,1-Car,No injury/unknown,SPEED TOO FAST FOR WEATHER CONDITIONS,BLOOMFIELD & SR37N,39.17921191,-86.57320781
901614547,2019,4,4,1500,Weekday,Bus,No injury/unknown,FAILURE TO YIELD RIGHT OF WAY,CURRY & VERNAL PIKE,39.17920134,-86.58322096
901656762,2019,7,1,400,Weekend,1-Car,No injury/unknown,RAN OFF ROAD RIGHT,N KINSER PIKE,39.179143,-86.53775
901690348,2019,9,2,700,Weekday,1-Car,No injury/unknown,ANIMAL/OBJECT IN ROADWAY,17TH & SR46E,39.17914212,-86.50652519
901590001,2019,1,5,2300,Weekday,2-Car,No injury/unknown,UNSAFE BACKING,N JORDAN AVE,39.17912342,-86.511088
901577305,2019,1,7,1800,Weekend,2-Car,No injury/unknown,UNSAFE BACKING,N WILLIS DR & W 17TH,39.179104,-86.544016
901620234,2019,4,3,1200,Weekday,2-Car,No injury/unknown,FAILURE TO YIELD RIGHT OF WAY,N WILLIS & W 17TH ST,39.179104,-86.544016
901749228,2019,12,5,2000,Weekday,2-Car,Non-incapacitating,FAILURE TO YIELD RIGHT OF WAY,N WILLIS & W 17TH ST,39.179104,-86.544016
901567992,2019,1,6,2100,Weekend,2-Car,Non-incapacitating,ROADWAY SURFACE CONDITION,LINBERGH DR & WEST 17TH ST,39.17909548,-86.5525943
901616541,2019,4,3,200,Weekday,2-Car,No injury/unknown,UNSAFE BACKING,N JORDAN AVE,39.17908408,-86.511088
901618744,2019,4,7,1600,Weekend,2-Car,No injury/unknown,UNSAFE BACKING,N JORDAN AVE,39.17908408,-86.511088
901645296,2019,6,5,1200,Weekday,2-Car,No injury/unknown,UNSAFE BACKING,N LINDBURG & W 17TH ST,39.17908005,-86.55264575
901642974,2019,6,1,1300,Weekend,2-Car,No injury/unknown,DRIVER DISTRACTED - EXPLAIN IN NARRATIVE,EAST 17TH ST,39.17906329,-86.5209221
901573345,2019,1,7,2200,Weekend,2-Car,Non-incapacitating,LEFT OF CENTER,EAST 17TH ST & NORTH LINCOLN,39.17904,-86.530848
901581214,2019,1,7,1600,Weekend,2-Car,No injury/unknown,FAILURE TO YIELD RIGHT OF WAY,17TH & DUNN ST,39.17904,-86.5284
901588914,2019,2,5,1700,Weekday,2-Car,Non-incapacitating,FAILURE TO YIELD RIGHT OF WAY,17TH ST & LINCOLN,39.17904,-86.530848
901596450,2019,2,3,1900,Weekday,2-Car,No injury/unknown,UNSAFE BACKING,N DUNN ST,39.17904,-86.5284
901596486,2019,2,4,2300,Weekday,2-Car,No injury/unknown,FAILURE TO YIELD RIGHT OF WAY,N LINCOLN & W 17TH ST,39.17904,-86.530848
901601213,2019,3,6,1300,Weekday,2-Car,Non-incapacitating,FOLLOWING TOO CLOSELY,17TH ST & WASHINGTON,39.17904,-86.532096
901602389,2019,3,2,2000,Weekday,2-Car,No injury/unknown,UNSAFE BACKING,17TH & DUNN ST,39.17904,-86.5284
901603249,2019,3,4,2100,Weekday,1-Car,No injury/unknown,ANIMAL/OBJECT IN ROADWAY,17TH & N DUNN ST,39.17904,-86.5284
901604318,2019,3,6,1400,Weekday,3+ Cars,No injury/unknown,FOLLOWING TOO CLOSELY,17TH ST & NORTH WASHINGTON,39.17904,-86.532096
901612120,2019,3,5,1700,Weekday,2-Car,No injury/unknown,FAILURE TO YIELD RIGHT OF WAY,E 17TH ST & N LINCOLN,39.17904,-86.530848
901618457,2019,4,6,1300,Weekday,2-Car,Non-incapacitating,FAILURE TO YIELD RIGHT OF WAY,E 17 TH ST & LINCOLN,39.17904,-86.530848
901624596,2019,4,5,1500,Weekday,3+ Cars,No injury/unknown,FOLLOWING TOO CLOSELY,E 17TH ST & N WASHINGTON,39.17904,-86.532096
901628548,2019,5,6,1600,Weekday,Pedestrian,Non-incapacitating,PEDESTRIAN ACTION,17TH & DUNN ST,39.17904,-86.5284
901636884,2019,5,3,1000,Weekday,2-Car,No injury/unknown,FAILURE TO YIELD RIGHT OF WAY,DUNN & SEVENTEENTH ST,39.17904,-86.5284
901655098,2019,6,4,1900,Weekday,2-Car,No injury/unknown,FAILURE TO YIELD RIGHT OF WAY,17TH & DUNN ST,39.17904,-86.5284
901677433,2019,8,3,1700,Weekday,3+ Cars,Non-incapacitating,OTHER (DRIVER) - EXPLAIN IN NARRATIVE,17TH ST & WASHINGTON,39.17904,-86.532096
901684563,2019,8,3,2000,Weekday,2-Car,No injury/unknown,UNSAFE BACKING,N DUNN ST,39.17904,-86.5284
901702675,2019,10,4,700,Weekday,Bus,No injury/unknown,FAILURE TO YIELD RIGHT OF WAY,17TH ST & DUNN,39.17904,-86.5284
901715661,2019,10,5,1200,Weekday,2-Car,No injury/unknown,FOLLOWING TOO CLOSELY,17TH ST & LINCOLN,39.17904,-86.530848
901716667,2019,10,7,1100,Weekend,2-Car,No injury/unknown,UNSAFE BACKING,17TH & LINCOLN ST,39.17904,-86.530848
901722190,2019,11,2,1800,Weekday,2-Car,Non-incapacitating,FOLLOWING TOO CLOSELY,17 ST & MAPLE,39.17904,-86.542096
901722999,2019,11,4,200,Weekday,1-Car,No injury/unknown,RAN OFF ROAD RIGHT,E 17TH & N DUNN ST,39.17904,-86.5284
901734226,2019,11,1,2100,Weekday,2-Car,No injury/unknown,FOLLOWING TOO CLOSELY,17TH ST & LINCOLN,39.17904,-86.530848
901745599,2019,12,6,1500,Weekday,2-Car,No injury/unknown,FAILURE TO YIELD RIGHT OF WAY,17TH & DUNN ST,39.17904,-86.5284
901753319,2019,12,7,1700,Weekend,1-Car,No injury/unknown,OTHER (DRIVER) - EXPLAIN IN NARRATIVE,17TH & DUNN ST,39.17904,-86.5284
901747352,2019,12,2,2000,Weekday,3+ Cars,Non-incapacitating,FOLLOWING TOO CLOSELY,17TH ST & WOODLAWN,39.17903982,-86.52360029
901608671,2019,3,3,1600,Weekday,2-Car,No injury/unknown,UNSAFE BACKING,E 17TH ST,39.17903837,-86.52827755
901664718,2019,7,4,1000,Weekday,1-Car,No injury/unknown,OTHER (DRIVER) - EXPLAIN IN NARRATIVE,E 17TH ST,39.17903837,-86.52827755
901590336,2019,2,1,400,Weekend,1-Car,No injury/unknown,FOLLOWING TOO CLOSELY,E 17TH ST & N INDIANA,39.17902717,-86.52707671
901596957,2019,2,4,2300,Weekday,2-Car,No injury/unknown,FOLLOWING TOO CLOSELY,E 17TH ST,39.17902717,-86.52100467
901612073,2019,3,5,1200,Weekday,2-Car,No injury/unknown,,EAST 17TH ST,39.17902717,-86.52590192
901719390,2019,11,4,2100,Weekday,2-Car,No injury/unknown,OTHER (DRIVER) - EXPLAIN IN NARRATIVE,W 17TH ST,39.17902596,-86.5403409
901596481,2019,2,6,500,Weekday,3+ Cars,No injury/unknown,RAN OFF ROAD RIGHT,17TH & INDIANA AVE,39.179024,-86.5272
901612491,2019,4,6,1500,Weekday,2-Car,No injury/unknown,FOLLOWING TOO CLOSELY,JACKSON & WEST 17TH ST,39.179024,-86.539616
901670157,2019,8,2,1500,Weekday,2-Car,No injury/unknown,FOLLOWING TOO CLOSELY,17TH ST & INDIANA,39.179024,-86.5272
901708088,2019,10,6,1400,Weekday,2-Car,Non-incapacitating,FOLLOWING TOO CLOSELY,17TH ST & JACKSON,39.179024,-86.539616
901735025,2019,11,3,1100,Weekday,2-Car,Non-incapacitating,FAILURE TO YIELD RIGHT OF WAY,17TH ST & INDIANA,39.179024,-86.5272
901735271,2019,11,1,1800,Weekend,Pedestrian,Non-incapacitating,OTHER (DRIVER) - EXPLAIN IN NARRATIVE,17TH ST & INDIANA,39.179024,-86.5272
901617764,2019,4,5,1200,Weekday,2-Car,No injury/unknown,UNSAFE BACKING,NORTH DUNN ST,39.179022,-86.528328
901616818,2019,4,3,1400,Weekday,2-Car,No injury/unknown,UNSAFE BACKING,701 E 17TH   (WHITE LOT) ST & DUNN,39.17902034,-86.52837376
901684933,2019,8,4,1300,Weekday,2-Car,No injury/unknown,FAILURE TO YIELD RIGHT OF WAY,701 EAST 17TH (WHITE LOT) ST & DUNN,39.17902034,-86.52836511
901574921,2019,1,4,1700,Weekday,2-Car,No injury/unknown,FOLLOWING TOO CLOSELY,E 17TH ST & N INDIANA,39.17902,-86.52705
901575813,2019,1,5,1500,Weekday,2-Car,No injury/unknown,SPEED TOO FAST FOR WEATHER CONDITIONS,E 17TH ST & N WALNUT GROVE,39.17902,-86.5211
901696890,2019,9,6,2100,Weekend,2-Car,No injury/unknown,FAILURE TO YIELD RIGHT OF WAY,17TH ST & INDIANA,39.17902,-86.52705
901721108,2019,11,7,2100,Weekend,3+ Cars,Non-incapacitating,FOLLOWING TOO CLOSELY,17TH ST & FORREST,39.17902,-86.5225
901646452,2019,6,1,200,Weekend,1-Car,No injury/unknown,DISREGARD SIGNAL/REG SIGN,EAST SEVENTEENTH & INDIANA AVE,39.1790197,-86.52705028
901716450,2019,10,6,1400,Weekday,2-Car,No injury/unknown,FOLLOWING TOO CLOSELY,17TH ST & LINCOLN,39.17901822,-86.53067379
901657782,2019,6,2,2100,Weekday,2-Car,No injury/unknown,UNSAFE BACKING,W 17TH ST,39.17900881,-86.53875006
901580536,2019,1,2,700,Weekday,2-Car,No injury/unknown,UNSAFE BACKING,E 17TH ST,39.179008,-86.525888
901627501,2019,5,2,1200,Weekday,2-Car,No injury/unknown,UNSAFE BACKING,E 17TH ST,39.179008,-86.525888
901658857,2019,7,5,1600,Weekday,2-Car,No injury/unknown,UNSAFE BACKING,EAST 17TH ST,39.179008,-86.525888
901664202,2019,7,3,1200,Weekday,3+ Cars,No injury/unknown,DRIVER DISTRACTED - EXPLAIN IN NARRATIVE,FESS & SEVENTEENTH ST,39.179008,-86.525888
901674184,2019,8,3,2200,Weekday,2-Car,No injury/unknown,UNSAFE BACKING,EAST 17TH ST,39.179008,-86.525888
901717386,2019,10,1,900,Weekend,2-Car,No injury/unknown,UNSAFE SPEED,17TH ST & FESS,39.179008,-86.525888
901723545,2019,11,4,1800,Weekday,3+ Cars,No injury/unknown,FOLLOWING TOO CLOSELY,17TH ST & FESS,39.179008,-86.525888
901734816,2019,11,2,2300,Weekday,1-Car,No injury/unknown,OTHER (DRIVER) - EXPLAIN IN NARRATIVE,E 17TH ST,39.179008,-86.525888
901657747,2019,7,3,1600,Weekday,2-Car,Non-incapacitating,OTHER (DRIVER) - EXPLAIN IN NARRATIVE,BALFOUR & SR46E,39.1790062,-86.51178391
901716695,2019,10,7,1100,Weekend,2-Car,No injury/unknown,FOLLOWING TOO CLOSELY,17TH ST & KINSER,39.1789951,-86.5379684
901610078,2019,3,7,1400,Weekend,2-Car,No injury/unknown,FAILURE TO YIELD RIGHT OF WAY,N MADISON & W 17TH ST,39.178992,-86.537792
901617937,2019,4,5,2000,Weekday,2-Car,No injury/unknown,DISREGARD SIGNAL/REG SIGN,N MADISON & W 17TH ST,39.178992,-86.537792
901627946,2019,5,5,1400,Weekday,2-Car,Non-incapacitating,FOLLOWING TOO CLOSELY,17TH ST & MADISON,39.178992,-86.537792
901629161,2019,5,1,1700,Weekend,2-Car,No injury/unknown,FOLLOWING TOO CLOSELY,17TH ST & WOODLAWN,39.178992,-86.523504
901642716,2019,6,7,1600,Weekend,2-Car,No injury/unknown,FOLLOWING TOO CLOSELY,17TH ST & WOODLAWN,39.178992,-86.523504
901652168,2019,6,5,1200,Weekday,2-Car,No injury/unknown,FAILURE TO YIELD RIGHT OF WAY,1200 N MADISON ST & 500 W 17TH,39.178992,-86.537792
901669322,2019,7,7,100,Weekend,Moped/Motorcycle,Non-incapacitating,FAILURE TO YIELD RIGHT OF WAY,17TH ST & KINSER,39.178992,-86.537792
901683056,2019,8,1,2300,Weekday,2-Car,No injury/unknown,DISREGARD SIGNAL/REG SIGN,N MADISON & W 17TH ST,39.178992,-86.537792
901690029,2019,9,1,1900,Weekday,2-Car,No injury/unknown,UNSAFE BACKING,W 17TH ST,39.178992,-86.537792
901707490,2019,10,5,1500,Weekday,2-Car,Non-incapacitating,DRIVER DISTRACTED - EXPLAIN IN NARRATIVE,17TH & KINSER PIKE,39.178992,-86.537792
901711553,2019,10,4,1800,Weekday,3+ Cars,No injury/unknown,FOLLOWING TOO CLOSELY,17TH ST & KINSER,39.178992,-86.537792
901712261,2019,10,6,800,Weekday,2-Car,No injury/unknown,DISREGARD SIGNAL/REG SIGN,MADISON & W 17TH ST,39.178992,-86.537792
901712921,2019,10,7,1700,Weekend,2-Car,No injury/unknown,FOLLOWING TOO CLOSELY,17TH ST & KINSER,39.178992,-86.537792
901723915,2019,11,4,1700,Weekday,2-Car,No injury/unknown,FAILURE TO YIELD RIGHT OF WAY,17TH ST & MADISON,39.178992,-86.537792
901733406,2019,11,1,1900,Weekday,2-Car,No injury/unknown,IMPROPER TURNING,17TH ST & WOODLAWN,39.178992,-86.523504
901669241,2019,7,7,500,Weekend,Pedestrian,Non-incapacitating,OTHER (DRIVER) - EXPLAIN IN NARRATIVE,17TH ST & MADISON,39.17898879,-86.53743914
901587324,2019,2,3,1700,Weekday,3+ Cars,No injury/unknown,FOLLOWING TOO CLOSELY,17TH ST & WOODBURN,39.17897761,-86.53620843
901570591,2019,1,3,1800,Weekday,2-Car,No injury/unknown,SPEED TOO FAST FOR WEATHER CONDITIONS,N WOODBURN & W 17TH ST,39.178976,-86.536032
901588557,2019,2,5,900,Weekday,2-Car,No injury/unknown,FAILURE TO YIELD RIGHT OF WAY,17TH ST & WOODBURN,39.178976,-86.536032
901712841,2019,10,6,2000,Weekend,2-Car,No injury/unknown,UNSAFE BACKING,W 17TH ST,39.1789711,-86.52199837
901720933,2019,11,5,1600,Weekday,2-Car,No injury/unknown,FOLLOWING TOO CLOSELY,17TH ST & WALNUT,39.17897,-86.53349
901729472,2019,11,7,0,Weekend,1-Car,No injury/unknown,OTHER (DRIVER) - EXPLAIN IN NARRATIVE,N JORDAN AVE,39.1789674,-86.51087388
901621691,2019,4,6,1600,Weekday,3+ Cars,Non-incapacitating,FOLLOWING TOO CLOSELY,17TH ST & WALNUT GROVE,39.17896215,-86.52126442
901615143,2019,4,6,900,Weekday,1-Car,No injury/unknown,UNSAFE BACKING,E 17TH ST,39.17896,-86.521088
901615472,2019,4,7,1200,Weekend,2-Car,No injury/unknown,IMPROPER TURNING,N COLLEGE AVE & W 17TH,39.17896,-86.53472
901617553,2019,4,4,2200,Weekday,2-Car,No injury/unknown,UNSAFE BACKING,W 17TH ST,39.17896,-86.53472
901633225,2019,5,2,2100,Weekday,2-Car,No injury/unknown,DISREGARD SIGNAL/REG SIGN,N COLLEGE & W 17TH ST,39.17896,-86.53472
901675832,2019,8,7,1200,Weekend,2-Car,No injury/unknown,FOLLOWING TOO CLOSELY,SEVENTEENTH ST & WALNUT GROVE,39.17896,-86.521088
901685870,2019,9,6,1000,Weekday,2-Car,No injury/unknown,UNSAFE SPEED,E 17TH ST,39.17896,-86.521088
901693817,2019,9,6,1900,Weekend,2-Car,No injury/unknown,FAILURE TO YIELD RIGHT OF WAY,COLLEGE & W 17TH ST,39.17896,-86.53472
901703458,2019,10,5,900,Weekday,2-Car,Non-incapacitating,FAILURE TO YIELD RIGHT OF WAY,N COLLEGE & W 17TH ST,39.17896,-86.53472
901708325,2019,10,6,1200,Weekday,2-Car,No injury/unknown,IMPROPER PASSING,N COLLEGE & W 17TH ST,39.17896,-86.53472
901711974,2019,10,4,2100,Weekday,2-Car,No injury/unknown,UNSAFE SPEED,17TH ST & COLLEGE,39.17896,-86.53472
901712532,2019,10,6,1500,Weekday,2-Car,No injury/unknown,FAILURE TO YIELD RIGHT OF WAY,17TH ST & COLLEGE,39.17896,-86.53472
901730725,2019,11,2,1600,Weekday,2-Car,No injury/unknown,FAILURE TO YIELD RIGHT OF WAY,17TH ST & WALNUT,39.17896,-86.521088
901732845,2019,11,7,800,Weekend,2-Car,No injury/unknown,IMPROPER LANE USAGE,E 17TH ST,39.17896,-86.521088
901738283,2019,12,1,1700,Weekend,2-Car,No injury/unknown,OTHER (DRIVER) - EXPLAIN IN NARRATIVE,W 17TH ST,39.17896,-86.53472
901742206,2019,12,1,0,Weekend,2-Car,No injury/unknown,FAILURE TO YIELD RIGHT OF WAY,17TH ST & COLLEGE,39.17896,-86.53472
901627495,2019,5,4,1400,Weekday,2-Car,No injury/unknown,FOLLOWING TOO CLOSELY,17TH ST & WALNUT,39.17895785,-86.52094687
901661654,2019,7,4,1500,Weekday,2-Car,Non-incapacitating,FOLLOWING TOO CLOSELY,17TH ST & WALNUT,39.17895701,-86.53321635
901737783,2019,12,7,1200,Weekend,Moped/Motorcycle,No injury/unknown,OTHER (DRIVER) - EXPLAIN IN NARRATIVE,E 17TH ST,39.17895065,-86.52955121
901680569,2019,8,2,1100,Weekday,2-Car,No injury/unknown,OTHER (VEHICLE) - EXPLAIN IN NARRATIVE,WEST  17TH ST,39.1789454,-86.52013144
901602771,2019,3,3,1500,Weekday,3+ Cars,Non-incapacitating,DISREGARD SIGNAL/REG SIGN,17TH ST & WALNUT,39.178944,-86.533392
901609123,2019,3,4,1600,Weekday,3+ Cars,No injury/unknown,UNSAFE LANE MOVEMENT,E 17TH & N WALNUT ST,39.178944,-86.533392
901653573,2019,6,2,800,Weekday,2-Car,Non-incapacitating,SPEED TOO FAST FOR WEATHER CONDITIONS,E 17TH ST & N WALNUT,39.178944,-86.533392
901673951,2019,8,2,1500,Weekday,2-Car,No injury/unknown,FOLLOWING TOO CLOSELY,17TH ST & WALNUT,39.178944,-86.533392
901682893,2019,8,6,1600,Weekday,3+ Cars,No injury/unknown,FOLLOWING TOO CLOSELY,E 17TH ST & N GRANT,39.178944,-86.5296
901747358,2019,12,2,2000,Weekday,2-Car,No injury/unknown,FAILURE TO YIELD RIGHT OF WAY,E 17TH ST & FEE,39.17893608,-86.51952122
901678485,2019,8,4,400,Weekday,2-Car,No injury/unknown,OTHER (DRIVER) - EXPLAIN IN NARRATIVE,JOHNATHAN & N CURRY PIKE,39.17893546,-86.58298
901615316,2019,4,6,1400,Weekday,2-Car,No injury/unknown,DISREGARD SIGNAL/REG SIGN,17TH ST & FEE,39.178928,-86.518992
901616866,2019,4,3,1700,Weekday,Bus,No injury/unknown,UNSAFE BACKING,17TH & FEE LN,39.178928,-86.518992
901622440,2019,4,6,1600,Weekday,2-Car,No injury/unknown,IMPROPER LANE USAGE,17TH ST & FEE,39.178928,-86.518992
901680398,2019,8,2,1600,Weekday,2-Car,No injury/unknown,IMPROPER PASSING,17TH ST & FEE,39.178928,-86.518992
901723546,2019,11,4,1800,Weekday,2-Car,No injury/unknown,UNSAFE BACKING,17TH & INDIANA AVE,39.1788867,-86.52719648
901569784,2019,1,3,1500,Weekday,Bus,No injury/unknown,FOLLOWING TOO CLOSELY,EAST 17TH & NORTH JORDAN AVE,39.17885983,-86.51246693
901619052,2019,4,1,1800,Weekend,2-Car,No injury/unknown,FAILURE TO YIELD RIGHT OF WAY,17TH ST & JORDAN,39.17885983,-86.51089736
901585051,2019,2,7,1800,Weekend,2-Car,No injury/unknown,UNSAFE BACKING,17TH ST & JORDAN,39.178848,-86.511088
901600991,2019,3,6,1600,Weekday,2-Car,No injury/unknown,FOLLOWING TOO CLOSELY,17TH & JORDAN AVE,39.178848,-86.511088
901609722,2019,3,6,1100,Weekday,2-Car,No injury/unknown,IMPROPER TURNING,600 N JORDAN (PARKING) AVE & JORDAN,39.178848,-86.511088
901609797,2019,3,6,1400,Weekday,2-Car,No injury/unknown,FOLLOWING TOO CLOSELY,EAST 17TH & NORTH JORDAN AVE,39.178848,-86.511088
901614117,2019,4,3,1700,Weekday,2-Car,No injury/unknown,FAILURE TO YIELD RIGHT OF WAY,E 17TH & NORTH JORDAN AVE,39.178848,-86.511088
901615455,2019,4,7,1100,Weekend,1-Car,No injury/unknown,OTHER (DRIVER) - EXPLAIN IN NARRATIVE,101 N JORDAN AVE & JORDAN,39.178848,-86.511088
901616597,2019,4,2,1200,Weekday,2-Car,No injury/unknown,FOLLOWING TOO CLOSELY,E 17TH ST & JORDAN,39.178848,-86.511088
901618440,2019,4,6,1600,Weekday,2-Car,No injury/unknown,FOLLOWING TOO CLOSELY,17TH ST & JORDAN,39.178848,-86.511088
901624127,2019,4,4,1900,Weekday,Pedestrian,Non-incapacitating,PEDESTRIAN ACTION,17TH & NORTH JORDAN AVE,39.178848,-86.511088
901628159,2019,5,5,2300,Weekday,2-Car,No injury/unknown,UNSAFE BACKING,E 17TH ST,39.178848,-86.51144
901628979,2019,5,7,1300,Weekend,3+ Cars,No injury/unknown,FOLLOWING TOO CLOSELY,17TH ST & JORDAN,39.178848,-86.511088
901652188,2019,6,5,1300,Weekday,1-Car,No injury/unknown,OTHER (VEHICLE) - EXPLAIN IN NARRATIVE,N RANGE RD,39.178848,-86.495296
901670758,2019,8,3,1500,Weekday,Moped/Motorcycle,Non-incapacitating,VIEW OBSTRUCTED,EAST 17TH ST,39.178848,-86.51192519