Master Record Number,Year,Month,Day,Hour,Weekend,Collision Type,Injury Type,Primary Factor,Reported_Location,Latitude,Longitude
901672475,2019,8,7,700,Weekend,1-Car,No injury/unknown,ANIMAL/OBJECT IN ROADWAY,17TH ST & N JORDAN,39.178848,-86.51144088
901699832,2019,9,5,1600,Weekday,2-Car,No injury/unknown,FOLLOWING TOO CLOSELY,17TH & N JORDAN AVE,39.178848,-86.511088
901721356,2019,11,6,1900,Weekend,1-Car,No injury/unknown,IMPROPER LANE USAGE,E 17TH ST,39.178848,-86.51144
901734425,2019,11,2,1300,Weekday,2-Car,No injury/unknown,UNSAFE BACKING,600 N JORDAN (NORTH DRIVE) AVE & NORTH JORDAN,39.178848,-86.511088
901737082,2019,12,6,0,Weekday,2-Car,No injury/unknown,FAILURE TO YIELD RIGHT OF WAY,17TH ST & JORDAN,39.178848,-86.511088
901740492,2019,12,4,1900,Weekday,2-Car,No injury/unknown,FAILURE TO YIELD RIGHT OF WAY,17TH ST & N JORDAN,39.178848,-86.511088
901750960,2019,12,3,1100,Weekday,2-Car,No injury/unknown,OTHER (ENVIRONMENTAL) - EXPLAIN IN NARR,EAST SEVENTEENTH ST & JORDAN,39.178848,-86.511088
901584006,2019,2,6,200,Weekday,1-Car,No injury/unknown,RAN OFF ROAD RIGHT,17TH & DUNN ST,39.17876566,-86.52838307
901696993,2019,9,7,2100,Weekend,3+ Cars,No injury/unknown,OTHER (DRIVER) - EXPLAIN IN NARRATIVE,17TH & LINCOLN ST,39.17876536,-86.53085152
901628985,2019,5,7,900,Weekend,3+ Cars,Incapacitating,FAILURE TO YIELD RIGHT OF WAY,CURRY PIKE & VERNAL,39.17869919,-86.58316993
901696681,2019,9,6,1700,Weekday,3+ Cars,Non-incapacitating,FOLLOWING TOO CLOSELY,CHEROKEE & ROGERS ST,39.17867905,-86.53884
901656142,2019,7,6,1600,Weekday,2-Car,No injury/unknown,LEFT OF CENTER,17TH & SR46E,39.17828808,-86.50596415
901651372,2019,6,4,0,Weekday,1-Car,No injury/unknown,ANIMAL/OBJECT IN ROADWAY,OOLEY & SR45S,39.17818586,-86.4759551
901742519,2019,12,1,1100,Weekend,2-Car,No injury/unknown,OTHER (DRIVER) - EXPLAIN IN NARRATIVE,NORTH FEE LN,39.17800784,-86.51889301
901642767,2019,6,7,2000,Weekend,2-Car,No injury/unknown,TIRE FAILURE OR DEFECTIVE,716 S WOODLAWN AVE & E 1ST,39.177952,-86.523504
901711496,2019,10,5,900,Weekday,2-Car,No injury/unknown,FOLLOWING TOO CLOSELY,16TH & WALNUT ST,39.17784,-86.533408
901714404,2019,10,2,1700,Weekday,3+ Cars,Non-incapacitating,FOLLOWING TOO CLOSELY,16TH & WALNUT ST,39.17784,-86.533408
901708540,2019,10,7,2000,Weekend,2-Car,No injury/unknown,IMPROPER LANE USAGE,16TH ST & WASHINGTON,39.17782174,-86.53270502
901590448,2019,2,7,1200,Weekend,2-Car,No injury/unknown,UNSAFE BACKING,N LINCOLN ST,39.17781747,-86.53086367
901573284,2019,1,2,1600,Weekday,2-Car,No injury/unknown,UNSAFE LANE MOVEMENT,16TH ST & WASHINGTON,39.177808,-86.532176
901713998,2019,10,2,1500,Weekday,2-Car,No injury/unknown,FAILURE TO YIELD RIGHT OF WAY,1ST & SOUTH WASHINGTON ST,39.177808,-86.532176
901580974,2019,1,6,1900,Weekend,2-Car,No injury/unknown,UNSAFE BACKING,E 16TH & N LINCOLN ST,39.177792,-86.530864
901584429,2019,2,4,2100,Weekday,2-Car,No injury/unknown,UNSAFE BACKING,E 1ST & S LINCOLN ST,39.177792,-86.530864
901742482,2019,12,7,1700,Weekend,2-Car,No injury/unknown,FAILURE TO YIELD RIGHT OF WAY,16TH ST & LINCOLN,39.177792,-86.530864
901604178,2019,3,3,1700,Weekday,2-Car,No injury/unknown,FAILURE TO YIELD RIGHT OF WAY,16TH ST & GRANT,39.177776,-86.5296
901717028,2019,10,1,300,Weekend,2-Car,No injury/unknown,OTHER (DRIVER) - EXPLAIN IN NARRATIVE,E 16TH ST,39.17777208,-86.52944327
901627576,2019,5,4,1900,Weekday,Pedestrian,Non-incapacitating,FAILURE TO YIELD RIGHT OF WAY,16TH & NORTH MADISON ST,39.177744,-86.53776
901629143,2019,5,2,1800,Weekday,2-Car,No injury/unknown,FAILURE TO YIELD RIGHT OF WAY,N WOODBURN & W 16TH ST,39.177744,-86.536048
901680445,2019,8,2,1700,Weekday,2-Car,No injury/unknown,FOLLOWING TOO CLOSELY,16TH & NORTH MADISON ST,39.177744,-86.53776
901697008,2019,9,7,2000,Weekend,2-Car,No injury/unknown,UNSAFE LANE MOVEMENT,16TH & WOODBURN AVE,39.177744,-86.536048
901705251,2019,10,7,1500,Weekend,2-Car,No injury/unknown,UNSAFE BACKING,412 EAST 16TH ALY & DUNN,39.177744,-86.52832
901707488,2019,10,6,1900,Weekend,2-Car,No injury/unknown,IMPROPER PASSING,NORTH CURRY PIKE,39.177744,-86.583079
901721378,2019,10,5,2000,Weekday,2-Car,No injury/unknown,UNSAFE SPEED,E 16TH & N DUNN ST,39.177744,-86.52832
901688970,2019,9,6,0,Weekday,2-Car,No injury/unknown,FOLLOWING TOO CLOSELY,OAKDALE DR & PECAN,39.17762944,-86.56951267
901636371,2019,5,1,2100,Weekday,1-Car,No injury/unknown,ANIMAL/OBJECT IN ROADWAY,SR37S & VERNAL,39.1775537,-86.5612041
901662437,2019,7,3,1400,Weekday,2-Car,Non-incapacitating,DRIVER DISTRACTED - EXPLAIN IN NARRATIVE,SR37S & VERNAL,39.1775537,-86.5612041
901615453,2019,4,7,1000,Weekend,2-Car,No injury/unknown,SPEED TOO FAST FOR WEATHER CONDITIONS,W 15TH ST,39.177552,-86.547104
901569233,2019,1,3,1100,Weekday,1-Car,No injury/unknown,SPEED TOO FAST FOR WEATHER CONDITIONS,INDUSTRIAL & VERNAL PIKE,39.1774,-86.56199941
901603087,2019,3,4,1300,Weekday,2-Car,No injury/unknown,SPEED TOO FAST FOR WEATHER CONDITIONS,SR37S & VERNAL,39.17737768,-86.5609886
901678601,2019,8,5,1500,Weekday,2-Car,No injury/unknown,IMPROPER PASSING,SR37N & VERNAL,39.17737768,-86.5609886
901655708,2019,6,5,2300,Weekday,1-Car,Non-incapacitating,ANIMAL/OBJECT IN ROADWAY,10TH & SR45N,39.1773722,-86.47737644
901721252,2019,11,1,1100,Weekend,2-Car,Non-incapacitating,UNSAFE SPEED,10TH & SR45E,39.1773722,-86.47737644
901696865,2019,9,7,1300,Weekend,2-Car,No injury/unknown,FOLLOWING TOO CLOSELY,10TH & SR45N,39.17729242,-86.47752004
901734250,2019,11,2,900,Weekday,1-Car,No injury/unknown,RAN OFF ROAD RIGHT,LEMON & VERNAL PIKE,39.17721444,-86.55907256
901570473,2019,1,4,1000,Weekday,2-Car,No injury/unknown,IMPROPER PASSING,15TH & COLLEGE AVE,39.17715465,-86.53473389
901683808,2019,8,2,1400,Weekday,2-Car,No injury/unknown,UNSAFE BACKING,W 1ST ST,39.17704,-86.52342171
901743743,2019,12,3,1300,Weekday,1-Car,No injury/unknown,IMPROPER TURNING,LEMON LN & VERNAL,39.17704,-86.5588
901716795,2019,10,7,1100,Weekend,2-Car,No injury/unknown,UNSAFE BACKING,15TH ST & INDIANA,39.17697,-86.52702
901567000,2019,1,6,1700,Weekday,2-Car,No injury/unknown,OTHER (DRIVER) - EXPLAIN IN NARRATIVE,N COLLEGE AVE & W 10TH,39.17694817,-86.53483
901590164,2019,2,7,300,Weekend,2-Car,No injury/unknown,FAILURE TO YIELD RIGHT OF WAY,15TH & DUNN ST,39.176944,-86.528272
901609119,2019,3,4,1700,Weekday,2-Car,No injury/unknown,FAILURE TO YIELD RIGHT OF WAY,E 15TH & N DUNN ST,39.176944,-86.528272
901614443,2019,4,3,1900,Weekday,Moped/Motorcycle,Non-incapacitating,FAILURE TO YIELD RIGHT OF WAY,E 15TH & N DUNN ST,39.176944,-86.528272
901611775,2019,3,4,2200,Weekday,2-Car,Non-incapacitating,FOLLOWING TOO CLOSELY,15TH & JACKSON ST,39.1769145,-86.53970007
901742144,2019,12,7,1500,Weekend,2-Car,No injury/unknown,OTHER (DRIVER) - EXPLAIN IN NARRATIVE,15TH & LINCOLN ST,39.176896,-86.53088
901699555,2019,9,5,1000,Weekday,2-Car,No injury/unknown,UNSAFE BACKING,N MAPLE ST,39.17685832,-86.542096
901580935,2019,1,6,1300,Weekday,2-Car,No injury/unknown,UNSAFE BACKING,15TH ST,39.176848,-86.552592
901584804,2019,2,7,1000,Weekend,1-Car,No injury/unknown,RAN OFF ROAD RIGHT,E 15TH ST & N WALNUT,39.176848,-86.533424
901608676,2019,3,3,1500,Weekday,2-Car,No injury/unknown,FOLLOWING TOO CLOSELY,10TH & SR4546E,39.176848,-86.478192
901613620,2019,4,2,1600,Weekday,2-Car,No injury/unknown,UNSAFE LANE MOVEMENT,E 15TH & N WALNUT ST,39.176848,-86.533424
901614960,2019,4,5,1700,Weekday,2-Car,No injury/unknown,FAILURE TO YIELD RIGHT OF WAY,10TH & STATE RD 45 46 BYP,39.176848,-86.478192
901623024,2019,4,2,1700,Weekday,2-Car,No injury/unknown,FOLLOWING TOO CLOSELY,E 10TH ST & SR4546,39.176848,-86.478192
901639846,2019,5,2,1600,Weekday,2-Car,No injury/unknown,FOLLOWING TOO CLOSELY,10TH & SR4546N,39.176848,-86.478192
901642686,2019,6,7,2300,Weekend,3+ Cars,No injury/unknown,DRIVER DISTRACTED - EXPLAIN IN NARRATIVE,E 10TH & SR4546N,39.176848,-86.478192
901681050,2019,8,3,2100,Weekday,2-Car,No injury/unknown,DRIVER DISTRACTED - EXPLAIN IN NARRATIVE,E 10TH & SR45E,39.176848,-86.478192
901696086,2019,9,5,1600,Weekday,2-Car,No injury/unknown,DISREGARD SIGNAL/REG SIGN,10TH & SR4546S,39.176848,-86.478192
901728639,2019,11,6,100,Weekday,2-Car,No injury/unknown,DISREGARD SIGNAL/REG SIGN,10TH & SR45E,39.176848,-86.478192
901734508,2019,11,2,1800,Weekday,2-Car,No injury/unknown,FAILURE TO YIELD RIGHT OF WAY,10TH & SR4546E,39.176848,-86.478192
901742488,2019,12,1,1800,Weekend,2-Car,Non-incapacitating,FOLLOWING TOO CLOSELY,10TH & SR45E,39.176848,-86.478192
901695917,2019,9,5,1100,Weekday,2-Car,Non-incapacitating,DRIVER DISTRACTED - EXPLAIN IN NARRATIVE,SR37S & VERNAL PK,39.17678633,-86.56211299
901708705,2019,10,1,1200,Weekend,Moped/Motorcycle,Non-incapacitating,IMPROPER PASSING,MOORES & S 446 RD,39.17677649,-86.47139
901640346,2019,5,2,1300,Weekday,2-Car,No injury/unknown,UNSAFE LANE MOVEMENT,NORTH MAPLE ST,39.17676129,-86.542096
901648076,2019,6,4,1000,Weekday,2-Car,Non-incapacitating,DRIVER DISTRACTED - EXPLAIN IN NARRATIVE,SR37S & VERNAL,39.17674594,-86.56216082
901720719,2019,11,6,1900,Weekend,Bus,No injury/unknown,FOLLOWING TOO CLOSELY,10TH ST & SR4546,39.17668635,-86.47847728
901685892,2019,9,6,900,Weekday,2-Car,No injury/unknown,FOLLOWING TOO CLOSELY,SR37N & VERNAL,39.17664497,-86.56228041
901624105,2019,4,3,1700,Weekday,Cyclist,Non-incapacitating,FAILURE TO YIELD RIGHT OF WAY,15TH ST & JACKSON,39.17664,-86.539712
901693984,2019,9,2,900,Weekday,2-Car,No injury/unknown,DISREGARD SIGNAL/REG SIGN,1ST & ROGERS ST,39.17664,-86.538496
901577300,2019,1,7,1900,Weekend,2-Car,No injury/unknown,OTHER (DRIVER) - EXPLAIN IN NARRATIVE,SR37N & VERNAL,39.176544,-86.5624
901610093,2019,3,6,1600,Weekday,3+ Cars,No injury/unknown,UNSAFE LANE MOVEMENT,SR37N & WEST VERNAL,39.176544,-86.5624
901672643,2019,8,7,1400,Weekend,2-Car,Non-incapacitating,FOLLOWING TOO CLOSELY,SR37N & VERNAL,39.176544,-86.5624
901686001,2019,9,5,1400,Weekday,3+ Cars,No injury/unknown,UNSAFE LANE MOVEMENT,SR37N & VERNAL,39.176544,-86.5624
901697134,2019,9,7,1400,Weekend,3+ Cars,Non-incapacitating,FOLLOWING TOO CLOSELY,SR37S & VERNAL,39.176544,-86.5624
901722505,2019,11,3,1100,Weekday,2-Car,No injury/unknown,FOLLOWING TOO CLOSELY,SR37N & VERNAL,39.176544,-86.5624
901732170,2019,11,4,1800,Weekday,2-Car,Non-incapacitating,FOLLOWING TOO CLOSELY,SR37S & VERNAL,39.176544,-86.5624
901744552,2019,12,4,1700,Weekday,3+ Cars,No injury/unknown,FOLLOWING TOO CLOSELY,SR37S & VERNAL,39.176544,-86.5624
901690875,2019,9,2,2000,Weekday,Bus,No injury/unknown,OTHER (DRIVER) - EXPLAIN IN NARRATIVE,LINGLEBACH LN & UNION,39.17653,-86.5099373
901703046,2019,10,4,1600,Weekday,Bus,No injury/unknown,IMPROPER LANE USAGE,LINGLEBACH LN & UNION,39.17653,-86.50991611
901715838,2019,10,5,1800,Weekday,2-Car,No injury/unknown,UNSAFE BACKING,LINGELBACH LN & UNION,39.17653,-86.5099373
901717788,2019,10,1,1200,Weekend,2-Car,No injury/unknown,OTHER (VEHICLE) - EXPLAIN IN NARRATIVE,LINGELBACH LN & NORTH UNION,39.17653,-86.50992
901615325,2019,4,6,1800,Weekday,2-Car,No injury/unknown,UNSAFE BACKING,NORTH FEE LN,39.17649317,-86.51882584
901682179,2019,8,5,1600,Weekday,3+ Cars,No injury/unknown,FOLLOWING TOO CLOSELY,STATE ROAD 37 SOUTHBOUND RD & VERNAL,39.17646468,-86.56232831
901575603,2019,1,5,1300,Weekday,1-Car,No injury/unknown,ROADWAY SURFACE CONDITION,SMITHVILLE & SR37S,39.17643097,-86.5364409
901636723,2019,5,3,600,Weekday,1-Car,No injury/unknown,ANIMAL/OBJECT IN ROADWAY,SR37N & VERNAL,39.17635934,-86.56266121
901650117,2019,6,1,1200,Weekend,2-Car,No injury/unknown,SPEED TOO FAST FOR WEATHER CONDITIONS,SR37N & W VERNAL,39.17635934,-86.56266121
901621326,2019,4,5,2000,Weekday,2-Car,No injury/unknown,UNSAFE BACKING,14TH & INDIANA AVE,39.17632928,-86.52712458
901725138,2019,11,7,1000,Weekend,3+ Cars,No injury/unknown,OTHER (DRIVER) - EXPLAIN IN NARRATIVE,SR37S & VERNAL,39.17626701,-86.56279182
901727622,2019,11,3,1200,Weekday,2-Car,No injury/unknown,UNSAFE BACKING,RANGE RD,39.17625234,-86.49542234
901695386,2019,9,3,1200,Weekday,2-Car,No injury/unknown,,600 BLK E 14TH ST & FESS,39.17624,-86.52584
901739207,2019,12,2,1600,Weekday,3+ Cars,No injury/unknown,FAILURE TO YIELD RIGHT OF WAY,14TH & INDIANA AVE,39.176192,-86.52712
901613618,2019,4,2,1700,Weekday,2-Car,No injury/unknown,FAILURE TO YIELD RIGHT OF WAY,E 14TH ST & S DUNN,39.17616,-86.528224
901604967,2019,3,2,1100,Weekday,2-Car,No injury/unknown,FAILURE TO YIELD RIGHT OF WAY,14TH & WOODLAWN AVE,39.176144,-86.523504
901602369,2019,3,2,0,Weekday,2-Car,No injury/unknown,UNSAFE BACKING,N FEE LN,39.17612549,-86.51898236
901611704,2019,3,4,1600,Weekday,2-Car,No injury/unknown,IMPROPER TURNING,14TH ST & INDIANA,39.17611,-86.52701
901706242,2019,10,3,1500,Weekday,1-Car,No injury/unknown,RAN OFF ROAD RIGHT,14TH ST & FORREST,39.17604,-86.52245346
901618822,2019,4,7,2100,Weekend,2-Car,No injury/unknown,FAILURE TO YIELD RIGHT OF WAY,E 14TH ST & N LINCOLN,39.176,-86.530896
901584283,2019,2,6,700,Weekday,2-Car,No injury/unknown,OTHER (DRIVER) - EXPLAIN IN NARRATIVE,14TH ST & COLLEGE,39.175984,-86.534736
901698682,2019,9,3,1900,Weekday,2-Car,No injury/unknown,OTHER (DRIVER) - EXPLAIN IN NARRATIVE,14TH & NORTH COLLEGE AVE,39.175984,-86.534736
901718115,2019,11,3,300,Weekday,1-Car,No injury/unknown,OTHER (DRIVER) - EXPLAIN IN NARRATIVE,N COLLEGE AVE,39.175984,-86.534736
901742736,2019,12,6,700,Weekday,Bus,No injury/unknown,DISREGARD SIGNAL/REG SIGN,14TH & COLLEGE AVE,39.175984,-86.534736
901697278,2019,9,1,2100,Weekday,2-Car,No injury/unknown,FOLLOWING TOO CLOSELY,JONES & JORDAN AVE,39.17597466,-86.51641
901584754,2019,2,7,1000,Weekend,2-Car,No injury/unknown,SPEED TOO FAST FOR WEATHER CONDITIONS,E 14TH & N WALNUT ST,39.175952,-86.53344
901671117,2019,8,4,0,Weekday,2-Car,No injury/unknown,IMPROPER LANE USAGE,14TH & WALNUT ST,39.175952,-86.53344
901688240,2019,9,4,1800,Weekday,2-Car,Non-incapacitating,FAILURE TO YIELD RIGHT OF WAY,14TH & NORTH WALNUT ST,39.175952,-86.53344
901693319,2019,9,6,1500,Weekday,2-Car,No injury/unknown,IMPROPER LANE USAGE,14TH & N WALNUT ST,39.175952,-86.53344
901734214,2019,11,2,1100,Weekday,2-Car,Non-incapacitating,FAILURE TO YIELD RIGHT OF WAY,E 14TH & N WALNUT ST,39.175952,-86.53344
901618852,2019,4,1,300,Weekend,2-Car,Non-incapacitating,UNSAFE SPEED,EAST 14TH & NORTH WALNUT ST,39.17595,-86.53356
901728418,2019,11,4,2100,Weekday,1-Car,No injury/unknown,ANIMAL/OBJECT IN ROADWAY,KNIGHTRIDGE & SR446S,39.17590674,-86.46687023
901592330,2019,2,4,1400,Weekday,2-Car,No injury/unknown,FOLLOWING TOO CLOSELY,SR37N & VERNAL,39.17562068,-86.56370604
901694154,2019,9,2,1200,Weekday,2-Car,No injury/unknown,IMPROPER TURNING,E BROWNSTONE RD RD,39.175594,-86.531515
901574905,2019,1,4,1600,Weekday,2-Car,No injury/unknown,OTHER (DRIVER) - EXPLAIN IN NARRATIVE,N UNION CT,39.175553,-86.509179
901635954,2019,5,2,0,Weekday,1-Car,No injury/unknown,UNSAFE SPEED,13TH & DUNN ST,39.175552,-86.528192
901656184,2019,7,6,1600,Weekday,1-Car,No injury/unknown,UNSAFE SPEED,13TH ST & INDIANA,39.17551488,-86.52735061
901664957,2019,7,4,1800,Weekday,2-Car,No injury/unknown,FAILURE TO YIELD RIGHT OF WAY,1020 S WOODLAWN DR,39.17550727,-86.52349127
901574637,2019,1,4,1100,Weekday,2-Car,No injury/unknown,FAILURE TO YIELD RIGHT OF WAY,E 13TH ST & N INDIANA,39.175504,-86.527104
901591145,2019,2,2,1300,Weekday,2-Car,No injury/unknown,FAILURE TO YIELD RIGHT OF WAY,E 13TH & N INDIANA AVE,39.175504,-86.527104
901601201,2019,3,7,1300,Weekend,3+ Cars,No injury/unknown,FAILURE TO YIELD RIGHT OF WAY,E 13TH & N INDIANA AVE,39.175504,-86.527104
901618385,2019,4,6,1300,Weekday,2-Car,No injury/unknown,FAILURE TO YIELD RIGHT OF WAY,13TH & INDIANA AVE,39.175504,-86.527104
901624562,2019,4,5,1400,Weekday,3+ Cars,No injury/unknown,FAILURE TO YIELD RIGHT OF WAY,13TH & INDIANA AVE,39.175504,-86.527104
901632025,2019,5,7,700,Weekend,1-Car,Non-incapacitating,OTHER (DRIVER) - EXPLAIN IN NARRATIVE,E 13TH & N INDIANA AVE,39.175504,-86.527104
901720599,2019,11,6,1600,Weekday,2-Car,No injury/unknown,FAILURE TO YIELD RIGHT OF WAY,13TH & INDIANA AVE,39.175504,-86.527104
901725533,2019,11,1,1600,Weekend,2-Car,Non-incapacitating,FAILURE TO YIELD RIGHT OF WAY,E 13TH & N INDIANA AVE,39.175504,-86.527104
901732147,2019,11,4,1700,Weekday,Cyclist,Non-incapacitating,FAILURE TO YIELD RIGHT OF WAY,13TH ST & INDIANA,39.175504,-86.527104
901735152,2019,11,3,1500,Weekday,2-Car,No injury/unknown,FAILURE TO YIELD RIGHT OF WAY,13TH & INDIANA AVE,39.175504,-86.527104
901572527,2019,1,7,2200,Weekend,2-Car,Non-incapacitating,FAILURE TO YIELD RIGHT OF WAY,E 13TH ST & N FESS,39.17544,-86.525824
901593731,2019,2,7,2100,Weekend,2-Car,No injury/unknown,DISREGARD SIGNAL/REG SIGN,13TH ST & FESS,39.17544,-86.525824
901596473,2019,2,4,2300,Weekday,2-Car,No injury/unknown,FAILURE TO YIELD RIGHT OF WAY,E 13TH ST & N FESS,39.17544,-86.525824
901589743,2019,2,7,200,Weekend,3+ Cars,No injury/unknown,RAN OFF ROAD RIGHT,N RANGE RD,39.17536961,-86.49557588
901628870,2019,5,6,2300,Weekend,2-Car,No injury/unknown,OTHER (DRIVER) - EXPLAIN IN NARRATIVE,RANGE RD,39.17536961,-86.49557588
901617448,2019,4,4,1400,Weekday,2-Car,No injury/unknown,,E 13TH ST & N WOODLAWN,39.175344,-86.523488
901649008,2019,6,6,0,Weekday,2-Car,No injury/unknown,UNSAFE SPEED,S ROGERS ST,39.17529894,-86.538512
901736110,2019,11,4,1500,Weekday,2-Car,Non-incapacitating,UNSAFE BACKING,NORTH FEE LN,39.17524114,-86.51896409
901576615,2019,1,6,1500,Weekday,3+ Cars,No injury/unknown,FAILURE TO YIELD RIGHT OF WAY,E 13TH ST & N WALNUT GROVE,39.175232,-86.520976
901686683,2019,9,1,1900,Weekday,2-Car,No injury/unknown,FAILURE TO YIELD RIGHT OF WAY,13 ST & WALNUT,39.175232,-86.520976
901712807,2019,10,7,0,Weekend,2-Car,No injury/unknown,OTHER (DRIVER) - EXPLAIN IN NARRATIVE,E 13TH ST,39.17521746,-86.52061527
901575319,2019,1,5,900,Weekday,2-Car,No injury/unknown,SPEED TOO FAST FOR WEATHER CONDITIONS,N FEE LN,39.175152,-86.518992
901604602,2019,3,1,1700,Weekend,1-Car,No injury/unknown,OVERCORRECTING/OVERSTEERING,13TH ST & FEE,39.175152,-86.518992
901685447,2019,9,5,0,Weekday,2-Car,No injury/unknown,UNSAFE BACKING,N SUMMIT ST & W 13TH,39.175152,-86.548048
901704944,2019,10,1,1700,Weekend,Pedestrian,Incapacitating,UNSAFE BACKING,W 13TH ST,39.175152,-86.54949273
901711269,2019,10,4,2200,Weekday,3+ Cars,No injury/unknown,OVERCORRECTING/OVERSTEERING,E 13TH ST & N FEE,39.175152,-86.518992
901724683,2019,11,6,1600,Weekday,2-Car,No injury/unknown,UNSAFE BACKING,10TH ST & ROGERS,39.175152,-86.538512
901607241,2019,3,7,400,Weekend,1-Car,No injury/unknown,BRAKE FAILURE OR DEFECTIVE,RUSSELL & SR45E,39.17513055,-86.4814988
901628498,2019,5,6,1200,Weekday,2-Car,No injury/unknown,OTHER (VEHICLE) - EXPLAIN IN NARRATIVE,RUSSELL & SR45W,39.17513055,-86.4814694
901575877,2019,1,5,1600,Weekday,2-Car,No injury/unknown,SPEED TOO FAST FOR WEATHER CONDITIONS,N FEE LN,39.175113,-86.519036
901618711,2019,4,7,1400,Weekend,2-Car,No injury/unknown,IMPROPER TURNING,14TH & COLLEGE AVE,39.17488547,-86.534752
901673910,2019,8,3,1100,Weekday,2-Car,No injury/unknown,UNSAFE BACKING,4300 E KINSER DR & DECKARD,39.174544,-86.479792
901696219,2019,9,6,100,Weekday,2-Car,No injury/unknown,IMPROPER LANE USAGE,12TH ST & GRANT,39.174448,-86.529696
901610285,2019,3,2,1900,Weekday,2-Car,No injury/unknown,LEFT OF CENTER,12TH ST & LINCOLN,39.174416,-86.530992
901742205,2019,12,7,2200,Weekend,3+ Cars,No injury/unknown,OTHER (DRIVER) - EXPLAIN IN NARRATIVE,12 TH ST & LINCOLN,39.174416,-86.530992
901697291,2019,9,1,2300,Weekday,2-Car,No injury/unknown,IMPROPER TURNING,7TH & MORTON ST,39.17437653,-86.53612
901706762,2019,10,4,1800,Weekday,Bus,No injury/unknown,OVERCORRECTING/OVERSTEERING,12TH ST & INDIANA,39.174368,-86.527088
901726786,2019,11,2,1800,Weekday,Cyclist,Non-incapacitating,OTHER (DRIVER) - EXPLAIN IN NARRATIVE,12TH & INDIANA AVE,39.174368,-86.527088
901681246,2019,8,2,2100,Weekday,2-Car,Non-incapacitating,DISREGARD SIGNAL/REG SIGN,12 & INDIANA AVE,39.17435958,-86.52698457
901716183,2019,10,6,900,Weekday,2-Car,No injury/unknown,OTHER (DRIVER) - EXPLAIN IN NARRATIVE,12TH ST & ILLINOIS,39.17435201,-86.54951785
901638926,2019,5,6,1600,Weekday,2-Car,Non-incapacitating,BRAKE FAILURE OR DEFECTIVE,N MONROE ST & W 12TH,39.174352,-86.547104
901675707,2019,8,5,1900,Weekday,Pedestrian,Non-incapacitating,PEDESTRIAN ACTION,12TH ST & NORTH SUMMIT,39.174352,-86.548
901689503,2019,9,6,2000,Weekend,2-Car,No injury/unknown,SPEED TOO FAST FOR WEATHER CONDITIONS,12TH ST & WALNUT,39.174352,-86.533472
901610004,2019,3,7,800,Weekend,2-Car,No injury/unknown,DISREGARD SIGNAL/REG SIGN,12TH & INDIANA AVE,39.17435,-86.52699
901735031,2019,11,3,1300,Weekday,2-Car,No injury/unknown,FAILURE TO YIELD RIGHT OF WAY,INDIANA AVE & TWELFTH,39.17434998,-86.52698993
901716814,2019,10,7,1800,Weekend,2-Car,No injury/unknown,FAILURE TO YIELD RIGHT OF WAY,12TH ST & FESS,39.17434,-86.52584
901575502,2019,1,5,1200,Weekday,1-Car,No injury/unknown,SPEED TOO FAST FOR WEATHER CONDITIONS,700 BLK E12TH ST & FESS,39.174336,-86.525808
901623976,2019,4,4,1300,Weekday,2-Car,No injury/unknown,UNSAFE LANE MOVEMENT,11TH & COLLEGE AVE,39.17433062,-86.534752
901751053,2019,12,3,800,Weekday,1-Car,Non-incapacitating,RAN OFF ROAD RIGHT,E RHORER & S SARE RD,39.1742456,-86.51158275
901567354,2019,1,7,1200,Weekend,2-Car,No injury/unknown,LEFT OF CENTER,N WOODBRIDGE DR,39.1741,-86.492509
901639232,2019,5,7,1600,Weekend,Moped/Motorcycle,Non-incapacitating,UNSAFE SPEED,NORTH WOODBRIDGE DR,39.1741,-86.492509
901589381,2019,1,4,1500,Weekday,2-Car,No injury/unknown,SPEED TOO FAST FOR WEATHER CONDITIONS,N WOODBRIDGE DR,39.1740787,-86.49051471
901742325,2019,12,1,1100,Weekend,2-Car,No injury/unknown,OTHER (DRIVER) - EXPLAIN IN NARRATIVE,11TH & 800 BLK N COLLEGE AVE,39.17405597,-86.534752
901751654,2019,12,1,1100,Weekend,2-Car,No injury/unknown,OTHER (DRIVER) - EXPLAIN IN NARRATIVE,11TH & 800 BLK N COLLEGE AVE,39.17405597,-86.534752
901623995,2019,4,4,1400,Weekday,Bus,No injury/unknown,FAILURE TO YIELD RIGHT OF WAY,FEE LN & LAW,39.174048,-86.518896
901735245,2019,11,3,1900,Weekday,Cyclist,Non-incapacitating,FAILURE TO YIELD RIGHT OF WAY,FEE LN & LAW,39.174048,-86.518896
901735277,2019,11,3,1900,Weekday,Pedestrian,Non-incapacitating,FAILURE TO YIELD RIGHT OF WAY,FEE & LAW LN,39.174048,-86.518896
901736314,2019,11,4,2300,Weekday,3+ Cars,No injury/unknown,FAILURE TO YIELD RIGHT OF WAY,13 & INDIANA AVE,39.173884,-86.526979
901623339,2019,4,2,1100,Weekday,1-Car,No injury/unknown,,10TH & DUNN ST,39.17378527,-86.52828
901634053,2019,5,4,1100,Weekday,2-Car,No injury/unknown,UNSAFE BACKING,JORDAN & LAW LN,39.17364542,-86.51618343