Master Record Number,Year,Month,Day,Hour,Weekend,Collision Type,Injury Type,Primary Factor,Reported_Location,Latitude,Longitude
901593470,2019,2,7,300,Weekend,3+ Cars,No injury/unknown,OTHER (DRIVER) - EXPLAIN IN NARRATIVE,LAW & NORTH JORDAN AVE,39.173552,-86.515488
901623275,2019,4,2,1300,Weekday,2-Car,No injury/unknown,IMPROPER TURNING,JORDAN AVE & LAW,39.173552,-86.515488
901708157,2019,10,6,1700,Weekday,2-Car,No injury/unknown,FOLLOWING TOO CLOSELY,JORDAN AVE & LAW,39.173552,-86.515488
901722109,2019,11,2,1400,Weekday,2-Car,No injury/unknown,FAILURE TO YIELD RIGHT OF WAY,JORDAN & LAW LN,39.173552,-86.515488
901733383,2019,11,1,1800,Weekend,3+ Cars,No injury/unknown,CELL PHONE USAGE,JORDAN AVE & LAW,39.173552,-86.515488
901635872,2019,5,1,2000,Weekday,1-Car,No injury/unknown,CELL PHONE USAGE,11TH & VERNAL PIKE,39.17352489,-86.55523062
901727781,2019,11,4,1400,Weekday,2-Car,No injury/unknown,,JORDAN & LAW LN,39.17350763,-86.51532103
901690508,2019,9,2,1100,Weekday,Cyclist,Non-incapacitating,FAILURE TO YIELD RIGHT OF WAY,EAST ELEVENTH & NORTH FEE LN,39.17344883,-86.52583659
901591232,2019,2,3,400,Weekday,2-Car,No injury/unknown,RAN OFF ROAD RIGHT,11TH & INDIANA AVE,39.17344,-86.527056
901600923,2019,3,6,1500,Weekday,2-Car,No injury/unknown,FAILURE TO YIELD RIGHT OF WAY,11TH & WOODLAWN AVE,39.17344,-86.523616
901619911,2019,4,2,2300,Weekday,2-Car,No injury/unknown,FAILURE TO YIELD RIGHT OF WAY,EAST 11TH & WOODLAWN AVE,39.17344,-86.523616
901637713,2019,5,4,1500,Weekday,2-Car,No injury/unknown,UNSAFE BACKING,EAST 11TH ST,39.17344,-86.522464
901671342,2019,6,3,2300,Weekday,2-Car,No injury/unknown,IMPROPER LANE USAGE,11TH & N LINCOLN ST,39.17344,-86.530992
901707526,2019,10,5,2100,Weekday,2-Car,No injury/unknown,FAILURE TO YIELD RIGHT OF WAY,E 11TH & N WOODLAWN AVE,39.17344,-86.523616
901712375,2019,10,6,1200,Weekday,2-Car,No injury/unknown,FAILURE TO YIELD RIGHT OF WAY,E 11TH ST & N WOODLAWN,39.17344,-86.523616
901713538,2019,10,2,900,Weekday,2-Car,No injury/unknown,FAILURE TO YIELD RIGHT OF WAY,11TH ST & WOODLAWN,39.17344,-86.523616
901719580,2019,11,5,1100,Weekday,2-Car,No injury/unknown,FAILURE TO YIELD RIGHT OF WAY,900 E 11TH ST & WOODLAWN,39.17344,-86.523616
901738330,2019,12,1,1900,Weekday,2-Car,No injury/unknown,SPEED TOO FAST FOR WEATHER CONDITIONS,11TH ST & WALNUT GROVE,39.17344,-86.520944
901617297,2019,4,4,1100,Weekday,2-Car,No injury/unknown,UNSAFE BACKING,EAST 11TH ST,39.17342,-86.522409
901700417,2019,9,6,1500,Weekday,Bus,No injury/unknown,IMPROPER TURNING,11TH & WOODLAWN AVE,39.17342,-86.52352
901653346,2019,6,1,1800,Weekend,2-Car,No injury/unknown,RAN OFF ROAD RIGHT,11TH ST & ORRIS,39.173344,-86.54505686
901581375,2019,1,1,900,Weekend,2-Car,No injury/unknown,OTHER (DRIVER) - EXPLAIN IN NARRATIVE,W 11TH ST,39.173344,-86.54980245
901588121,2019,2,4,1500,Weekday,2-Car,No injury/unknown,FAILURE TO YIELD RIGHT OF WAY,W 11TH & W VERNAL PIKE,39.173344,-86.555104
901641266,2019,5,3,1700,Weekday,2-Car,No injury/unknown,UNSAFE BACKING,WEST 11TH ST,39.173344,-86.54734825
901695388,2019,9,4,1100,Weekday,3+ Cars,No injury/unknown,UNSAFE BACKING,W 11TH ST,39.173344,-86.544272
901700451,2019,9,6,1400,Weekday,2-Car,Non-incapacitating,UNSAFE SPEED,ILLINOIS & ILLINOIS CT,39.173344,-86.550304
901752662,2019,12,6,300,Weekday,1-Car,No injury/unknown,UNSAFE SPEED,11TH ST,39.173344,-86.5493208
901710511,2019,10,3,1900,Weekday,2-Car,No injury/unknown,SPEED TOO FAST FOR WEATHER CONDITIONS,11TH & NORTH COLLEGE AVE,39.17328,-86.5348
901714984,2019,10,3,1600,Weekday,2-Car,No injury/unknown,FAILURE TO YIELD RIGHT OF WAY,11TH ST & COLLEGE,39.17328,-86.53478702
901592247,2019,2,4,1400,Weekday,2-Car,No injury/unknown,UNSAFE BACKING,WEST 11TH ST,39.17326249,-86.53670727
901612729,2019,4,7,1500,Weekend,2-Car,Non-incapacitating,IMPROPER TURNING,11TH & N WALNUT ST,39.173248,-86.533488
901681658,2019,8,4,1900,Weekday,2-Car,No injury/unknown,FAILURE TO YIELD RIGHT OF WAY,11TH & WALNUT ST,39.173248,-86.533488
901682903,2019,8,6,1900,Weekend,2-Car,No injury/unknown,FAILURE TO YIELD RIGHT OF WAY,E 11TH & N WALNUT ST,39.173248,-86.533488
901606696,2019,3,5,1300,Weekday,2-Car,No injury/unknown,FOLLOWING TOO CLOSELY,11TH & COLLEGE AVE,39.173232,-86.534752
901624666,2019,4,5,1600,Weekday,2-Car,No injury/unknown,FOLLOWING TOO CLOSELY,N COLLEGE AVE & W 11TH,39.173232,-86.534752
901663686,2019,7,2,1100,Weekday,3+ Cars,No injury/unknown,FOLLOWING TOO CLOSELY,N COLLEGE AVE & W 11TH,39.173232,-86.534752
901665528,2019,7,5,300,Weekday,2-Car,No injury/unknown,UNSAFE LANE MOVEMENT,11TH & COLLEGE AVE,39.173232,-86.534752
901682719,2019,8,6,1700,Weekday,Pedestrian,Non-incapacitating,RAN OFF ROAD RIGHT,11TH & 700 BLOCK OF NORTH COLLEGE AVE,39.173232,-86.534752
901733528,2019,11,1,2100,Weekday,2-Car,No injury/unknown,SPEED TOO FAST FOR WEATHER CONDITIONS,N COLLEGE AVE & W 11TH,39.173232,-86.534752
901570924,2019,1,4,2000,Weekday,3+ Cars,No injury/unknown,OTHER (VEHICLE) - EXPLAIN IN NARRATIVE,NORTH MORTON & WEST 11 TH ST,39.173216,-86.536
901579462,2019,1,4,1100,Weekday,Bus,No injury/unknown,FAILURE TO YIELD RIGHT OF WAY,300 W 11TH ST & 600 N MORTON,39.173216,-86.536
901602263,2019,3,2,1400,Weekday,2-Car,No injury/unknown,FAILURE TO YIELD RIGHT OF WAY,11TH ST & MORTON,39.173216,-86.536
901689518,2019,9,6,1900,Weekend,2-Car,No injury/unknown,IMPROPER TURNING,W 11TH ST,39.17319967,-86.53691429
901609390,2019,3,5,1200,Weekday,Moped/Motorcycle,Incapacitating,DISREGARD SIGNAL/REG SIGN,500 W 11TH ST & 600 N ROGERS,39.173184,-86.538528
901656360,2019,7,7,1200,Weekend,1-Car,No injury/unknown,,W 11TH ST,39.173184,-86.537792
901671006,2019,8,4,800,Weekday,2-Car,No injury/unknown,DISREGARD SIGNAL/REG SIGN,N ROGERS ST & W 11TH,39.173184,-86.538528
901679275,2019,8,6,2100,Weekend,2-Car,No injury/unknown,FAILURE TO YIELD RIGHT OF WAY,11TH ST & ROGERS,39.173184,-86.538528
901669204,2019,7,7,400,Weekend,1-Car,No injury/unknown,RAN OFF ROAD RIGHT,11TH ST & FAIRVIEW,39.17315946,-86.5402708
901748419,2019,12,4,900,Weekday,2-Car,No injury/unknown,FOLLOWING TOO CLOSELY,W GRAY ST & W VERNAL,39.173056,-86.55464
901665152,2019,7,5,800,Weekday,2-Car,No injury/unknown,UNSAFE LANE MOVEMENT,SR37S & VERNAL,39.17302422,-86.56737844
901580314,2019,1,5,2000,Weekday,1-Car,No injury/unknown,OTHER (DRIVER) - EXPLAIN IN NARRATIVE,EAST LAW LN,39.17300295,-86.51342316
901598140,2019,2,7,1900,Weekend,2-Car,No injury/unknown,IMPROPER TURNING,E LAW LN,39.17300295,-86.51342316
901627374,2019,5,4,1200,Weekday,2-Car,No injury/unknown,UNSAFE BACKING,LAW LN,39.172986,-86.513406
901698881,2019,9,3,2100,Weekday,1-Car,No injury/unknown,RAN OFF ROAD RIGHT,E LAW LN,39.17297448,-86.51331469
901731610,2019,11,3,1000,Weekday,2-Car,No injury/unknown,OVERCORRECTING/OVERSTEERING,11TH & COLLEGE AVE,39.17295735,-86.53475495
901746328,2019,12,1,900,Weekend,1-Car,No injury/unknown,RAN OFF ROAD RIGHT,SR37 & VERNAL,39.17286025,-86.56761135
901612560,2019,4,6,1900,Weekend,2-Car,No injury/unknown,UNSAFE LANE MOVEMENT,JONES & JORDAN AVE,39.17280226,-86.51641
901601008,2019,3,6,1500,Weekday,1-Car,No injury/unknown,SPEED TOO FAST FOR WEATHER CONDITIONS,10TH & N SMITH RD,39.172752,-86.482288
901645465,2019,6,5,1600,Weekday,2-Car,No injury/unknown,FAILURE TO YIELD RIGHT OF WAY,10TH ST & SMITH,39.172752,-86.482288
901646947,2019,6,2,900,Weekday,2-Car,No injury/unknown,FOLLOWING TOO CLOSELY,E 10TH ST & N SMITH,39.172752,-86.482288
901648915,2019,6,4,200,Weekday,1-Car,No injury/unknown,DRIVER DISTRACTED - EXPLAIN IN NARRATIVE,10TH ST & SMITH,39.172752,-86.482288
901662628,2019,7,6,1600,Weekday,2-Car,No injury/unknown,FOLLOWING TOO CLOSELY,10TH & SMITH RD,39.172752,-86.482288
901684357,2019,8,3,1200,Weekday,Moped/Motorcycle,Non-incapacitating,DRIVER DISTRACTED - EXPLAIN IN NARRATIVE,E 10TH ST & N SMITH,39.172752,-86.482288
901596459,2019,2,4,2200,Weekday,2-Car,No injury/unknown,FAILURE TO YIELD RIGHT OF WAY,COTTAGE GROVE & INDIANA AVE,39.17264,-86.52704
901629350,2019,5,2,700,Weekday,2-Car,No injury/unknown,UNSAFE BACKING,COTTAGE GROVE & DUNN ST,39.17264,-86.528272
901681726,2019,8,5,0,Weekday,Moped/Motorcycle,Incapacitating,SPEED TOO FAST FOR WEATHER CONDITIONS,COTTAGE GROVE ST & GRANT,39.17264,-86.529696
901716395,2019,10,6,1600,Weekday,2-Car,No injury/unknown,FAILURE TO YIELD RIGHT OF WAY,COTTAGE GRV & PARK,39.17264,-86.52464
901736095,2019,11,4,1600,Weekday,2-Car,No injury/unknown,FAILURE TO YIELD RIGHT OF WAY,COTTAGE GROVE & INDIANA AVE,39.17264,-86.52704
901709352,2019,10,2,1100,Weekday,Moped/Motorcycle,No injury/unknown,FAILURE TO YIELD RIGHT OF WAY,COTTAGE & WOODLAWN AVE,39.17253,-86.52352
901590863,2019,2,2,1200,Weekday,2-Car,No injury/unknown,FAILURE TO YIELD RIGHT OF WAY,FEE LN,39.17252825,-86.51891463
901739317,2019,12,2,2000,Weekday,2-Car,No injury/unknown,FAILURE TO YIELD RIGHT OF WAY,COTTAGE GROVE AVE & FORREST,39.17252004,-86.5224
901742236,2019,12,7,1200,Weekend,3+ Cars,No injury/unknown,FAILURE TO YIELD RIGHT OF WAY,COTTEGE & LINCOLN ST,39.17252004,-86.53101995
901672540,2019,8,7,1300,Weekend,2-Car,No injury/unknown,FAILURE TO YIELD RIGHT OF WAY,COTTAGE & WASHINGTON ST,39.17252,-86.53234
901653605,2019,6,2,700,Weekday,Pedestrian,Non-incapacitating,DRIVER DISTRACTED - EXPLAIN IN NARRATIVE,COTTAGE GRV & WALNUT,39.1725,-86.52099308
901603731,2019,3,5,1800,Weekday,1-Car,No injury/unknown,OTHER (DRIVER) - EXPLAIN IN NARRATIVE,NORTH UNION ST,39.172342,-86.509659
901602426,2019,3,3,300,Weekday,1-Car,No injury/unknown,RAN OFF ROAD RIGHT,LAW & UNION ST,39.17234,-86.50966
901624120,2019,4,4,2000,Weekday,2-Car,No injury/unknown,UNSAFE BACKING,LAW LN & UNION,39.17234,-86.5096427
901676954,2019,8,6,1100,Weekday,2-Car,No injury/unknown,OTHER (VEHICLE) - EXPLAIN IN NARRATIVE,LAW & UNION ST,39.17234,-86.5096773
901714703,2019,10,3,1700,Weekday,2-Car,No injury/unknown,FOLLOWING TOO CLOSELY,LAW LN & UNION,39.17234,-86.50963405
901615087,2019,4,6,500,Weekday,1-Car,No injury/unknown,ANIMAL/OBJECT IN ROADWAY,E 10TH & RANGE RD,39.17232796,-86.49530798
901659997,2019,7,1,1300,Weekend,2-Car,No injury/unknown,UNSAFE BACKING,BARRRINGTON DR,39.172272,-86.487489
901705813,2019,10,3,700,Weekday,2-Car,No injury/unknown,OTHER (DRIVER) - EXPLAIN IN NARRATIVE,10TH & SMITH RD,39.17220565,-86.48175371
901743939,2019,12,3,900,Weekday,2-Car,No injury/unknown,,E BARRINGTON DR,39.17219684,-86.48835472
901733472,2019,11,1,1700,Weekend,2-Car,No injury/unknown,FAILURE TO YIELD RIGHT OF WAY,10TH & COLLEGE AVE,39.17215597,-86.53476357
901753072,2019,12,6,1400,Weekday,3+ Cars,Non-incapacitating,FOLLOWING TOO CLOSELY,10TH & SR46S,39.17214794,-86.5023884
901643030,2019,6,1,1600,Weekend,3+ Cars,No injury/unknown,OTHER (DRIVER) - EXPLAIN IN NARRATIVE,N UNION ST,39.172144,-86.509392
901652899,2019,6,6,1000,Weekday,2-Car,No injury/unknown,UNSAFE BACKING,NORTH UNION ST,39.172144,-86.509392
901704339,2019,10,6,1900,Weekend,2-Car,No injury/unknown,IMPROPER TURNING,NORTH UNION ST,39.172144,-86.509392
901744483,2019,12,4,1500,Weekday,2-Car,No injury/unknown,FAILURE TO YIELD RIGHT OF WAY,N UNION ST,39.172144,-86.509392
901717515,2019,10,2,700,Weekday,2-Car,No injury/unknown,UNSAFE BACKING,SMITH RD,39.172134,-86.481902
901741734,2019,12,6,1900,Weekend,1-Car,No injury/unknown,ANIMAL/OBJECT IN ROADWAY,10TH & N SMITH RD,39.17209626,-86.48164705
901707309,2019,10,5,1300,Weekday,2-Car,No injury/unknown,FOLLOWING TOO CLOSELY,1400 BLOCK OF NORTH KINSER PIKE & W NORTHLANE,39.17207328,-86.53776591
901565168,2019,1,4,1100,Weekday,2-Car,No injury/unknown,UNSAFE BACKING,N CURRY PIKE,39.17204506,-86.582992
901610678,2019,3,2,1300,Weekday,2-Car,Non-incapacitating,UNSAFE SPEED,10TH & SR46S,39.17202295,-86.5023153
901711207,2019,10,4,1400,Weekday,1-Car,No injury/unknown,IMPROPER TURNING,NORTH RANGE RD,39.172015,-86.495392
901676870,2019,8,2,1200,Weekday,2-Car,No injury/unknown,IMPROPER PASSING,SECOND & SOUTH ROGERS ST,39.17197358,-86.53867
901711148,2019,10,4,1700,Weekday,2-Car,Non-incapacitating,SPEED TOO FAST FOR WEATHER CONDITIONS,CURRY PIKE & PROFILE,39.17196,-86.58298
901579630,2019,1,4,1700,Weekday,2-Car,No injury/unknown,FAILURE TO YIELD RIGHT OF WAY,10TH & WOODLAWN AVE,39.17190647,-86.52354907
901740659,2019,12,1,500,Weekend,1-Car,No injury/unknown,RAN OFF ROAD RIGHT,GETTYS & KERR CRK,39.17187028,-86.41666749
901616751,2019,4,3,800,Weekday,2-Car,No injury/unknown,OTHER (DRIVER) - EXPLAIN IN NARRATIVE,W WHITEHALL CROSSING XING,39.171867,-86.572395
901676576,2019,8,1,1500,Weekend,2-Car,No injury/unknown,UNSAFE BACKING,W WHITEHALL CROSSING,39.171867,-86.572395
901724100,2019,11,5,1300,Weekday,2-Car,No injury/unknown,,WEST WHITEHALL CROSSING BLVD,39.171867,-86.572395
901572242,2019,1,6,1500,Weekday,2-Car,No injury/unknown,VIEW OBSTRUCTED,N CURRY PIKE,39.17184,-86.582992
901677376,2019,8,2,1600,Weekday,2-Car,Incapacitating,DISREGARD SIGNAL/REG SIGN,JACOB DR & WHITEHALL  CROSSING,39.17183,-86.57166
901606296,2019,3,6,1600,Weekday,2-Car,No injury/unknown,FAILURE TO YIELD RIGHT OF WAY,DANIELS WAY,39.171793,-86.598321
901684737,2019,8,3,1600,Weekday,2-Car,Non-incapacitating,FOLLOWING TOO CLOSELY,DANIELS WAY RD,39.171793,-86.598321
901690868,2019,9,2,1700,Weekday,2-Car,No injury/unknown,FAILURE TO YIELD RIGHT OF WAY,N DANIELS WAY,39.171793,-86.598321
901665760,2019,7,4,1600,Weekday,1-Car,No injury/unknown,OTHER (VEHICLE) - EXPLAIN IN NARRATIVE,E 10TH ST,39.17177667,-86.48823267
901621999,2019,4,7,100,Weekend,1-Car,No injury/unknown,IMPROPER TURNING,NORTH MORTON ST,39.17177404,-86.536
901563929,2019,1,2,1400,Weekday,2-Car,No injury/unknown,IMPROPER TURNING,10TH & WALNUT ST,39.171744,-86.53352
901569068,2019,1,3,800,Weekday,2-Car,No injury/unknown,SPEED TOO FAST FOR WEATHER CONDITIONS,10TH & COLLEGE AVE,39.171744,-86.534768
901571998,2019,1,5,2100,Weekday,2-Car,Non-incapacitating,IMPROPER LANE USAGE,N COLLEGE AVE & W 10TH,39.171744,-86.534768
901582369,2019,2,3,300,Weekday,1-Car,No injury/unknown,RAN OFF ROAD RIGHT,E 10TH ST & N WALNUT,39.171744,-86.53352
901588846,2019,2,5,1400,Weekday,2-Car,No injury/unknown,DISREGARD SIGNAL/REG SIGN,10TH & N COLLEGE AVE,39.171744,-86.534768
901618425,2019,4,6,1500,Weekday,2-Car,No injury/unknown,IMPROPER TURNING,10TH & N COLLEGE AVE,39.171744,-86.534768
901618582,2019,4,7,300,Weekend,1-Car,Non-incapacitating,UNSAFE BACKING,10TH & WALNUT ST,39.171744,-86.53352
901618583,2019,4,7,400,Weekend,2-Car,No injury/unknown,OTHER (DRIVER) - EXPLAIN IN NARRATIVE,10TH & COLLEGE AVE,39.171744,-86.534768
901634749,2019,5,5,1600,Weekday,2-Car,Non-incapacitating,FOLLOWING TOO CLOSELY,COLLEGE & E 10TH ST,39.171744,-86.534768
901636971,2019,5,1,1100,Weekend,2-Car,No injury/unknown,SPEED TOO FAST FOR WEATHER CONDITIONS,10TH & COLLEGE AVE,39.171744,-86.534768
901638972,2019,5,5,1100,Weekday,1-Car,No injury/unknown,OVERSIZE/OVERWEIGHT LOAD,N COLLEGE AVE,39.171744,-86.534768
901640175,2019,5,3,900,Weekday,2-Car,No injury/unknown,DISREGARD SIGNAL/REG SIGN,E 10TH & N WALNUT ST,39.171744,-86.53352
901641970,2019,6,5,1800,Weekday,2-Car,No injury/unknown,DISREGARD SIGNAL/REG SIGN,10TH & WALNUT ST,39.171744,-86.53352
901671267,2019,8,4,1500,Weekday,Moped/Motorcycle,Non-incapacitating,UNSAFE LANE MOVEMENT,10TH & COLLEGE AVE,39.171744,-86.534768
901679335,2019,8,7,1400,Weekend,2-Car,No injury/unknown,FOLLOWING TOO CLOSELY,E 10TH & N WALNUT ST,39.171744,-86.53352
901679717,2019,8,7,1500,Weekend,2-Car,No injury/unknown,FOLLOWING TOO CLOSELY,10TH & N COLLEGE AVE,39.171744,-86.534768
901680503,2019,8,2,1700,Weekday,2-Car,No injury/unknown,IMPROPER TURNING,10TH & COLLEGE AVE,39.171744,-86.534768
901693380,2019,9,7,1800,Weekend,2-Car,Non-incapacitating,DISREGARD SIGNAL/REG SIGN,10TH ST & COLLEGE,39.171744,-86.534768
901710134,2019,10,3,1000,Weekday,2-Car,No injury/unknown,IMPROPER TURNING,10TH & COLLEGE AVE,39.171744,-86.534768
901711916,2019,10,5,1800,Weekday,2-Car,No injury/unknown,UNSAFE LANE MOVEMENT,N COLLEGE AVE & W 10TH,39.171744,-86.534768
901715842,2019,10,5,1900,Weekday,2-Car,No injury/unknown,DISREGARD SIGNAL/REG SIGN,10TH ST & WALNUT,39.171744,-86.53352
901716916,2019,10,1,100,Weekend,2-Car,No injury/unknown,UNSAFE LANE MOVEMENT,10TH & N WALNUT ST,39.171744,-86.53352
901728854,2019,11,6,1200,Weekday,2-Car,No injury/unknown,FAILURE TO YIELD RIGHT OF WAY,N COLLEGE AVE & W 10TH,39.171744,-86.534768
901737922,2019,12,7,1900,Weekend,2-Car,No injury/unknown,UNSAFE LANE MOVEMENT,N COLLEGE AVE & W 10TH,39.171744,-86.534768
901625469,2019,4,5,1500,Weekday,2-Car,No injury/unknown,FAILURE TO YIELD RIGHT OF WAY,E 10TH ST & N WASHINGTON,39.171728,-86.5324
901707372,2019,10,4,2000,Weekday,3+ Cars,Non-incapacitating,UNSAFE SPEED,E 10TH ST & N WASHINGTON,39.171728,-86.5324
901628501,2019,5,6,1400,Weekday,2-Car,No injury/unknown,UNSAFE BACKING,E 10TH & N LINCOLN ST,39.171712,-86.530992
901635232,2019,5,6,1700,Weekday,2-Car,No injury/unknown,FAILURE TO YIELD RIGHT OF WAY,EAST 10TH ST & NORTH LINCOLN,39.171712,-86.530992
901690849,2019,9,2,1800,Weekday,2-Car,No injury/unknown,FAILURE TO YIELD RIGHT OF WAY,10TH ST & LINCOLN,39.171712,-86.530992
901704916,2019,10,7,1500,Weekend,2-Car,No injury/unknown,FAILURE TO YIELD RIGHT OF WAY,E 10TH ST & N LINCOLN,39.171712,-86.530992
901637364,2019,5,4,200,Weekday,2-Car,No injury/unknown,FAILURE TO YIELD RIGHT OF WAY,10TH ST & GRANT,39.171696,-86.529696
901670208,2019,8,2,1700,Weekday,Moped/Motorcycle,Non-incapacitating,FAILURE TO YIELD RIGHT OF WAY,E10TH ST & N GRANT,39.171696,-86.529696
901708914,2019,10,1,2100,Weekday,2-Car,No injury/unknown,FAILURE TO YIELD RIGHT OF WAY,10TH ST & GRANT,39.171696,-86.529696
901716488,2019,10,6,1900,Weekend,2-Car,No injury/unknown,FAILURE TO YIELD RIGHT OF WAY,10TH ST & GRANT,39.171696,-86.529696
901681122,2019,8,4,200,Weekday,1-Car,No injury/unknown,RAN OFF ROAD RIGHT,E 10TH ST,39.17169236,-86.52875055
901569147,2019,1,3,900,Weekday,2-Car,No injury/unknown,SPEED TOO FAST FOR WEATHER CONDITIONS,10TH ST & INDIANA,39.17168,-86.527024
901599067,2019,2,2,200,Weekday,2-Car,No injury/unknown,FAILURE TO YIELD RIGHT OF WAY,10TH & INDIANA AVE,39.17168,-86.527024
901612660,2019,4,7,1000,Weekend,2-Car,No injury/unknown,FOLLOWING TOO CLOSELY,10TH ST & INDIANA,39.17168,-86.527024
901612724,2019,4,7,1600,Weekend,2-Car,No injury/unknown,FOLLOWING TOO CLOSELY,INDIANA & TENTH ST,39.17168,-86.527024
901621324,2019,4,4,1400,Weekday,Moped/Motorcycle,No injury/unknown,FAILURE TO YIELD RIGHT OF WAY,E 10TH ST & N INDIANA,39.17168,-86.527024
901684513,2019,8,3,1800,Weekday,2-Car,No injury/unknown,FAILURE TO YIELD RIGHT OF WAY,DUNN & TENTH ST,39.17168,-86.528256
901697092,2019,9,1,700,Weekend,Cyclist,Non-incapacitating,DISREGARD SIGNAL/REG SIGN,600 EAST TENTH ST & 600 NORTH INDIANA,39.17168,-86.527024
901714172,2019,10,2,2200,Weekday,2-Car,Non-incapacitating,FAILURE TO YIELD RIGHT OF WAY,E 10TH ST & N DUNN,39.17168,-86.528256
901717599,2019,10,2,1000,Weekday,2-Car,No injury/unknown,CELL PHONE USAGE,E 10TH ST & N DUNN,39.17168,-86.528256
901742480,2019,12,1,1700,Weekend,2-Car,No injury/unknown,FOLLOWING TOO CLOSELY,10TH ST & BARRINGTON,39.17166978,-86.48929014
901693388,2019,9,7,2000,Weekend,2-Car,No injury/unknown,FOLLOWING TOO CLOSELY,10TH ST & FESS,39.171664,-86.52576
901636631,2019,5,2,1700,Weekday,1-Car,No injury/unknown,OTHER (ENVIRONMENTAL) - EXPLAIN IN NARR,TENTH & WALNUT ST,39.17166,-86.53358
901682784,2019,8,6,2200,Weekend,2-Car,No injury/unknown,IMPROPER TURNING,N WALNUT ST & W 10,39.17166,-86.53358
901648814,2019,6,5,1300,Weekday,3+ Cars,Non-incapacitating,FOLLOWING TOO CLOSELY,10TH ST & PETE ELLIS,39.17164801,-86.50236635
901575363,2019,1,5,1100,Weekday,2-Car,No injury/unknown,UNSAFE SPEED,10TH ST & JEFFERSON,39.171648,-86.50691158
901629145,2019,5,1,1500,Weekend,1-Car,No injury/unknown,UNSAFE SPEED,10TH ST & JEFFERSON,39.171648,-86.50691158
901729838,2019,11,1,1800,Weekend,2-Car,No injury/unknown,FOLLOWING TOO CLOSELY,10TH ST & JEFFERSON,39.171648,-86.50694686
901563822,2019,1,2,1000,Weekday,2-Car,No injury/unknown,OVERSIZE/OVERWEIGHT LOAD,E 10TH ST,39.171648,-86.50295229
901567461,2019,1,7,1400,Weekend,2-Car,No injury/unknown,OTHER (DRIVER) - EXPLAIN IN NARRATIVE,E 10TH & STATE ROAD 45 46 BYP,39.171648,-86.502096
901577086,2019,1,7,1800,Weekend,2-Car,Non-incapacitating,FOLLOWING TOO CLOSELY,EAST 10TH ST & SR46E,39.171648,-86.502096
901595292,2019,2,3,700,Weekday,2-Car,No injury/unknown,OTHER (DRIVER) - EXPLAIN IN NARRATIVE,E 10TH ST,39.171648,-86.50249682
901604254,2019,3,6,1200,Weekday,2-Car,No injury/unknown,UNSAFE BACKING,E 10TH ST,39.171648,-86.50435515
901615348,2019,4,6,1600,Weekday,2-Car,No injury/unknown,FAILURE TO YIELD RIGHT OF WAY,10TH ST & JEFFERSON,39.171648,-86.507088
901618727,2019,4,7,1600,Weekend,2-Car,No injury/unknown,FAILURE TO YIELD RIGHT OF WAY,10TH ST & PARK,39.171648,-86.524608
901620982,2019,4,5,700,Weekday,2-Car,No injury/unknown,FOLLOWING TOO CLOSELY,E 10TH ST & PARK,39.171648,-86.524608
901620989,2019,4,5,800,Weekday,2-Car,No injury/unknown,FOLLOWING TOO CLOSELY,E 10TH ST & PARK,39.171648,-86.524608
901625738,2019,5,1,1500,Weekend,1-Car,No injury/unknown,RAN OFF ROAD RIGHT,E 10TH ST & N JEFFERSON,39.171648,-86.507088
901657310,2019,7,3,900,Weekday,2-Car,No injury/unknown,DRIVER DISTRACTED - EXPLAIN IN NARRATIVE,JEFFERSON & TENTH ST,39.171648,-86.507088
901665399,2019,7,5,1100,Weekday,1-Car,No injury/unknown,IMPROPER TURNING,E 10TH ST,39.171648,-86.50362639
901672315,2019,8,6,1600,Weekday,2-Car,No injury/unknown,UNSAFE BACKING,E 10TH ST,39.171648,-86.50435515
901679141,2019,8,6,1700,Weekday,2-Car,No injury/unknown,IMPROPER TURNING,E 10TH ST,39.171648,-86.50360818
901681574,2019,8,4,1500,Weekday,2-Car,No injury/unknown,FAILURE TO YIELD RIGHT OF WAY,10TH ST & PARK,39.171648,-86.524608
901682924,2019,8,6,2100,Weekend,2-Car,No injury/unknown,DRIVER DISTRACTED - EXPLAIN IN NARRATIVE,10TH & SR46E,39.171648,-86.502096
901684429,2019,8,3,1200,Weekday,2-Car,No injury/unknown,UNSAFE BACKING,E 10TH ST,39.171648,-86.50643212
901690362,2019,9,2,800,Weekday,2-Car,No injury/unknown,FAILURE TO YIELD RIGHT OF WAY,10TH ST & JEFFERSON,39.171648,-86.507088
901693267,2019,9,7,1100,Weekend,1-Car,No injury/unknown,OVERSIZE/OVERWEIGHT LOAD,10TH ST & JEFFERSON,39.171648,-86.507088
901715291,2019,10,4,2000,Weekday,2-Car,No injury/unknown,SPEED TOO FAST FOR WEATHER CONDITIONS,E 10TH & SR46E,39.171648,-86.502096
901716537,2019,10,6,2200,Weekend,2-Car,No injury/unknown,UNSAFE BACKING,10TH ST,39.171648,-86.50362639