Master Record Number,Year,Month,Day,Hour,Weekend,Collision Type,Injury Type,Primary Factor,Reported_Location,Latitude,Longitude
901721187,2019,11,1,200,Weekend,2-Car,No injury/unknown,UNSAFE BACKING,E 10TH ST,39.171648,-86.50369927
901724857,2019,11,6,1800,Weekday,2-Car,No injury/unknown,FOLLOWING TOO CLOSELY,10TH ST & PARK,39.171648,-86.524608
901742215,2019,12,7,400,Weekend,1-Car,No injury/unknown,OVERCORRECTING/OVERSTEERING,10TH ST & JEFFERSON,39.171648,-86.507088
901744652,2019,12,4,2200,Weekday,2-Car,No injury/unknown,LEFT OF CENTER,10TH & JEFFERSON AVE,39.171648,-86.507088
901749232,2019,12,5,1900,Weekday,2-Car,No injury/unknown,FOLLOWING TOO CLOSELY,10TH & SR46E,39.171648,-86.502096
901730711,2019,11,2,1400,Weekday,2-Car,Non-incapacitating,FOLLOWING TOO CLOSELY,10TH ST & PARK,39.17164537,-86.52443161
901683004,2019,8,6,1900,Weekend,1-Car,Non-incapacitating,RAN OFF ROAD RIGHT,SR37 & W WHITEHALL XING,39.17164185,-86.56945199
901608670,2019,3,3,1500,Weekday,2-Car,No injury/unknown,FOLLOWING TOO CLOSELY,EAST 10TH ST & NORTH WODDLAWN,39.17164,-86.5235
901700394,2019,9,6,1500,Weekday,3+ Cars,No injury/unknown,FOLLOWING TOO CLOSELY,10TH ST & WOODLAWN,39.17164,-86.5235
901709701,2019,10,2,1900,Weekday,2-Car,Non-incapacitating,FOLLOWING TOO CLOSELY,10TH ST & WOODLAWN,39.17164,-86.5235
901613733,2019,4,2,800,Weekday,2-Car,No injury/unknown,FAILURE TO YIELD RIGHT OF WAY,SR45E & SR46E,39.17163713,-86.50156691
901619851,2019,4,2,1800,Weekday,2-Car,No injury/unknown,FOLLOWING TOO CLOSELY,10TH ST & SR46E,39.17163351,-86.50139055
901600528,2019,3,5,1600,Weekday,2-Car,No injury/unknown,FOLLOWING TOO CLOSELY,10TH ST & WOODLAWN,39.171632,-86.523536
901612978,2019,4,1,1800,Weekend,2-Car,No injury/unknown,OTHER (DRIVER) - EXPLAIN IN NARRATIVE,E 10TH ST & N WOODLAWN,39.171632,-86.523536
901621885,2019,4,7,1300,Weekend,2-Car,No injury/unknown,FAILURE TO YIELD RIGHT OF WAY,10TH ST & WOODLAWN,39.171632,-86.523536
901624119,2019,4,4,1900,Weekday,2-Car,No injury/unknown,UNSAFE BACKING,10TH ST & WOODLAWN,39.171632,-86.523536
901627339,2019,5,4,700,Weekday,Bus,No injury/unknown,FAILURE TO YIELD RIGHT OF WAY,E 10TH ST & WOODLAWN,39.171632,-86.523536
901670819,2019,8,3,1700,Weekday,3+ Cars,Non-incapacitating,DRIVER ILLNESS,10TH ST & WOODLAWN,39.171632,-86.523536
901731434,2019,11,3,1800,Weekday,2-Car,No injury/unknown,SPEED TOO FAST FOR WEATHER CONDITIONS,10TH ST & FORREST,39.17163022,-86.52237989
901614952,2019,4,5,1800,Weekday,2-Car,Non-incapacitating,FOLLOWING TOO CLOSELY,E 10TH ST & N FORREST,39.17163,-86.52238
901688244,2019,9,4,1900,Weekday,2-Car,No injury/unknown,DRIVER DISTRACTED - EXPLAIN IN NARRATIVE,10TH ST & FORREST,39.17163,-86.52238
901694516,2019,9,2,1900,Weekday,2-Car,No injury/unknown,SPEED TOO FAST FOR WEATHER CONDITIONS,E 10TH ST & N FORREST,39.17163,-86.52238
901706769,2019,10,4,1900,Weekday,3+ Cars,Non-incapacitating,FOLLOWING TOO CLOSELY,10TH ST & FORREST,39.17163,-86.52238303
901708116,2019,10,6,1500,Weekday,2-Car,No injury/unknown,FOLLOWING TOO CLOSELY,10TH ST & FORREST,39.17163,-86.52238
901713809,2019,10,1,2000,Weekday,2-Car,Non-incapacitating,FAILURE TO YIELD RIGHT OF WAY,10TH ST & FEE,39.17161,-86.51902
901719887,2019,11,5,1500,Weekday,3+ Cars,No injury/unknown,FOLLOWING TOO CLOSELY,10TH ST & WALNUT GROVE,39.17161,-86.52099433
901603718,2019,3,5,1500,Weekday,2-Car,No injury/unknown,FAILURE TO YIELD RIGHT OF WAY,E 10TH ST,39.17160835,-86.50016626
901670720,2019,8,3,1400,Weekday,3+ Cars,No injury/unknown,FOLLOWING TOO CLOSELY,E 10TH ST & N WALNUT GROVE,39.1716,-86.520896
901692005,2019,9,4,2000,Weekday,2-Car,No injury/unknown,FOLLOWING TOO CLOSELY,10TH ST & WALNUT GROVE,39.1716,-86.520896
901726589,2019,11,2,1400,Weekday,Pedestrian,Non-incapacitating,FAILURE TO YIELD RIGHT OF WAY,10TH ST & WALNUT,39.1716,-86.520896
901579372,2019,1,4,1100,Weekday,2-Car,No injury/unknown,DRIVER DISTRACTED - EXPLAIN IN NARRATIVE,FEE & TENTH ST,39.171584,-86.518688
901580059,2019,1,5,1400,Weekday,2-Car,No injury/unknown,FOLLOWING TOO CLOSELY,EAST 10TH ST & NORTH FEE,39.171584,-86.518688
901588146,2019,2,4,1900,Weekday,2-Car,No injury/unknown,FOLLOWING TOO CLOSELY,E 10TH ST & N FEE,39.171584,-86.518688
901593467,2019,2,6,2200,Weekend,Bus,No injury/unknown,IMPROPER LANE USAGE,10TH ST & FEE,39.171584,-86.518688
901600332,2019,3,5,1000,Weekday,1-Car,No injury/unknown,UNSAFE BACKING,11TH ST & FEE,39.171584,-86.518688
901601377,2019,3,1,100,Weekend,2-Car,Non-incapacitating,FAILURE TO YIELD RIGHT OF WAY,10TH ST & FEE,39.171584,-86.518688
901602810,2019,3,3,1800,Weekday,Pedestrian,Non-incapacitating,DISREGARD SIGNAL/REG SIGN,E 10TH ST & N FEE,39.171584,-86.518688
901622831,2019,4,2,2200,Weekday,2-Car,No injury/unknown,FOLLOWING TOO CLOSELY,E 10TH ST & N FEE,39.171584,-86.518688
901645674,2019,6,6,700,Weekday,1-Car,No injury/unknown,UNSAFE BACKING,1101 N FEE (NORTH EAST CORNER) LN & FEE,39.171584,-86.518688
901689263,2019,9,6,1100,Weekday,2-Car,No injury/unknown,UNSAFE BACKING,11TH ST & FEE,39.171584,-86.518688
901690826,2019,9,2,1900,Weekday,Cyclist,Non-incapacitating,FAILURE TO YIELD RIGHT OF WAY,11TH ST & FEE,39.171584,-86.518688
901697262,2019,9,1,1800,Weekend,3+ Cars,No injury/unknown,SPEED TOO FAST FOR WEATHER CONDITIONS,E 10TH ST & N FEE,39.171584,-86.518688
901714075,2019,10,1,1900,Weekday,2-Car,No injury/unknown,FOLLOWING TOO CLOSELY,10TH & N FEE LN,39.171584,-86.518688
901727887,2019,11,3,2200,Weekday,1-Car,No injury/unknown,RAN OFF ROAD RIGHT,E 11TH ST & N FEE,39.171584,-86.518688
901628697,2019,5,6,1300,Weekday,2-Car,No injury/unknown,UNSAFE LANE MOVEMENT,10TH ST & SUNRISE,39.17158,-86.51248
901650703,2019,6,2,1700,Weekday,2-Car,No injury/unknown,FOLLOWING TOO CLOSELY,10TH ST & SUNRISE,39.17158,-86.51249298
901661756,2019,7,4,2100,Weekday,Moped/Motorcycle,Non-incapacitating,IMPROPER PASSING,E 10TH ST & N SUNRISE,39.17158,-86.51248
901683139,2019,8,1,1200,Weekend,2-Car,No injury/unknown,DRIVER DISTRACTED - EXPLAIN IN NARRATIVE,EAST TENTH ST & SUNRISE,39.17158,-86.51248
901693399,2019,9,7,2000,Weekend,3+ Cars,No injury/unknown,CELL PHONE USAGE,10TH ST & SUNRISE,39.17158,-86.51248
901696642,2019,9,6,1600,Weekday,2-Car,No injury/unknown,FOLLOWING TOO CLOSELY,10TH ST & SUNRISE,39.17158,-86.51247741
901737321,2019,12,6,800,Weekday,1-Car,No injury/unknown,OVERSIZE/OVERWEIGHT LOAD,10TH ST & SUNRISE,39.17157993,-86.51247985
901738311,2019,12,1,1400,Weekend,2-Car,No injury/unknown,FOLLOWING TOO CLOSELY,10TH ST & SUNRISE,39.17157993,-86.51249715
901745110,2019,12,5,1800,Weekday,2-Car,No injury/unknown,UNSAFE BACKING,10TH ST & SUNRISE,39.17157993,-86.51247985
901596305,2019,2,4,1400,Weekday,2-Car,No injury/unknown,UNSAFE BACKING,E 10TH ST,39.17157747,-86.51808392
901610212,2019,3,1,1300,Weekend,2-Car,No injury/unknown,UNSAFE BACKING,E 10TH ST,39.17157747,-86.51808392
901670242,2019,8,2,1800,Weekday,2-Car,No injury/unknown,UNSAFE BACKING,EAST 10TH ST,39.17157747,-86.51808392
901714165,2019,10,2,2300,Weekday,1-Car,No injury/unknown,ACCELERATOR FAILURE OR DEFECTIVE,EAST 10TH ST,39.17157747,-86.51808392
901710579,2019,10,4,0,Weekday,2-Car,No injury/unknown,OTHER (DRIVER) - EXPLAIN IN NARRATIVE,EAST 10 TH STREET ST,39.171558,-86.510279
901589050,2019,2,5,2300,Weekday,Pedestrian,Non-incapacitating,FAILURE TO YIELD RIGHT OF WAY,EAST 10 ST,39.17155495,-86.50940701
901589637,2019,2,6,1900,Weekend,2-Car,No injury/unknown,UNSAFE BACKING,E 10TH ST,39.17155495,-86.49926418
901593482,2019,2,6,1200,Weekday,2-Car,No injury/unknown,OTHER (DRIVER) - EXPLAIN IN NARRATIVE,10TH & SR46S,39.17155495,-86.50224214
901598144,2019,2,1,1400,Weekend,2-Car,No injury/unknown,FOLLOWING TOO CLOSELY,10TH ST & UNION,39.17155495,-86.50944435
901601221,2019,3,6,2100,Weekend,2-Car,Non-incapacitating,DISREGARD SIGNAL/REG SIGN,10TH & SR45E,39.17155495,-86.50224214
901737937,2019,12,7,1900,Weekend,2-Car,No injury/unknown,FOLLOWING TOO CLOSELY,10TH ST & JORDAN,39.17155391,-86.51590441
901574046,2019,1,3,1800,Weekday,2-Car,No injury/unknown,FAILURE TO YIELD RIGHT OF WAY,10TH ST & NORTH JORDAN,39.171552,-86.515728
901599030,2019,2,2,1700,Weekday,2-Car,Non-incapacitating,FOLLOWING TOO CLOSELY,10TH & JORDAN AVE,39.171552,-86.515728
901615486,2019,4,7,1000,Weekend,2-Car,Non-incapacitating,DISREGARD SIGNAL/REG SIGN,10TH & JORDAN AVE,39.171552,-86.515728
901618381,2019,4,6,1300,Weekday,2-Car,No injury/unknown,FOLLOWING TOO CLOSELY,EAST TENTH ST & JORDAN,39.171552,-86.515728
901624420,2019,4,5,1200,Weekday,2-Car,No injury/unknown,UNSAFE SPEED,10TH ST & JORDAN,39.171552,-86.515728
901677378,2019,8,2,1600,Weekday,Pedestrian,Non-incapacitating,OTHER (DRIVER) - EXPLAIN IN NARRATIVE,10TH ST & JORDAN,39.171552,-86.515728
901678177,2019,8,2,1700,Weekday,2-Car,No injury/unknown,IMPROPER PASSING,10TH ST & JORDAN,39.171552,-86.515728
901597638,2019,2,6,1500,Weekday,Pedestrian,Non-incapacitating,PEDESTRIAN ACTION,10TH ST & SUNRISE,39.17155153,-86.51247991
901626474,2019,5,2,1600,Weekday,2-Car,No injury/unknown,IMPROPER TURNING,EAST TENTH ST,39.17155,-86.509449
901719968,2019,11,5,2100,Weekday,2-Car,No injury/unknown,UNSAFE BACKING,10TH ST,39.17155,-86.509449
901737725,2019,12,6,1400,Weekday,2-Car,No injury/unknown,UNSAFE SPEED,10TH ST & JORDAN,39.17154708,-86.51537521
901719874,2019,11,5,1400,Weekday,2-Car,No injury/unknown,FOLLOWING TOO CLOSELY,E 10TH ST & PETE ELLIS,39.17154567,-86.49707538
901611386,2019,3,3,2200,Weekday,1-Car,No injury/unknown,ANIMAL/OBJECT IN ROADWAY,EAST 10TH ST,39.171538,-86.498594
901627682,2019,5,4,1400,Weekday,2-Car,No injury/unknown,UNSAFE BACKING,10TH ST & PETE ELLIS,39.17153496,-86.49654629
901681036,2019,8,3,1400,Weekday,2-Car,No injury/unknown,FOLLOWING TOO CLOSELY,10TH & 45 46 BYP,39.17153031,-86.50220967
901697239,2019,9,1,1700,Weekend,2-Car,No injury/unknown,FOLLOWING TOO CLOSELY,45 46 & EAST 10TH ST,39.17153031,-86.50220967
901591882,2019,2,3,1700,Weekday,2-Car,Non-incapacitating,IMPROPER LANE USAGE,N RANGE & SR45E,39.171504,-86.495312
901600248,2019,3,4,1200,Weekday,2-Car,No injury/unknown,UNSAFE LANE MOVEMENT,E 10TH ST & N PETE ELLIS,39.171504,-86.495312
901632097,2019,5,7,2300,Weekend,2-Car,No injury/unknown,FAILURE TO YIELD RIGHT OF WAY,10TH & RANGE RD,39.171504,-86.495312
901632205,2019,5,7,1500,Weekend,2-Car,No injury/unknown,BRAKE FAILURE OR DEFECTIVE,10TH ST & PETE ELLIS,39.171504,-86.495312
901638718,2019,5,6,500,Weekday,1-Car,Non-incapacitating,UNSAFE SPEED,E 10TH ST & N PETE ELLIS,39.171504,-86.495312
901669135,2019,7,6,1700,Weekday,1-Car,No injury/unknown,RAN OFF ROAD RIGHT,RANGE & TENTH ST,39.171504,-86.495312
901681460,2019,8,4,1300,Weekday,2-Car,No injury/unknown,OTHER (DRIVER) - EXPLAIN IN NARRATIVE,E 10TH ST,39.171504,-86.512288
901696228,2019,9,5,2200,Weekday,2-Car,No injury/unknown,FOLLOWING TOO CLOSELY,10TH ST & RANGE,39.171504,-86.495312
901729760,2019,11,1,1500,Weekend,2-Car,Non-incapacitating,SPEED TOO FAST FOR WEATHER CONDITIONS,10TH ST & RANGE,39.171504,-86.495312
901687988,2019,9,4,1200,Weekday,1-Car,Non-incapacitating,OTHER (DRIVER) - EXPLAIN IN NARRATIVE,E 10TH ST,39.1715,-86.493134
901577195,2019,1,7,1000,Weekend,1-Car,No injury/unknown,SPEED TOO FAST FOR WEATHER CONDITIONS,10TH ST & PETE ELLIS,39.17149,-86.49538
901640996,2019,6,4,1200,Weekday,2-Car,No injury/unknown,UNSAFE BACKING,EAST 10TH ST,39.17148231,-86.51031409
901597653,2019,2,6,1600,Weekday,2-Car,No injury/unknown,UNSAFE BACKING,E 10TH ST,39.17148188,-86.51027501
901695467,2019,9,4,1300,Weekday,2-Car,No injury/unknown,UNSAFE BACKING,E 10TH ST,39.17148145,-86.51023592
901675698,2019,8,6,2000,Weekend,Cyclist,Non-incapacitating,FAILURE TO YIELD RIGHT OF WAY,10TH ST & UNION,39.17147588,-86.50972881
901609736,2019,3,6,1200,Weekday,2-Car,No injury/unknown,FAILURE TO YIELD RIGHT OF WAY,10TH ST & UNION,39.17147491,-86.50964061
901625251,2019,4,6,1900,Weekend,2-Car,No injury/unknown,FOLLOWING TOO CLOSELY,10TH ST & UNION,39.17147491,-86.50964061
901742089,2019,12,7,1500,Weekend,3+ Cars,No injury/unknown,FOLLOWING TOO CLOSELY,10TH ST & UNION,39.17147491,-86.50964061
901680532,2019,8,2,2200,Weekday,2-Car,No injury/unknown,FAILURE TO YIELD RIGHT OF WAY,10TH ST & UNION,39.17147433,-86.50958769
901570843,2019,1,4,1700,Weekday,2-Car,Non-incapacitating,FAILURE TO YIELD RIGHT OF WAY,10TH & UNION ST,39.171472,-86.509376
901613450,2019,4,2,1200,Weekday,2-Car,No injury/unknown,IMPROPER TURNING,10TH & UNION ST,39.171472,-86.509376
901683066,2019,8,7,0,Weekend,2-Car,No injury/unknown,FAILURE TO YIELD RIGHT OF WAY,10TH ST & UNION,39.171472,-86.509376
901685584,2019,9,5,1500,Weekday,2-Car,No injury/unknown,OTHER (DRIVER) - EXPLAIN IN NARRATIVE,EAST 10TH ST,39.171472,-86.509376
901686037,2019,9,6,2100,Weekend,2-Car,No injury/unknown,UNSAFE BACKING,EAST 10TH ST,39.171472,-86.509376
901692102,2019,9,5,0,Weekday,2-Car,No injury/unknown,FOLLOWING TOO CLOSELY,E 10TH ST & N UNION,39.171472,-86.509376
901706761,2019,10,4,2000,Weekday,2-Car,No injury/unknown,UNSAFE BACKING,EAST 10TH ST,39.171472,-86.509376
901571836,2019,1,6,800,Weekday,3+ Cars,No injury/unknown,OTHER (DRIVER) - EXPLAIN IN NARRATIVE,10TH ST & PETE ELLIS,39.17146957,-86.49538394
901671244,2019,8,4,1900,Weekday,2-Car,No injury/unknown,FOLLOWING TOO CLOSELY,10TH & WALNUT ST,39.17146936,-86.53352366
901718068,2019,10,2,2200,Weekday,2-Car,No injury/unknown,,10TH & WOODLAWN AVE,39.17142613,-86.52352692
901575809,2019,1,5,1500,Weekday,1-Car,No injury/unknown,SPEED TOO FAST FOR WEATHER CONDITIONS,10TH ST & JEFFERSON,39.17141,-86.50721865
901681328,2019,8,4,1100,Weekday,2-Car,No injury/unknown,FAILURE TO YIELD RIGHT OF WAY,10TH & JORDAN AVE,39.17134677,-86.51575067
901647540,2019,6,3,700,Weekday,2-Car,No injury/unknown,,N SMITH RD,39.171248,-86.481328
901647541,2019,6,3,800,Weekday,2-Car,No injury/unknown,,N SMITH RD,39.171248,-86.481328
901737014,2019,12,5,1800,Weekday,1-Car,No injury/unknown,OTHER (VEHICLE) - EXPLAIN IN NARRATIVE,N SMITH RD,39.171248,-86.481328
901683235,2019,8,1,1900,Weekday,2-Car,No injury/unknown,FAILURE TO YIELD RIGHT OF WAY,10TH & UNION ST,39.17119738,-86.50937067
901702769,2019,10,4,1200,Weekday,2-Car,No injury/unknown,UNSAFE BACKING,S WALNUT ST,39.17105829,-86.53352914
901640308,2019,5,3,700,Weekday,1-Car,Incapacitating,UNSAFE SPEED,SR48W & STATE ROAD 43,39.17095389,-86.6813754
901752015,2019,12,4,2100,Weekday,1-Car,No injury/unknown,UNSAFE SPEED,SR37S & WHITEHALL CROSSING,39.17095028,-86.57031029
901681381,2019,8,4,900,Weekday,1-Car,No injury/unknown,OTHER (DRIVER) - EXPLAIN IN NARRATIVE,N MORTON ST,39.17093584,-86.536
901712726,2019,10,6,800,Weekday,Pedestrian,Non-incapacitating,OTHER (ENVIRONMENTAL) - EXPLAIN IN NARR,BASSWOOD DR & BLOOMFIELD,39.17093144,-86.56891162
901712727,2019,10,6,800,Weekday,Pedestrian,No injury/unknown,OTHER (ENVIRONMENTAL) - EXPLAIN IN NARR,BASSWOOD DR & BLOOMFIELD,39.17093144,-86.56891162
901712728,2019,10,6,800,Weekday,2-Car,No injury/unknown,OTHER (ENVIRONMENTAL) - EXPLAIN IN NARR,BASSWOOD DR & BLOOMFIELD,39.17093144,-86.56891162
901670320,2019,8,2,2200,Weekday,2-Car,Non-incapacitating,OTHER (DRIVER) - EXPLAIN IN NARRATIVE,SR37N & WHITEHALL CROSSING,39.17092315,-86.57029132
901565337,2019,1,4,2200,Weekday,2-Car,No injury/unknown,IMPROPER TURNING,N COLLEGE AVE,39.17091135,-86.534768
901667171,2019,7,2,2000,Weekday,2-Car,No injury/unknown,UNSAFE BACKING,N COLLEGE AVE,39.17091135,-86.534768
901670183,2019,8,2,1200,Weekday,2-Car,No injury/unknown,UNSAFE BACKING,S COLLEGE AVE,39.17088686,-86.534768
901569935,2019,1,3,1700,Weekday,1-Car,No injury/unknown,SPEED TOO FAST FOR WEATHER CONDITIONS,BELL TRACE & JOHN HINKLE PL,39.17087,-86.49085
901628036,2019,5,5,1400,Weekday,Cyclist,Non-incapacitating,FAILURE TO YIELD RIGHT OF WAY,10TH & JORDAN AVE,39.17086788,-86.51580355
901722883,2019,11,3,1600,Weekday,2-Car,No injury/unknown,FAILURE TO YIELD RIGHT OF WAY,S WALNUT ST,39.1707889,-86.53353274
901601157,2019,3,7,1100,Weekend,2-Car,No injury/unknown,FOLLOWING TOO CLOSELY,JOHN HINKLE & PETE ELLIS DR,39.17072,-86.4956
901734569,2019,11,2,1400,Weekday,2-Car,No injury/unknown,FOLLOWING TOO CLOSELY,JOHN HINKLE & PETE ELLIS DR,39.17072,-86.4956
901699261,2019,9,4,1500,Weekday,2-Car,No injury/unknown,UNSAFE LANE MOVEMENT,9TH & WOODLAWN AVE,39.17068125,-86.52349406
901682689,2019,8,6,1500,Weekday,1-Car,No injury/unknown,IMPROPER TURNING,NORTH WOODLAWN AVE,39.17065502,-86.5234929
901575459,2019,1,5,900,Weekday,2-Car,No injury/unknown,OTHER (DRIVER) - EXPLAIN IN NARRATIVE,10TH & UNION ST,39.17064813,-86.50936
901725589,2019,11,1,1900,Weekday,Pedestrian,Non-incapacitating,FAILURE TO YIELD RIGHT OF WAY,NORTH SUNRISE AVE,39.170624,-86.512468
901686287,2019,9,7,1100,Weekend,2-Car,No injury/unknown,UNSAFE LANE MOVEMENT,9TH ST & FESS,39.170544,-86.52555158
901569488,2019,1,3,500,Weekday,2-Car,No injury/unknown,SPEED TOO FAST FOR WEATHER CONDITIONS,9TH & COLLEGE AVE,39.170544,-86.534768
901587977,2019,2,3,2100,Weekday,2-Car,No injury/unknown,FAILURE TO YIELD RIGHT OF WAY,9TH ST & INDIANA,39.170544,-86.526992
901615625,2019,4,1,0,Weekend,2-Car,No injury/unknown,FAILURE TO YIELD RIGHT OF WAY,9TH & DUNN AVE,39.170544,-86.52824
901618225,2019,4,6,1000,Weekday,2-Car,No injury/unknown,FAILURE TO YIELD RIGHT OF WAY,N COLLEGE AVE & W 9TH,39.170544,-86.534768
901645495,2019,5,2,1900,Weekday,2-Car,No injury/unknown,FAILURE TO YIELD RIGHT OF WAY,9TH & N WALNUT ST,39.170544,-86.533536
901681646,2019,8,4,1700,Weekday,1-Car,No injury/unknown,IMPROPER TURNING,E 9TH & N PARK AVE,39.170544,-86.52456
901684504,2019,8,1,100,Weekend,2-Car,No injury/unknown,IMPROPER TURNING,9TH & WALNUT ST,39.170544,-86.533536
901686840,2019,9,1,300,Weekend,2-Car,No injury/unknown,OTHER (DRIVER) - EXPLAIN IN NARRATIVE,9TH ST & DUNN,39.170544,-86.52824
901688667,2019,9,5,1300,Weekday,Moped/Motorcycle,Non-incapacitating,FAILURE TO YIELD RIGHT OF WAY,9TH & MORTON ST,39.170544,-86.536
901689846,2019,9,1,100,Weekend,2-Car,No injury/unknown,UNSAFE BACKING,9TH ST & COLLEGE,39.170544,-86.534768
901693111,2019,9,6,1700,Weekday,Cyclist,Non-incapacitating,WRONG WAY ON ONE WAY,9TH ST & LINCOLN,39.170544,-86.530992
901721333,2019,11,1,200,Weekend,2-Car,No injury/unknown,FAILURE TO YIELD RIGHT OF WAY,9TH ST & GRANT,39.170544,-86.52946312
901685629,2019,9,5,2000,Weekday,2-Car,No injury/unknown,UNSAFE LANE MOVEMENT,9TH & COLLEGE AVE,39.17051654,-86.53476844
901701018,2019,10,1,1700,Weekend,2-Car,No injury/unknown,FAILURE TO YIELD RIGHT OF WAY,GRANT ST & NINTH,39.17046,-86.52977
901603228,2019,3,4,1800,Weekday,2-Car,No injury/unknown,UNSAFE BACKING,EAST 9TH ST,39.17045,-86.527941
901703076,2019,10,4,1600,Weekday,2-Car,No injury/unknown,FAILURE TO YIELD RIGHT OF WAY,9TH ST & FAIRVIEW,39.170448,-86.540992
901589646,2019,2,6,1900,Weekend,2-Car,No injury/unknown,IMPROPER TURNING,9TH & COLLEGE AVE,39.17043138,-86.53480848
901660709,2019,7,3,500,Weekday,2-Car,No injury/unknown,,9TH & COLLEGE AVE,39.17040668,-86.53477022
901742104,2019,12,7,1600,Weekend,2-Car,No injury/unknown,OTHER (VEHICLE) - EXPLAIN IN NARRATIVE,9TH & COLLEGE AVE,39.17040668,-86.53477022
901711675,2019,10,5,1200,Weekday,2-Car,No injury/unknown,SPEED TOO FAST FOR WEATHER CONDITIONS,300 N JACOB DR & SUSAN,39.17026746,-86.57269554
901627178,2019,5,4,700,Weekday,2-Car,No injury/unknown,FOLLOWING TOO CLOSELY,EASTGATE & SR46E,39.17024,-86.501392
901651369,2019,6,4,0,Weekday,1-Car,No injury/unknown,DRIVER ASLEEP OR FATIGUED,2604 E EASTGATE LN & 46,39.17024,-86.501392
901697221,2019,9,1,1700,Weekend,2-Car,No injury/unknown,FOLLOWING TOO CLOSELY,E EASTGATE & SR46S,39.17024,-86.501392
901742531,2019,12,1,2200,Weekday,2-Car,No injury/unknown,DRIVER DISTRACTED - EXPLAIN IN NARRATIVE,EASTGATE & SR46S,39.17024,-86.501392
901745664,2019,12,6,1900,Weekend,2-Car,Non-incapacitating,FOLLOWING TOO CLOSELY,EASTGATE & SR46N,39.17024,-86.501392
901746015,2019,12,6,2100,Weekend,3+ Cars,No injury/unknown,FOLLOWING TOO CLOSELY,EASTGATE & STATE ROAD 45 46 BYP,39.17024,-86.501392
901648770,2019,6,5,900,Weekday,2-Car,No injury/unknown,,HUNTER & PARK AVE,39.17015035,-86.52402
901581145,2019,1,7,1100,Weekend,2-Car,No injury/unknown,OTHER (DRIVER) - EXPLAIN IN NARRATIVE,ADAMS HILL & S ISABEL CT,39.17013213,-86.55274
901576998,2019,1,7,1500,Weekend,2-Car,No injury/unknown,UNSAFE BACKING,N GATES DR,39.170074,-86.576423
901611742,2019,3,4,1400,Weekday,2-Car,No injury/unknown,UNSAFE BACKING,GATES DR,39.170074,-86.576423
901672795,2019,8,7,1800,Weekend,2-Car,No injury/unknown,UNSAFE BACKING,NORTH GATES DR,39.170074,-86.576423
901707371,2019,10,5,1200,Weekday,2-Car,No injury/unknown,UNSAFE BACKING,N GATES DR,39.170074,-86.576423
901611277,2019,3,2,1400,Weekday,2-Car,No injury/unknown,UNSAFE BACKING,JOHN HINKLE PL,39.16999083,-86.49227006
901578028,2019,1,2,900,Weekday,2-Car,No injury/unknown,FAILURE TO YIELD RIGHT OF WAY,8TH ST & VERNAL,39.16995,-86.55009269
901663755,2019,7,2,1300,Weekday,2-Car,No injury/unknown,FOLLOWING TOO CLOSELY,E EASTGATE & SR46E,39.16985607,-86.50120003
901653342,2019,6,1,1700,Weekend,2-Car,No injury/unknown,UNSAFE BACKING,N BELL TRACE CIR,39.16985,-86.489225
901616986,2019,4,3,1500,Weekday,1-Car,Non-incapacitating,DISREGARD SIGNAL/REG SIGN,N ADAMS ST & W VERNAL,39.16984,-86.549696
901672253,2019,8,6,1400,Weekday,2-Car,No injury/unknown,IMPROPER TURNING,N WALNUT ST,39.16975445,-86.53354874
901612771,2019,4,7,1600,Weekend,1-Car,No injury/unknown,OTHER (DRIVER) - EXPLAIN IN NARRATIVE,NORTH COLLEGE ST,39.1697342,-86.53478106
901676664,2019,8,2,1200,Weekday,2-Car,No injury/unknown,OTHER (DRIVER) - EXPLAIN IN NARRATIVE,N COLLEGE AVE,39.1697342,-86.53478106
901681022,2019,8,3,1600,Weekday,2-Car,No injury/unknown,OTHER (DRIVER) - EXPLAIN IN NARRATIVE,NORTH COLLEGE AVE,39.1697342,-86.53478106
901722875,2019,11,3,1700,Weekday,2-Car,Non-incapacitating,UNSAFE SPEED,N SPRING & W 8TH ST,39.169728,-86.5548
901720785,2019,11,6,2300,Weekend,Moped/Motorcycle,Non-incapacitating,UNSAFE SPEED,N ADAMS ST & W VERNAL,39.1697,-86.54964
901589804,2019,2,6,1300,Weekday,2-Car,No injury/unknown,LEFT OF CENTER,8TH ST & HOPEWELL,39.16968,-86.552192
901598766,2019,2,2,1000,Weekday,2-Car,No injury/unknown,OTHER (DRIVER) - EXPLAIN IN NARRATIVE,8TH ST & HOPEWELL,39.16968,-86.552192
901580851,2019,1,6,1300,Weekday,2-Car,No injury/unknown,UNSAFE LANE MOVEMENT,E 8TH & N DUNN ST,39.169648,-86.52824
901604166,2019,3,6,1600,Weekday,2-Car,No injury/unknown,FAILURE TO YIELD RIGHT OF WAY,8TH & DUNN ST,39.169648,-86.52824
901703075,2019,10,4,1500,Weekday,2-Car,No injury/unknown,IMPROPER TURNING,8TH ST & JOHN,39.169632,-86.544192