Master Record Number,Year,Month,Day,Hour,Weekend,Collision Type,Injury Type,Primary Factor,Reported_Location,Latitude,Longitude
901722383,2019,11,3,800,Weekday,2-Car,No injury/unknown,LEFT OF CENTER,FAIRVIEW & W 8TH ST,39.1696,-86.54104
901700468,2019,9,6,1200,Weekday,2-Car,No injury/unknown,IMPROPER LANE USAGE,8TH ST & OAK,39.16959,-86.54644
901722299,2019,11,2,1300,Weekday,2-Car,Non-incapacitating,FAILURE TO YIELD RIGHT OF WAY,8TH & ROGERS ST,39.169584,-86.538576
901716185,2019,10,6,1300,Weekday,2-Car,No injury/unknown,UNSAFE BACKING,N MORTON ST,39.169568,-86.536
901567990,2019,1,6,1500,Weekday,2-Car,No injury/unknown,FAILURE TO YIELD RIGHT OF WAY,8TH & NORTH COLLAGE ST,39.169552,-86.534784
901575750,2019,1,5,1500,Weekday,Pedestrian,Non-incapacitating,SPEED TOO FAST FOR WEATHER CONDITIONS,8TH & N COLLEGE AVE,39.169552,-86.534784
901584744,2019,2,7,1000,Weekend,1-Car,No injury/unknown,SPEED TOO FAST FOR WEATHER CONDITIONS,8TH ST & COLLEGE,39.169552,-86.534784
901638377,2019,5,5,1600,Weekday,2-Car,No injury/unknown,UNSAFE LANE MOVEMENT,8TH & COLLEGE AVE,39.169552,-86.534784
901646306,2019,6,7,0,Weekend,2-Car,No injury/unknown,UNSAFE LANE MOVEMENT,EAST 8TH & N WALNUT ST,39.169552,-86.533552
901649775,2019,6,7,2300,Weekend,2-Car,No injury/unknown,UNSAFE BACKING,EAST 8TH & NORTH WALNUT ST,39.169552,-86.533552
901658722,2019,7,5,1400,Weekday,2-Car,No injury/unknown,FAILURE TO YIELD RIGHT OF WAY,8TH & WALNUT ST,39.169552,-86.533552
901659950,2019,7,7,2000,Weekend,2-Car,No injury/unknown,UNSAFE LANE MOVEMENT,8TH & WALNUT ST,39.169552,-86.533552
901681653,2019,8,4,1700,Weekday,2-Car,No injury/unknown,FAILURE TO YIELD RIGHT OF WAY,8TH ST & GRANT,39.169552,-86.529696
901689679,2019,9,7,100,Weekend,2-Car,No injury/unknown,OTHER (DRIVER) - EXPLAIN IN NARRATIVE,E 8TH ST,39.169552,-86.529264
901690114,2019,9,7,2300,Weekend,2-Car,Non-incapacitating,FAILURE TO YIELD RIGHT OF WAY,8TH & COLLEGE AVE,39.169552,-86.534784
901716592,2019,10,7,400,Weekend,2-Car,No injury/unknown,OTHER (DRIVER) - EXPLAIN IN NARRATIVE,319 N WALNUT ST & 8TH,39.169552,-86.533552
901718123,2019,11,3,300,Weekday,Pedestrian,Incapacitating,PEDESTRIAN ACTION,8TH & NORTH WASHINGTON ST,39.169552,-86.5324
901739157,2019,12,2,1500,Weekday,2-Car,Non-incapacitating,FAILURE TO YIELD RIGHT OF WAY,E 8TH & N LINCOLN ST,39.169552,-86.530992
901749201,2019,12,5,1700,Weekday,2-Car,No injury/unknown,FAILURE TO YIELD RIGHT OF WAY,N WALNUT ST & W 8TH,39.169552,-86.533552
901753255,2019,12,7,1300,Weekend,2-Car,No injury/unknown,IMPROPER TURNING,NORTH WALNUT ST & WEST 8TH,39.169552,-86.533552
901720731,2019,11,6,1700,Weekday,2-Car,No injury/unknown,FAILURE TO YIELD RIGHT OF WAY,8TH & COLLEGE AVE,39.16951,-86.53484
901581499,2019,1,1,1500,Weekend,2-Car,No injury/unknown,UNSAFE BACKING,8TH & CLARK ST,39.1695,-86.50502
901598306,2019,2,7,400,Weekend,2-Car,No injury/unknown,UNSAFE BACKING,E 8TH ST & N WALNUT,39.1694854,-86.53360637
901646329,2019,6,7,2300,Weekend,2-Car,No injury/unknown,UNSAFE BACKING,AMY LN,39.16944422,-86.49792484
901718428,2019,10,2,2200,Weekday,2-Car,No injury/unknown,IMPROPER PASSING,8TH & NORTH WASHINGTON ST,39.16944214,-86.5324
901713793,2019,10,1,1600,Weekend,2-Car,No injury/unknown,OTHER (VEHICLE) - EXPLAIN IN NARRATIVE,ATWATER & HIGHLAND AVE,39.16938894,-86.51771252
901575137,2019,1,5,700,Weekday,1-Car,Non-incapacitating,SPEED TOO FAST FOR WEATHER CONDITIONS,E AMY & N PETE ELLIS DR,39.169312,-86.495888
901575355,2019,1,5,1000,Weekday,1-Car,No injury/unknown,SPEED TOO FAST FOR WEATHER CONDITIONS,E AMY & N PETE ELLIS DR,39.169312,-86.495888
901720721,2019,11,5,1600,Weekday,2-Car,No injury/unknown,FAILURE TO YIELD RIGHT OF WAY,AMY & S PETE ELLIS DR,39.169312,-86.495888
901600940,2019,3,6,1600,Weekday,2-Car,Non-incapacitating,FOLLOWING TOO CLOSELY,7TH & JORDAN AVE,39.16921765,-86.51598578
901699297,2019,9,4,2000,Weekday,2-Car,No injury/unknown,FAILURE TO YIELD RIGHT OF WAY,7TH & JORDAN AVE,39.16921765,-86.51598578
901694466,2019,9,2,1900,Weekday,1-Car,No injury/unknown,OVERCORRECTING/OVERSTEERING,CLUBHOUSE & KINSER PIKE,39.16906734,-86.54286
901572668,2019,1,7,2100,Weekend,2-Car,No injury/unknown,DRIVER DISTRACTED - EXPLAIN IN NARRATIVE,E 12 TH & INDIANA AVE,39.16906146,-86.52699
901599625,2019,3,3,1900,Weekday,2-Car,No injury/unknown,UNSAFE BACKING,E HUNTER & S SWAIN AVE,39.16904296,-86.51526
901567220,2019,1,7,400,Weekend,3+ Cars,No injury/unknown,ROADWAY SURFACE CONDITION,N SHEFFIELD DR & PROVIDENCE,39.16899,-86.47933
901619450,2019,4,2,900,Weekday,2-Car,Non-incapacitating,DRIVER DISTRACTED - EXPLAIN IN NARRATIVE,7TH & ROGERS ST,39.16897866,-86.538576
901737897,2019,12,7,1800,Weekend,3+ Cars,No injury/unknown,DRIVER DISTRACTED - EXPLAIN IN NARRATIVE,EASTGATE & SR46N,39.16896024,-86.50075211
901588611,2019,2,5,1100,Weekday,2-Car,No injury/unknown,FOLLOWING TOO CLOSELY,7TH & JORDAN AVE,39.168944,-86.516016
901692036,2019,9,4,2000,Weekday,2-Car,No injury/unknown,SPEED TOO FAST FOR WEATHER CONDITIONS,E 7TH & N JORDAN AVE,39.168944,-86.516016
901694169,2019,9,2,800,Weekday,2-Car,No injury/unknown,FAILURE TO YIELD RIGHT OF WAY,7TH & JORDAN AVE,39.168944,-86.516016
901699103,2019,9,4,1200,Weekday,Moped/Motorcycle,Non-incapacitating,FAILURE TO YIELD RIGHT OF WAY,E 7TH & N JORDAN AVE,39.168944,-86.516016
901706679,2019,10,4,1500,Weekday,2-Car,No injury/unknown,FOLLOWING TOO CLOSELY,E 7TH & N JORDAN AVE,39.168944,-86.516016
901731642,2019,11,3,1400,Weekday,2-Car,No injury/unknown,FOLLOWING TOO CLOSELY,EAST SEVENTH ST & NORTH JORDAN,39.168944,-86.516016
901698209,2019,9,2,1300,Weekday,Cyclist,Non-incapacitating,IMPROPER PASSING,7TH ST & JORDAN,39.16890743,-86.51566631
901693707,2019,9,1,1900,Weekday,2-Car,Non-incapacitating,SPEED TOO FAST FOR WEATHER CONDITIONS,N JORDAN AVE & WRIGHT CIRCLE,39.16888243,-86.51617527
901702115,2019,10,3,900,Weekday,Cyclist,Non-incapacitating,FAILURE TO YIELD RIGHT OF WAY,EAST SEVENTH & NORTH JORDAN AVE,39.16885,-86.51616
901705474,2019,10,2,1700,Weekday,Cyclist,No injury/unknown,DISREGARD SIGNAL/REG SIGN,7TH & JORDAN AVE,39.16885,-86.51616
901709690,2019,10,2,1700,Weekday,Cyclist,Non-incapacitating,DISREGARD SIGNAL/REG SIGN,7TH ST & JORDAN,39.16885,-86.51616
901723964,2019,11,5,1200,Weekday,2-Car,No injury/unknown,FAILURE TO YIELD RIGHT OF WAY,GRANT ST & SMITH,39.168848,-86.481296
901638633,2019,5,6,600,Weekday,1-Car,No injury/unknown,RAN OFF ROAD RIGHT,N SHEFFIELD DR & PROVIDENCE,39.16884494,-86.47939506
901619137,2019,4,1,2300,Weekday,1-Car,No injury/unknown,RAN OFF ROAD RIGHT,SR48W & VERNAL,39.16882608,-86.66352563
901630323,2019,5,3,1300,Weekday,2-Car,Non-incapacitating,FOLLOWING TOO CLOSELY,ALEXANDER DR & PRIVATE,39.16879717,-86.57458574
901658587,2019,7,2,800,Weekday,2-Car,No injury/unknown,UNSAFE BACKING,7TH & DUNN ST,39.16877732,-86.52822618
901635448,2019,5,7,1200,Weekend,2-Car,No injury/unknown,FAILURE TO YIELD RIGHT OF WAY,GATES DR & JONATHAN,39.16876,-86.57642
901594785,2019,2,2,2100,Weekday,2-Car,No injury/unknown,UNSAFE BACKING,E 7TH ST,39.168752,-86.5436
901664584,2019,7,3,1700,Weekday,2-Car,No injury/unknown,UNSAFE BACKING,E 7TH ST,39.168752,-86.5436
901607411,2019,3,1,100,Weekend,1-Car,No injury/unknown,UNSAFE BACKING,N WALNUT ST,39.16871445,-86.53356669
901716590,2019,10,7,300,Weekend,2-Car,No injury/unknown,UNSAFE BACKING,N WALNUT ST,39.16871445,-86.53356669
901682661,2019,8,6,1400,Weekday,Cyclist,Non-incapacitating,IMPROPER PASSING,7TH ST & CAMPBELL,39.16871,-86.5139
901707579,2019,10,5,2300,Weekday,2-Car,No injury/unknown,OTHER (VEHICLE) - EXPLAIN IN NARRATIVE,7TH ST & CAMPBELL,39.16871,-86.51389567
901681624,2019,8,4,1800,Weekday,2-Car,No injury/unknown,IMPROPER LANE USAGE,7TH ST & ROGERS,39.168704,-86.53875242
901652047,2019,6,5,800,Weekday,2-Car,No injury/unknown,UNSAFE BACKING,N ELM ST & W 7TH,39.168704,-86.5452
901677356,2019,8,3,1600,Weekday,2-Car,No injury/unknown,FOLLOWING TOO CLOSELY,7TH & ROGERS ST,39.168704,-86.538576
901677656,2019,8,4,800,Weekday,2-Car,No injury/unknown,FAILURE TO YIELD RIGHT OF WAY,7TH ST & ROGERS,39.16869518,-86.53787042
901593550,2019,2,2,1600,Weekday,2-Car,No injury/unknown,UNSAFE BACKING,W 7TH ST,39.16869029,-86.53747886
901590037,2019,2,5,1700,Weekday,2-Car,No injury/unknown,IMPROPER PASSING,GRANDVIEW ST & KERRY,39.16868989,-86.48675014
901609860,2019,3,6,1400,Weekday,2-Car,No injury/unknown,FOLLOWING TOO CLOSELY,N MORTON & W 7TH ST,39.168672,-86.536
901691117,2019,9,3,1000,Weekday,2-Car,No injury/unknown,OTHER (DRIVER) - EXPLAIN IN NARRATIVE,N MORTON & W 7TH ST,39.168672,-86.536
901734847,2019,11,3,1100,Weekday,2-Car,Non-incapacitating,SPEED TOO FAST FOR WEATHER CONDITIONS,7TH ST & MORTON,39.168672,-86.536
901629608,2019,5,5,1300,Weekday,2-Car,No injury/unknown,UNSAFE BACKING,7TH ST & COLLEGE,39.16865646,-86.53481928
901631969,2019,5,6,500,Weekday,Pedestrian,Non-incapacitating,PEDESTRIAN ACTION,N COLLEGE AVE,39.168656,-86.534784
901679303,2019,8,7,1000,Weekend,2-Car,No injury/unknown,FAILURE TO YIELD RIGHT OF WAY,N COLLEGE AVE & W 7TH,39.168656,-86.534784
901703763,2019,10,5,1800,Weekday,Pedestrian,Non-incapacitating,FAILURE TO YIELD RIGHT OF WAY,7TH & COLLEGE AVE,39.168656,-86.534784
901746402,2019,12,4,1400,Weekday,2-Car,No injury/unknown,UNSAFE BACKING,COLLEGE & SEVENTH ST,39.168656,-86.534784
901602837,2019,3,3,2000,Weekday,2-Car,No injury/unknown,,E 7TH ST & N DUNN,39.16864,-86.528224
901609735,2019,3,5,1800,Weekday,2-Car,No injury/unknown,DRIVER DISTRACTED - EXPLAIN IN NARRATIVE,EAST 7TH ST & NORTH LINCOLN,39.16864,-86.530992
901610287,2019,3,1,2000,Weekday,2-Car,No injury/unknown,FAILURE TO YIELD RIGHT OF WAY,E 7TH & N WALNUT ST,39.16864,-86.533568
901617354,2019,4,4,1200,Weekday,3+ Cars,No injury/unknown,FOLLOWING TOO CLOSELY,7TH & N WALNUT ST,39.16864,-86.533568
901619208,2019,4,6,1800,Weekday,2-Car,No injury/unknown,UNSAFE BACKING,E 7TH ST,39.16864,-86.526944
901666831,2019,7,2,1100,Weekday,2-Car,No injury/unknown,BRAKE FAILURE OR DEFECTIVE,E 7TH ST & N DUNN,39.16864,-86.528224
901668610,2019,7,5,1500,Weekday,1-Car,No injury/unknown,,400 E 7TH ST & GRANT,39.16864,-86.529696
901669583,2019,7,1,1900,Weekday,2-Car,No injury/unknown,IMPROPER TURNING,E 7TH & N WALNUT ST,39.16864,-86.533568
901671528,2019,7,6,1100,Weekday,2-Car,No injury/unknown,IMPROPER LANE USAGE,NORTH WALNUT ST & WEST 7TH,39.16864,-86.533568
901674173,2019,8,7,300,Weekend,2-Car,No injury/unknown,UNSAFE LANE MOVEMENT,E 7TH & N LINCOLN ST,39.16864,-86.530992
901675694,2019,8,6,1400,Weekday,2-Car,No injury/unknown,IMPROPER TURNING,7TH ST & LINCOLN,39.16864,-86.530992
901687919,2019,9,4,900,Weekday,Bus,No injury/unknown,FAILURE TO YIELD RIGHT OF WAY,E 7TH ST & N WALNUT,39.16864,-86.533568
901691500,2019,9,3,2000,Weekday,2-Car,No injury/unknown,UNSAFE LANE MOVEMENT,7TH & WALNUT ST,39.16864,-86.533568
901692071,2019,9,4,2100,Weekday,Pedestrian,Non-incapacitating,FAILURE TO YIELD RIGHT OF WAY,E 7TH ST & N GRANT,39.16864,-86.529696
901698925,2019,9,4,700,Weekday,2-Car,No injury/unknown,UNSAFE LANE MOVEMENT,E 7TH & N WALNUT ST,39.16864,-86.533568
901711311,2019,10,5,100,Weekday,2-Car,No injury/unknown,UNSAFE LANE MOVEMENT,7TH & N WALNUT ST,39.16864,-86.533568
901716182,2019,10,6,1200,Weekday,Cyclist,Non-incapacitating,FAILURE TO YIELD RIGHT OF WAY,7TH ST & WALNUT,39.16864,-86.533568
901716955,2019,10,1,300,Weekend,2-Car,No injury/unknown,IMPROPER TURNING,EAST SEVENTH ST & WASHINGTON,39.16864,-86.5324
901724860,2019,11,6,1700,Weekday,2-Car,No injury/unknown,OTHER (DRIVER) - EXPLAIN IN NARRATIVE,7TH ST & GRANT,39.16864,-86.529696
901729926,2019,11,1,1300,Weekend,2-Car,Non-incapacitating,DISREGARD SIGNAL/REG SIGN,7TH ST & WASHINGTON,39.16864,-86.5324
901731036,2019,11,3,1200,Weekday,2-Car,No injury/unknown,UNSAFE BACKING,E 7TH ST & N WALNUT,39.16864,-86.533568
901731721,2019,11,2,2300,Weekday,2-Car,No injury/unknown,UNSAFE BACKING,7TH ST & WASHINGTON,39.16864,-86.5324
901738251,2019,12,1,0,Weekend,2-Car,No injury/unknown,OTHER (DRIVER) - EXPLAIN IN NARRATIVE,EAST 7TH ST,39.16864,-86.529696
901750107,2019,12,1,1200,Weekend,2-Car,Non-incapacitating,UNSAFE SPEED,E 7TH ST & N LINCOLN,39.16864,-86.530992
901691987,2019,9,4,1700,Weekday,2-Car,No injury/unknown,UNSAFE BACKING,E 7TH ST,39.16861781,-86.52243407
901682726,2019,8,5,1800,Weekday,1-Car,No injury/unknown,UNSAFE BACKING,E 7TH ST,39.16858267,-86.52091725
901601212,2019,3,7,1500,Weekend,Moped/Motorcycle,Non-incapacitating,FAILURE TO YIELD RIGHT OF WAY,7TH & ADAMS ST,39.168576,-86.5496
901569929,2019,1,3,1900,Weekday,2-Car,No injury/unknown,FOLLOWING TOO CLOSELY,N COLLEGE AVE & W 7TH,39.16856,-86.53486
901718952,2019,11,4,900,Weekday,Cyclist,Non-incapacitating,LEFT OF CENTER,E 7TH ST,39.16855314,-86.51964238
901616473,2019,4,2,1400,Weekday,2-Car,No injury/unknown,FOLLOWING TOO CLOSELY,7TH ST & SUNRISE,39.16854625,-86.51238497
901587367,2019,2,3,1800,Weekday,2-Car,No injury/unknown,FAILURE TO YIELD RIGHT OF WAY,EAST 7TH ST & NORTH LINCOLN,39.16854283,-86.53101937
901684749,2019,8,4,700,Weekday,2-Car,No injury/unknown,UNSAFE BACKING,7TH ST & DUNN,39.16851,-86.52823702
901724775,2019,11,6,1500,Weekday,2-Car,No injury/unknown,FOLLOWING TOO CLOSELY,7TH & INDIANA AVE,39.16850269,-86.52694155
901616398,2019,4,2,1400,Weekday,3+ Cars,No injury/unknown,OTHER (DRIVER) - EXPLAIN IN NARRATIVE,E SEVENTH ST,39.16847,-86.520745
901587455,2019,2,3,2300,Weekday,2-Car,No injury/unknown,UNSAFE BACKING,E 7TH ST & FORREST,39.16846087,-86.52108527
901594881,2019,2,2,1900,Weekday,Bus,No injury/unknown,OTHER (DRIVER) - EXPLAIN IN NARRATIVE,E 7TH & N WOODLAWN AVE,39.16845746,-86.52346354
901746514,2019,12,1,1900,Weekday,1-Car,No injury/unknown,HOLES/RUTS IN SURFACE,WEST HENNESSEY & WICKINS ST,39.16839618,-86.55259028
901592389,2019,2,4,1800,Weekday,2-Car,Non-incapacitating,FAILURE TO YIELD RIGHT OF WAY,N CURRY PIKE & W JONATHAN,39.16837891,-86.5830023
901618749,2019,4,7,1700,Weekend,1-Car,No injury/unknown,ROADWAY SURFACE CONDITION,CURRY & JOHNATHAN DR,39.16836,-86.58300598
901658849,2019,7,5,1700,Weekday,2-Car,No injury/unknown,FAILURE TO YIELD RIGHT OF WAY,NORTH GATES DR,39.168269,-86.576396
901576687,2019,1,6,1900,Weekend,1-Car,No injury/unknown,ROADWAY SURFACE CONDITION,E BRAESIDE & N PETE ELLIS DR,39.168192,-86.49504
901688793,2019,9,5,1400,Weekday,1-Car,No injury/unknown,ANIMAL/OBJECT IN ROADWAY,BRAESIDE & PETE ELLIS DR,39.168192,-86.49504
901706767,2019,10,4,200,Weekday,2-Car,No injury/unknown,RAN OFF ROAD RIGHT,7TH & N JEFFERSON ST,39.168192,-86.507024
901648919,2019,6,5,1700,Weekday,2-Car,No injury/unknown,FAILURE TO YIELD RIGHT OF WAY,300 SOUTH COLLEGE AVE & SMITH,39.16815393,-86.53497924
901734448,2019,11,2,100,Weekday,2-Car,No injury/unknown,,7TH ST & ROSE,39.16814669,-86.51085091
901618950,2019,4,1,1400,Weekend,2-Car,No injury/unknown,UNSAFE BACKING,7TH ST & ROSE,39.168144,-86.510992
901598995,2019,2,2,1800,Weekday,2-Car,No injury/unknown,FOLLOWING TOO CLOSELY,7TH & JORDAN AVE,39.16812347,-86.51611253
901611752,2019,3,4,2100,Weekday,3+ Cars,No injury/unknown,IMPROPER LANE USAGE,LINCOLN ST & SMITH,39.16811698,-86.53117
901661624,2019,7,4,1000,Weekday,2-Car,No injury/unknown,,N MORTON ST,39.16811657,-86.536
901741994,2019,12,7,1100,Weekend,2-Car,No injury/unknown,OTHER (DRIVER) - EXPLAIN IN NARRATIVE,N GATES DR,39.16803807,-86.57621853
901638918,2019,5,6,1500,Weekday,2-Car,No injury/unknown,FOLLOWING TOO CLOSELY,E MILLER & S WALNUT ST,39.16803046,-86.53265697
901615045,2019,4,5,1300,Weekday,3+ Cars,No injury/unknown,OTHER (DRIVER) - EXPLAIN IN NARRATIVE,N GATES DR,39.167817,-86.576129
901673440,2019,8,2,800,Weekday,2-Car,No injury/unknown,OTHER (DRIVER) - EXPLAIN IN NARRATIVE,NORTH ROGERS ST,39.167802,-86.538677
901714769,2019,10,3,2100,Weekday,2-Car,No injury/unknown,IMPROPER TURNING,MORTON ST,39.16778743,-86.536
901731239,2019,11,3,1400,Weekday,2-Car,No injury/unknown,OTHER (DRIVER) - EXPLAIN IN NARRATIVE,E 7TH ST & N HILLSDALE,39.16776,-86.503616
901618683,2019,4,7,1300,Weekend,2-Car,No injury/unknown,IMPROPER LANE USAGE,6TH & N INDIANA AVE,39.167744,-86.526928
901666072,2019,7,6,1300,Weekday,Pedestrian,Incapacitating,OTHER (DRIVER) - EXPLAIN IN NARRATIVE,6TH ST & INDIANA,39.167744,-86.526928
901711897,2019,10,5,1600,Weekday,2-Car,No injury/unknown,OVERCORRECTING/OVERSTEERING,N DUNN ST,39.167728,-86.528208
901684188,2019,8,1,1600,Weekend,2-Car,No injury/unknown,,E 6TH ST,39.16771527,-86.52939233
901592919,2019,2,5,1400,Weekday,2-Car,No injury/unknown,UNSAFE BACKING,6TH ST & GRANT,39.167712,-86.529696
901632399,2019,5,1,1200,Weekend,2-Car,No injury/unknown,FAILURE TO YIELD RIGHT OF WAY,6TH & ROGERS ST,39.16768,-86.538592
901635563,2019,5,7,1900,Weekend,1-Car,No injury/unknown,RAN OFF ROAD RIGHT,6TH & JACKSON ST,39.16768,-86.539808
901639271,2019,5,6,1500,Weekday,2-Car,No injury/unknown,FAILURE TO YIELD RIGHT OF WAY,N ROGERS ST & W 6TH,39.16768,-86.538592
901703032,2019,10,4,1500,Weekday,2-Car,No injury/unknown,FAILURE TO YIELD RIGHT OF WAY,6TH & ROGERS ST,39.16768,-86.538592
901708403,2019,10,7,1000,Weekend,2-Car,No injury/unknown,FAILURE TO YIELD RIGHT OF WAY,6TH ST & ROGERS,39.16767782,-86.53841561
901640277,2019,5,3,1100,Weekday,2-Car,No injury/unknown,UNSAFE BACKING,N GATES DR,39.16767,-86.576029
901684101,2019,8,1,1200,Weekend,2-Car,No injury/unknown,IMPROPER TURNING,N GATES DR,39.16767,-86.576029
901712558,2019,10,6,1400,Weekday,2-Car,No injury/unknown,FOLLOWING TOO CLOSELY,N GATES DR,39.16767,-86.576029
901576688,2019,1,6,1700,Weekday,2-Car,No injury/unknown,DRIVER DISTRACTED - EXPLAIN IN NARRATIVE,N MORTON & W 6TH ST,39.167664,-86.536
901620663,2019,4,3,1800,Weekday,3+ Cars,No injury/unknown,DRIVER DISTRACTED - EXPLAIN IN NARRATIVE,MADISON & W 6TH ST,39.167664,-86.537296
901644442,2019,6,3,1500,Weekday,2-Car,No injury/unknown,IMPROPER TURNING,E 6TH ST & N MADISON,39.167664,-86.537296
901654410,2019,6,3,1300,Weekday,2-Car,No injury/unknown,OTHER (DRIVER) - EXPLAIN IN NARRATIVE,E 6TH ST & N WASHINGTON,39.167664,-86.5324
901662686,2019,7,6,1300,Weekday,2-Car,No injury/unknown,UNSAFE BACKING,E SIXTH ST & WASHINGTON,39.167664,-86.5324
901713088,2019,10,1,1300,Weekend,2-Car,Non-incapacitating,FAILURE TO YIELD RIGHT OF WAY,6TH & WASHINGTON ST,39.167664,-86.5324
901715828,2019,10,5,1300,Weekday,2-Car,No injury/unknown,UNSAFE BACKING,W 6TH ST,39.167664,-86.53659813
901716190,2019,10,6,1300,Weekday,Cyclist,Non-incapacitating,OTHER (DRIVER) - EXPLAIN IN NARRATIVE,N MORTON ST,39.167664,-86.536
901730484,2019,11,2,1400,Weekday,2-Car,No injury/unknown,OTHER (DRIVER) - EXPLAIN IN NARRATIVE,6TH ST & MORTON,39.16766168,-86.53582361
901655524,2019,6,5,1400,Weekday,Moped/Motorcycle,Non-incapacitating,RAN OFF ROAD RIGHT,ROGERS & SARE RD,39.16766013,-86.49653
901593437,2019,2,6,2300,Weekend,2-Car,No injury/unknown,UNSAFE BACKING,N COLLEGE AVE & W 6TH,39.167648,-86.534784
901618020,2019,4,6,400,Weekday,3+ Cars,No injury/unknown,RAN OFF ROAD RIGHT,6TH ST & WALNUT,39.167648,-86.533584
901639512,2019,5,1,1900,Weekday,Moped/Motorcycle,Non-incapacitating,FAILURE TO YIELD RIGHT OF WAY,6TH & WALNUT ST,39.167648,-86.533584
901656526,2019,7,7,2300,Weekend,2-Car,No injury/unknown,INSECURE/LEAKY LOAD,6TH ST & WALNUT,39.167648,-86.533584
901667899,2019,7,4,800,Weekday,2-Car,No injury/unknown,FAILURE TO YIELD RIGHT OF WAY,N COLLEGE & W 6TH ST,39.167648,-86.534784
901678606,2019,8,5,1400,Weekday,2-Car,No injury/unknown,IMPROPER TURNING,6TH & WALNUT ST,39.167648,-86.533584
901689935,2019,9,1,1100,Weekend,2-Car,No injury/unknown,IMPROPER LANE USAGE,N COLLEGE AVE & W 6TH,39.167648,-86.534784
901704457,2019,10,7,1000,Weekend,2-Car,No injury/unknown,FAILURE TO YIELD RIGHT OF WAY,N WALNUT ST & W 6TH,39.167648,-86.533584
901728832,2019,11,6,1000,Weekday,2-Car,No injury/unknown,UNSAFE BACKING,N COLLEGE & W 6TH ST,39.167648,-86.534784
901732658,2019,11,6,1500,Weekday,2-Car,No injury/unknown,UNSAFE BACKING,E 6TH & N WALNUT ST,39.167648,-86.533584
901734566,2019,11,2,1900,Weekday,2-Car,No injury/unknown,UNSAFE LANE MOVEMENT,6TH & COLLEGE AVE,39.167648,-86.534784
901620579,2019,4,4,1000,Weekday,1-Car,No injury/unknown,OTHER (DRIVER) - EXPLAIN IN NARRATIVE,N JORDAN AVE,39.1676,-86.516168
901720236,2019,11,6,900,Weekday,1-Car,No injury/unknown,OTHER (DRIVER) - EXPLAIN IN NARRATIVE,N JORDAN AVE,39.1676,-86.516168
901594873,2019,2,2,1600,Weekday,2-Car,No injury/unknown,IMPROPER TURNING,N COLLEGE AVE & SIXTH,39.16759344,-86.53489044
901704286,2019,10,6,1800,Weekday,2-Car,No injury/unknown,IMPROPER LANE USAGE,6TH & DUNN ST,39.16759068,-86.52820598
901598366,2019,2,2,0,Weekday,2-Car,No injury/unknown,LEFT OF CENTER,6TH ST & WALDRON,39.16758661,-86.54374237
901577426,2019,1,6,2100,Weekend,Bus,No injury/unknown,IMPROPER TURNING,SIXTH ST & WALNUT,39.16755,-86.5336
901624674,2019,4,5,1600,Weekday,2-Car,No injury/unknown,FOLLOWING TOO CLOSELY,GRANT ST & SIXTH,39.16754,-86.52979
901667568,2019,7,2,1000,Weekday,2-Car,No injury/unknown,OTHER (DRIVER) - EXPLAIN IN NARRATIVE,6TH ST & DUNN,39.16752979,-86.52825996
901586605,2019,2,2,1700,Weekday,2-Car,No injury/unknown,FAILURE TO YIELD RIGHT OF WAY,EAST 6TH & NORTH WASHINGTON ST,39.16751148,-86.53231546
901646267,2019,6,7,100,Weekend,2-Car,No injury/unknown,IMPROPER TURNING,FRANKLIN RD,39.16744798,-86.57099492
901671285,2019,8,3,2100,Weekday,2-Car,No injury/unknown,UNSAFE BACKING,N JORDAN AVE,39.167344,-86.515792
901717971,2019,10,2,800,Weekday,2-Car,No injury/unknown,IMPROPER TURNING,COTTAGE & FORREST AVE,39.16723171,-86.5224
901629843,2019,5,2,1800,Weekday,2-Car,No injury/unknown,IMPROPER LANE USAGE,GRANT ST & KIRKWOOD,39.16718931,-86.529696
901621409,2019,4,5,1400,Weekday,2-Car,No injury/unknown,IMPROPER LANE USAGE,INDIANA AVE & KIRKWOOD,39.16718917,-86.52691192
901667593,2019,7,1,2100,Weekday,1-Car,No injury/unknown,UNSAFE SPEED,JOHNSON AVE,39.16708441,-86.564992
901600147,2019,3,3,1500,Weekday,2-Car,No injury/unknown,UNSAFE BACKING,N JORDAN AVE,39.16704361,-86.51616207
901601800,2019,3,6,2300,Weekend,2-Car,No injury/unknown,FAILURE TO YIELD RIGHT OF WAY,NORTH JORDAN AVE,39.16704361,-86.51616207
901602391,2019,3,2,2200,Weekday,2-Car,No injury/unknown,UNSAFE BACKING,NORTH JORDAN AVE,39.167006,-86.516145
901603724,2019,3,5,1700,Weekday,Pedestrian,Non-incapacitating,FAILURE TO YIELD RIGHT OF WAY,NORTH JORDAN AVE,39.166992,-86.51614
901725288,2019,11,7,2100,Weekend,Bus,No injury/unknown,OVERSIZE/OVERWEIGHT LOAD,JORDAN AVE,39.166992,-86.51614
901731577,2019,11,3,2000,Weekday,2-Car,No injury/unknown,OTHER (DRIVER) - EXPLAIN IN NARRATIVE,KIRKWOOD & ROOSEVELT ST,39.16695782,-86.50589188