Master Record Number,Year,Month,Day,Hour,Weekend,Collision Type,Injury Type,Primary Factor,Reported_Location,Latitude,Longitude
901609729,2019,3,6,1200,Weekday,2-Car,Non-incapacitating,FAILURE TO YIELD RIGHT OF WAY,E LONGVIEW & N PETE ELLIS DR,39.166944,-86.495056
901621891,2019,4,7,1100,Weekend,3+ Cars,Incapacitating,FAILURE TO YIELD RIGHT OF WAY,LONGVIEW & PETE ELLIS DR,39.166944,-86.495056
901729097,2019,11,6,1800,Weekday,2-Car,No injury/unknown,FAILURE TO YIELD RIGHT OF WAY,LONGVIEW & PETE ELLIS DR,39.166944,-86.495056
901700424,2019,9,1,1800,Weekend,2-Car,No injury/unknown,UNSAFE BACKING,S KIMBLE DR,39.16694335,-86.568
901659674,2019,7,7,1700,Weekend,2-Car,No injury/unknown,UNSAFE BACKING,NORTH JORDAN AVE,39.166912,-86.516224
901681006,2019,8,3,1200,Weekday,2-Car,No injury/unknown,IMPROPER TURNING,N JORDAN AVE,39.166912,-86.516224
901709432,2019,10,2,1300,Weekday,2-Car,No injury/unknown,IMPROPER PASSING,LONGVIEW & PETE ELLIS DR,39.16691,-86.49492
901652842,2019,6,6,1600,Weekday,2-Car,No injury/unknown,UNSAFE BACKING,FOREST & KIRKWOOD AVE,39.16685,-86.52154404
901577184,2019,1,7,1200,Weekend,2-Car,No injury/unknown,FAILURE TO YIELD RIGHT OF WAY,E 5TH & JEFFERSON ST,39.166848,-86.506992
901726506,2019,11,2,1300,Weekday,2-Car,No injury/unknown,FAILURE TO YIELD RIGHT OF WAY,E 5TH & N JEFFERSON ST,39.166848,-86.506992
901729850,2019,11,1,1900,Weekday,2-Car,No injury/unknown,FAILURE TO YIELD RIGHT OF WAY,5TH ST & JEFFERSON,39.166848,-86.506992
901653469,2019,6,2,200,Weekday,2-Car,No injury/unknown,UNSAFE BACKING,E KIRKWOOD AVE,39.166828,-86.521999
901680989,2019,8,3,1600,Weekday,Moped/Motorcycle,No injury/unknown,OTHER (DRIVER) - EXPLAIN IN NARRATIVE,ADAMS & KIRKWOOD AVE,39.166816,-86.549488
901700429,2019,9,6,1600,Weekday,3+ Cars,No injury/unknown,UNSAFE SPEED,ADAMS & KIRKWOOD AVE,39.166816,-86.549488
901723154,2019,11,4,700,Weekday,2-Car,Non-incapacitating,FAILURE TO YIELD RIGHT OF WAY,ADAMS & KIRKWOOD AVE,39.166816,-86.549488
901686136,2019,9,6,1700,Weekday,2-Car,No injury/unknown,FAILURE TO YIELD RIGHT OF WAY,5TH & JEFFERSON ST,39.16681,-86.50716
901567991,2019,1,6,2100,Weekend,2-Car,No injury/unknown,ROADWAY SURFACE CONDITION,PINE & WEST KIRKWOOD ST,39.1668,-86.548288
901651242,2019,6,3,1600,Weekday,2-Car,No injury/unknown,UNSAFE BACKING,E KIRKWOOD AVE,39.166787,-86.525016
901693851,2019,9,1,1300,Weekend,1-Car,No injury/unknown,OVERCORRECTING/OVERSTEERING,BIRDIE GALYAN RD & FLEENER,39.16678468,-86.41173876
901576672,2019,1,7,1300,Weekend,2-Car,No injury/unknown,FAILURE TO YIELD RIGHT OF WAY,OAK & W KIRKWOOD AVE,39.166784,-86.5468
901739712,2019,12,2,2100,Weekday,2-Car,Non-incapacitating,UNSAFE BACKING,E KIRKWOOD AVE,39.16678078,-86.52203053
901631465,2019,5,6,200,Weekday,Moped/Motorcycle,Non-incapacitating,DISREGARD SIGNAL/REG SIGN,ELM & KIRKWOOD AVE,39.166768,-86.5452
901693137,2019,9,6,1700,Weekday,2-Car,Incapacitating,FOLLOWING TOO CLOSELY,ELM & KIRKWOOD AVE,39.166768,-86.5452
901567465,2019,1,7,1600,Weekend,2-Car,Non-incapacitating,FOLLOWING TOO CLOSELY,N WALDRON & W KIRKWOOD AVE,39.166736,-86.5436
901635770,2019,5,7,1900,Weekend,1-Car,No injury/unknown,RAN OFF ROAD RIGHT,W KIRKWOOD AVE & WALDRON,39.166736,-86.5436
901703024,2019,10,4,1600,Weekday,Cyclist,Non-incapacitating,FAILURE TO YIELD RIGHT OF WAY,800 BLOCK OF WEST KIRKWOOD AVE & WALDRON,39.16673225,-86.54324721
901731609,2019,11,3,800,Weekday,Bus,No injury/unknown,OTHER (VEHICLE) - EXPLAIN IN NARRATIVE,KIRKWOOD & MAPLE ST,39.16672,-86.542096
901603016,2019,3,3,1400,Weekday,2-Car,No injury/unknown,UNSAFE BACKING,DANIELS WAY,39.16671234,-86.5991352
901618803,2019,4,6,2200,Weekend,2-Car,No injury/unknown,FOLLOWING TOO CLOSELY,S ADAMS ST & W KIRKWOOD,39.1667,-86.54964
901697292,2019,9,1,300,Weekend,2-Car,No injury/unknown,UNSAFE LANE MOVEMENT,ADAMS ST & KIRKWOOD,39.1667,-86.54964
901595481,2019,2,3,800,Weekday,2-Car,No injury/unknown,IMPROPER PASSING,JACKSON & W KIRKWOOD AVE,39.166688,-86.539808
901702147,2019,10,3,1300,Weekday,2-Car,No injury/unknown,FAILURE TO YIELD RIGHT OF WAY,N JACKSON & W KIRKWOOD AVE,39.166688,-86.539808
901600725,2019,2,5,1100,Weekday,2-Car,No injury/unknown,OTHER (DRIVER) - EXPLAIN IN NARRATIVE,DANIELS WAY,39.166678,-86.599144
901700907,2019,9,5,1100,Weekday,3+ Cars,No injury/unknown,OTHER (DRIVER) - EXPLAIN IN NARRATIVE,DANIELS WAY,39.166678,-86.599144
901627377,2019,5,4,1000,Weekday,2-Car,Non-incapacitating,FAILURE TO YIELD RIGHT OF WAY,KIRKWOOD AVE & ROGERS,39.16667671,-86.53896077
901728482,2019,11,4,1600,Weekday,2-Car,No injury/unknown,FAILURE TO YIELD RIGHT OF WAY,KIRKWOOD AVE & ROGERS,39.16667671,-86.53896077
901730978,2019,11,3,900,Weekday,2-Car,No injury/unknown,UNSAFE BACKING,W KIRKWOOD AVE,39.16667233,-86.53863249
901601545,2019,2,2,1700,Weekday,2-Car,Non-incapacitating,FOLLOWING TOO CLOSELY,S ROGERS ST & W KIRKWOOD,39.166672,-86.538608
901628016,2019,5,5,1700,Weekday,3+ Cars,Non-incapacitating,FAILURE TO YIELD RIGHT OF WAY,KIRKWOOD AVE & ROGERS,39.166672,-86.538608
901677086,2019,8,2,2000,Weekday,2-Car,Non-incapacitating,DISREGARD SIGNAL/REG SIGN,KIRKWOOD AVE & ROGERS,39.166672,-86.538608
901712590,2019,10,6,1700,Weekday,Bus,No injury/unknown,IMPROPER LANE USAGE,KIRKWOOD & ROGERS ST,39.166672,-86.538608
901731868,2019,11,3,1600,Weekday,Pedestrian,Non-incapacitating,FAILURE TO YIELD RIGHT OF WAY,KIRKWOOD & ROGERS ST,39.166672,-86.538608
901742391,2019,12,7,1300,Weekend,2-Car,Non-incapacitating,FOLLOWING TOO CLOSELY,N ROGERS ST & W KIRKWOOD,39.166672,-86.538608
901762586,2019,12,3,900,Weekday,Bus,No injury/unknown,DISREGARD SIGNAL/REG SIGN,N ROGERS ST & W KIRKWOOD,39.166672,-86.538608
901586908,2019,2,3,900,Weekday,2-Car,Non-incapacitating,FAILURE TO YIELD RIGHT OF WAY,N MADISON & W KIRKWOOD AVE,39.166656,-86.537296
901618372,2019,4,6,1200,Weekday,2-Car,No injury/unknown,DISREGARD SIGNAL/REG SIGN,MADISON & W KIRKWOOD AVE,39.166656,-86.537296
901645006,2019,6,4,1600,Weekday,2-Car,Non-incapacitating,FAILURE TO YIELD RIGHT OF WAY,KIRKWOOD AVE & MADISON,39.166656,-86.537296
901689215,2019,9,6,1000,Weekday,2-Car,No injury/unknown,DISREGARD SIGNAL/REG SIGN,N MADISON & W KIRKWOOD AVE,39.166656,-86.537296
901704935,2019,10,1,1900,Weekday,2-Car,No injury/unknown,FAILURE TO YIELD RIGHT OF WAY,KIRKWOOD AVE & MADISON,39.166656,-86.537296
901743889,2019,12,3,1900,Weekday,2-Car,No injury/unknown,FAILURE TO YIELD RIGHT OF WAY,S MADISON & W KIRKWOOD AVE,39.166656,-86.537296
901588917,2019,2,4,2100,Weekday,1-Car,No injury/unknown,IMPROPER LANE USAGE,KIRKWOOD AVE,39.16664404,-86.54561384
901595845,2019,2,3,2300,Weekday,2-Car,No injury/unknown,UNSAFE BACKING,KIRKWOOD AVE,39.16664404,-86.54689109
901686685,2019,9,7,1600,Weekend,2-Car,No injury/unknown,FOLLOWING TOO CLOSELY,GRANT & KIRKWOOD AVE,39.16664,-86.52934318
901593320,2019,2,7,1500,Weekend,2-Car,No injury/unknown,UNSAFE BACKING,DUNN & KIRKWOOD AVE,39.16664,-86.52806851
901649525,2019,6,7,1000,Weekend,2-Car,No injury/unknown,OVERSIZE/OVERWEIGHT LOAD,KIRKWOOD AVE & WALNUT,39.16664,-86.53386462
901700133,2019,9,6,900,Weekday,2-Car,No injury/unknown,FAILURE TO YIELD RIGHT OF WAY,400 E KIRKWOOD AVE & DUNN,39.16664,-86.52836841
901740796,2019,12,5,1300,Weekday,2-Car,No injury/unknown,LEFT OF CENTER,COLLEGE & KIRKWOOD AVE,39.16664,-86.53453538
901567374,2019,1,6,2000,Weekend,2-Car,No injury/unknown,ROADWAY SURFACE CONDITION,SR446 & SR46E,39.16664,-86.462496
901575347,2019,1,5,1100,Weekday,1-Car,No injury/unknown,SPEED TOO FAST FOR WEATHER CONDITIONS,N COLLEGE AVE & W KIRKWOOD,39.16664,-86.5348
901576438,2019,1,6,1200,Weekday,2-Car,No injury/unknown,FAILURE TO YIELD RIGHT OF WAY,KIRKWOOD AVE AVE & LINCOLN ST,39.16664,-86.530992
901584791,2019,2,7,1100,Weekend,2-Car,No injury/unknown,SPEED TOO FAST FOR WEATHER CONDITIONS,E KIRKWOOD AVE,39.16664,-86.52816555
901585350,2019,2,1,1300,Weekend,2-Car,No injury/unknown,UNSAFE BACKING,E KIRKWOOD & N LINCOLN ST,39.16664,-86.530992
901588140,2019,2,4,2000,Weekday,2-Car,No injury/unknown,,S WALNUT ST,39.16664,-86.5336
901589908,2019,2,7,1200,Weekend,2-Car,No injury/unknown,UNSAFE BACKING,COLLEGE & W KIRKWOOD AVE,39.16664,-86.5348
901593954,2019,2,1,2000,Weekday,2-Car,Non-incapacitating,DRIVER DISTRACTED - EXPLAIN IN NARRATIVE,KIRKWOOD AVE & WALNUT,39.16664,-86.5336
901598978,2019,2,2,1700,Weekday,2-Car,No injury/unknown,UNSAFE BACKING,INDIANA AVE,39.16664,-86.526896
901600368,2019,3,5,1200,Weekday,2-Car,No injury/unknown,FOLLOWING TOO CLOSELY,KIRKWOOD & WASHINGTON ST,39.16664,-86.5324
901601482,2019,3,1,1200,Weekend,2-Car,No injury/unknown,IMPROPER LANE USAGE,5TH & N COLLEGE AVE,39.16664,-86.5348
901604250,2019,3,6,800,Weekday,2-Car,Non-incapacitating,IMPROPER TURNING,KIRKWOOD & WALNUT ST,39.16664,-86.5336
901608230,2019,3,2,1700,Weekday,2-Car,No injury/unknown,UNSAFE BACKING,E KIRKWOOD AVE,39.16664,-86.52798041
901614273,2019,4,3,900,Weekday,2-Car,No injury/unknown,DRIVER DISTRACTED - EXPLAIN IN NARRATIVE,CURRY PIKE PIKE & GRAND AVE,39.16664,-86.582992
901614521,2019,4,2,1400,Weekday,2-Car,No injury/unknown,UNSAFE LANE MOVEMENT,DUNN & E KIRKWOOD AVE,39.16664,-86.528192
901625817,2019,4,7,200,Weekend,2-Car,No injury/unknown,UNSAFE BACKING,E KIRKWOOD AVE,39.16664,-86.52798041
901649020,2019,6,6,200,Weekday,1-Car,Non-incapacitating,RAN OFF ROAD RIGHT,INDIANA AVE & KIRKWOOD,39.16664,-86.526896
901665926,2019,7,6,1600,Weekday,2-Car,No injury/unknown,UNSAFE LANE MOVEMENT,INDIANA AVE & KIRKWOOD,39.16664,-86.526896
901666443,2019,7,1,1800,Weekend,Moped/Motorcycle,Non-incapacitating,FAILURE TO YIELD RIGHT OF WAY,SR446 & SR46E,39.16664,-86.462496
901667149,2019,7,2,1400,Weekday,2-Car,Non-incapacitating,FOLLOWING TOO CLOSELY,KING & SR46E,39.16664,-86.454992
901674478,2019,8,3,1700,Weekday,2-Car,No injury/unknown,FAILURE TO YIELD RIGHT OF WAY,E KIRKWOOD AVE,39.16664,-86.53096555
901685628,2019,8,3,1500,Weekday,Moped/Motorcycle,No injury/unknown,IMPROPER TURNING,E KIRKWOOD & N INDIANA AVE,39.16664,-86.526896
901686286,2019,9,7,1200,Weekend,2-Car,No injury/unknown,FOLLOWING TOO CLOSELY,KIRKWOOD & N WALNUT ST,39.16664,-86.5336
901689573,2019,9,6,2300,Weekend,Moped/Motorcycle,No injury/unknown,FOLLOWING TOO CLOSELY,GRANT & KIRKWOOD AVE,39.16664,-86.529696
901689656,2019,9,7,1100,Weekend,3+ Cars,No injury/unknown,FOLLOWING TOO CLOSELY,E KIRKWOOD & N WALNUT ST,39.16664,-86.5336
901699072,2019,9,3,1300,Weekday,1-Car,No injury/unknown,OTHER (DRIVER) - EXPLAIN IN NARRATIVE,E KIRKWOOD AVE,39.16664,-86.53091265
901700896,2019,10,1,1000,Weekend,2-Car,No injury/unknown,LEFT OF CENTER,SR446S & SR46,39.16664,-86.462496
901708237,2019,10,6,2100,Weekend,Pedestrian,No injury/unknown,FAILURE TO YIELD RIGHT OF WAY,KIRKWOOD AVE & WASHINGTON,39.16664,-86.5324
901712851,2019,10,7,1600,Weekend,2-Car,No injury/unknown,IMPROPER TURNING,KIRKWOOD & WALNUT ST,39.16664,-86.5336
901719224,2019,11,4,1700,Weekday,2-Car,No injury/unknown,FAILURE TO YIELD RIGHT OF WAY,KIRKWOOD & WALNUT ST,39.16664,-86.5336
901720931,2019,11,6,1700,Weekday,3+ Cars,No injury/unknown,UNSAFE LANE MOVEMENT,KIRKWOOD & WALNUT ST,39.16664,-86.5336
901728548,2019,11,2,1600,Weekday,2-Car,No injury/unknown,UNSAFE BACKING,KIRKWOOD AVE & WALNUT,39.16664,-86.5336
901729321,2019,11,7,100,Weekend,2-Car,No injury/unknown,RAN OFF ROAD RIGHT,E KIRKWOOD & N WALNUT ST,39.16664,-86.5336
901730502,2019,11,2,1200,Weekday,2-Car,No injury/unknown,UNSAFE BACKING,KIRKWOOD & WALNUT ST,39.16664,-86.5336
901734483,2019,11,2,1700,Weekday,2-Car,No injury/unknown,UNSAFE LANE MOVEMENT,KIRKWOOD & S DUNN ST,39.16664,-86.528192
901735027,2019,10,7,1400,Weekend,Pedestrian,Non-incapacitating,DISREGARD SIGNAL/REG SIGN,GRANT ST & KIRKWOOD,39.16664,-86.529696
901626526,2019,5,1,1900,Weekday,2-Car,No injury/unknown,UNSAFE BACKING,SOUTH JORDAN AVE,39.16662014,-86.51636697
901698000,2019,9,2,1700,Weekday,2-Car,No injury/unknown,FAILURE TO YIELD RIGHT OF WAY,KIRKWOOD & ROGERS ST,39.16661,-86.53869
901567878,2019,1,1,1300,Weekend,2-Car,No injury/unknown,DISREGARD SIGNAL/REG SIGN,COLLEGE AVE & KIRKWOOD,39.1666,-86.53488
901705302,2019,8,3,1000,Weekday,2-Car,No injury/unknown,FOLLOWING TOO CLOSELY,KIRKWOOD AVE & MORTON,39.16659,-86.53605
901752588,2019,12,5,1300,Weekday,2-Car,No injury/unknown,UNSAFE BACKING,WEST KIRKWOOD AVE,39.16656822,-86.53888486
901628625,2019,5,6,1200,Weekday,2-Car,No injury/unknown,FAILURE TO YIELD RIGHT OF WAY,KIRKWOOD AVE & MORTON,39.16656208,-86.5360054
901702450,2019,10,3,1800,Weekday,2-Car,No injury/unknown,OTHER (DRIVER) - EXPLAIN IN NARRATIVE,EAST KIRKWOOD AVE,39.16656,-86.53104
901733402,2019,11,1,1500,Weekend,2-Car,No injury/unknown,UNSAFE BACKING,S KINGSTON DR,39.16655822,-86.492816
901628574,2019,5,6,1300,Weekday,2-Car,No injury/unknown,UNSAFE BACKING,E KIRKWOOD AVE,39.166548,-86.529462
901618461,2019,4,6,1700,Weekday,2-Car,No injury/unknown,,NORTH INDIANA AVE,39.166543,-86.526918
901649703,2019,6,7,2100,Weekend,Pedestrian,Non-incapacitating,IMPROPER TURNING,INDIANA & KIRKWOOD AVE,39.16654,-86.52692
901660047,2019,7,1,2300,Weekday,2-Car,No injury/unknown,IMPROPER TURNING,S FRANKLIN RD,39.166496,-86.571216
901574032,2019,1,3,1600,Weekday,2-Car,No injury/unknown,UNSAFE BACKING,4116 GRAND AVE & CURRY,39.16648695,-86.58282913
901617806,2019,4,5,1400,Weekday,2-Car,No injury/unknown,FAILURE TO YIELD RIGHT OF WAY,5TH & HILLSDALE DR,39.16648,-86.503472
901693672,2019,9,7,2100,Weekend,2-Car,No injury/unknown,UNSAFE BACKING,S INDIANA AVE,39.16647804,-86.52688816
901666387,2019,7,1,1500,Weekend,2-Car,Non-incapacitating,SPEED TOO FAST FOR WEATHER CONDITIONS,MORNINGSIDE & SMITH RD,39.166432,-86.4812
901696919,2019,9,6,1600,Weekday,2-Car,No injury/unknown,FOLLOWING TOO CLOSELY,E MORNINGSIDE & N SMITH RD,39.166432,-86.4812
901699285,2019,9,4,1800,Weekday,3+ Cars,No injury/unknown,FOLLOWING TOO CLOSELY,E MORNINGSIDE & N SMITH RD,39.166432,-86.4812
901716712,2019,10,7,1200,Weekend,3+ Cars,No injury/unknown,OTHER (DRIVER) - EXPLAIN IN NARRATIVE,MORNINGSIDE & SMITH RD,39.166432,-86.4812
901681858,2019,8,5,800,Weekday,Bus,No injury/unknown,UNSAFE BACKING,HERITAGE & MORNINGSIDE DR,39.166416,-86.482592
901615948,2019,4,2,400,Weekday,1-Car,No injury/unknown,ANIMAL/OBJECT IN ROADWAY,LORI & SR46E,39.16634549,-86.46651258
901605933,2019,3,3,1600,Weekday,2-Car,No injury/unknown,UNSAFE BACKING,SO KINGSTON DR,39.166344,-86.492798
901618433,2019,4,6,1300,Weekday,2-Car,No injury/unknown,DRIVER DISTRACTED - EXPLAIN IN NARRATIVE,S PETE ELLIS DR,39.16626253,-86.495088
901675163,2019,8,5,1700,Weekday,2-Car,No injury/unknown,UNSAFE BACKING,N ROSE AVE,39.1662177,-86.51097988
901709763,2019,10,2,1300,Weekday,2-Car,No injury/unknown,FOLLOWING TOO CLOSELY,KINGS & SR46E,39.16613201,-86.46757996
901745150,2019,12,5,1700,Weekday,2-Car,No injury/unknown,IMPROPER TURNING,GATES DR,39.16609012,-86.57594829
901592356,2019,2,4,1500,Weekday,Cyclist,Incapacitating,FAILURE TO YIELD RIGHT OF WAY,EAST WEST ALY & NORTH SOUTH,39.16606467,-86.52897745
901628512,2019,5,6,1500,Weekday,2-Car,No injury/unknown,FAILURE TO YIELD RIGHT OF WAY,4TH & COLLEGE AVE,39.16586999,-86.5348
901622286,2019,4,7,300,Weekend,1-Car,No injury/unknown,ROADWAY SURFACE CONDITION,SR48W & VERNAL,39.16579568,-86.6549245
901615034,2019,4,6,100,Weekday,1-Car,No injury/unknown,RAN OFF ROAD RIGHT,W 4TH ST,39.165744,-86.545296
901674201,2019,8,3,2200,Weekday,2-Car,No injury/unknown,UNSAFE BACKING,4TH ST & FAIRVIEW,39.165712,-86.54108226
901618736,2019,4,7,1600,Weekend,2-Car,No injury/unknown,UNSAFE BACKING,S ROGERS ST,39.165696,-86.538592
901658355,2019,7,3,1700,Weekday,1-Car,No injury/unknown,UNSAFE BACKING,EAST 4TH ST,39.165696,-86.538592
901705880,2019,10,3,1000,Weekday,2-Car,Non-incapacitating,FAILURE TO YIELD RIGHT OF WAY,4TH & ROGERS ST,39.165696,-86.538592
901735275,2019,11,3,1800,Weekday,2-Car,Non-incapacitating,FAILURE TO YIELD RIGHT OF WAY,4TH ST & ROGERS,39.165696,-86.538592
901728875,2019,11,6,1000,Weekday,2-Car,No injury/unknown,UNSAFE BACKING,4TH & MADISON ST,39.16568,-86.537296
901583672,2019,2,5,1300,Weekday,2-Car,Non-incapacitating,FOLLOWING TOO CLOSELY,S COLLEGE & W 4TH ST,39.165664,-86.5348
901637079,2019,5,3,1400,Weekday,2-Car,No injury/unknown,FOLLOWING TOO CLOSELY,4TH & COLLEGE AVE,39.165664,-86.5348
901640643,2019,5,3,2000,Weekday,2-Car,No injury/unknown,UNSAFE BACKING,EAST 4TH ST,39.165664,-86.536
901705551,2019,10,2,1400,Weekday,2-Car,No injury/unknown,UNSAFE BACKING,S COLLEGE AVE,39.165664,-86.5348
901729663,2019,11,1,1000,Weekend,2-Car,No injury/unknown,DISREGARD SIGNAL/REG SIGN,S COLLEGE & W 4TH ST,39.165664,-86.5348
901627106,2019,5,3,1200,Weekday,2-Car,No injury/unknown,OTHER (DRIVER) - EXPLAIN IN NARRATIVE,4TH ST & GRANT,39.165648,-86.52935918
901729113,2019,11,6,1600,Weekday,2-Car,No injury/unknown,FAILURE TO YIELD RIGHT OF WAY,4TH ST & LINCOLN,39.165648,-86.53136082
901565749,2019,1,5,1400,Weekday,1-Car,No injury/unknown,UNSAFE BACKING,4TH & S WALNUT ST,39.165648,-86.5336
901576945,2019,1,6,1900,Weekend,2-Car,No injury/unknown,FAILURE TO YIELD RIGHT OF WAY,E 4TH ST & S GRANT,39.165648,-86.529712
901580713,2019,1,6,1200,Weekday,2-Car,Non-incapacitating,FAILURE TO YIELD RIGHT OF WAY,E 4TH & S DUNN ST,39.165648,-86.528144
901611280,2019,3,3,1300,Weekday,1-Car,No injury/unknown,OTHER (DRIVER) - EXPLAIN IN NARRATIVE,E 4TH ST,39.165648,-86.52968
901613615,2019,4,2,1600,Weekday,3+ Cars,No injury/unknown,DISREGARD SIGNAL/REG SIGN,E 4TH ST & S WALNUT,39.165648,-86.5336
901615311,2019,4,6,1700,Weekday,2-Car,No injury/unknown,UNSAFE LANE MOVEMENT,4TH & WALNUT ST,39.165648,-86.5336
901615938,2019,4,1,300,Weekend,2-Car,No injury/unknown,OTHER (DRIVER) - EXPLAIN IN NARRATIVE,4TH ST & INDIANA,39.165648,-86.526848
901618579,2019,4,7,200,Weekend,2-Car,No injury/unknown,FAILURE TO YIELD RIGHT OF WAY,WALNUT ST,39.165648,-86.5336
901620338,2019,4,3,1500,Weekday,2-Car,No injury/unknown,UNSAFE BACKING,E 4TH & N INDIANA AVE,39.165648,-86.526848
901632464,2019,5,1,1500,Weekend,2-Car,No injury/unknown,DISREGARD SIGNAL/REG SIGN,4TH & WASHINGTON ST,39.165648,-86.5324
901638719,2019,5,5,1300,Weekday,2-Car,No injury/unknown,OTHER (DRIVER) - EXPLAIN IN NARRATIVE,DUNN & E 4TH ST,39.165648,-86.528144
901648888,2019,6,5,1700,Weekday,2-Car,No injury/unknown,UNSAFE BACKING,E 4TH & S DUNN ST,39.165648,-86.528144
901649621,2019,6,7,1300,Weekend,2-Car,No injury/unknown,OTHER (DRIVER) - EXPLAIN IN NARRATIVE,E 4TH ST & S GRANT,39.165648,-86.529712
901656084,2019,7,6,1200,Weekday,2-Car,No injury/unknown,UNSAFE BACKING,E 4TH ST & S DUNN,39.165648,-86.528144
901663030,2019,7,6,2000,Weekend,2-Car,No injury/unknown,FAILURE TO YIELD RIGHT OF WAY,4TH ST & LINCOLN,39.165648,-86.531008
901664178,2019,7,3,1000,Weekday,2-Car,No injury/unknown,FAILURE TO YIELD RIGHT OF WAY,DUNN & FOURTH ST,39.165648,-86.528144
901666148,2019,7,7,1700,Weekend,2-Car,No injury/unknown,UNSAFE BACKING,S WALNUT ST,39.165648,-86.5336
901668630,2019,7,4,1600,Weekday,2-Car,No injury/unknown,OTHER (VEHICLE) - EXPLAIN IN NARRATIVE,E 4TH ST & S INDIANA,39.165648,-86.526848
901668684,2019,7,5,1600,Weekday,2-Car,No injury/unknown,IMPROPER TURNING,4TH ST & WASHINGTON,39.165648,-86.5324
901671268,2019,8,3,1800,Weekday,2-Car,No injury/unknown,FAILURE TO YIELD RIGHT OF WAY,4TH ST & WASHINGTON,39.165648,-86.5324
901672784,2019,8,1,300,Weekend,2-Car,No injury/unknown,UNSAFE BACKING,S WALNUT ST PIKE,39.165648,-86.5336
901686688,2019,9,7,1700,Weekend,2-Car,No injury/unknown,FOLLOWING TOO CLOSELY,E 4TH ST & S WALNUT,39.165648,-86.5336
901703056,2019,10,4,1500,Weekday,Cyclist,Incapacitating,FAILURE TO YIELD RIGHT OF WAY,EAST 4TH ST & SOUTH GRANT,39.165648,-86.529712
901703058,2019,10,4,1300,Weekday,Pedestrian,Non-incapacitating,FAILURE TO YIELD RIGHT OF WAY,E 4TH & S WALNUT ST,39.165648,-86.5336
901707691,2019,10,6,700,Weekday,2-Car,No injury/unknown,OTHER (DRIVER) - EXPLAIN IN NARRATIVE,S WALNUT STREET PIKE,39.165648,-86.5336
901718383,2019,11,3,1000,Weekday,2-Car,No injury/unknown,OTHER (DRIVER) - EXPLAIN IN NARRATIVE,S WASHINGTON ST,39.165648,-86.5324
901723453,2019,11,4,1300,Weekday,2-Car,Non-incapacitating,FAILURE TO YIELD RIGHT OF WAY,E 4TH & S LINCOLN ST,39.165648,-86.531008
901738319,2019,12,1,1700,Weekend,2-Car,No injury/unknown,OTHER (DRIVER) - EXPLAIN IN NARRATIVE,E 4TH ST,39.165648,-86.529712
901742091,2019,12,7,1500,Weekend,2-Car,No injury/unknown,IMPROPER TURNING,SOUTH INDIANA AVE,39.165648,-86.526848
901744917,2019,12,5,1300,Weekday,2-Car,No injury/unknown,FOLLOWING TOO CLOSELY,100 E 4TH ST & S WALNUT,39.165648,-86.5336
901679511,2019,8,1,200,Weekend,1-Car,No injury/unknown,SPEED TOO FAST FOR WEATHER CONDITIONS,BASSWOOD DR & BLOOMFIELD,39.16564621,-86.56891162
901607857,2019,3,2,800,Weekday,2-Car,No injury/unknown,FAILURE TO YIELD RIGHT OF WAY,MAPLE & W 4TH ST,39.16564,-86.54219
901668248,2019,7,4,1400,Weekday,2-Car,No injury/unknown,FAILURE TO YIELD RIGHT OF WAY,4TH & ROGERS ST,39.16563012,-86.53869979
901708224,2019,10,6,2000,Weekend,2-Car,No injury/unknown,OTHER (DRIVER) - EXPLAIN IN NARRATIVE,4TH ST & RODGERS,39.16563012,-86.53869979
901734559,2019,11,2,1500,Weekday,2-Car,No injury/unknown,FAILURE TO YIELD RIGHT OF WAY,4TH & RODGERS ST,39.16563012,-86.53869979
901733284,2019,11,7,1000,Weekend,2-Car,No injury/unknown,FAILURE TO YIELD RIGHT OF WAY,GATES & JACOB DR,39.16562006,-86.57604321
901615545,2019,4,6,1500,Weekday,2-Car,No injury/unknown,DRIVER DISTRACTED - EXPLAIN IN NARRATIVE,GATES & JACOB DR,39.16562,-86.57600866
901654408,2019,6,3,1200,Weekday,2-Car,No injury/unknown,FAILURE TO YIELD RIGHT OF WAY,GATES DR & JACOB,39.16562,-86.576
901671270,2019,8,4,1500,Weekday,2-Car,No injury/unknown,UNSAFE BACKING,GATES & JACOB DR,39.16562,-86.576
901693324,2019,9,6,2000,Weekend,2-Car,Non-incapacitating,FOLLOWING TOO CLOSELY,GATES & JACOB DR,39.16562,-86.576
901671594,2019,8,5,1300,Weekday,1-Car,No injury/unknown,UNSAFE BACKING,ROSE AVE,39.16558739,-86.51096776
901663344,2019,7,1,2200,Weekday,1-Car,No injury/unknown,UNSAFE BACKING,S JORDAN AVE,39.165576,-86.516312
901746154,2019,12,7,2200,Weekend,2-Car,No injury/unknown,FAILURE TO YIELD RIGHT OF WAY,4TH & DUNN ST,39.16555971,-86.52822978
901671070,2019,8,3,900,Weekday,1-Car,Non-incapacitating,OTHER (DRIVER) - EXPLAIN IN NARRATIVE,S HAWTHORNE DR,39.16555,-86.520939
901685450,2019,9,5,1300,Weekday,2-Car,No injury/unknown,OTHER (DRIVER) - EXPLAIN IN NARRATIVE,SO KINGSTON AVE,39.16554,-86.492754
901586600,2019,2,2,1400,Weekday,2-Car,No injury/unknown,OTHER (DRIVER) - EXPLAIN IN NARRATIVE,4TH ST & DUNN,39.16553755,-86.52819003