Master Record Number,Year,Month,Day,Hour,Weekend,Collision Type,Injury Type,Primary Factor,Reported_Location,Latitude,Longitude
901597064,2019,2,6,400,Weekday,2-Car,No injury/unknown,OTHER (DRIVER) - EXPLAIN IN NARRATIVE,4TH ST & DUNN,39.16553755,-86.52817705
901597943,2019,2,7,2000,Weekend,1-Car,No injury/unknown,IMPROPER TURNING,WEST FOURTH ST,39.16553755,-86.53366101
901577146,2019,1,1,2300,Weekday,2-Car,No injury/unknown,OTHER (DRIVER) - EXPLAIN IN NARRATIVE,SOUTH WALNUT ST,39.165531,-86.533619
901739566,2019,11,4,900,Weekday,1-Car,No injury/unknown,OBSTRUCTION NOT MARKED,JONES AVE & JORDAN,39.16540012,-86.51643159
901630638,2019,5,4,1100,Weekday,2-Car,No injury/unknown,UNSAFE BACKING,JONES AVE & JORDAN,39.1654,-86.51641692
901652939,2019,6,6,2200,Weekend,1-Car,No injury/unknown,DRIVER DISTRACTED - EXPLAIN IN NARRATIVE,JONES & JORDAN AVE,39.1654,-86.51641
901700652,2019,10,7,1200,Weekend,3+ Cars,No injury/unknown,OTHER (DRIVER) - EXPLAIN IN NARRATIVE,4TH & GRANT ST,39.16537337,-86.52971636
901623044,2019,4,2,1800,Weekday,2-Car,No injury/unknown,FAILURE TO YIELD RIGHT OF WAY,JONES AVE & ROSE,39.16529,-86.51089567
901693056,2019,9,6,1400,Weekday,2-Car,No injury/unknown,UNSAFE BACKING,S PETE ELLIS DR,39.165279,-86.494933
901738009,2019,12,7,1200,Weekend,2-Car,No injury/unknown,UNSAFE BACKING,S GATES DR,39.16513726,-86.57609179
901625774,2019,5,1,1900,Weekday,1-Car,Non-incapacitating,RAN OFF ROAD RIGHT,N TRAILWAY & SR46E,39.16510298,-86.42990248
901670576,2019,8,3,1200,Weekday,2-Car,No injury/unknown,IMPROPER PASSING,3RD & PETE ELLIS DR,39.16506397,-86.495088
901652317,2019,6,5,1700,Weekday,1-Car,Incapacitating,RAN OFF ROAD RIGHT,BENDER & SR46E,39.16497725,-86.4311555
901580486,2019,1,6,600,Weekday,2-Car,Non-incapacitating,SPEED TOO FAST FOR WEATHER CONDITIONS,DANIELS WAY & SR48W,39.16485453,-86.59907373
901710806,2019,10,3,900,Weekday,2-Car,No injury/unknown,FOLLOWING TOO CLOSELY,DANIELS & SR48W,39.16485453,-86.59907373
901600972,2019,3,6,1800,Weekday,2-Car,No injury/unknown,UNSAFE BACKING,W 3RD ST,39.164848,-86.57487674
901604539,2019,3,7,1500,Weekend,3+ Cars,No injury/unknown,UNSAFE BACKING,W 3RD ST,39.164848,-86.57594157
901625440,2019,4,7,1100,Weekend,2-Car,No injury/unknown,UNSAFE BACKING,W 3RD ST,39.164848,-86.581504
901674686,2019,8,3,1300,Weekday,2-Car,No injury/unknown,UNSAFE BACKING,W 3RD ST,39.164848,-86.581504
901686145,2019,9,6,2000,Weekend,2-Car,No injury/unknown,OTHER (DRIVER) - EXPLAIN IN NARRATIVE,W 3RD ST,39.164848,-86.57568232
901686496,2019,9,7,1300,Weekend,2-Car,No injury/unknown,UNSAFE BACKING,W 3RD ST,39.164848,-86.581504
901744428,2019,12,4,1100,Weekday,2-Car,No injury/unknown,UNSAFE BACKING,3RD ST,39.164848,-86.581504
901745284,2019,12,6,0,Weekday,1-Car,Non-incapacitating,UNSAFE SPEED,WEST 3RD ST,39.164848,-86.5780112
901590894,2019,2,2,1300,Weekday,2-Car,No injury/unknown,UNSAFE BACKING,W 3RD ST,39.16483984,-86.5804062
901685439,2019,9,5,1200,Weekday,2-Car,No injury/unknown,UNSAFE BACKING,W 3RD ST,39.16483984,-86.5804062
901718579,2019,10,2,1500,Weekday,2-Car,No injury/unknown,UNSAFE BACKING,W 3RD ST,39.164832,-86.582048
901727981,2019,11,4,2100,Weekday,1-Car,No injury/unknown,ANIMAL/OBJECT IN ROADWAY,DANIELS & SR48W,39.16483015,-86.59902324
901685118,2019,8,1,2300,Weekday,2-Car,No injury/unknown,FOLLOWING TOO CLOSELY,KINGS & SR46E,39.1648224,-86.45156267
901667724,2019,7,3,1800,Weekday,2-Car,No injury/unknown,UNSAFE BACKING,WEST 3RD ST,39.16482122,-86.5789551
901697254,2019,9,1,1600,Weekend,1-Car,No injury/unknown,SPEED TOO FAST FOR WEATHER CONDITIONS,WEST 3RD ST,39.16482122,-86.5789551
901692295,2019,9,5,1000,Weekday,1-Car,No injury/unknown,RAN OFF ROAD RIGHT,ORD & STATE ROAD 48 HWY,39.16482,-86.62013701
901602732,2019,2,7,1400,Weekend,2-Car,No injury/unknown,,W 3RD ST,39.164816,-86.573888
901715364,2019,10,4,2100,Weekday,2-Car,No injury/unknown,DISREGARD SIGNAL/REG SIGN,SR37S & WEST 3RD ST,39.1648,-86.573792
901674160,2019,8,3,1600,Weekday,2-Car,No injury/unknown,FOLLOWING TOO CLOSELY,PARK SQUARE & SR48W,39.16476574,-86.59263469
901692039,2019,9,4,1700,Weekday,2-Car,Non-incapacitating,OTHER (VEHICLE) - EXPLAIN IN NARRATIVE,PROFILE & SR48W,39.16476574,-86.59262603
901613479,2019,4,2,1400,Weekday,2-Car,No injury/unknown,FOLLOWING TOO CLOSELY,SR 37 & W 3RD ST,39.164752,-86.573104
901618565,2019,4,7,1300,Weekend,2-Car,No injury/unknown,FAILURE TO YIELD RIGHT OF WAY,3RD ST & SR37,39.164752,-86.573104
901630385,2019,5,2,1500,Weekday,2-Car,No injury/unknown,FOLLOWING TOO CLOSELY,SR37W & W 3RD ST,39.164752,-86.573104
901637354,2019,5,3,2100,Weekday,Pedestrian,Non-incapacitating,OTHER (DRIVER) - EXPLAIN IN NARRATIVE,3RD & SR37S,39.164752,-86.573104
901654177,2019,6,3,700,Weekday,2-Car,No injury/unknown,DISREGARD SIGNAL/REG SIGN,3RD ST & SR37,39.164752,-86.573104
901659150,2019,7,6,1200,Weekday,2-Car,No injury/unknown,OTHER (DRIVER) - EXPLAIN IN NARRATIVE,3RD & SR37N,39.164752,-86.573104
901667556,2019,7,3,1000,Weekday,2-Car,No injury/unknown,FOLLOWING TOO CLOSELY,SR37 & SR48W,39.164752,-86.573104
901668272,2019,7,4,2200,Weekday,2-Car,No injury/unknown,FOLLOWING TOO CLOSELY,3RD & SR37N,39.164752,-86.573104
901674492,2019,8,4,900,Weekday,2-Car,No injury/unknown,OTHER (DRIVER) - EXPLAIN IN NARRATIVE,3RD ST & JACKSON,39.164752,-86.53984
901674687,2019,8,4,2100,Weekday,2-Car,No injury/unknown,WRONG WAY ON ONE WAY,3RD ST & JACKSON,39.164752,-86.53984
901682506,2019,8,6,800,Weekday,Bus,No injury/unknown,IMPROPER TURNING,3RD ST & SR37S,39.164752,-86.573104
901692749,2019,9,6,600,Weekday,2-Car,Non-incapacitating,FAILURE TO YIELD RIGHT OF WAY,3RD ST & SR37S,39.164752,-86.573104
901693712,2019,9,1,2000,Weekday,1-Car,Non-incapacitating,RAN OFF ROAD RIGHT,SR37S & W 3RD,39.164752,-86.573104
901739171,2019,12,1,1800,Weekend,2-Car,Non-incapacitating,FAILURE TO YIELD RIGHT OF WAY,37 & W 3RD ST,39.164752,-86.573104
901683932,2019,8,2,1400,Weekday,3+ Cars,No injury/unknown,OTHER (DRIVER) - EXPLAIN IN NARRATIVE,SR37 & WEST 3RD ST,39.16474489,-86.57289251
901585446,2019,2,1,1400,Weekend,2-Car,No injury/unknown,IMPROPER TURNING,W 3RD ST,39.16474251,-86.57282163
901649973,2019,6,1,2200,Weekday,2-Car,No injury/unknown,OTHER (VEHICLE) - EXPLAIN IN NARRATIVE,WEST 3RD ST,39.16474251,-86.57282163
901666078,2019,7,6,2100,Weekend,2-Car,No injury/unknown,FAILURE TO YIELD RIGHT OF WAY,W 3RD ST,39.16474251,-86.57282163
901754268,2019,12,7,2200,Weekend,2-Car,No injury/unknown,UNSAFE BACKING,W 3RD ST,39.16474251,-86.57282163
901747058,2019,12,7,2100,Weekend,2-Car,No injury/unknown,UNSAFE LANE MOVEMENT,S PARK SQUARE & SR48W,39.16474029,-86.59259006
901725174,2019,11,7,1400,Weekend,1-Car,Non-incapacitating,OTHER (DRIVER) - EXPLAIN IN NARRATIVE,3RD ST,39.16472651,-86.57234563
901602871,2019,3,4,200,Weekday,1-Car,No injury/unknown,OTHER (DRIVER) - EXPLAIN IN NARRATIVE,3RD ST & ROGERS,39.16472,-86.538592
901704636,2019,10,7,1700,Weekend,1-Car,No injury/unknown,RAN OFF ROAD RIGHT,3RD & ROGERS ST,39.16472,-86.538592
901749052,2019,12,5,1100,Weekday,2-Car,No injury/unknown,FAILURE TO YIELD RIGHT OF WAY,3RD & ROGERS ST,39.16472,-86.538592
901669578,2019,7,1,1500,Weekend,2-Car,No injury/unknown,OTHER (DRIVER) - EXPLAIN IN NARRATIVE,EAST 3RD ST,39.16470933,-86.57183467
901728546,2019,11,4,1600,Weekday,2-Car,No injury/unknown,FAILURE TO YIELD RIGHT OF WAY,EAST 3RD ST,39.16470933,-86.57183467
901685032,2019,8,4,1600,Weekday,2-Car,No injury/unknown,FAILURE TO YIELD RIGHT OF WAY,MADISON & THIRD ST,39.164704,-86.537296
901674059,2019,8,3,1600,Weekday,1-Car,No injury/unknown,RAN OFF ROAD RIGHT,2800 BLOCK W 3RD ST & FRANKLIN,39.16469985,-86.57155249
901638466,2019,5,5,2100,Weekday,2-Car,No injury/unknown,FOLLOWING TOO CLOSELY,3RD ST & FRANKLIN,39.164688,-86.5712
901670224,2019,8,2,1200,Weekday,Moped/Motorcycle,Non-incapacitating,UNSAFE LANE MOVEMENT,FRANKLIN RD & W 3RD,39.164688,-86.5712
901711187,2019,10,4,1600,Weekday,2-Car,No injury/unknown,UNSAFE LANE MOVEMENT,3RD ST & FRANKLIN,39.164688,-86.5712
901737966,2019,12,7,2100,Weekend,3+ Cars,No injury/unknown,IMPROPER TURNING,FRANKLIN & W 3RD ST,39.164688,-86.5712
901644880,2019,5,5,1600,Weekday,2-Car,No injury/unknown,FAILURE TO YIELD RIGHT OF WAY,HICKORY & W 3RD ST RD 48 W ST,39.16468554,-86.58588018
901567248,2019,1,7,700,Weekend,3+ Cars,Non-incapacitating,SPEED TOO FAST FOR WEATHER CONDITIONS,CURRY PIKE & SR48W,39.16468378,-86.58292033
901590035,2019,2,6,1600,Weekday,2-Car,Non-incapacitating,FAILURE TO YIELD RIGHT OF WAY,3RD ST & HICKORY,39.16468378,-86.58584548
901629142,2019,5,2,1500,Weekday,2-Car,Non-incapacitating,SPEED TOO FAST FOR WEATHER CONDITIONS,HICKORY & ST RD 48 (W 3RD ST) RD,39.16468378,-86.58584548
901698429,2019,9,2,1500,Weekday,2-Car,Non-incapacitating,DRIVER ILLNESS,W 3RD ST,39.16468378,-86.58716188
901707040,2019,10,5,800,Weekday,3+ Cars,Non-incapacitating,DISREGARD SIGNAL/REG SIGN,300 S CURRY & 4000 W 3RD ST,39.16468378,-86.58292033
901712845,2019,10,7,1500,Weekend,2-Car,No injury/unknown,BRAKE FAILURE OR DEFECTIVE,WEST 3RD ST,39.16468378,-86.58297498
901720592,2019,11,6,1300,Weekday,2-Car,No injury/unknown,IMPROPER LANE USAGE,CURRY & SR48,39.16468378,-86.58296363
901608905,2019,3,4,800,Weekday,2-Car,No injury/unknown,OTHER (DRIVER) - EXPLAIN IN NARRATIVE,W 3RD ST,39.16467533,-86.570478
901745602,2019,12,6,1700,Weekday,2-Car,No injury/unknown,UNSAFE BACKING,3RD ST,39.16467067,-86.57025067
901665930,2019,7,6,1700,Weekday,2-Car,No injury/unknown,FAILURE TO YIELD RIGHT OF WAY,CURRY & W 3RD ST,39.16465983,-86.58292002
901751151,2019,12,3,1300,Weekday,2-Car,No injury/unknown,FOLLOWING TOO CLOSELY,CURRY & W 3RD ST,39.16465983,-86.58292002
901667580,2019,7,3,1400,Weekday,2-Car,No injury/unknown,FAILURE TO YIELD RIGHT OF WAY,WEST THIRD ST,39.16464843,-86.57720692
901601167,2019,3,7,1000,Weekend,Cyclist,Non-incapacitating,PEDESTRIAN ACTION,3RD ST & WASHINGTON,39.16464,-86.53266461
901567559,2019,1,7,2000,Weekend,2-Car,No injury/unknown,,W 3RD ST,39.16464,-86.56632619
901571658,2019,1,5,2200,Weekday,2-Car,No injury/unknown,FAILURE TO YIELD RIGHT OF WAY,COLLEGE AVE & W 3RD,39.16464,-86.534816
901575615,2019,1,5,1400,Weekday,2-Car,No injury/unknown,DISREGARD SIGNAL/REG SIGN,E 3RD ST & S WASHINGTON,39.16464,-86.5324
901580247,2019,1,5,2000,Weekday,2-Car,No injury/unknown,FOLLOWING TOO CLOSELY,E 3RD & S WALNUT ST,39.16464,-86.5336
901584315,2019,2,5,2100,Weekday,2-Car,No injury/unknown,,E 3RD ST & S GRANT,39.16464,-86.529728
901584450,2019,2,5,2100,Weekday,2-Car,No injury/unknown,FAILURE TO YIELD RIGHT OF WAY,GRANT & THIRD ST,39.16464,-86.529728
901585407,2019,2,1,1400,Weekend,2-Car,No injury/unknown,DISREGARD SIGNAL/REG SIGN,E 3RD & S WALNUT ST,39.16464,-86.5336
901593269,2019,2,6,1300,Weekday,2-Car,No injury/unknown,DISREGARD SIGNAL/REG SIGN,E 3RD ST & S COLLEGE,39.16464,-86.534816
901598572,2019,2,2,900,Weekday,2-Car,No injury/unknown,DISREGARD SIGNAL/REG SIGN,3RD ST & WASHINGTON,39.16464,-86.5324
901601072,2019,3,7,300,Weekend,Pedestrian,Non-incapacitating,SPEED TOO FAST FOR WEATHER CONDITIONS,3RD ST & WASHINGTON,39.16464,-86.5324
901602181,2019,3,2,1200,Weekday,2-Car,No injury/unknown,FAILURE TO YIELD RIGHT OF WAY,200 S COLLEGE AVE AVE & W 3RD,39.16464,-86.534816
901609005,2019,3,4,1200,Weekday,2-Car,No injury/unknown,OTHER (DRIVER) - EXPLAIN IN NARRATIVE,COLLEGE & W THIRD ST,39.16464,-86.534816
901609902,2019,3,6,2300,Weekend,2-Car,No injury/unknown,IMPROPER LANE USAGE,3RD & COLLEGE AVE,39.16464,-86.534816
901610020,2019,3,6,1800,Weekday,3+ Cars,Non-incapacitating,FOLLOWING TOO CLOSELY,E 3RD & S WALNUT ST,39.16464,-86.5336
901614710,2019,4,5,1000,Weekday,2-Car,No injury/unknown,DISREGARD SIGNAL/REG SIGN,3RD ST & LINCOLN,39.16464,-86.531024
901616550,2019,4,3,100,Weekday,2-Car,No injury/unknown,OTHER (DRIVER) - EXPLAIN IN NARRATIVE,E 3RD & S GRANT ST,39.16464,-86.529728
901617768,2019,4,5,800,Weekday,2-Car,No injury/unknown,FAILURE TO YIELD RIGHT OF WAY,JOHNSON & W THIRD ST,39.16464,-86.564992
901621258,2019,4,5,1700,Weekday,Moped/Motorcycle,Incapacitating,FOLLOWING TOO CLOSELY,2425 W THIRD ST & KIMBLE,39.16464,-86.568
901621886,2019,4,7,1200,Weekend,2-Car,No injury/unknown,OVERCORRECTING/OVERSTEERING,3RD & GRANT ST,39.16464,-86.529728
901622634,2019,4,2,1100,Weekday,2-Car,No injury/unknown,OTHER (DRIVER) - EXPLAIN IN NARRATIVE,E 3RD ST,39.16464,-86.53211918
901623011,2019,4,7,2000,Weekend,2-Car,No injury/unknown,FOLLOWING TOO CLOSELY,3 RD ST & LINCOLN,39.16464,-86.531024
901623536,2019,4,3,1400,Weekday,2-Car,No injury/unknown,OTHER (DRIVER) - EXPLAIN IN NARRATIVE,W 3RD ST,39.16464,-86.5324
901624563,2019,4,2,1500,Weekday,2-Car,No injury/unknown,FAILURE TO YIELD RIGHT OF WAY,KIMBLE & WEST THIRD ST,39.16464,-86.568
901626732,2019,5,3,900,Weekday,2-Car,Non-incapacitating,FAILURE TO YIELD RIGHT OF WAY,3RD & EAST WEST 300 BLK S WALNUT ALY,39.16464,-86.5336
901627011,2019,5,3,1500,Weekday,2-Car,No injury/unknown,FAILURE TO YIELD RIGHT OF WAY,3750 W 3RD & W 3RD ST,39.16464,-86.5336
901632389,2019,5,6,1100,Weekday,2-Car,No injury/unknown,OTHER (DRIVER) - EXPLAIN IN NARRATIVE,E 3RD ST,39.16464,-86.56905455
901632456,2019,5,1,1500,Weekend,1-Car,No injury/unknown,RAN OFF ROAD RIGHT,COLLEGE & SR37S,39.16464,-86.534816
901634400,2019,5,5,600,Weekday,1-Car,Non-incapacitating,BRAKE FAILURE OR DEFECTIVE,3RD & JOHNSON AVE,39.16464,-86.564992
901637532,2019,5,3,900,Weekday,2-Car,No injury/unknown,FAILURE TO YIELD RIGHT OF WAY,COLLEGE & SR37N,39.16464,-86.534816
901646341,2019,6,1,200,Weekend,2-Car,No injury/unknown,UNSAFE LANE MOVEMENT,E 3RD & S WALNUT ST,39.16464,-86.5336
901648256,2019,6,4,1300,Weekday,2-Car,No injury/unknown,FOLLOWING TOO CLOSELY,3RD & WALNUT ST,39.16464,-86.5336
901649162,2019,6,4,800,Weekday,2-Car,Non-incapacitating,IMPROPER TURNING,COLLEGE AVE & SR37N,39.16464,-86.534816
901651565,2019,6,4,900,Weekday,2-Car,No injury/unknown,DISREGARD SIGNAL/REG SIGN,S COLLEGE & W 3RD ST,39.16464,-86.534816
901655327,2019,6,5,700,Weekday,2-Car,Non-incapacitating,UNSAFE BACKING,S WALNUT ST,39.16464,-86.5336
901656365,2019,6,6,1100,Weekday,2-Car,Non-incapacitating,FOLLOWING TOO CLOSELY,KIMBLE & W 3RD ST,39.16464,-86.568
901662616,2019,7,6,1700,Weekday,2-Car,Non-incapacitating,FOLLOWING TOO CLOSELY,MULLER & WEST 3RD ST,39.16464,-86.5628
901664680,2019,7,4,1000,Weekday,2-Car,No injury/unknown,UNSAFE BACKING,W 3RD ST,39.16464,-86.5662049
901669208,2019,7,7,300,Weekend,2-Car,No injury/unknown,UNSAFE BACKING,WALNUT ST,39.16464,-86.5336
901669392,2019,7,7,1600,Weekend,2-Car,No injury/unknown,UNSAFE BACKING,E 3RD ST,39.16464,-86.5324
901678554,2019,8,5,1700,Weekday,2-Car,No injury/unknown,UNSAFE LANE MOVEMENT,EAST 3RD ST & SOUTH GRANT,39.16464,-86.529728
901678564,2019,8,4,1500,Weekday,3+ Cars,Non-incapacitating,FOLLOWING TOO CLOSELY,3RD ST & JOHNSON,39.16464,-86.564992
901680794,2019,8,3,1200,Weekday,2-Car,No injury/unknown,FOLLOWING TOO CLOSELY,3RD ST & GRANT,39.16464,-86.529728
901681109,2019,8,3,2300,Weekday,Pedestrian,Non-incapacitating,PEDESTRIAN ACTION,3RD ST & GRANT,39.16464,-86.529728
901683091,2019,8,1,1000,Weekend,2-Car,No injury/unknown,UNSAFE LANE MOVEMENT,3RD & COLLEGE AVE,39.16464,-86.534816
901685698,2019,9,5,2200,Weekday,2-Car,No injury/unknown,DISREGARD SIGNAL/REG SIGN,3RD ST & WASHINGTON,39.16464,-86.5324
901692318,2019,9,5,1200,Weekday,2-Car,No injury/unknown,DISREGARD SIGNAL/REG SIGN,3RD ST & COLLEGE,39.16464,-86.534816
901694050,2019,9,2,1000,Weekday,2-Car,No injury/unknown,FAILURE TO YIELD RIGHT OF WAY,E 3RD ST & GRANT,39.16464,-86.529728
901696950,2019,9,6,2100,Weekend,2-Car,No injury/unknown,FAILURE TO YIELD RIGHT OF WAY,GRANT & THIRD ST,39.16464,-86.529728
901698118,2019,9,3,500,Weekday,1-Car,Non-incapacitating,SPEED TOO FAST FOR WEATHER CONDITIONS,3RD & COLLEGE AVE,39.16464,-86.534816
901698938,2019,9,4,800,Weekday,2-Car,Non-incapacitating,FAILURE TO YIELD RIGHT OF WAY,3RD ST & COLLEGE,39.16464,-86.534816
901699436,2019,9,7,900,Weekend,2-Car,Non-incapacitating,FOLLOWING TOO CLOSELY,KIMBLE & W 3RD ST,39.16464,-86.568
901712093,2019,10,5,1200,Weekday,2-Car,No injury/unknown,DISREGARD SIGNAL/REG SIGN,3RD ST & WASHINGTON,39.16464,-86.5324
901715541,2019,10,5,1000,Weekday,2-Car,No injury/unknown,FAILURE TO YIELD RIGHT OF WAY,COLLEGE AVE & WEST 3 ST ST,39.16464,-86.534816
901725598,2019,11,1,1500,Weekend,2-Car,Non-incapacitating,FOLLOWING TOO CLOSELY,S KIMBLE & W 3RD ST,39.16464,-86.568
901726607,2019,11,2,1800,Weekday,2-Car,No injury/unknown,SPEED TOO FAST FOR WEATHER CONDITIONS,THIRD ST & WASHINGTON,39.16464,-86.5324
901729729,2019,11,1,1500,Weekend,2-Car,No injury/unknown,SPEED TOO FAST FOR WEATHER CONDITIONS,3RD & LINCOLN ST,39.16464,-86.531024
901733231,2019,11,1,1100,Weekend,2-Car,No injury/unknown,DISREGARD SIGNAL/REG SIGN,E 3RD ST & WASHINGTON,39.16464,-86.5324
901733373,2019,11,1,1700,Weekend,Pedestrian,No injury/unknown,FAILURE TO YIELD RIGHT OF WAY,EAST 3RD ST,39.16464,-86.56763613
901738313,2019,12,1,1800,Weekend,2-Car,No injury/unknown,SPEED TOO FAST FOR WEATHER CONDITIONS,3RD ST & WASHINGTON,39.16464,-86.5324
901739170,2019,12,1,1900,Weekday,2-Car,No injury/unknown,,W 3RD ST,39.16464,-86.56535587
901739298,2019,12,2,2000,Weekday,2-Car,Non-incapacitating,DISREGARD SIGNAL/REG SIGN,E 3RD ST & S LINCOLN,39.16464,-86.531024
901740240,2019,12,4,1000,Weekday,2-Car,No injury/unknown,DRIVER DISTRACTED - EXPLAIN IN NARRATIVE,3RD ST & S WALNUT,39.16464,-86.5336
901635199,2019,5,6,1700,Weekday,2-Car,Non-incapacitating,FOLLOWING TOO CLOSELY,N GATES & WEST 3RD ST,39.16463184,-86.57619774
901604129,2019,3,6,1600,Weekday,2-Car,Non-incapacitating,BRAKE FAILURE OR DEFECTIVE,ROGERS ST & THIRD,39.16463,-86.5387
901751773,2019,12,4,1200,Weekday,2-Car,No injury/unknown,UNSAFE BACKING,W 3RD ST,39.16462161,-86.58339142
901669359,2019,7,7,1900,Weekend,2-Car,No injury/unknown,DISREGARD SIGNAL/REG SIGN,SB SR 37 & W 3RD ST,39.16461146,-86.57327667
901669080,2019,7,6,1400,Weekday,2-Car,No injury/unknown,FAILURE TO YIELD RIGHT OF WAY,3RD ST & LIBERTY,39.16461021,-86.57912141
901597658,2019,2,6,1500,Weekday,2-Car,No injury/unknown,FAILURE TO YIELD RIGHT OF WAY,WEST THIRD ST,39.16460864,-86.58014045
901741702,2019,12,6,1800,Weekday,2-Car,No injury/unknown,FOLLOWING TOO CLOSELY,COLLEGE AVE & THIRD,39.16460015,-86.53489977
901641262,2019,6,4,1700,Weekday,2-Car,No injury/unknown,FOLLOWING TOO CLOSELY,3RD ST & COLLEGE,39.1646,-86.5349
901697335,2019,9,2,0,Weekday,2-Car,No injury/unknown,UNSAFE LANE MOVEMENT,3RD & COLLEGE AVE,39.1646,-86.5349
901564004,2019,1,2,1900,Weekday,2-Car,No injury/unknown,OTHER (DRIVER) - EXPLAIN IN NARRATIVE,W 3RD ST,39.1645984,-86.57874026
901567235,2019,1,6,1100,Weekday,2-Car,No injury/unknown,BRAKE FAILURE OR DEFECTIVE,LIBERTY & THIRD ST,39.1645984,-86.57913641
901571280,2019,1,5,1100,Weekday,2-Car,No injury/unknown,UNSAFE BACKING,W 3RD ST,39.1645984,-86.57786599
901574040,2019,1,3,1500,Weekday,Bus,No injury/unknown,IMPROPER TURNING,W 3RD ST,39.1645984,-86.57871294
901579936,2019,1,5,800,Weekday,2-Car,No injury/unknown,FAILURE TO YIELD RIGHT OF WAY,3RD ST & LIBERTY,39.1645984,-86.57913641
901583782,2019,2,5,1500,Weekday,2-Car,No injury/unknown,UNSAFE SPEED,WEST 3RD ST,39.1645984,-86.57942328
901606252,2019,3,4,1800,Weekday,2-Car,Non-incapacitating,FAILURE TO YIELD RIGHT OF WAY,LIBERTY & WEST 3RD ST,39.1645984,-86.57913641
901617353,2019,4,4,1100,Weekday,2-Car,No injury/unknown,FAILURE TO YIELD RIGHT OF WAY,W 3RD ST,39.1645984,-86.57871294
901627789,2019,5,5,900,Weekday,3+ Cars,Non-incapacitating,DRIVER DISTRACTED - EXPLAIN IN NARRATIVE,LIBERTY & WEST 3RD ST,39.1645984,-86.57913641
901628592,2019,5,6,1700,Weekday,2-Car,No injury/unknown,FAILURE TO YIELD RIGHT OF WAY,WEST 3RD ST,39.1645984,-86.57855584
901629149,2019,5,1,1400,Weekend,2-Car,No injury/unknown,FAILURE TO YIELD RIGHT OF WAY,LIBERTY & W 3RD ST,39.1645984,-86.57913641
901635171,2019,5,6,1400,Weekday,2-Car,No injury/unknown,FOLLOWING TOO CLOSELY,3RD ST & LIBERTY,39.1645984,-86.57913641
901638385,2019,5,5,1500,Weekday,2-Car,No injury/unknown,IMPROPER PASSING,LIBERTY & W 3RD ST,39.1645984,-86.57911909
901653229,2019,6,1,1100,Weekend,2-Car,No injury/unknown,DISREGARD SIGNAL/REG SIGN,3RD ST & LIBERTY,39.1645984,-86.57913641
901656192,2019,7,6,1400,Weekday,2-Car,No injury/unknown,FOLLOWING TOO CLOSELY,3RD ST & LIBERTY,39.1645984,-86.57914334
901666060,2019,7,7,1100,Weekend,2-Car,Non-incapacitating,FAILURE TO YIELD RIGHT OF WAY,3700 W 3RD ST & S LIBERTY,39.1645984,-86.57907148
901684525,2019,8,3,2000,Weekday,2-Car,No injury/unknown,FAILURE TO YIELD RIGHT OF WAY,3RD ST & LIBERTY,39.1645984,-86.57911044
901691159,2019,9,3,1200,Weekday,2-Car,Non-incapacitating,FAILURE TO YIELD RIGHT OF WAY,S LIBERTY & W 3RD ST,39.1645984,-86.57913641
901712634,2019,10,6,1800,Weekday,2-Car,No injury/unknown,FAILURE TO YIELD RIGHT OF WAY,W 3RD ST,39.1645984,-86.57855584
901568878,2019,1,5,1600,Weekday,2-Car,No injury/unknown,FAILURE TO YIELD RIGHT OF WAY,GATES & WEST 3RD ST,39.16459498,-86.57621992
901584575,2019,2,6,1300,Weekday,2-Car,No injury/unknown,UNSAFE LANE MOVEMENT,GATES & THIRD ST,39.16459498,-86.57621992
901627915,2019,5,5,0,Weekday,2-Car,No injury/unknown,,WEST 3RD ST,39.16459498,-86.57615845
901634724,2019,5,5,1700,Weekday,2-Car,No injury/unknown,FOLLOWING TOO CLOSELY,GATES & WEST 3RD ST,39.16459498,-86.57621992
901641264,2019,6,4,1700,Weekday,2-Car,No injury/unknown,FOLLOWING TOO CLOSELY,3RD & GATES DR,39.16459498,-86.57621992
901648262,2019,6,4,1400,Weekday,2-Car,No injury/unknown,FAILURE TO YIELD RIGHT OF WAY,3RD ST & GATES,39.16459498,-86.57621992
901663325,2019,7,1,2000,Weekday,2-Car,No injury/unknown,FAILURE TO YIELD RIGHT OF WAY,GATES & THIRD ST,39.16459498,-86.57621992
901679218,2019,8,6,2200,Weekend,2-Car,Non-incapacitating,FAILURE TO YIELD RIGHT OF WAY,GATES & W 3RD ST,39.16459498,-86.57621992
901686281,2019,9,7,1100,Weekend,3+ Cars,No injury/unknown,FOLLOWING TOO CLOSELY,GATES DR & W 3RD,39.16459498,-86.57621992
901693065,2019,9,6,1400,Weekday,2-Car,No injury/unknown,DISREGARD SIGNAL/REG SIGN,3RD ST & GATES,39.16459498,-86.57621992
901708725,2019,10,7,1700,Weekend,2-Car,No injury/unknown,FAILURE TO YIELD RIGHT OF WAY,3RD ST & GATES,39.16459498,-86.57621992
901709346,2019,10,2,1200,Weekday,2-Car,No injury/unknown,FOLLOWING TOO CLOSELY,GATES & W 3RD ST,39.16459498,-86.57621126
901715237,2019,10,4,1900,Weekday,3+ Cars,Non-incapacitating,OTHER (DRIVER) - EXPLAIN IN NARRATIVE,GATES & W 3RD ST,39.16459498,-86.57621992
901719282,2019,11,4,1700,Weekday,2-Car,Non-incapacitating,OTHER (DRIVER) - EXPLAIN IN NARRATIVE,3RD ST & GATES,39.16459498,-86.57621992