Master Record Number,Year,Month,Day,Hour,Weekend,Collision Type,Injury Type,Primary Factor,Reported_Location,Latitude,Longitude
901645967,2019,6,4,1700,Weekday,2-Car,No injury/unknown,FOLLOWING TOO CLOSELY,3RD ST & GATES,39.16459009,-86.57619975
901701276,2019,10,2,800,Weekday,Cyclist,No injury/unknown,FAILURE TO YIELD RIGHT OF WAY,GATES DR & W 3  ST ST,39.16459009,-86.57619975
901641226,2019,6,4,1600,Weekday,2-Car,No injury/unknown,FAILURE TO YIELD RIGHT OF WAY,GRANT & THIRD ST,39.16457,-86.52983
901720720,2019,11,5,1700,Weekday,2-Car,No injury/unknown,OTHER (DRIVER) - EXPLAIN IN NARRATIVE,W 3RD ST,39.16456766,-86.57086505
901669085,2019,7,6,1500,Weekday,2-Car,Non-incapacitating,FAILURE TO YIELD RIGHT OF WAY,3RD ST & RAMP 12,39.16456529,-86.5740788
901618812,2019,4,6,2300,Weekend,2-Car,No injury/unknown,FOLLOWING TOO CLOSELY,3RD ST & FRANKLIN,39.16456,-86.57019
901638407,2019,5,5,1800,Weekday,2-Car,No injury/unknown,FAILURE TO YIELD RIGHT OF WAY,THIRD ST & YANCY,39.16456,-86.56948
901638408,2019,5,5,1700,Weekday,3+ Cars,Non-incapacitating,FOLLOWING TOO CLOSELY,THIRD ST & YANCY,39.16456,-86.56948
901693208,2019,9,6,2200,Weekend,1-Car,No injury/unknown,OTHER (DRIVER) - EXPLAIN IN NARRATIVE,EAST 3RD ST,39.16456,-86.5550845
901707345,2019,10,5,1400,Weekday,2-Car,No injury/unknown,UNSAFE BACKING,THIRD ST,39.16456,-86.569485
901708722,2019,10,1,1300,Weekend,2-Car,No injury/unknown,UNSAFE SPEED,E 3RD ST,39.16456,-86.5550845
901719934,2019,11,5,1900,Weekday,2-Car,No injury/unknown,DISREGARD SIGNAL/REG SIGN,3RD ST & FRANKLIN,39.16456,-86.57019
901723666,2019,11,4,2200,Weekday,1-Car,Non-incapacitating,OVERCORRECTING/OVERSTEERING,EAST 3RD ST,39.16456,-86.5550845
901725150,2019,11,6,1700,Weekday,1-Car,No injury/unknown,OVERCORRECTING/OVERSTEERING,E 3RD ST,39.16456,-86.5550845
901576588,2019,1,6,1500,Weekday,2-Car,Non-incapacitating,LEFT OF CENTER,CORY & THIRD ST,39.164544,-86.560096
901600237,2019,2,5,2200,Weekday,2-Car,No injury/unknown,UNSAFE BACKING,S ADAMS ST,39.164544,-86.552192
901606136,2019,3,4,1500,Weekday,2-Car,No injury/unknown,FOLLOWING TOO CLOSELY,CURRY PIKE & WEST 3RD,39.164544,-86.560096
901634250,2019,5,4,1600,Weekday,2-Car,Non-incapacitating,FOLLOWING TOO CLOSELY,S CORY & W 3RD ST,39.164544,-86.560096
901676151,2019,8,1,1000,Weekend,2-Car,No injury/unknown,FOLLOWING TOO CLOSELY,3RD & CURRY PIKE,39.164544,-86.560096
901683006,2019,8,7,2100,Weekend,2-Car,No injury/unknown,FAILURE TO YIELD RIGHT OF WAY,3RD ST & CORY,39.164544,-86.560096
901687389,2019,9,3,1100,Weekday,Moped/Motorcycle,Non-incapacitating,IMPROPER LANE USAGE,1900 W 3RD ST & CORY,39.164544,-86.560096
901688105,2019,9,4,1500,Weekday,Cyclist,Non-incapacitating,FAILURE TO YIELD RIGHT OF WAY,3RD & CURRY PIKE,39.164544,-86.560096
901705461,2019,10,2,1600,Weekday,2-Car,No injury/unknown,IMPROPER TURNING,S ADAMS ST,39.164544,-86.552192
901718059,2019,10,2,1500,Weekday,3+ Cars,Non-incapacitating,FAILURE TO YIELD RIGHT OF WAY,3RD ST & CORY,39.164544,-86.560096
901736286,2019,11,4,300,Weekday,2-Car,No injury/unknown,UNSAFE SPEED,S ADAMS ST,39.164544,-86.552192
901739190,2019,12,1,2000,Weekday,2-Car,No injury/unknown,OTHER (DRIVER) - EXPLAIN IN NARRATIVE,S ADAMS ST,39.164544,-86.552192
901651292,2019,6,3,1700,Weekday,3+ Cars,Non-incapacitating,DRIVER DISTRACTED - EXPLAIN IN NARRATIVE,KIMBEL & WEST 3RD ST,39.16454,-86.56799
901650933,2019,6,3,800,Weekday,3+ Cars,No injury/unknown,FOLLOWING TOO CLOSELY,OPPORTUNITY & W 3RD ST,39.16453,-86.56706731
901694152,2019,9,2,1200,Weekday,2-Car,No injury/unknown,,W 3 ST ST,39.164526,-86.566518
901714944,2019,10,4,900,Weekday,2-Car,No injury/unknown,OTHER (VEHICLE) - EXPLAIN IN NARRATIVE,W THIRD ST,39.164526,-86.566609
901619803,2019,4,2,1800,Weekday,2-Car,No injury/unknown,UNSAFE BACKING,E 3RD ST,39.1645218,-86.551104
901648945,2019,6,5,2000,Weekday,2-Car,No injury/unknown,UNSAFE BACKING,E 3RD ST,39.16452114,-86.551072
901567268,2019,1,7,800,Weekend,2-Car,No injury/unknown,SPEED TOO FAST FOR WEATHER CONDITIONS,W 3RD ST,39.164517,-86.565379
901742079,2019,12,7,1300,Weekend,2-Car,No injury/unknown,FAILURE TO YIELD RIGHT OF WAY,3RD & PETE ELLIS DR,39.16451466,-86.495088
901684538,2019,8,3,1800,Weekday,2-Car,No injury/unknown,UNSAFE BACKING,E 3RD ST,39.164512,-86.550624
901587851,2019,2,2,2200,Weekday,2-Car,No injury/unknown,UNSAFE BACKING,W 3RD ST,39.16450961,-86.5756735
901688752,2019,9,4,1700,Weekday,1-Car,No injury/unknown,ANIMAL/OBJECT IN ROADWAY,MULLER & THIRD ST,39.1645,-86.5627
901716757,2019,10,7,1500,Weekend,2-Car,No injury/unknown,FAILURE TO YIELD RIGHT OF WAY,3RD ST & MULLER,39.1645,-86.5627
901567462,2019,1,7,1500,Weekend,2-Car,No injury/unknown,FAILURE TO YIELD RIGHT OF WAY,CURRY & W 3RD ST,39.16448,-86.56014567
901578046,2019,1,2,1000,Weekday,2-Car,Non-incapacitating,DISREGARD SIGNAL/REG SIGN,3RD ST & CURRY,39.16448,-86.56015
901615540,2019,4,7,1800,Weekend,2-Car,No injury/unknown,FAILURE TO YIELD RIGHT OF WAY,3RD ST & CURRY,39.16448,-86.56015
901617504,2019,4,4,2000,Weekday,2-Car,No injury/unknown,UNSAFE LANE MOVEMENT,CURRY PIKE & THIRD,39.16448,-86.56015
901625813,2019,5,1,2100,Weekday,Moped/Motorcycle,Non-incapacitating,FAILURE TO YIELD RIGHT OF WAY,3RD ST & CURRY,39.16448,-86.56015433
901647305,2019,6,2,1700,Weekday,2-Car,No injury/unknown,FOLLOWING TOO CLOSELY,CURRY PIKE & W THIRD,39.16448,-86.56015
901662858,2019,7,7,1100,Weekend,2-Car,Non-incapacitating,UNSAFE SPEED,S CURRY & W 3RD ST,39.16448,-86.56015
901663130,2019,7,1,1300,Weekend,2-Car,No injury/unknown,FAILURE TO YIELD RIGHT OF WAY,S CURRY & W 3RD ST,39.16448,-86.56013702
901669917,2019,8,2,1100,Weekday,2-Car,No injury/unknown,FAILURE TO YIELD RIGHT OF WAY,CURRY PIKE & W 3RD,39.16448,-86.56015
901672538,2019,8,6,1500,Weekday,2-Car,Non-incapacitating,FAILURE TO YIELD RIGHT OF WAY,3RD ST & CURRY,39.16448,-86.56013269
901686497,2019,9,7,1400,Weekend,2-Car,No injury/unknown,FAILURE TO YIELD RIGHT OF WAY,CURRY PIKE & W 3RD,39.16448,-86.56015
901704589,2019,10,6,2000,Weekend,2-Car,No injury/unknown,FAILURE TO YIELD RIGHT OF WAY,CURRY PIKE & THIRD,39.16448,-86.56015
901713993,2019,10,2,1500,Weekday,Cyclist,Non-incapacitating,FAILURE TO YIELD RIGHT OF WAY,CURRY & W 3RD ST,39.16448,-86.56015
901715239,2019,10,4,1500,Weekday,2-Car,Non-incapacitating,FAILURE TO YIELD RIGHT OF WAY,CURRY & WEST 3RD ST,39.16448,-86.56014134
901718377,2019,11,3,900,Weekday,2-Car,Non-incapacitating,FAILURE TO YIELD RIGHT OF WAY,S CURRY & W 3RD ST,39.16448,-86.56014567
901720678,2019,11,6,1600,Weekday,2-Car,Non-incapacitating,FAILURE TO YIELD RIGHT OF WAY,CURRY & W 3RD ST,39.16448,-86.56015
901570322,2019,1,4,800,Weekday,2-Car,No injury/unknown,DISREGARD SIGNAL/REG SIGN,INDIANA & THIRD ST,39.164448,-86.5268
901572460,2019,1,7,1600,Weekend,2-Car,Non-incapacitating,FAILURE TO YIELD RIGHT OF WAY,E 3RD ST & SR 45 46,39.164448,-86.471888
901581122,2019,1,6,2300,Weekend,Pedestrian,Non-incapacitating,PEDESTRIAN ACTION,E 3RD ST & S DUNN,39.164448,-86.528096
901595597,2019,2,2,1600,Weekday,2-Car,No injury/unknown,OTHER (DRIVER) - EXPLAIN IN NARRATIVE,EAST HENDERSON & SOUTH HENDERSON ST,39.164448,-86.5268
901623635,2019,4,3,1400,Weekday,2-Car,No injury/unknown,FAILURE TO YIELD RIGHT OF WAY,EAST 3RD ST & INDIANA,39.164448,-86.5268
901624965,2019,4,6,1200,Weekday,2-Car,No injury/unknown,FOLLOWING TOO CLOSELY,E 3RD ST & SO INDIANA,39.164448,-86.5268
901625218,2019,4,6,1600,Weekday,2-Car,No injury/unknown,FOLLOWING TOO CLOSELY,3RD ST & INDIANA,39.164448,-86.5268
901649202,2019,6,6,1200,Weekday,2-Car,No injury/unknown,UNSAFE BACKING,1403 E ATWATER (PARKING LOT) AVE & ATWATER,39.164448,-86.528096
901660342,2019,7,2,1200,Weekday,2-Car,No injury/unknown,FOLLOWING TOO CLOSELY,E 3RD ST & S FESS,39.164448,-86.525792
901665701,2019,7,6,1300,Weekday,2-Car,No injury/unknown,FOLLOWING TOO CLOSELY,3RD ST & INDIANA,39.164448,-86.5268
901687594,2019,9,3,1400,Weekday,3+ Cars,Non-incapacitating,FOLLOWING TOO CLOSELY,E 3RD ST & FESS,39.164448,-86.525792
901689815,2019,9,7,2200,Weekend,2-Car,No injury/unknown,DISREGARD SIGNAL/REG SIGN,3RD & INDIANA AVE,39.164448,-86.5268
901691997,2019,9,4,1900,Weekday,2-Car,No injury/unknown,SPEED TOO FAST FOR WEATHER CONDITIONS,E 3RD ST & S FESS,39.164448,-86.525792
901704154,2019,10,6,1200,Weekday,2-Car,No injury/unknown,OTHER (DRIVER) - EXPLAIN IN NARRATIVE,3RD & SR 45 46 BYP,39.164448,-86.471888
901706776,2019,10,4,2100,Weekday,2-Car,No injury/unknown,FOLLOWING TOO CLOSELY,E 3RD ST & S FESS,39.164448,-86.525792
901716730,2019,10,7,1400,Weekend,2-Car,Non-incapacitating,UNSAFE LANE MOVEMENT,300 S FESS & 700 E 3RD ST,39.164448,-86.525792
901745425,2019,12,6,1200,Weekday,2-Car,No injury/unknown,IMPROPER LANE USAGE,INDIANA & THIRD ST,39.164448,-86.5268
901750994,2019,12,3,1100,Weekday,2-Car,No injury/unknown,FOLLOWING TOO CLOSELY,500 E 3RD ST & INDIANA,39.164448,-86.5268
901675166,2019,8,5,1700,Weekday,2-Car,No injury/unknown,FAILURE TO YIELD RIGHT OF WAY,46 & PETE ELLIS DR,39.16444599,-86.495088
901582537,2019,1,5,1800,Weekday,2-Car,Non-incapacitating,FOLLOWING TOO CLOSELY,3RD ST & FESS,39.16444271,-86.52561573
901712923,2019,10,7,1700,Weekend,2-Car,No injury/unknown,UNSAFE BACKING,E 3RD ST,39.16443758,-86.54775367
901693719,2019,9,1,2000,Weekday,2-Car,No injury/unknown,FOLLOWING TOO CLOSELY,3RD ST & FESS,39.16442686,-86.5250869
901689703,2019,9,4,1900,Weekday,2-Car,No injury/unknown,UNSAFE BACKING,EAST 3RD ST,39.16442667,-86.52508089
901577102,2019,1,7,2200,Weekend,2-Car,No injury/unknown,FAILURE TO YIELD RIGHT OF WAY,SR 37 & W 3RD ST,39.16442423,-86.5732966
901737558,2019,12,6,1700,Weekday,2-Car,No injury/unknown,FAILURE TO YIELD RIGHT OF WAY,S WESTPLEX & W THIRD ST,39.16440971,-86.55389986
901625525,2019,4,5,1500,Weekday,3+ Cars,No injury/unknown,SPEED TOO FAST FOR WEATHER CONDITIONS,S LANDMARK & W 3RD ST,39.16440374,-86.55627394
901663285,2019,7,1,1400,Weekend,2-Car,No injury/unknown,FAILURE TO YIELD RIGHT OF WAY,3RD ST & LANDMARK,39.16440374,-86.55629125
901677658,2019,8,4,900,Weekday,2-Car,No injury/unknown,FOLLOWING TOO CLOSELY,3RD & LANDMARK AVE,39.16440374,-86.5562826
901685553,2019,9,5,1400,Weekday,2-Car,Non-incapacitating,FOLLOWING TOO CLOSELY,S LANDMARK & W 3RD ST,39.16440374,-86.55625663
901723570,2019,11,4,1600,Weekday,2-Car,No injury/unknown,UNSAFE BACKING,3RD ST & LANDMARK,39.16440374,-86.55628692
901614949,2019,4,5,1900,Weekday,2-Car,No injury/unknown,VIEW OBSTRUCTED,SOUTH LINCOLN ST,39.1644,-86.531138
901727959,2019,11,4,1900,Weekday,2-Car,No injury/unknown,FOLLOWING TOO CLOSELY,3RD ST & WOODLAWN,39.164352,-86.52241559
901584963,2019,2,6,1300,Weekday,Bus,No injury/unknown,LEFT OF CENTER,3RD ST & HIGH,39.164352,-86.508288
901593218,2019,2,6,1000,Weekday,2-Car,No injury/unknown,UNSAFE LANE MOVEMENT,THIRD ST & WOODLAWN,39.164352,-86.522592
901618321,2019,4,6,1200,Weekday,2-Car,No injury/unknown,FOLLOWING TOO CLOSELY,E 3RD ST & WOODLAWN,39.164352,-86.522592
901621564,2019,4,6,1100,Weekday,2-Car,No injury/unknown,UNSAFE SPEED,3RD ST & UNION,39.164352,-86.5088
901622654,2019,4,2,1100,Weekday,2-Car,No injury/unknown,FAILURE TO YIELD RIGHT OF WAY,ROSE & THIRD ST,39.164352,-86.510944
901647264,2019,6,2,1700,Weekday,3+ Cars,No injury/unknown,FOLLOWING TOO CLOSELY,E 3RD ST & S WOODLAWN,39.164352,-86.522592
901658649,2019,7,5,900,Weekday,2-Car,No injury/unknown,FOLLOWING TOO CLOSELY,EAST THIRD ST & WOODLAWN,39.164352,-86.522592
901662547,2019,7,6,1400,Weekday,2-Car,No injury/unknown,DRIVER DISTRACTED - EXPLAIN IN NARRATIVE,EAST 3RD ST & UNION,39.164352,-86.5088
901707216,2019,10,5,1200,Weekday,2-Car,No injury/unknown,FOLLOWING TOO CLOSELY,E 3RD ST & S WOODLAWN,39.164352,-86.522592
901710585,2019,10,4,100,Weekday,2-Car,Non-incapacitating,FOLLOWING TOO CLOSELY,3RD ST & WOODLAWN,39.164352,-86.522592
901717075,2019,10,1,1200,Weekend,2-Car,Non-incapacitating,UNSAFE SPEED,E 3RD ST & S WOODLAWN,39.164352,-86.522592
901718586,2019,11,3,1400,Weekday,1-Car,No injury/unknown,DRIVER ILLNESS,E 3RD ST,39.164352,-86.52237714
901728167,2019,11,4,1000,Weekday,2-Car,No injury/unknown,IMPROPER PASSING,EAST THIRD ST & WOODLAWN,39.164352,-86.522592
901728226,2019,11,4,1000,Weekday,2-Car,No injury/unknown,IMPROPER PASSING,EAST THIRD ST & WOODLAWN,39.164352,-86.522592
901733282,2019,11,1,1300,Weekend,2-Car,No injury/unknown,SPEED TOO FAST FOR WEATHER CONDITIONS,EAST THIRD ST & WOODLAWN,39.164352,-86.522592
901734716,2019,11,3,600,Weekday,2-Car,No injury/unknown,OTHER (DRIVER) - EXPLAIN IN NARRATIVE,THIRD ST & WOODLAWN,39.164352,-86.522592
901738853,2019,11,2,1900,Weekday,2-Car,No injury/unknown,FAILURE TO YIELD RIGHT OF WAY,3RD ST & HIGH,39.164352,-86.508288
901569736,2019,1,4,1500,Weekday,2-Car,No injury/unknown,WRONG WAY ON ONE WAY,3RD ST & INDIANA,39.16432,-86.52691
901657842,2019,7,6,1900,Weekend,Moped/Motorcycle,No injury/unknown,OTHER (DRIVER) - EXPLAIN IN NARRATIVE,BURMA & SR37,39.16432,-86.50824
901710385,2019,10,3,1600,Weekday,2-Car,No injury/unknown,FOLLOWING TOO CLOSELY,BRYAN & E 3RD ST,39.16432,-86.50824
901739865,2019,12,3,1700,Weekday,2-Car,No injury/unknown,FOLLOWING TOO CLOSELY,3RD ST & INDIANA,39.16431986,-86.52691014
901615452,2019,4,7,1100,Weekend,3+ Cars,No injury/unknown,FOLLOWING TOO CLOSELY,E 3RD ST & S JEFFERSON,39.164304,-86.506992
901616684,2019,4,3,800,Weekday,2-Car,No injury/unknown,DRIVER DISTRACTED - EXPLAIN IN NARRATIVE,JEFFERSON & THIRD ST,39.164304,-86.506992
901620621,2019,4,4,1100,Weekday,2-Car,No injury/unknown,IMPROPER LANE USAGE,3RD ST,39.164304,-86.506992
901647716,2019,6,3,1400,Weekday,2-Car,No injury/unknown,FAILURE TO YIELD RIGHT OF WAY,3RD ST & ROOSEVELT,39.164304,-86.505792
901649234,2019,6,5,2000,Weekday,2-Car,Non-incapacitating,FOLLOWING TOO CLOSELY,E 3RD ST & JEFFERSON,39.164304,-86.506992
901681601,2019,8,4,1700,Weekday,3+ Cars,No injury/unknown,DRIVER DISTRACTED - EXPLAIN IN NARRATIVE,EAST 3RD ST & JEFFERSON,39.164304,-86.506992
901688680,2019,9,5,1300,Weekday,2-Car,Non-incapacitating,FAILURE TO YIELD RIGHT OF WAY,3RD ST & ROOSEVELT,39.164304,-86.505792
901694465,2019,9,2,1400,Weekday,2-Car,Non-incapacitating,FOLLOWING TOO CLOSELY,3RD ST & ROOSEVELT,39.164304,-86.505792
901704474,2019,10,6,1800,Weekday,2-Car,No injury/unknown,IMPROPER PASSING,JEFFERSON & THIRD ST,39.164304,-86.506992
901716449,2019,10,6,1600,Weekday,2-Car,No injury/unknown,FAILURE TO YIELD RIGHT OF WAY,E THIRD ST & JEFFERSON,39.164304,-86.506992
901717046,2019,10,1,1100,Weekend,3+ Cars,No injury/unknown,IMPROPER LANE USAGE,E 3RD ST & JEFFERSON,39.164304,-86.506992
901729111,2019,11,6,1800,Weekday,2-Car,No injury/unknown,FOLLOWING TOO CLOSELY,3RD ST & JEFFERSON,39.164304,-86.506992
901683258,2019,8,1,2000,Weekday,2-Car,Non-incapacitating,LEFT OF CENTER,3RD ST & MORNINGSIDE,39.16430148,-86.47354192
901716178,2019,10,6,1000,Weekday,2-Car,No injury/unknown,FOLLOWING TOO CLOSELY,3RD ST & ROOSEVELT,39.16430116,-86.50561563
901691138,2019,9,3,1000,Weekday,2-Car,No injury/unknown,UNSAFE BACKING,E 3RD ST,39.16429555,-86.50526814
901685624,2019,9,5,1900,Weekday,2-Car,No injury/unknown,FOLLOWING TOO CLOSELY,3RD ST & FESS,39.16429,-86.52587
901699936,2019,9,6,0,Weekday,2-Car,No injury/unknown,DISREGARD SIGNAL/REG SIGN,FESS & THIRD ST,39.16429,-86.52587
901724190,2019,11,5,1800,Weekday,2-Car,Non-incapacitating,FOLLOWING TOO CLOSELY,3RD ST & FESS,39.16429,-86.52588298
901580960,2019,1,6,1800,Weekday,2-Car,Non-incapacitating,FOLLOWING TOO CLOSELY,E 3RD ST & S CLARK,39.164288,-86.5048
901627033,2019,5,3,1600,Weekday,2-Car,Non-incapacitating,UNSAFE LANE MOVEMENT,E 3RD ST & S CLARK,39.164288,-86.5048
901643163,2019,6,7,1800,Weekend,1-Car,No injury/unknown,UNSAFE BACKING,3RD ST,39.16428767,-86.47308692
901612811,2019,4,7,2300,Weekend,Pedestrian,Incapacitating,PEDESTRIAN ACTION,SR46,39.16428662,-86.47433281
901658056,2019,7,4,1000,Weekday,2-Car,No injury/unknown,DRIVER DISTRACTED - EXPLAIN IN NARRATIVE,3RD ST & CLIFTON,39.16428,-86.50969
901716743,2019,10,7,1500,Weekend,2-Car,No injury/unknown,FOLLOWING TOO CLOSELY,E 3RD ST & S CLIFTON,39.16428,-86.50969
901738198,2019,12,7,2000,Weekend,2-Car,No injury/unknown,IMPROPER TURNING,E THIRD ST,39.16427225,-86.49709202
901572422,2019,1,7,1400,Weekend,3+ Cars,No injury/unknown,FOLLOWING TOO CLOSELY,EAST 3RD ST & SOUTH HILLSDALE,39.164272,-86.502416
901577304,2019,1,7,1600,Weekend,2-Car,No injury/unknown,FAILURE TO YIELD RIGHT OF WAY,E 3RD ST & S OVERHILL,39.164272,-86.501488
901600861,2019,3,6,1200,Weekday,2-Car,No injury/unknown,IMPROPER LANE USAGE,E 3RD ST & S OVERHILL,39.164272,-86.501488
901600907,2019,3,6,1300,Weekday,3+ Cars,No injury/unknown,FOLLOWING TOO CLOSELY,EAST THIRD ST & HILLSDALE,39.164272,-86.502416
901624696,2019,4,5,1900,Weekday,2-Car,Non-incapacitating,DRIVER DISTRACTED - EXPLAIN IN NARRATIVE,3RD ST & OVERHILL,39.164272,-86.501488
901686298,2019,9,6,1900,Weekend,2-Car,No injury/unknown,FAILURE TO YIELD RIGHT OF WAY,E 3RD ST & S OVERHILL,39.164272,-86.501488
901693314,2019,9,6,1400,Weekday,Moped/Motorcycle,No injury/unknown,HOLES/RUTS IN SURFACE,EAST 3RD ST & OVERHILL,39.164272,-86.501488
901713068,2019,10,1,1200,Weekend,2-Car,No injury/unknown,UNSAFE BACKING,3RD & HILLSDALE DR,39.164272,-86.502416
901725160,2019,11,7,1300,Weekend,2-Car,No injury/unknown,UNSAFE BACKING,E 3RD ST,39.164272,-86.50177208
901740235,2019,12,4,1000,Weekday,2-Car,No injury/unknown,FOLLOWING TOO CLOSELY,E 3RD ST & S OVERHILL,39.164272,-86.501488
901737871,2019,12,7,1600,Weekend,2-Car,No injury/unknown,UNSAFE LANE MOVEMENT,3RD ST & BALLANTINE,39.16427024,-86.51913404
901745594,2019,12,6,1700,Weekday,3+ Cars,No injury/unknown,FOLLOWING TOO CLOSELY,3RD ST & EASTSIDE,39.16427024,-86.51321008
901749544,2019,12,6,1100,Weekday,2-Car,No injury/unknown,IMPROPER TURNING,3RD ST & HIGHLAND,39.16427024,-86.51772022
901624966,2019,4,6,1200,Weekday,2-Car,No injury/unknown,FOLLOWING TOO CLOSELY,E 3RD ST & S WOODSCREST,39.16427,-86.5024273
901626991,2019,5,3,1500,Weekday,2-Car,No injury/unknown,UNSAFE BACKING,EAST 3RD ST,39.16427,-86.517692
901632813,2019,5,2,1000,Weekday,3+ Cars,No injury/unknown,FAILURE TO YIELD RIGHT OF WAY,THIRD ST & WOODSCREST,39.16427,-86.50241
901653596,2019,6,2,900,Weekday,2-Car,No injury/unknown,FAILURE TO YIELD RIGHT OF WAY,BALLANTINE & THIRD ST,39.16427,-86.51913
901688233,2019,9,4,1700,Weekday,2-Car,No injury/unknown,IMPROPER TURNING,3RD & BALLANTINE RD,39.16427,-86.51913
901693149,2019,9,6,1400,Weekday,3+ Cars,Non-incapacitating,FOLLOWING TOO CLOSELY,3RD ST & HILLSDALE,39.16427,-86.5026327
901705281,2019,10,1,1700,Weekend,2-Car,No injury/unknown,FOLLOWING TOO CLOSELY,3RD ST & ROOSEVELT,39.16427,-86.50601
901715695,2019,10,5,1200,Weekday,2-Car,No injury/unknown,SPEED TOO FAST FOR WEATHER CONDITIONS,E 3RD ST & S BALLANTINE,39.16427,-86.51913
901719254,2019,11,4,1700,Weekday,2-Car,No injury/unknown,IMPROPER TURNING,3RD ST & BALLANTINE,39.16427,-86.51913
901719924,2019,11,5,1500,Weekday,2-Car,No injury/unknown,FOLLOWING TOO CLOSELY,E 3RD ST & JEFFERSON,39.16427,-86.5071
901719937,2019,11,5,1800,Weekday,2-Car,No injury/unknown,FOLLOWING TOO CLOSELY,3RD ST & FACULTY,39.16427,-86.5210673
901725465,2019,11,1,1300,Weekend,2-Car,No injury/unknown,IMPROPER TURNING,BALLANTINE & THIRD ST,39.16427,-86.51913
901643072,2019,6,1,1900,Weekday,2-Car,No injury/unknown,IMPROPER TURNING,E 3RD ST & S JORDAN,39.16426736,-86.51640012
901748689,2019,12,3,2000,Weekday,2-Car,No injury/unknown,FAILURE TO YIELD RIGHT OF WAY,E 3RD ST,39.16426678,-86.50098384
901565567,2019,1,5,1200,Weekday,2-Car,No injury/unknown,OTHER (DRIVER) - EXPLAIN IN NARRATIVE,E 3RD ST,39.16426112,-86.50043808
901568519,2019,1,2,1000,Weekday,Bus,No injury/unknown,OTHER (DRIVER) - EXPLAIN IN NARRATIVE,EAST THIRD ST & JORDAN,39.16426,-86.5163827
901602821,2019,3,3,1800,Weekday,2-Car,No injury/unknown,IMPROPER PASSING,EAST 3RD ST & S JORDAN,39.16426,-86.5164
901609865,2019,3,6,1600,Weekday,2-Car,Non-incapacitating,FOLLOWING TOO CLOSELY,EAST 3RD ST & SOUTH JORDAN,39.16426,-86.5164
901614973,2019,4,5,1900,Weekday,Bus,No injury/unknown,UNSAFE LANE MOVEMENT,S JORDAN AVE & THIRD,39.16426,-86.5164
901619032,2019,4,1,2000,Weekday,2-Car,No injury/unknown,FOLLOWING TOO CLOSELY,E 3RD ST & S JORDAN,39.16426,-86.5164
901655394,2019,6,5,1200,Weekday,2-Car,No injury/unknown,IMPROPER LANE USAGE,EAST THIRD ST & JORDAN,39.16426,-86.51640865
901663560,2019,7,2,700,Weekday,2-Car,No injury/unknown,IMPROPER TURNING,EAST THIRD ST & JORDAN,39.16426,-86.5164
901672358,2019,8,6,2100,Weekend,2-Car,No injury/unknown,UNSAFE LANE MOVEMENT,3RD ST & JORDAN,39.16426,-86.5164
901679677,2019,8,1,1600,Weekend,2-Car,No injury/unknown,IMPROPER TURNING,3RD ST & JORDAN,39.16426,-86.5164
901684934,2019,8,3,2100,Weekday,3+ Cars,Non-incapacitating,IMPROPER TURNING,E 3RD ST & S JORDAN,39.16426,-86.5164
901686954,2019,9,2,1600,Weekday,2-Car,No injury/unknown,FOLLOWING TOO CLOSELY,3RD ST & JORDAN,39.16426,-86.5164
901691718,2019,9,2,1500,Weekday,2-Car,Non-incapacitating,FOLLOWING TOO CLOSELY,EAST THIRD & JORDAN AVE,39.16426,-86.5164
901691986,2019,9,4,1500,Weekday,2-Car,No injury/unknown,FOLLOWING TOO CLOSELY,3RD & JORDAN AVE,39.16426,-86.5164
901694115,2019,9,2,1200,Weekday,2-Car,Non-incapacitating,FOLLOWING TOO CLOSELY,3RD & JORDAN AVE,39.16426,-86.5164
901710480,2019,10,3,1600,Weekday,2-Car,No injury/unknown,FOLLOWING TOO CLOSELY,3RD ST & JORDAN,39.16426,-86.5164
901718566,2019,10,2,1700,Weekday,Pedestrian,Non-incapacitating,FAILURE TO YIELD RIGHT OF WAY,3RD ST & JORDAN,39.16426,-86.5164
901706300,2019,10,3,1500,Weekday,2-Car,No injury/unknown,UNSAFE BACKING,E 3RD ST,39.16425856,-86.50019104
901572733,2019,1,1,0,Weekend,2-Car,No injury/unknown,,EAST 3RD ST,39.164251,-86.514198
901573436,2019,1,1,0,Weekend,2-Car,No injury/unknown,,EAST 3RD ST,39.164251,-86.514198
901576137,2019,1,1,0,Weekend,2-Car,No injury/unknown,,EAST 3RD ST,39.164251,-86.514198
901662725,2019,7,6,1200,Weekday,2-Car,No injury/unknown,FAILURE TO YIELD RIGHT OF WAY,3RD ST & COLLEGE MALL,39.16425098,-86.49945834
901683738,2019,8,2,1200,Weekday,Moped/Motorcycle,No injury/unknown,FAILURE TO YIELD RIGHT OF WAY,3RD ST & COLLEGE MALL,39.16425098,-86.49945834
901734734,2019,11,3,700,Weekday,2-Car,No injury/unknown,IMPROPER TURNING,SWAIN & THIRD ST,39.16425012,-86.51525996
901741732,2019,12,6,1800,Weekday,2-Car,No injury/unknown,FAILURE TO YIELD RIGHT OF WAY,3RD ST & HAWTHORN,39.16425012,-86.52008562
901747208,2019,12,2,1600,Weekday,2-Car,No injury/unknown,IMPROPER LANE USAGE,EAST 3RD ST & SWAIN,39.16425012,-86.51525996