Master Record Number,Year,Month,Day,Hour,Weekend,Collision Type,Injury Type,Primary Factor,Reported_Location,Latitude,Longitude
901573250,2019,1,2,1700,Weekday,2-Car,No injury/unknown,IMPROPER TURNING,3RD ST & SWAIN,39.16425006,-86.5152195
901597004,2019,2,5,2200,Weekday,Pedestrian,Incapacitating,PEDESTRIAN ACTION,E 3RD & S JORDAN AVE,39.16425006,-86.51642161
901607114,2019,3,6,1600,Weekday,2-Car,Non-incapacitating,FAILURE TO YIELD RIGHT OF WAY,KINGSTON & SR46E,39.16425006,-86.49308148
901639407,2019,5,1,1100,Weekend,2-Car,No injury/unknown,UNSAFE LANE MOVEMENT,1400 E THIRD ST & 300 S JORDAN,39.16425006,-86.51642161
901646967,2019,6,2,1300,Weekday,2-Car,No injury/unknown,UNSAFE BACKING,1428 E 3RD ST & SWAIN,39.16425006,-86.51521517
901689648,2019,9,7,1000,Weekend,2-Car,No injury/unknown,UNSAFE LANE MOVEMENT,1100 EAST THIRD ST & 300 SOUTH  HAWTHORNE,39.16425006,-86.52011675
901694166,2019,9,2,900,Weekday,2-Car,No injury/unknown,FOLLOWING TOO CLOSELY,2700 E THIRD ST & COLLEGE MALL,39.16425006,-86.49833754
901622840,2019,4,2,1500,Weekday,Bus,No injury/unknown,UNSAFE LANE MOVEMENT,3RD ST & HAWTHORNE,39.16425,-86.52009
901624104,2019,4,2,1600,Weekday,Bus,Non-incapacitating,FAILURE TO YIELD RIGHT OF WAY,MITCHELL & THIRD ST,39.16425,-86.51423
901625583,2019,5,1,100,Weekend,2-Car,Non-incapacitating,LEFT OF CENTER,3RD ST & MITCHELL,39.16425,-86.51423
901631761,2019,5,6,1300,Weekday,2-Car,No injury/unknown,UNSAFE LANE MOVEMENT,3RD ST & SWAIN,39.16425,-86.51525567
901638578,2019,5,6,800,Weekday,2-Car,Non-incapacitating,FOLLOWING TOO CLOSELY,3RD ST & MITCHELL,39.16425,-86.51423
901664926,2019,7,4,1500,Weekday,2-Car,No injury/unknown,IMPROPER TURNING,E 3RD ST & S SWAIN,39.16425,-86.51526
901686580,2019,9,1,1300,Weekend,2-Car,No injury/unknown,IMPROPER TURNING,SWAIN & THIRD ST,39.16425,-86.51526
901691502,2019,9,3,1900,Weekday,2-Car,No injury/unknown,UNSAFE BACKING,E 3RD & S HAWTHORNE DR,39.16425,-86.52009
901699937,2019,9,5,1600,Weekday,2-Car,No injury/unknown,UNSAFE BACKING,E THIRD ST,39.16425,-86.515259
901706748,2019,10,4,1300,Weekday,2-Car,No injury/unknown,IMPROPER TURNING,E THIRD ST,39.16425,-86.499448
901722970,2019,11,4,0,Weekday,2-Car,No injury/unknown,IMPROPER TURNING,3RD ST & SWAIN,39.16425,-86.51526
901582635,2019,1,2,1300,Weekday,Bus,No injury/unknown,OTHER (DRIVER) - EXPLAIN IN NARRATIVE,3RD ST & COLLEGE MALL,39.16424732,-86.49910556
901589514,2019,2,4,1500,Weekday,2-Car,No injury/unknown,IMPROPER TURNING,EAST 3RD ST,39.16424664,-86.52553992
901592209,2019,2,4,1300,Weekday,2-Car,No injury/unknown,UNSAFE LANE MOVEMENT,HIGHLAND & THIRD ST,39.16424664,-86.51772117
901594451,2019,2,2,1100,Weekday,2-Car,No injury/unknown,FOLLOWING TOO CLOSELY,EAST THIRD ST & WODLAWN,39.16424664,-86.52258381
901597907,2019,2,6,2100,Weekend,3+ Cars,No injury/unknown,FOLLOWING TOO CLOSELY,3RD ST & WOODLAWN,39.16424664,-86.52260111
901610009,2019,3,7,1100,Weekend,2-Car,No injury/unknown,UNSAFE LANE MOVEMENT,1300 EAST THIRD ST & 300 SOUTH HIGHLAND,39.16424664,-86.51771252
901616177,2019,4,2,1000,Weekday,2-Car,No injury/unknown,UNSAFE LANE MOVEMENT,HIGHLAND & THIRD ST,39.16424664,-86.51771252
901661861,2019,7,4,1400,Weekday,2-Car,No injury/unknown,UNSAFE LANE MOVEMENT,1300 E 3RD ST & 300 S HIGHLAND,39.16424664,-86.51771252
901671669,2019,8,5,1300,Weekday,1-Car,Non-incapacitating,OVERCORRECTING/OVERSTEERING,HIGHLAND & THIRD ST,39.16424664,-86.51771252
901686077,2019,8,3,2200,Weekday,2-Car,No injury/unknown,FAILURE TO YIELD RIGHT OF WAY,E 3RD ST & HIGHLAND,39.16424664,-86.51771252
901696643,2019,9,6,1700,Weekday,2-Car,Non-incapacitating,OTHER (DRIVER) - EXPLAIN IN NARRATIVE,3RD ST & HIGHLAND,39.16424664,-86.51771252
901707044,2019,10,2,1300,Weekday,2-Car,No injury/unknown,IMPROPER TURNING,3RD ST & HIGHLAND,39.16424664,-86.51771252
901629162,2019,5,1,1600,Weekend,Moped/Motorcycle,Non-incapacitating,FOLLOWING TOO CLOSELY,3RD ST & PLEASANT RIDGE,39.16424,-86.48955281
901689254,2019,9,6,1100,Weekday,2-Car,No injury/unknown,SPEED TOO FAST FOR WEATHER CONDITIONS,PLEASANT RIDGE & SR46E,39.16424,-86.48955281
901664489,2019,7,2,2200,Weekday,Pedestrian,Non-incapacitating,PEDESTRIAN ACTION,3RD ST & KINGSTON,39.16424,-86.49312041
901571997,2019,1,5,1600,Weekday,2-Car,No injury/unknown,FOLLOWING TOO CLOSELY,E 3RD ST & S MEADOWBROOK,39.16424,-86.484384
901572424,2019,1,7,1600,Weekend,2-Car,No injury/unknown,FOLLOWING TOO CLOSELY,EAST 3RD ST & PETE ELLIS,39.16424,-86.495088
901576304,2019,1,6,900,Weekday,2-Car,No injury/unknown,FOLLOWING TOO CLOSELY,CLARIZZ & EAST THIRD ST,39.16424,-86.4908
901580880,2019,1,6,500,Weekday,2-Car,Non-incapacitating,SPEED TOO FAST FOR WEATHER CONDITIONS,3RD ST & CLARIZZ,39.16424,-86.4908
901583799,2019,2,5,1500,Weekday,1-Car,No injury/unknown,IMPROPER TURNING,COLLEGE MALL & THIRD ST,39.16424,-86.49827
901589346,2019,2,6,1100,Weekday,2-Car,No injury/unknown,OTHER (DRIVER) - EXPLAIN IN NARRATIVE,E 3RD ST & KINGSTON,39.16424,-86.492944
901592186,2019,2,4,1100,Weekday,2-Car,Incapacitating,FAILURE TO YIELD RIGHT OF WAY,SMITHVILLE & SR37N,39.16424,-86.480688
901593591,2019,2,6,1600,Weekday,2-Car,No injury/unknown,FOLLOWING TOO CLOSELY,E 3RD & S COLLEGE MALL RD,39.16424,-86.4984
901595456,2019,2,3,1000,Weekday,2-Car,No injury/unknown,UNSAFE BACKING,E 3RD ST,39.16424,-86.4984
901597724,2019,2,6,1700,Weekday,2-Car,No injury/unknown,FAILURE TO YIELD RIGHT OF WAY,W 3RD ST,39.16424,-86.49307941
901598554,2019,2,2,800,Weekday,2-Car,No injury/unknown,OTHER (DRIVER) - EXPLAIN IN NARRATIVE,3RD ST & PETE ELLIS,39.16424,-86.495088
901599020,2019,2,2,1700,Weekday,2-Car,No injury/unknown,UNSAFE BACKING,E 3RD ST,39.16424,-86.5152
901602888,2019,3,3,1300,Weekday,2-Car,No injury/unknown,FOLLOWING TOO CLOSELY,E 3RD ST & PETE ELLIS,39.16424,-86.495088
901607610,2019,3,1,2300,Weekday,2-Car,No injury/unknown,FAILURE TO YIELD RIGHT OF WAY,3RD ST & PETE ELLIS,39.16424,-86.495088
901612675,2019,4,7,1000,Weekend,2-Car,No injury/unknown,FAILURE TO YIELD RIGHT OF WAY,COLLEGE MALL & E 3RD ST,39.16424,-86.4984
901612904,2019,4,1,1300,Weekend,2-Car,No injury/unknown,FOLLOWING TOO CLOSELY,E 3RD ST & SR46,39.16424,-86.473296
901613470,2019,3,3,1500,Weekday,2-Car,No injury/unknown,FAILURE TO YIELD RIGHT OF WAY,E 3RD ST,39.16424,-86.49368135
901613883,2019,4,3,900,Weekday,2-Car,No injury/unknown,FAILURE TO YIELD RIGHT OF WAY,KINGSTON & SR46E,39.16424,-86.492944
901614733,2019,4,5,1000,Weekday,2-Car,No injury/unknown,FOLLOWING TOO CLOSELY,3RD ST & COLLEGE MALL,39.16424,-86.4984
901620408,2019,4,3,1900,Weekday,2-Car,No injury/unknown,FOLLOWING TOO CLOSELY,3RD & SMITH RD,39.16424,-86.480688
901621653,2019,4,6,1500,Weekday,2-Car,Non-incapacitating,DISREGARD SIGNAL/REG SIGN,3RD ST & SMITH,39.16424,-86.480688
901624792,2019,4,5,1100,Weekday,2-Car,No injury/unknown,DRIVER ILLNESS,E 3RD ST & SMITH,39.16424,-86.480688
901625260,2019,4,6,1400,Weekday,2-Car,No injury/unknown,OTHER (DRIVER) - EXPLAIN IN NARRATIVE,SOUTH COLLEGE MALL RD,39.16424,-86.498269
901627391,2019,5,4,1200,Weekday,Pedestrian,Non-incapacitating,UNSAFE BACKING,E 3RD ST,39.16424,-86.49250645
901631179,2019,5,5,900,Weekday,1-Car,No injury/unknown,ANIMAL/OBJECT IN ROADWAY,MEADOWBROOK & THIRD ST,39.16424,-86.484384
901631285,2019,5,5,1500,Weekday,2-Car,Non-incapacitating,FAILURE TO YIELD RIGHT OF WAY,3RD ST & COLLEGE MALL,39.16424,-86.4984
901632472,2019,5,1,1500,Weekend,2-Car,No injury/unknown,IMPROPER LANE USAGE,COLLEGE MALL & EAST 3RD ST,39.16424,-86.4984
901633994,2019,5,4,700,Weekday,2-Car,No injury/unknown,FOLLOWING TOO CLOSELY,E 3RD ST & SO COLLEGE MALL,39.16424,-86.4984
901637214,2019,5,3,1600,Weekday,2-Car,Non-incapacitating,FAILURE TO YIELD RIGHT OF WAY,3RD ST & SMITH,39.16424,-86.480688
901638717,2019,5,6,700,Weekday,1-Car,No injury/unknown,RAN OFF ROAD RIGHT,E 3RD & SR46E,39.16424,-86.473296
901639824,2019,5,2,1800,Weekday,2-Car,No injury/unknown,IMPROPER TURNING,E 3RD ST,39.16424,-86.4939483
901644403,2019,6,3,1400,Weekday,2-Car,Non-incapacitating,DRIVER DISTRACTED - EXPLAIN IN NARRATIVE,3RD & SMITH RD,39.16424,-86.480688
901645023,2019,6,4,1400,Weekday,2-Car,No injury/unknown,FAILURE TO YIELD RIGHT OF WAY,E 3RD ST & S COLLEGE MALL,39.16424,-86.4984
901646083,2019,6,7,200,Weekend,1-Car,No injury/unknown,OVERCORRECTING/OVERSTEERING,3RD & SR46N,39.16424,-86.473296
901646139,2019,6,7,1000,Weekend,Moped/Motorcycle,No injury/unknown,FAILURE TO YIELD RIGHT OF WAY,E 3RD & S COLLEGE MALL RD,39.16424,-86.4984
901647347,2019,6,2,1600,Weekday,2-Car,Non-incapacitating,FAILURE TO YIELD RIGHT OF WAY,SMITHVILLE & SR37S,39.16424,-86.480688
901647815,2019,6,3,1800,Weekday,2-Car,No injury/unknown,FOLLOWING TOO CLOSELY,COLLEGE MALL RD & EAST 3RD,39.16424,-86.4984
901649185,2019,6,6,1000,Weekday,Cyclist,Non-incapacitating,FAILURE TO YIELD RIGHT OF WAY,E 3RD ST & S CLARIZZ,39.16424,-86.4908
901654409,2019,6,3,900,Weekday,3+ Cars,No injury/unknown,OTHER (DRIVER) - EXPLAIN IN NARRATIVE,W 3RD ST,39.16424,-86.492944
901657719,2019,7,3,1400,Weekday,2-Car,No injury/unknown,FAILURE TO YIELD RIGHT OF WAY,WEST 3RD ST,39.16424,-86.48434743
901662015,2019,7,4,2100,Weekday,2-Car,No injury/unknown,FAILURE TO YIELD RIGHT OF WAY,COLLEGE MALL & W 3RD ST,39.16424,-86.4984
901666204,2019,7,7,2000,Weekend,2-Car,No injury/unknown,FAILURE TO YIELD RIGHT OF WAY,2366 E 3RD ST & S KINGSTON,39.16424,-86.492944
901667600,2019,7,3,1500,Weekday,2-Car,Non-incapacitating,FAILURE TO YIELD RIGHT OF WAY,EAST 3RD ST & SMITH,39.16424,-86.480688
901668688,2019,7,5,1700,Weekday,2-Car,No injury/unknown,UNSAFE BACKING,E 3RD ST,39.16424,-86.49425989
901669150,2019,7,5,2000,Weekday,2-Car,Non-incapacitating,FAILURE TO YIELD RIGHT OF WAY,E 3RD & S COLLEGE MALL RD,39.16424,-86.4984
901671186,2019,8,4,1500,Weekday,2-Car,Non-incapacitating,FOLLOWING TOO CLOSELY,E THIRD ST & KINGSTON,39.16424,-86.492944
901671890,2019,8,5,0,Weekday,2-Car,No injury/unknown,FOLLOWING TOO CLOSELY,E 3RD ST & PETE ELLIS,39.16424,-86.495088
901672631,2019,8,7,1700,Weekend,2-Car,No injury/unknown,FOLLOWING TOO CLOSELY,COLLEGE MALL & SR46N,39.16424,-86.4984
901675841,2019,8,7,1200,Weekend,2-Car,No injury/unknown,UNSAFE BACKING,E 3RD ST,39.16424,-86.49425989
901678926,2019,8,5,1900,Weekday,2-Car,No injury/unknown,FOLLOWING TOO CLOSELY,E 3RD ST & S SMITH,39.16424,-86.480688
901680746,2019,8,2,1200,Weekday,2-Car,No injury/unknown,OTHER (DRIVER) - EXPLAIN IN NARRATIVE,E 3RD ST,39.16424,-86.49425989
901682235,2019,8,2,1400,Weekday,2-Car,No injury/unknown,FOLLOWING TOO CLOSELY,PARK RIDGE & THIRD ST,39.16424,-86.476096
901682973,2019,8,7,1400,Weekend,3+ Cars,No injury/unknown,FOLLOWING TOO CLOSELY,E 3RD ST & S KINGSTON,39.16424,-86.492944
901683846,2019,8,2,1400,Weekday,2-Car,No injury/unknown,UNSAFE BACKING,E 3RD ST,39.16424,-86.492944
901686615,2019,9,1,1400,Weekend,2-Car,No injury/unknown,UNSAFE BACKING,E 3RD ST,39.16424,-86.49494053
901686974,2019,9,2,1600,Weekday,2-Car,No injury/unknown,FAILURE TO YIELD RIGHT OF WAY,E 3RD & SR46E,39.16424,-86.473296
901689779,2019,9,7,2000,Weekend,2-Car,No injury/unknown,UNSAFE LANE MOVEMENT,E 3RD ST,39.16424,-86.4939483
901694992,2019,9,3,1300,Weekday,2-Car,No injury/unknown,IMPROPER TURNING,3RD ST & CLARIZZ,39.16424,-86.4908
901696927,2019,9,6,1500,Weekday,2-Car,No injury/unknown,FOLLOWING TOO CLOSELY,E 3RD ST,39.16424,-86.49259396
901696982,2019,9,7,1500,Weekend,2-Car,No injury/unknown,IMPROPER LANE USAGE,COLLEGE MALL & E 3RD ST,39.16424,-86.4984
901697244,2019,9,1,1900,Weekday,2-Car,No injury/unknown,FAILURE TO YIELD RIGHT OF WAY,COLLEGE MALL & SR4546E,39.16424,-86.4984
901697994,2019,9,2,1700,Weekday,2-Car,No injury/unknown,FOLLOWING TOO CLOSELY,E 3RD ST & KINGSTON,39.16424,-86.492944
901700606,2019,10,7,900,Weekend,2-Car,Non-incapacitating,FAILURE TO YIELD RIGHT OF WAY,E 3RD ST & PARK RIDGE,39.16424,-86.476096
901700742,2019,10,7,1700,Weekend,3+ Cars,Non-incapacitating,FOLLOWING TOO CLOSELY,EAST 3RD ST & SOUTH PETE ELLIS,39.16424,-86.495088
901700835,2019,10,1,100,Weekend,2-Car,No injury/unknown,DISREGARD SIGNAL/REG SIGN,3RD ST & COLLEGE MALL,39.16424,-86.4984
901703060,2019,10,4,1900,Weekday,3+ Cars,No injury/unknown,FAILURE TO YIELD RIGHT OF WAY,E 3RD ST & S PARK RIDGE,39.16424,-86.476096
901703280,2019,10,5,800,Weekday,2-Car,No injury/unknown,FAILURE TO YIELD RIGHT OF WAY,E 3RD ST & PARK RIDGE,39.16424,-86.476096
901703435,2019,10,4,1700,Weekday,3+ Cars,Incapacitating,FOLLOWING TOO CLOSELY,E 3RD ST & S PETE ELLIS,39.16424,-86.495088
901704809,2019,10,1,1100,Weekend,1-Car,Non-incapacitating,DRIVER DISTRACTED - EXPLAIN IN NARRATIVE,E 3RD ST & SMITH,39.16424,-86.480688
901706749,2019,10,4,1400,Weekday,2-Car,Non-incapacitating,FAILURE TO YIELD RIGHT OF WAY,CLARIZZ & E 3RD ST,39.16424,-86.4908
901707308,2019,10,5,1300,Weekday,2-Car,No injury/unknown,FOLLOWING TOO CLOSELY,3RD ST & MORNINGSIDE,39.16424,-86.473696
901711797,2019,10,5,1400,Weekday,2-Car,No injury/unknown,FAILURE TO YIELD RIGHT OF WAY,COLLEGE MALL & E 3RD ST,39.16424,-86.4984
901712335,2019,10,5,1800,Weekday,2-Car,No injury/unknown,FAILURE TO YIELD RIGHT OF WAY,COLLEGE MALL & E THIRD ST,39.16424,-86.4984
901714000,2019,10,7,1600,Weekend,2-Car,No injury/unknown,FAILURE TO YIELD RIGHT OF WAY,3RD & SOUTH COLLEGE MALL RD,39.16424,-86.4984
901714087,2019,10,6,1600,Weekday,2-Car,No injury/unknown,OTHER (DRIVER) - EXPLAIN IN NARRATIVE,EAST 3RD ST,39.16424,-86.5161551
901714097,2019,10,2,1500,Weekday,2-Car,Non-incapacitating,FAILURE TO YIELD RIGHT OF WAY,3RD ST & COLLEGE MALL,39.16424,-86.4984
901715255,2019,10,4,1700,Weekday,2-Car,No injury/unknown,FOLLOWING TOO CLOSELY,COLLEGE MALL & E 3RD ST,39.16424,-86.4984
901715466,2019,10,5,700,Weekday,2-Car,No injury/unknown,SPEED TOO FAST FOR WEATHER CONDITIONS,E 3RD ST & SMITH,39.16424,-86.480688
901716436,2019,10,6,1400,Weekday,2-Car,No injury/unknown,FAILURE TO YIELD RIGHT OF WAY,W 3RD ST,39.16424,-86.49307941
901716461,2019,10,6,1800,Weekday,3+ Cars,Non-incapacitating,FAILURE TO YIELD RIGHT OF WAY,E 3RD ST & S PARK RIDGE,39.16424,-86.476096
901722753,2019,11,2,1900,Weekday,2-Car,No injury/unknown,FAILURE TO YIELD RIGHT OF WAY,3RD ST & KINGSTON,39.16424,-86.492944
901724861,2019,11,6,1800,Weekday,3+ Cars,No injury/unknown,FAILURE TO YIELD RIGHT OF WAY,COLLEGE MALL & SR4546N,39.16424,-86.4984
901725262,2019,11,7,1600,Weekend,2-Car,No injury/unknown,IMPROPER PASSING,E 3RD ST,39.16424,-86.476096
901727258,2019,11,2,1700,Weekday,2-Car,No injury/unknown,FAILURE TO YIELD RIGHT OF WAY,COLLEGE MALL & THIRD ST,39.16424,-86.4984
901727604,2019,11,4,900,Weekday,2-Car,No injury/unknown,FAILURE TO YIELD RIGHT OF WAY,COLLEGE MALL & E 3RD ST,39.16424,-86.4984
901728384,2019,11,5,1300,Weekday,2-Car,No injury/unknown,DISREGARD SIGNAL/REG SIGN,3RD ST & PETE ELLIS,39.16424,-86.495088
901728511,2019,11,5,1600,Weekday,2-Car,No injury/unknown,FAILURE TO YIELD RIGHT OF WAY,WEST 3RD ST,39.16424,-86.492944
901728613,2019,11,5,2200,Weekday,2-Car,No injury/unknown,UNSAFE BACKING,E SMITH RD,39.16424,-86.4812
901728856,2019,11,6,900,Weekday,2-Car,No injury/unknown,UNSAFE BACKING,E 3RD & JORDAN AVE,39.16424,-86.5164
901729690,2019,11,1,1200,Weekend,2-Car,No injury/unknown,UNSAFE LANE MOVEMENT,E 3RD ST & S SMITH,39.16424,-86.480688
901730542,2019,11,2,1300,Weekday,2-Car,No injury/unknown,FAILURE TO YIELD RIGHT OF WAY,3RD ST & PARK RIDGE,39.16424,-86.476096
901731058,2019,11,2,2000,Weekday,2-Car,No injury/unknown,UNSAFE BACKING,EAST 3RD ST,39.16424,-86.51605714
901733102,2019,11,1,300,Weekend,1-Car,No injury/unknown,IMPROPER TURNING,E 3RD & PETE ELLIS DR,39.16424,-86.495088
901735069,2019,11,3,1300,Weekday,2-Car,No injury/unknown,FAILURE TO YIELD RIGHT OF WAY,E 3RD ST & PARK RIDGE,39.16424,-86.476096
901742555,2019,12,1,1500,Weekend,2-Car,No injury/unknown,DRIVER DISTRACTED - EXPLAIN IN NARRATIVE,E 3RD & S COLLEGE MALL RD,39.16424,-86.4984
901742676,2019,12,2,700,Weekday,2-Car,No injury/unknown,FOLLOWING TOO CLOSELY,E 3RD ST & SO COLLEGE MALL,39.16424,-86.4984
901750034,2019,12,7,2200,Weekend,2-Car,No injury/unknown,UNSAFE BACKING,E 3RD ST,39.16424,-86.4984
901753236,2019,12,7,800,Weekend,2-Car,No injury/unknown,OTHER (DRIVER) - EXPLAIN IN NARRATIVE,W 3RD ST,39.16424,-86.48955556
901677294,2019,8,2,1600,Weekday,2-Car,No injury/unknown,IMPROPER TURNING,E 3RD ST,39.16423861,-86.49522852
901642321,2019,6,6,1200,Weekday,2-Car,No injury/unknown,FOLLOWING TOO CLOSELY,E 3RD ST,39.16423804,-86.49819233
901750008,2019,12,7,1300,Weekend,2-Car,No injury/unknown,UNSAFE BACKING,E 3RD ST,39.16423674,-86.49805388
901692614,2019,9,5,1300,Weekday,2-Car,No injury/unknown,IMPROPER TURNING,E THIRD ST,39.16423,-86.497269
901735832,2019,11,3,2000,Weekday,2-Car,No injury/unknown,FAILURE TO YIELD RIGHT OF WAY,3RD ST & KINGSTON,39.16422979,-86.4961192
901733510,2019,11,2,900,Weekday,1-Car,No injury/unknown,ANIMAL/OBJECT IN ROADWAY,GARRISON CHAPEL & SR48W,39.16422803,-86.65123152
901617002,2019,4,3,1900,Weekday,2-Car,No injury/unknown,UNSAFE BACKING,E THIRD ST,39.16422615,-86.48113686
901715226,2019,10,4,1700,Weekday,1-Car,No injury/unknown,IMPROPER TURNING,SMITH & SR46E,39.16422615,-86.481194
901656366,2019,7,7,1000,Weekend,3+ Cars,No injury/unknown,OTHER (VEHICLE) - EXPLAIN IN NARRATIVE,E 3RD ST,39.16422546,-86.49655709
901628787,2019,5,1,1800,Weekend,2-Car,No injury/unknown,UNSAFE BACKING,E 3RD ST,39.16422436,-86.49666727
901643558,2019,6,2,1200,Weekday,2-Car,No injury/unknown,FAILURE TO YIELD RIGHT OF WAY,E 3RD ST,39.16422436,-86.49666727
901705508,2019,10,2,1700,Weekday,1-Car,No injury/unknown,DRIVER DISTRACTED - EXPLAIN IN NARRATIVE,E 3RD ST,39.16422436,-86.49666727
901625711,2019,5,1,1500,Weekend,2-Car,No injury/unknown,UNSAFE BACKING,EB 3RD ST,39.164221,-86.476167
901580497,2019,1,6,500,Weekday,1-Car,No injury/unknown,OTHER (DRIVER) - EXPLAIN IN NARRATIVE,3RD & PARKRIDGE DR,39.16422,-86.4763
901703869,2019,10,5,1300,Weekday,2-Car,No injury/unknown,FAILURE TO YIELD RIGHT OF WAY,E 3RD ST & PARKRIDGE,39.16422,-86.47630649
901644748,2019,6,2,1500,Weekday,2-Car,No injury/unknown,UNSAFE BACKING,E THIRD ST,39.1642186,-86.52076385
901604395,2019,3,7,1700,Weekend,2-Car,No injury/unknown,DRIVER DISTRACTED - EXPLAIN IN NARRATIVE,E THIRD ST,39.164214,-86.49524
901735693,2019,11,4,1000,Weekday,2-Car,No injury/unknown,UNSAFE BACKING,EAST THIRD ST,39.1642119,-86.5220949
901585116,2019,2,7,2100,Weekend,2-Car,No injury/unknown,FOLLOWING TOO CLOSELY,EAST 3RD ST,39.16421,-86.494467
901615296,2019,4,4,1800,Weekday,2-Car,No injury/unknown,UNSAFE LANE MOVEMENT,EAST THIRD ST,39.16421,-86.493962
901628150,2019,5,3,2200,Weekday,2-Car,No injury/unknown,UNSAFE BACKING,3 ST,39.16421,-86.481219
901662690,2019,7,6,1700,Weekday,2-Car,No injury/unknown,FAILURE TO YIELD RIGHT OF WAY,EAST THIRD ST,39.16421,-86.491164
901663057,2019,7,1,100,Weekend,2-Car,Non-incapacitating,UNSAFE BACKING,THIRD ST,39.16421,-86.481219
901678595,2019,8,5,1900,Weekday,2-Car,No injury/unknown,UNSAFE BACKING,EAST 3RD STREET ST,39.16421,-86.494412
901699851,2019,9,5,1800,Weekday,3+ Cars,No injury/unknown,FOLLOWING TOO CLOSELY,PETE ELLIS & THIRD ST,39.16421,-86.49496
901749591,2019,12,6,1400,Weekday,2-Car,Non-incapacitating,FOLLOWING TOO CLOSELY,EAST 3RD ST & KINSTON,39.16420989,-86.49303987
901749632,2019,12,6,1600,Weekday,2-Car,No injury/unknown,FAILURE TO YIELD RIGHT OF WAY,PETE ELLIS DR & THIRD,39.16420989,-86.49495966
901623120,2019,4,3,100,Weekday,1-Car,Non-incapacitating,ANIMAL/OBJECT IN ROADWAY,SR46E & TRAILWAY,39.16408692,-86.4274321
901700710,2019,10,7,1700,Weekend,2-Car,No injury/unknown,UNSAFE BACKING,S SWAIN AVE,39.16399576,-86.51519282
901742234,2019,12,7,1300,Weekend,2-Car,No injury/unknown,FAILURE TO YIELD RIGHT OF WAY,3RD & COLLEGE MALL RD,39.16396927,-86.49834057
901569890,2019,1,3,1700,Weekday,1-Car,No injury/unknown,SPEED TOO FAST FOR WEATHER CONDITIONS,AMY & PETE ELLIS DR,39.16395215,-86.49593
901734656,2019,11,2,1100,Weekday,2-Car,Non-incapacitating,LEFT OF CENTER,AMY & PETE ELLIS DR,39.16395185,-86.49592995
901656643,2019,7,1,1200,Weekend,2-Car,No injury/unknown,OTHER (DRIVER) - EXPLAIN IN NARRATIVE,S COLLEGE MALL RD,39.16394547,-86.49833535
901707344,2019,10,4,2200,Weekday,1-Car,No injury/unknown,ANIMAL/OBJECT IN ROADWAY,CAVE & SR48W,39.16392566,-86.62390602
901665767,2019,7,6,300,Weekday,2-Car,No injury/unknown,OTHER (DRIVER) - EXPLAIN IN NARRATIVE,3RD & MADISON ST,39.16388003,-86.537296
901689670,2019,9,6,1600,Weekday,2-Car,Non-incapacitating,FAILURE TO YIELD RIGHT OF WAY,3RD & WASHINGTON ST,39.16381603,-86.5324
901737437,2019,12,5,1400,Weekday,1-Car,No injury/unknown,RAN OFF ROAD RIGHT,GARRISON CHAPEL & SR48W,39.16377142,-86.64091963
901669314,2019,7,6,2100,Weekend,2-Car,No injury/unknown,OTHER (DRIVER) - EXPLAIN IN NARRATIVE,PROSPECT & ROGERS ST,39.163744,-86.538592
901732811,2019,11,7,0,Weekend,2-Car,No injury/unknown,OTHER (DRIVER) - EXPLAIN IN NARRATIVE,PROSPECT & ROGERS ST,39.163744,-86.538592
901712095,2019,10,4,2300,Weekday,2-Car,No injury/unknown,UNSAFE BACKING,S LINCOLN ST,39.16372571,-86.53103216
901681334,2019,8,3,800,Weekday,3+ Cars,Non-incapacitating,UNSAFE SPEED,HOOSIER & WALNUT ST,39.1636669,-86.53144
901669303,2019,7,7,0,Weekend,1-Car,No injury/unknown,LEFT OF CENTER,CAVE RD & SR48W,39.16366451,-86.62563787
901603737,2019,3,5,1700,Weekday,2-Car,Non-incapacitating,OTHER (DRIVER) - EXPLAIN IN NARRATIVE,BENDER & SR46E,39.163648,-86.438
901667389,2019,7,6,1100,Weekday,1-Car,Non-incapacitating,FOLLOWING TOO CLOSELY,CAVE & SR48W,39.16364389,-86.63601307
901694209,2019,9,2,1000,Weekday,1-Car,No injury/unknown,RAN OFF ROAD RIGHT,DUBLIN & SR46E,39.16364217,-86.43815448
901752869,2019,12,4,2000,Weekday,1-Car,No injury/unknown,ANIMAL/OBJECT IN ROADWAY,GARRISON CHAPPEL & SR48W,39.16363992,-86.64996668
901717557,2019,10,2,700,Weekday,3+ Cars,Non-incapacitating,SPEED TOO FAST FOR WEATHER CONDITIONS,2700 S WALNUT ST & RIDGEVIEW,39.16363672,-86.53145486
901618786,2019,4,7,500,Weekend,1-Car,No injury/unknown,ANIMAL/OBJECT IN ROADWAY,GARRISON CHAPEL ROAD & SR48E,39.1636251,-86.64998661
901662947,2019,7,7,1600,Weekend,1-Car,No injury/unknown,RAN OFF ROAD RIGHT,GARRISON CHAPEL & SR48W,39.1636251,-86.64980603
901733592,2019,11,7,100,Weekend,1-Car,No injury/unknown,ANIMAL/OBJECT IN ROADWAY,DUBLIN & SR46E,39.1636198,-86.43798699
901565563,2019,1,4,1300,Weekday,2-Car,Non-incapacitating,BRAKE FAILURE OR DEFECTIVE,SR46E & TRAILWAY,39.16360223,-86.42236567
901649454,2019,6,7,200,Weekend,1-Car,No injury/unknown,OTHER (DRIVER) - EXPLAIN IN NARRATIVE,SR46E & TRAILWAYS,39.16355934,-86.42589328