Master Record Number,Year,Month,Day,Hour,Weekend,Collision Type,Injury Type,Primary Factor,Reported_Location,Latitude,Longitude
901612585,2019,4,6,1700,Weekday,2-Car,No injury/unknown,UNSAFE LANE MOVEMENT,S CURRY PIKE & W BELLE,39.163552,-86.582896
901711762,2019,10,5,1300,Weekday,2-Car,No injury/unknown,LEFT OF CENTER,BELLE & S CURRY PIKE,39.163552,-86.582896
901717011,2019,10,7,1200,Weekend,3+ Cars,Non-incapacitating,FOLLOWING TOO CLOSELY,BELLE & S CURRY PK PIKE,39.163552,-86.582896
901709793,2019,10,1,0,Weekend,1-Car,Non-incapacitating,RAN OFF ROAD RIGHT,SR48W,39.163464,-86.647688
901563530,2019,1,7,2000,Weekend,1-Car,Non-incapacitating,OTHER (DRIVER) - EXPLAIN IN NARRATIVE,S PATTERSON & W 3RD ST,39.16346117,-86.55130339
901598263,2019,2,1,1800,Weekend,2-Car,Non-incapacitating,FOLLOWING TOO CLOSELY,S PATTERSON & W 3RD ST,39.16346117,-86.55130339
901601069,2019,3,7,200,Weekend,1-Car,No injury/unknown,RAN OFF ROAD RIGHT,S PATTERSON & W 3RD ST,39.16346117,-86.55131204
901648255,2019,6,4,1200,Weekday,3+ Cars,Incapacitating,DRIVER ILLNESS,3RD ST & PATTERSON,39.16346117,-86.55130339
901679314,2019,8,7,1200,Weekend,3+ Cars,Non-incapacitating,OTHER (DRIVER) - EXPLAIN IN NARRATIVE,3RD ST & PATTERSON,39.16346117,-86.55128608
901731421,2019,11,3,1800,Weekday,2-Car,No injury/unknown,SPEED TOO FAST FOR WEATHER CONDITIONS,3RD ST & PATTERSON,39.16344009,-86.55128002
901733576,2019,11,1,300,Weekend,3+ Cars,No injury/unknown,LEFT OF CENTER,3RD ST & PATTERSON,39.16344009,-86.55125405
901580101,2019,1,5,1400,Weekday,2-Car,No injury/unknown,UNSAFE BACKING,S HARVEY DR,39.16338115,-86.587792
901672947,2019,8,1,2100,Weekday,1-Car,Non-incapacitating,UNSAFE SPEED,S HARVEY DR,39.16338115,-86.587792
901567641,2019,1,7,1300,Weekend,2-Car,No injury/unknown,FAILURE TO YIELD RIGHT OF WAY,ATWATER AVE & HENDERSON,39.163344,-86.5272
901617789,2019,4,5,1100,Weekday,2-Car,No injury/unknown,FAILURE TO YIELD RIGHT OF WAY,ATWATER AVE & HENDERSON,39.163344,-86.5272
901628442,2019,5,5,1500,Weekday,2-Car,No injury/unknown,FAILURE TO YIELD RIGHT OF WAY,ATWATER AVE & HENDERSON,39.163344,-86.5272
901658466,2019,7,5,0,Weekday,2-Car,Non-incapacitating,DISREGARD SIGNAL/REG SIGN,ATWATER AVE & HENDERSON,39.163344,-86.5272
901612056,2019,3,5,1500,Weekday,2-Car,No injury/unknown,FAILURE TO YIELD RIGHT OF WAY,ATWATER AVE & FESS,39.163328,-86.525808
901649373,2019,6,6,1500,Weekday,2-Car,No injury/unknown,FAILURE TO YIELD RIGHT OF WAY,ATWATER AVE & FESS,39.163328,-86.525808
901675895,2019,8,7,1400,Weekend,2-Car,Non-incapacitating,FAILURE TO YIELD RIGHT OF WAY,BELLE AVE & VILLAGE,39.16331,-86.5838
901723542,2019,11,3,1900,Weekday,2-Car,No injury/unknown,FOLLOWING TOO CLOSELY,BELLE AVE & CURRY,39.16329995,-86.58274032
901734661,2019,11,2,1200,Weekday,2-Car,No injury/unknown,FAILURE TO YIELD RIGHT OF WAY,ATWATER & S WOODLAWN AVE,39.16328,-86.522592
901582233,2019,1,2,1600,Weekday,2-Car,No injury/unknown,UNSAFE BACKING,HARVEY DR,39.163234,-86.587918
901667674,2019,7,3,1600,Weekday,2-Car,No injury/unknown,FAILURE TO YIELD RIGHT OF WAY,ATWATER AVE & HAWTHORNE,39.163232,-86.520176
901662828,2019,7,7,1000,Weekend,2-Car,Non-incapacitating,FOLLOWING TOO CLOSELY,PINEWOOD & S WALNUT ST,39.16321653,-86.53143
901594496,2019,2,2,1200,Weekday,1-Car,No injury/unknown,RAN OFF ROAD RIGHT,E ATWATER AVE & S JORDAN,39.163168,-86.516384
901734568,2019,11,2,1800,Weekday,2-Car,No injury/unknown,FAILURE TO YIELD RIGHT OF WAY,ATWATER AVE & JORDAN,39.163168,-86.516384
901736147,2019,11,4,1600,Weekday,2-Car,Non-incapacitating,LEFT OF CENTER,ATWATER & JORDAN AVE,39.163168,-86.516384
901596938,2019,2,5,1700,Weekday,2-Car,No injury/unknown,FOLLOWING TOO CLOSELY,ATWATER AVE & JORDAN,39.16316336,-86.51603125
901579947,2019,1,5,1200,Weekday,2-Car,No injury/unknown,FAILURE TO YIELD RIGHT OF WAY,E ATWATER AVE & S SWAIN,39.163152,-86.515168
901617026,2019,4,3,2000,Weekday,2-Car,No injury/unknown,UNSAFE LANE MOVEMENT,ATWATER AVE & SWAIN,39.163152,-86.515168
901696459,2019,9,6,1100,Weekday,2-Car,No injury/unknown,IMPROPER TURNING,ATWATER AVE & SWAIN,39.163152,-86.515168
901584527,2019,2,6,1500,Weekday,2-Car,No injury/unknown,FAILURE TO YIELD RIGHT OF WAY,E ATWATER AVE & S HENDERSON,39.16314,-86.52727
901641929,2019,6,5,1700,Weekday,2-Car,Non-incapacitating,FAILURE TO YIELD RIGHT OF WAY,E ATWATER AVE & S HENDERSON,39.16314,-86.52727
901687054,2019,9,2,2100,Weekday,2-Car,Non-incapacitating,FAILURE TO YIELD RIGHT OF WAY,ATWATER & HENDERSON ST,39.16314,-86.52727
901579978,2019,1,5,1300,Weekday,2-Car,No injury/unknown,FAILURE TO YIELD RIGHT OF WAY,S WALKER ST,39.163136,-86.546224
901580785,2019,1,6,1300,Weekday,2-Car,No injury/unknown,FOLLOWING TOO CLOSELY,ATWATER AVE & MITCHELL,39.163136,-86.514096
901628563,2019,5,6,1400,Weekday,2-Car,No injury/unknown,IMPROPER LANE USAGE,1500 EAST ATWATER AVE & SOUTH MITCHELL,39.163136,-86.514096
901682171,2019,8,5,1600,Weekday,2-Car,No injury/unknown,OTHER (DRIVER) - EXPLAIN IN NARRATIVE,SOUTH WALKER ST,39.163136,-86.546224
901614123,2019,4,3,2000,Weekday,Pedestrian,Non-incapacitating,FAILURE TO YIELD RIGHT OF WAY,E ATWATER DR & S HAWTHORNE,39.16313034,-86.52019322
901594734,2019,2,2,1500,Weekday,2-Car,Non-incapacitating,FAILURE TO YIELD RIGHT OF WAY,ATWATER AVE & FESS,39.16312649,-86.52587459
901597615,2019,2,6,1500,Weekday,2-Car,No injury/unknown,FAILURE TO YIELD RIGHT OF WAY,ATWATER & HENDERSON ST,39.16312649,-86.52724746
901599080,2019,2,2,500,Weekday,2-Car,Non-incapacitating,DISREGARD SIGNAL/REG SIGN,ATWATER AVE & HENDERSON,39.16312649,-86.52724746
901600361,2019,3,5,1100,Weekday,2-Car,No injury/unknown,FAILURE TO YIELD RIGHT OF WAY,ATWATER AVE & HENDERSON,39.16312649,-86.52724746
901734292,2019,11,2,800,Weekday,2-Car,No injury/unknown,IMPROPER PASSING,EAST ATWATER AVE & WOODLAWN,39.16312024,-86.52260696
901635803,2019,5,1,500,Weekend,2-Car,No injury/unknown,IMPROPER TURNING,ATWATER AVE & FESS,39.16312,-86.5259
901638205,2019,5,5,1300,Weekday,2-Car,No injury/unknown,UNSAFE BACKING,E ATWATER AVE,39.16312,-86.522619
901661191,2019,7,3,1700,Weekday,2-Car,No injury/unknown,FAILURE TO YIELD RIGHT OF WAY,ATWATER AVE & FESS,39.16312,-86.5259
901682149,2019,8,5,1500,Weekday,2-Car,No injury/unknown,FAILURE TO YIELD RIGHT OF WAY,E ATWATER AVE & S EASTSIDE,39.16312,-86.513088
901682577,2019,8,6,1300,Weekday,2-Car,No injury/unknown,UNSAFE BACKING,ATWATER & FESS AVE,39.16312,-86.5259
901710533,2019,10,3,2100,Weekday,2-Car,No injury/unknown,FAILURE TO YIELD RIGHT OF WAY,E ATWATER AVE & S FESS,39.16312,-86.5259
901719939,2019,11,5,1500,Weekday,2-Car,No injury/unknown,FOLLOWING TOO CLOSELY,E ATWATER AVE & S WOODLAWN,39.16312,-86.52262
901589625,2019,2,6,1300,Weekday,2-Car,No injury/unknown,OTHER (DRIVER) - EXPLAIN IN NARRATIVE,E ATWATER AVE,39.16311625,-86.5106501
901571590,2019,1,5,1700,Weekday,2-Car,No injury/unknown,FAILURE TO YIELD RIGHT OF WAY,ATWATER ST & HAWTHORNE,39.16309,-86.52021
901617904,2019,4,5,1400,Weekday,2-Car,No injury/unknown,FAILURE TO YIELD RIGHT OF WAY,E ATWATER AVE & S CLIFTON,39.16309,-86.50968
901682318,2019,8,6,700,Weekday,2-Car,Non-incapacitating,FAILURE TO YIELD RIGHT OF WAY,ATWATER AVE & HAWTHORNE,39.16309,-86.52021
901735404,2019,11,2,2200,Weekday,1-Car,No injury/unknown,RAN OFF ROAD RIGHT,ATWATER & SWAIN AVE,39.16308001,-86.51527002
901624482,2019,4,5,1200,Weekday,2-Car,No injury/unknown,FAILURE TO YIELD RIGHT OF WAY,ATWATER AVE & HIGH,39.16308,-86.50847
901642758,2019,6,7,1700,Weekend,2-Car,No injury/unknown,IMPROPER TURNING,E ATWATER ST & S SWAIN,39.16308,-86.51527
901653960,2019,6,2,1500,Weekday,2-Car,No injury/unknown,FOLLOWING TOO CLOSELY,ATWATER AVE & HIGH,39.16308,-86.50847
901682725,2019,8,6,1600,Weekday,2-Car,No injury/unknown,FOLLOWING TOO CLOSELY,E ATWATER & S MITCHELL AVE,39.16308,-86.51418
901708481,2019,10,7,1600,Weekend,2-Car,No injury/unknown,,EAST ATWATER AVE,39.16308,-86.515258
901719904,2019,11,5,1400,Weekday,2-Car,No injury/unknown,FAILURE TO YIELD RIGHT OF WAY,ATWATER AVE & EASTSIDE,39.16308,-86.51321
901607160,2019,3,5,1400,Weekday,2-Car,No injury/unknown,DISREGARD SIGNAL/REG SIGN,ATWATER AVE & JORDAN,39.16305,-86.51639
901630762,2019,5,4,1500,Weekday,2-Car,Non-incapacitating,FAILURE TO YIELD RIGHT OF WAY,ATWATER AVE & JORDAN,39.16305,-86.51639
901685050,2019,8,4,1400,Weekday,2-Car,No injury/unknown,FOLLOWING TOO CLOSELY,ATWATER AVE & JORDAN,39.16305,-86.51639
901693148,2019,9,6,1900,Weekend,2-Car,No injury/unknown,FOLLOWING TOO CLOSELY,ATWATER ST & SOUTH JORDAN,39.16305,-86.51639
901731560,2019,11,3,2100,Weekday,Bus,No injury/unknown,LEFT OF CENTER,ATWATER AVE & JORDAN,39.16304983,-86.51638984
901597624,2019,2,6,1400,Weekday,2-Car,No injury/unknown,FOLLOWING TOO CLOSELY,CLIFTON & EAST ATWATER AVE,39.16304795,-86.5097212
901681378,2019,8,4,1100,Weekday,2-Car,No injury/unknown,FOLLOWING TOO CLOSELY,ATWATER AVE & HIGHLAND,39.16304453,-86.51771252
901682620,2019,8,6,1500,Weekday,2-Car,No injury/unknown,FAILURE TO YIELD RIGHT OF WAY,E ATWATER AVE & S HIGHLAND,39.16304453,-86.51771252
901703717,2019,10,5,1400,Weekday,2-Car,No injury/unknown,FAILURE TO YIELD RIGHT OF WAY,ATWATER AVE & HIGHLAND,39.16304453,-86.51771252
901711164,2019,10,4,1700,Weekday,2-Car,Non-incapacitating,FAILURE TO YIELD RIGHT OF WAY,ATWATER AVE & HIGHLAND,39.16304453,-86.51771252
901622133,2019,4,1,1200,Weekend,2-Car,No injury/unknown,UNSAFE BACKING,S HIGH ST,39.16304,-86.508288
901623979,2019,4,2,1500,Weekday,2-Car,No injury/unknown,OTHER (DRIVER) - EXPLAIN IN NARRATIVE,E ATWATER AVE & S HIGH,39.16304,-86.508288
901638988,2019,5,6,2300,Weekend,1-Car,No injury/unknown,ANIMAL/OBJECT IN ROADWAY,SMITHVILLE & SOUTH FAIRFAX RD,39.16304,-86.5408
901718058,2019,10,2,1600,Weekday,2-Car,No injury/unknown,FAILURE TO YIELD RIGHT OF WAY,ATWATER & HIGH ST,39.16304,-86.508288
901686421,2019,9,7,1900,Weekend,2-Car,Non-incapacitating,FAILURE TO YIELD RIGHT OF WAY,ENTRANCE TO SIMON MALL & S COLLEGE MALL RD,39.16300972,-86.49801135
901704921,2019,10,1,1400,Weekend,2-Car,Non-incapacitating,FAILURE TO YIELD RIGHT OF WAY,PRIVATE & S COLLEGE MALL RD,39.16300972,-86.49805963
901631376,2019,5,3,1400,Weekday,2-Car,No injury/unknown,UNSAFE BACKING,S PARKRIDGE RD,39.16296,-86.476279
901638402,2019,5,5,1600,Weekday,2-Car,No injury/unknown,,S PARK RIDGE RD,39.16296,-86.476279
901629260,2019,5,2,400,Weekday,1-Car,Non-incapacitating,ANIMAL/OBJECT IN ROADWAY,HAGAN ST & SMITH,39.16295,-86.4808
901693382,2019,9,7,1900,Weekend,2-Car,No injury/unknown,UNSAFE LANE MOVEMENT,S COLLEGE MALL RD,39.162928,-86.498112
901604450,2019,3,6,0,Weekday,2-Car,No injury/unknown,UNSAFE BACKING,S PARK RIDGE RD,39.16289085,-86.47629425
901732446,2019,11,5,1900,Weekday,Moped/Motorcycle,Incapacitating,FOLLOWING TOO CLOSELY,SOUTH ROGERS ST & WEST SMITH,39.16287012,-86.53867028
901592399,2019,2,4,2200,Weekday,1-Car,No injury/unknown,RAN OFF ROAD RIGHT,ROGERS ST & SMITH,39.16287,-86.53867
901638236,2019,5,5,1300,Weekday,2-Car,Non-incapacitating,FOLLOWING TOO CLOSELY,COLLEGE AVE & SMITH,39.16286695,-86.53497924
901689915,2019,9,7,1900,Weekend,2-Car,No injury/unknown,OTHER (VEHICLE) - EXPLAIN IN NARRATIVE,SMITH & SOUTH DUNN ST,39.162848,-86.5284
901687731,2019,9,3,1600,Weekday,2-Car,No injury/unknown,FOLLOWING TOO CLOSELY,COLLEGE AVE & SMITH,39.16280668,-86.53483346
901575575,2019,1,7,1500,Weekend,2-Car,No injury/unknown,IMPROPER LANE USAGE,LINCOLN & SMITH AVE,39.16278498,-86.53119748
901637579,2019,5,4,1100,Weekday,1-Car,No injury/unknown,RAN OFF ROAD RIGHT,GARRISON CHAPEL RD & SR48,39.16278414,-86.64931207
901580222,2019,1,5,2000,Weekday,2-Car,No injury/unknown,OTHER (DRIVER) - EXPLAIN IN NARRATIVE,E CEDARWOOD & S CEDARWOOD DR,39.162752,-86.4624
901653963,2019,6,2,1600,Weekday,1-Car,No injury/unknown,DRIVER ASLEEP OR FATIGUED,BIRDIE GALYAN & SR46W,39.16270985,-86.41331991
901708605,2019,10,7,0,Weekend,1-Car,No injury/unknown,ANIMAL/OBJECT IN ROADWAY,LOWER BIRDIE GALYON & SR46E,39.16270985,-86.41332855
901584680,2019,2,7,600,Weekend,2-Car,Non-incapacitating,SPEED TOO FAST FOR WEATHER CONDITIONS,SR37S & W 3RD,39.16269236,-86.57314202
901583213,2019,2,4,1000,Weekday,2-Car,No injury/unknown,UNSAFE BACKING,S PARK RIDGE RD,39.162521,-86.476255
901630390,2019,5,3,2200,Weekday,2-Car,No injury/unknown,UNSAFE BACKING,S WALNUT ST,39.16250318,-86.5336
901581488,2019,1,7,1800,Weekend,2-Car,No injury/unknown,UNSAFE BACKING,S WALNUT ST,39.16244571,-86.5336
901601237,2019,3,7,1700,Weekend,1-Car,No injury/unknown,OTHER (VEHICLE) - EXPLAIN IN NARRATIVE,SOUTH HENDERSON ST,39.16244006,-86.52724746
901717963,2019,10,2,1500,Weekday,2-Car,No injury/unknown,OTHER (DRIVER) - EXPLAIN IN NARRATIVE,LANDMARK AVE,39.1624264,-86.55602305
901732873,2019,11,7,1200,Weekend,2-Car,No injury/unknown,FAILURE TO YIELD RIGHT OF WAY,HOWE & ROGERS ST,39.1624,-86.538592
901671623,2019,8,5,1200,Weekday,1-Car,No injury/unknown,OTHER (DRIVER) - EXPLAIN IN NARRATIVE,HENDERSON ST,39.16225,-86.527239
901603727,2019,3,5,1800,Weekday,2-Car,No injury/unknown,DISREGARD SIGNAL/REG SIGN,E HUNTER AVE & PARK,39.16224,-86.523968
901613891,2019,4,3,1100,Weekday,2-Car,Non-incapacitating,FAILURE TO YIELD RIGHT OF WAY,HAWTHORNE AVE & HUNTER,39.16224,-86.52016
901646965,2019,6,2,1000,Weekday,2-Car,No injury/unknown,OTHER (DRIVER) - EXPLAIN IN NARRATIVE,E HUNTER AVE & S WOODLAWN,39.16224,-86.522576
901653695,2019,6,2,1300,Weekday,2-Car,No injury/unknown,DISREGARD SIGNAL/REG SIGN,E HUNTER & S WOODLAWN AVE,39.16224,-86.522576
901699000,2019,9,4,100,Weekday,2-Car,No injury/unknown,IMPROPER LANE USAGE,E HUNTER AVE & S WOODLAWN,39.16224,-86.522576
901699148,2019,9,3,1400,Weekday,2-Car,No injury/unknown,FAILURE TO YIELD RIGHT OF WAY,FESS & HUNTER ST,39.16224,-86.525824
901699292,2019,9,4,1700,Weekday,2-Car,No injury/unknown,DISREGARD SIGNAL/REG SIGN,HUNTER AVE & PARK,39.16224,-86.523968
901728478,2019,11,5,1500,Weekday,2-Car,No injury/unknown,FAILURE TO YIELD RIGHT OF WAY,HUNTER AVE & SWAIN,39.16224,-86.515152
901741683,2019,12,6,1700,Weekday,2-Car,No injury/unknown,FAILURE TO YIELD RIGHT OF WAY,HIGHLAND AVE & HUNTER,39.16224,-86.5176
901681112,2019,8,4,0,Weekday,2-Car,No injury/unknown,OTHER (DRIVER) - EXPLAIN IN NARRATIVE,E HUNTER AVE & S PARK,39.16222,-86.52402
901640310,2019,5,3,1100,Weekday,2-Car,Non-incapacitating,FAILURE TO YIELD RIGHT OF WAY,LANDMARK AVE & SECOND,39.16221113,-86.55581832
901737914,2019,12,7,1400,Weekend,2-Car,No injury/unknown,UNSAFE BACKING,S LANDMARK AVE,39.16208491,-86.55574992
901664732,2019,7,4,1200,Weekday,2-Car,Non-incapacitating,FAILURE TO YIELD RIGHT OF WAY,OMALIAS E DRIVE & S COLLEGE MALL RD,39.16204873,-86.49792764
901689942,2019,9,7,1500,Weekend,Moped/Motorcycle,No injury/unknown,FAILURE TO YIELD RIGHT OF WAY,KNIGHTRIDGE RD & SR446S,39.1619073,-86.47161557
901697900,2019,9,2,1500,Weekday,Moped/Motorcycle,Non-incapacitating,FAILURE TO YIELD RIGHT OF WAY,3RD & CURRY PIKE,39.1618364,-86.56015
901720397,2019,11,6,1300,Weekday,2-Car,No injury/unknown,,S COLLEGE MALL RD,39.161835,-86.497851
901755170,2019,12,3,1200,Weekday,1-Car,No injury/unknown,ROADWAY SURFACE CONDITION,SOUTH KIRBY RD,39.16179724,-86.61047168
901680572,2019,8,2,1300,Weekday,2-Car,No injury/unknown,UNSAFE BACKING,S MULLER PKWY,39.161785,-86.567382
901697493,2019,9,2,800,Weekday,2-Car,No injury/unknown,UNSAFE BACKING,S MULLER PKWY,39.161754,-86.5674
901618867,2019,4,6,1400,Weekday,2-Car,No injury/unknown,OTHER (DRIVER) - EXPLAIN IN NARRATIVE,S MULLER PKWY,39.161723,-86.567419
901749640,2019,12,6,1600,Weekday,2-Car,No injury/unknown,UNSAFE BACKING,S LIBERTY DR,39.16167587,-86.57919779
901576779,2019,1,6,2200,Weekend,3+ Cars,No injury/unknown,SPEED TOO FAST FOR WEATHER CONDITIONS,S MULLER PKWY,39.161662,-86.567456
901664221,2019,7,2,1700,Weekday,2-Car,No injury/unknown,FOLLOWING TOO CLOSELY,S WALKER & W 2ND ST,39.161648,-86.546128
901583269,2019,2,4,0,Weekday,2-Car,No injury/unknown,,MULLER PKWY,39.161569,-86.567511
901586175,2019,2,2,1200,Weekday,2-Car,No injury/unknown,OTHER (DRIVER) - EXPLAIN IN NARRATIVE,800 W 2ND ST ST & S MAPLE,39.161568,-86.542096
901695613,2019,9,4,1400,Weekday,2-Car,No injury/unknown,UNSAFE BACKING,W 2ND ST,39.16153675,-86.53981487
901659839,2019,7,1,1000,Weekend,2-Car,No injury/unknown,,W 2ND ST,39.16153611,-86.53976784
901686003,2019,9,6,1300,Weekday,2-Car,No injury/unknown,UNSAFE BACKING,W 2ND ST,39.16153611,-86.53976784
901710121,2019,10,3,1200,Weekday,2-Car,No injury/unknown,FOLLOWING TOO CLOSELY,S ROGERS ST & WEST 2 ST ST,39.16152,-86.538592
901721241,2019,11,7,1700,Weekend,2-Car,No injury/unknown,LEFT OF CENTER,S MULLER PKWY,39.161508,-86.567548
901699293,2019,9,4,1700,Weekday,2-Car,Non-incapacitating,FOLLOWING TOO CLOSELY,2ND ST & MADISON,39.161488,-86.537296
901567186,2019,1,7,200,Weekend,1-Car,No injury/unknown,ROADWAY SURFACE CONDITION,N WALNUT & W 2ND ST,39.16144,-86.5336
901570467,2019,1,4,1100,Weekday,2-Car,No injury/unknown,UNSAFE BACKING,E 2ND & S FESS AVE,39.16144,-86.52584
901589045,2019,2,6,0,Weekday,2-Car,No injury/unknown,DISREGARD SIGNAL/REG SIGN,2ND ST & COLLEGE,39.16144,-86.534848
901593391,2019,2,6,1700,Weekday,2-Car,No injury/unknown,FOLLOWING TOO CLOSELY,S COLLEGE & W 2ND ST,39.16144,-86.534848
901604217,2019,3,6,1300,Weekday,2-Car,No injury/unknown,OTHER (DRIVER) - EXPLAIN IN NARRATIVE,2ND ST,39.16144,-86.527152
901609078,2019,3,4,1700,Weekday,Cyclist,Non-incapacitating,UNSAFE LANE MOVEMENT,E 2ND & S WASHINGTON ST,39.16144,-86.5324
901612696,2019,4,7,1200,Weekend,2-Car,No injury/unknown,FAILURE TO YIELD RIGHT OF WAY,E 2ND & S FESS AVE,39.16144,-86.52584
901617921,2019,4,4,1900,Weekday,2-Car,No injury/unknown,UNSAFE LANE MOVEMENT,2ND & COLLEGE AVE,39.16144,-86.534848
901635723,2019,5,1,1100,Weekend,2-Car,No injury/unknown,DISREGARD SIGNAL/REG SIGN,200 W 2ND ST & 500 S COLLEGE,39.16144,-86.534848
901645611,2019,6,6,400,Weekday,2-Car,No injury/unknown,IMPROPER TURNING,2ND ST,39.16144,-86.527152
901668451,2019,7,5,1000,Weekday,2-Car,No injury/unknown,FOLLOWING TOO CLOSELY,SO WALNUT ST & W 2ND,39.16144,-86.5336
901674377,2019,8,4,1100,Weekday,2-Car,Non-incapacitating,FOLLOWING TOO CLOSELY,COLLEGE & W 2ND ST,39.16144,-86.534848
901705488,2019,10,2,1500,Weekday,3+ Cars,No injury/unknown,ANIMAL/OBJECT IN ROADWAY,2ND ST & GRANT,39.16144,-86.52976
901706763,2019,10,7,0,Weekend,2-Car,No injury/unknown,UNSAFE BACKING,E 2ND ST,39.16144,-86.52807935
901710481,2019,10,3,1900,Weekday,2-Car,No injury/unknown,LEFT OF CENTER,COLLEGE & W 2ND ST,39.16144,-86.534848
901711297,2019,10,4,1200,Weekday,2-Car,Non-incapacitating,FOLLOWING TOO CLOSELY,E 2ND & S WASHINGTON ST,39.16144,-86.5324
901737521,2019,12,6,1300,Weekday,2-Car,No injury/unknown,FAILURE TO YIELD RIGHT OF WAY,2ND ST & GRANT,39.16144,-86.52976
901738538,2019,12,6,1600,Weekday,Bus,No injury/unknown,FAILURE TO YIELD RIGHT OF WAY,2ND ST & PARK,39.16144,-86.523952
901569152,2019,1,3,900,Weekday,2-Car,Non-incapacitating,SPEED TOO FAST FOR WEATHER CONDITIONS,2ND ST & WALKER,39.16143,-86.54614
901710498,2019,10,3,1600,Weekday,2-Car,No injury/unknown,DISREGARD SIGNAL/REG SIGN,2ND ST & WALKER,39.16143,-86.54614
901611674,2019,3,4,0,Weekday,1-Car,No injury/unknown,IMPROPER TURNING,WEST 2ND ST,39.1614087,-86.5365092
901565980,2019,1,5,1300,Weekday,2-Car,No injury/unknown,FAILURE TO YIELD RIGHT OF WAY,2ND ST & ROGERS,39.16140529,-86.53867437
901596940,2019,2,5,1600,Weekday,Pedestrian,Non-incapacitating,PEDESTRIAN ACTION,EUCLID & WEST 2ND ST,39.16140529,-86.54340086
901599535,2019,3,3,1600,Weekday,2-Car,Non-incapacitating,FOLLOWING TOO CLOSELY,2ND ST & MORTON,39.16140529,-86.53627014
901617136,2019,4,4,700,Weekday,1-Car,Non-incapacitating,OTHER (DRIVER) - EXPLAIN IN NARRATIVE,WEST 2ND ST,39.16140529,-86.53993112
901748721,2019,12,4,1300,Weekday,2-Car,No injury/unknown,IMPROPER TURNING,2ND ST & WALNUT,39.16140027,-86.53362974
901752209,2019,12,5,800,Weekday,2-Car,Non-incapacitating,OTHER (DRIVER) - EXPLAIN IN NARRATIVE,ROGERS & SECOND ST,39.16140027,-86.53867028
901609811,2019,3,6,1400,Weekday,2-Car,No injury/unknown,FOLLOWING TOO CLOSELY,2ND & ROGERS ST,39.1614,-86.53867
901612620,2019,4,7,0,Weekend,2-Car,Non-incapacitating,FAILURE TO YIELD RIGHT OF WAY,S ROGERS & W 2ND ST,39.1614,-86.53867
901633118,2019,5,7,1200,Weekend,Bus,No injury/unknown,FOLLOWING TOO CLOSELY,2ND ST & WALNUT,39.1614,-86.53363
901649391,2019,6,5,1600,Weekday,3+ Cars,No injury/unknown,IMPROPER LANE USAGE,W 2ND ST,39.1614,-86.539916
901679061,2019,8,5,1700,Weekday,2-Car,Non-incapacitating,ACCELERATOR FAILURE OR DEFECTIVE,2ND & ROGERS ST,39.1614,-86.53867
901668919,2019,7,6,1200,Weekday,Bus,No injury/unknown,IMPROPER LANE USAGE,COLLEGE AVE & WEST 2 ST ST,39.16138016,-86.53491956
901677370,2019,8,3,1400,Weekday,2-Car,Non-incapacitating,FOLLOWING TOO CLOSELY,2ND & COLLEGE AVE,39.16138,-86.53493
901685433,2019,9,5,1100,Weekday,2-Car,No injury/unknown,FOLLOWING TOO CLOSELY,2ND & COLLEGE AVE,39.16138,-86.53493
901577530,2019,1,2,0,Weekday,3+ Cars,No injury/unknown,RAN OFF ROAD RIGHT,2ND ST & GRANT,39.16136,-86.52988346
901647339,2019,6,1,2300,Weekday,Cyclist,Non-incapacitating,WRONG WAY ON ONE WAY,E 2ND ST & S WASHINGTON,39.16136,-86.53241
901679159,2019,8,6,1900,Weekend,2-Car,No injury/unknown,FAILURE TO YIELD RIGHT OF WAY,E 2ND & S GRANT ST,39.16136,-86.52988
901630186,2019,5,3,900,Weekday,3+ Cars,No injury/unknown,OTHER (DRIVER) - EXPLAIN IN NARRATIVE,2ND ST & DUNN,39.16135,-86.52840135
901674695,2019,8,4,1800,Weekday,2-Car,No injury/unknown,DRIVER DISTRACTED - EXPLAIN IN NARRATIVE,E 2ND ST & S HENDERSON,39.16134,-86.5272
901678604,2019,8,5,1800,Weekday,2-Car,No injury/unknown,FAILURE TO YIELD RIGHT OF WAY,2ND ST & HENDERSON,39.16134,-86.52720433
901595857,2019,2,2,2300,Weekday,3+ Cars,No injury/unknown,IMPROPER TURNING,E 2ND & S WASHINGTON ST,39.16132332,-86.53240426
901660604,2019,7,2,1500,Weekday,2-Car,Non-incapacitating,DISREGARD SIGNAL/REG SIGN,2ND ST & WOODLAWN,39.161312,-86.522576
901678598,2019,8,5,1900,Weekday,2-Car,No injury/unknown,FAILURE TO YIELD RIGHT OF WAY,2ND ST & WOODLAWN,39.161312,-86.522576
901729709,2019,11,1,1500,Weekend,1-Car,No injury/unknown,OVERCORRECTING/OVERSTEERING,2ND ST & WOODLAWN,39.161312,-86.522576
901715736,2019,10,5,1400,Weekday,1-Car,No injury/unknown,IMPROPER TURNING,PARK & SECOND ST,39.161205,-86.524
901625563,2019,5,1,0,Weekend,2-Car,No injury/unknown,OTHER (DRIVER) - EXPLAIN IN NARRATIVE,S COLLEGE AVE,39.16115717,-86.53485253
901653356,2019,6,6,1700,Weekday,2-Car,No injury/unknown,OTHER (DRIVER) - EXPLAIN IN NARRATIVE,S COLLEGE AVE,39.16115717,-86.53485253