Master Record Number,Year,Month,Day,Hour,Weekend,Collision Type,Injury Type,Primary Factor,Reported_Location,Latitude,Longitude
901706388,2019,10,3,1200,Weekday,2-Car,No injury/unknown,VIEW OBSTRUCTED,S COLLEGE AVE,39.16115717,-86.53485253
901667555,2019,7,3,1100,Weekday,2-Car,Non-incapacitating,DISREGARD SIGNAL/REG SIGN,EAST SECOND ST & S HIGHLAND,39.16107978,-86.5177685
901610522,2019,3,2,900,Weekday,2-Car,No injury/unknown,FAILURE TO YIELD RIGHT OF WAY,ARCH HAVEN AVE,39.161059,-86.551447
901684291,2019,8,3,1100,Weekday,1-Car,No injury/unknown,OTHER (DRIVER) - EXPLAIN IN NARRATIVE,2ND ST & JORDAN,39.16104,-86.51639
901567377,2019,1,6,2000,Weekend,2-Car,No injury/unknown,SPEED TOO FAST FOR WEATHER CONDITIONS,E 2ND ST & S HIGH,39.16099,-86.50847
901588965,2019,2,5,1700,Weekday,2-Car,No injury/unknown,LEFT OF CENTER,2ND ST & HIGH,39.16098864,-86.50843029
901677667,2019,8,4,900,Weekday,2-Car,No injury/unknown,UNSAFE BACKING,E SECOND ST,39.160963,-86.507148
901746034,2019,12,6,1600,Weekday,2-Car,No injury/unknown,FOLLOWING TOO CLOSELY,MORNINGSIDE & SMITH RD,39.16096226,-86.48128978
901708415,2019,10,6,1700,Weekday,3+ Cars,No injury/unknown,FOLLOWING TOO CLOSELY,2ND ST & ROOSEVELT,39.16095,-86.50584
901582168,2019,1,2,1500,Weekday,2-Car,No injury/unknown,FAILURE TO YIELD RIGHT OF WAY,E 2ND ST & S COLLEGE MALL,39.160944,-86.497696
901633385,2019,5,2,900,Weekday,2-Car,No injury/unknown,FAILURE TO YIELD RIGHT OF WAY,E 2ND & S COLLEGE MALL RD,39.160944,-86.497696
901659157,2019,7,6,1100,Weekday,2-Car,No injury/unknown,FAILURE TO YIELD RIGHT OF WAY,E 2ND & S COLLEGE MALL RD,39.160944,-86.497696
901696971,2019,9,7,1600,Weekend,2-Car,No injury/unknown,FAILURE TO YIELD RIGHT OF WAY,COLLEGE MALL & COLLEGE MALL RD,39.160944,-86.497696
901723569,2019,11,4,800,Weekday,2-Car,No injury/unknown,SPEED TOO FAST FOR WEATHER CONDITIONS,2ND ST & HIGH,39.160944,-86.508288
901724114,2019,11,4,1700,Weekday,2-Car,No injury/unknown,UNSAFE LANE MOVEMENT,2ND & SOUTH COLLEGE MALL RD,39.160944,-86.497696
901728891,2019,11,6,800,Weekday,2-Car,Non-incapacitating,FOLLOWING TOO CLOSELY,2ND & S COLLEGE MALL RD,39.160944,-86.497696
901740015,2019,12,3,1200,Weekday,2-Car,No injury/unknown,DISREGARD SIGNAL/REG SIGN,2ND & COLLEGE MALL RD,39.160944,-86.497696
901656536,2019,7,1,300,Weekend,2-Car,No injury/unknown,UNSAFE LANE MOVEMENT,2ND ST & COLLEGE MALL,39.16094,-86.49772
901734560,2019,11,2,1800,Weekday,2-Car,No injury/unknown,FOLLOWING TOO CLOSELY,2ND ST & WOODSCREST,39.16092016,-86.50244973
901663662,2019,7,2,800,Weekday,2-Car,No injury/unknown,FOLLOWING TOO CLOSELY,E 2ND ST & WOODSCREST,39.16092,-86.50245
901714159,2019,10,5,2200,Weekday,2-Car,No injury/unknown,DISREGARD SIGNAL/REG SIGN,2ND ST & WOODSCREST,39.16092,-86.50245
901740399,2019,12,4,1600,Weekday,2-Car,Non-incapacitating,FAILURE TO YIELD RIGHT OF WAY,ARCH HAVEN & LANDMARK AVE,39.1609101,-86.55405007
901600086,2019,3,4,1700,Weekday,3+ Cars,No injury/unknown,FOLLOWING TOO CLOSELY,2ND ST & WOODCREST,39.16090327,-86.50241973
901682173,2019,8,5,1200,Weekday,2-Car,Non-incapacitating,OTHER (DRIVER) - EXPLAIN IN NARRATIVE,ARCH HAVEN & LANDMARK AVE,39.16088278,-86.55404913
901725459,2019,11,7,1400,Weekend,2-Car,Non-incapacitating,FAILURE TO YIELD RIGHT OF WAY,2ND & COLLEGE MALL RD,39.16085065,-86.49769922
901715081,2019,10,4,1200,Weekday,Cyclist,Non-incapacitating,UNSAFE SPEED,S COLLEGE MALL RD,39.160826,-86.497717
901674490,2019,8,3,1900,Weekday,2-Car,No injury/unknown,FAILURE TO YIELD RIGHT OF WAY,2ND ST & PATTERSON,39.16075,-86.54851
901691142,2019,9,3,1000,Weekday,2-Car,No injury/unknown,FOLLOWING TOO CLOSELY,2ND & PATTERSON DR,39.16075,-86.54851
901697336,2019,9,2,0,Weekday,2-Car,Non-incapacitating,DISREGARD SIGNAL/REG SIGN,S PATTERSON DR & W 2ND,39.16075,-86.54851
901718384,2019,11,3,900,Weekday,2-Car,No injury/unknown,OTHER (DRIVER) - EXPLAIN IN NARRATIVE,S PATTERSON DR & W 2ND,39.16075,-86.54851
901707185,2019,10,5,1100,Weekday,2-Car,No injury/unknown,FOLLOWING TOO CLOSELY,1200 W 2ND ST & S PATTERSON,39.16071544,-86.54846886
901681229,2019,8,4,700,Weekday,Pedestrian,Non-incapacitating,DISREGARD SIGNAL/REG SIGN,2ND ST & ADAMS,39.160544,-86.5508
901568877,2019,1,2,1200,Weekday,2-Car,No injury/unknown,OTHER (DRIVER) - EXPLAIN IN NARRATIVE,LANDMARK AVE,39.16053785,-86.55396033
901697332,2019,9,1,200,Weekend,2-Car,No injury/unknown,LEFT OF CENTER,PARK AVE & UNIVERSITY,39.16038637,-86.52392254
901618581,2019,4,7,100,Weekend,2-Car,No injury/unknown,FAILURE TO YIELD RIGHT OF WAY,HENDERSON ST & UNIVERSITY,39.16038076,-86.52715867
901701804,2019,10,2,1600,Weekday,2-Car,No injury/unknown,FOLLOWING TOO CLOSELY,2ND ST & ADAMS,39.16038,-86.55083
901662216,2019,7,5,1800,Weekday,2-Car,No injury/unknown,,SR 446,39.16033949,-86.4715755
901586632,2019,1,4,200,Weekday,2-Car,No injury/unknown,UNSAFE BACKING,S LINCOLN ST,39.1603205,-86.5310725
901636277,2019,5,2,800,Weekday,2-Car,Non-incapacitating,DISREGARD SIGNAL/REG SIGN,HENDERSON & UNIVERSITY ST,39.16032,-86.527136
901660884,2019,7,3,1300,Weekday,2-Car,Non-incapacitating,FAILURE TO YIELD RIGHT OF WAY,E UNIVERSITY & S HENDERSON ST,39.16032,-86.527136
901731842,2019,11,3,1800,Weekday,2-Car,No injury/unknown,FAILURE TO YIELD RIGHT OF WAY,BLOOMFIELD RD,39.16021541,-86.55312471
901640651,2019,5,3,1700,Weekday,3+ Cars,Non-incapacitating,FAILURE TO YIELD RIGHT OF WAY,JORDAN AVE & UNIVERSITY,39.16015,-86.51639
901723520,2019,10,3,1900,Weekday,1-Car,No injury/unknown,ANIMAL/OBJECT IN ROADWAY,2ND & COLLEGE AVE,39.16006682,-86.53486997
901692641,2019,9,5,2100,Weekday,2-Car,No injury/unknown,UNSAFE BACKING,W BLOOMFIELD RD,39.15998862,-86.55307876
901638873,2019,5,6,1500,Weekday,1-Car,No injury/unknown,ANIMAL/OBJECT IN ROADWAY,FAIRFAX & WALNUT STREET PIKE,39.15995467,-86.52651
901604192,2019,3,6,1700,Weekday,2-Car,No injury/unknown,FAILURE TO YIELD RIGHT OF WAY,BLOOMFIELD RD & LANDMARK,39.15994021,-86.55379641
901608433,2019,3,3,900,Weekday,2-Car,No injury/unknown,FOLLOWING TOO CLOSELY,BLOOMFIELD RD & LANDMARK,39.15994021,-86.55375313
901638389,2019,5,4,1600,Weekday,2-Car,Non-incapacitating,FOLLOWING TOO CLOSELY,BLOOMFIELD RD & LANDMARK,39.15994021,-86.5538016
901670189,2019,8,2,1400,Weekday,2-Car,No injury/unknown,UNSAFE BACKING,1300 W BLOOMFIELD RD & 600 S LANDMARK,39.15994021,-86.55379641
901618839,2019,4,1,100,Weekend,2-Car,No injury/unknown,FAILURE TO YIELD RIGHT OF WAY,9TH & COLLEGE AVE,39.15988398,-86.53485
901670284,2019,8,2,2000,Weekday,Moped/Motorcycle,Non-incapacitating,RAN OFF ROAD RIGHT,BUICK CADILAC DR & CLARIZZ,39.1596,-86.490784
901572015,2019,1,6,1200,Weekday,3+ Cars,Non-incapacitating,DISREGARD SIGNAL/REG SIGN,S COLLEGE & W 1RST ST,39.15944,-86.53488
901600932,2019,3,6,1600,Weekday,1-Car,Non-incapacitating,SPEED TOO FAST FOR WEATHER CONDITIONS,BLOOMFIELD RD & RANSOM,39.15944,-86.555296
901703268,2019,10,4,1200,Weekday,2-Car,No injury/unknown,FAILURE TO YIELD RIGHT OF WAY,CURRY PIKE & STATE ROAD 48,39.1593726,-86.58292002
901616406,2019,4,2,1400,Weekday,2-Car,No injury/unknown,FAILURE TO YIELD RIGHT OF WAY,1ST & WALNUT ST,39.15936,-86.53366
901575354,2019,1,5,1000,Weekday,2-Car,No injury/unknown,FOLLOWING TOO CLOSELY,E 1ST & S WALNUT ST,39.159344,-86.5336
901613688,2019,4,3,500,Weekday,1-Car,No injury/unknown,RAN OFF ROAD RIGHT,E 1ST ST,39.159344,-86.523888
901623960,2019,4,4,1200,Weekday,2-Car,No injury/unknown,UNSAFE LANE MOVEMENT,1ST & S WALNUT ST,39.159344,-86.5336
901624579,2019,4,5,1400,Weekday,2-Car,Non-incapacitating,FAILURE TO YIELD RIGHT OF WAY,E 1ST ST & S HENDERSON,39.159344,-86.52712
901626575,2019,5,2,2200,Weekday,2-Car,Non-incapacitating,FAILURE TO YIELD RIGHT OF WAY,1ST & WALNUT ST,39.159344,-86.5336
901638051,2019,5,5,1000,Weekday,Bus,No injury/unknown,OTHER (VEHICLE) - EXPLAIN IN NARRATIVE,E 1ST & S WASHINGTON ST,39.159344,-86.5324
901644169,2019,6,2,1700,Weekday,2-Car,No injury/unknown,FOLLOWING TOO CLOSELY,E 1ST ST & S WALNUT,39.159344,-86.5336
901644872,2019,6,4,1300,Weekday,2-Car,No injury/unknown,FOLLOWING TOO CLOSELY,E 1ST & S WALNUT ST,39.159344,-86.5336
901677380,2019,8,3,1600,Weekday,Moped/Motorcycle,Non-incapacitating,OTHER (DRIVER) - EXPLAIN IN NARRATIVE,1ST ST & FESS,39.159344,-86.525872
901713990,2019,10,7,1200,Weekend,2-Car,No injury/unknown,UNSAFE BACKING,WEST 1ST ST,39.159344,-86.53071771
901734277,2019,11,2,900,Weekday,2-Car,No injury/unknown,SPEED TOO FAST FOR WEATHER CONDITIONS,1ST ST & HENDERSON,39.15932022,-86.52714014
901569748,2019,1,3,1600,Weekday,2-Car,No injury/unknown,SPEED TOO FAST FOR WEATHER CONDITIONS,1ST ST & FESS,39.15932,-86.52594
901702464,2019,10,3,1500,Weekday,Moped/Motorcycle,Incapacitating,FAILURE TO YIELD RIGHT OF WAY,EAST 1ST & FESS AVE,39.15932,-86.52594
901567113,2019,1,6,2200,Weekend,Pedestrian,Non-incapacitating,SPEED TOO FAST FOR WEATHER CONDITIONS,E 1ST & S WOODLAWN AVE,39.15929,-86.52264
901611290,2019,3,7,2000,Weekend,2-Car,No injury/unknown,OTHER (DRIVER) - EXPLAIN IN NARRATIVE,SOUTH RANSON & WEST BLOOMFIELD RD,39.15926,-86.55528
901710149,2019,10,5,1600,Weekday,Pedestrian,No injury/unknown,DISREGARD SIGNAL/REG SIGN,1ST & HIGH ST,39.159248,-86.508288
901647722,2019,6,3,900,Weekday,2-Car,No injury/unknown,UNSAFE BACKING,S COLLEGE MALL RD,39.159235,-86.497809
901679418,2019,8,7,1600,Weekend,1-Car,No injury/unknown,BRAKE FAILURE OR DEFECTIVE,SOUTH CORY LN,39.158956,-86.559889
901646129,2019,6,7,800,Weekend,2-Car,No injury/unknown,OTHER (VEHICLE) - EXPLAIN IN NARRATIVE,S BASSWOOD DR,39.15895544,-86.56739205
901705275,2019,10,2,1100,Weekday,2-Car,No injury/unknown,FOLLOWING TOO CLOSELY,3RD & COLLEGE MALL RD,39.15895283,-86.49827
901582593,2019,2,3,900,Weekday,2-Car,No injury/unknown,SPEED TOO FAST FOR WEATHER CONDITIONS,FIELDSTONE & MONARCH CT,39.1588,-86.60463
901700361,2019,9,6,1000,Weekday,Bus,No injury/unknown,OTHER (DRIVER) - EXPLAIN IN NARRATIVE,INDIANA AVE & KIRKWOOD,39.15860878,-86.52692
901718382,2019,11,3,600,Weekday,2-Car,No injury/unknown,,S BASSWOOD DR & S MULLER,39.15859,-86.56791
901736112,2019,11,4,1200,Weekday,2-Car,No injury/unknown,,BASSWOOD DR & MULLER,39.15858999,-86.56790971
901726760,2019,11,2,2200,Weekday,1-Car,No injury/unknown,SPEED TOO FAST FOR WEATHER CONDITIONS,S COLLEGE AVE,39.15849455,-86.53488808
901736146,2019,11,4,1800,Weekday,Cyclist,Non-incapacitating,FAILURE TO YIELD RIGHT OF WAY,HENDERSON & WYLIE ST,39.158448,-86.527104
901632221,2019,5,7,2000,Weekend,2-Car,No injury/unknown,FOLLOWING TOO CLOSELY,DOYLE & SOUTH CURRY PIKE,39.158352,-86.582752
901679076,2019,8,6,1600,Weekday,2-Car,No injury/unknown,DRIVER DISTRACTED - EXPLAIN IN NARRATIVE,DOYLE & S CURRY PIKE,39.158352,-86.582752
901739364,2019,12,3,100,Weekday,1-Car,Non-incapacitating,SPEED TOO FAST FOR WEATHER CONDITIONS,S WOODSCREST DR,39.15834323,-86.50050915
901704348,2019,10,6,1900,Weekend,1-Car,No injury/unknown,OTHER (DRIVER) - EXPLAIN IN NARRATIVE,S CURRY PIKE,39.15834137,-86.58275165
901708674,2019,10,1,1000,Weekend,2-Car,No injury/unknown,,GRANT & WYLIE ST,39.15834,-86.53027
901694966,2019,9,3,900,Weekday,2-Car,No injury/unknown,IMPROPER PASSING,AUTO MALL & BUICK CADILLAC BLVD,39.15832,-86.49611
901729354,2019,11,6,2100,Weekend,1-Car,No injury/unknown,RAN OFF ROAD RIGHT,WOODSCREST DR & WYNWOOD,39.1583097,-86.50002387
901599037,2019,2,2,1900,Weekday,2-Car,No injury/unknown,UNSAFE BACKING,SOUTH BASSWOOD DR,39.15829072,-86.56911652
901623023,2019,4,2,1500,Weekday,2-Car,Non-incapacitating,FOLLOWING TOO CLOSELY,E BUICK CADILLAC & S COLLEGE MALL RD,39.15816,-86.497792
901625284,2019,4,6,2000,Weekend,2-Car,No injury/unknown,FAILURE TO YIELD RIGHT OF WAY,BUICK CADILLAC & COLLEGE MALL RD,39.15816,-86.497792
901689767,2019,9,7,1900,Weekend,2-Car,No injury/unknown,DISREGARD SIGNAL/REG SIGN,BUICK CADILLAC & COLLEGE MALL RD,39.15811,-86.49789
901716489,2019,10,6,1400,Weekday,2-Car,Non-incapacitating,DISREGARD SIGNAL/REG SIGN,BUICK CADILLAC & COLLEGE MALL RD,39.15811,-86.49789
901699817,2019,9,7,2000,Weekend,2-Car,Non-incapacitating,FOLLOWING TOO CLOSELY,S ANNA LEE & SR 45 ST,39.15803917,-86.55758858
901707223,2019,10,5,1300,Weekday,2-Car,No injury/unknown,IMPROPER TURNING,HENDERSON & MAXWELL ST,39.157952,-86.527088
901713132,2019,10,1,1400,Weekend,2-Car,No injury/unknown,OTHER (DRIVER) - EXPLAIN IN NARRATIVE,E MAXWELL LN & PARK,39.15792,-86.523696
901595864,2019,2,4,0,Weekday,2-Car,No injury/unknown,UNSAFE SPEED,MAXWELL LN,39.157904,-86.5216
901625520,2019,4,6,1600,Weekday,2-Car,No injury/unknown,FAILURE TO YIELD RIGHT OF WAY,E MAXWELL & S HAWTHORNE ST,39.157888,-86.520272
901711847,2019,10,5,1500,Weekday,2-Car,No injury/unknown,FOLLOWING TOO CLOSELY,HENDERSON ST & MAXWELL,39.15786,-86.52709
901683123,2019,8,1,1300,Weekend,2-Car,No injury/unknown,OTHER (DRIVER) - EXPLAIN IN NARRATIVE,17TH & GRANT ST,39.15781336,-86.5297
901733420,2019,11,1,1300,Weekend,2-Car,No injury/unknown,FAILURE TO YIELD RIGHT OF WAY,HAWTHORNE & MAXWELL LN,39.15780008,-86.5201798
901654937,2019,6,4,800,Weekday,Bus,No injury/unknown,DISREGARD SIGNAL/REG SIGN,HIGH ST & MAXWELL,39.157792,-86.508288
901575832,2019,1,5,1600,Weekday,2-Car,No injury/unknown,VIEW OBSTRUCTED,S COLLEGE MALL RD,39.157787,-86.497866
901649599,2019,6,7,1600,Weekend,2-Car,No injury/unknown,FAILURE TO YIELD RIGHT OF WAY,MAXWELL & MAXWELL LN,39.157744,-86.503792
901621927,2019,4,7,1100,Weekend,2-Car,No injury/unknown,UNSAFE LANE MOVEMENT,GARRISON CHAPEL RD & TRENDMAR,39.157696,-86.646528
901567375,2019,1,6,2100,Weekend,2-Car,No injury/unknown,ROADWAY SURFACE CONDITION,S ROGERS ST & W DODDS,39.157616,-86.538592
901591068,2019,2,2,1500,Weekday,2-Car,Non-incapacitating,FOLLOWING TOO CLOSELY,S ROGERS ST & W DODDS,39.157616,-86.538592
901673906,2019,8,3,0,Weekday,2-Car,No injury/unknown,FAILURE TO YIELD RIGHT OF WAY,DODDS & ROGERS ST,39.157616,-86.538592
901705505,2019,10,2,1700,Weekday,2-Car,Non-incapacitating,IMPROPER LANE USAGE,GOODNIGHT & S CLARIZZ BLVD,39.15759409,-86.49038315
901703774,2019,10,5,1900,Weekday,Pedestrian,Non-incapacitating,PEDESTRIAN ACTION,ADAIR & PLEASANT RIDGE RD,39.15757365,-86.48885116
901575568,2019,1,5,1100,Weekday,1-Car,No injury/unknown,SPEED TOO FAST FOR WEATHER CONDITIONS,BRIGHTON CRST & SMITH,39.157552,-86.480592
901618401,2019,4,6,1200,Weekday,2-Car,No injury/unknown,FAILURE TO YIELD RIGHT OF WAY,SO FAIRVIEW & W DODDS ST,39.15752,-86.54103606
901727978,2019,11,4,2200,Weekday,2-Car,No injury/unknown,IMPROPER TURNING,DODDS ST & FAIRVIEW,39.15751979,-86.54102995
901667456,2019,7,3,1300,Weekday,2-Car,No injury/unknown,FAILURE TO YIELD RIGHT OF WAY,DODDS & LINCOLN ST,39.157504,-86.531104
901625712,2019,4,1,0,Weekend,2-Car,No injury/unknown,OTHER (DRIVER) - EXPLAIN IN NARRATIVE,BASSWOOD DR,39.15748476,-86.57118607
901716184,2019,10,6,700,Weekday,Moped/Motorcycle,Non-incapacitating,FAILURE TO YIELD RIGHT OF WAY,BLOOMFIELD RD & CORY,39.15743952,-86.55932349
901655047,2019,6,4,1600,Weekday,2-Car,No injury/unknown,FAILURE TO YIELD RIGHT OF WAY,DODDS & WALNUT ST,39.15742,-86.53365
901616545,2019,4,1,100,Weekend,1-Car,No injury/unknown,RAN OFF ROAD RIGHT,NOTA DR,39.15727,-86.503055
901662202,2019,7,5,1700,Weekday,2-Car,No injury/unknown,UNSAFE BACKING,S CORY LN & W BLOOMFIELD,39.157248,-86.559792
901682476,2019,8,6,1000,Weekday,2-Car,No injury/unknown,FOLLOWING TOO CLOSELY,BLOOMFIELD & CORY LN,39.157248,-86.559792
901590044,2019,2,7,1700,Weekend,2-Car,No injury/unknown,ACCELERATOR FAILURE OR DEFECTIVE,SOUTH COLLEGE MALL RD,39.15720813,-86.49780252
901671770,2019,8,5,1600,Weekday,2-Car,No injury/unknown,FAILURE TO YIELD RIGHT OF WAY,SOUTH LIBERTY DR & WEST 3RD,39.15719629,-86.57913641
901719677,2019,11,4,1500,Weekday,2-Car,No injury/unknown,UNSAFE BACKING,S COLLEGE MALL RD,39.157142,-86.497819
901694514,2019,9,2,1700,Weekday,2-Car,Non-incapacitating,FOLLOWING TOO CLOSELY,BLOOMFIELD RD & CURRY,39.1571,-86.55969866
901686297,2019,9,6,1700,Weekday,2-Car,No injury/unknown,UNSAFE BACKING,S COLLEGE MALL RD,39.157064,-86.497814
901575149,2019,1,4,2000,Weekday,2-Car,No injury/unknown,FOLLOWING TOO CLOSELY,S CURRY PIKE & W GIFFORD,39.156896,-86.582704
901611358,2019,3,2,1500,Weekday,2-Car,No injury/unknown,FOLLOWING TOO CLOSELY,S CURRY PIKE & W GIFFORD,39.156896,-86.582704
901681806,2019,8,4,1200,Weekday,2-Car,No injury/unknown,DISREGARD SIGNAL/REG SIGN,CURRY PIKE & GIFFORD,39.156896,-86.582704
901666661,2019,7,2,700,Weekday,2-Car,No injury/unknown,FAILURE TO YIELD RIGHT OF WAY,S PAPER BIRCH & W WOODSIDE DR,39.15686675,-86.59122834
901630180,2019,5,3,1200,Weekday,2-Car,No injury/unknown,OTHER (DRIVER) - EXPLAIN IN NARRATIVE,S BASSWOOD DR,39.15684613,-86.57111094
901724024,2019,11,5,1300,Weekday,2-Car,No injury/unknown,IMPROPER TURNING,W DIXIE ST,39.15676251,-86.54124493
901688002,2019,9,4,1200,Weekday,2-Car,Non-incapacitating,FAILURE TO YIELD RIGHT OF WAY,S FAIRVIEW ST & W DIXIE,39.156752,-86.540976
901712438,2019,10,6,400,Weekday,2-Car,Non-incapacitating,UNSAFE SPEED,CLARIZZ BLVD & GOODNIGHT,39.1567164,-86.49040997
901693123,2019,9,6,1300,Weekday,2-Car,No injury/unknown,UNSAFE BACKING,S COPPERBEECH WAY,39.156689,-86.571074
901607152,2019,3,6,1500,Weekday,2-Car,Non-incapacitating,OTHER (DRIVER) - EXPLAIN IN NARRATIVE,GARRISON CHAPEL RD & RICE,39.15668145,-86.64602861
901678615,2019,8,5,1900,Weekday,2-Car,No injury/unknown,FAILURE TO YIELD RIGHT OF WAY,LIBERTY DR & STATE ROAD 48,39.15667937,-86.57913006
901627069,2019,5,3,2200,Weekday,2-Car,Non-incapacitating,DRIVER ASLEEP OR FATIGUED,S CURRY PIKE & W GIFFORD,39.15667,-86.58264
901642981,2019,6,1,1300,Weekend,2-Car,Non-incapacitating,DISREGARD SIGNAL/REG SIGN,CURRY PIKE & GIFFORD,39.15667,-86.58264
901564011,2019,1,2,2100,Weekday,Pedestrian,Non-incapacitating,PEDESTRIAN ACTION,DIXIE & SOUTH ROGERS ST,39.15664,-86.538592
901708535,2019,10,7,1800,Weekend,2-Car,No injury/unknown,OTHER (DRIVER) - EXPLAIN IN NARRATIVE,WEST DIXIE ST,39.156576,-86.541368
901644754,2019,6,4,1300,Weekday,2-Car,No injury/unknown,IMPROPER LANE USAGE,DIXIE ST ST & FAIRVIEW ST,39.15657029,-86.54106046
901593729,2019,2,7,1600,Weekend,2-Car,No injury/unknown,OTHER (DRIVER) - EXPLAIN IN NARRATIVE,SUGAR MAPLE CT,39.15632597,-86.58747135
901629866,2019,5,2,1700,Weekday,2-Car,No injury/unknown,IMPROPER PASSING,W ALLEN & W BLOOMFIELD RD,39.156144,-86.561296
901688833,2019,9,5,1700,Weekday,2-Car,No injury/unknown,FAILURE TO YIELD RIGHT OF WAY,ALLEN & BLOOMFIELD RD,39.156144,-86.561296
901567196,2019,1,7,300,Weekend,1-Car,No injury/unknown,SPEED TOO FAST FOR WEATHER CONDITIONS,ALLEN ST & BLOOMFIELD,39.15613,-86.5614
901691233,2019,9,3,1300,Weekday,1-Car,Non-incapacitating,BRAKE FAILURE OR DEFECTIVE,WEST ALLEN ST,39.156128,-86.560912
901678684,2019,8,4,2200,Weekday,3+ Cars,No injury/unknown,DRIVER DISTRACTED - EXPLAIN IN NARRATIVE,S BASSWOOD DR,39.156076,-86.571501
901593327,2019,2,6,1500,Weekday,2-Car,No injury/unknown,FAILURE TO YIELD RIGHT OF WAY,ALLEN & W BLOOMFIELD RD,39.15606749,-86.56143939
901576271,2019,1,6,900,Weekday,2-Car,No injury/unknown,SPEED TOO FAST FOR WEATHER CONDITIONS,S ADAMS & W ALLEN ST,39.155952,-86.550592
901631587,2019,5,6,800,Weekday,2-Car,No injury/unknown,DISREGARD SIGNAL/REG SIGN,ADAMS & ALLEN ST,39.155952,-86.550592
901688587,2019,9,5,1200,Weekday,2-Car,Non-incapacitating,SPEED TOO FAST FOR WEATHER CONDITIONS,ADAMS ST & ALLEN,39.155952,-86.550592
901690850,2019,9,2,1900,Weekday,1-Car,No injury/unknown,BRAKE FAILURE OR DEFECTIVE,CIRCLE DR & MITCHELL,39.155952,-86.513888
901727967,2019,11,4,2100,Weekday,2-Car,Non-incapacitating,FOLLOWING TOO CLOSELY,S ADAMS & W ALLEN ST,39.15586017,-86.55054979
901736230,2019,11,4,1800,Weekday,2-Car,Non-incapacitating,FAILURE TO YIELD RIGHT OF WAY,ADAMS ST & ALLEN,39.15586017,-86.55054979
901669315,2019,7,7,1200,Weekend,1-Car,No injury/unknown,UNSAFE LANE MOVEMENT,HILLSIDE & S ROGERS ST,39.15585533,-86.53876
901746747,2019,12,2,800,Weekday,1-Car,No injury/unknown,RAN OFF ROAD RIGHT,SOUTHDOWNS ST & WOODLAWN,39.15584,-86.522528
901753097,2019,12,6,1500,Weekday,2-Car,No injury/unknown,UNSAFE BACKING,E BURKS DR,39.15584,-86.506496
901657388,2019,7,3,800,Weekday,2-Car,No injury/unknown,UNSAFE BACKING,600 BLK W ALLEN ST & FAIRVIEW,39.15583671,-86.5408686
901604212,2019,3,7,0,Weekend,2-Car,No injury/unknown,OTHER (DRIVER) - EXPLAIN IN NARRATIVE,COPPERBEACH & HEARTWOOD CT,39.1558,-86.57002
901597746,2019,2,6,2200,Weekend,2-Car,Non-incapacitating,FAILURE TO YIELD RIGHT OF WAY,BLOOMFIELD RD & SHADELAND,39.15572257,-86.56204045
901626623,2019,5,2,900,Weekday,2-Car,No injury/unknown,FAILURE TO YIELD RIGHT OF WAY,ALLEN & WASHINGTON ST,39.155664,-86.5324
901733939,2019,11,2,1000,Weekday,2-Car,No injury/unknown,FAILURE TO YIELD RIGHT OF WAY,ALLEN ST & STRONG,39.15565029,-86.54431968
901700377,2019,9,6,1500,Weekday,2-Car,Non-incapacitating,FOLLOWING TOO CLOSELY,1200 WEST ALLEN ST & PATTERSON,39.15564402,-86.54339861
901648884,2019,6,1,1300,Weekend,2-Car,No injury/unknown,INSECURE/LEAKY LOAD,ALLEN & PATTERSON DR,39.15563,-86.54331
901652651,2019,6,6,1200,Weekday,2-Car,No injury/unknown,SPEED TOO FAST FOR WEATHER CONDITIONS,ALLEN ST & PATTERSON,39.15563,-86.54330135
901688794,2019,9,5,1500,Weekday,2-Car,No injury/unknown,SPEED TOO FAST FOR WEATHER CONDITIONS,ALLEN & PATTERSON DR,39.15563,-86.54331
901646332,2019,6,7,2100,Weekend,2-Car,No injury/unknown,FAILURE TO YIELD RIGHT OF WAY,S ROGERS ST & W ALLEN,39.15559068,-86.53873596
901689988,2019,9,7,1500,Weekend,2-Car,No injury/unknown,OTHER (DRIVER) - EXPLAIN IN NARRATIVE,VERNAL & WEST VERNAL PIKE,39.15546442,-86.56251981
901732613,2019,11,6,1300,Weekday,1-Car,Non-incapacitating,DRIVER ASLEEP OR FATIGUED,ALLEN & BLOOMFIELD RD,39.15537524,-86.56230201
901618675,2019,4,7,1200,Weekend,2-Car,No injury/unknown,,E COVENANTER DR,39.155344,-86.503088
901576795,2019,1,7,300,Weekend,2-Car,No injury/unknown,UNSAFE BACKING,ALLEN & MADISON ST,39.15533405,-86.53734856
901660937,2019,7,3,1200,Weekday,1-Car,No injury/unknown,RAN OFF ROAD RIGHT,COVENANTER DR & NOTA,39.15533,-86.50320703
901704377,2019,10,7,0,Weekend,2-Car,No injury/unknown,UNSAFE BACKING,W ALDER CT,39.155264,-86.57042
901704499,2019,10,6,2100,Weekend,2-Car,Non-incapacitating,FAILURE TO YIELD RIGHT OF WAY,COLLEGE MALL RD & COVANANTER,39.15518,-86.49774
901608727,2019,3,3,2000,Weekday,2-Car,No injury/unknown,FAILURE TO YIELD RIGHT OF WAY,COVENANTER & S COLLEGE MALL RD,39.155152,-86.497888
901635590,2019,5,6,2200,Weekend,2-Car,No injury/unknown,FOLLOWING TOO CLOSELY,COLLEGE MALL RD & COVENANTER,39.155152,-86.497888
901737114,2019,12,5,2300,Weekday,1-Car,No injury/unknown,UNSAFE SPEED,E COVENANTER & S COLLEGE MALL RD,39.155152,-86.497888