Master Record Number,Year,Month,Day,Hour,Weekend,Collision Type,Injury Type,Primary Factor,Reported_Location,Latitude,Longitude
901584555,2019,2,6,1600,Weekday,2-Car,Non-incapacitating,FAILURE TO YIELD RIGHT OF WAY,S OAKDALE & W BLOOMFIELD RD,39.148544,-86.571504
901663985,2019,7,2,1900,Weekday,Moped/Motorcycle,Non-incapacitating,DISREGARD SIGNAL/REG SIGN,OAKDALE & W BLOOMFIELD RD,39.148544,-86.571504
901659793,2019,7,1,0,Weekend,1-Car,Fatal,RAN OFF ROAD RIGHT,SOUTH STATE ROAD 446 RD,39.148464,-86.471256
901625753,2019,5,1,1800,Weekend,1-Car,No injury/unknown,OTHER (DRIVER) - EXPLAIN IN NARRATIVE,W STATE RD 45 RD,39.148448,-86.573
901618816,2019,4,7,1900,Weekend,2-Car,No injury/unknown,FAILURE TO YIELD RIGHT OF WAY,300 S COLLEGE MALL RD & E 3RD,39.14838854,-86.49829429
901665468,2019,7,5,1600,Weekday,2-Car,No injury/unknown,UNSAFE BACKING,SOUTH WALNUT ST,39.148336,-86.532944
901564312,2019,1,3,800,Weekday,2-Car,No injury/unknown,FOLLOWING TOO CLOSELY,SR37N & SR45W,39.148144,-86.572992
901596108,2019,2,4,1100,Weekday,2-Car,No injury/unknown,FOLLOWING TOO CLOSELY,SR37S & W BLOOMFIELD,39.148144,-86.572992
901614257,2019,4,4,800,Weekday,2-Car,No injury/unknown,FOLLOWING TOO CLOSELY,BLOOMFIELD RD RD & SR37,39.148144,-86.572992
901618373,2019,4,6,1300,Weekday,2-Car,Non-incapacitating,OTHER (DRIVER) - EXPLAIN IN NARRATIVE,SR37 & SR45W,39.148144,-86.572992
901623961,2019,4,3,1700,Weekday,2-Car,No injury/unknown,FOLLOWING TOO CLOSELY,BLOOMFIELD RD & SR37N,39.148144,-86.572992
901631571,2019,5,6,600,Weekday,2-Car,No injury/unknown,IMPROPER PASSING,SR37S & SR45W,39.148144,-86.572992
901640624,2019,5,6,1700,Weekday,2-Car,No injury/unknown,FOLLOWING TOO CLOSELY,SR37 & STATE ROAD 45 RD,39.148144,-86.572992
901641000,2019,6,4,1000,Weekday,2-Car,Non-incapacitating,OTHER (DRIVER) - EXPLAIN IN NARRATIVE,SR37 & SR45W,39.148144,-86.572992
901657395,2019,7,3,1100,Weekday,2-Car,Non-incapacitating,FOLLOWING TOO CLOSELY,BLOOMFIELD & SR37S,39.148144,-86.572992
901658333,2019,7,3,1600,Weekday,2-Car,Non-incapacitating,FAILURE TO YIELD RIGHT OF WAY,37 & SR45W,39.148144,-86.572992
901658880,2019,7,5,1600,Weekday,2-Car,No injury/unknown,FOLLOWING TOO CLOSELY,BLOOMFIELD RD & SR37,39.148144,-86.572992
901660273,2019,7,2,900,Weekday,2-Car,Non-incapacitating,DRIVER DISTRACTED - EXPLAIN IN NARRATIVE,SR37S & SR45W,39.148144,-86.572992
901666358,2019,7,7,1800,Weekend,2-Car,No injury/unknown,FOLLOWING TOO CLOSELY,SR37S & SR45W,39.148144,-86.572992
901671655,2019,8,5,600,Weekday,2-Car,Non-incapacitating,OTHER (DRIVER) - EXPLAIN IN NARRATIVE,BLOOMFIELD & SR37,39.148144,-86.572992
901674878,2019,8,5,700,Weekday,2-Car,Non-incapacitating,FOLLOWING TOO CLOSELY,SR37N & SR45,39.148144,-86.572992
901705303,2019,10,2,1000,Weekday,2-Car,No injury/unknown,FAILURE TO YIELD RIGHT OF WAY,SR37S & SR45W,39.148144,-86.572992
901707782,2019,10,4,900,Weekday,2-Car,Non-incapacitating,DISREGARD SIGNAL/REG SIGN,BLOOMFIELD RD & SR37S,39.148144,-86.572992
901707791,2019,10,6,800,Weekday,2-Car,No injury/unknown,OTHER (DRIVER) - EXPLAIN IN NARRATIVE,BLOOMFIELD RD & SR37S,39.148144,-86.572992
901711312,2019,10,4,1100,Weekday,2-Car,Non-incapacitating,FAILURE TO YIELD RIGHT OF WAY,SR37N & SR45W,39.148144,-86.572992
901728376,2019,11,4,1800,Weekday,2-Car,No injury/unknown,FOLLOWING TOO CLOSELY,BLOOMFIELD & SR37S,39.148144,-86.572992
901745068,2019,12,5,1600,Weekday,2-Car,No injury/unknown,FOLLOWING TOO CLOSELY,SR37 & SR45S,39.148144,-86.572992
901748084,2019,12,3,1500,Weekday,2-Car,No injury/unknown,,W STATE ROAD 45,39.148144,-86.572992
901749176,2019,12,5,1500,Weekday,2-Car,Non-incapacitating,DISREGARD SIGNAL/REG SIGN,SR37S & SR45W,39.148144,-86.572992
901749222,2019,12,5,1700,Weekday,3+ Cars,No injury/unknown,FOLLOWING TOO CLOSELY,SR37S & SR45W,39.148144,-86.572992
901615335,2019,4,6,1500,Weekday,2-Car,No injury/unknown,OTHER (VEHICLE) - EXPLAIN IN NARRATIVE,W FARMER RD,39.148128,-86.581536
901696095,2019,9,5,1600,Weekday,2-Car,No injury/unknown,FOLLOWING TOO CLOSELY,CURRY PIKE & ROLL,39.14812543,-86.58263989
901635996,2019,5,2,300,Weekday,1-Car,No injury/unknown,UNSAFE BACKING,HENDERSON ST & MOODY,39.148064,-86.526912
901732605,2019,11,6,1300,Weekday,2-Car,No injury/unknown,FAILURE TO YIELD RIGHT OF WAY,HENDERSON ST ST & MOODY LN,39.148064,-86.526912
901741629,2019,12,6,1400,Weekday,2-Car,No injury/unknown,UNSAFE BACKING,W SUDBURY DR,39.147904,-86.556464
901741878,2019,12,6,1300,Weekday,2-Car,No injury/unknown,FOLLOWING TOO CLOSELY,BURKES & WALNUT ST,39.14779809,-86.53136998
901618421,2019,4,5,1700,Weekday,2-Car,No injury/unknown,FOLLOWING TOO CLOSELY,SR37S & SR45,39.1477325,-86.57296628
901628608,2019,5,6,1800,Weekday,2-Car,No injury/unknown,FOLLOWING TOO CLOSELY,ARDEN & HIGH ST,39.147504,-86.508256
901598644,2019,2,1,1300,Weekend,2-Car,No injury/unknown,FOLLOWING TOO CLOSELY,SR 45 & SR37S,39.14750244,-86.57320781
901636986,2019,5,3,1200,Weekday,2-Car,Non-incapacitating,DRIVER DISTRACTED - EXPLAIN IN NARRATIVE,BLOOMFIELD ROAD & SR37S,39.14750244,-86.57320781
901636653,2019,5,2,1900,Weekday,2-Car,No injury/unknown,SPEED TOO FAST FOR WEATHER CONDITIONS,ROLL & S CURRY PIKE,39.14744,-86.582592
901669082,2019,7,6,1600,Weekday,2-Car,Non-incapacitating,FOLLOWING TOO CLOSELY,CURRY PIKE & ROLL,39.14744,-86.582592
901563930,2019,1,2,1400,Weekday,2-Car,No injury/unknown,FAILURE TO YIELD RIGHT OF WAY,MILLER & WALNUT ST,39.14721203,-86.53262102
901652665,2019,6,6,1300,Weekday,2-Car,No injury/unknown,FOLLOWING TOO CLOSELY,MILLER & WALNUT ST,39.14721203,-86.53262102
901710497,2019,10,3,1700,Weekday,3+ Cars,Non-incapacitating,FOLLOWING TOO CLOSELY,CURRY PIKE & ROLL,39.1472,-86.58259
901613689,2019,4,3,200,Weekday,2-Car,No injury/unknown,OTHER (DRIVER) - EXPLAIN IN NARRATIVE,CURRY PIKE & ROLL,39.14716534,-86.582592
901698357,2019,9,2,600,Weekday,2-Car,No injury/unknown,FAILURE TO YIELD RIGHT OF WAY,E MILLER & S HENDERSON ST,39.147152,-86.526896
901590036,2019,2,6,1900,Weekend,2-Car,Non-incapacitating,FOLLOWING TOO CLOSELY,CONSITUTION & LIBERTY DR,39.14710614,-86.57621208
901714681,2019,10,3,1600,Weekday,2-Car,Incapacitating,OTHER (DRIVER) - EXPLAIN IN NARRATIVE,EAST MILLER DR & HIGHLAND,39.146992,-86.517392
901611737,2019,3,4,2000,Weekday,2-Car,No injury/unknown,UNSAFE BACKING,WALNUT ST,39.146984,-86.532672
901612986,2019,4,1,1500,Weekend,Pedestrian,Non-incapacitating,UNSAFE BACKING,SOUTH WALNUT ST,39.146984,-86.532672
901605532,2019,3,3,900,Weekday,Moped/Motorcycle,Incapacitating,FAILURE TO YIELD RIGHT OF WAY,E MILLER & S WALNUT ST,39.146944,-86.532544
901620268,2019,4,2,1300,Weekday,2-Car,No injury/unknown,FAILURE TO YIELD RIGHT OF WAY,E MILLER & S WALNUT ST,39.146944,-86.532544
901633523,2019,5,2,1500,Weekday,2-Car,No injury/unknown,FOLLOWING TOO CLOSELY,MILLER & S WALNUT ST,39.146944,-86.532544
901704299,2019,10,6,1900,Weekend,2-Car,No injury/unknown,FOLLOWING TOO CLOSELY,MILLER & S WALNUT ST,39.146944,-86.532544
901734726,2019,11,3,700,Weekday,Pedestrian,Non-incapacitating,PEDESTRIAN ACTION,MILLER & WALNUT ST,39.146944,-86.532544
901748037,2019,12,3,1600,Weekday,2-Car,No injury/unknown,FAILURE TO YIELD RIGHT OF WAY,MILLER & WALNUT ST,39.146944,-86.532544
901640630,2019,5,3,1800,Weekday,Pedestrian,Non-incapacitating,PEDESTRIAN ACTION,HENDERSON & MILLER DR,39.14691,-86.52693
901592338,2019,2,3,1800,Weekday,Pedestrian,Non-incapacitating,UNSAFE BACKING,SOUTH LIBERTY DR,39.14689796,-86.57707369
901714391,2019,10,3,1100,Weekday,2-Car,Non-incapacitating,FOLLOWING TOO CLOSELY,MILLER DR & WALNUT,39.14689,-86.53266731
901578505,2019,1,2,1700,Weekday,Bus,No injury/unknown,LEFT OF CENTER,HIGHLAND & MILLER DR,39.14680917,-86.51745297
901713812,2019,10,1,1600,Weekend,2-Car,No injury/unknown,FAILURE TO YIELD RIGHT OF WAY,HIGHLAND AVE & MILLER,39.14680917,-86.51745297
901639035,2019,5,6,1200,Weekday,2-Car,No injury/unknown,FAILURE TO YIELD RIGHT OF WAY,BURKS & S WALNUT ST PIKE,39.14669781,-86.52672
901584463,2019,2,6,1500,Weekday,2-Car,No injury/unknown,FAILURE TO YIELD RIGHT OF WAY,COUNTRY CLUB & S WALNUT ST,39.14653671,-86.53111
901693417,2019,9,7,2200,Weekend,1-Car,No injury/unknown,RAN OFF ROAD RIGHT,QUEENS WAY,39.146496,-86.507072
901576578,2019,1,4,1400,Weekday,1-Car,Non-incapacitating,OVERCORRECTING/OVERSTEERING,SOUTH ROCKPORT & SOUTH ROGERS ST,39.146448,-86.5388
901683436,2019,8,2,700,Weekday,Moped/Motorcycle,Non-incapacitating,FAILURE TO YIELD RIGHT OF WAY,S ROCKPORT & S ROGERS ST,39.146448,-86.5388
901605844,2019,3,6,2300,Weekend,1-Car,No injury/unknown,OTHER (DRIVER) - EXPLAIN IN NARRATIVE,S ROGERS ST,39.146128,-86.538784
901610086,2019,3,7,1700,Weekend,2-Car,Non-incapacitating,FAILURE TO YIELD RIGHT OF WAY,W STATE ROAD 45 RD,39.14601004,-86.57589207
901618449,2019,4,6,1600,Weekday,2-Car,No injury/unknown,UNSAFE BACKING,W ST RD 45 RD,39.146001,-86.575876
901691553,2019,9,3,2100,Weekday,Cyclist,Non-incapacitating,OTHER LIGHTS DEFECTIVE,OAKDALE DR & PECAN,39.14592125,-86.56951267
901631802,2019,5,6,1000,Weekday,2-Car,Non-incapacitating,FOLLOWING TOO CLOSELY,S WALNUT ST,39.145848,-86.532216
901627010,2019,5,3,1300,Weekday,3+ Cars,No injury/unknown,FOLLOWING TOO CLOSELY,S CURRY PIKE & W WOODLYN,39.14584,-86.58261
901608592,2019,3,2,1600,Weekday,1-Car,No injury/unknown,RAN OFF ROAD RIGHT,S HIGH ST,39.14575966,-86.50822911
901635328,2019,5,6,1300,Weekday,2-Car,No injury/unknown,UNSAFE BACKING,2ND ST,39.14564462,-86.57660241
901636627,2019,5,2,1700,Weekday,2-Car,Non-incapacitating,FOLLOWING TOO CLOSELY,LIBERTY & SR45W,39.14563768,-86.57674521
901584913,2019,2,7,1400,Weekend,2-Car,No injury/unknown,FOLLOWING TOO CLOSELY,OAKDALE DR,39.145467,-86.568052
901712924,2019,10,7,1900,Weekend,2-Car,No injury/unknown,UNSAFE BACKING,HENDERSON ST,39.145362,-86.526945
901572389,2019,1,5,1400,Weekday,1-Car,No injury/unknown,OTHER (DRIVER) - EXPLAIN IN NARRATIVE,LIBERTY DR,39.145264,-86.577616
901635439,2019,5,7,1100,Weekend,2-Car,No injury/unknown,OTHER (DRIVER) - EXPLAIN IN NARRATIVE,LIBERTY DR,39.145264,-86.577616
901680820,2019,8,3,1200,Weekday,2-Car,No injury/unknown,OTHER (DRIVER) - EXPLAIN IN NARRATIVE,S LIBERTY DR,39.145264,-86.577616
901721235,2019,11,1,1000,Weekend,2-Car,No injury/unknown,,500 S LIBERTY DR DR,39.145264,-86.577616
901630383,2019,5,2,2000,Weekday,3+ Cars,No injury/unknown,RAN OFF ROAD RIGHT,S OAKDALE DR,39.14519,-86.568647
901615356,2019,4,6,1700,Weekday,3+ Cars,No injury/unknown,DRIVER DISTRACTED - EXPLAIN IN NARRATIVE,LIBERTY & SR45W,39.145152,-86.5776
901728377,2019,11,4,2000,Weekday,2-Car,No injury/unknown,FAILURE TO YIELD RIGHT OF WAY,LIBERTY & SR45W,39.145152,-86.5776
901586459,2019,2,2,1300,Weekday,2-Car,Non-incapacitating,FOLLOWING TOO CLOSELY,BLOOMFIELD RD & S LIBERTY,39.14508912,-86.57783657
901687696,2019,9,3,1400,Weekday,2-Car,Non-incapacitating,FAILURE TO YIELD RIGHT OF WAY,BLOOMFIELD RD & LIBERTY,39.14507664,-86.57782853
901571581,2019,1,5,1600,Weekday,Bus,Non-incapacitating,FOLLOWING TOO CLOSELY,S LIBERTY & SR45E,39.14507343,-86.57774464
901646568,2019,6,1,1600,Weekend,2-Car,Non-incapacitating,FAILURE TO YIELD RIGHT OF WAY,S LIBERTY & SR45W,39.14502002,-86.57777018
901589455,2019,2,1,1700,Weekend,2-Car,No injury/unknown,IMPROPER TURNING,SOUTH LIBERTY DR & SR45W,39.14500942,-86.57776354
901602979,2019,3,4,700,Weekday,2-Car,No injury/unknown,FAILURE TO YIELD RIGHT OF WAY,LIBERTY & SR45W,39.14500942,-86.57776354
901626116,2019,5,2,700,Weekday,3+ Cars,Non-incapacitating,FAILURE TO YIELD RIGHT OF WAY,LIBERTY & SR45W,39.14500942,-86.57776354
901662917,2019,7,7,1300,Weekend,2-Car,No injury/unknown,DISREGARD SIGNAL/REG SIGN,S LIBERTY & SR45E,39.14500942,-86.57776354
901670769,2019,8,3,1700,Weekday,2-Car,No injury/unknown,FOLLOWING TOO CLOSELY,LIBERTY & SR45W,39.14500942,-86.57776354
901567945,2019,1,1,1600,Weekend,2-Car,No injury/unknown,FAILURE TO YIELD RIGHT OF WAY,E NORTH & S HENDERSON ST,39.144848,-86.526848
901674052,2019,8,3,1700,Weekday,2-Car,No injury/unknown,FAILURE TO YIELD RIGHT OF WAY,HENDERSON ST & NORTH,39.144848,-86.526848
901649131,2019,6,3,800,Weekday,2-Car,No injury/unknown,IMPROPER LANE USAGE,DODDS ST & MADISON ST ST,39.14477309,-86.53749011
901604062,2019,3,6,1200,Weekday,2-Car,No injury/unknown,FOLLOWING TOO CLOSELY,NORTH & S WALNUT ST,39.144752,-86.531888
901751160,2019,12,3,1500,Weekday,2-Car,No injury/unknown,DRIVER DISTRACTED - EXPLAIN IN NARRATIVE,NORTH & WALNUT ST,39.144752,-86.531888
901575206,2019,1,5,700,Weekday,2-Car,No injury/unknown,SPEED TOO FAST FOR WEATHER CONDITIONS,S HENDERSON & SUMMITVIEW PL,39.14455,-86.52696
901719882,2019,11,5,1700,Weekday,2-Car,No injury/unknown,UNSAFE BACKING,HENDERSON & NORTH DR,39.14455,-86.52696
901692828,2019,9,6,800,Weekday,2-Car,No injury/unknown,FOLLOWING TOO CLOSELY,CURRY PIKE PIKE & FLEN OAKS DRIVE,39.14451979,-86.58262029
901669217,2019,7,7,200,Weekend,1-Car,No injury/unknown,ANIMAL/OBJECT IN ROADWAY,S CURRY PIKE,39.14438,-86.582592
901726770,2019,11,2,2200,Weekday,1-Car,No injury/unknown,ANIMAL/OBJECT IN ROADWAY,MCCARTNEY & S SARE RD,39.14430991,-86.49695992
901608217,2019,3,1,1600,Weekend,Moped/Motorcycle,Fatal,IMPROPER LANE USAGE,SR37S & ZIKES,39.14426308,-86.53635211
901609444,2019,3,5,1500,Weekday,2-Car,No injury/unknown,FOLLOWING TOO CLOSELY,NORTH DR & SOUTH WALNUT,39.14411,-86.53181
901714588,2019,10,3,1400,Weekday,Pedestrian,Non-incapacitating,FAILURE TO YIELD RIGHT OF WAY,NORTH & WALNUT ST,39.14394906,-86.53165044
901602981,2019,3,4,700,Weekday,2-Car,No injury/unknown,FAILURE TO YIELD RIGHT OF WAY,CURRY PIKE & INDUSTRIAL,39.143808,-86.582592
901618504,2019,4,6,1600,Weekday,2-Car,No injury/unknown,OTHER (DRIVER) - EXPLAIN IN NARRATIVE,INDUSTRIAL BLVD,39.143808,-86.582592
901628778,2019,5,7,1100,Weekend,2-Car,No injury/unknown,BRAKE FAILURE OR DEFECTIVE,CURRY PIKE & INDUSTRIAL,39.143808,-86.582592
901665619,2019,7,5,1000,Weekday,Bus,No injury/unknown,OTHER (DRIVER) - EXPLAIN IN NARRATIVE,INDUSTRIAL BLVD,39.143808,-86.582592
901711722,2019,10,5,1300,Weekday,1-Car,No injury/unknown,SPEED TOO FAST FOR WEATHER CONDITIONS,CURRY PIKE & INDUSTRIAL,39.143808,-86.582592
901657942,2019,7,4,500,Weekday,1-Car,No injury/unknown,OTHER (DRIVER) - EXPLAIN IN NARRATIVE,S SARE RD,39.143772,-86.496832
901679344,2019,8,6,500,Weekday,1-Car,No injury/unknown,OTHER (DRIVER) - EXPLAIN IN NARRATIVE,900 N DANIELS & SR48W,39.14370551,-86.59907373
901627825,2019,5,5,1000,Weekday,2-Car,Non-incapacitating,FAILURE TO YIELD RIGHT OF WAY,SR45W & WALMART,39.14367457,-86.5803659
901569080,2019,1,3,600,Weekday,2-Car,Non-incapacitating,OTHER (DRIVER) - EXPLAIN IN NARRATIVE,SR45W & WALMART,39.14365793,-86.58033371
901646259,2019,6,6,900,Weekday,1-Car,No injury/unknown,OTHER (DRIVER) - EXPLAIN IN NARRATIVE,SOUTH ROCKPORT RD,39.14361119,-86.54152549
901748188,2019,12,3,2200,Weekday,2-Car,Non-incapacitating,FAILURE TO YIELD RIGHT OF WAY,INDUSTRIAL & STATE ROAD 45 RD,39.14359979,-86.58031024
901740795,2019,12,5,1200,Weekday,2-Car,No injury/unknown,DISREGARD SIGNAL/REG SIGN,SR45W & W INDUSTRIAL,39.143552,-86.580528
901628609,2019,5,6,1600,Weekday,1-Car,Non-incapacitating,RAN OFF ROAD RIGHT,JED & ROGERS ST,39.14348133,-86.538704
901674245,2019,8,3,1300,Weekday,2-Car,No injury/unknown,IMPROPER PASSING,3RD & LIBERTY DR,39.14344952,-86.57913641
901628195,2019,5,6,600,Weekday,2-Car,No injury/unknown,UNSAFE BACKING,COUNTRYSIDE LN & ZANA,39.14317,-86.54633731
901616316,2019,4,1,600,Weekend,Cyclist,Incapacitating,FAILURE TO YIELD RIGHT OF WAY,COUNTRYSIDE LN & CUTTER,39.14314,-86.54469
901664035,2019,7,2,1800,Weekday,2-Car,No injury/unknown,OTHER (DRIVER) - EXPLAIN IN NARRATIVE,SR37S & TAPP,39.14310212,-86.57320781
901625849,2019,5,2,200,Weekday,1-Car,No injury/unknown,RAN OFF ROAD RIGHT,500 BASSWOOD DR & BASSWOOD,39.14271973,-86.57140464
901719053,2019,11,3,2000,Weekday,1-Car,No injury/unknown,ANIMAL/OBJECT IN ROADWAY,BLOOMFIELD & SR37S,39.14265302,-86.57296346
901686577,2019,9,7,800,Weekend,1-Car,No injury/unknown,OTHER (DRIVER) - EXPLAIN IN NARRATIVE,ENDWRIGHT RD,39.142633,-86.596312
901678625,2019,8,5,1600,Weekday,2-Car,No injury/unknown,FOLLOWING TOO CLOSELY,CURRY & SR45W,39.14261099,-86.5818194
901648939,2019,6,5,1400,Weekday,1-Car,No injury/unknown,OTHER (ENVIRONMENTAL) - EXPLAIN IN NARR,WAPEHANI & WEIMER RD,39.142608,-86.562048
901724141,2019,11,4,1500,Weekday,2-Car,No injury/unknown,FAILURE TO YIELD RIGHT OF WAY,WALNUT ST,39.142555,-86.531238
901689916,2019,9,1,1100,Weekend,3+ Cars,No injury/unknown,FOLLOWING TOO CLOSELY,S WALNUT ST & W HOOSIER,39.14253563,-86.53144
901592490,2019,2,5,700,Weekday,Pedestrian,Non-incapacitating,PEDESTRIAN ACTION,JOY & ROGERS ST,39.14242078,-86.53893392
901610903,2019,3,1,1400,Weekend,2-Car,No injury/unknown,OTHER (DRIVER) - EXPLAIN IN NARRATIVE,SR45 HWY,39.14239004,-86.58196411
901571437,2019,1,3,1900,Weekday,2-Car,No injury/unknown,OTHER (DRIVER) - EXPLAIN IN NARRATIVE,WEST STATE ROAD 45 RD,39.142381,-86.581967
901572357,2019,1,7,1200,Weekend,2-Car,No injury/unknown,UNSAFE BACKING,STATE ROAD 45 RD,39.142381,-86.581967
901578719,2019,1,2,1100,Weekday,3+ Cars,No injury/unknown,UNSAFE SPEED,W ST RD 45 RD,39.142381,-86.581967
901628350,2019,5,5,1700,Weekday,2-Car,No injury/unknown,DRIVER DISTRACTED - EXPLAIN IN NARRATIVE,W SR 45 RD,39.142381,-86.581967
901567189,2019,1,6,2100,Weekend,2-Car,No injury/unknown,SPEED TOO FAST FOR WEATHER CONDITIONS,SWEETBRIAR & WYLIE FARM RD,39.14209,-86.52551
901593554,2019,2,7,1300,Weekend,2-Car,Non-incapacitating,DISREGARD SIGNAL/REG SIGN,LEONARD SPRINGS & SR45W,39.142048,-86.582592
901609146,2019,3,4,1600,Weekday,2-Car,No injury/unknown,FAILURE TO YIELD RIGHT OF WAY,LEONARD SPRINGS & SR45E,39.142048,-86.582592
901615188,2019,4,5,1600,Weekday,3+ Cars,No injury/unknown,OTHER (DRIVER) - EXPLAIN IN NARRATIVE,LEONARD SPRINGS RD & SR45W,39.142048,-86.582592
901617924,2019,4,5,1800,Weekday,2-Car,No injury/unknown,UNSAFE BACKING,S LEONARD SPRINGS RD,39.142048,-86.582592
901649132,2019,6,6,900,Weekday,2-Car,No injury/unknown,FOLLOWING TOO CLOSELY,CURRY PK & SR 45 RTE,39.142048,-86.582592
901656020,2019,6,4,1600,Weekday,2-Car,No injury/unknown,FAILURE TO YIELD RIGHT OF WAY,LEONARD SPRINGS & SR45W,39.142048,-86.582592
901659615,2019,7,7,1200,Weekend,2-Car,No injury/unknown,UNSAFE LANE MOVEMENT,S LEONARD SPRINGS & SR45W,39.142048,-86.582592
901661244,2019,7,3,1600,Weekday,2-Car,No injury/unknown,FOLLOWING TOO CLOSELY,CURRY & SR45W,39.142048,-86.582592
901675165,2019,8,5,1600,Weekday,2-Car,No injury/unknown,DRIVER ILLNESS,CURRY PIKE & SR45,39.142048,-86.582592
901700761,2019,9,6,1600,Weekday,2-Car,No injury/unknown,OTHER (VEHICLE) - EXPLAIN IN NARRATIVE,S LEONARD SPRINGS RD & SR45,39.142048,-86.582592
901718656,2019,10,2,1400,Weekday,2-Car,No injury/unknown,FOLLOWING TOO CLOSELY,CURRY & SR45W,39.142048,-86.582592
901724252,2019,11,5,2000,Weekday,2-Car,No injury/unknown,FAILURE TO YIELD RIGHT OF WAY,CURRY PIKE & SR45,39.142048,-86.582592
901593236,2019,2,6,700,Weekday,2-Car,Non-incapacitating,OTHER (DRIVER) - EXPLAIN IN NARRATIVE,BLOOMFIELD RD & CURRY,39.14202701,-86.58260822
901615346,2019,4,6,1800,Weekday,2-Car,Non-incapacitating,IMPROPER LANE USAGE,CURRY PIKE & SR 45,39.14195,-86.58259
901720604,2019,11,6,1700,Weekday,2-Car,No injury/unknown,DRIVER DISTRACTED - EXPLAIN IN NARRATIVE,LEONARD SPRINGS RD & SR45W,39.14191534,-86.582572
901588845,2019,1,3,1500,Weekday,Bus,No injury/unknown,FAILURE TO YIELD RIGHT OF WAY,CLARIZZ & COVENANTER DR,39.14191047,-86.49056252
901610685,2019,3,2,1400,Weekday,2-Car,No injury/unknown,FOLLOWING TOO CLOSELY,S HENDERSON ST & WYLIE FARM,39.14191,-86.52694
901633762,2019,5,3,2000,Weekday,Pedestrian,Incapacitating,UNSAFE BACKING,S LEONARD SPRINGS RD,39.14187494,-86.58259037
901669228,2019,7,1,1200,Weekend,2-Car,No injury/unknown,UNSAFE BACKING,S LEONARD SPRINGS ROAD RD,39.14187494,-86.58259037
901698697,2019,9,3,1400,Weekday,Pedestrian,Non-incapacitating,FAILURE TO YIELD RIGHT OF WAY,S LEONARD SPRINGS RD,39.14187494,-86.58259037
901707706,2019,10,4,1400,Weekday,2-Car,No injury/unknown,UNSAFE BACKING,S LEONARD SPRINGS RD,39.14187494,-86.58259037
901628581,2019,5,6,1800,Weekday,2-Car,No injury/unknown,FAILURE TO YIELD RIGHT OF WAY,WEST STATE ROAD 45 HWY,39.141847,-86.582755
901642484,2019,6,6,1400,Weekday,2-Car,Non-incapacitating,DRIVER DISTRACTED - EXPLAIN IN NARRATIVE,S WALNUT ST & SOUTH,39.14173578,-86.53114736
901682300,2019,8,6,700,Weekday,1-Car,No injury/unknown,OTHER (DRIVER) - EXPLAIN IN NARRATIVE,S BROWN AVE,39.14159445,-86.54202808
901602828,2019,3,3,1600,Weekday,2-Car,Non-incapacitating,FOLLOWING TOO CLOSELY,LEONARD SPRINGS & SR45W,39.14145928,-86.58418054
901591615,2019,2,3,1200,Weekday,Bus,No injury/unknown,UNSAFE BACKING,S ROCKPORT RD,39.14144,-86.543632
901649461,2019,6,7,500,Weekend,2-Car,No injury/unknown,IMPROPER LANE USAGE,SOUTH & WALNUT ST,39.14138005,-86.53088525
901642980,2019,6,6,700,Weekday,3+ Cars,No injury/unknown,FOLLOWING TOO CLOSELY,CURRY & SR45W,39.14134894,-86.58450352
901618423,2019,4,6,1400,Weekday,2-Car,No injury/unknown,FAILURE TO YIELD RIGHT OF WAY,S ROGERS ST & W COOLIDGE,39.141328,-86.538528
901731061,2019,11,3,800,Weekday,2-Car,No injury/unknown,UNSAFE BACKING,WOOLERY MILL RD,39.14127968,-86.55037477
901687952,2019,9,4,800,Weekday,2-Car,Non-incapacitating,UNSAFE SPEED,COOLIDGE & ROCKPORT RD,39.14127899,-86.54379699
901710512,2019,10,3,1500,Weekday,2-Car,Non-incapacitating,FOLLOWING TOO CLOSELY,COOLIDGE & RODGERS ST,39.14125315,-86.53882921
901577513,2019,1,1,2300,Weekday,3+ Cars,No injury/unknown,RAN OFF ROAD RIGHT,COOLIDGE & ROGERS ST,39.14124,-86.53881
901713917,2019,10,2,1500,Weekday,1-Car,No injury/unknown,UNSAFE SPEED,BENT TREE DR & WYLIE FARM,39.14108,-86.52172
901703771,2019,10,5,2000,Weekday,2-Car,No injury/unknown,OTHER (DRIVER) - EXPLAIN IN NARRATIVE,SOUTH ROCKPORT RD,39.14106,-86.544119
901724087,2019,11,5,1300,Weekday,2-Car,Non-incapacitating,OTHER TELEMATICS IN USE,SOUTH ROCKPORT RD,39.14106,-86.544119
901635492,2019,5,6,1600,Weekday,2-Car,No injury/unknown,UNSAFE BACKING,SARE & SPICEWOOD LN,39.14093,-86.49658
901645278,2019,6,5,900,Weekday,1-Car,No injury/unknown,OTHER (ENVIRONMENTAL) - EXPLAIN IN NARR,SPICER LANE LN,39.14071977,-86.6529525
901572808,2019,1,1,300,Weekend,1-Car,Non-incapacitating,RAN OFF ROAD RIGHT,POINTE & STRAIN RIDGE RD,39.14031428,-86.51688
901727730,2019,11,3,800,Weekday,2-Car,No injury/unknown,OTHER (DRIVER) - EXPLAIN IN NARRATIVE,BALFOUR & NORTH JORDAN AVE,39.14009301,-86.51259988
901727041,2019,11,3,1000,Weekday,2-Car,No injury/unknown,FAILURE TO YIELD RIGHT OF WAY,FORD & GRAHAM DR,39.14001101,-86.54112041