Master Record Number,Year,Month,Day,Hour,Weekend,Collision Type,Injury Type,Primary Factor,Reported_Location,Latitude,Longitude
901645722,2019,6,6,700,Weekday,2-Car,Non-incapacitating,FOLLOWING TOO CLOSELY,HILLSIDE & ROGERS ST,39.13999935,-86.53876
901593669,2019,2,7,1900,Weekend,2-Car,No injury/unknown,FOLLOWING TOO CLOSELY,S ROGERS ST & W GRAHAM,39.13992,-86.538416
901772492,2019,12,4,2300,Weekday,1-Car,No injury/unknown,RAN OFF ROAD RIGHT,AIRPORT & ENDWRIGHT RD,39.13986897,-86.59634723
901638232,2019,5,4,1400,Weekday,2-Car,No injury/unknown,OTHER (DRIVER) - EXPLAIN IN NARRATIVE,10TH & CAMPBELL ST,39.13986101,-86.51394
901650997,2019,6,3,1000,Weekday,1-Car,No injury/unknown,ANIMAL/OBJECT IN ROADWAY,SR37S & W TAPP,39.13978646,-86.57292991
901612963,2019,4,1,1900,Weekday,1-Car,No injury/unknown,UNSAFE SPEED,BRYAN & GRAHAM DR,39.13976,-86.53642
901712983,2019,10,1,300,Weekend,2-Car,No injury/unknown,OTHER (DRIVER) - EXPLAIN IN NARRATIVE,S FORRESTER DR,39.139587,-86.492698
901607579,2019,3,1,2300,Weekday,2-Car,No injury/unknown,OTHER (DRIVER) - EXPLAIN IN NARRATIVE,PINE MEADOWS DR & TWIN OAKS VALLEY,39.139576,-86.55035399
901737012,2019,12,5,1900,Weekday,2-Car,No injury/unknown,IMPROPER LANE USAGE,S HIGHLAND AVE,39.13951412,-86.51756532
901750376,2019,12,2,900,Weekday,2-Car,No injury/unknown,IMPROPER TURNING,S HIGHLAND AVE,39.13951412,-86.51756532
901647781,2019,6,3,1600,Weekday,2-Car,No injury/unknown,IMPROPER TURNING,S HIGHLAND AVE,39.13950428,-86.51762373
901729751,2019,11,7,1600,Weekend,1-Car,Non-incapacitating,RAN OFF ROAD RIGHT,TAPP & WEIMER RD,39.13925856,-86.56203042
901747337,2019,12,2,1700,Weekday,2-Car,No injury/unknown,FOLLOWING TOO CLOSELY,BUTTONWOOD & SARE RD,39.13920969,-86.49654015
901584962,2019,2,7,1500,Weekend,2-Car,No injury/unknown,UNSAFE BACKING,E GRAHAM PL,39.138811,-86.528022
901642688,2019,6,6,1400,Weekday,1-Car,No injury/unknown,UNSAFE SPEED,HENNESSEY & ROCKPORT RD,39.13875444,-86.55672021
901659467,2019,7,6,1800,Weekday,2-Car,No injury/unknown,UNSAFE BACKING,S  OLD ST RD 37 RD,39.138688,-86.465968
901617777,2019,4,3,1500,Weekday,1-Car,No injury/unknown,OTHER (VEHICLE) - EXPLAIN IN NARRATIVE,SR37S & TAPP,39.13868787,-86.57291634
901723897,2019,11,5,800,Weekday,1-Car,Non-incapacitating,OTHER (DRIVER) - EXPLAIN IN NARRATIVE,MULBERRY LN,39.138602,-86.490665
901741854,2019,12,7,200,Weekend,1-Car,No injury/unknown,ANIMAL/OBJECT IN ROADWAY,ROGERS & SMITH RD,39.13858559,-86.48040205
901567130,2019,1,6,2200,Weekend,3+ Cars,No injury/unknown,SPEED TOO FAST FOR WEATHER CONDITIONS,E GRAHAM PL,39.138576,-86.528144
901615517,2019,4,7,1300,Weekend,3+ Cars,Non-incapacitating,OTHER (DRIVER) - EXPLAIN IN NARRATIVE,EASTGATE & SR46W,39.13845082,-86.50147033
901714082,2019,10,2,1900,Weekday,1-Car,No injury/unknown,ANIMAL/OBJECT IN ROADWAY,SR37S & TAPP,39.13841323,-86.57291295
901684028,2019,8,2,1900,Weekday,2-Car,Non-incapacitating,OTHER (DRIVER) - EXPLAIN IN NARRATIVE,SOUTH LEONARD SPRINGS RD & STAPLETON,39.138336,-86.582528
901693696,2019,9,1,2000,Weekday,Moped/Motorcycle,Non-incapacitating,RAN OFF ROAD RIGHT,LEONARD SPRINGS RD & STAPLETON,39.138336,-86.582528
901637531,2019,5,3,800,Weekday,2-Car,No injury/unknown,FOLLOWING TOO CLOSELY,ROGERS ST & SOUTAR,39.13822295,-86.53845
901723541,2019,11,4,1400,Weekday,2-Car,No injury/unknown,INSECURE/LEAKY LOAD,AIRPORT & KIRBY RD,39.13822079,-86.61024005
901563282,2019,1,7,0,Weekend,2-Car,No injury/unknown,IMPROPER LANE USAGE,1ST & FESS ST,39.13817397,-86.52594
901740197,2019,12,4,800,Weekday,1-Car,No injury/unknown,,E HICKORY STICK DR & E WINSLOW FARM,39.1381704,-86.52016671
901639526,2019,5,1,2000,Weekday,2-Car,No injury/unknown,OBSTRUCTION NOT MARKED,LEONARD SPRINGS & SR45W,39.13805706,-86.59176662
901574638,2019,1,4,500,Weekday,2-Car,No injury/unknown,,S WINSLOW CT,39.13794514,-86.524
901615949,2019,4,6,2300,Weekend,1-Car,No injury/unknown,ANIMAL/OBJECT IN ROADWAY,AIRPORT & SR45W,39.13785055,-86.59211256
901616998,2019,4,3,1600,Weekday,2-Car,No injury/unknown,FAILURE TO YIELD RIGHT OF WAY,N WALNUT ST & SOUTH OLD STATE ROAD 37,39.137744,-86.530288
901629884,2019,5,2,1300,Weekday,2-Car,Incapacitating,LEFT OF CENTER,SR37N & TAPP,39.13772661,-86.57290448
901655188,2019,6,4,1700,Weekday,2-Car,No injury/unknown,UNSAFE BACKING,SOUTH CURRY PIKE,39.13753631,-86.582655
901666135,2019,7,6,1700,Weekday,2-Car,No injury/unknown,UNSAFE BACKING,S WALNUT ST,39.137392,-86.529936
901723893,2019,11,5,800,Weekday,1-Car,No injury/unknown,OTHER (VEHICLE) - EXPLAIN IN NARRATIVE,RIDGEVIEW & S WALNUT ST,39.13725282,-86.53144
901676241,2019,8,1,1600,Weekend,Moped/Motorcycle,Non-incapacitating,UNSAFE LANE MOVEMENT,HENDERSON ST & WINSLOW,39.13724251,-86.52678154
901603740,2019,3,5,2000,Weekday,2-Car,No injury/unknown,UNSAFE BACKING,MADISON ST & WATSON,39.1372,-86.537088
901732036,2019,11,6,1700,Weekday,2-Car,No injury/unknown,FOLLOWING TOO CLOSELY,AIRPORT & SR45W,39.13718219,-86.59323219
901593418,2019,2,6,1600,Weekday,2-Car,No injury/unknown,FAILURE TO YIELD RIGHT OF WAY,S OLD STATE ROAD 37 RD,39.137088,-86.53056
901656860,2019,7,1,1400,Weekend,2-Car,No injury/unknown,OTHER (DRIVER) - EXPLAIN IN NARRATIVE,S OLD SR 37 RD,39.137088,-86.53056
901603172,2019,3,4,1600,Weekday,2-Car,No injury/unknown,SPEED TOO FAST FOR WEATHER CONDITIONS,RAYLE & TAPP RD,39.13704,-86.577504
901605384,2019,3,7,2300,Weekend,2-Car,No injury/unknown,DISREGARD SIGNAL/REG SIGN,SR37S & W TAPP,39.13704,-86.572896
901637899,2019,5,4,2200,Weekday,1-Car,No injury/unknown,ANIMAL/OBJECT IN ROADWAY,LEONARD SPRINGS RD & TAPP,39.13704,-86.582512
901655799,2019,7,6,700,Weekday,2-Car,No injury/unknown,OTHER (VEHICLE) - EXPLAIN IN NARRATIVE,SR37S & W TAPP,39.13704,-86.572896
901667154,2019,7,2,1700,Weekday,2-Car,No injury/unknown,FOLLOWING TOO CLOSELY,LEONARD SPRING RD & TAPP,39.13704,-86.582512
901673937,2019,8,3,700,Weekday,3+ Cars,No injury/unknown,DISREGARD SIGNAL/REG SIGN,SR37S & TAPP,39.13704,-86.572896
901675996,2019,8,5,1800,Weekday,2-Car,No injury/unknown,IMPROPER TURNING,SR37S & TAPP,39.13704,-86.572896
901686002,2019,9,5,1400,Weekday,2-Car,No injury/unknown,FOLLOWING TOO CLOSELY,SR37S & TAPP,39.13704,-86.572896
901687694,2019,9,2,1000,Weekday,2-Car,No injury/unknown,FAILURE TO YIELD RIGHT OF WAY,SR37 & W TAPP RD,39.13704,-86.572896
901689657,2019,9,7,900,Weekend,2-Car,No injury/unknown,FAILURE TO YIELD RIGHT OF WAY,S LEONARD SPRINGS RD & W TAPP,39.13704,-86.582512
901696327,2019,9,6,800,Weekday,2-Car,No injury/unknown,DISREGARD SIGNAL/REG SIGN,SR37 & TAPP,39.13704,-86.572896
901744968,2019,12,6,1600,Weekday,2-Car,Non-incapacitating,FOLLOWING TOO CLOSELY,SR37S & TAPP,39.13704,-86.572896
901651006,2019,6,3,1000,Weekday,2-Car,No injury/unknown,UNSAFE LANE MOVEMENT,SR37 & TAPP RD,39.13701449,-86.57219163
901656200,2019,7,6,1800,Weekday,2-Car,No injury/unknown,BRAKE FAILURE OR DEFECTIVE,SR37N & W TAPP,39.13687521,-86.572896
901668639,2019,7,5,1700,Weekday,1-Car,No injury/unknown,OTHER (DRIVER) - EXPLAIN IN NARRATIVE,WEST AIRPORT RD,39.13686477,-86.60612717
901573312,2019,1,2,1400,Weekday,2-Car,No injury/unknown,DISREGARD SIGNAL/REG SIGN,AIRPORT & SR45W,39.136848,-86.593792
901577700,2019,1,6,2300,Weekend,1-Car,No injury/unknown,DRIVER DISTRACTED - EXPLAIN IN NARRATIVE,SR45W & W AIRPORT,39.136848,-86.593792
901588434,2019,1,6,2300,Weekend,1-Car,No injury/unknown,CELL PHONE USAGE,AIRPORT & SR45W,39.136848,-86.593792
901613638,2019,4,2,800,Weekday,2-Car,No injury/unknown,FOLLOWING TOO CLOSELY,AIRPORT & SR45E,39.136848,-86.593792
901642010,2019,6,5,1400,Weekday,2-Car,Non-incapacitating,UNSAFE SPEED,AIRPORT & SR45W,39.136848,-86.593792
901650861,2019,6,6,0,Weekday,1-Car,Non-incapacitating,UNSAFE SPEED,SR45 & W AIRPORT RD,39.136848,-86.593792
901679748,2019,8,1,2000,Weekday,1-Car,No injury/unknown,RAN OFF ROAD RIGHT,AIRPORT & ENDRIGHT RD,39.136848,-86.5964
901682275,2019,8,5,1300,Weekday,2-Car,No injury/unknown,FOLLOWING TOO CLOSELY,AIRPORT & SR45W,39.136848,-86.593792
901698837,2019,9,4,1900,Weekday,2-Car,No injury/unknown,FAILURE TO YIELD RIGHT OF WAY,BUNGER & WEST AIRPORT RD,39.136848,-86.606
901730335,2019,11,2,700,Weekday,2-Car,No injury/unknown,DISREGARD SIGNAL/REG SIGN,AIRPORT & SR45W,39.136848,-86.593792
901575041,2019,1,5,400,Weekday,2-Car,No injury/unknown,SPEED TOO FAST FOR WEATHER CONDITIONS,LEONARD SPRINGS RD & TAPP,39.13683,-86.58261
901642719,2019,6,7,1500,Weekend,2-Car,No injury/unknown,FOLLOWING TOO CLOSELY,LEONARD SPRINGS & TAPP RD,39.13683,-86.58261
901680458,2019,8,2,1800,Weekday,Cyclist,Non-incapacitating,FAILURE TO YIELD RIGHT OF WAY,LEONARD SPRINGS RD & TAPP,39.13683,-86.58261
901735160,2019,11,3,1100,Weekday,2-Car,Non-incapacitating,LEFT OF CENTER,DANLYAN & TAPP RD,39.13679972,-86.57611995
901580385,2019,1,5,2300,Weekday,2-Car,No injury/unknown,OTHER (DRIVER) - EXPLAIN IN NARRATIVE,STATE ROAD 45 RD,39.136783,-86.593838
901719317,2019,11,4,1600,Weekday,2-Car,No injury/unknown,FOLLOWING TOO CLOSELY,SR37S & W TAPP,39.13676196,-86.57320781
901644818,2019,6,4,1200,Weekday,1-Car,Non-incapacitating,RAN OFF ROAD RIGHT,WALNUT ST & WINSLOW,39.13675123,-86.52690411
901575727,2019,1,5,1400,Weekday,2-Car,No injury/unknown,BRAKE FAILURE OR DEFECTIVE,REX GROSSMAN BLVD,39.136739,-86.57087
901584753,2019,2,7,900,Weekend,1-Car,No injury/unknown,SPEED TOO FAST FOR WEATHER CONDITIONS,S ADAMS & W TAPP RD,39.13662,-86.55432298
901637519,2019,5,4,1100,Weekday,2-Car,No injury/unknown,OTHER (DRIVER) - EXPLAIN IN NARRATIVE,S ADAMS & W TAPP RD,39.13662,-86.55431
901711906,2019,10,5,1600,Weekday,2-Car,Non-incapacitating,FOLLOWING TOO CLOSELY,ADAMS & TAPP RD,39.13662,-86.55432731
901751996,2019,12,4,1400,Weekday,1-Car,Non-incapacitating,STEERING FAILURE,S ADAMS & W TAPP RD,39.13661786,-86.55431056
901593823,2019,2,1,900,Weekend,2-Car,No injury/unknown,UNSAFE SPEED,ADAMS & TAPP RD,39.1365673,-86.55430867
901631909,2019,5,6,1900,Weekend,Pedestrian,Non-incapacitating,PEDESTRIAN ACTION,2607 S ADAMS ST & TAPP,39.1365673,-86.55430867
901600753,2019,3,6,800,Weekday,2-Car,Non-incapacitating,OTHER (DRIVER) - EXPLAIN IN NARRATIVE,S WEIMER & W TAPP RD,39.136512,-86.562016
901620064,2019,4,3,800,Weekday,2-Car,Non-incapacitating,FOLLOWING TOO CLOSELY,TAPP RD RD & WEIMER RD,39.136512,-86.562016
901656301,2019,7,6,1200,Weekday,3+ Cars,Non-incapacitating,FOLLOWING TOO CLOSELY,REX GROSSMAN & W TAPP RD RD,39.136512,-86.562016
901657408,2019,7,3,1200,Weekday,2-Car,No injury/unknown,FAILURE TO YIELD RIGHT OF WAY,SO WEIMER & W TAPP RD,39.136512,-86.562016
901698246,2019,9,3,700,Weekday,2-Car,Non-incapacitating,FOLLOWING TOO CLOSELY,S WEIMER & W TAPP RD,39.136512,-86.562016
901569089,2019,1,3,800,Weekday,2-Car,No injury/unknown,IMPROPER PASSING,COUNTRY CLU DR DR & ROCKPORT RD,39.136448,-86.548704
901630433,2019,5,4,200,Weekday,2-Car,Non-incapacitating,FOLLOWING TOO CLOSELY,ROCKPORT & TAPP RD,39.136448,-86.548704
901696152,2019,9,5,1500,Weekday,3+ Cars,No injury/unknown,,S ROCKPORT & W COUNTRY CLUB DR,39.136448,-86.548704
901601301,2019,3,7,2100,Weekend,1-Car,Non-incapacitating,SPEED TOO FAST FOR WEATHER CONDITIONS,HIGH & WINSLOW RD,39.13641362,-86.50834833
901628382,2019,5,6,900,Weekday,2-Car,No injury/unknown,FAILURE TO YIELD RIGHT OF WAY,HIGH ST & ROGERS,39.13641362,-86.50808878
901647663,2019,6,2,1200,Weekday,2-Car,No injury/unknown,FOLLOWING TOO CLOSELY,HIGH ST & ROGERS,39.13641362,-86.50808878
901645987,2019,6,6,1600,Weekday,Moped/Motorcycle,Non-incapacitating,FAILURE TO YIELD RIGHT OF WAY,PINEHURST & TAPP RD,39.13640588,-86.54995501
901700438,2019,9,6,1500,Weekday,2-Car,Non-incapacitating,FOLLOWING TOO CLOSELY,E ROGERS RD & S THE STANDS,39.1364,-86.504896
901641234,2019,6,4,1900,Weekday,2-Car,No injury/unknown,DISREGARD SIGNAL/REG SIGN,ROCKPORT RD & TAPP,39.13635,-86.54875
901691468,2019,9,2,1800,Weekday,2-Car,No injury/unknown,FOLLOWING TOO CLOSELY,ROCKPORT & TAPP RD,39.13635,-86.54875
901707320,2019,10,5,1400,Weekday,2-Car,No injury/unknown,FOLLOWING TOO CLOSELY,COUNTRY CLUB RD & ROCKPORT,39.13635,-86.54876731
901664409,2019,7,2,1700,Weekday,Pedestrian,Non-incapacitating,VIEW OBSTRUCTED,COUNTRY CLUB DR,39.136212,-86.543504
901598432,2019,2,1,1100,Weekend,2-Car,No injury/unknown,UNSAFE BACKING,S WALNUT ST,39.13620872,-86.53099724
901575501,2019,1,5,1200,Weekday,1-Car,No injury/unknown,ROADWAY SURFACE CONDITION,E WINSLOW RD & S HIGH,39.136144,-86.508096
901576141,2019,1,5,1200,Weekday,1-Car,No injury/unknown,ROADWAY SURFACE CONDITION,E WINSLOW RD & S HIGH,39.136144,-86.508096
901577863,2019,1,2,900,Weekday,2-Car,No injury/unknown,FAILURE TO YIELD RIGHT OF WAY,S WALNUT & S WINSLOW RD,39.136144,-86.528688
901584279,2019,2,6,800,Weekday,2-Car,No injury/unknown,FAILURE TO YIELD RIGHT OF WAY,HENDERSON ST & WINSLOW,39.136144,-86.5268
901604279,2019,3,7,800,Weekend,1-Car,No injury/unknown,RAN OFF ROAD RIGHT,ABBY & E WINSLOW RD,39.136144,-86.511296
901612272,2019,4,6,800,Weekday,Bus,No injury/unknown,OTHER (DRIVER) - EXPLAIN IN NARRATIVE,E WINSLOW RD & S HENDERSON,39.136144,-86.5268
901628424,2019,5,6,1200,Weekday,2-Car,No injury/unknown,FAILURE TO YIELD RIGHT OF WAY,WALNUT ST & WINSLOW RD,39.136144,-86.528688
901646000,2019,6,6,1900,Weekend,2-Car,Non-incapacitating,FAILURE TO YIELD RIGHT OF WAY,HENDERSON ST & WINSLOW,39.136144,-86.5268
901689980,2019,9,1,1500,Weekend,2-Car,No injury/unknown,FOLLOWING TOO CLOSELY,WALNUT & WINSLOW RD,39.136144,-86.528688
901690837,2019,9,2,1900,Weekday,2-Car,No injury/unknown,FOLLOWING TOO CLOSELY,ABBY & WINSLOW RD,39.136144,-86.511296
901699868,2019,9,5,1700,Weekday,3+ Cars,No injury/unknown,BRAKE FAILURE OR DEFECTIVE,EAST WINSLOW RD & HENDERSON,39.136144,-86.5268
901704135,2019,10,5,1600,Weekday,2-Car,No injury/unknown,FAILURE TO YIELD RIGHT OF WAY,WALNUT ST & WINSLOW,39.136144,-86.528688
901706457,2019,10,4,800,Weekday,2-Car,No injury/unknown,FAILURE TO YIELD RIGHT OF WAY,WESTMINSTER & WINSLOW RD,39.136144,-86.521888
901716003,2019,10,6,700,Weekday,Bus,No injury/unknown,UNSAFE BACKING,WALNUT ST ST,39.136144,-86.528688
901739716,2019,12,3,1400,Weekday,2-Car,Non-incapacitating,FOLLOWING TOO CLOSELY,WINSLOW & WINSLOW RD,39.136144,-86.523744
901619820,2019,4,2,1600,Weekday,2-Car,No injury/unknown,FAILURE TO YIELD RIGHT OF WAY,WALNUT & WINSLOW RD,39.1361416,-86.52833537
901711208,2019,10,4,1700,Weekday,2-Car,No injury/unknown,SPEED TOO FAST FOR WEATHER CONDITIONS,WALNUT & WINSLOW RD,39.1361416,-86.52833537
901667096,2019,7,2,1600,Weekday,3+ Cars,No injury/unknown,DRIVER ASLEEP OR FATIGUED,WALNUT STREET & WINSLOW RD,39.1361266,-86.52763029
901662092,2019,7,5,1300,Weekday,2-Car,Non-incapacitating,UNSAFE SPEED,ALLENDALE & WINSLOW RD,39.136096,-86.516
901701533,2019,10,2,1000,Weekday,2-Car,Non-incapacitating,FOLLOWING TOO CLOSELY,COUNTRY CLUB DR & MILTON,39.13609,-86.53936269
901600983,2019,3,6,1500,Weekday,2-Car,No injury/unknown,FAILURE TO YIELD RIGHT OF WAY,COUNTRY CLUB DR & ROGERS,39.13608,-86.538096
901615177,2019,4,6,1000,Weekday,2-Car,No injury/unknown,OTHER (DRIVER) - EXPLAIN IN NARRATIVE,E WINSLOW RD,39.13608,-86.529792
901619878,2019,4,2,2200,Weekday,2-Car,Non-incapacitating,FOLLOWING TOO CLOSELY,S ROGERS & W COUNTRY CLUB DR,39.13606885,-86.53826058
901677071,2019,8,3,1200,Weekday,2-Car,No injury/unknown,FOLLOWING TOO CLOSELY,COUNTRY CLUB DR & ROGERS,39.13606468,-86.53756736
901584662,2019,2,6,2100,Weekend,1-Car,No injury/unknown,SPEED TOO FAST FOR WEATHER CONDITIONS,EAST ROGERS RD & SOUTH SMITH,39.13604479,-86.48067059
901618322,2019,4,6,1000,Weekday,2-Car,No injury/unknown,FAILURE TO YIELD RIGHT OF WAY,COUNTRYCLUB DR & ROGERS,39.13604,-86.53827
901638939,2019,5,5,1400,Weekday,2-Car,Non-incapacitating,FAILURE TO YIELD RIGHT OF WAY,E WINSLOW & S HENDERSON ST,39.13604,-86.52688
901675756,2019,8,6,800,Weekday,2-Car,No injury/unknown,FOLLOWING TOO CLOSELY,EAST WINSLOW RD & HENDERSON,39.13604,-86.52688865
901683251,2019,8,1,1900,Weekday,3+ Cars,No injury/unknown,FOLLOWING TOO CLOSELY,COUNTRY CLUB & ROGERS ST,39.13604,-86.53827
901691462,2019,9,3,1700,Weekday,2-Car,No injury/unknown,FOLLOWING TOO CLOSELY,COUNTRY CLUB & ROGERS ST,39.13604,-86.53827
901704630,2019,10,7,2000,Weekend,2-Car,No injury/unknown,FOLLOWING TOO CLOSELY,S ROGERS ST & W COUNTRY CLUB,39.13604,-86.53827
901718631,2019,11,3,1700,Weekday,2-Car,No injury/unknown,FAILURE TO YIELD RIGHT OF WAY,SOUTH HENDERSON ST & WINSLOW,39.13604,-86.52688
901746721,2019,12,2,600,Weekday,2-Car,No injury/unknown,FOLLOWING TOO CLOSELY,S ROGERS ST & W COUNTRYCLUB,39.13603619,-86.53826525
901734446,2019,11,2,1500,Weekday,2-Car,No injury/unknown,FOLLOWING TOO CLOSELY,COUNTRY CLUB DR & MADISON,39.13601383,-86.53628803
901698477,2019,9,4,1700,Weekday,2-Car,No injury/unknown,FAILURE TO YIELD RIGHT OF WAY,COUNTRY CLUB DR & MADISON,39.13601,-86.53712
901616270,2019,4,1,1700,Weekend,2-Car,No injury/unknown,FAILURE TO YIELD RIGHT OF WAY,WALNUT STREET & WINSLOW RD,39.13599,-86.5288
901632328,2019,5,7,1100,Weekend,2-Car,No injury/unknown,OTHER (DRIVER) - EXPLAIN IN NARRATIVE,WINSLOW RD,39.13599,-86.528726
901600549,2019,3,5,1600,Weekday,2-Car,No injury/unknown,FAILURE TO YIELD RIGHT OF WAY,EAST WINSLOW RD & WALNUT ST,39.13597991,-86.52879109
901642323,2019,6,6,1100,Weekday,3+ Cars,No injury/unknown,DRIVER DISTRACTED - EXPLAIN IN NARRATIVE,S WALNUT & W COUNTRY CLUB DR,39.13597991,-86.5311047
901567879,2019,1,1,1000,Weekend,2-Car,No injury/unknown,FAILURE TO YIELD RIGHT OF WAY,COUNTRY CLUB & WALNUT ST,39.13597,-86.53111
901613481,2019,3,4,1700,Weekday,2-Car,No injury/unknown,FAILURE TO YIELD RIGHT OF WAY,COUNTRY CLUB & S WALNUT ST,39.13597,-86.53111
901630384,2019,5,2,1600,Weekday,2-Car,Non-incapacitating,FAILURE TO YIELD RIGHT OF WAY,S WALNUT & W COUNTRY CLUB DR,39.13597,-86.53111
901698108,2019,9,3,400,Weekday,2-Car,No injury/unknown,FAILURE TO YIELD RIGHT OF WAY,COUNTRY CLUB & WALNUT ST,39.13597,-86.53111
901702799,2019,10,3,1800,Weekday,Moped/Motorcycle,Non-incapacitating,FAILURE TO YIELD RIGHT OF WAY,SOUTH WALNUT & WINSLOW RD,39.13597,-86.53111
901703028,2019,10,4,1600,Weekday,Moped/Motorcycle,Non-incapacitating,DISREGARD SIGNAL/REG SIGN,COUNTRY CLUB & WALNUT ST,39.13597,-86.53111
901711147,2019,10,4,1500,Weekday,2-Car,Non-incapacitating,FOLLOWING TOO CLOSELY,WALNUT ST & WINSLOW,39.13597,-86.53111
901724158,2019,11,5,1500,Weekday,2-Car,No injury/unknown,FOLLOWING TOO CLOSELY,WALNUT ST & WINSLOW,39.13597,-86.53111
901694958,2019,9,3,1400,Weekday,2-Car,No injury/unknown,FOLLOWING TOO CLOSELY,COUNTRY CLUB DR & MADISON,39.13596101,-86.53523221
901746989,2019,12,2,1200,Weekday,2-Car,No injury/unknown,FAILURE TO YIELD RIGHT OF WAY,ROGERS RD & SARE,39.13596019,-86.4965301
901605601,2019,3,2,2100,Weekday,2-Car,No injury/unknown,FAILURE TO YIELD RIGHT OF WAY,ROGERS & SARE RD,39.13596,-86.49653
901642386,2019,6,6,1400,Weekday,2-Car,Non-incapacitating,FAILURE TO YIELD RIGHT OF WAY,E ROGERS & S SARE RD,39.13596,-86.49653
901717138,2019,10,1,1900,Weekday,2-Car,No injury/unknown,FAILURE TO YIELD RIGHT OF WAY,E ROGERS RD & S SARE,39.13596,-86.49653
901684353,2019,8,3,1200,Weekday,2-Car,No injury/unknown,FOLLOWING TOO CLOSELY,FARINGTON & LEONARD SPRINGS RD,39.13589,-86.58261
901704617,2019,10,7,1400,Weekend,1-Car,No injury/unknown,OTHER (DRIVER) - EXPLAIN IN NARRATIVE,ROGERS & SOMERSBE PL,39.135888,-86.498304
901666251,2019,7,7,2300,Weekend,2-Car,Non-incapacitating,UNSAFE BACKING,ROGERS RD & S SARE,39.13584,-86.496288
901731372,2019,11,3,1700,Weekday,2-Car,No injury/unknown,SPEED TOO FAST FOR WEATHER CONDITIONS,ROGERS & SARE RD,39.13584,-86.496288
901674153,2019,8,3,1500,Weekday,1-Car,No injury/unknown,UNSAFE SPEED,ROCKPORT RD & TAPP,39.13578496,-86.54933215
901642665,2019,6,6,2100,Weekend,2-Car,No injury/unknown,LEFT OF CENTER,N ROGERS ST & S SNODDY,39.13576,-86.489488
901571612,2019,1,5,2000,Weekday,1-Car,No injury/unknown,RAN OFF ROAD RIGHT,E ROGERS & SADDLEBROOK LN,39.1357306,-86.48727174
901589225,2019,2,6,400,Weekday,1-Car,No injury/unknown,LEFT OF CENTER,KNIGHT RIDGE & SR446S,39.135648,-86.462
901686216,2019,9,6,1000,Weekday,1-Car,No injury/unknown,UNSAFE SPEED,KNIGHTRIDGE RD & SR446N,39.135648,-86.462
901739574,2019,12,3,700,Weekday,2-Car,Non-incapacitating,FOLLOWING TOO CLOSELY,S KNIGHTRIDGE ROAD RD & SR446,39.135648,-86.462
901639446,2019,5,6,1500,Weekday,2-Car,No injury/unknown,FOLLOWING TOO CLOSELY,AIRPORT & SR45W,39.13545218,-86.59573464
901663984,2019,7,2,1500,Weekday,2-Car,No injury/unknown,UNSAFE BACKING,CARNABY ST,39.135418,-86.520921
901689669,2019,9,7,1100,Weekend,2-Car,No injury/unknown,UNSAFE BACKING,CARNABY & WESTMINSTER WAY,39.135152,-86.521696
901600626,2019,3,3,1600,Weekday,Pedestrian,Non-incapacitating,PEDESTRIAN ACTION,SOUTH WALNUT ST,39.13507491,-86.5312841
901627061,2019,4,6,1500,Weekday,2-Car,No injury/unknown,FOLLOWING TOO CLOSELY,DUNCAN & SR45W,39.13504,-86.596192
901723543,2019,11,4,1500,Weekday,2-Car,Non-incapacitating,DRIVER DISTRACTED - EXPLAIN IN NARRATIVE,SOUTH DUNCAN & SR45W,39.13504,-86.596192
901730902,2019,11,3,700,Weekday,2-Car,No injury/unknown,FOLLOWING TOO CLOSELY,DUNCAN & SR45W,39.13504,-86.596192
901722249,2019,11,2,2300,Weekday,1-Car,No injury/unknown,ANIMAL/OBJECT IN ROADWAY,DUNCAN & SR45W,39.13494797,-86.59632288
901629590,2019,5,1,1500,Weekend,2-Car,No injury/unknown,UNSAFE BACKING,SOUTH WALNUT ST,39.13493147,-86.5313046
901594652,2019,2,2,1500,Weekday,2-Car,No injury/unknown,FAILURE TO YIELD RIGHT OF WAY,SOUTH WALNUT ST,39.13476755,-86.53133875
901609081,2019,3,3,1600,Weekday,2-Car,No injury/unknown,UNSAFE BACKING,SOUTH WALNUT ST,39.13476755,-86.53133875
901656833,2019,7,7,1900,Weekend,2-Car,No injury/unknown,UNSAFE BACKING,ACADIA CT,39.13464,-86.518951
901686463,2019,9,7,1700,Weekend,2-Car,No injury/unknown,OTHER (DRIVER) - EXPLAIN IN NARRATIVE,FAIRINGTON RD & INDIAN CREEK,39.134544,-86.575312
901634717,2019,5,5,1600,Weekday,2-Car,No injury/unknown,FOLLOWING TOO CLOSELY,DUNCAN & SR45W,39.1344878,-86.59697726
901681660,2019,8,4,1300,Weekday,2-Car,No injury/unknown,UNSAFE BACKING,S WALNUT ST,39.13432546,-86.52733091
901711302,2019,10,4,600,Weekday,2-Car,No injury/unknown,FAILURE TO YIELD RIGHT OF WAY,HENDERSON ST & WALNUT ST,39.133744,-86.526896
901690831,2019,9,2,1900,Weekday,2-Car,No injury/unknown,,3836 S LAURA WAY & HEATHER,39.13368491,-86.51916735
901620969,2019,4,5,800,Weekday,2-Car,No injury/unknown,FOLLOWING TOO CLOSELY,SR37N & TAPP,39.13363424,-86.572896
901659781,2019,7,7,2300,Weekend,1-Car,No injury/unknown,RAN OFF ROAD RIGHT,CRAMER CIR & TIFFANY,39.13317311,-86.5459