Master Record Number,Year,Month,Day,Hour,Weekend,Collision Type,Injury Type,Primary Factor,Reported_Location,Latitude,Longitude
901716460,2019,10,5,1600,Weekday,2-Car,No injury/unknown,FAILURE TO YIELD RIGHT OF WAY,S ROGERS ST & W PATTERSON,39.13264695,-86.53875
901746077,2019,12,7,1200,Weekend,2-Car,No injury/unknown,FAILURE TO YIELD RIGHT OF WAY,3RD & COLLEGE MALL RD,39.13251703,-86.49827018
901746162,2019,12,7,2000,Weekend,2-Car,Non-incapacitating,FOLLOWING TOO CLOSELY,3RD & COLLEGE MALL RD,39.13251703,-86.49827018
901637478,2019,5,4,0,Weekday,1-Car,No injury/unknown,UNSAFE SPEED,GARDNER RD & GARRISON CHAPEL,39.13244808,-86.6523423
901686201,2019,9,7,0,Weekend,1-Car,No injury/unknown,OVERCORRECTING/OVERSTEERING,CLEAR CREEK & ROGERS ST,39.13230004,-86.53977
901716922,2019,10,7,2200,Weekend,1-Car,No injury/unknown,RAN OFF ROAD RIGHT,SOUTH GARRISON CHAPEL RD,39.132258,-86.642917
901690053,2019,9,1,2000,Weekday,2-Car,No injury/unknown,LEFT OF CENTER,W GORDON PIKE,39.13152,-86.677664
901717286,2019,10,5,700,Weekday,Pedestrian,Non-incapacitating,FAILURE TO YIELD RIGHT OF WAY,PINEWOOD DR & WALNUT,39.13152,-86.53143
901691850,2019,9,4,900,Weekday,3+ Cars,No injury/unknown,DRIVER DISTRACTED - EXPLAIN IN NARRATIVE,BUNGER & SR45W,39.13113338,-86.60164378
901720791,2019,11,6,1900,Weekend,1-Car,No injury/unknown,ANIMAL/OBJECT IN ROADWAY,BUNGER & SR45,39.13113338,-86.60164378
901674051,2019,8,3,2200,Weekday,1-Car,No injury/unknown,OTHER (DRIVER) - EXPLAIN IN NARRATIVE,SR446N & SWARTZ RIDGE,39.1310152,-86.44649921
901695520,2019,9,4,700,Weekday,1-Car,No injury/unknown,ANIMAL/OBJECT IN ROADWAY,KNIGHT RIDGE ROAD & SR446S,39.13101474,-86.44632879
901568858,2019,1,2,1900,Weekday,2-Car,No injury/unknown,FAILURE TO YIELD RIGHT OF WAY,3000 S WALNUT STREET PIKE & ALLENDALE,39.130944,-86.526688
901595684,2019,2,6,1700,Weekday,2-Car,Non-incapacitating,UNSAFE BACKING,S SARE RD,39.13071042,-86.50185282
901567609,2019,1,7,300,Weekend,1-Car,No injury/unknown,RAN OFF ROAD RIGHT,BUNGER & SR45W,39.13024098,-86.60298341
901669554,2019,7,7,1500,Weekend,2-Car,Non-incapacitating,FOLLOWING TOO CLOSELY,SOUTH & WALNUT ST,39.130177,-86.526808
901740594,2019,12,3,700,Weekday,2-Car,No injury/unknown,FOLLOWING TOO CLOSELY,SR37 & TAPP,39.12989888,-86.572896
901701006,2019,10,1,1500,Weekend,Bus,No injury/unknown,OTHER (DRIVER) - EXPLAIN IN NARRATIVE,BALFOUR & JORDAN AVE,39.12948117,-86.51263769
901606973,2019,3,4,1700,Weekday,3+ Cars,Non-incapacitating,SPEED TOO FAST FOR WEATHER CONDITIONS,BUNGER & SR45W,39.12936,-86.604336
901648904,2019,6,5,1500,Weekday,3+ Cars,Non-incapacitating,OTHER (DRIVER) - EXPLAIN IN NARRATIVE,S BUNGER & SR45S,39.12936,-86.604336
901646247,2019,6,7,1300,Weekend,2-Car,No injury/unknown,DRIVER DISTRACTED - EXPLAIN IN NARRATIVE,S BUNGER & SR45W,39.12925452,-86.60449857
901699864,2019,9,5,1800,Weekday,2-Car,No injury/unknown,UNSAFE BACKING,LILAC LN,39.128921,-86.585135
901631647,2019,5,6,800,Weekday,2-Car,No injury/unknown,UNSAFE BACKING,SR45 RD,39.12881845,-86.60504332
901604533,2019,3,1,0,Weekend,1-Car,No injury/unknown,RAN OFF ROAD RIGHT,FAIRFAX RD & MCCORMICK,39.12842216,-86.50779
901639136,2019,5,7,0,Weekend,2-Car,No injury/unknown,OTHER (DRIVER) - EXPLAIN IN NARRATIVE,WALNUT SPRINGS DR,39.12828863,-86.52679545
901686404,2019,9,7,1600,Weekend,2-Car,No injury/unknown,OTHER (DRIVER) - EXPLAIN IN NARRATIVE,LEONARD SPRINGS & WOODHAVEN DR,39.12826,-86.58257329
901686699,2019,9,1,2000,Weekday,2-Car,No injury/unknown,DISREGARD SIGNAL/REG SIGN,S DAWSON & S MCDOUGAL ST,39.12821,-86.55501
901619857,2019,4,2,1700,Weekday,2-Car,No injury/unknown,UNSAFE BACKING,S WALNUT ST,39.127952,-86.5268
901582265,2019,1,2,1900,Weekday,2-Car,No injury/unknown,FOLLOWING TOO CLOSELY,ISON & SR45W,39.12790321,-86.60654596
901698990,2019,9,4,800,Weekday,1-Car,No injury/unknown,FOLLOWING TOO CLOSELY,ISON & SR45W,39.12790321,-86.60655029
901720609,2019,11,6,1700,Weekday,2-Car,No injury/unknown,DRIVER DISTRACTED - EXPLAIN IN NARRATIVE,ISON & SR45E,39.12790321,-86.60655462
901642675,2019,6,7,1100,Weekend,2-Car,No injury/unknown,FOLLOWING TOO CLOSELY,ISON & SR45W,39.12788004,-86.60652011
901728610,2019,11,5,1900,Weekday,1-Car,No injury/unknown,ANIMAL/OBJECT IN ROADWAY,S ISON & SR45W,39.12788004,-86.60651578
901755169,2019,12,1,1900,Weekday,1-Car,No injury/unknown,ANIMAL/OBJECT IN ROADWAY,ISON & SR45W,39.12788004,-86.60649846
901615077,2019,4,5,1300,Weekday,3+ Cars,Non-incapacitating,FOLLOWING TOO CLOSELY,EASTGATE & SR46N,39.12787487,-86.50147033
901717494,2019,10,2,700,Weekday,2-Car,No injury/unknown,DISREGARD SIGNAL/REG SIGN,E CANADA & S THE STANDS DR,39.12781,-86.51012
901649829,2019,6,1,900,Weekend,2-Car,No injury/unknown,OTHER (VEHICLE) - EXPLAIN IN NARRATIVE,W WOODMERE & WOODHAVEN DR,39.127664,-86.578736
901628419,2019,5,2,1500,Weekday,2-Car,No injury/unknown,IMPROPER PASSING,ROGERS ST & TERRACE,39.127616,-86.538688
901639484,2019,5,7,1700,Weekend,Moped/Motorcycle,No injury/unknown,FAILURE TO YIELD RIGHT OF WAY,SOUTH ROGERS ST & TERRACE,39.127616,-86.538688
901696845,2019,9,6,1800,Weekday,2-Car,No injury/unknown,FAILURE TO YIELD RIGHT OF WAY,S WALNUT STREET PIKE,39.12716835,-86.52677353
901604923,2019,3,2,1100,Weekday,Pedestrian,Non-incapacitating,OTHER (DRIVER) - EXPLAIN IN NARRATIVE,3650 W HEATHERWOOD LN LN,39.127123,-86.584206
901701363,2019,10,2,600,Weekday,3+ Cars,Non-incapacitating,LEFT OF CENTER,GILLHAM & SR45S,39.12709947,-86.6110129
901655169,2019,6,4,2300,Weekday,Pedestrian,Non-incapacitating,ENGINE FAILURE OR DEFECTIVE,HEATHERWOOD & S LEONARD SPRINGS RD,39.126976,-86.582464
901708023,2019,10,6,1100,Weekday,2-Car,Non-incapacitating,FOLLOWING TOO CLOSELY,S LEONARD SPRINGS ROAD & W LEONARD SPRINGS ROAD RD,39.126976,-86.582464
901655534,2019,6,5,1300,Weekday,1-Car,No injury/unknown,RAN OFF ROAD RIGHT,HEATHERWOOD LN & LEONARD SPRING,39.12679,-86.58253671
901587799,2019,2,4,1200,Weekday,2-Car,No injury/unknown,FOLLOWING TOO CLOSELY,BURKS & S WALNUT ST,39.12669768,-86.5313729
901742032,2019,12,7,1100,Weekend,Pedestrian,Non-incapacitating,UNSAFE BACKING,E BURKS DR,39.1266194,-86.52957223
901734276,2019,11,2,1200,Weekday,2-Car,No injury/unknown,SPEED TOO FAST FOR WEATHER CONDITIONS,CANADA & SARE RD,39.12658989,-86.50429978
901606353,2019,3,5,600,Weekday,1-Car,No injury/unknown,DRIVER ILLNESS,S WALNUT ST,39.12631655,-86.52674475
901674513,2019,8,4,1100,Weekday,2-Car,No injury/unknown,IMPROPER LANE USAGE,S WALNUT ST PIKE,39.12631655,-86.52674475
901675254,2019,8,6,300,Weekday,1-Car,No injury/unknown,OTHER (DRIVER) - EXPLAIN IN NARRATIVE,S WALNUT STREET PIKE,39.12631655,-86.52674475
901678065,2019,8,4,200,Weekday,1-Car,No injury/unknown,DRIVER DISTRACTED - EXPLAIN IN NARRATIVE,S WICKENS ST & W HENNESSEY,39.12614,-86.55259
901607925,2019,3,2,1100,Weekday,2-Car,No injury/unknown,LEFT OF CENTER,HEATHER & LAURA WAY,39.12579,-86.51913
901689533,2019,9,6,1700,Weekday,Cyclist,Non-incapacitating,DISREGARD SIGNAL/REG SIGN,N WALTER & S VALMORE AVE,39.12569911,-86.61621094
901610012,2019,3,7,1300,Weekend,1-Car,Incapacitating,OTHER (DRIVER) - EXPLAIN IN NARRATIVE,BURKS & WALNUT ST,39.12557,-86.52672
901660346,2019,7,2,1200,Weekday,2-Car,No injury/unknown,OTHER (VEHICLE) - EXPLAIN IN NARRATIVE,BURKS & WALNUT ST,39.12557,-86.52672
901674945,2019,8,5,1300,Weekday,2-Car,Non-incapacitating,FOLLOWING TOO CLOSELY,BURKS & S WALNUT ST,39.12557,-86.52672
901574084,2019,1,3,1600,Weekday,1-Car,No injury/unknown,FAILURE TO YIELD RIGHT OF WAY,WEST STATE ROAD 45,39.125552,-86.610192
901576964,2019,1,6,1600,Weekday,1-Car,No injury/unknown,UNSAFE BACKING,W STATE ROAD 45,39.125552,-86.610192
901719340,2019,11,4,1600,Weekday,2-Car,No injury/unknown,OTHER (DRIVER) - EXPLAIN IN NARRATIVE,S R 45 HWY,39.125552,-86.610192
901622125,2019,4,1,1100,Weekend,2-Car,No injury/unknown,UNSAFE BACKING,WALNUT SPRINGS DR,39.12548063,-86.52671031
901581581,2019,1,1,2300,Weekday,1-Car,No injury/unknown,RAN OFF ROAD RIGHT,SR45W,39.125312,-86.610496
901617747,2019,4,3,1700,Weekday,2-Car,No injury/unknown,UNSAFE BACKING,WEST SR45 RD,39.125312,-86.610496
901621340,2019,4,4,1900,Weekday,2-Car,No injury/unknown,FAILURE TO YIELD RIGHT OF WAY,WEST STATE ROAD 45 RD,39.125312,-86.610496
901634719,2019,5,5,1500,Weekday,2-Car,No injury/unknown,OTHER (VEHICLE) - EXPLAIN IN NARRATIVE,WEST STATE ROAD 45 RD,39.125312,-86.610496
901635261,2019,5,6,1900,Weekend,1-Car,No injury/unknown,UNSAFE BACKING,WEST STATE ROAD 45 RD,39.125312,-86.610496
901641174,2019,6,4,1300,Weekday,2-Car,No injury/unknown,OTHER (DRIVER) - EXPLAIN IN NARRATIVE,WEST STATE ROAD 45 RD,39.125312,-86.610496
901642011,2019,6,5,1600,Weekday,2-Car,No injury/unknown,UNSAFE BACKING,SR45W,39.125312,-86.610496
901654958,2019,6,4,1200,Weekday,2-Car,No injury/unknown,UNSAFE BACKING,STATE ROAD 45 HWY,39.125312,-86.610496
901657060,2019,7,1,1500,Weekend,1-Car,No injury/unknown,UNSAFE BACKING,W STATE ROAD 45 HWY,39.125312,-86.610496
901658544,2019,7,3,1200,Weekday,2-Car,No injury/unknown,UNSAFE BACKING,W ST RD 45 RD,39.125312,-86.610496
901665949,2019,7,6,1600,Weekday,2-Car,No injury/unknown,FAILURE TO YIELD RIGHT OF WAY,W SR45 HWY,39.125312,-86.610496
901669514,2019,7,1,1300,Weekend,2-Car,No injury/unknown,OTHER (DRIVER) - EXPLAIN IN NARRATIVE,SR45W,39.125312,-86.610496
901670205,2019,8,2,1400,Weekday,2-Car,No injury/unknown,FOLLOWING TOO CLOSELY,SR45W,39.125312,-86.610496
901671069,2019,8,2,1100,Weekday,1-Car,No injury/unknown,OTHER (DRIVER) - EXPLAIN IN NARRATIVE,WEST STATE RD 45 RD,39.125312,-86.610496
901675643,2019,8,6,1500,Weekday,2-Car,No injury/unknown,UNSAFE BACKING,WEST STATE ROAD 45 RD,39.125312,-86.610496
901686698,2019,9,1,1900,Weekday,1-Car,No injury/unknown,UNSAFE BACKING,WEST STATE ROAD 45 RD,39.125312,-86.610496
901695281,2019,9,3,1400,Weekday,2-Car,No injury/unknown,UNSAFE BACKING,W ST  RD 45 HWY,39.125312,-86.610496
901700982,2019,10,7,2200,Weekend,1-Car,No injury/unknown,DRIVER DISTRACTED - EXPLAIN IN NARRATIVE,SR45W,39.125312,-86.610496
901725274,2019,11,7,1500,Weekend,2-Car,No injury/unknown,UNSAFE BACKING,WEST STATE ROAD 45 HWY,39.125312,-86.610496
901728075,2019,11,2,1100,Weekday,2-Car,No injury/unknown,OTHER (DRIVER) - EXPLAIN IN NARRATIVE,SR45W,39.125312,-86.610496
901733085,2019,11,1,0,Weekend,2-Car,No injury/unknown,IMPROPER PASSING,W ST RD 45 HWY,39.125312,-86.610496
901743652,2019,12,3,1100,Weekday,2-Car,No injury/unknown,FAILURE TO YIELD RIGHT OF WAY,WEST STATE ROAD 45 RD,39.125312,-86.610496
901747347,2019,12,2,1900,Weekday,2-Car,No injury/unknown,FAILURE TO YIELD RIGHT OF WAY,W STATE ROAD 45 RD,39.125312,-86.610496
901639819,2019,5,2,1800,Weekday,3+ Cars,No injury/unknown,UNSAFE SPEED,GILLHAM & SR45W,39.12521864,-86.61061426
901668275,2019,7,4,1800,Weekday,3+ Cars,Non-incapacitating,FOLLOWING TOO CLOSELY,HAYS & SOUTH ROGERS ST,39.12504,-86.5388
901585142,2019,2,7,800,Weekend,1-Car,Non-incapacitating,SPEED TOO FAST FOR WEATHER CONDITIONS,FULLERTON & SR37S,39.12497215,-86.57225753
901684442,2019,8,3,1400,Weekday,2-Car,No injury/unknown,OTHER (DRIVER) - EXPLAIN IN NARRATIVE,ESTATE & FALCON DR,39.12448109,-86.54671
901572339,2019,1,7,1100,Weekend,2-Car,No injury/unknown,OTHER (DRIVER) - EXPLAIN IN NARRATIVE,RHORER & WALNUT ST,39.12418335,-86.52666031
901646140,2019,6,7,900,Weekend,1-Car,No injury/unknown,UNSAFE BACKING,S WALNUT ST,39.12377991,-86.52665096
901591180,2019,2,4,2100,Weekday,2-Car,No injury/unknown,FAILURE TO YIELD RIGHT OF WAY,S SHARON DR,39.12347042,-86.57686196
901720294,2019,11,5,1300,Weekday,1-Car,No injury/unknown,SPEED TOO FAST FOR WEATHER CONDITIONS,FULLERTON PIKE & S LEONARD SPRINGS,39.1234,-86.58254
901627051,2019,5,3,1800,Weekday,1-Car,Incapacitating,RAN OFF ROAD RIGHT,FULLERTON PIKE & S LEONARD SPRINGS,39.123376,-86.582592
901608258,2019,3,7,2000,Weekend,2-Car,No injury/unknown,UNSAFE BACKING,FULLERTON PIKE & S LEONARD SPRINGS,39.12337598,-86.58223939
901565554,2019,1,1,1100,Weekend,2-Car,No injury/unknown,FOLLOWING TOO CLOSELY,RHORER & WALNUT ST,39.12308576,-86.52660499
901585258,2019,2,7,1400,Weekend,1-Car,No injury/unknown,RAN OFF ROAD RIGHT,RHORER & SNODDY RD,39.12295683,-86.48969874
901610088,2019,3,7,1900,Weekend,1-Car,No injury/unknown,RAN OFF ROAD RIGHT,S GARRISON CHAPEL RD & W ELLER,39.122416,-86.64296
901596442,2019,2,4,1700,Weekday,2-Car,No injury/unknown,FAILURE TO YIELD RIGHT OF WAY,ELLER & SR45W,39.12240491,-86.61427773
901668924,2019,7,6,1000,Weekday,2-Car,Non-incapacitating,OTHER (DRIVER) - EXPLAIN IN NARRATIVE,LEONARD SPRINGS RD & SR45W,39.12239023,-86.61427974
901698924,2019,9,4,800,Weekday,2-Car,No injury/unknown,DISREGARD SIGNAL/REG SIGN,SR37S & W FULLERTON,39.122352,-86.5712
901729335,2019,11,7,1000,Weekend,1-Car,No injury/unknown,ANIMAL/OBJECT IN ROADWAY,S DUNCAN & W LEONARD SPRINGS RD RD,39.122352,-86.5964
901568861,2019,1,2,1700,Weekday,2-Car,No injury/unknown,FAILURE TO YIELD RIGHT OF WAY,ELLER & SR45W,39.12224,-86.6144
901585468,2019,2,7,2200,Weekend,1-Car,No injury/unknown,ROADWAY SURFACE CONDITION,ELLER ROAD RD & SR45,39.12224,-86.6144
901662234,2019,7,5,1600,Weekday,2-Car,Non-incapacitating,FAILURE TO YIELD RIGHT OF WAY,ELLER & SR45W,39.12224,-86.6144
901700676,2019,10,7,1200,Weekend,2-Car,Non-incapacitating,FAILURE TO YIELD RIGHT OF WAY,SR45S & WEST ELLER,39.12224,-86.6144
901724251,2019,11,5,1700,Weekday,2-Car,No injury/unknown,UNSAFE LANE MOVEMENT,ELLER RD & SR45,39.12224,-86.6144
901727792,2019,11,3,1900,Weekday,2-Car,No injury/unknown,FAILURE TO YIELD RIGHT OF WAY,SR45W & WEST LEONARD SPRINGS,39.12224,-86.6144
901729334,2019,11,3,700,Weekday,2-Car,No injury/unknown,FAILURE TO YIELD RIGHT OF WAY,SR45W & W LEONARD SPRINGS,39.12224,-86.6144
901745743,2019,12,6,1200,Weekday,2-Car,No injury/unknown,FAILURE TO YIELD RIGHT OF WAY,ELLER & SR45W,39.12224,-86.6144
901749860,2019,12,6,1300,Weekday,2-Car,No injury/unknown,FAILURE TO YIELD RIGHT OF WAY,FULLERTON & ROCKPORT RD,39.122224,-86.562688
901644879,2019,5,5,1700,Weekday,2-Car,No injury/unknown,FAILURE TO YIELD RIGHT OF WAY,FULLERTON & SR37N,39.12221991,-86.57137982
901729106,2019,11,6,1800,Weekday,2-Car,Non-incapacitating,FAILURE TO YIELD RIGHT OF WAY,FULLERTON & SR37S,39.12221991,-86.57137982
901575728,2019,1,5,1500,Weekday,1-Car,No injury/unknown,SPEED TOO FAST FOR WEATHER CONDITIONS,FULLERTON & SR37S,39.12220683,-86.57140464
901604165,2019,3,6,1500,Weekday,2-Car,Non-incapacitating,FAILURE TO YIELD RIGHT OF WAY,FULLERTON & SR37N,39.12220683,-86.57140464
901626954,2019,5,3,1400,Weekday,3+ Cars,Incapacitating,DISREGARD SIGNAL/REG SIGN,FULLERTON & SR37S,39.12220683,-86.57140464
901662480,2019,7,6,1200,Weekday,2-Car,No injury/unknown,FAILURE TO YIELD RIGHT OF WAY,FULLERTON & SR37S,39.12220683,-86.57140464
901695625,2019,9,4,1900,Weekday,2-Car,Non-incapacitating,FAILURE TO YIELD RIGHT OF WAY,FULLERTON & SR37S,39.12220683,-86.57140464
901710522,2019,10,3,1700,Weekday,2-Car,Incapacitating,DISREGARD SIGNAL/REG SIGN,FULLERTON & SR37S,39.12220683,-86.57140464
901720717,2019,11,6,1900,Weekend,2-Car,Non-incapacitating,FAILURE TO YIELD RIGHT OF WAY,FULLERTON & SR37S,39.12220683,-86.57140464
901668178,2019,7,4,1500,Weekday,2-Car,No injury/unknown,UNSAFE BACKING,WEST FELLERTON PIKE,39.12216626,-86.57352291
901739673,2019,12,3,800,Weekday,2-Car,No injury/unknown,FAILURE TO YIELD RIGHT OF WAY,FULLERTON PIKE & JUDD,39.12209988,-86.57402984
901624747,2019,4,5,2000,Weekday,1-Car,Non-incapacitating,RAN OFF ROAD RIGHT,S MONROE MEDICAL PARK BLVD,39.122049,-86.573333
901660973,2019,7,3,700,Weekday,2-Car,No injury/unknown,FOLLOWING TOO CLOSELY,HARRELL RD RD & RHORER RD,39.121808,-86.498784
901744204,2019,12,4,1000,Weekday,1-Car,No injury/unknown,RAN OFF ROAD RIGHT,HARRELL & RHORER RD,39.12178125,-86.50230898
901597716,2019,2,6,1600,Weekday,Bus,No injury/unknown,FAILURE TO YIELD RIGHT OF WAY,S ROGERS ST,39.121648,-86.539088
901610889,2019,3,3,900,Weekday,2-Car,No injury/unknown,IMPROPER TURNING,GORDON & ROGERS ST,39.121648,-86.539088
901625736,2019,4,7,1400,Weekend,Moped/Motorcycle,Incapacitating,FAILURE TO YIELD RIGHT OF WAY,GORDON PIKE & ROGERS,39.121648,-86.539088
901662805,2019,7,7,900,Weekend,2-Car,No injury/unknown,FOLLOWING TOO CLOSELY,SOUTH ROGERS STRET & WEST GORDON PIKE PIKE,39.121648,-86.539088
901577327,2019,1,1,1400,Weekend,2-Car,Non-incapacitating,FOLLOWING TOO CLOSELY,E RHORER RD & S OLD STATE RD 37,39.121552,-86.531296
901625708,2019,4,7,1400,Weekend,2-Car,No injury/unknown,UNSAFE LANE MOVEMENT,GORDON PIKE & RHORER,39.121552,-86.531296
901653084,2019,6,6,1800,Weekday,2-Car,No injury/unknown,FAILURE TO YIELD RIGHT OF WAY,GORDON & SOUTH OLD STATE RD 37 RD,39.121552,-86.531296
901734747,2019,11,3,700,Weekday,2-Car,No injury/unknown,SPEED TOO FAST FOR WEATHER CONDITIONS,OLD STATE ROAD 37 HWY & RHORER,39.121552,-86.531296
901699306,2019,9,4,2100,Weekday,3+ Cars,No injury/unknown,OVERCORRECTING/OVERSTEERING,W GORDON PIKE,39.12154418,-86.53386009
901663978,2019,7,1,1300,Weekend,2-Car,No injury/unknown,FAILURE TO YIELD RIGHT OF WAY,GORDON PIKE & OLD SR 37 SOUTH,39.12153441,-86.53693451
901571037,2019,1,4,1300,Weekday,1-Car,No injury/unknown,DRIVER DISTRACTED - EXPLAIN IN NARRATIVE,BRYANTS CREEK & SR37N,39.12152921,-86.51238497
901621994,2019,4,7,1900,Weekend,2-Car,No injury/unknown,FOLLOWING TOO CLOSELY,E RHORER RD & S JAMIE,39.12152,-86.51792
901643400,2019,6,7,1200,Weekend,3+ Cars,No injury/unknown,FOLLOWING TOO CLOSELY,JAMIE & RHORER RD,39.12152,-86.51792
901698720,2019,9,3,1800,Weekday,1-Car,No injury/unknown,UNSAFE SPEED,JAMIE LN & RHORER,39.12152,-86.51792
901643358,2019,6,2,800,Weekday,2-Car,No injury/unknown,LEFT OF CENTER,BENSON & E RHORER RD,39.121488,-86.52048
901652013,2019,6,3,700,Weekday,2-Car,No injury/unknown,IMPROPER TURNING,KENNEDY DR & RHORER,39.121488,-86.528304
901687745,2019,8,3,1500,Weekday,Pedestrian,Non-incapacitating,OTHER (DRIVER) - EXPLAIN IN NARRATIVE,GORDON PIKE ST,39.12148,-86.535479
901613600,2019,4,2,1700,Weekday,2-Car,No injury/unknown,ROADWAY SURFACE CONDITION,RHORER RD & WALNUT,39.12144282,-86.52614342
901747818,2019,12,3,1000,Weekday,2-Car,No injury/unknown,FAILURE TO YIELD RIGHT OF WAY,RHORER RD & WALNUT STREET,39.12144005,-86.52662985
901569349,2019,1,3,1000,Weekday,2-Car,No injury/unknown,FAILURE TO YIELD RIGHT OF WAY,RHORER RD & WALNUT ST,39.12144,-86.526496
901625429,2019,4,7,1300,Weekend,2-Car,No injury/unknown,FAILURE TO YIELD RIGHT OF WAY,RHORER & S WALNUT ST,39.12144,-86.526496
901636634,2019,5,2,1700,Weekday,1-Car,No injury/unknown,ANIMAL/OBJECT IN ROADWAY,RHORER & WALNUT STREET PIKE,39.12144,-86.526496
901647249,2019,6,2,1500,Weekday,2-Car,Non-incapacitating,OTHER (DRIVER) - EXPLAIN IN NARRATIVE,E RHORER & S WALNUT ST,39.12144,-86.526496
901662726,2019,7,6,1300,Weekday,2-Car,Non-incapacitating,OTHER (DRIVER) - EXPLAIN IN NARRATIVE,RHORER & SARE RD,39.12144,-86.51158
901689006,2019,9,6,600,Weekday,2-Car,Non-incapacitating,DRIVER DISTRACTED - EXPLAIN IN NARRATIVE,E RHORER & S WALNUT ST,39.12144,-86.526496
901693553,2019,9,1,1100,Weekend,2-Car,Non-incapacitating,SPEED TOO FAST FOR WEATHER CONDITIONS,E RHORER & S SARE RD,39.12144,-86.51158
901694697,2019,9,3,700,Weekday,1-Car,No injury/unknown,ANIMAL/OBJECT IN ROADWAY,RHORER RD & SARE,39.12144,-86.5115973
901705725,2019,10,6,700,Weekday,2-Car,No injury/unknown,FAILURE TO YIELD RIGHT OF WAY,RHORER RD & WALNUT STREET,39.12144,-86.52663
901713272,2019,10,1,400,Weekend,1-Car,No injury/unknown,RAN OFF ROAD RIGHT,JAMIE & RHORER RD,39.12144,-86.51770652
901719510,2019,11,5,900,Weekday,2-Car,No injury/unknown,FOLLOWING TOO CLOSELY,RHORER RD & S WALNUT ST ST,39.12144,-86.526496
901719857,2019,11,5,1600,Weekday,2-Car,No injury/unknown,FOLLOWING TOO CLOSELY,RHORER ROAD RD & WALNUT STREET PIKE,39.12144,-86.526496
901737628,2019,12,6,1800,Weekday,2-Car,No injury/unknown,OTHER (DRIVER) - EXPLAIN IN NARRATIVE,RHORER & WALNUT STREET PIKE PIKE,39.12144,-86.526496
901763494,2019,12,3,1000,Weekday,1-Car,No injury/unknown,RAN OFF ROAD RIGHT,RHORER RD & WALNUT ST,39.12144,-86.526496
901723702,2019,10,2,2300,Weekday,1-Car,No injury/unknown,UNSAFE BACKING,GORDON PIKE,39.12143201,-86.53530478
901685622,2019,9,5,1600,Weekday,2-Car,No injury/unknown,DRIVER ILLNESS,OLD 37 SOUTH & RHORER ROAD RD,39.12141994,-86.53134986
901747346,2019,12,2,1900,Weekday,2-Car,No injury/unknown,FAILURE TO YIELD RIGHT OF WAY,E RHORER RD & S OLD SR 37,39.12141994,-86.53133256
901610463,2019,3,1,1200,Weekend,2-Car,No injury/unknown,FOLLOWING TOO CLOSELY,RHORER RD & S GRAN HAVEN,39.12138379,-86.49167584
901673448,2019,8,2,1200,Weekday,1-Car,No injury/unknown,DRIVER DISTRACTED - EXPLAIN IN NARRATIVE,GRAN HAVEN & RHORER RDS,39.12137,-86.49171325
901717541,2019,10,6,800,Weekday,1-Car,No injury/unknown,ANIMAL/OBJECT IN ROADWAY,GRAN HAVEN & RHORER RD,39.12137,-86.49162675
901575909,2019,1,2,1400,Weekday,2-Car,No injury/unknown,UNSAFE BACKING,SR 45 W HWY,39.12124411,-86.581967
901697790,2019,9,2,700,Weekday,2-Car,No injury/unknown,FAILURE TO YIELD RIGHT OF WAY,OLD 37 RD,39.121122,-86.531339
901715267,2019,10,4,1800,Weekday,2-Car,No injury/unknown,OTHER (DRIVER) - EXPLAIN IN NARRATIVE,S OLD SR37 HWY,39.121122,-86.531339
901699303,2019,9,4,1900,Weekday,2-Car,No injury/unknown,FOLLOWING TOO CLOSELY,LEONARD SPRINGS RD & MAYBERRY,39.1209245,-86.58259
901694528,2019,9,2,2100,Weekday,1-Car,No injury/unknown,RAN OFF ROAD RIGHT,MERRITT & SR446S,39.12075711,-86.42517712
901703019,2019,10,3,1700,Weekday,2-Car,No injury/unknown,DRIVER ILLNESS,LEIGHTON & WICKENS DR,39.11998809,-86.55094
901628506,2019,5,6,1300,Weekday,2-Car,No injury/unknown,DRIVER DISTRACTED - EXPLAIN IN NARRATIVE,10TH & SUNRISE DR,39.11869837,-86.51248
901576026,2019,1,5,1100,Weekday,2-Car,Non-incapacitating,LEFT OF CENTER,DUNLAP & SR45W,39.11822281,-86.62090099
901686403,2019,9,7,1600,Weekend,2-Car,Non-incapacitating,LEFT OF CENTER,SUDBURY & WEIMER RD,39.11765901,-86.56408
901673858,2019,8,2,1100,Weekday,3+ Cars,Non-incapacitating,FAILURE TO YIELD RIGHT OF WAY,ROCKPORT & SR37N,39.117648,-86.567104
901675131,2019,8,5,1500,Weekday,3+ Cars,Non-incapacitating,FAILURE TO YIELD RIGHT OF WAY,ROCKPORT & SR37,39.117648,-86.567104
901730952,2019,11,3,600,Weekday,2-Car,No injury/unknown,LEFT OF CENTER,ROCKPORT RD & SR37,39.117648,-86.567104
901738006,2019,12,7,2300,Weekend,1-Car,No injury/unknown,RAN OFF ROAD RIGHT,CANADA & STANDS DR,39.11724579,-86.51012018
901680970,2019,8,2,1000,Weekday,1-Car,Non-incapacitating,RAN OFF ROAD RIGHT,OLD SR37S HWY & W ROGERS,39.11665629,-86.54097