Master Record Number,Year,Month,Day,Hour,Weekend,Collision Type,Injury Type,Primary Factor,Reported_Location,Latitude,Longitude
901661169,2019,7,2,2200,Weekday,1-Car,No injury/unknown,ANIMAL/OBJECT IN ROADWAY,DARRELL & SR45W,39.1164671,-86.62404041
901593560,2019,2,6,2100,Weekend,1-Car,No injury/unknown,ANIMAL/OBJECT IN ROADWAY,PINE GROVE & SR446S,39.116464,-86.428672
901717542,2019,10,6,1000,Weekday,1-Car,No injury/unknown,IMPROPER TURNING,OLD STATE ROAD 37 SOUTH RD,39.115587,-86.531203
901607599,2019,3,1,1200,Weekend,2-Car,No injury/unknown,FAILURE TO YIELD RIGHT OF WAY,SR37N & THAT RD,39.115552,-86.564592
901624138,2019,4,4,1500,Weekday,2-Car,No injury/unknown,FOLLOWING TOO CLOSELY,SR37S & THAT RD,39.115552,-86.564592
901638690,2019,5,5,1800,Weekday,2-Car,Non-incapacitating,FAILURE TO YIELD RIGHT OF WAY,SR37S & THAT,39.115552,-86.564592
901692284,2019,9,6,1000,Weekday,2-Car,Non-incapacitating,FAILURE TO YIELD RIGHT OF WAY,SR37S & THAT,39.115552,-86.564592
901719451,2019,10,2,1000,Weekday,2-Car,No injury/unknown,FOLLOWING TOO CLOSELY,SR37 & THAT RD,39.115552,-86.564592
901582955,2019,1,2,1200,Weekday,1-Car,No injury/unknown,RAN OFF ROAD RIGHT,PINE GROVE & SR446S,39.11541083,-86.42894531
901721049,2019,11,7,1800,Weekend,3+ Cars,Non-incapacitating,FAILURE TO YIELD RIGHT OF WAY,SR37N & THAT,39.11531992,-86.56495995
901625589,2019,5,1,200,Weekend,1-Car,Non-incapacitating,IMPROPER TURNING,SR37 S & THAT RD,39.11525711,-86.56496377
901673894,2019,8,3,1000,Weekday,2-Car,No injury/unknown,UNSAFE BACKING,W PATTERSON DR,39.115248,-86.573504
901728869,2019,11,6,1200,Weekday,2-Car,No injury/unknown,FAILURE TO YIELD RIGHT OF WAY,W PATTERSON DR,39.115248,-86.573504
901599050,2019,2,2,1900,Weekday,1-Car,Non-incapacitating,RAN OFF ROAD RIGHT,ELLER & GARRISON CHAPEL RD,39.11520506,-86.63959166
901617025,2019,4,3,1700,Weekday,1-Car,No injury/unknown,DRIVER ASLEEP OR FATIGUED,DARREL & SR45S,39.11510002,-86.62767856
901701772,2019,10,7,0,Weekend,1-Car,No injury/unknown,RAN OFF ROAD RIGHT,DINSMORE & SR45W,39.11503745,-86.63081575
901734433,2019,11,2,1200,Weekday,2-Car,No injury/unknown,FOLLOWING TOO CLOSELY,DENSMORE & SR45,39.11502029,-86.62963132
901626588,2019,5,2,600,Weekday,1-Car,No injury/unknown,ANIMAL/OBJECT IN ROADWAY,DARRELL & SR45S,39.11500223,-86.62838501
901683014,2019,8,7,1700,Weekend,1-Car,No injury/unknown,FAILURE TO YIELD RIGHT OF WAY,DARRELL & SR45E,39.11499711,-86.62803251
901635882,2019,5,1,200,Weekend,1-Car,No injury/unknown,ANIMAL/OBJECT IN ROADWAY,S VICTOR PIKE & THAT RD,39.11476466,-86.54815554
901699735,2019,9,5,1400,Weekday,2-Car,No injury/unknown,DRIVER DISTRACTED - EXPLAIN IN NARRATIVE,ROY BAILEY & THAT RD,39.11474,-86.55655
901732635,2019,11,4,800,Weekday,2-Car,Non-incapacitating,FAILURE TO YIELD RIGHT OF WAY,ROGERS & THAT RD,39.11462992,-86.53982028
901575768,2019,1,5,1500,Weekday,2-Car,No injury/unknown,ROADWAY SURFACE CONDITION,SR37S & THAT ROAD,39.11459454,-86.56332826
901625517,2019,4,6,100,Weekday,2-Car,No injury/unknown,UNSAFE BACKING,S KENNEDY DR & WILLOW,39.11441614,-86.52853154
901615595,2019,4,7,2100,Weekend,1-Car,No injury/unknown,RAN OFF ROAD RIGHT,HEATH & WINSTON ST,39.11383211,-86.4885
901751054,2019,12,3,1100,Weekday,1-Car,No injury/unknown,ROADWAY SURFACE CONDITION,SR37S & THAT,39.11363707,-86.56206455
901640289,2019,5,2,1100,Weekday,2-Car,No injury/unknown,FAILURE TO YIELD RIGHT OF WAY,SR45W & WEST CROSSOVER,39.1133693,-86.6344467
901579976,2019,1,5,1300,Weekday,2-Car,No injury/unknown,UNSAFE BACKING,ROGERS RD & THAT,39.11329079,-86.53972066
901742326,2019,12,1,1200,Weekend,1-Car,No injury/unknown,DRIVER DISTRACTED - EXPLAIN IN NARRATIVE,DINSMORE & SR45W,39.11324993,-86.63472356
901632654,2019,5,2,0,Weekday,1-Car,No injury/unknown,RAN OFF ROAD RIGHT,MOORES CRK,39.112654,-86.466054
901663888,2019,7,2,800,Weekday,2-Car,Non-incapacitating,LEFT OF CENTER,FAIRFAX & S OLD STATE ROAD 37 HWY,39.11253948,-86.53149
901581326,2019,1,7,1100,Weekend,1-Car,Non-incapacitating,RAN OFF ROAD RIGHT,STATE ROAD 446 RD,39.112009,-86.431229
901708699,2019,10,7,1000,Weekend,1-Car,No injury/unknown,RAN OFF ROAD RIGHT,GARRISON CHAPEL & SR45W,39.11162963,-86.63734574
901673860,2019,8,7,1200,Weekend,1-Car,Non-incapacitating,RAN OFF ROAD RIGHT,GARRISON CHAPLE & SR45W,39.11105313,-86.63820622
901617739,2019,4,4,1600,Weekday,3+ Cars,Non-incapacitating,FOLLOWING TOO CLOSELY,HARMONY & SR45W,39.111024,-86.638304
901635873,2019,5,1,1600,Weekend,2-Car,No injury/unknown,FAILURE TO YIELD RIGHT OF WAY,HARMONY & SR45W,39.111024,-86.638304
901677868,2019,8,3,1700,Weekday,2-Car,No injury/unknown,FOLLOWING TOO CLOSELY,S GARRISON CHAPEL & SR45W,39.111024,-86.638304
901683083,2019,8,7,1300,Weekend,3+ Cars,Non-incapacitating,UNSAFE SPEED,GARRISON CHAPEL & SR45N,39.111024,-86.638304
901742523,2019,12,1,1900,Weekday,2-Car,No injury/unknown,FAILURE TO YIELD RIGHT OF WAY,SOUTH HARMONY & SR45W,39.111024,-86.638304
901694541,2019,9,2,1900,Weekday,2-Car,No injury/unknown,FAILURE TO YIELD RIGHT OF WAY,GARRISON CHAPEL & SR45S,39.11095525,-86.638414
901571527,2019,1,4,1800,Weekday,2-Car,No injury/unknown,FOLLOWING TOO CLOSELY,FALCON DR & WREN,39.11049731,-86.54706
901703102,2019,10,3,1500,Weekday,2-Car,No injury/unknown,UNSAFE BACKING,ACORN LN & STANSIFER,39.11039,-86.57256649
901658367,2019,7,2,1800,Weekday,1-Car,No injury/unknown,STEERING FAILURE,RED OAK & SR446S,39.1101851,-86.42329198
901662612,2019,7,6,1600,Weekday,2-Car,No injury/unknown,FOLLOWING TOO CLOSELY,GARRISON CHAPEL & SR45W,39.10999279,-86.63995397
901689672,2019,9,7,200,Weekend,1-Car,No injury/unknown,ANIMAL/OBJECT IN ROADWAY,BAYLES & BUSINESS 37 NORTH HWY,39.10958848,-86.53700999
901702409,2019,10,3,1000,Weekday,Moped/Motorcycle,Non-incapacitating,FAILURE TO YIELD RIGHT OF WAY,SR37S & WAYSIDE,39.10920924,-86.53119028
901602040,2019,3,2,700,Weekday,2-Car,No injury/unknown,FOLLOWING TOO CLOSELY,S OLD ST RD 37 RD & W WAYSIDE DR,39.10918,-86.53117
901613472,2019,4,2,1400,Weekday,2-Car,No injury/unknown,FOLLOWING TOO CLOSELY,OLD STATE ROAD 37 NORTH & WALNUT ST,39.10917483,-86.53119531
901686464,2019,9,7,2200,Weekend,1-Car,No injury/unknown,OTHER (DRIVER) - EXPLAIN IN NARRATIVE,PINE GROVE & SR446N,39.10910105,-86.43057773
901571845,2019,1,6,200,Weekday,1-Car,No injury/unknown,RAN OFF ROAD RIGHT,CHURCH & VICTOR PIKE,39.10891498,-86.54957639
901633761,2019,5,6,1700,Weekday,2-Car,No injury/unknown,OTHER (DRIVER) - EXPLAIN IN NARRATIVE,S OLD ST RD 37 RD,39.10851331,-86.53132114
901660344,2019,7,2,1300,Weekday,2-Car,No injury/unknown,UNSAFE BACKING,S OLD STATE ROAD 37 RD,39.10851331,-86.53132114
901751836,2019,12,3,1100,Weekday,1-Car,No injury/unknown,RAN OFF ROAD RIGHT,ELWREN RD,39.10835423,-86.65087617
901728214,2019,11,5,1100,Weekday,1-Car,Non-incapacitating,BRAKE FAILURE OR DEFECTIVE,MOORES CREEK RD & SWARTZ RIDGE,39.107904,-86.462368
901563246,2019,1,7,200,Weekend,1-Car,No injury/unknown,RAN OFF ROAD RIGHT,MOORES CREEK RD & SCHWARTZ RIDGE,39.10771,-86.46233
901581347,2019,1,3,400,Weekday,1-Car,No injury/unknown,ANIMAL/OBJECT IN ROADWAY,ELWREN & SR45W,39.107648,-86.643696
901681685,2019,8,4,1700,Weekday,2-Car,No injury/unknown,FAILURE TO YIELD RIGHT OF WAY,ELWREN ROAD & SR45W,39.107648,-86.643696
901575640,2019,1,5,1300,Weekday,1-Car,No injury/unknown,SPEED TOO FAST FOR WEATHER CONDITIONS,ISON RD & TOWER,39.10762745,-86.61031436
901734457,2019,11,2,1500,Weekday,2-Car,No injury/unknown,FAILURE TO YIELD RIGHT OF WAY,WALNUT ST & WALNUT STREET,39.10761866,-86.52640101
901564534,2019,1,3,800,Weekday,1-Car,Non-incapacitating,RAN OFF ROAD RIGHT,ELWREN RD & SR45 W,39.10761072,-86.64322799
901721208,2019,11,1,600,Weekend,2-Car,Incapacitating,LEFT OF CENTER,HARMONY ROAD & SR45W,39.10756539,-86.6437769
901573004,2019,1,1,1400,Weekend,1-Car,No injury/unknown,RAN OFF ROAD RIGHT,CHURCH LN & VICTOR,39.107552,-86.549792
901720820,2019,11,7,400,Weekend,1-Car,No injury/unknown,ANIMAL/OBJECT IN ROADWAY,SR37N & VICTOR PIKE,39.10743375,-86.55367188
901581318,2019,1,1,0,Weekend,1-Car,No injury/unknown,RAN OFF ROAD RIGHT,CHURCH LANE & SOUTHWAY DRIVE DR,39.107424,-86.538896
901611164,2019,3,3,1800,Weekday,1-Car,No injury/unknown,RAN OFF ROAD RIGHT,STANSIFER LN,39.107423,-86.573993
901573748,2019,1,3,1100,Weekday,2-Car,Non-incapacitating,LEFT OF CENTER,WALNUT ST & WALNUT STREET,39.107344,-86.5264
901645724,2019,6,6,900,Weekday,2-Car,No injury/unknown,FAILURE TO YIELD RIGHT OF WAY,S WALNUT ST & WALNUT ST PIKE,39.107344,-86.5264
901709418,2019,10,4,1300,Weekday,2-Car,Non-incapacitating,FAILURE TO YIELD RIGHT OF WAY,S WALNUT ST & WALNUT,39.107344,-86.5264
901649364,2019,6,6,1300,Weekday,2-Car,No injury/unknown,OTHER (DRIVER) - EXPLAIN IN NARRATIVE,OLS STATE 37 SOUTH RD & S FAIRFAX,39.10725988,-86.53149001
901653325,2019,6,2,1800,Weekday,2-Car,Non-incapacitating,DRIVER DISTRACTED - EXPLAIN IN NARRATIVE,CHURCH & OLD STATE 37 SOUTH RD,39.107248,-86.531392
901673184,2019,8,7,1400,Weekend,2-Car,Non-incapacitating,FOLLOWING TOO CLOSELY,FAIRFAX RD & WALNUT STREET,39.10716,-86.52651
901677404,2019,8,3,1700,Weekday,3+ Cars,No injury/unknown,FOLLOWING TOO CLOSELY,FAIRFAX RD & WALNUT STREET,39.10716,-86.52651
901718686,2019,11,3,500,Weekday,1-Car,No injury/unknown,RAN OFF ROAD RIGHT,FAIRFAX RD & WALNUT STREET PIKE,39.10716,-86.5264927
901599591,2019,3,3,1800,Weekday,2-Car,Non-incapacitating,UNSAFE SPEED,S FAIRFX RD & SCHACHT ROAD,39.10704,-86.523488
901608259,2019,3,2,1600,Weekday,2-Car,No injury/unknown,UNSAFE BACKING,SOUTH OLD STATE 37 RD,39.106787,-86.53159
901688930,2019,9,5,1500,Weekday,2-Car,Fatal,LEFT OF CENTER,FAIRFAX RD & SCHACT,39.10657706,-86.52310847
901734845,2019,11,2,900,Weekday,2-Car,No injury/unknown,FOLLOWING TOO CLOSELY,MARIE & S FAIRFAX RD,39.10568006,-86.5224798
901737622,2019,12,6,1500,Weekday,Bus,No injury/unknown,UNSAFE SPEED,MARIE & SOUTH FAIRFAX RD,39.10568006,-86.5224798
901735484,2019,11,4,600,Weekday,1-Car,No injury/unknown,RAN OFF ROAD RIGHT,ROCKPORT RD & STANSIFER,39.10567763,-86.57604455
901697028,2019,9,7,1700,Weekend,1-Car,No injury/unknown,SPEED TOO FAST FOR WEATHER CONDITIONS,SOUTH ROCKPORT RD,39.105654,-86.576242
901672720,2019,8,6,1100,Weekday,2-Car,Non-incapacitating,DISREGARD SIGNAL/REG SIGN,SR37S & VICTOR,39.10555824,-86.55147414
901686174,2019,9,6,1700,Weekday,2-Car,No injury/unknown,OTHER (DRIVER) - EXPLAIN IN NARRATIVE,SR37S & VICTOR,39.10555824,-86.55147414
901621725,2019,4,6,1900,Weekend,2-Car,Non-incapacitating,FAILURE TO YIELD RIGHT OF WAY,SR37S & VICTOR,39.105552,-86.551104
901638222,2019,5,5,1100,Weekday,2-Car,Incapacitating,FAILURE TO YIELD RIGHT OF WAY,SR37S & VICTOR,39.105552,-86.551104
901691054,2019,9,7,1300,Weekend,2-Car,Non-incapacitating,FAILURE TO YIELD RIGHT OF WAY,SR37S & VICTOR,39.105552,-86.551104
901693837,2019,9,2,1100,Weekday,2-Car,No injury/unknown,DISREGARD SIGNAL/REG SIGN,SR37S & VICTOR,39.105552,-86.551104
901723531,2019,11,4,1800,Weekday,2-Car,No injury/unknown,FAILURE TO YIELD RIGHT OF WAY,SR37S & VICTOR,39.105552,-86.551104
901615653,2019,4,1,800,Weekend,1-Car,Incapacitating,RAN OFF ROAD RIGHT,HARMONY RD,39.105461,-86.638358
901691508,2019,9,3,1800,Weekday,1-Car,Non-incapacitating,UNSAFE SPEED,S ISON RD & TOWER,39.104944,-86.61032
901632454,2019,5,1,1300,Weekend,1-Car,No injury/unknown,SPEED TOO FAST FOR WEATHER CONDITIONS,RED OAK & SR446N,39.10490807,-86.42329198
901570959,2019,1,3,600,Weekday,1-Car,No injury/unknown,ROADWAY SURFACE CONDITION,SR37S & VICTOR,39.10441906,-86.55010785
901653118,2019,6,6,2000,Weekend,1-Car,No injury/unknown,OVERCORRECTING/OVERSTEERING,4370 E MOORES CREEK & MOORES CREEK RD,39.10368,-86.461792
901624199,2019,4,5,400,Weekday,1-Car,No injury/unknown,SPEED TOO FAST FOR WEATHER CONDITIONS,ROSE CREEK & S HARMONY RD,39.102736,-86.63832
901613784,2019,4,2,1100,Weekday,1-Car,Non-incapacitating,OVERCORRECTING/OVERSTEERING,MOORES CRK & STIPP ROAD,39.102704,-86.461792
901742128,2019,12,7,1400,Weekend,1-Car,Incapacitating,RAN OFF ROAD RIGHT,E STIPP RD & MOORES CREEK,39.102704,-86.461792
901713177,2019,10,1,1800,Weekend,1-Car,No injury/unknown,ANIMAL/OBJECT IN ROADWAY,ACUFF & SR37S,39.1025275,-86.55361882
901723655,2019,11,5,0,Weekday,1-Car,No injury/unknown,ANIMAL/OBJECT IN ROADWAY,ACUFF & SR37,39.1025275,-86.55361882
901579132,2019,1,3,2300,Weekday,1-Car,No injury/unknown,RAN OFF ROAD RIGHT,MESA & STIPP RD,39.10200236,-86.48143176
901719595,2019,11,4,1300,Weekday,2-Car,No injury/unknown,UNSAFE SPEED,COCHRELL & ROCKPORT RD,39.10163,-86.57703329
901700679,2019,10,7,1400,Weekend,Moped/Motorcycle,Non-incapacitating,UNSAFE SPEED,OLD RICHARDSON & SR446S,39.10162665,-86.43136527
901676086,2019,8,1,100,Weekend,1-Car,No injury/unknown,LEFT OF CENTER,COUNTRYSIDE & ROCKPORT RD,39.10112513,-86.54182
901642025,2019,6,5,1700,Weekday,2-Car,Non-incapacitating,FOLLOWING TOO CLOSELY,COMMANDER & SOUTH FAIRFAX RD,39.10096164,-86.51864405
901686946,2019,9,7,2300,Weekend,1-Car,No injury/unknown,OVERCORRECTING/OVERSTEERING,BOLIN LN & VICTOR,39.10025,-86.55794048
901582264,2019,1,1,1900,Weekday,1-Car,No injury/unknown,ANIMAL/OBJECT IN ROADWAY,JOHN WILLIAMS & SR45W,39.10005311,-86.65130419
901585181,2019,2,7,600,Weekend,1-Car,No injury/unknown,RAN OFF ROAD RIGHT,JOHN WILLIAMS & SR45W,39.10005311,-86.65130419
901752123,2019,12,2,2300,Weekday,1-Car,Non-incapacitating,RAN OFF ROAD RIGHT,HINDS & SR45W,39.1000263,-86.65114617
901662728,2019,7,7,400,Weekend,1-Car,Non-incapacitating,RAN OFF ROAD RIGHT,FAIRFAX & MOFFETT RD,39.09991,-86.5178673
901679508,2019,8,7,2300,Weekend,1-Car,No injury/unknown,RAN OFF ROAD RIGHT,FAIRFAX RD & MOFFETT,39.09991,-86.51785
901697129,2019,9,1,1100,Weekend,1-Car,No injury/unknown,RAN OFF ROAD RIGHT,MOFFETT & S FAIRFAX RD,39.09991,-86.51785
901653044,2019,6,7,2200,Weekend,1-Car,No injury/unknown,DRIVER DISTRACTED - EXPLAIN IN NARRATIVE,MOFFETT LN,39.099843,-86.51557
901694082,2019,9,1,1200,Weekend,2-Car,No injury/unknown,FAILURE TO YIELD RIGHT OF WAY,FAIRFAX & MOFFETT LN,39.09984,-86.5176
901716930,2019,10,1,200,Weekend,2-Car,Non-incapacitating,FOLLOWING TOO CLOSELY,PINEWOOD & WALNUT ST,39.09982347,-86.53143
901592113,2019,2,4,700,Weekday,3+ Cars,No injury/unknown,FOLLOWING TOO CLOSELY,PINEWOOD & S WALNUT ST,39.09981303,-86.53145486
901739412,2019,12,2,900,Weekday,2-Car,No injury/unknown,IMPROPER TURNING,HARRELL & MOFFETT LN,39.099792,-86.498448
901665461,2019,7,5,1900,Weekday,2-Car,No injury/unknown,LEFT OF CENTER,E MOFFIT & S HANDY RD,39.09974031,-86.49382395
901577392,2019,1,7,2300,Weekend,1-Car,No injury/unknown,RAN OFF ROAD RIGHT,MOFFETT LN,39.099734,-86.503533
901570429,2019,1,4,900,Weekday,3+ Cars,No injury/unknown,OTHER (DRIVER) - EXPLAIN IN NARRATIVE,OLD STATE ROAD 37 RD & S ROGERS,39.099408,-86.537904
901649957,2019,6,1,1700,Weekend,2-Car,No injury/unknown,FOLLOWING TOO CLOSELY,SR45W & W HINDS,39.09937058,-86.65178655
901617357,2019,4,4,1100,Weekday,1-Car,Incapacitating,RAN OFF ROAD RIGHT,HINDS & SR45W,39.099152,-86.652
901576617,2019,1,1,300,Weekend,2-Car,No injury/unknown,UNSAFE LANE MOVEMENT,CHERRY LN & FAIRFAX,39.0972,-86.51707596
901706353,2019,10,3,1900,Weekday,2-Car,No injury/unknown,FAILURE TO YIELD RIGHT OF WAY,FAIRFAX RD & VERA,39.096656,-86.516832
901575350,2019,1,5,800,Weekday,1-Car,No injury/unknown,SPEED TOO FAST FOR WEATHER CONDITIONS,DILLMAN & SR37S,39.09571236,-86.54595204
901643398,2019,6,2,800,Weekday,1-Car,No injury/unknown,OVERCORRECTING/OVERSTEERING,DILLMAN ROAD & SR37N,39.09571236,-86.54595204
901671870,2019,8,4,2000,Weekday,1-Car,Non-incapacitating,RAN OFF ROAD RIGHT,AILINE & HANDY RD,39.09383131,-86.49441719
901686945,2019,9,7,2000,Weekend,1-Car,No injury/unknown,ANIMAL/OBJECT IN ROADWAY,DILLMAN & SR37S,39.09379691,-86.54573921
901693455,2019,9,7,1400,Weekend,2-Car,No injury/unknown,IMPROPER TURNING,HARMONY & MAY RD,39.093744,-86.638304
901673567,2019,8,1,2100,Weekday,2-Car,No injury/unknown,FAILURE TO YIELD RIGHT OF WAY,HARMONY & MAY RD,39.09373144,-86.63477942
901627589,2019,5,4,2000,Weekday,1-Car,Non-incapacitating,DRIVER ILLNESS,MAY RD & OLD LEONARD SPRINGS,39.09356485,-86.60084724
901607947,2019,3,2,1100,Weekday,2-Car,No injury/unknown,UNSAFE BACKING,S ROCKPORT ROAD RD,39.093344,-86.5868
901564847,2019,1,3,1900,Weekday,2-Car,Non-incapacitating,BRAKE FAILURE OR DEFECTIVE,DILLMAN & SR37S,39.092976,-86.545648
901601420,2019,3,6,1400,Weekday,2-Car,No injury/unknown,FAILURE TO YIELD RIGHT OF WAY,DILLMAN & SR37S,39.092976,-86.545648
901612051,2019,3,5,1200,Weekday,2-Car,Incapacitating,FAILURE TO YIELD RIGHT OF WAY,DILLMAN & SR37S,39.092976,-86.545648
901628604,2019,5,6,900,Weekday,2-Car,No injury/unknown,FAILURE TO YIELD RIGHT OF WAY,DILLMAN & SR37S,39.092976,-86.545648
901717978,2019,10,2,1700,Weekday,2-Car,Non-incapacitating,FOLLOWING TOO CLOSELY,CR37S & DILLMAN,39.092976,-86.545648
901656765,2019,7,1,1700,Weekend,2-Car,No injury/unknown,FAILURE TO YIELD RIGHT OF WAY,E DILLMAN & S OLD STATE ROAD 37 RD,39.092944,-86.544
901682925,2019,8,6,1900,Weekend,2-Car,No injury/unknown,UNSAFE SPEED,DILLMAN & OLD STATE ROAD 37 RD,39.092944,-86.544
901718655,2019,10,1,1600,Weekend,2-Car,No injury/unknown,UNSAFE SPEED,DILLMAN & OLD STATE 37 SOUTH RD,39.092944,-86.544
901707489,2019,10,5,1900,Weekday,1-Car,No injury/unknown,RAN OFF ROAD RIGHT,PAYNETOWN & SR446S,39.0929195,-86.42304235
901670176,2019,7,1,1700,Weekend,2-Car,Non-incapacitating,DISREGARD SIGNAL/REG SIGN,E DILLMAN & FAIRFAX RD,39.09264,-86.51672
901699899,2019,9,5,1900,Weekday,2-Car,No injury/unknown,ROADWAY SURFACE CONDITION,E DILLMAN RD & FAIRFAX,39.09261,-86.51656319
901704329,2019,10,6,1700,Weekday,Moped/Motorcycle,No injury/unknown,FAILURE TO YIELD RIGHT OF WAY,E DILLMAN & S FAIRFAX RD,39.09261,-86.51702
901575303,2019,1,5,700,Weekday,1-Car,No injury/unknown,SPEED TOO FAST FOR WEATHER CONDITIONS,BOLIN & ROCKPORT RD,39.09260982,-86.57509977
901730162,2019,11,1,1400,Weekend,1-Car,No injury/unknown,DRIVER DISTRACTED - EXPLAIN IN NARRATIVE,446 RDS,39.09247756,-86.42310529
901690912,2019,9,2,2000,Weekday,1-Car,No injury/unknown,ANIMAL/OBJECT IN ROADWAY,446 & PAYNETOWN RD RD,39.092112,-86.422832
901600118,2019,3,4,1400,Weekday,2-Car,No injury/unknown,DRIVER DISTRACTED - EXPLAIN IN NARRATIVE,DILLMAN & FAIRFAX RD,39.09126997,-86.51659862
901575061,2019,1,5,500,Weekday,1-Car,No injury/unknown,ROADWAY SURFACE CONDITION,MAY & ROCKPORT RD,39.09076622,-86.58801583
901629193,2019,4,6,1600,Weekday,2-Car,No injury/unknown,UNSAFE LANE MOVEMENT,S STANFORD & SR45W,39.08949755,-86.66685515
901635866,2019,5,1,1900,Weekday,1-Car,No injury/unknown,SPEED TOO FAST FOR WEATHER CONDITIONS,PAYNETOWN RD & SR446S,39.08945721,-86.42305431
901673651,2019,8,6,1600,Weekday,2-Car,No injury/unknown,ROADWAY SURFACE CONDITION,PAYNETOWN & SR446S,39.08945721,-86.42305431
901737620,2019,12,6,1900,Weekend,2-Car,Non-incapacitating,LEFT OF CENTER,SR45 & STANFORD,39.08924071,-86.66726851
901683413,2019,8,5,1700,Weekday,2-Car,No injury/unknown,UNSAFE BACKING,OLD STATE ROAD 37 HWY,39.0888618,-86.54300612
901697348,2019,9,1,2200,Weekday,2-Car,Non-incapacitating,LEFT OF CENTER,BIRCH & SR45W,39.08864142,-86.66823301
901711231,2019,10,4,2000,Weekday,2-Car,No injury/unknown,ROADWAY SURFACE CONDITION,HINDS & KIRKSVILLE RD,39.0882209,-86.657296
901722072,2019,11,5,1100,Weekday,1-Car,No injury/unknown,SPEED TOO FAST FOR WEATHER CONDITIONS,SPARKS & SR45W,39.08780679,-86.66957619
901637737,2019,5,1,2000,Weekday,1-Car,No injury/unknown,SPEED TOO FAST FOR WEATHER CONDITIONS,SALT CREEK & SR446N,39.08778951,-86.42243138
901635883,2019,5,1,200,Weekend,3+ Cars,Non-incapacitating,RAN OFF ROAD RIGHT,SPARKS & SR45S,39.086848,-86.671296
901656907,2019,7,2,500,Weekday,1-Car,Fatal,RAN OFF ROAD RIGHT,SR45W & WEST SPARKS,39.086848,-86.671296
901699893,2019,9,1,2100,Weekday,1-Car,No injury/unknown,RAN OFF ROAD RIGHT,SPARKS & SR45W,39.08684694,-86.6714036
901639586,2019,5,1,2100,Weekday,1-Car,No injury/unknown,OVERCORRECTING/OVERSTEERING,BREEDEN & SR45W,39.08684429,-86.67145559
901690389,2019,9,7,1300,Weekend,2-Car,No injury/unknown,FOLLOWING TOO CLOSELY,BREEDEN & SR45W,39.086832,-86.671984
901729102,2019,11,6,1800,Weekday,1-Car,No injury/unknown,ANIMAL/OBJECT IN ROADWAY,BREEDEN & SR45N,39.08681358,-86.67409844
901755171,2019,12,3,1300,Weekday,1-Car,No injury/unknown,RAN OFF ROAD RIGHT,SPARKS RD,39.08681273,-86.67102053
901659505,2019,7,7,100,Weekend,1-Car,Non-incapacitating,RAN OFF ROAD RIGHT,BREEDEN & SR45W,39.08678588,-86.6772701
901654719,2019,6,7,1100,Weekend,Moped/Motorcycle,No injury/unknown,FOLLOWING TOO CLOSELY,BREEDON & SR45W,39.08675815,-86.67201332
901684996,2019,8,4,1600,Weekday,3+ Cars,No injury/unknown,OTHER (DRIVER) - EXPLAIN IN NARRATIVE,BREEDEN & SR45W,39.08675815,-86.67201332
901575811,2019,1,5,1600,Weekday,2-Car,Non-incapacitating,LEFT OF CENTER,COUNTY LINE & SR45W,39.08666936,-86.68232875
901716934,2019,10,1,500,Weekend,1-Car,No injury/unknown,RAN OFF ROAD RIGHT,COUNTY LINE & SR45S,39.08666936,-86.68232658
901653239,2019,6,7,1100,Weekend,Moped/Motorcycle,Non-incapacitating,ENGINE FAILURE OR DEFECTIVE,ALEXIS & FAIRFAX RD,39.08636,-86.51703
901649591,2019,6,7,1500,Weekend,2-Car,No injury/unknown,FOLLOWING TOO CLOSELY,EMPIRE MILL & OLD STATE ROAD 37 SOUTH RD,39.08624,-86.542
901634332,2019,5,7,600,Weekend,1-Car,No injury/unknown,ANIMAL/OBJECT IN ROADWAY,BURCH RD & SPARKS,39.08618689,-86.66640361
901620389,2019,4,3,1700,Weekday,2-Car,No injury/unknown,SPEED TOO FAST FOR WEATHER CONDITIONS,S OLD STATE ROAD 37 RD & SR37S,39.085632,-86.542304
901624717,2019,4,5,1700,Weekday,2-Car,No injury/unknown,SPEED TOO FAST FOR WEATHER CONDITIONS,S OLD STATE ROAD 37 & SR37S,39.085632,-86.542304
901758256,2019,12,6,0,Weekday,1-Car,No injury/unknown,RAN OFF ROAD RIGHT,OLD STATE RD 37 & SR37S,39.085632,-86.542304
901565324,2019,1,4,1700,Weekday,3+ Cars,No injury/unknown,FOLLOWING TOO CLOSELY,S OLD STATE ROAD 37 & SR37S,39.08535794,-86.54206908
901610104,2019,3,7,2100,Weekend,2-Car,No injury/unknown,FAILURE TO YIELD RIGHT OF WAY,S OLD STATE ROAD 37 & SR37S,39.08528624,-86.54271101
901678952,2019,8,6,1100,Weekday,1-Car,Non-incapacitating,TIRE FAILURE OR DEFECTIVE,S OLD SR 37 & SR37S,39.08517523,-86.54191247
901679077,2019,8,1,1800,Weekend,1-Car,No injury/unknown,RAN OFF ROAD RIGHT,TRAMWAY RD,39.08314,-86.582651
901646070,2019,6,6,100,Weekday,1-Car,No injury/unknown,OTHER (DRIVER) - EXPLAIN IN NARRATIVE,SHIELDS RIDGE RD,39.08312,-86.473089
901638450,2019,5,5,2200,Weekday,1-Car,No injury/unknown,RAN OFF ROAD RIGHT,6100 BLOCK OF SOUTH HANDY RD & SHIELD RIDGE,39.083024,-86.472912