Master Record Number,Year,Month,Day,Hour,Weekend,Collision Type,Injury Type,Primary Factor,Reported_Location,Latitude,Longitude
901691599,2019,9,3,1400,Weekday,1-Car,Non-incapacitating,RAN OFF ROAD RIGHT,E SANDERS SECOND & S FAIRFAX RD,39.082199,-86.51582056
901572585,2019,1,1,300,Weekend,1-Car,No injury/unknown,RAN OFF ROAD RIGHT,3RD & FAIRFAX RD,39.08035,-86.51451865
901607478,2019,3,6,200,Weekday,1-Car,No injury/unknown,UNSAFE SPEED,PAYNETOWN & S SHIELDS RIDGE RD,39.07916578,-86.47715
901623806,2019,4,2,1500,Weekday,1-Car,Non-incapacitating,OTHER (DRIVER) - EXPLAIN IN NARRATIVE,S ROCKPORT & W KOONTZ RD,39.078944,-86.596304
901741689,2019,12,5,2200,Weekday,1-Car,No injury/unknown,ANIMAL/OBJECT IN ROADWAY,BLUEBIRD & SNOODY RD RD,39.0788322,-86.48962005
901570989,2019,1,1,200,Weekend,2-Car,No injury/unknown,FOLLOWING TOO CLOSELY,SR446 & SR446S,39.078128,-86.41736
901693237,2019,9,6,1200,Weekday,3+ Cars,No injury/unknown,UNSAFE LANE MOVEMENT,1415 N JORDAN AVE & BALFOUR,39.07658496,-86.51263769
901728215,2019,11,5,300,Weekday,1-Car,No injury/unknown,UNSAFE SPEED,2ND SANDERS & FAIRFAX RD,39.07576879,-86.51577025
901675997,2019,8,7,1700,Weekend,2-Car,No injury/unknown,DRIVER DISTRACTED - EXPLAIN IN NARRATIVE,EVANS RD & HARMONY,39.07559,-86.62764
901606289,2019,3,3,1800,Weekday,1-Car,No injury/unknown,RAN OFF ROAD RIGHT,S FAIRFAX RD,39.07515592,-86.50674155
901611720,2019,3,4,1200,Weekday,2-Car,No injury/unknown,OTHER (DRIVER) - EXPLAIN IN NARRATIVE,CHURCH RD,39.075,-86.484631
901634530,2019,5,4,800,Weekday,2-Car,No injury/unknown,FAILURE TO YIELD RIGHT OF WAY,FLUCK MILL & VICTOR PIKE,39.07378,-86.57107
901699305,2019,9,4,1900,Weekday,1-Car,No injury/unknown,OTHER (DRIVER) - EXPLAIN IN NARRATIVE,S ROCKPORT RD,39.071952,-86.600704
901688258,2019,9,4,1600,Weekday,2-Car,No injury/unknown,FOLLOWING TOO CLOSELY,SR37N & VERNAL,39.07159876,-86.5609886
901617694,2019,4,4,700,Weekday,2-Car,No injury/unknown,LEFT OF CENTER,LUCAS RD & RAMP CREEK,39.0712,-86.498544
901618021,2019,4,1,2200,Weekday,1-Car,No injury/unknown,ANIMAL/OBJECT IN ROADWAY,S FAIRFAX RD & SMITHVILLE,39.071152,-86.503088
901676011,2019,8,7,1600,Weekend,2-Car,No injury/unknown,FAILURE TO YIELD RIGHT OF WAY,RAMP CREEK & SOUTH FAIRFAX RDS,39.071152,-86.503088
901680097,2019,8,4,1700,Weekday,2-Car,No injury/unknown,FOLLOWING TOO CLOSELY,FAIRFAX RD & RAMP CREEK,39.071152,-86.503088
901584026,2019,2,5,1200,Weekday,2-Car,Non-incapacitating,FAILURE TO YIELD RIGHT OF WAY,SMITHVILLE & SR37N,39.071056,-86.5356
901748734,2019,12,4,1800,Weekday,2-Car,No injury/unknown,FAILURE TO YIELD RIGHT OF WAY,SMITHVILLE & SR37S,39.071056,-86.5356
901684590,2019,8,3,1500,Weekday,1-Car,No injury/unknown,TOW HITCH FAILURE,SMITHVILLE & SR37S,39.07009474,-86.53561229
901704673,2019,10,7,2000,Weekend,1-Car,No injury/unknown,RAN OFF ROAD RIGHT,EVANS & ROCKPORT RD,39.06930102,-86.6007325
901716604,2019,10,7,200,Weekend,1-Car,No injury/unknown,ANIMAL/OBJECT IN ROADWAY,EAST BERNICE & SOUTH FAIRFAX RD,39.068496,-86.50312
901617997,2019,4,4,1800,Weekday,2-Car,No injury/unknown,UNSAFE BACKING,MITCHEL RD & S STRAIN RIDGE,39.067632,-86.507632
901696948,2019,9,7,1800,Weekend,1-Car,No injury/unknown,RAN OFF ROAD RIGHT,BUSINESS 37 RD & WHISNAND,39.06580013,-86.53977
901565334,2019,1,3,1800,Weekday,2-Car,No injury/unknown,OTHER (VEHICLE) - EXPLAIN IN NARRATIVE,S OLD STATE RD 37 RD,39.064288,-86.541328
901628420,2019,5,2,1600,Weekday,2-Car,No injury/unknown,UNSAFE BACKING,S OLD STATE ROAD 37,39.064288,-86.541328
901643846,2019,6,2,2000,Weekday,1-Car,No injury/unknown,UNSAFE BACKING,S OLD SR 37 RD,39.064288,-86.541328
901743511,2019,12,6,1800,Weekday,2-Car,No injury/unknown,UNSAFE BACKING,S OLD STATE ROAD 37 RD,39.064288,-86.541328
901671341,2019,8,5,100,Weekday,1-Car,No injury/unknown,OTHER (DRIVER) - EXPLAIN IN NARRATIVE,SR446S & WALDRIP CREEK,39.06392824,-86.41456115
901716807,2019,10,7,1800,Weekend,2-Car,No injury/unknown,IMPROPER TURNING,AUTO MALL RD & BUICK CADILLAC,39.06316528,-86.49611
901653113,2019,6,7,2000,Weekend,1-Car,No injury/unknown,UNSAFE SPEED,446 & E WALDRIP CREEK RD RD,39.061184,-86.414416
901612019,2019,3,5,1300,Weekday,1-Car,No injury/unknown,CELL PHONE USAGE,7544 S FAIRFAX RD & BERNICE,39.06045993,-86.50310274
901731364,2019,11,3,1500,Weekday,2-Car,No injury/unknown,UNSAFE BACKING,HENDERSON ST,39.06038916,-86.52689673
901580882,2019,1,6,500,Weekday,1-Car,No injury/unknown,RAN OFF ROAD RIGHT,3RD & PARKRIDGE DR,39.05847661,-86.4763
901691059,2019,9,7,1600,Weekend,Moped/Motorcycle,Fatal,LEFT OF CENTER,BURGOON CHURCH & SR446N,39.05728114,-86.4096688
901646461,2019,6,7,2100,Weekend,1-Car,Non-incapacitating,RAN OFF ROAD RIGHT,S STRAINRIDGE RD & SCOTT,39.056848,-86.507776
901584268,2019,2,4,900,Weekday,1-Car,No injury/unknown,ACCELERATOR FAILURE OR DEFECTIVE,S OLD SR 37 HWY,39.056544,-86.541088
901747345,2019,12,2,1600,Weekday,2-Car,No injury/unknown,UNSAFE BACKING,S OLD SR 37 RD,39.056544,-86.541088
901606327,2019,3,4,200,Weekday,1-Car,No injury/unknown,SPEED TOO FAST FOR WEATHER CONDITIONS,S FAIRFAX RD & WISLEY,39.054608,-86.498432
901578562,2019,1,2,500,Weekday,1-Car,No injury/unknown,RAN OFF ROAD RIGHT,BURGOON CHURCH & SR446S,39.05056467,-86.4093708
901718274,2019,10,2,1300,Weekday,1-Car,Non-incapacitating,ACCELERATOR FAILURE OR DEFECTIVE,ZIKES RD,39.049379,-86.53089
901679573,2019,8,1,1000,Weekend,1-Car,No injury/unknown,UNSAFE SPEED,ANNE & STRAIN RIDGE RD,39.04934,-86.51104433
901747778,2019,12,3,800,Weekday,2-Car,Non-incapacitating,UNSAFE LANE MOVEMENT,FEE & SR45N,39.04847734,-86.51983983
901701035,2019,10,1,1900,Weekday,1-Car,No injury/unknown,ANIMAL/OBJECT IN ROADWAY,SR37S & ZIKES,39.04670943,-86.53586743
901569060,2019,1,3,600,Weekday,2-Car,No injury/unknown,LEFT OF CENTER,HAYS & SR446S,39.0451038,-86.40832057
901711113,2019,10,3,1900,Weekday,1-Car,No injury/unknown,ANIMAL/OBJECT IN ROADWAY,SR37S & ZIKES,39.04396287,-86.53584423
901604201,2019,3,6,1700,Weekday,1-Car,No injury/unknown,OTHER (DRIVER) - EXPLAIN IN NARRATIVE,S FAIRFAX RD,39.039836,-86.49203
901600062,2019,3,4,1300,Weekday,1-Car,Non-incapacitating,ANIMAL/OBJECT IN ROADWAY,FAIRFAX & POINTE RD,39.03531959,-86.5145874
901654658,2019,6,3,2000,Weekday,2-Car,Non-incapacitating,DISREGARD SIGNAL/REG SIGN,ALLENS CREEK & SR446S,39.034112,-86.408208
901576774,2019,1,5,1600,Weekday,2-Car,No injury/unknown,FAILURE TO YIELD RIGHT OF WAY,POINT RETREAT DR,39.032811,-86.512266
901617738,2019,4,6,2200,Weekend,Bus,No injury/unknown,IMPROPER TURNING,E POINTE RD,39.03245814,-86.49018686
901669420,2019,7,7,1800,Weekend,1-Car,No injury/unknown,NONE (DRIVER),ALLENS CREEK RD,39.03126907,-86.42193603
901655162,2019,6,3,0,Weekday,1-Car,Non-incapacitating,ANIMAL/OBJECT IN ROADWAY,BREEDEN & ROCKEAST RD,39.03069,-86.66118665
901606733,2019,3,5,1800,Weekday,2-Car,Non-incapacitating,LEFT OF CENTER,CHAPPELL HILL & SR446,39.03010902,-86.40775852
901664907,2019,7,4,1500,Weekday,2-Car,Non-incapacitating,SPEED TOO FAST FOR WEATHER CONDITIONS,ALLENS CREEK & SR446S,39.02880379,-86.40804595
901730336,2019,11,2,800,Weekday,1-Car,Non-incapacitating,SPEED TOO FAST FOR WEATHER CONDITIONS,CHAPEL HILL & SR446S,39.02793878,-86.40749234
901664094,2019,5,1,1300,Weekend,Moped/Motorcycle,Non-incapacitating,OVERCORRECTING/OVERSTEERING,ELLER & GARRISON CHAPEL RD,39.02746225,-86.64284
901651999,2019,6,5,1600,Weekday,3+ Cars,No injury/unknown,LEFT OF CENTER,CARMICHAEL RD & ROCKEAST,39.02677,-86.66894867
901577485,2019,1,1,0,Weekend,1-Car,Non-incapacitating,RAN OFF ROAD RIGHT,MONROE DAM & STRAIN RIDGE RD,39.02553894,-86.53437818
901575318,2019,1,5,1000,Weekday,1-Car,No injury/unknown,SPEED TOO FAST FOR WEATHER CONDITIONS,HARRODSBURG & SR37S,39.02500117,-86.5364409
901686447,2019,9,7,2000,Weekend,2-Car,No injury/unknown,UNSAFE BACKING,WATERS EDGE DR,39.024599,-86.508382
901732413,2019,11,4,1900,Weekday,1-Car,No injury/unknown,DRIVER ILLNESS,MONROE DAM & SR37S,39.02012967,-86.53660967
901684067,2019,8,2,1600,Weekday,3+ Cars,Non-incapacitating,DRIVER DISTRACTED - EXPLAIN IN NARRATIVE,MONROE DAM & SOUTH OLD 37 RD,39.02008393,-86.5363133
901647886,2019,6,6,600,Weekday,1-Car,No injury/unknown,ANIMAL/OBJECT IN ROADWAY,MONROE DAM RD & SR37S,39.020048,-86.536096
901625737,2019,4,7,2000,Weekend,1-Car,No injury/unknown,ANIMAL/OBJECT IN ROADWAY,BRENNICK & SR45W,39.01962151,-86.64821011
901708087,2019,10,5,2100,Weekday,1-Car,No injury/unknown,ANIMAL/OBJECT IN ROADWAY,MONROE DAM ROAD & SR37S,39.01951172,-86.5362479
901667118,2019,7,2,1400,Weekday,2-Car,No injury/unknown,FAILURE TO YIELD RIGHT OF WAY,EVANS & ROCKPORT RD,39.01919277,-86.6008801
901714548,2019,10,3,1100,Weekday,2-Car,No injury/unknown,IMPROPER TURNING,E MONROE DAM & S STRAINRIDGE RD,39.018656,-86.522896
901575060,2019,1,5,400,Weekday,1-Car,No injury/unknown,RAN OFF ROAD RIGHT,CHAPEL HILL & SR446S,39.0186502,-86.40272217
901698849,2019,9,4,800,Weekday,1-Car,No injury/unknown,ANIMAL/OBJECT IN ROADWAY,E MONROE DAM & SR37N,39.01733966,-86.53666059
901596766,2019,2,3,900,Weekday,2-Car,No injury/unknown,LEFT OF CENTER,SR446S & TOWER RIDGE,39.015088,-86.401232
901638352,2019,5,4,1400,Weekday,2-Car,Non-incapacitating,FAILURE TO YIELD RIGHT OF WAY,GORE & HOBART RD,39.014048,-86.544896
901653117,2019,6,6,1700,Weekday,2-Car,No injury/unknown,UNSAFE LANE MOVEMENT,HARRODSBURG & HOBART RD,39.01361,-86.54497731
901608257,2019,3,2,1800,Weekday,2-Car,Non-incapacitating,UNSAFE BACKING,HARRODSBURG & W POPCORN RD,39.01205,-86.54486691
901605094,2019,3,6,1100,Weekday,2-Car,No injury/unknown,LEFT OF CENTER,KETCHAM & POPCORN RD,39.01175,-86.56183672
901672623,2019,8,7,1600,Weekend,2-Car,No injury/unknown,LEFT OF CENTER,S BENNETT LN & W POPCORN,39.011744,-86.553888
901679186,2019,8,6,1900,Weekend,1-Car,Non-incapacitating,RAN OFF ROAD RIGHT,MONROE DAM RD & STRAIN RIDGE,39.01098071,-86.52176228
901697431,2019,9,1,1000,Weekend,2-Car,No injury/unknown,SPEED TOO FAST FOR WEATHER CONDITIONS,CHAPEL HILL ROAD & SR446E,39.01065123,-86.401183
901693591,2019,9,1,1100,Weekend,1-Car,Non-incapacitating,ENGINE FAILURE OR DEFECTIVE,S ROBERTS RD,39.01058429,-86.42825685
901663853,2019,7,1,1000,Weekend,1-Car,No injury/unknown,VIEW OBSTRUCTED,CHAPEL HILL & HARDIN RIDGE RD,39.009952,-86.428256
901634231,2019,5,4,1800,Weekday,2-Car,No injury/unknown,LEFT OF CENTER,GORE & HARRODSBURG RD,39.00992,-86.544672
901621768,2019,4,7,100,Weekend,1-Car,No injury/unknown,ROADWAY SURFACE CONDITION,CHURCH & S OLD SR37 HWY,39.0016704,-86.53149
901706354,2019,10,3,1700,Weekday,2-Car,No injury/unknown,LEFT OF CENTER,BOLIN & ROCKPORT RD,38.99758147,-86.57509
901748621,2019,12,4,700,Weekday,1-Car,No injury/unknown,ANIMAL/OBJECT IN ROADWAY,INGRAM & SR37S,38.99596825,-86.53729524
901646040,2019,6,6,2300,Weekend,2-Car,No injury/unknown,FOLLOWING TOO CLOSELY,INGRAM & SR37S,38.992016,-86.537248
901639669,2019,5,2,900,Weekday,1-Car,No injury/unknown,RAN OFF ROAD RIGHT,FLOCK MILL & KETCHAM RD,38.99070362,-86.56158
901690190,2019,9,1,700,Weekend,1-Car,No injury/unknown,RAN OFF ROAD RIGHT,S HARMONY RD & W KIRKSVILLE,38.98101632,-86.63852
901744564,2019,12,4,1700,Weekday,1-Car,No injury/unknown,RAN OFF ROAD RIGHT,FAIRFAX RD & SANDERS 1ST AVE,38.97384594,-86.51332005
901720091,2019,11,5,1200,Weekday,2-Car,Non-incapacitating,LEFT OF CENTER,OLD RICHARDSON & SR446S,38.95378259,-86.43136527
901698003,2019,9,3,1000,Weekday,2-Car,No injury/unknown,IMPROPER PASSING,LIBERTY DR & WEST 3RD,38.95310957,-86.57913641
901702410,2019,10,3,1100,Weekday,2-Car,No injury/unknown,DRIVER DISTRACTED - EXPLAIN IN NARRATIVE,3RD & LIBERTY DR,38.95310957,-86.57913641
901568065,2019,1,1,1800,Weekend,1-Car,No injury/unknown,ANIMAL/OBJECT IN ROADWAY,POINTE & STRAIN RIDGE RD,38.94006514,-86.51688
901673200,2019,8,7,1700,Weekend,2-Car,No injury/unknown,OTHER (DRIVER) - EXPLAIN IN NARRATIVE,S FAIRFAX RD,38.92394483,-86.489529
901576230,2019,1,6,800,Weekday,1-Car,No injury/unknown,ROADWAY SURFACE CONDITION,GORDAN PIKE & S WALNUT STREET ST,38.91016433,-86.53135
901575900,2019,1,5,1500,Weekday,1-Car,No injury/unknown,SPEED TOO FAST FOR WEATHER CONDITIONS,SR37N & VICTOR,38.84159573,-86.55147414
901654112,2019,6,7,0,Weekend,1-Car,No injury/unknown,OTHER (DRIVER) - EXPLAIN IN NARRATIVE,LEONARD SPRINGS RD & LIZZY,38.79742458,-86.59514
901605752,2019,3,6,1500,Weekday,1-Car,No injury/unknown,OTHER (DRIVER) - EXPLAIN IN NARRATIVE,8548  KIRKSVILLE RD & HINDS,38.77382061,-86.66333215
901570100,2019,1,4,400,Weekday,1-Car,No injury/unknown,ROADWAY SURFACE CONDITION,MAPLE GROVE & NORTH BOTTOM RD,38.68772152,-86.54777901
901592513,2019,2,7,1800,Weekend,1-Car,Non-incapacitating,RAN OFF ROAD RIGHT,CR37S & OLD 37 SOUTH,1,1
901611079,2019,3,2,800,Weekday,1-Car,Non-incapacitating,UNSAFE SPEED,CLUB HOUSE & SR37S,1,1
901622005,2019,4,7,1900,Weekend,1-Car,Non-incapacitating,SPEED TOO FAST FOR WEATHER CONDITIONS,HIGHLAND & ROCKPORT RD,1,1
901644878,2019,6,6,1500,Weekday,Cyclist,Non-incapacitating,FAILURE TO YIELD RIGHT OF WAY,ALLEYWAY & E 6TH ST,1,1
901669517,2019,7,1,1100,Weekend,Moped/Motorcycle,Non-incapacitating,UNSAFE LANE MOVEMENT,BUSINESS 37 & SR37N,1,1
901715602,2019,10,5,1200,Weekday,2-Car,Non-incapacitating,FOLLOWING TOO CLOSELY,N GATES & W 3RD ST,1,1
901717544,2019,10,7,1000,Weekend,1-Car,Non-incapacitating,OVERCORRECTING/OVERSTEERING,BUSINESS 37 NORTH RD & WHISNAND,1,1
901728205,2019,11,5,900,Weekday,Pedestrian,Non-incapacitating,DRIVER DISTRACTED - EXPLAIN IN NARRATIVE,E 7TH ST & N STADIUM,1,1
901565298,2019,1,3,1600,Weekday,3+ Cars,No injury/unknown,FAILURE TO YIELD RIGHT OF WAY,RICHLAND PLAZA & SR46W,0,0
901567350,2019,1,6,1300,Weekday,1-Car,No injury/unknown,SPEED TOO FAST FOR WEATHER CONDITIONS,PATHWAYS & SR45E,0,0
901567527,2019,1,6,2100,Weekend,1-Car,No injury/unknown,ROADWAY SURFACE CONDITION,BUSINESS 37 RD & SR37S,0,0
901568593,2019,1,2,300,Weekday,2-Car,No injury/unknown,LEFT OF CENTER,LEONARD SPRINGS RD & UNKNOWN,0,0
901568782,2019,1,6,1600,Weekday,1-Car,No injury/unknown,RAN OFF ROAD RIGHT,BETHEL LN & OLD 37 N,0,0
901568784,2019,1,2,1600,Weekday,2-Car,No injury/unknown,FAILURE TO YIELD RIGHT OF WAY,3RD & LANDMARK DR,0,0
901571438,2019,1,6,1600,Weekday,2-Car,No injury/unknown,OTHER (ENVIRONMENTAL) - EXPLAIN IN NARR,REDHILL RD & WALKER,0,0
901572787,2019,1,1,1500,Weekend,2-Car,No injury/unknown,DRIVER DISTRACTED - EXPLAIN IN NARRATIVE,SR46W & UNIONVALLEY,0,0
901574610,2019,1,4,1100,Weekday,2-Car,No injury/unknown,FAILURE TO YIELD RIGHT OF WAY,KINGSTON DR & SERVICE DRIVE TO KMART,0,0
901575272,2019,1,5,800,Weekday,1-Car,No injury/unknown,SPEED TOO FAST FOR WEATHER CONDITIONS,SR46E,0,0
901576516,2019,1,6,700,Weekday,2-Car,No injury/unknown,DRIVER ASLEEP OR FATIGUED,SISCOE & SR46W,0,0
901576723,2019,1,6,1700,Weekday,2-Car,No injury/unknown,FOLLOWING TOO CLOSELY,SR 45 46 BYP & THIRD,0,0
901577393,2019,1,1,1500,Weekend,2-Car,No injury/unknown,UNSAFE SPEED,CHAFIN CHAPEL & SR46W,0,0
901579652,2019,1,1,2000,Weekday,1-Car,No injury/unknown,RAN OFF ROAD RIGHT,GARDNER RD & GARRISON,0,0
901579876,2019,1,5,700,Weekday,2-Car,No injury/unknown,FOLLOWING TOO CLOSELY,SR37N,0,0
901580275,2019,1,5,1800,Weekday,2-Car,No injury/unknown,FAILURE TO YIELD RIGHT OF WAY,NORTH RIDGEWAY & SR46W,0,0
901580881,2019,1,6,500,Weekday,1-Car,No injury/unknown,RAN OFF ROAD RIGHT,3RD & PARKRIDGE DR,0,0
901581420,2019,1,1,1300,Weekend,2-Car,No injury/unknown,FOLLOWING TOO CLOSELY,3RD & OFF RAMP FROM NB SR 37 RAMP,0,0
901581538,2019,1,1,2000,Weekday,3+ Cars,No injury/unknown,FAILURE TO YIELD RIGHT OF WAY,ENTRY TO TWIN LAKES SPORTS COM & SR45W,0,0
901582336,2019,1,2,2300,Weekday,2-Car,No injury/unknown,UNSAFE BACKING,N WILLIS TRLR 222 DR,0,0
901582343,2019,1,2,2300,Weekday,1-Car,No injury/unknown,ROADWAY SURFACE CONDITION,MCNEELY & UNIONVALLEY RD,0,0
901582849,2019,2,3,1800,Weekday,1-Car,No injury/unknown,OTHER (ENVIRONMENTAL) - EXPLAIN IN NARR,7TH & STADIUM DR,0,0
901583673,2019,2,5,700,Weekday,2-Car,No injury/unknown,FAILURE TO YIELD RIGHT OF WAY,2300 N WALNUT ST & 45 46 BYPASS,0,0
901583764,2019,2,4,1900,Weekday,2-Car,No injury/unknown,OTHER (VEHICLE) - EXPLAIN IN NARRATIVE,125 S JORDAN AVE & PRESIDENTS,0,0
901584797,2019,2,7,1100,Weekend,2-Car,No injury/unknown,FAILURE TO YIELD RIGHT OF WAY,ALLEY ALY & E 4TH,0,0
901585084,2019,2,7,2000,Weekend,1-Car,No injury/unknown,ROADWAY SURFACE CONDITION,FULLERTON PIKE & MONROE BLVD RD,0,0
901585172,2019,2,7,1700,Weekend,1-Car,No injury/unknown,RAN OFF ROAD RIGHT,A ARROW & W INDIAN CREEK DR,0,0
901585340,2019,2,7,1000,Weekend,1-Car,No injury/unknown,RAN OFF ROAD RIGHT,COUNTY LINE & SR46E,0,0
901587395,2019,2,3,1600,Weekday,1-Car,No injury/unknown,RAN OFF ROAD RIGHT,S COUNTY LINE RD & W FLATWOODS,0,0
901587979,2019,2,3,1600,Weekday,2-Car,No injury/unknown,FAILURE TO YIELD RIGHT OF WAY,INDUSTRIAL DR,0,0
901588493,2019,2,5,900,Weekday,1-Car,No injury/unknown,UNSAFE BACKING,E KIRKWOOD & HAWTHORNE DR,0,0
901588859,2019,2,4,2200,Weekday,1-Car,No injury/unknown,OTHER (DRIVER) - EXPLAIN IN NARRATIVE,RATLIFF & STARNES RD,0,0
901588966,2019,2,4,1500,Weekday,2-Car,No injury/unknown,FAILURE TO YIELD RIGHT OF WAY,AUTO MALL & S COLLEGE MALL RD,0,0
901588981,2019,2,5,1800,Weekday,2-Car,No injury/unknown,DISREGARD SIGNAL/REG SIGN,CAPITOL & SR46W,0,0
901589141,2019,2,5,700,Weekday,2-Car,No injury/unknown,FOLLOWING TOO CLOSELY,DANIELS WAY WAY,0,0
901589387,2019,2,6,1200,Weekday,2-Car,No injury/unknown,FOLLOWING TOO CLOSELY,MILO B SAMPSON & SR4546S,0,0
901589559,2019,2,6,1600,Weekday,2-Car,No injury/unknown,FOLLOWING TOO CLOSELY,45 46 & EAST 10TH ST,0,0
901589907,2019,2,7,1000,Weekend,2-Car,No injury/unknown,FOLLOWING TOO CLOSELY,OFF RAMP FROM NB SR 37 RAMP & SR45W,0,0
901590150,2019,2,7,1200,Weekend,2-Car,No injury/unknown,FOLLOWING TOO CLOSELY,45 46 & N WALNUT ST,0,0
901590217,2019,2,1,1100,Weekend,3+ Cars,No injury/unknown,,E VARSITY LN,0,0
901591748,2019,2,3,1400,Weekday,2-Car,No injury/unknown,FAILURE TO YIELD RIGHT OF WAY,HAWTHORNE AVE & MUSIC PRACTICE BUILDING,0,0
901592822,2019,2,6,0,Weekday,2-Car,No injury/unknown,OTHER (DRIVER) - EXPLAIN IN NARRATIVE,EAST STRATUM APT 9 WAY,0,0
901593141,2019,2,7,1500,Weekend,1-Car,No injury/unknown,RAN OFF ROAD RIGHT,HENNESSY & ROCKPORT ROAD RD,0,0
901594589,2019,2,1,2100,Weekday,1-Car,No injury/unknown,OVERCORRECTING/OVERSTEERING,BUSINESS 37 NORTH RD & STATE ROAD 37,0,0
901594618,2019,2,1,1600,Weekend,1-Car,No injury/unknown,RAN OFF ROAD RIGHT,CRESENT RD & MARQUIS,0,0
901595934,2019,2,2,1000,Weekday,1-Car,No injury/unknown,UNSAFE BACKING,2222 E 10TH GARAGE ST & JEFFERSON,0,0
901596126,2019,2,4,1000,Weekday,2-Car,No injury/unknown,OTHER (DRIVER) - EXPLAIN IN NARRATIVE,COLLEGE MALL RD & ENTRANCE TO COLLEGE MALL,0,0
901596177,2019,2,4,1300,Weekday,2-Car,No injury/unknown,UNSAFE BACKING,FEE & FOSTER NORTH DR,0,0
901597470,2019,2,6,500,Weekday,1-Car,No injury/unknown,ROADWAY SURFACE CONDITION,ANDERSON RD & BEAN BLOSSOM RD RDS,0,0
901598038,2019,2,1,300,Weekend,1-Car,No injury/unknown,RAN OFF ROAD RIGHT,MAIN & STINE S ST,0,0
901600381,2019,3,5,800,Weekday,2-Car,No injury/unknown,IMPROPER PASSING,OFF RAMP FROM NB SR 37 RAMP & W 3RD,0,0
901600889,2019,3,6,1400,Weekday,2-Car,No injury/unknown,FAILURE TO YIELD RIGHT OF WAY,EAST ATWATER ST & SOUTH ROSE,0,0
901601105,2019,3,6,1100,Weekday,2-Car,No injury/unknown,OTHER (DRIVER) - EXPLAIN IN NARRATIVE,4000 S OLD ST RD 37 RD & E RHORER RD,0,0
901601548,2019,3,1,1400,Weekend,2-Car,No injury/unknown,UNSAFE BACKING,N WASHNIGTON ST,0,0
901602528,2019,3,3,800,Weekday,1-Car,No injury/unknown,ANIMAL/OBJECT IN ROADWAY,FIELDS ENTRANCE  FENBROOK & MOORES PIKE,0,0
901603386,2019,3,4,1400,Weekday,2-Car,No injury/unknown,ROADWAY SURFACE CONDITION,ST ROAD 46 & UNIONVALLEY RD,0,0
901603758,2019,3,5,1600,Weekday,2-Car,No injury/unknown,UNSAFE BACKING,S MULLER PKWY,0,0
901604148,2019,3,6,1500,Weekday,2-Car,No injury/unknown,IMPROPER PASSING,4500 BLOCK ARLINGTON ROAD RD & NORTH SHELBURNE  DRIVE,0,0
901604621,2019,3,1,1900,Weekday,1-Car,No injury/unknown,RAN OFF ROAD RIGHT,MERRITT DRIVE & SR446S,0,0
901604956,2019,3,2,1100,Weekday,2-Car,No injury/unknown,FAILURE TO YIELD RIGHT OF WAY,1200 W 2ND ST ST & 600 S PATTERSON,0,0
901605557,2019,3,3,1200,Weekday,2-Car,No injury/unknown,FAILURE TO YIELD RIGHT OF WAY,BUICK CADILLAC & NORTH SOUTH ALY,0,0
901606387,2019,3,4,1800,Weekday,2-Car,No injury/unknown,FOLLOWING TOO CLOSELY,RAMP 14 RAMP,0,0
901607482,2019,3,1,2000,Weekday,2-Car,No injury/unknown,FOLLOWING TOO CLOSELY,2ND ST & ROGERS,0,0
901607484,2019,3,7,1200,Weekend,2-Car,No injury/unknown,FOLLOWING TOO CLOSELY,BRIARGATE & SR46W,0,0
901607572,2019,3,5,1700,Weekday,1-Car,No injury/unknown,IMPROPER TURNING,RIDGEWOOD & SR46W,0,0
901607838,2019,3,2,700,Weekday,2-Car,No injury/unknown,DRIVER DISTRACTED - EXPLAIN IN NARRATIVE,200 BLK E45 46 BYPASS(MATLOCK RD & N WALNUT,0,0
901608537,2019,3,3,1300,Weekday,2-Car,No injury/unknown,IMPROPER TURNING,11TH & FEE LN,0,0
901609258,2019,3,5,800,Weekday,1-Car,No injury/unknown,,700 BLOCK OF S WASHINGTON & EAST WEST ALY,0,0
901610007,2019,3,7,1300,Weekend,2-Car,No injury/unknown,FOLLOWING TOO CLOSELY,GATES DR DR & W 3 ST,0,0
901610326,2019,3,2,400,Weekday,1-Car,No injury/unknown,ANIMAL/OBJECT IN ROADWAY,BROWN CO LINE & SR46E,0,0
901610878,2019,3,2,1300,Weekday,1-Car,No injury/unknown,OTHER (DRIVER) - EXPLAIN IN NARRATIVE,E SR 45 46 BYP,0,0
901610908,2019,3,2,1400,Weekday,2-Car,No injury/unknown,FOLLOWING TOO CLOSELY,BRENNICK CT & SR45W,0,0
901611586,2019,3,4,2300,Weekday,2-Car,No injury/unknown,DRIVER DISTRACTED - EXPLAIN IN NARRATIVE,N GATES & W 3RD ST,0,0
901612168,2019,3,5,1700,Weekday,2-Car,No injury/unknown,FAILURE TO YIELD RIGHT OF WAY,EAST WINERY & SR37S,0,0
901612785,2019,4,7,1600,Weekend,2-Car,No injury/unknown,FOLLOWING TOO CLOSELY,SR45W & WB RAMP SR 37,0,0
901612875,2019,4,1,1200,Weekend,2-Car,No injury/unknown,UNSAFE BACKING,EASTLAND PLAZA DR,0,0
901612939,2019,4,1,1500,Weekend,2-Car,No injury/unknown,FAILURE TO YIELD RIGHT OF WAY,E 1OTH ST,0,0
901614153,2019,4,3,2200,Weekday,2-Car,No injury/unknown,OTHER (DRIVER) - EXPLAIN IN NARRATIVE,CRESCENT & MARQUIS DR,0,0
901616865,2019,4,3,1600,Weekday,2-Car,No injury/unknown,UNSAFE LANE MOVEMENT,11TH & FEE LN,0,0
901617920,2019,4,5,1400,Weekday,2-Car,No injury/unknown,FOLLOWING TOO CLOSELY,10 & JORDAN AVE,0,0
901618432,2019,4,5,1600,Weekday,2-Car,No injury/unknown,FAILURE TO YIELD RIGHT OF WAY,BUSINESS 37 NORTH RD & WHISNAND,0,0
901618851,2019,4,5,1700,Weekday,2-Car,No injury/unknown,FAILURE TO YIELD RIGHT OF WAY,12TH & INDIANA ST,0,0
901619126,2019,4,6,200,Weekday,2-Car,No injury/unknown,IMPROPER TURNING,DODDS & MADISON ST,0,0