Master Record Number,Year,Month,Day,Hour,Weekend,Collision Type,Injury Type,Primary Factor,Reported_Location,Latitude,Longitude
901619199,2019,4,7,1800,Weekend,2-Car,No injury/unknown,UNSAFE BACKING,N JORDAN AVE,0,0
901620308,2019,4,3,1600,Weekday,2-Car,No injury/unknown,UNSAFE BACKING,NORTH JORDAN AVE,0,0
901620364,2019,4,3,1800,Weekday,Bus,No injury/unknown,FOLLOWING TOO CLOSELY,E 3RD ST & S JORDAN,0,0
901620383,2019,4,3,500,Weekday,1-Car,Non-incapacitating,RAN OFF ROAD RIGHT,ROCKPORT & SR37S,0,0
901620390,2019,4,3,1800,Weekday,2-Car,No injury/unknown,FAILURE TO YIELD RIGHT OF WAY,N RUSSELL RD & PRIVATE,0,0
901620457,2019,4,4,600,Weekday,2-Car,No injury/unknown,FOLLOWING TOO CLOSELY,GATES & W 3RD ST,0,0
901620479,2019,4,1,1200,Weekend,2-Car,No injury/unknown,FAILURE TO YIELD RIGHT OF WAY,S PATTERSON & W 3RD ST,0,0
901620749,2019,4,4,1500,Weekday,2-Car,No injury/unknown,FOLLOWING TOO CLOSELY,E ATWATER AVE & S JORDAN,0,0
901621829,2019,4,6,1400,Weekday,1-Car,No injury/unknown,RAN OFF ROAD RIGHT,ROGERS STREET ST & SANJUAN STREET,0,0
901621833,2019,4,7,800,Weekend,2-Car,No injury/unknown,,S COBBLE CREEK CIR,0,0
901621843,2019,4,7,800,Weekend,2-Car,No injury/unknown,IMPROPER TURNING,TEMEPERANCE ST ST,0,0
901621847,2019,4,7,800,Weekend,1-Car,No injury/unknown,RAN OFF ROAD RIGHT,ANDERSON RD & BEAN BLOSSOM,0,0
901621888,2019,4,7,1200,Weekend,Bus,No injury/unknown,UNSAFE BACKING,1600 E LAW LANE & N UNION ST,0,0
901621922,2019,4,6,1500,Weekday,2-Car,Non-incapacitating,UNSAFE LANE MOVEMENT,FULLERTON & SR37S,0,0
901621950,2019,4,7,1600,Weekend,1-Car,No injury/unknown,STEERING FAILURE,DAISY DR & MEADOWLANDS,0,0
901621970,2019,4,7,1700,Weekend,2-Car,No injury/unknown,FAILURE TO YIELD RIGHT OF WAY,1175 S COLLEGE MALL RD & COVENANTER,0,0
901622209,2019,4,7,1500,Weekend,2-Car,No injury/unknown,SPEED TOO FAST FOR WEATHER CONDITIONS,DEER RUN & SR46W,0,0
901622672,2019,4,2,1200,Weekday,2-Car,No injury/unknown,FAILURE TO YIELD RIGHT OF WAY,BRIARGATE & SR46W,0,0
901623411,2019,4,3,1300,Weekday,2-Car,No injury/unknown,IMPROPER TURNING,MCDONALDS ENTRANCE & PETE ELLIS DR,0,0
901623552,2019,4,2,2200,Weekday,2-Car,No injury/unknown,UNSAFE BACKING,BALFOUR & N STATE ROAD 45 46 BYP,0,0
901625438,2019,4,7,1400,Weekend,2-Car,No injury/unknown,UNSAFE BACKING,FOREST EAST PARKING LOT DR & JONES,0,0
901625742,2019,4,7,1600,Weekend,2-Car,No injury/unknown,FAILURE TO YIELD RIGHT OF WAY,INGRAM & OLD STATE ROAD 37 SOUTH RD,0,0
901625761,2019,5,1,1900,Weekday,2-Car,No injury/unknown,FAILURE TO YIELD RIGHT OF WAY,37 & BLOOMFIELD RD,0,0
901626115,2019,5,2,800,Weekday,1-Car,No injury/unknown,OTHER (DRIVER) - EXPLAIN IN NARRATIVE,S WODDSCREST DR,0,0
901627056,2019,5,3,1000,Weekday,1-Car,No injury/unknown,OVERCORRECTING/OVERSTEERING,BUSINESS 37 NORTH HWY & WHISNAND,0,0
901627699,2019,5,5,700,Weekday,2-Car,No injury/unknown,IMPROPER TURNING,CURRY PIKE PIKE & VERNAL PIKE,0,0
901628023,2019,5,5,1700,Weekday,2-Car,No injury/unknown,FOLLOWING TOO CLOSELY,3000 WEST 3RD ST,0,0
901628051,2019,5,5,1600,Weekday,2-Car,No injury/unknown,OTHER (DRIVER) - EXPLAIN IN NARRATIVE,BETWEEN 3RD AND SMITH ALY & BETWEEN WALNUT AND WASHINGTON,0,0
901628183,2019,5,5,1300,Weekday,2-Car,No injury/unknown,UNSAFE SPEED,JONES & READ SOUTH CIRCLE DR,0,0
901628955,2019,5,5,300,Weekday,1-Car,No injury/unknown,RAN OFF ROAD RIGHT,19 & WALNUT ST,0,0
901629011,2019,5,1,900,Weekend,2-Car,No injury/unknown,DRIVER DISTRACTED - EXPLAIN IN NARRATIVE,3400 BLK SARE RD & SOUTHERN OAKS,0,0
901632649,2019,5,7,300,Weekend,1-Car,No injury/unknown,ANIMAL/OBJECT IN ROADWAY,3800 BLK ANDERSON RD & SHILO,0,0
901637340,2019,5,4,0,Weekday,1-Car,No injury/unknown,ANIMAL/OBJECT IN ROADWAY,BAYLES & SR37N,0,0
901638219,2019,5,4,800,Weekday,2-Car,No injury/unknown,OTHER (DRIVER) - EXPLAIN IN NARRATIVE,10TH & 2451 EAST 10TH PARKING LOT ST,0,0
901638395,2019,5,5,1500,Weekday,2-Car,No injury/unknown,OTHER (DRIVER) - EXPLAIN IN NARRATIVE,RAMP 14 15 & W SR 45 HWY,0,0
901638595,2019,5,6,800,Weekday,2-Car,No injury/unknown,IMPROPER TURNING,LYNWIST DRIVE & UNION VALLEY RD,0,0
901638716,2019,5,5,1200,Weekday,2-Car,No injury/unknown,IMPROPER LANE USAGE,OFF RAMP NB SR 37 & SR 48,0,0
901639557,2019,5,1,2200,Weekday,2-Car,No injury/unknown,FOLLOWING TOO CLOSELY,45 46 BYP & WALNUT,0,0
901639672,2019,5,2,900,Weekday,2-Car,No injury/unknown,IMPROPER TURNING,OLD STATE ROAD 37 NORTH RD & W BAYLES,0,0
901641026,2019,6,4,1200,Weekday,2-Car,No injury/unknown,FAILURE TO YIELD RIGHT OF WAY,E 1OTH ST,0,0
901642645,2019,6,7,1200,Weekend,2-Car,No injury/unknown,DISREGARD SIGNAL/REG SIGN,3000 W 3RD ST & E 12 W RAMP 10,0,0
901644262,2019,6,3,1200,Weekday,2-Car,No injury/unknown,FOLLOWING TOO CLOSELY,SR37S,0,0
901644820,2019,6,4,800,Weekday,2-Car,No injury/unknown,LEFT OF CENTER,SMOKIN JACKS DRIVE & WEST 17TH ST,0,0
901646470,2019,6,7,200,Weekend,2-Car,No injury/unknown,OTHER (DRIVER) - EXPLAIN IN NARRATIVE,OLD SR37 & SR37S,0,0
901648982,2019,6,4,1200,Weekday,2-Car,No injury/unknown,UNSAFE SPEED,2ND ST & LANDMARK,0,0
901649365,2019,6,6,1500,Weekday,2-Car,No injury/unknown,FAILURE TO YIELD RIGHT OF WAY,OUTBACK & SR46W,0,0
901650237,2019,6,1,2000,Weekday,1-Car,No injury/unknown,OTHER (VEHICLE) - EXPLAIN IN NARRATIVE,MONROE DAM RD,0,0
901651379,2019,6,4,100,Weekday,2-Car,No injury/unknown,IMPROPER PASSING,N WILLIS DR & UPPER VALLEY,0,0
901652648,2019,6,6,1100,Weekday,1-Car,No injury/unknown,RAN OFF ROAD RIGHT,ROBINSON ROAD RD & UTT DRIVE,0,0
901652910,2019,6,6,1900,Weekend,1-Car,No injury/unknown,ANIMAL/OBJECT IN ROADWAY,PINE BLVD & SR37S,0,0
901655611,2019,6,5,1800,Weekday,2-Car,No injury/unknown,DRIVER DISTRACTED - EXPLAIN IN NARRATIVE,SR37N,0,0
901658366,2019,7,4,1500,Weekday,Moped/Motorcycle,No injury/unknown,RAN OFF ROAD RIGHT,200 S JORDAN & 5TH ST,0,0
901659547,2019,7,6,1200,Weekday,3+ Cars,No injury/unknown,DRIVER DISTRACTED - EXPLAIN IN NARRATIVE,1300 BLK W BLOOMFIELD RD & 500 S LANDMARK,0,0
901659599,2019,7,7,1300,Weekend,2-Car,No injury/unknown,FOLLOWING TOO CLOSELY,SR 37 SOUTH RAMP RAMP,0,0
901660330,2019,7,2,0,Weekday,2-Car,No injury/unknown,,EAST GOODNIGHT WAY,0,0
901664455,2019,7,2,1500,Weekday,2-Car,No injury/unknown,DISREGARD SIGNAL/REG SIGN,ENTRANCE TO SAMS CLUB & W 45 RD,0,0
901664491,2019,7,3,2000,Weekday,2-Car,No injury/unknown,UNSAFE BACKING,E 7TH & N STADIUM DR,0,0
901664517,2019,7,3,1700,Weekday,2-Car,No injury/unknown,DISREGARD SIGNAL/REG SIGN,CURRY & SR37E,0,0
901664673,2019,7,4,1000,Weekday,1-Car,No injury/unknown,DRIVER DISTRACTED - EXPLAIN IN NARRATIVE,LOWGAP RD & TULIP TRACE,0,0
901667145,2019,7,2,1700,Weekday,2-Car,No injury/unknown,FAILURE TO YIELD RIGHT OF WAY,SECOND & SR 37 RAMP,0,0
901667156,2019,7,2,1900,Weekday,2-Car,No injury/unknown,IMPROPER TURNING,IU GOLF COURSE & SR45E,0,0
901667725,2019,7,3,1800,Weekday,1-Car,No injury/unknown,BRAKE FAILURE OR DEFECTIVE,SOUTHY FAIRFAX RDS,0,0
901668184,2019,7,4,1400,Weekday,Moped/Motorcycle,Non-incapacitating,OTHER (DRIVER) - EXPLAIN IN NARRATIVE,BRUMMETS CREEK & SR45E,0,0
901668357,2019,7,4,100,Weekday,2-Car,No injury/unknown,IMPROPER TURNING,CR,0,0
901669810,2019,7,1,100,Weekend,2-Car,No injury/unknown,OTHER (DRIVER) - EXPLAIN IN NARRATIVE,CAMPUS VIEW PARKING LOT ST & N UNION,0,0
901670471,2019,7,1,1500,Weekend,2-Car,No injury/unknown,LEFT OF CENTER,MAIN ROAD TO CUTRIGHT SRA RD & SOUTH ST RD 446,0,0
901671269,2019,8,3,1500,Weekday,1-Car,No injury/unknown,RAN OFF ROAD RIGHT,HARTSTRAIGHT & MAIN ST,0,0
901674704,2019,8,3,1600,Weekday,2-Car,No injury/unknown,FAILURE TO YIELD RIGHT OF WAY,BRIAR GATE & SR4800W,0,0
901675903,2019,8,7,1500,Weekend,3+ Cars,No injury/unknown,FOLLOWING TOO CLOSELY,BLOOMFELD RD & LIBERTY,0,0
901679343,2019,8,6,1600,Weekday,2-Car,No injury/unknown,FAILURE TO YIELD RIGHT OF WAY,RHORER & SR37S,0,0
901680796,2019,8,3,900,Weekday,2-Car,No injury/unknown,DRIVER DISTRACTED - EXPLAIN IN NARRATIVE,611 E 10TH (WEST PARKING LOT) ST & EAST COTTAGE,0,0
901681403,2019,8,4,1300,Weekday,2-Car,No injury/unknown,UNSAFE BACKING,E 3RD ST & FOREST,0,0
901681647,2019,8,4,1600,Weekday,2-Car,No injury/unknown,IMPROPER TURNING,37 & FULLERTON PIKE,0,0
901683613,2019,8,2,1100,Weekday,2-Car,No injury/unknown,IMPROPER TURNING,EAST FORTH & INDIANA AVE,0,0
901684239,2019,8,1,800,Weekend,2-Car,No injury/unknown,,N CRESCENT & W MARQUIS DR,0,0
901684419,2019,8,3,1000,Weekday,2-Car,No injury/unknown,FOLLOWING TOO CLOSELY,NORWAY DRIVE & SMITH ROAD RD,0,0
901684420,2019,8,2,800,Weekday,1-Car,No injury/unknown,RAN OFF ROAD RIGHT,HARTSTRAIGHT ROAD RD & STATE ROAD 46 WEST,0,0
901684995,2019,8,4,1500,Weekday,2-Car,No injury/unknown,LEFT OF CENTER,EAST ROCKPORT RD & ST HW 37,0,0
901685443,2019,9,5,1100,Weekday,2-Car,No injury/unknown,FAILURE TO YIELD RIGHT OF WAY,300 BLK S GRANT ST & E W ALLEY,0,0
901686148,2019,9,6,1400,Weekday,1-Car,No injury/unknown,UNSAFE LANE MOVEMENT,SR37S & W 45,0,0
901687593,2019,9,3,1500,Weekday,2-Car,No injury/unknown,FAILURE TO YIELD RIGHT OF WAY,SR45E & UITS,0,0
901687754,2019,9,2,2100,Weekday,1-Car,No injury/unknown,OTHER (DRIVER) - EXPLAIN IN NARRATIVE,6640 N OLD SR37 HWY & E WYLIE,0,0
901688765,2019,9,5,1500,Weekday,2-Car,No injury/unknown,FAILURE TO YIELD RIGHT OF WAY,TAPP RD & TECH PARK,0,0
901690052,2019,9,1,1900,Weekday,Moped/Motorcycle,No injury/unknown,OTHER (DRIVER) - EXPLAIN IN NARRATIVE,N PATHWAYS & SR45E,0,0
901692053,2019,9,4,2000,Weekday,2-Car,No injury/unknown,UNSAFE BACKING,OMAHA CROSSING RD & W RED ROCK,0,0
901692727,2019,9,5,800,Weekday,2-Car,No injury/unknown,FAILURE TO YIELD RIGHT OF WAY,KARST PARK & S ENDWRIGHT RD,0,0
901693436,2019,9,7,2200,Weekend,1-Car,No injury/unknown,ROADWAY SURFACE CONDITION,CLUB HOUSE & SR37N,0,0
901694517,2019,9,2,1900,Weekday,2-Car,No injury/unknown,FAILURE TO YIELD RIGHT OF WAY,PRIVATE & S COLLEGE MALL RD,0,0
901694526,2019,9,2,1700,Weekday,3+ Cars,No injury/unknown,FOLLOWING TOO CLOSELY,BLOOMFIELD RD & HICKORY LEAF,0,0
901694560,2019,9,2,2000,Weekday,1-Car,No injury/unknown,SPEED TOO FAST FOR WEATHER CONDITIONS,WALNUT ST,0,0
901694659,2019,9,2,1100,Weekday,2-Car,No injury/unknown,FAILURE TO YIELD RIGHT OF WAY,37 & KETCHAM RD,0,0
901695620,2019,9,3,1800,Weekday,2-Car,No injury/unknown,UNSAFE BACKING,EAST STRATUM WAY,0,0
901698005,2019,9,2,1800,Weekday,2-Car,No injury/unknown,,E 7TH ST & N STADIUM,0,0
901699924,2019,9,5,2300,Weekday,2-Car,No injury/unknown,UNSAFE BACKING,PARKING LOT 320 E UNIVERSITY ST & UNIVERSITY,0,0
901700881,2019,10,1,900,Weekend,1-Car,No injury/unknown,DRIVER ASLEEP OR FATIGUED,3800 BLOCK N WALNUT ST & BLUERIDGE,0,0
901701773,2019,10,2,1700,Weekday,2-Car,No injury/unknown,UNSAFE BACKING,E 7TH & N STADIUM DR,0,0
901701915,2019,10,2,1200,Weekday,2-Car,No injury/unknown,FAILURE TO YIELD RIGHT OF WAY,SR446S & TOWER RIDGE,0,0
901702485,2019,10,3,1900,Weekday,1-Car,No injury/unknown,ANIMAL/OBJECT IN ROADWAY,INGRAM & OLD SR37 SOUTH RD,0,0
901703038,2019,10,4,1700,Weekday,2-Car,No injury/unknown,DRIVER DISTRACTED - EXPLAIN IN NARRATIVE,ALLEY ALY & W VINE,0,0
901704322,2019,10,6,1700,Weekday,2-Car,No injury/unknown,FAILURE TO YIELD RIGHT OF WAY,E 3RD ST & PRIVATE,0,0
901704588,2019,10,7,1400,Weekend,2-Car,No injury/unknown,FOLLOWING TOO CLOSELY,SR46W & STINESVILLE,0,0
901709318,2019,10,2,800,Weekday,2-Car,No injury/unknown,OTHER (DRIVER) - EXPLAIN IN NARRATIVE,3400 S SARE & STEEPLECHASE APTS MAIN DRIVE DR,0,0
901709602,2019,10,2,1400,Weekday,2-Car,No injury/unknown,UNSAFE BACKING,E 7TH & N STADIUM DR,0,0
901710790,2019,10,4,900,Weekday,1-Car,No injury/unknown,ANIMAL/OBJECT IN ROADWAY,CHAFIN CHAPEL & SR46W,0,0
901711080,2019,10,4,1400,Weekday,2-Car,No injury/unknown,FAILURE TO YIELD RIGHT OF WAY,COLLEGE MALL ENTRANCE & COLLEGE MALL RD,0,0
901712331,2019,10,6,1100,Weekday,2-Car,No injury/unknown,FOLLOWING TOO CLOSELY,1200 OF BLOCK 17 TH ST & 45 46 BYPASS,0,0
901712664,2019,10,3,1400,Weekday,1-Car,No injury/unknown,RAN OFF ROAD RIGHT,LOW GAP RD & TULIP TREE,0,0
901712990,2019,10,7,1200,Weekend,2-Car,No injury/unknown,OTHER (DRIVER) - EXPLAIN IN NARRATIVE,1150 S CLARIZZ BLVD,0,0
901714311,2019,10,1,100,Weekend,1-Car,No injury/unknown,RAN OFF ROAD RIGHT,EADS & SR446S,0,0
901716218,2019,10,6,800,Weekday,2-Car,No injury/unknown,OVERCORRECTING/OVERSTEERING,300 BLOCK N INDIANA & 600 E 7TH ST,0,0
901717072,2019,10,5,1200,Weekday,3+ Cars,No injury/unknown,FOLLOWING TOO CLOSELY,SMITH  ROAD RD & WOODYARD RD,0,0
901717330,2019,10,5,1500,Weekday,1-Car,No injury/unknown,SPEED TOO FAST FOR WEATHER CONDITIONS,FAIRFAX RD & SCHATT,0,0
901717483,2019,10,2,700,Weekday,2-Car,No injury/unknown,FOLLOWING TOO CLOSELY,FORRST PARK DRIVE & SMITH RD RD,0,0
901717547,2019,10,2,900,Weekday,2-Car,No injury/unknown,UNSAFE BACKING,10TH ST & NORTH SOUTH,0,0
901719914,2019,11,5,1300,Weekday,2-Car,No injury/unknown,FAILURE TO YIELD RIGHT OF WAY,BLOOMFIELD & LIBERTY DR,0,0
901720277,2019,11,5,1600,Weekday,2-Car,No injury/unknown,FOLLOWING TOO CLOSELY,ADAMS ST & TAPP RD RD,0,0
901721526,2019,11,1,2300,Weekday,1-Car,No injury/unknown,ANIMAL/OBJECT IN ROADWAY,SISCOE & SR46W,0,0
901721718,2019,11,2,500,Weekday,1-Car,No injury/unknown,ANIMAL/OBJECT IN ROADWAY,SR37N,0,0
901722510,2019,11,3,1100,Weekday,2-Car,No injury/unknown,OTHER (DRIVER) - EXPLAIN IN NARRATIVE,SR37N,0,0
901722844,2019,11,3,900,Weekday,2-Car,No injury/unknown,FAILURE TO YIELD RIGHT OF WAY,2ND ST & OAKDALE,0,0
901725142,2019,11,7,1200,Weekend,3+ Cars,No injury/unknown,FAILURE TO YIELD RIGHT OF WAY,OLD SR37 & SR37S,0,0
901725234,2019,11,7,1900,Weekend,2-Car,No injury/unknown,FAILURE TO YIELD RIGHT OF WAY,45 46 BYP & MONROE,0,0
901725360,2019,11,7,1200,Weekend,2-Car,No injury/unknown,OTHER (DRIVER) - EXPLAIN IN NARRATIVE,EXIT RAMP SR 37 SB RAMP & SR45W,0,0
901727444,2019,11,3,2100,Weekday,1-Car,No injury/unknown,ANIMAL/OBJECT IN ROADWAY,CURRY & SR37,0,0
901728605,2019,11,4,1800,Weekday,2-Car,No injury/unknown,FOLLOWING TOO CLOSELY,GORDON & SR37S,0,0
901728960,2019,11,6,1300,Weekday,2-Car,No injury/unknown,FOLLOWING TOO CLOSELY,1210 E THIRD ST & 300 S BALLANTINE,0,0
901729620,2019,11,6,800,Weekday,1-Car,No injury/unknown,ANIMAL/OBJECT IN ROADWAY,FAIRFAX RD & LIEUTENANT,0,0
901730712,2019,11,1,500,Weekend,2-Car,No injury/unknown,FOLLOWING TOO CLOSELY,45 WEST & WALMART DR,0,0
901731055,2019,11,3,1100,Weekday,2-Car,No injury/unknown,SPEED TOO FAST FOR WEATHER CONDITIONS,RANSOM & SR45W,0,0
901733508,2019,11,2,600,Weekday,1-Car,No injury/unknown,ANIMAL/OBJECT IN ROADWAY,FLATWOODS & SR46W,0,0
901734427,2019,11,2,1400,Weekday,2-Car,No injury/unknown,UNSAFE BACKING,1320 E 10TH (PARKING LOT SE) ST & 7TH,0,0
901734581,2019,11,2,900,Weekday,1-Car,No injury/unknown,RAN OFF ROAD RIGHT,CHURCH & SR37S,0,0
901735084,2019,11,2,1900,Weekday,2-Car,No injury/unknown,UNSAFE BACKING,PARKING LOT ALY & SR 45,0,0
901735149,2019,11,3,1200,Weekday,2-Car,No injury/unknown,,E PRESIDENTS DR & N FORREST,0,0
901738819,2019,12,2,1100,Weekday,2-Car,No injury/unknown,UNSAFE LANE MOVEMENT,3RD ST & SB ON RAMP TO SR 37,0,0
901740478,2019,12,3,2100,Weekday,2-Car,No injury/unknown,UNSAFE BACKING,7TH ST & FOREST,0,0
901742554,2019,12,1,1600,Weekend,3+ Cars,No injury/unknown,DRIVER DISTRACTED - EXPLAIN IN NARRATIVE,300 S COLLEGE MALL RD & ENTRANCE TO EASTLAND PLAZA,0,0
901742556,2019,12,1,1800,Weekend,2-Car,No injury/unknown,FAILURE TO YIELD RIGHT OF WAY,ENTRANCE TO SHOWPLACE THEATRE & S COLLEGE MALL RD,0,0
901743651,2019,12,3,700,Weekday,1-Car,No injury/unknown,ANIMAL/OBJECT IN ROADWAY,HARTSTRAIGHT RD & STATE ROAD 46 WEST,0,0
901743956,2019,12,3,1700,Weekday,1-Car,No injury/unknown,ANIMAL/OBJECT IN ROADWAY,PACKINGHOUSE & VERNAL PIKE,0,0
901744203,2019,12,4,800,Weekday,2-Car,No injury/unknown,FAILURE TO YIELD RIGHT OF WAY,CURRY PIKE & DOYAL,0,0
901744594,2019,12,4,1700,Weekday,1-Car,No injury/unknown,ANIMAL/OBJECT IN ROADWAY,FAIRFAX & SR37S,0,0
901745568,2019,12,5,1400,Weekday,2-Car,No injury/unknown,ACCELERATOR FAILURE OR DEFECTIVE,LANDMARK AVE & WEST 2ND,0,0
901747088,2019,12,2,1100,Weekday,3+ Cars,No injury/unknown,FOLLOWING TOO CLOSELY,COUNTY LINE & SR45W,0,0
901748622,2019,12,4,800,Weekday,2-Car,No injury/unknown,FOLLOWING TOO CLOSELY,3010 BETHEL LN & FORBES,0,0
901748665,2019,12,4,900,Weekday,Pedestrian,Incapacitating,RAN OFF ROAD RIGHT,CHAFIN CHAPEL & SR46W,0,0
901749842,2019,12,7,1200,Weekend,2-Car,No injury/unknown,FOLLOWING TOO CLOSELY,CURRY & SR46W,0,0
901750208,2019,12,7,2000,Weekend,1-Car,No injury/unknown,RAN OFF ROAD RIGHT,SISCOE & SR46W,0,0
901751062,2019,12,3,1100,Weekday,1-Car,No injury/unknown,ROADWAY SURFACE CONDITION,NORTH BOUND SR37 ON RAMP & SR46W,0,0
901751410,2019,12,3,1600,Weekday,1-Car,No injury/unknown,SPEED TOO FAST FOR WEATHER CONDITIONS,NORTH PATHWAYS & SR45E,0,0
901751668,2019,12,4,700,Weekday,1-Car,No injury/unknown,ROADWAY SURFACE CONDITION,HEDRICK & SR46W,0,0
901763495,2019,12,3,1100,Weekday,1-Car,No injury/unknown,RAN OFF ROAD RIGHT,SR46E & WOOLDVIEW,0,0
901262883,2018,1,7,2000,Weekend,1-Car,No injury/unknown,ANIMAL/OBJECT IN ROADWAY,BOTTOM & DENNY RD,39.70666003,-86.55548
901466076,2018,7,4,1600,Weekday,2-Car,No injury/unknown,FOLLOWING TOO CLOSELY,OLD STATE ROAD 37 SOUTH RD & STATE ROAD 37,39.53339372,-86.48081
901269157,2018,1,6,500,Weekday,1-Car,No injury/unknown,ANIMAL/OBJECT IN ROADWAY,OLD SR 37 SOUTH HWY & SR 37 SOUTH,39.42722686,-86.48081
901550492,2018,12,1,1400,Weekend,2-Car,No injury/unknown,ROADWAY SURFACE CONDITION,ANDERSON ROAD RD & OLD STATE ROAD 37 NORTH,39.37191793,-86.50192
901551338,2018,12,2,900,Weekday,1-Car,Non-incapacitating,SPEED TOO FAST FOR WEATHER CONDITIONS,BUSINESS SR 37 HWY & OLD SR 37,39.36591888,-86.53484
901258892,2018,1,6,2300,Weekend,1-Car,No injury/unknown,ANIMAL/OBJECT IN ROADWAY,CROSSOVER & SR37N,39.35086304,-86.51840237
901558999,2018,12,3,1100,Weekday,1-Car,Non-incapacitating,SPEED TOO FAST FOR WEATHER CONDITIONS,SALEM & W BURMA RD,39.33668731,-86.53621674
901402819,2018,5,4,1500,Weekday,2-Car,Non-incapacitating,LEFT OF CENTER,W BRIGHTON & W WAMPLER RD,39.33448,-86.614368
901515907,2018,10,6,0,Weekday,1-Car,No injury/unknown,ANIMAL/OBJECT IN ROADWAY,BRYANTS CREEK & SR37,39.334368,-86.5124
901559673,2018,12,6,1100,Weekday,1-Car,No injury/unknown,OTHER (VEHICLE) - EXPLAIN IN NARRATIVE,BRYANTS CREEK & SR37S,39.334368,-86.5124
901517726,2018,10,6,1800,Weekday,Moped/Motorcycle,Non-incapacitating,RAN OFF ROAD RIGHT,COUNTY LINE & TEXAS RIDGE RD,39.33024773,-86.67243004
901343258,2018,4,4,1900,Weekday,1-Car,Non-incapacitating,OTHER (ENVIRONMENTAL) - EXPLAIN IN NARR,N THOMAS RD & RATLIFF,39.32235817,-86.63043113
901349505,2018,5,3,200,Weekday,1-Car,No injury/unknown,RAN OFF ROAD RIGHT,GARRISON CHAPEL RD & STATE ROAD 45,39.32227983,-86.6382
901395510,2018,5,1,0,Weekend,1-Car,Non-incapacitating,RAN OFF ROAD RIGHT,BOWMAN RD & BROWN,39.319424,-86.59912
901554035,2018,12,5,600,Weekday,2-Car,No injury/unknown,SPEED TOO FAST FOR WEATHER CONDITIONS,BURMA & SR37,39.31749561,-86.51067266
901489551,2018,8,1,400,Weekend,1-Car,No injury/unknown,RAN OFF ROAD RIGHT,BURMA & SR37N,39.31695399,-86.51079025
901343250,2018,4,1,100,Weekend,1-Car,No injury/unknown,UNSAFE SPEED,BURMA & SR37N,39.3150766,-86.51132348
901367923,2018,5,1,600,Weekend,1-Car,Incapacitating,DRIVER ASLEEP OR FATIGUED,BURMA ROAD & SR37N,39.314272,-86.511552
901459321,2018,6,6,1200,Weekday,2-Car,Non-incapacitating,FAILURE TO YIELD RIGHT OF WAY,BURMA & SR37S,39.314272,-86.511552
901494659,2018,9,1,1400,Weekend,1-Car,Non-incapacitating,LEFT OF CENTER,BEAN BLOSSOM & MAIN FOREST RD,39.31404656,-86.43553734
901529782,2018,11,7,2200,Weekend,1-Car,No injury/unknown,RAN OFF ROAD RIGHT,BOTTOM & PRATHER RD,39.308592,-86.602176
901253005,2018,1,6,1800,Weekday,1-Car,No injury/unknown,ANIMAL/OBJECT IN ROADWAY,FARR & NORTH OLD STATE ROAD 37 RD,39.308064,-86.482752
901550504,2018,12,1,1400,Weekend,1-Car,No injury/unknown,SPEED TOO FAST FOR WEATHER CONDITIONS,CHAMBERS & SR37S,39.30565079,-86.51636386
901349507,2018,5,4,1300,Weekday,1-Car,Non-incapacitating,DRIVER DISTRACTED - EXPLAIN IN NARRATIVE,MT GILEAD & SR45E,39.3048949,-86.42414576
901455700,2018,6,1,2000,Weekday,1-Car,Non-incapacitating,OVERCORRECTING/OVERSTEERING,CHAMBERS PIKE & US37,39.30432,-86.5168
901510392,2018,10,7,800,Weekend,Moped/Motorcycle,Non-incapacitating,ANIMAL/OBJECT IN ROADWAY,CORTLAND & SR37,39.30295589,-86.48870945
901395507,2018,5,4,1400,Weekday,2-Car,No injury/unknown,FAILURE TO YIELD RIGHT OF WAY,DITTEMORE RD & TILFORD,39.30223,-86.53498731
901404351,2018,5,6,1900,Weekend,2-Car,No injury/unknown,FAILURE TO YIELD RIGHT OF WAY,CROSSOVER & SR37N,39.29781099,-86.51840237
901504748,2018,9,7,2100,Weekend,1-Car,No injury/unknown,ANIMAL/OBJECT IN ROADWAY,CROSSOVER & SR37N,39.29781099,-86.51840237
901518910,2018,10,6,800,Weekday,1-Car,No injury/unknown,ANIMAL/OBJECT IN ROADWAY,CROSSOVER & SR37S,39.29781099,-86.51840237
901262881,2018,1,7,1500,Weekend,1-Car,Non-incapacitating,UNSAFE SPEED,MOUNT CARMEL RD & STINESVILLE,39.29618595,-86.66746293
901473588,2018,7,7,2300,Weekend,1-Car,No injury/unknown,RAN OFF ROAD RIGHT,ELM & WALKER LN,39.29600979,-86.64245352
901312031,2018,3,3,1900,Weekday,1-Car,No injury/unknown,UNSAFE SPEED,9200 MOUNT CARMEL RD & LITTLE WOLF MT,39.29554626,-86.66591426
901544539,2018,12,7,900,Weekend,1-Car,Non-incapacitating,SPEED TOO FAST FOR WEATHER CONDITIONS,ANDERSON & BEAN BLOSSOM RD,39.29325842,-86.43562317
901438962,2018,6,4,1700,Weekday,1-Car,Non-incapacitating,RAN OFF ROAD RIGHT,BOTTOM RD & WOODALL,39.29060135,-86.57501221
901523421,2018,10,6,600,Weekday,1-Car,No injury/unknown,ANIMAL/OBJECT IN ROADWAY,FOX HOLLOW & SR37N,39.28909855,-86.51842001
901493003,2018,9,4,2000,Weekday,1-Car,No injury/unknown,ANIMAL/OBJECT IN ROADWAY,BARR & MT TABOR RD,39.28447513,-86.62183875
901268497,2018,1,4,800,Weekday,2-Car,Non-incapacitating,ROADWAY SURFACE CONDITION,8308 N MT TABOR RD & WOODLAND,39.28344,-86.624192
901308460,2018,3,7,1900,Weekend,1-Car,No injury/unknown,ANIMAL/OBJECT IN ROADWAY,SR37S & STRAINRIDGE,39.283378,-86.53635211
901327403,2018,4,5,1600,Weekday,1-Car,No injury/unknown,RAN OFF ROAD RIGHT,ANDERSON & NORTHSHORE DR,39.2823816,-86.41254985
901359524,2018,5,3,500,Weekday,1-Car,No injury/unknown,GLARE,COUNTY LINE & SR46W,39.281744,-86.6848
901252989,2018,1,6,400,Weekday,1-Car,No injury/unknown,ALCOHOLIC BEVERAGES,WEST WOODLAND DR,39.281388,-86.59397
901261914,2018,1,7,600,Weekend,2-Car,No injury/unknown,FOLLOWING TOO CLOSELY,GORDON & S WALNUT ST,39.27986175,-86.53135
901307484,2018,3,5,1900,Weekday,2-Car,Non-incapacitating,FAILURE TO YIELD RIGHT OF WAY,E LAW & N JORDAN AVE,39.27917821,-86.51544