Master Record Number,Year,Month,Day,Hour,Weekend,Collision Type,Injury Type,Primary Factor,Reported_Location,Latitude,Longitude
901353884,2018,5,6,2300,Weekend,1-Car,Non-incapacitating,RAN OFF ROAD RIGHT,DUTCH CHURCH & MT TABOR RD,39.278832,-86.623456
901521971,2018,10,4,200,Weekday,1-Car,No injury/unknown,ANIMAL/OBJECT IN ROADWAY,SIMPSON CHAPEL & SR37S,39.27721187,-86.52304892
901267671,2018,1,3,1300,Weekday,2-Car,No injury/unknown,ROADWAY SURFACE CONDITION,HEDRICK & STINESVILLE RD,39.27625122,-86.66291973
901547052,2018,12,7,1000,Weekend,1-Car,No injury/unknown,ROADWAY SURFACE CONDITION,OLD 37 RD & SAMPLE,39.27451974,-86.50128
901477132,2018,8,1,500,Weekend,1-Car,No injury/unknown,RAN OFF ROAD RIGHT,N OLD STATE RD 37 RD & SIPES,39.2739473,-86.49839
901535270,2018,11,5,1100,Weekday,1-Car,No injury/unknown,SPEED TOO FAST FOR WEATHER CONDITIONS,7688 N MT TABOR RD & BARR,39.273888,-86.621456
901558771,2018,12,6,1400,Weekday,1-Car,No injury/unknown,RAN OFF ROAD RIGHT,LAWSON & SIMPSON CHAPEL RD,39.27321602,-86.53111593
901495817,2018,9,3,2100,Weekday,1-Car,No injury/unknown,UNSAFE SPEED,BARR & MOUNT TABOR RD,39.27318342,-86.62090642
901254896,2018,1,5,1200,Weekday,2-Car,Non-incapacitating,LEFT OF CENTER,SR46W & STINESVILLE,39.27306702,-86.67240776
901356044,2018,5,2,400,Weekday,1-Car,No injury/unknown,ANIMAL/OBJECT IN ROADWAY,BOTTOM & SIMPSON CHAPEL RD,39.27246255,-86.54488198
901262874,2018,1,2,2100,Weekday,1-Car,No injury/unknown,ROADWAY SURFACE CONDITION,BOTTOM RD & WILLIAMS,39.2715891,-86.55639781
901504371,2018,9,2,2000,Weekday,1-Car,No injury/unknown,RAN OFF ROAD RIGHT,COUNTY LINE RD & SR46W,39.27075954,-86.68455123
901385420,2018,5,4,1600,Weekday,1-Car,Non-incapacitating,ANIMAL/OBJECT IN ROADWAY,N BOTTOM RD & OLD MAPLE GROVE,39.270704,-86.555456
901269152,2018,1,5,600,Weekday,1-Car,No injury/unknown,RAN OFF ROAD RIGHT,N HARTSTRAIT RD & W ST RD 48,39.27068534,-86.61103
901470050,2018,7,7,2000,Weekend,2-Car,No injury/unknown,OTHER (DRIVER) - EXPLAIN IN NARRATIVE,SR37N & WEST THIRD,39.27016818,-86.5732966
901407709,2018,5,5,2300,Weekday,1-Car,No injury/unknown,RAN OFF ROAD RIGHT,ANDERSON & SHILO RD,39.26992873,-86.4590933
901559533,2018,12,5,1800,Weekday,1-Car,No injury/unknown,ANIMAL/OBJECT IN ROADWAY,N BOTTOM RD & W SIMPSON CHAPEL,39.26976,-86.5476
901469550,2018,7,6,600,Weekday,1-Car,Non-incapacitating,UNSAFE SPEED,OLD DUTCH CHURCH & REDHILL RD,39.26958199,-86.63480938
901464201,2018,7,7,2300,Weekend,1-Car,No injury/unknown,RAN OFF ROAD RIGHT,BOTTOM RD & SIMPSON CHAPEL,39.2690811,-86.54746781
901447389,2018,6,2,1800,Weekday,1-Car,No injury/unknown,UNSAFE BACKING,SR37N,39.26891991,-86.52287428
901494712,2018,9,7,1800,Weekend,2-Car,No injury/unknown,FAILURE TO YIELD RIGHT OF WAY,FOX HOLLOW & OLD SR 37 HWY,39.266928,-86.501424
901463159,2018,7,7,1200,Weekend,2-Car,No injury/unknown,BRAKE FAILURE OR DEFECTIVE,SR46W & STINESVILLE,39.266752,-86.6656
901519340,2018,10,6,600,Weekday,2-Car,Non-incapacitating,FAILURE TO YIELD RIGHT OF WAY,SR46W & STINESVILLE,39.266752,-86.6656
901501025,2018,9,6,1800,Weekday,2-Car,No injury/unknown,FAILURE TO YIELD RIGHT OF WAY,COWDEN & MT TABOR RD,39.2667,-86.62076
901349509,2018,5,4,1800,Weekday,2-Car,Non-incapacitating,FAILURE TO YIELD RIGHT OF WAY,SAMPLE & SR37N,39.26616,-86.522752
901548874,2018,12,5,1500,Weekday,2-Car,Non-incapacitating,FAILURE TO YIELD RIGHT OF WAY,E SAMPLE & SR37N,39.26616,-86.522752
901519192,2018,10,6,2000,Weekend,1-Car,No injury/unknown,ANIMAL/OBJECT IN ROADWAY,ANDERSON & OLD SR 37 HWY,39.266,-86.501696
901544852,2018,12,7,900,Weekend,2-Car,Non-incapacitating,LEFT OF CENTER,SAMPLE RD & SR 37,39.26597207,-86.52307879
901560810,2018,12,2,900,Weekday,2-Car,Fatal,FAILURE TO YIELD RIGHT OF WAY,SAMPLE & SR37N,39.26597207,-86.52286248
901555728,2018,12,5,800,Weekday,1-Car,No injury/unknown,SPEED TOO FAST FOR WEATHER CONDITIONS,SR46W & STINESVILLE,39.26543411,-86.66432726
901464204,2018,7,1,1500,Weekend,2-Car,No injury/unknown,FOLLOWING TOO CLOSELY,SAMPLE & SR37N,39.26478727,-86.52270297
901552980,2018,12,1,1400,Weekend,1-Car,No injury/unknown,ROADWAY SURFACE CONDITION,SAMPLE RD & SR374,39.2647804,-86.51740774
901303227,2018,2,7,800,Weekend,1-Car,No injury/unknown,SPEED TOO FAST FOR WEATHER CONDITIONS,SAMPLE & SR37S,39.26341455,-86.52265395
901525439,2018,11,3,2000,Weekday,1-Car,No injury/unknown,ANIMAL/OBJECT IN ROADWAY,SR37N & WAYPORT,39.26329855,-86.52264981
901279718,2018,2,7,1300,Weekend,1-Car,No injury/unknown,OTHER (DRIVER) - EXPLAIN IN NARRATIVE,7884 N MT TABOR RD & OLD DUTCH CHURCH,39.2630278,-86.62355313
901466605,2018,7,6,1400,Weekday,2-Car,Fatal,UNSAFE SPEED,SR37N & WAYPORT,39.263024,-86.52264
901480968,2018,8,1,1700,Weekend,2-Car,No injury/unknown,DRIVER DISTRACTED - EXPLAIN IN NARRATIVE,SR37N & WAYPORT,39.263024,-86.52264
901453528,2018,6,5,900,Weekday,1-Car,No injury/unknown,RAN OFF ROAD RIGHT,SR37N,39.26247496,-86.52261804
901266604,2018,1,2,2000,Weekday,1-Car,No injury/unknown,SPEED TOO FAST FOR WEATHER CONDITIONS,SR37S & WAYPORT,39.26167132,-86.52280192
901447388,2018,6,1,1900,Weekday,2-Car,No injury/unknown,FAILURE TO YIELD RIGHT OF WAY,N WAYPORT RD,39.26128885,-86.52247292
901455821,2018,6,1,2300,Weekday,1-Car,No injury/unknown,RAN OFF ROAD RIGHT,CHAFIN CHAPEL RD & SR46,39.259744,-86.657504
901482233,2018,8,4,1200,Weekday,2-Car,No injury/unknown,IMPROPER TURNING,EAST TENTH & RUSSELL RD,39.25967813,-86.48138
901274843,2018,2,7,200,Weekend,1-Car,No injury/unknown,RAN OFF ROAD RIGHT,CHAFIN CHAPEL & SR46W,39.25958926,-86.65762446
901466565,2018,7,7,1300,Weekend,2-Car,No injury/unknown,UNSAFE SPEED,CHAFFIN CHAPEL & SR46W,39.25958926,-86.65766779
901544457,2018,12,7,900,Weekend,1-Car,No injury/unknown,SPEED TOO FAST FOR WEATHER CONDITIONS,SR37S & WAYPORT,39.25917759,-86.52426508
901508810,2018,10,7,1600,Weekend,1-Car,No injury/unknown,RAN OFF ROAD RIGHT,OL SR 37 & SAMPLE RD,39.25862,-86.50125838
901323204,2018,3,4,1600,Weekday,1-Car,Non-incapacitating,OVERCORRECTING/OVERSTEERING,BOTTOM RD & LAWSON,39.25837102,-86.54598111
901552996,2018,12,3,1500,Weekday,Bus,No injury/unknown,UNSAFE BACKING,MILLER RD,39.255568,-86.469632
901556227,2018,12,1,1800,Weekend,1-Car,No injury/unknown,SPEED TOO FAST FOR WEATHER CONDITIONS,LANTERN LN & TURTLE BACK CREEK,39.25481066,-86.61876
901349508,2018,5,4,1700,Weekday,2-Car,No injury/unknown,FAILURE TO YIELD RIGHT OF WAY,COWDEN RD & DELAP,39.254128,-86.592464
901558105,2018,12,3,300,Weekday,1-Car,Non-incapacitating,RAN OFF ROAD RIGHT,MILLER RD & ROBINSON,39.25376595,-86.4698467
901265709,2018,1,1,200,Weekend,1-Car,Non-incapacitating,RAN OFF ROAD RIGHT,FLATWOODS RD & SR46W,39.25373018,-86.6545366
901550378,2018,12,1,1200,Weekend,1-Car,No injury/unknown,RAN OFF ROAD RIGHT,FLATWOODS & SR46W,39.25257622,-86.65396726
901323210,2018,4,6,2300,Weekend,1-Car,Non-incapacitating,DRIVER ASLEEP OR FATIGUED,FLATWOODS & N STARNES RD,39.25248,-86.659104
901526859,2018,11,3,600,Weekday,1-Car,No injury/unknown,ANIMAL/OBJECT IN ROADWAY,FLATWOODS & SR46E,39.25237316,-86.65414341
901536658,2018,11,1,1900,Weekday,1-Car,No injury/unknown,ANIMAL/OBJECT IN ROADWAY,DELAP ROAD & MT TABOR ROAD RD,39.252336,-86.620512
901327406,2018,4,6,700,Weekday,Bus,Non-incapacitating,UNSAFE SPEED,DELAP RD & UNION VALLEY,39.251904,-86.592816
901471070,2018,7,1,0,Weekend,1-Car,No injury/unknown,RAN OFF ROAD RIGHT,DELAP RD & UNION VALLEY,39.251904,-86.592816
901550375,2018,12,1,1400,Weekend,1-Car,No injury/unknown,SPEED TOO FAST FOR WEATHER CONDITIONS,SR37N & WYLE,39.25146839,-86.52918572
901273022,2018,2,6,1400,Weekday,1-Car,No injury/unknown,RAN OFF ROAD RIGHT,SR37N & WYLIE,39.25145108,-86.52922139
901522208,2018,10,4,500,Weekday,1-Car,No injury/unknown,ANIMAL/OBJECT IN ROADWAY,FLATWOODS & SR46W,39.25141308,-86.652743
901533163,2018,11,6,1000,Weekday,2-Car,No injury/unknown,UNSAFE BACKING,N OLD STATE ROAD 37,39.251296,-86.500832
901329614,2018,4,3,900,Weekday,1-Car,No injury/unknown,FOLLOWING TOO CLOSELY,SR37N & WALNUT,39.25128827,-86.52931524
901274836,2018,2,6,1500,Weekday,1-Car,No injury/unknown,OTHER (DRIVER) - EXPLAIN IN NARRATIVE,STATE ROAD 46 WEST HWY,39.2512,-86.652504
901298142,2018,2,7,200,Weekend,1-Car,No injury/unknown,RAN OFF ROAD RIGHT,SR46W,39.2512,-86.652504
901316754,2018,3,1,2000,Weekday,2-Car,No injury/unknown,ALCOHOLIC BEVERAGES,W SR 46 HWY,39.2512,-86.652504
901461348,2018,6,3,1900,Weekday,2-Car,No injury/unknown,UNSAFE BACKING,SR46,39.2512,-86.652504
901475375,2018,7,2,1300,Weekday,2-Car,No injury/unknown,UNSAFE BACKING,WEST SR46 HWY,39.2512,-86.652504
901320149,2018,3,6,1700,Weekday,1-Car,Non-incapacitating,DRIVER DISTRACTED - EXPLAIN IN NARRATIVE,MILLER & ROBINSON RD,39.25113262,-86.47519788
901536889,2018,11,1,800,Weekend,2-Car,No injury/unknown,LEFT OF CENTER,E ROBINSON RD & MILLER,39.251056,-86.469904
901301822,2018,2,6,1200,Weekday,3+ Cars,Non-incapacitating,OTHER (DRIVER) - EXPLAIN IN NARRATIVE,SR37N & WALNUT ST,39.250688,-86.529744
901524402,2018,11,2,800,Weekday,2-Car,No injury/unknown,UNSAFE LANE MOVEMENT,WALNUT & WALNUT ALY,39.250688,-86.529744
901253676,2018,1,3,2100,Weekday,1-Car,Fatal,RAN OFF ROAD RIGHT,SR37 & WYLIE,39.25046943,-86.52995711
901466744,2018,7,7,1300,Weekend,1-Car,Non-incapacitating,RAN OFF ROAD RIGHT,EAST ROBINSON RD & HUDOFF,39.249248,-86.463888
901338685,2018,4,4,0,Weekday,1-Car,No injury/unknown,UNSAFE SPEED,GOOSE HOLLOW & TUNNEL RD,39.24884527,-86.42169678
901484168,2018,8,2,1400,Weekday,Moped/Motorcycle,Non-incapacitating,LEFT OF CENTER,MAPLE GROVE RD & WEST MAPLE GROVE,39.24744,-86.547792
901320008,2018,3,1,1300,Weekend,2-Car,No injury/unknown,FAILURE TO YIELD RIGHT OF WAY,BALFORE & NORTH JORDAN AVE,39.24585283,-86.51263769
901319798,2018,3,7,2000,Weekend,2-Car,No injury/unknown,DISREGARD SIGNAL/REG SIGN,RED HILL & SR46W,39.245744,-86.636896
901531005,2018,11,5,1900,Weekday,1-Car,No injury/unknown,ANIMAL/OBJECT IN ROADWAY,MAPLE GROVE WEST & SR46W,39.245744,-86.636896
901283442,2018,2,4,1900,Weekday,1-Car,No injury/unknown,ANIMAL/OBJECT IN ROADWAY,REDHILL & SR46W,39.24568299,-86.6368312
901430139,2018,6,4,1100,Weekday,2-Car,No injury/unknown,FAILURE TO YIELD RIGHT OF WAY,SR46W & STATE ROAD 46 WEST,39.24568299,-86.63670124
901505388,2018,9,2,800,Weekday,3+ Cars,No injury/unknown,FOLLOWING TOO CLOSELY,RED HILL & SR46W,39.24568299,-86.63670124
901518134,2018,10,3,2200,Weekday,1-Car,No injury/unknown,ANIMAL/OBJECT IN ROADWAY,SR46W & STATE ROAD 46,39.24568299,-86.6367359
901420259,2018,6,7,900,Weekend,1-Car,No injury/unknown,RAN OFF ROAD RIGHT,MAPLE GROVE RD RD & MATTHEWS,39.245408,-86.6204
901478074,2018,7,6,1600,Weekday,2-Car,No injury/unknown,FAILURE TO YIELD RIGHT OF WAY,MAPLE GROVE RD & MATTHEWS,39.245408,-86.6204
901501402,2018,9,1,1200,Weekend,2-Car,No injury/unknown,FAILURE TO YIELD RIGHT OF WAY,MAPLE GROVE & MATTHEWS DR,39.245408,-86.6204
901316748,2018,3,7,1000,Weekend,2-Car,Non-incapacitating,FAILURE TO YIELD RIGHT OF WAY,MAPLE GROVE & MATTHEW DR,39.24534085,-86.62052393
901260678,2018,1,5,700,Weekday,1-Car,No injury/unknown,RAN OFF ROAD RIGHT,MAPLE GROVE & UNION VALLEY RD,39.244752,-86.5928
901338681,2018,4,6,900,Weekday,2-Car,No injury/unknown,LEFT OF CENTER,MAPLE GROVE ROAD & UNIONVALLEY ROAD RD,39.244752,-86.5928
901534126,2018,11,6,2200,Weekend,1-Car,No injury/unknown,RAN OFF ROAD RIGHT,N SHUFFLE CREEK RD,39.24445316,-86.40435415
901260670,2018,1,1,1500,Weekend,1-Car,No injury/unknown,RAN OFF ROAD RIGHT,ROBINSON & TUNNEL RD,39.24187658,-86.43555289
901281005,2018,2,3,800,Weekday,2-Car,No injury/unknown,OVERCORRECTING/OVERSTEERING,RIDGESPRINGS & SR46W,39.24095991,-86.63196609
901285434,2018,2,5,1400,Weekday,2-Car,No injury/unknown,FOLLOWING TOO CLOSELY,SR 37 HWY & VERNAL,39.24084504,-86.5609886
901515015,2018,10,5,500,Weekday,1-Car,Non-incapacitating,RAN OFF ROAD RIGHT,NEHRT & ROBINSON RD,39.24065,-86.44314356
901304196,2018,2,1,1700,Weekend,1-Car,Non-incapacitating,DRIVER DISTRACTED - EXPLAIN IN NARRATIVE,ROBINSON RD & STATE ROAD 37,39.24028,-86.49948625
901532426,2018,11,1,2200,Weekday,1-Car,No injury/unknown,ANIMAL/OBJECT IN ROADWAY,SR 46 W & SR37N,39.23990387,-86.55499852
901499106,2018,9,3,1100,Weekday,2-Car,No injury/unknown,UNSAFE SPEED,JONES & JORDAN AVE,39.23938934,-86.51642161
901477397,2018,7,7,800,Weekend,1-Car,Incapacitating,ANIMAL/OBJECT IN ROADWAY,MCNEELY & UNION VALLEY ST,39.23821147,-86.5928328
901531937,2018,11,7,1300,Weekend,1-Car,No injury/unknown,SPEED TOO FAST FOR WEATHER CONDITIONS,SR37S,39.23815635,-86.53862087
901541377,2018,11,4,2000,Weekday,1-Car,No injury/unknown,RAN OFF ROAD RIGHT,POPLAR & TEMPERANCE ST,39.23801465,-86.6296838
901313028,2018,3,6,100,Weekday,1-Car,Non-incapacitating,RAN OFF ROAD RIGHT,CHANDLER DR & MCNEALY,39.23783338,-86.61385596
901466077,2018,7,5,700,Weekday,1-Car,Non-incapacitating,DRIVER ASLEEP OR FATIGUED,MCNEELY & RIDGEWAY DRIVE DR,39.23769211,-86.60690367
901501167,2018,9,7,1300,Weekend,2-Car,No injury/unknown,UNSAFE SPEED,MAIN & SR46W,39.23756627,-86.62946203
901262887,2018,1,2,1200,Weekday,2-Car,No injury/unknown,LEFT OF CENTER,E MEL CURRIE RD & N SHOWERS,39.237248,-86.528896
901266641,2018,1,2,1900,Weekday,2-Car,No injury/unknown,ROADWAY SURFACE CONDITION,EDGEWOOD DR & POPLAR,39.237152,-86.6304
901271312,2018,1,6,1100,Weekday,1-Car,No injury/unknown,ROADWAY SURFACE CONDITION,GILMORE & REEVES RD,39.23643086,-86.67776136
901340961,2018,4,1,700,Weekend,1-Car,No injury/unknown,RAN OFF ROAD RIGHT,EDGEWOOD DR,39.2364,-86.631248
901466792,2018,5,5,2100,Weekday,2-Car,No injury/unknown,FAILURE TO YIELD RIGHT OF WAY,EDGEWOOD DR,39.2364,-86.631248
901259283,2018,1,7,1500,Weekend,1-Car,No injury/unknown,UNSAFE SPEED,EDGEWOOD & EDGEWOOD DR,39.236288,-86.628336
901485016,2018,8,6,1900,Weekend,2-Car,Non-incapacitating,DISREGARD SIGNAL/REG SIGN,MAIN ST & MATTHEWS,39.236096,-86.625168
901523636,2018,10,6,1600,Weekday,2-Car,No injury/unknown,FAILURE TO YIELD RIGHT OF WAY,MAIN ST & MATTHEWS,39.236096,-86.625168
901477844,2018,7,7,1800,Weekend,2-Car,Non-incapacitating,FAILURE TO YIELD RIGHT OF WAY,MAIN ST & MATTEWS,39.23598071,-86.62501479
901517120,2018,10,3,500,Weekday,1-Car,No injury/unknown,ANIMAL/OBJECT IN ROADWAY,ELLIS & SR37N,39.2358685,-86.53257501
901536153,2018,11,7,400,Weekend,2-Car,Non-incapacitating,UNSAFE SPEED,ELLIS & SR37N,39.2358685,-86.53257501
901279005,2018,2,6,2200,Weekend,2-Car,No injury/unknown,UNSAFE BACKING,VINE ST,39.235728,-86.626032
901555471,2018,12,6,1900,Weekend,2-Car,No injury/unknown,FOLLOWING TOO CLOSELY,SOUTH EDGEWOOD DR,39.23543088,-86.63941283
901330588,2018,4,5,1300,Weekday,2-Car,No injury/unknown,FAILURE TO YIELD RIGHT OF WAY,SALE ST & SALE ST ST,39.234944,-86.623392
901330881,2018,4,6,800,Weekday,2-Car,No injury/unknown,FAILURE TO YIELD RIGHT OF WAY,SALE ST & SALE ST ST,39.234944,-86.623392
901361620,2018,5,6,1200,Weekday,2-Car,No injury/unknown,FAILURE TO YIELD RIGHT OF WAY,SALE ST & SALE ST ST,39.234944,-86.623392
901533900,2018,11,2,1500,Weekday,2-Car,No injury/unknown,IMPROPER TURNING,MAIN ST & SALE,39.23493,-86.62341567
901505389,2018,9,2,900,Weekday,2-Car,No injury/unknown,FAILURE TO YIELD RIGHT OF WAY,MATTHEWS & SR46W,39.23486056,-86.6263057
901312139,2018,3,5,1100,Weekday,2-Car,Non-incapacitating,FAILURE TO YIELD RIGHT OF WAY,MATTHEWS & SR46W,39.234768,-86.626384
901336612,2018,4,2,2100,Weekday,2-Car,No injury/unknown,IMPROPER TURNING,MATTHEWS & TEMPERANCE ST,39.234768,-86.626384
901344009,2018,5,7,1300,Weekend,3+ Cars,Non-incapacitating,DISREGARD SIGNAL/REG SIGN,MATTHEWS & SR46W,39.234768,-86.626384
901489997,2018,8,3,1600,Weekday,2-Car,No injury/unknown,FAILURE TO YIELD RIGHT OF WAY,MATTHEWS & SR46W,39.234768,-86.626384
901491848,2018,8,4,1800,Weekday,2-Car,No injury/unknown,FAILURE TO YIELD RIGHT OF WAY,MATTHEWS & SR46W,39.234768,-86.626384
901464031,2018,7,3,300,Weekday,1-Car,No injury/unknown,OTHER (VEHICLE) - EXPLAIN IN NARRATIVE,WEST VINE ST,39.234724,-86.624617
901262051,2018,1,5,2200,Weekday,1-Car,No injury/unknown,ANIMAL/OBJECT IN ROADWAY,CROSSOVER & SR37,39.23414854,-86.51840237
901364580,2018,5,2,0,Weekday,1-Car,No injury/unknown,RAN OFF ROAD RIGHT,CHANDLER & SR46W,39.2339214,-86.62200951
901474797,2018,6,6,1300,Weekday,1-Car,No injury/unknown,OTHER (DRIVER) - EXPLAIN IN NARRATIVE,W TEMPERANCE ST,39.23384776,-86.62472372
901267668,2018,1,2,1500,Weekday,2-Car,No injury/unknown,UNSAFE BACKING,SALE & TEMPERANCE ST,39.23384,-86.624704
901281006,2018,2,3,1200,Weekday,2-Car,No injury/unknown,IMPROPER TURNING,SALE & SR46W,39.23384,-86.624704
901281124,2018,2,1,1800,Weekend,2-Car,No injury/unknown,FOLLOWING TOO CLOSELY,SALE & SR46W,39.23384,-86.624704
901362123,2018,5,6,1600,Weekday,2-Car,No injury/unknown,FAILURE TO YIELD RIGHT OF WAY,SALE & TEMPERANCE ST,39.23384,-86.624704
901486587,2018,8,4,2100,Weekday,2-Car,No injury/unknown,WRONG WAY ON ONE WAY,SALE & SR46W,39.23384,-86.624704
901501486,2018,9,7,1500,Weekend,2-Car,No injury/unknown,FOLLOWING TOO CLOSELY,46 & SALE ST,39.23384,-86.624704
901517177,2018,10,2,800,Weekday,2-Car,No injury/unknown,IMPROPER TURNING,SALE & SR46W,39.23384,-86.624704
901542499,2018,12,4,700,Weekday,2-Car,No injury/unknown,ROADWAY SURFACE CONDITION,SALE & SR46W,39.23384,-86.624704
901251863,2018,1,2,800,Weekday,2-Car,No injury/unknown,FAILURE TO YIELD RIGHT OF WAY,SALE & SR46E,39.23371244,-86.62451904
901493873,2018,9,5,800,Weekday,Pedestrian,Non-incapacitating,PEDESTRIAN ACTION,BOLTINGHOUSE RD,39.233574,-86.481128
901489435,2018,8,6,1500,Weekday,Bus,No injury/unknown,UNSAFE LANE MOVEMENT,FOURTH & TEMPERANCE ST,39.23317,-86.62389
901526385,2018,11,5,700,Weekday,2-Car,No injury/unknown,FAILURE TO YIELD RIGHT OF WAY,ASSOCIATION & SALE ST,39.233056,-86.6256
901488036,2018,8,1,1700,Weekend,1-Car,No injury/unknown,STEERING FAILURE,BOTTOM & SR37N,39.23288663,-86.54219875
901533411,2018,11,2,600,Weekday,2-Car,Non-incapacitating,FAILURE TO YIELD RIGHT OF WAY,BOTTOM & SR37N,39.23288663,-86.54219875
901550305,2018,12,1,1400,Weekend,3+ Cars,Non-incapacitating,SPEED TOO FAST FOR WEATHER CONDITIONS,SR37S & SR4546W,39.232688,-86.623056
901269921,2018,1,1,1100,Weekend,2-Car,No injury/unknown,UNSAFE BACKING,N WALNUT ST,39.232544,-86.540704
901274002,2018,2,7,2100,Weekend,2-Car,No injury/unknown,ROADWAY SURFACE CONDITION,N WALNUT ST,39.232544,-86.540704
901291795,2018,2,3,1200,Weekday,2-Car,No injury/unknown,UNSAFE BACKING,N WALNUT ST,39.232544,-86.540704
901307442,2018,2,6,1500,Weekday,1-Car,No injury/unknown,OTHER (DRIVER) - EXPLAIN IN NARRATIVE,N WALNUT ST,39.232544,-86.540704
901345380,2018,5,1,0,Weekend,2-Car,No injury/unknown,,N WALNUT ST,39.232544,-86.540704
901362099,2018,5,6,2200,Weekend,2-Car,No injury/unknown,UNSAFE BACKING,N WALNUT ST,39.232544,-86.540704
901408980,2018,6,5,1600,Weekday,2-Car,No injury/unknown,IMPROPER TURNING,N WALNUT ST,39.232544,-86.540704
901462949,2018,7,6,1500,Weekday,Pedestrian,Non-incapacitating,PEDESTRIAN ACTION,N WALNUT ST,39.232544,-86.540704
901481383,2018,8,1,1900,Weekday,1-Car,No injury/unknown,RAN OFF ROAD RIGHT,N WALNUT ST,39.232544,-86.540704
901504491,2018,9,6,1600,Weekday,2-Car,Non-incapacitating,LEFT OF CENTER,N WALNUT ST,39.232544,-86.540704
901475763,2018,7,7,100,Weekend,Moped/Motorcycle,No injury/unknown,RAN OFF ROAD RIGHT,KELLI & MAIN ST,39.23209316,-86.61975454
901352881,2018,5,6,1500,Weekday,2-Car,No injury/unknown,FAILURE TO YIELD RIGHT OF WAY,SR37N,39.23206802,-86.54073897
901473146,2018,7,2,1600,Weekday,2-Car,No injury/unknown,FOLLOWING TOO CLOSELY,NORTH OLD STATE ROAD 37 RD & OLD MYERS,39.231936,-86.506288
901562474,2018,12,1,2200,Weekday,2-Car,No injury/unknown,ROADWAY SURFACE CONDITION,ERAL YOUNG & LENTZ RD,39.2319,-86.46848
901548914,2018,12,5,1900,Weekday,1-Car,No injury/unknown,UNSAFE SPEED,GILMORE & REEVES RD,39.23185677,-86.67152548
901493088,2018,8,6,1200,Weekday,1-Car,No injury/unknown,UNSAFE SPEED,GILMORE & REEVES RD,39.23177326,-86.67143369
901494409,2018,9,6,1800,Weekday,1-Car,No injury/unknown,UNSAFE SPEED,GILMORE & W FENCELINE RD,39.231696,-86.67408
901274842,2018,2,6,1800,Weekday,1-Car,No injury/unknown,ROADWAY SURFACE CONDITION,GILMORE & REEVES RD,39.231648,-86.671296
901320151,2018,3,6,2300,Weekend,2-Car,Incapacitating,DISREGARD SIGNAL/REG SIGN,REEVES RD & STARNES,39.231536,-86.6588
901495742,2018,9,3,1700,Weekday,2-Car,No injury/unknown,FOLLOWING TOO CLOSELY,FIRST ST & TEMPERANCE,39.23144,-86.621296
901514146,2018,10,3,800,Weekday,2-Car,No injury/unknown,FAILURE TO YIELD RIGHT OF WAY,2ND STREET & ASSOCIATION ST ST,39.231424,-86.622944
901521471,2018,10,2,1400,Weekday,2-Car,No injury/unknown,FOLLOWING TOO CLOSELY,EDGEWOOD & REEVES RD,39.231312,-86.63816
901329360,2018,4,2,2100,Weekday,2-Car,No injury/unknown,ALCOHOLIC BEVERAGES,DEPOT & SR46W,39.23125422,-86.61856927
901561725,2018,12,1,1500,Weekend,Moped/Motorcycle,No injury/unknown,SPEED TOO FAST FOR WEATHER CONDITIONS,DEPOT & SR46W,39.23125422,-86.61866455
901480967,2018,8,3,1800,Weekday,2-Car,Incapacitating,DRIVER ILLNESS,SALE ST & THOMAS,39.23123779,-86.63046452
901304169,2018,2,6,900,Weekday,2-Car,Non-incapacitating,FAILURE TO YIELD RIGHT OF WAY,N MOUNT GILEAD & SR45E,39.230752,-86.424096
901560440,2018,12,7,0,Weekend,1-Car,No injury/unknown,RAN OFF ROAD RIGHT,BOLTINGHOUSE RD & EARL YOUNG,39.23031,-86.47342324
901322182,2018,4,5,1000,Weekday,2-Car,No injury/unknown,IMPROPER TURNING,PAUL ST & SR46W,39.229904,-86.619136
901308447,2018,3,7,1600,Weekend,2-Car,No injury/unknown,FAILURE TO YIELD RIGHT OF WAY,1ST ST & RITTER,39.229424,-86.623584
901497273,2018,9,5,700,Weekday,3+ Cars,No injury/unknown,FOLLOWING TOO CLOSELY,COLT DR & SYCAMORE ST ST,39.22921334,-86.64004
901561741,2018,12,3,1500,Weekday,2-Car,Non-incapacitating,FAILURE TO YIELD RIGHT OF WAY,SR37 & W CHURCH,39.22877098,-86.51049972
901259750,2018,1,3,700,Weekday,1-Car,No injury/unknown,RAN OFF ROAD RIGHT,N SALE ST & PINE,39.22830445,-86.62805
901501324,2018,9,7,1400,Weekend,2-Car,No injury/unknown,FOLLOWING TOO CLOSELY,PAUL ST & RITTER,39.227856,-86.621584
901487357,2018,8,1,400,Weekend,1-Car,No injury/unknown,RAN OFF ROAD RIGHT,BRYANT CREEK & SR37N,39.22773083,-86.51238497
901554012,2018,12,4,1300,Weekday,3+ Cars,Non-incapacitating,FOLLOWING TOO CLOSELY,E 3RD & SR46E,39.22767562,-86.47208686
901521506,2018,10,3,1600,Weekday,2-Car,No injury/unknown,FAILURE TO YIELD RIGHT OF WAY,HARTSTRAIGHT & SR46W,39.22764788,-86.61591015
901402045,2018,5,4,100,Weekday,1-Car,Non-incapacitating,RAN OFF ROAD RIGHT,SKIRVIN & SR45E,39.22718514,-86.43497044