Master Record Number,Year,Month,Day,Hour,Weekend,Collision Type,Injury Type,Primary Factor,Reported_Location,Latitude,Longitude
901542291,2018,12,4,700,Weekday,2-Car,Non-incapacitating,ROADWAY SURFACE CONDITION,MEADOWVALE & N UNION VALLEY RD RD,39.22714,-86.59272
901306488,2018,3,3,2100,Weekday,2-Car,Non-incapacitating,ANIMAL/OBJECT IN ROADWAY,CAPITAL & SR46W,39.22528865,-86.61249876
901534184,2018,11,4,100,Weekday,1-Car,No injury/unknown,RAN OFF ROAD RIGHT,HARTSTRAIT RD,39.225278,-86.61579
901454333,2018,6,4,1400,Weekday,2-Car,Non-incapacitating,DRIVER DISTRACTED - EXPLAIN IN NARRATIVE,SR37 & WHISENAND,39.22394222,-86.516819
901477107,2018,7,4,1900,Weekday,1-Car,Non-incapacitating,RAN OFF ROAD RIGHT,LOST MANS & NORTH MAPLE GROVE RD,39.22304,-86.569696
901488457,2018,8,3,1800,Weekday,1-Car,No injury/unknown,RAN OFF ROAD RIGHT,LOST MANS & N MAPLE GROVE RD,39.22304,-86.569696
901312917,2018,3,5,2000,Weekday,1-Car,No injury/unknown,RAN OFF ROAD RIGHT,LOST MANS & NORTH UNION VALLEY RD,39.222848,-86.592704
901346681,2018,5,3,1800,Weekday,2-Car,No injury/unknown,IMPROPER TURNING,N KINSER PIKE,39.222752,-86.550096
901478561,2018,8,3,1100,Weekday,2-Car,No injury/unknown,IMPROPER TURNING,N KINSER PIKE PIKE,39.222752,-86.550096
901509621,2018,10,2,1300,Weekday,2-Car,No injury/unknown,UNSAFE BACKING,N KINSER PIKE,39.222752,-86.550096
901549092,2018,12,6,700,Weekday,2-Car,No injury/unknown,UNSAFE BACKING,N KINSER PIKE PIKE,39.222752,-86.550096
901367101,2018,5,2,200,Weekday,2-Car,No injury/unknown,SPEED TOO FAST FOR WEATHER CONDITIONS,OLD SR 37 RD & WHISNAND,39.222544,-86.5172
901495135,2018,9,6,2000,Weekend,2-Car,No injury/unknown,UNSAFE SPEED,SHAWNEE DR & TECUMSEH,39.22217991,-86.62234256
901404289,2018,5,5,1500,Weekday,Bus,No injury/unknown,UNSAFE BACKING,CONTI & SILVERTHORNE ST,39.22186,-86.59092
901532821,2018,11,2,800,Weekday,2-Car,No injury/unknown,FOLLOWING TOO CLOSELY,LAKEVIEW & SR46W,39.22148334,-86.60616326
901407411,2018,6,4,1800,Weekday,2-Car,No injury/unknown,FAILURE TO YIELD RIGHT OF WAY,46 & LAKEVIEW DR,39.22128777,-86.60557347
901258889,2018,1,5,800,Weekday,1-Car,No injury/unknown,SPEED TOO FAST FOR WEATHER CONDITIONS,KINSER & SR37N,39.221248,-86.55
901319542,2018,3,6,1400,Weekday,2-Car,No injury/unknown,FAILURE TO YIELD RIGHT OF WAY,KINSER & SR37S,39.221248,-86.55
901287303,2018,2,6,500,Weekday,2-Car,Non-incapacitating,FAILURE TO YIELD RIGHT OF WAY,LAKEVIEW & SR46W,39.221152,-86.6056
901490431,2018,8,5,1900,Weekday,Moped/Motorcycle,Non-incapacitating,FAILURE TO YIELD RIGHT OF WAY,LAKEVIEW & SR46W,39.221152,-86.6056
901497808,2018,9,1,1500,Weekend,2-Car,No injury/unknown,FOLLOWING TOO CLOSELY,LAKEVIEW & SR46W,39.221152,-86.6056
901562948,2018,12,6,700,Weekday,2-Car,No injury/unknown,FAILURE TO YIELD RIGHT OF WAY,LAKEVIEW & SR46W,39.221152,-86.6056
901407710,2018,5,6,300,Weekday,1-Car,No injury/unknown,RAN OFF ROAD RIGHT,HARBISON & HARTSTRAIGHT RD,39.2210903,-86.61237843
901521378,2018,10,1,2000,Weekday,2-Car,Non-incapacitating,RAN OFF ROAD RIGHT,KINSER & SR37S,39.22100456,-86.5501635
901514439,2018,10,4,1600,Weekday,2-Car,No injury/unknown,DRIVER DISTRACTED - EXPLAIN IN NARRATIVE,NORTH LAKEVIEW & SR46E,39.22096442,-86.60534208
901252984,2018,1,6,0,Weekday,1-Car,No injury/unknown,ANIMAL/OBJECT IN ROADWAY,HARBISON & HARTSTRAIT RD,39.220944,-86.612192
901560105,2018,12,2,1800,Weekday,1-Car,No injury/unknown,ROADWAY SURFACE CONDITION,N HARTSTRAIT RD & W HARBISON,39.220944,-86.612192
901445739,2018,6,6,1400,Weekday,2-Car,Non-incapacitating,SPEED TOO FAST FOR WEATHER CONDITIONS,HARSTRAIT RD,39.22085,-86.612159
901542041,2018,11,2,500,Weekday,1-Car,Non-incapacitating,ANIMAL/OBJECT IN ROADWAY,KINSER & SR37N,39.22076113,-86.550327
901500954,2018,9,6,1300,Weekday,2-Car,No injury/unknown,FOLLOWING TOO CLOSELY,LAKEVIEW & SR46W,39.22025919,-86.60427519
901469206,2018,7,5,2100,Weekday,1-Car,No injury/unknown,RAN OFF ROAD RIGHT,HWY 45 & VIKING RIDGE RD RD,39.21943,-86.44453864
901551900,2018,12,1,1700,Weekend,1-Car,Non-incapacitating,RAN OFF ROAD RIGHT,SR45E & VIKING RIDGE,39.21940042,-86.44468627
901496561,2018,9,5,700,Weekday,Bus,No injury/unknown,UNSAFE SPEED,BOLTINGHOUSE & OLD MEYERS RD,39.21904,-86.472896
901523449,2018,10,6,2300,Weekend,1-Car,No injury/unknown,ANIMAL/OBJECT IN ROADWAY,CARDINAL GLEN & SOUTH WALNUT STREET PIKE,39.21900618,-86.52654
901539400,2018,11,5,1000,Weekday,1-Car,No injury/unknown,SPEED TOO FAST FOR WEATHER CONDITIONS,EARL YOUND & SR45E,39.21845444,-86.45352621
901544645,2018,12,7,900,Weekend,1-Car,No injury/unknown,ROADWAY SURFACE CONDITION,EARL YOUNG & SR45E,39.21845444,-86.45338226
901274839,2018,2,6,1700,Weekday,1-Car,Non-incapacitating,ROADWAY SURFACE CONDITION,EARL YOUNG & SR45E,39.218448,-86.4536
901263714,2018,1,3,1600,Weekday,1-Car,Non-incapacitating,UNSAFE SPEED,E EARL YOUNG & SR45N,39.21817582,-86.45364726
901274847,2018,2,1,1300,Weekend,1-Car,No injury/unknown,RAN OFF ROAD RIGHT,NORTH MAPLE GROVE ROAD RD,39.21813706,-86.56359851
901502894,2018,9,3,2300,Weekday,1-Car,No injury/unknown,OTHER (ENVIRONMENTAL) - EXPLAIN IN NARR,NORTH BRUMMETTS CREEK RD,39.217866,-86.402626
901555451,2018,12,5,1100,Weekday,1-Car,No injury/unknown,ROADWAY SURFACE CONDITION,RIDGEWOOD & SR46W,39.21691557,-86.59802648
901550640,2018,12,1,2100,Weekday,1-Car,No injury/unknown,SPEED TOO FAST FOR WEATHER CONDITIONS,GRIFFITH CEMETARY & SR37S,39.21681835,-86.53111335
901316753,2018,3,1,1700,Weekend,2-Car,Non-incapacitating,FAILURE TO YIELD RIGHT OF WAY,LOUDEN & WEST RATLIFF RD,39.21658207,-86.63987339
901466089,2018,7,6,700,Weekday,2-Car,No injury/unknown,IMPROPER LANE USAGE,SR46W & UNION VALLEY,39.21624589,-86.59603849
901490593,2018,8,6,0,Weekday,1-Car,No injury/unknown,RAN OFF ROAD RIGHT,LINWOOD DR & UNION VALLEY,39.21606,-86.59272299
901278764,2018,2,5,1500,Weekday,3+ Cars,No injury/unknown,FAILURE TO YIELD RIGHT OF WAY,E RATLIFF & SR45S,39.21580294,-86.46332372
901274835,2018,2,5,2100,Weekday,2-Car,Non-incapacitating,FAILURE TO YIELD RIGHT OF WAY,SR46W & UNION VALLEY,39.21569341,-86.59442231
901541375,2018,11,1,1900,Weekday,3+ Cars,Non-incapacitating,FAILURE TO YIELD RIGHT OF WAY,BAYLES & BUSINESS 37 RD,39.21547,-86.53701
901367919,2018,5,6,2200,Weekend,1-Car,No injury/unknown,OTHER (DRIVER) - EXPLAIN IN NARRATIVE,DALLAS & HARTSTRAIT RD,39.2154352,-86.61208
901570185,2018,12,4,1600,Weekday,2-Car,No injury/unknown,FOLLOWING TOO CLOSELY,BETHEL LN & NORTH OLD SR 37,39.21539,-86.52157
901323208,2018,4,6,1800,Weekday,2-Car,Non-incapacitating,DRIVER DISTRACTED - EXPLAIN IN NARRATIVE,OUTBACK & SR46W,39.21537678,-86.59298837
901306255,2018,2,6,700,Weekday,2-Car,No injury/unknown,FAILURE TO YIELD RIGHT OF WAY,BETHEL & OLD SR 37 NORTH HWY,39.215344,-86.521392
901270014,2018,1,1,2000,Weekday,2-Car,Non-incapacitating,OTHER (DRIVER) - EXPLAIN IN NARRATIVE,SR46W & UNIONVALLEY,39.215152,-86.5928
901298144,2018,2,6,700,Weekday,2-Car,No injury/unknown,OTHER (DRIVER) - EXPLAIN IN NARRATIVE,SR46W & UNION VALLEY,39.215152,-86.5928
901479134,2018,8,3,1300,Weekday,2-Car,No injury/unknown,FAILURE TO YIELD RIGHT OF WAY,UNION VALLEY & W STATE ROAD 46 HWY,39.215152,-86.5928
901507393,2018,9,5,1200,Weekday,2-Car,Non-incapacitating,FAILURE TO YIELD RIGHT OF WAY,SR46W & UNION VALLEY ROAD,39.215152,-86.5928
901520317,2018,10,6,800,Weekday,2-Car,Non-incapacitating,DISREGARD SIGNAL/REG SIGN,SR46W & UNION VALLEY,39.215152,-86.5928
901512937,2018,10,7,1000,Weekend,Cyclist,Non-incapacitating,PEDESTRIAN ACTION,SR46W & UNIONVALLEY,39.21496137,-86.59254583
901453501,2018,6,5,1700,Weekday,2-Car,No injury/unknown,FAILURE TO YIELD RIGHT OF WAY,SR46W & UNION VALLEY,39.21477514,-86.59228631
901285686,2018,2,3,300,Weekday,3+ Cars,No injury/unknown,SPEED TOO FAST FOR WEATHER CONDITIONS,2ND & DUNN ST,39.21421782,-86.52841
901559711,2018,12,6,1300,Weekday,2-Car,No injury/unknown,FOLLOWING TOO CLOSELY,SR46W & UNION VALLEY,39.21421656,-86.59150766
901548875,2018,12,5,1600,Weekday,2-Car,No injury/unknown,UNSAFE BACKING,E BETHEL LN,39.214144,-86.48349352
901484968,2018,8,2,1300,Weekday,2-Car,No injury/unknown,FAILURE TO YIELD RIGHT OF WAY,NORTHCLIFF & OLD ST RD 37 RD,39.21414,-86.52234
901318102,2018,3,2,1800,Weekday,1-Car,No injury/unknown,UNSAFE BACKING,DEER PARK DR,39.21392327,-86.58824425
901356043,2018,5,5,1500,Weekday,3+ Cars,Non-incapacitating,FOLLOWING TOO CLOSELY,SR46W & UNIONVALLEY,39.21328558,-86.59020994
901483011,2018,8,5,1700,Weekday,Moped/Motorcycle,Non-incapacitating,DRIVER ASLEEP OR FATIGUED,BETHEL & HINKLE RD,39.212848,-86.505392
901570184,2018,11,7,1700,Weekend,2-Car,No injury/unknown,ROADWAY SURFACE CONDITION,BETHEL LN & N HINKLE,39.21282,-86.50541
901523272,2018,10,6,1500,Weekday,2-Car,No injury/unknown,FOLLOWING TOO CLOSELY,DEER PARK & SR46W,39.21257534,-86.58882993
901331092,2018,4,6,1400,Weekday,2-Car,No injury/unknown,FOLLOWING TOO CLOSELY,DEER PARK & SR46W,39.2123644,-86.58817795
901460582,2018,6,6,2000,Weekend,1-Car,No injury/unknown,RAN OFF ROAD RIGHT,BAUGH & BETHEL LN,39.21233309,-86.49385169
901481883,2018,8,3,1600,Weekday,2-Car,No injury/unknown,DRIVER DISTRACTED - EXPLAIN IN NARRATIVE,DEER PARK & SR46W,39.21215347,-86.58752598
901460958,2018,6,2,1400,Weekday,2-Car,No injury/unknown,FAILURE TO YIELD RIGHT OF WAY,FOREST PARK & SR46W,39.212048,-86.5872
901546737,2018,12,2,1500,Weekday,2-Car,No injury/unknown,FAILURE TO YIELD RIGHT OF WAY,DEER PARK DR & SR46W,39.212048,-86.5872
901262885,2018,1,1,1500,Weekend,2-Car,No injury/unknown,OTHER (ENVIRONMENTAL) - EXPLAIN IN NARR,NORTH CRIDER DR,39.211632,-86.598234
901510172,2018,10,2,1000,Weekday,2-Car,No injury/unknown,UNSAFE BACKING,409 E WOODRIDGE DR & OVERLOOK,39.211504,-86.529696
901464200,2018,7,7,600,Weekend,1-Car,No injury/unknown,ANIMAL/OBJECT IN ROADWAY,ACUFF & SR37S,39.21149408,-86.55403162
901534136,2018,11,3,1700,Weekday,3+ Cars,Non-incapacitating,SPEED TOO FAST FOR WEATHER CONDITIONS,N KINSER PIKE & W CLUB HOUSE,39.21140422,-86.54286
901280123,2018,2,2,1900,Weekday,1-Car,No injury/unknown,ROADWAY SURFACE CONDITION,N SMITH & SR46W,39.21138135,-86.58531691
901259880,2018,1,1,800,Weekend,2-Car,No injury/unknown,UNSAFE BACKING,BROOKWOOD & BROOKWOOD CT,39.211376,-86.598
901565449,2018,12,2,1500,Weekday,2-Car,No injury/unknown,FAILURE TO YIELD RIGHT OF WAY,SMITH & SR46W,39.21047397,-86.5837645
901313943,2018,3,5,900,Weekday,2-Car,Non-incapacitating,UNSAFE SPEED,N SMITH & SR46W,39.210144,-86.5832
901316122,2018,3,6,700,Weekday,2-Car,No injury/unknown,FOLLOWING TOO CLOSELY,SMITH & SR46W,39.210144,-86.5832
901320150,2018,3,6,1800,Weekday,2-Car,No injury/unknown,DISREGARD SIGNAL/REG SIGN,SMITH & SR46W,39.210144,-86.5832
901407717,2018,6,3,1700,Weekday,2-Car,No injury/unknown,OTHER (DRIVER) - EXPLAIN IN NARRATIVE,SMITH & SR46W,39.210144,-86.5832
901461947,2018,7,5,100,Weekday,2-Car,No injury/unknown,FAILURE TO YIELD RIGHT OF WAY,SMITH & SR46W,39.210144,-86.5832
901541954,2018,11,3,1700,Weekday,1-Car,No injury/unknown,RAN OFF ROAD RIGHT,N SMITH PIKE & SR46W,39.210144,-86.5832
901560231,2018,12,7,1500,Weekend,2-Car,No injury/unknown,FAILURE TO YIELD RIGHT OF WAY,N SMITH & SR46W,39.210144,-86.5832
901561378,2018,12,5,1200,Weekday,2-Car,No injury/unknown,FOLLOWING TOO CLOSELY,NORTH SMITH & SR46W,39.210144,-86.5832
901405864,2018,5,1,1400,Weekend,2-Car,No injury/unknown,UNSAFE SPEED,EAST STATE ROAD 45 HWY,39.210026,-86.463301
901522065,2018,10,4,1400,Weekday,2-Car,Non-incapacitating,DRIVER DISTRACTED - EXPLAIN IN NARRATIVE,NORTH SMITH & SR46W,39.20997089,-86.58292591
901319259,2018,3,4,2100,Weekday,2-Car,No injury/unknown,FAILURE TO YIELD RIGHT OF WAY,BETHEL & SR45E,39.209952,-86.463392
901323198,2018,3,2,1700,Weekday,Moped/Motorcycle,No injury/unknown,FAILURE TO YIELD RIGHT OF WAY,BETHEL & SR45E,39.209952,-86.463392
901334567,2018,4,5,1800,Weekday,3+ Cars,No injury/unknown,FAILURE TO YIELD RIGHT OF WAY,BETHEL & SR45E,39.209952,-86.463392
901543655,2018,12,5,1500,Weekday,2-Car,Non-incapacitating,FAILURE TO YIELD RIGHT OF WAY,E BETHEL & SR45W,39.209952,-86.463392
901491794,2018,8,2,1500,Weekday,3+ Cars,No injury/unknown,FAILURE TO YIELD RIGHT OF WAY,SMITH PIKE & SR46W,39.20986935,-86.5832
901483039,2018,8,5,1600,Weekday,2-Car,No injury/unknown,DRIVER DISTRACTED - EXPLAIN IN NARRATIVE,ARLINGTON & SR46W,39.209808,-86.582672
901514859,2018,10,4,1500,Weekday,2-Car,No injury/unknown,IMPROPER PASSING,ARLINGTON & SR46W,39.209808,-86.582672
901542022,2018,11,3,2300,Weekday,2-Car,No injury/unknown,DRIVER DISTRACTED - EXPLAIN IN NARRATIVE,BRISTOL & SHELBURNE DR,39.20970376,-86.57307
901312029,2018,3,3,700,Weekday,2-Car,No injury/unknown,OTHER (DRIVER) - EXPLAIN IN NARRATIVE,W ST RD 46 HWY,39.209658,-86.582275
901338687,2018,4,5,700,Weekday,2-Car,No injury/unknown,UNSAFE BACKING,SR 46 RDS,39.209658,-86.582275
901548912,2018,12,5,1400,Weekday,2-Car,Non-incapacitating,FAILURE TO YIELD RIGHT OF WAY,ACUFF & SR37N,39.20878235,-86.55459194
901334571,2018,4,7,400,Weekend,1-Car,No injury/unknown,RAN OFF ROAD RIGHT,NORTH KINSER PIKE,39.20865995,-86.5474375
901262886,2018,1,1,1900,Weekday,1-Car,No injury/unknown,ANIMAL/OBJECT IN ROADWAY,HARTSTRAIT & WOODYARD RD,39.20859,-86.61155322
901323202,2018,3,3,1500,Weekday,1-Car,No injury/unknown,RAN OFF ROAD RIGHT,HARTSTRAIT & WOODYARD RD,39.20857457,-86.61178747
901288069,2018,2,2,700,Weekday,1-Car,No injury/unknown,ROADWAY SURFACE CONDITION,HARTSTRAIT RD & WOODYARD,39.208544,-86.611504
901288083,2018,2,1,800,Weekend,1-Car,No injury/unknown,ANIMAL/OBJECT IN ROADWAY,3540 N HARTSTRAIT RD & WOODYARD,39.208544,-86.611504
901464666,2018,7,3,2100,Weekday,1-Car,Non-incapacitating,ANIMAL/OBJECT IN ROADWAY,ACUFF & SR37N,39.20851117,-86.55464797
901344122,2018,4,6,1300,Weekday,2-Car,No injury/unknown,FAILURE TO YIELD RIGHT OF WAY,ACUFF RD & SR37N,39.20839016,-86.55361882
901271309,2018,1,5,600,Weekday,2-Car,Incapacitating,DRIVER DISTRACTED - EXPLAIN IN NARRATIVE,ARLINGTON ROAD & SR46W,39.20824,-86.580208
901279727,2018,2,1,1600,Weekend,2-Car,Incapacitating,OTHER (DRIVER) - EXPLAIN IN NARRATIVE,ARLINGTON & SR46W,39.20824,-86.580208
901316750,2018,3,7,1600,Weekend,2-Car,Non-incapacitating,FAILURE TO YIELD RIGHT OF WAY,ACUFF & SR37N,39.20824,-86.554704
901359937,2018,5,5,1300,Weekday,2-Car,No injury/unknown,FAILURE TO YIELD RIGHT OF WAY,ACUFF & SR37N,39.20824,-86.554704
901472282,2018,7,4,1800,Weekday,2-Car,Non-incapacitating,ROADWAY SURFACE CONDITION,ACUFF & N PROW RD,39.20824,-86.552192
901514509,2018,10,4,1600,Weekday,2-Car,No injury/unknown,DRIVER DISTRACTED - EXPLAIN IN NARRATIVE,37 & ACUFF RD,39.20824,-86.554704
901538919,2018,11,4,1900,Weekday,1-Car,No injury/unknown,ANIMAL/OBJECT IN ROADWAY,ACUFF & SR37N,39.20824,-86.554704
901514582,2018,10,4,1800,Weekday,2-Car,No injury/unknown,SPEED TOO FAST FOR WEATHER CONDITIONS,FORREST PARK & SMITH PIKE,39.20822,-86.58315
901418261,2018,6,7,1200,Weekend,2-Car,Non-incapacitating,OTHER (DRIVER) - EXPLAIN IN NARRATIVE,N SMITH PIKE & W FOREST PARK,39.208144,-86.5832
901523424,2018,10,6,2300,Weekend,1-Car,No injury/unknown,ANIMAL/OBJECT IN ROADWAY,ARLINGTON RD & PYRAMID,39.20806914,-86.57889235
901339116,2018,4,6,1300,Weekday,2-Car,No injury/unknown,LEFT OF CENTER,N DUNN & OLD SR 37 RD,39.208048,-86.528704
901340132,2018,4,1,1400,Weekend,1-Car,Non-incapacitating,SPEED TOO FAST FOR WEATHER CONDITIONS,N DUNN & N OLD STATE RD 37 RD,39.208048,-86.528704
901471595,2018,7,3,2200,Weekday,2-Car,No injury/unknown,SPEED TOO FAST FOR WEATHER CONDITIONS,DUNN & NORTH OLD STATE ROAD 37 RD,39.208048,-86.528704
901471601,2018,7,3,2200,Weekday,1-Car,No injury/unknown,SPEED TOO FAST FOR WEATHER CONDITIONS,DUNN & NORTH OLD STATE ROAD 37 RD,39.208048,-86.528704
901508399,2018,10,7,1400,Weekend,2-Car,No injury/unknown,SPEED TOO FAST FOR WEATHER CONDITIONS,DUNN & OLD SR 37 N RD,39.208048,-86.528704
901531987,2018,11,7,1700,Weekend,2-Car,Incapacitating,SPEED TOO FAST FOR WEATHER CONDITIONS,N DUNN & OLD STATE RD 37 RD,39.208048,-86.528704
901533897,2018,11,3,1400,Weekday,1-Car,No injury/unknown,SPEED TOO FAST FOR WEATHER CONDITIONS,N DUNN & N OLD STATE ROAD 37 RD,39.208048,-86.528704
901562612,2018,12,5,400,Weekday,1-Car,No injury/unknown,OTHER (DRIVER) - EXPLAIN IN NARRATIVE,DUNN & OLD SR 37 NORTH HWY,39.208048,-86.528704
901555727,2018,12,2,900,Weekday,1-Car,Non-incapacitating,SPEED TOO FAST FOR WEATHER CONDITIONS,SR37N & STONE MILL,39.20796585,-86.53231144
901489755,2018,8,5,800,Weekday,1-Car,Non-incapacitating,RAN OFF ROAD RIGHT,DUNN & SR37N,39.20775802,-86.52649641
901253590,2018,1,3,2200,Weekday,1-Car,No injury/unknown,ANIMAL/OBJECT IN ROADWAY,45 & SR45E,39.207696,-86.46328
901518420,2018,10,5,1000,Weekday,2-Car,No injury/unknown,FOLLOWING TOO CLOSELY,SR45 & SR45W,39.207696,-86.46328
901288068,2018,2,7,2000,Weekend,1-Car,Non-incapacitating,ANIMAL/OBJECT IN ROADWAY,ARLINGTON RD & N SHELBOURN,39.207648,-86.573792
901308302,2018,3,6,1800,Weekday,2-Car,No injury/unknown,FAILURE TO YIELD RIGHT OF WAY,SR46 & SR46W,39.207648,-86.573792
901319677,2018,3,6,900,Weekday,2-Car,No injury/unknown,FAILURE TO YIELD RIGHT OF WAY,SR46 & SR46W,39.207648,-86.573792
901346321,2018,5,2,1400,Weekday,2-Car,No injury/unknown,FAILURE TO YIELD RIGHT OF WAY,SR46 & SR46W,39.207648,-86.573792
901454749,2018,6,7,1100,Weekend,2-Car,No injury/unknown,DRIVER ASLEEP OR FATIGUED,SR46 & SR46W,39.207648,-86.573792
901500266,2018,9,5,1300,Weekday,1-Car,No injury/unknown,RAN OFF ROAD RIGHT,ST RD 45 46 BYP,39.207648,-86.573792
901500375,2018,9,5,1300,Weekday,3+ Cars,No injury/unknown,FAILURE TO YIELD RIGHT OF WAY,SR46 & SR46W,39.207648,-86.573792
901535029,2018,11,5,700,Weekday,2-Car,No injury/unknown,FAILURE TO YIELD RIGHT OF WAY,SR46 & SR46W,39.207648,-86.573792
901541118,2018,11,2,1100,Weekday,2-Car,No injury/unknown,FAILURE TO YIELD RIGHT OF WAY,NORTH ST RD 46 BYP,39.207648,-86.573792
901556673,2018,12,2,1100,Weekday,2-Car,No injury/unknown,FAILURE TO YIELD RIGHT OF WAY,SR46 & SR46W,39.207648,-86.573792
901559686,2018,12,6,800,Weekday,2-Car,No injury/unknown,OTHER (DRIVER) - EXPLAIN IN NARRATIVE,SR46 & SR46W,39.207648,-86.573792
901402047,2018,5,3,1700,Weekday,Moped/Motorcycle,Non-incapacitating,FAILURE TO YIELD RIGHT OF WAY,ARLINGTON RD & SHELBURNE,39.20764225,-86.5737269
901519469,2018,10,5,800,Weekday,1-Car,No injury/unknown,ANIMAL/OBJECT IN ROADWAY,ACUFF & SR37N,39.20755337,-86.55469905
901348612,2018,5,4,2100,Weekday,Moped/Motorcycle,Non-incapacitating,SPEED TOO FAST FOR WEATHER CONDITIONS,DUNN & SR37N,39.20750031,-86.52707577
901267670,2018,1,3,900,Weekday,1-Car,No injury/unknown,ROADWAY SURFACE CONDITION,ACUFF & MAPLE GROVE RD,39.20725197,-86.55813024
901260675,2018,1,3,1700,Weekday,1-Car,No injury/unknown,DRIVER ASLEEP OR FATIGUED,N BUSINESS 37 RD & N OLD SR 37,39.20713,-86.53484
901340053,2018,4,1,500,Weekend,1-Car,No injury/unknown,RAN OFF ROAD RIGHT,N OLD SR 37 & N WALNUT ST,39.20704,-86.534704
901343075,2018,4,5,1900,Weekday,2-Car,No injury/unknown,FOLLOWING TOO CLOSELY,N OLD SR 37 RD & N WALNUT,39.20704,-86.534704
901467466,2018,7,2,1100,Weekday,2-Car,Non-incapacitating,FAILURE TO YIELD RIGHT OF WAY,N OLD SR 37 & N WALNUT ST,39.20704,-86.534704
901480958,2018,8,7,600,Weekend,2-Car,No injury/unknown,FAILURE TO YIELD RIGHT OF WAY,N OLD SR 37 & N WALNUT ST,39.20704,-86.534704
901483898,2018,8,7,1400,Weekend,2-Car,No injury/unknown,FOLLOWING TOO CLOSELY,N WALNUT ST & OLD SR 37,39.20704,-86.534704
901510566,2018,10,4,1600,Weekday,2-Car,No injury/unknown,FOLLOWING TOO CLOSELY,N WALNUT ST & OLD SR 37 N,39.20704,-86.534704
901538121,2018,11,3,1400,Weekday,2-Car,No injury/unknown,UNSAFE LANE MOVEMENT,N WALNUT ST & OLD SR 37,39.20704,-86.534704
901541315,2018,11,2,400,Weekday,2-Car,No injury/unknown,FOLLOWING TOO CLOSELY,OLD SR 37 & WALNUT ST,39.20704,-86.534704
901535970,2018,11,5,1800,Weekday,Moped/Motorcycle,Non-incapacitating,ANIMAL/OBJECT IN ROADWAY,BRYANTS CREEK & SR37N,39.20649051,-86.51238497
901490715,2018,8,7,1400,Weekend,2-Car,No injury/unknown,UNSAFE BACKING,SR 46 RD,39.206312,-86.571312
901510515,2018,10,4,800,Weekday,1-Car,No injury/unknown,RAN OFF ROAD RIGHT,N RAMBLE E RD,39.20578347,-86.532736
901519328,2018,10,7,100,Weekend,2-Car,No injury/unknown,IMPROPER LANE USAGE,ROSEWOOD DR & TULIPWOOD,39.20545,-86.54582827
901476636,2018,7,6,1700,Weekday,1-Car,No injury/unknown,RAN OFF ROAD RIGHT,S WALNUT ST PIKE,39.20430316,-86.53489182
901254156,2018,1,3,1600,Weekday,1-Car,Non-incapacitating,UNSAFE SPEED,BRUMMETS CREEK RD,39.204137,-86.402155
901468756,2018,7,5,400,Weekday,1-Car,No injury/unknown,RAN OFF ROAD RIGHT,SMITH PIKE,39.203861,-86.583126
901349725,2018,5,5,1400,Weekday,3+ Cars,No injury/unknown,FAILURE TO YIELD RIGHT OF WAY,N KINSER PIKE,39.20304,-86.547392
901491995,2018,8,2,1500,Weekday,1-Car,No injury/unknown,OTHER (DRIVER) - EXPLAIN IN NARRATIVE,N KINSER PIKE,39.20304,-86.547392
901499893,2018,9,4,1400,Weekday,2-Car,No injury/unknown,UNSAFE BACKING,N KINSER PIKE,39.20304,-86.547392
901503435,2018,9,4,2000,Weekday,2-Car,No injury/unknown,OTHER (DRIVER) - EXPLAIN IN NARRATIVE,N KINSER PIKE,39.20304,-86.547392
901544845,2018,12,7,1800,Weekend,1-Car,No injury/unknown,ROADWAY SURFACE CONDITION,SR37N & W WHITEHALL CROSSING,39.2026516,-86.57029132
901522228,2018,10,4,1200,Weekday,2-Car,No injury/unknown,OTHER (DRIVER) - EXPLAIN IN NARRATIVE,LAKEWOOD & RAMBLE W RD,39.202144,-86.531504
901404887,2018,5,7,2200,Weekend,2-Car,No injury/unknown,CELL PHONE USAGE,DUNN & LAKEWOOD DR,39.20202,-86.52896567
901312262,2018,3,5,1700,Weekday,1-Car,No injury/unknown,OVERCORRECTING/OVERSTEERING,LAKEWOOD & N DUNN ST,39.201952,-86.5288
901274844,2018,2,7,1200,Weekend,2-Car,No injury/unknown,DISREGARD SIGNAL/REG SIGN,N NORWAY & SMITH PIKE,39.20188,-86.58312
901471541,2018,7,3,1900,Weekday,1-Car,No injury/unknown,UNSAFE SPEED,N KINSER PIKE,39.20082,-86.542859
901323961,2018,4,2,1500,Weekday,1-Car,Non-incapacitating,UNSAFE BACKING,LAKEWOOD CT,39.200684,-86.529937
901323962,2018,4,2,1500,Weekday,1-Car,No injury/unknown,UNSAFE SPEED,LAKEWOOD CT,39.200684,-86.529937
901534302,2018,11,5,800,Weekday,1-Car,No injury/unknown,ANIMAL/OBJECT IN ROADWAY,RUSSELL & SR45E,39.200352,-86.468
901405621,2018,5,2,1700,Weekday,2-Car,No injury/unknown,FOLLOWING TOO CLOSELY,ARLINGTON RD & MAPLE GROVE,39.19988316,-86.55980697
901445482,2018,6,5,1500,Weekday,2-Car,No injury/unknown,FOLLOWING TOO CLOSELY,ARLINGTON RD & MAPLE GROVE,39.19968,-86.55968
901548275,2018,12,7,2000,Weekend,1-Car,No injury/unknown,ROADWAY SURFACE CONDITION,ARLINGTON ROAD RD & NORTH MAPLE GROVE,39.19968,-86.55968