Master Record Number,Year,Month,Day,Hour,Weekend,Collision Type,Injury Type,Primary Factor,Reported_Location,Latitude,Longitude
901560106,2018,12,2,1800,Weekday,1-Car,No injury/unknown,ROADWAY SURFACE CONDITION,DALLAS & N HARTSTRAIT RD,39.19955081,-86.61208
901544402,2018,12,7,700,Weekend,1-Car,No injury/unknown,ROADWAY SURFACE CONDITION,NELSON & SMITH PIKE,39.199072,-86.583152
901491879,2018,8,2,2000,Weekday,Pedestrian,Non-incapacitating,OTHER (DRIVER) - EXPLAIN IN NARRATIVE,N KINSER PIKE,39.19749971,-86.54191817
901331360,2018,4,7,2100,Weekend,2-Car,No injury/unknown,IMPROPER PASSING,BLUERIDGE & WALNUT ST,39.19691,-86.53452
901357854,2018,5,4,800,Weekday,2-Car,No injury/unknown,FAILURE TO YIELD RIGHT OF WAY,N WALNUT ST & SR 46,39.19690554,-86.53454894
901492939,2018,9,4,1700,Weekday,2-Car,No injury/unknown,FAILURE TO YIELD RIGHT OF WAY,SR37N & SR46E,39.19689046,-86.55462122
901312823,2018,3,7,300,Weekend,1-Car,Non-incapacitating,UNSAFE SPEED,BLUE RIDGE & WALNUT ST,39.196848,-86.5344
901351300,2018,5,6,1800,Weekday,2-Car,No injury/unknown,FOLLOWING TOO CLOSELY,BLUE RIDGE & N WALNUT ST,39.196848,-86.5344
901466587,2018,7,6,1900,Weekend,1-Car,No injury/unknown,ANIMAL/OBJECT IN ROADWAY,BLUE RIDGE & N WALNUT ST,39.196848,-86.5344
901554357,2018,12,5,1300,Weekday,1-Car,Non-incapacitating,RAN OFF ROAD RIGHT,300 N WALNUT ST ST & BLUE RIDGE DR,39.196848,-86.5344
901395503,2018,5,3,200,Weekday,1-Car,Fatal,UNSAFE SPEED,ARLINGTON RD & W STOUTS CREEK,39.19596216,-86.55669061
901476184,2018,7,5,1400,Weekday,2-Car,No injury/unknown,UNSAFE BACKING,N HEADLEY RD,39.19512368,-86.51245541
901560484,2018,12,1,1300,Weekend,2-Car,No injury/unknown,ROADWAY SURFACE CONDITION,3360 E LANAM RD & RUSSELL,39.19504,-86.489488
901517725,2018,10,4,1800,Weekday,2-Car,No injury/unknown,FAILURE TO YIELD RIGHT OF WAY,RED OAK & SR446S,39.19461751,-86.42329198
901520266,2018,10,2,700,Weekday,2-Car,No injury/unknown,ANIMAL/OBJECT IN ROADWAY,SR37N & SR46W,39.19441865,-86.55459492
901331296,2018,4,7,1800,Weekend,1-Car,No injury/unknown,RAN OFF ROAD RIGHT,3301 N KINSER PIKE & BRIARCLIFF,39.194144,-86.540992
901464205,2018,7,2,1600,Weekday,Moped/Motorcycle,Incapacitating,DISREGARD SIGNAL/REG SIGN,SR37S & SR46W,39.194144,-86.554592
901531745,2018,11,7,600,Weekend,1-Car,Non-incapacitating,RAN OFF ROAD RIGHT,SR46 & US37,39.194144,-86.554592
901541106,2018,11,2,800,Weekday,2-Car,No injury/unknown,TIRE FAILURE OR DEFECTIVE,SR3746 & SR46W,39.194144,-86.554592
901511440,2018,10,5,1800,Weekday,2-Car,No injury/unknown,FAILURE TO YIELD RIGHT OF WAY,LOESCH & WOODYARD RD,39.193872,-86.590784
901445400,2018,5,7,900,Weekend,Moped/Motorcycle,No injury/unknown,FOLLOWING TOO CLOSELY,CURRY PIKE & SR46W,39.19377697,-86.57123388
901515761,2018,10,6,1500,Weekday,2-Car,No injury/unknown,DRIVER DISTRACTED - EXPLAIN IN NARRATIVE,N CURRY & SR46W,39.19377697,-86.57123388
901541868,2018,11,3,900,Weekday,2-Car,No injury/unknown,SPEED TOO FAST FOR WEATHER CONDITIONS,CURRY & SR46E,39.19377697,-86.57123388
901533264,2018,11,2,1000,Weekday,2-Car,No injury/unknown,OTHER (DRIVER) - EXPLAIN IN NARRATIVE,LAW & UNION ST,39.19349306,-86.50966
901395512,2018,5,2,100,Weekday,1-Car,No injury/unknown,ANIMAL/OBJECT IN ROADWAY,ELLIS & SR37N,39.19348232,-86.53257501
901292762,2018,2,2,200,Weekday,3+ Cars,No injury/unknown,RAN OFF ROAD RIGHT,LAW & UNION ST,39.19347981,-86.50963241
901514459,2018,10,4,1500,Weekday,2-Car,Non-incapacitating,LEFT OF CENTER,NORTH KINSER PIKE & NORTH SKYLINE,39.193248,-86.539696
901489907,2018,8,5,1400,Weekday,2-Car,No injury/unknown,UNSAFE BACKING,3140 W WHITEHALL CROSSING BLVD & JACOB,39.19301981,-86.572395
901558773,2018,12,4,1500,Weekday,1-Car,Non-incapacitating,RAN OFF ROAD RIGHT,BRUMMETS CREEK RD,39.192694,-86.399199
901420401,2018,6,2,1000,Weekday,2-Car,No injury/unknown,IMPROPER TURNING,MILO SIMON & TAMARACK TRL,39.19268414,-86.52278052
901446099,2018,6,2,1100,Weekday,Bus,No injury/unknown,OTHER (DRIVER) - EXPLAIN IN NARRATIVE,ARLINGTON & PROW RD,39.192352,-86.552592
901519277,2018,10,6,1400,Weekday,2-Car,Non-incapacitating,FOLLOWING TOO CLOSELY,N PROW RD & W ARLINGTON,39.192352,-86.552592
901279717,2018,2,7,0,Weekend,1-Car,No injury/unknown,ANIMAL/OBJECT IN ROADWAY,CURRY PIKE & WOODYARD,39.19204513,-86.58301815
901508375,2018,10,6,2100,Weekend,3+ Cars,Non-incapacitating,DRIVER DISTRACTED - EXPLAIN IN NARRATIVE,N WALNUT ST & SR 46,39.19161539,-86.53454894
901541386,2018,11,2,1900,Weekday,2-Car,No injury/unknown,DRIVER DISTRACTED - EXPLAIN IN NARRATIVE,NORWAY & SMITH PIKE,39.19129549,-86.58312
901504493,2018,9,6,1700,Weekday,2-Car,Non-incapacitating,FAILURE TO YIELD RIGHT OF WAY,FRITZ & N WALNUT ST,39.191248,-86.532896
901274837,2018,2,6,1600,Weekday,2-Car,No injury/unknown,FAILURE TO YIELD RIGHT OF WAY,CURRY PIKE & WOODYARD,39.190672,-86.582992
901480428,2018,8,1,1000,Weekend,2-Car,No injury/unknown,UNSAFE LANE MOVEMENT,CURRY PIKE & W WOODYARD,39.190672,-86.582992
901500261,2018,9,3,1600,Weekday,2-Car,No injury/unknown,UNSAFE LANE MOVEMENT,NORTH CURRY PIKE & WEST WOODYARD,39.190672,-86.582992
901506509,2018,9,3,1700,Weekday,2-Car,No injury/unknown,FAILURE TO YIELD RIGHT OF WAY,CURRY PIKE & WOODYARD,39.190672,-86.582992
901529620,2018,11,3,700,Weekday,1-Car,No injury/unknown,ANIMAL/OBJECT IN ROADWAY,CURRY PIKE & WOODYARD,39.190672,-86.582992
901532730,2018,11,2,600,Weekday,1-Car,Non-incapacitating,ANIMAL/OBJECT IN ROADWAY,CURRY PIKE & WOODYARD ROAD RD,39.190672,-86.582992
901298146,2018,2,2,1500,Weekday,2-Car,No injury/unknown,FAILURE TO YIELD RIGHT OF WAY,SMITH & WOODYARD RD,39.19064,-86.58311
901455353,2018,6,1,1200,Weekend,2-Car,Non-incapacitating,FOLLOWING TOO CLOSELY,SMITH PIKE & WOODYARD,39.19064,-86.58311
901485077,2018,8,2,1800,Weekday,2-Car,Non-incapacitating,FOLLOWING TOO CLOSELY,SMITH PIKE & WOODYARD,39.19064,-86.58311
901334574,2018,4,7,1100,Weekend,2-Car,No injury/unknown,FOLLOWING TOO CLOSELY,SMITH PIKE & WOODYARD,39.19063167,-86.58309109
901329259,2018,4,4,1900,Weekday,2-Car,No injury/unknown,SPEED TOO FAST FOR WEATHER CONDITIONS,KINSER PIKE & SKYLINE,39.190544,-86.537712
901514499,2018,9,4,1900,Weekday,1-Car,No injury/unknown,RAN OFF ROAD RIGHT,N KINSER PIKE & SKYLINE,39.190544,-86.537712
901514556,2018,10,4,2000,Weekday,1-Car,No injury/unknown,ANIMAL/OBJECT IN ROADWAY,2711 N KINSER PIKE & SKYLINE,39.190544,-86.537712
901551485,2018,12,1,1400,Weekend,2-Car,Non-incapacitating,LEFT OF CENTER,CURRY PIKE & WOODYARD,39.19046603,-86.58299575
901516700,2018,10,7,1700,Weekend,Moped/Motorcycle,Fatal,ANIMAL/OBJECT IN ROADWAY,N OLD SR37 RD & W GOURLEY,39.19042258,-86.53467178
901264449,2018,1,5,700,Weekday,2-Car,No injury/unknown,FOLLOWING TOO CLOSELY,GLENDORA & WALNUT ST,39.189968,-86.533232
901543647,2018,12,5,1700,Weekday,1-Car,No injury/unknown,OTHER (DRIVER) - EXPLAIN IN NARRATIVE,N TAMARACK TRL,39.189968,-86.52128
901552812,2018,12,2,1600,Weekday,2-Car,No injury/unknown,UNSAFE BACKING,N TAMARACK TRL,39.189968,-86.52128
901329765,2018,4,4,0,Weekday,2-Car,No injury/unknown,OTHER (DRIVER) - EXPLAIN IN NARRATIVE,7TH & CAMPBELL DR,39.1898611,-86.5139
901279289,2018,2,1,1900,Weekday,Bus,No injury/unknown,FAILURE TO YIELD RIGHT OF WAY,GILBERT & N WALNUT ST,39.189248,-86.53344
901341895,2018,4,3,1000,Weekday,2-Car,No injury/unknown,DRIVER DISTRACTED - EXPLAIN IN NARRATIVE,S LIBERTY DR,39.189248,-86.531472
901539626,2018,11,6,400,Weekday,1-Car,Non-incapacitating,RAN OFF ROAD RIGHT,HOWARD & N STARNES RD,39.189248,-86.660704
901258893,2018,1,7,1400,Weekend,1-Car,No injury/unknown,ROADWAY SURFACE CONDITION,THOMAS & VERNAL PIKE PIKE,39.18904,-86.630096
901274845,2018,2,7,2200,Weekend,1-Car,No injury/unknown,ROADWAY SURFACE CONDITION,N THOMAS RD & W VERNAL,39.18904,-86.630096
901480403,2018,8,1,800,Weekend,1-Car,No injury/unknown,ANIMAL/OBJECT IN ROADWAY,45 BYPASS & WALNUT ST,39.18902285,-86.53349925
901389599,2018,5,7,2200,Weekend,Pedestrian,Non-incapacitating,OTHER (DRIVER) - EXPLAIN IN NARRATIVE,WINSLOW & WINSLOW CT,39.18882359,-86.52393
901476953,2018,7,7,400,Weekend,1-Car,Non-incapacitating,RAN OFF ROAD RIGHT,ARLINGTON RD & OAK,39.18830989,-86.55169286
901271318,2018,2,2,1100,Weekday,1-Car,No injury/unknown,RAN OFF ROAD RIGHT,MOUNT GILEAD RD,39.188256,-86.456464
901331463,2018,4,6,1400,Weekday,3+ Cars,No injury/unknown,FAILURE TO YIELD RIGHT OF WAY,KINSER PIKE & PARRISH,39.188144,-86.5376
901286842,2018,2,6,1200,Weekday,2-Car,Non-incapacitating,OTHER (DRIVER) - EXPLAIN IN NARRATIVE,SR37 & SR45W,39.187344,-86.5552
901305754,2018,3,3,1600,Weekday,2-Car,Non-incapacitating,FAILURE TO YIELD RIGHT OF WAY,SR37S & SR45W,39.187344,-86.5552
901322968,2018,4,1,1300,Weekend,2-Car,Non-incapacitating,FOLLOWING TOO CLOSELY,SR37 & SR45,39.187344,-86.5552
901349506,2018,5,4,800,Weekday,2-Car,No injury/unknown,DISREGARD SIGNAL/REG SIGN,SR37 & SR45E,39.187344,-86.5552
901362780,2018,5,6,1600,Weekday,2-Car,No injury/unknown,FAILURE TO YIELD RIGHT OF WAY,SR37N & SR45W,39.187344,-86.5552
901473311,2018,7,6,1700,Weekday,2-Car,Non-incapacitating,FOLLOWING TOO CLOSELY,SR37 & SR45W,39.187344,-86.5552
901507560,2018,9,5,1800,Weekday,2-Car,No injury/unknown,FOLLOWING TOO CLOSELY,37 & SR45W,39.187344,-86.5552
901541107,2018,11,2,1000,Weekday,2-Car,No injury/unknown,IMPROPER TURNING,HOWARD RD & LOUDEN,39.187331,-86.63907087
901515821,2018,10,7,1500,Weekend,3+ Cars,No injury/unknown,FOLLOWING TOO CLOSELY,GLENDORA & WALNUT ST,39.18730139,-86.53407135
901464985,2018,7,4,1200,Weekday,2-Car,No injury/unknown,BRAKE FAILURE OR DEFECTIVE,SR 45 WEST HWY & SR37,39.18723683,-86.55523108
901254839,2018,1,5,1200,Weekday,1-Car,Non-incapacitating,SPEED TOO FAST FOR WEATHER CONDITIONS,SR37 & SR46E,39.18717217,-86.55524025
901273161,2018,2,6,1900,Weekend,2-Car,No injury/unknown,SPEED TOO FAST FOR WEATHER CONDITIONS,SR46W & STATE RD 37,39.18717217,-86.55525124
901316747,2018,3,6,800,Weekday,2-Car,Non-incapacitating,GLARE,SR46W & STATE ROAD 37,39.18717217,-86.55525124
901343260,2018,4,5,1600,Weekday,Moped/Motorcycle,Incapacitating,FAILURE TO YIELD RIGHT OF WAY,SR46W & STATE ROAD 37,39.18717217,-86.55525124
901402046,2018,5,6,1100,Weekday,2-Car,Non-incapacitating,DISREGARD SIGNAL/REG SIGN,SR46W & STATE ROAD 37,39.18717217,-86.55525124
901479088,2018,8,4,1100,Weekday,3+ Cars,Non-incapacitating,DISREGARD SIGNAL/REG SIGN,SR46E & STATE ROAD 37,39.18717217,-86.55525124
901558062,2018,12,3,0,Weekday,1-Car,No injury/unknown,RAN OFF ROAD RIGHT,SR46W & STATE RD 37,39.18717217,-86.55516468
901503856,2018,9,5,1400,Weekday,2-Car,No injury/unknown,OTHER (DRIVER) - EXPLAIN IN NARRATIVE,KINSER PIKE,39.187154,-86.537762
901331318,2018,4,7,2100,Weekend,2-Car,Non-incapacitating,FOLLOWING TOO CLOSELY,SR37 & SR45E,39.18714624,-86.55501366
901404183,2018,5,6,1100,Weekday,2-Car,No injury/unknown,FAILURE TO YIELD RIGHT OF WAY,N KINSER PIKE,39.187136,-86.537856
901506436,2018,9,2,1600,Weekday,2-Car,No injury/unknown,OTHER (DRIVER) - EXPLAIN IN NARRATIVE,ARLINGTON RD & W SR46,39.1870868,-86.55138535
901547559,2018,12,3,1700,Weekday,2-Car,No injury/unknown,FOLLOWING TOO CLOSELY,ARLINGTON RD & SR46W,39.1870868,-86.55138535
901560104,2018,12,2,1700,Weekday,2-Car,No injury/unknown,FOLLOWING TOO CLOSELY,ARLINGTON RD & SR46,39.1870868,-86.55138535
901470967,2018,7,2,1600,Weekday,3+ Cars,Non-incapacitating,FOLLOWING TOO CLOSELY,MONROE & SR46E,39.186944,-86.5468
901500627,2018,9,6,800,Weekday,2-Car,No injury/unknown,DRIVER DISTRACTED - EXPLAIN IN NARRATIVE,MONROE & SR4546W,39.186944,-86.5468
901529957,2018,11,4,700,Weekday,2-Car,Non-incapacitating,FAILURE TO YIELD RIGHT OF WAY,MONROE & SR46W,39.186944,-86.5468
901512205,2018,10,7,1400,Weekend,2-Car,Non-incapacitating,FOLLOWING TOO CLOSELY,MONORE & SR46E,39.18693279,-86.54644761
901555411,2018,12,6,1600,Weekday,2-Car,Non-incapacitating,FOLLOWING TOO CLOSELY,MONROE & SR45W,39.18693279,-86.54644761
901287544,2018,2,7,400,Weekend,1-Car,Non-incapacitating,RAN OFF ROAD RIGHT,45 46 & STONELAKE,39.18689677,-86.54594779
901458072,2018,6,5,400,Weekday,1-Car,Non-incapacitating,RAN OFF ROAD RIGHT,MONROE OWEN COUNTY LINE & SR46W,39.18677635,-86.54327784
901542290,2018,12,4,600,Weekday,1-Car,No injury/unknown,ROADWAY SURFACE CONDITION,HARTSTRAIT RD & VERNAL,39.186752,-86.611504
901279577,2018,2,2,700,Weekday,2-Car,No injury/unknown,OTHER (ENVIRONMENTAL) - EXPLAIN IN NARR,KINSER & SR46E,39.18663826,-86.54000207
901273716,2018,2,7,1900,Weekend,1-Car,No injury/unknown,ROADWAY SURFACE CONDITION,N KINSER & SR45W,39.18662255,-86.53964972
901555483,2018,12,6,1600,Weekday,2-Car,Non-incapacitating,FOLLOWING TOO CLOSELY,N KINSER & SR46E,39.18660685,-86.53929738
901257971,2018,1,5,900,Weekday,2-Car,Non-incapacitating,SPEED TOO FAST FOR WEATHER CONDITIONS,KINSER PIKE & SR46E,39.18659114,-86.53894503
901273717,2018,2,7,1900,Weekend,1-Car,No injury/unknown,ROADWAY SURFACE CONDITION,N KINSER & SR46W,39.18659114,-86.53894503
901266961,2018,1,3,600,Weekday,1-Car,No injury/unknown,SPEED TOO FAST FOR WEATHER CONDITIONS,KINSER & SR46E,39.18658328,-86.53876886
901275433,2018,2,3,0,Weekday,1-Car,No injury/unknown,SPEED TOO FAST FOR WEATHER CONDITIONS,KINSER & SR46S,39.18657543,-86.53859269
901472459,2018,7,5,700,Weekday,2-Car,Non-incapacitating,OTHER (DRIVER) - EXPLAIN IN NARRATIVE,KINSER & SR46E,39.18657543,-86.53859269
901337579,2018,4,4,1600,Weekday,2-Car,No injury/unknown,IMPROPER LANE USAGE,KINSER & SR45W,39.186544,-86.537888
901380959,2018,5,5,900,Weekday,2-Car,No injury/unknown,FAILURE TO YIELD RIGHT OF WAY,KINSER PIKE & SR46W,39.186544,-86.537888
901467551,2018,7,2,1400,Weekday,3+ Cars,Non-incapacitating,FAILURE TO YIELD RIGHT OF WAY,KINSER & STATE ROAD 45 46 BYP,39.186544,-86.537888
901474496,2018,7,2,1500,Weekday,2-Car,Non-incapacitating,FAILURE TO YIELD RIGHT OF WAY,N KINSER & SR46,39.186544,-86.537888
901496416,2018,9,4,1600,Weekday,2-Car,No injury/unknown,FOLLOWING TOO CLOSELY,N KINSER PIKE & SR46,39.186544,-86.537888
901508371,2018,10,7,1200,Weekend,3+ Cars,No injury/unknown,FOLLOWING TOO CLOSELY,KINSER & SR46E,39.186544,-86.537888
901512325,2018,10,1,100,Weekend,2-Car,No injury/unknown,DISREGARD SIGNAL/REG SIGN,NORTH KINSER & SR4546E,39.186544,-86.537888
901514857,2018,10,1,2200,Weekday,Moped/Motorcycle,Non-incapacitating,HOLES/RUTS IN SURFACE,KINSER & SR46E,39.186544,-86.537888
901533911,2018,11,3,1500,Weekday,Bus,No injury/unknown,IMPROPER PASSING,E 46 & N KINSER PIKE,39.186544,-86.537888
901546578,2018,12,2,800,Weekday,2-Car,No injury/unknown,DRIVER DISTRACTED - EXPLAIN IN NARRATIVE,KINSER & SR45 46 BYP,39.186544,-86.537888
901552147,2018,12,2,1900,Weekday,2-Car,Non-incapacitating,FAILURE TO YIELD RIGHT OF WAY,N KINSER & SR4546W,39.186544,-86.537888
901562557,2018,12,5,600,Weekday,3+ Cars,Non-incapacitating,DISREGARD SIGNAL/REG SIGN,KINSER & SR46W,39.186544,-86.537888
901463381,2018,7,1,300,Weekend,1-Car,No injury/unknown,,GOURLEY PIKE & MONROE,39.18646208,-86.54611039
901471842,2018,7,4,1100,Weekday,2-Car,Non-incapacitating,OTHER (DRIVER) - EXPLAIN IN NARRATIVE,KINSER & SR46E,39.18643792,-86.53612866
901532270,2018,11,1,1500,Weekend,2-Car,Non-incapacitating,FOLLOWING TOO CLOSELY,N KINSER & SR46E,39.18643792,-86.53612866
901251974,2018,1,1,1900,Weekday,2-Car,No injury/unknown,UNSAFE BACKING,N WALNUT ST & STATE ROAD 45 46,39.186368,-86.5344
901258198,2018,1,1,1000,Weekend,2-Car,No injury/unknown,FOLLOWING TOO CLOSELY,SR45E & WALNUT,39.186368,-86.5344
901272626,2018,2,5,1900,Weekday,2-Car,Non-incapacitating,FAILURE TO YIELD RIGHT OF WAY,SR4546E & WALNUT ST,39.186368,-86.5344
901287384,2018,2,6,1800,Weekday,2-Car,No injury/unknown,LEFT OF CENTER,N WALNUT ST & SR 45 46,39.186368,-86.5344
901330155,2018,4,4,1600,Weekday,2-Car,No injury/unknown,FOLLOWING TOO CLOSELY,N WALNUT ST & STATE ROAD 45 46,39.186368,-86.5344
901330994,2018,4,6,1200,Weekday,2-Car,No injury/unknown,FOLLOWING TOO CLOSELY,N WALNUT & SR46E,39.186368,-86.5344
901340161,2018,4,1,1700,Weekend,2-Car,No injury/unknown,FOLLOWING TOO CLOSELY,N WALNUT ST & STATE ROAD 45 46,39.186368,-86.5344
901347640,2018,5,4,1000,Weekday,2-Car,Non-incapacitating,DISREGARD SIGNAL/REG SIGN,N WALNUT & SR46E,39.186368,-86.5344
901459986,2018,6,2,0,Weekday,2-Car,Non-incapacitating,SPEED TOO FAST FOR WEATHER CONDITIONS,SR46 & WALNUT ST,39.186368,-86.5344
901471812,2018,7,4,1000,Weekday,2-Car,No injury/unknown,DISREGARD SIGNAL/REG SIGN,SR46E & WALNUT,39.186368,-86.5344
901504489,2018,9,6,1500,Weekday,2-Car,Non-incapacitating,FOLLOWING TOO CLOSELY,N WALNUT ST & STATE ROAD 45 46,39.186368,-86.5344
901525477,2018,11,4,100,Weekday,1-Car,No injury/unknown,RAN OFF ROAD RIGHT,STATE ROAD 45 46 BYPASS & WALNUT ST,39.186368,-86.5344
901526415,2018,10,2,2000,Weekday,3+ Cars,No injury/unknown,FOLLOWING TOO CLOSELY,4546 BYPASS & N WALNUT ST,39.186368,-86.5344
901532405,2018,11,1,1800,Weekend,2-Car,No injury/unknown,IMPROPER LANE USAGE,SR46E & WALNUT,39.186368,-86.5344
901552637,2018,12,3,1300,Weekday,2-Car,No injury/unknown,UNSAFE LANE MOVEMENT,NORTH WALNUT & SR46,39.186368,-86.5344
901530422,2018,11,4,1400,Weekday,2-Car,No injury/unknown,FAILURE TO YIELD RIGHT OF WAY,SR45N & WALNUT,39.18636612,-86.53408238
901490499,2018,8,6,1500,Weekday,2-Car,No injury/unknown,FAILURE TO YIELD RIGHT OF WAY,W 46 HWY & WALNUT,39.18636487,-86.53387063
901443239,2018,6,1,1200,Weekend,2-Car,No injury/unknown,FAILURE TO YIELD RIGHT OF WAY,SR46W & WALNUT,39.18636383,-86.53369418
901463391,2018,7,1,900,Weekend,2-Car,Non-incapacitating,FOLLOWING TOO CLOSELY,N WALNUT & SR46E,39.18636174,-86.53334127
901322483,2018,4,6,700,Weekday,2-Car,No injury/unknown,DRIVER ILLNESS,SR45E & WALNUT,39.18635873,-86.53457606
901532381,2018,11,1,1600,Weekend,2-Car,Non-incapacitating,FOLLOWING TOO CLOSELY,E 45 46 & N DUNN,39.18635624,-86.52943611
901503425,2018,9,4,1800,Weekday,2-Car,No injury/unknown,UNSAFE BACKING,S SR 46 ST,39.186354,-86.535259
901532466,2018,11,1,1800,Weekend,Pedestrian,Incapacitating,PEDESTRIAN ACTION,N DUNN & SR46E,39.18635204,-86.52496679
901459117,2018,6,6,900,Weekday,2-Car,Non-incapacitating,DRIVER DISTRACTED - EXPLAIN IN NARRATIVE,DUNN & SR46E,39.18635203,-86.52673139
901494457,2018,9,7,2000,Weekend,2-Car,Non-incapacitating,LEFT OF CENTER,N DUNN & SR45W,39.18635203,-86.52673139
901555877,2018,12,7,2100,Weekend,1-Car,No injury/unknown,ANIMAL/OBJECT IN ROADWAY,DUNN & SR45W,39.18635202,-86.52779016
901258006,2018,1,7,1000,Weekend,2-Car,No injury/unknown,DRIVER DISTRACTED - EXPLAIN IN NARRATIVE,FRITZ & SR45E,39.186352,-86.52943908
901546129,2018,12,2,1000,Weekday,3+ Cars,Non-incapacitating,DRIVER DISTRACTED - EXPLAIN IN NARRATIVE,DUNN & SR46E,39.186352,-86.52955476
901263063,2018,1,7,2200,Weekend,2-Car,No injury/unknown,IMPROPER LANE USAGE,DUNN & SR45W,39.186352,-86.528496
901269605,2018,1,6,1900,Weekend,2-Car,No injury/unknown,FAILURE TO YIELD RIGHT OF WAY,MARTHA & SR4546E,39.186352,-86.531696
901272403,2018,1,1,1200,Weekend,2-Car,No injury/unknown,DISREGARD SIGNAL/REG SIGN,DUNN & SR46E,39.186352,-86.528496
901300105,2018,2,5,2300,Weekday,3+ Cars,Non-incapacitating,CELL PHONE USAGE,N DUNN ST & SR46E,39.186352,-86.528496
901308436,2018,3,7,1600,Weekend,2-Car,No injury/unknown,DISREGARD SIGNAL/REG SIGN,N DUNN & SR45E,39.186352,-86.528496
901322324,2018,4,5,2000,Weekday,2-Car,No injury/unknown,FOLLOWING TOO CLOSELY,DUNN & SR4546W,39.186352,-86.528496
901322698,2018,4,6,1200,Weekday,2-Car,No injury/unknown,FOLLOWING TOO CLOSELY,FRITZ & SR46W,39.186352,-86.529792
901339226,2018,4,6,2000,Weekend,3+ Cars,Non-incapacitating,FOLLOWING TOO CLOSELY,MARTHA & STATE RD 45 46 BYP,39.186352,-86.531696
901356179,2018,5,3,700,Weekday,2-Car,No injury/unknown,OTHER (DRIVER) - EXPLAIN IN NARRATIVE,N DUNN & SR4546E,39.186352,-86.528496
901454832,2018,6,7,1400,Weekend,2-Car,Non-incapacitating,FOLLOWING TOO CLOSELY,N DUNN & SR45E,39.186352,-86.528496
901483655,2018,8,6,1700,Weekday,3+ Cars,Non-incapacitating,FOLLOWING TOO CLOSELY,DUNN & US45 46,39.186352,-86.528496
901485028,2018,8,2,1500,Weekday,2-Car,No injury/unknown,FOLLOWING TOO CLOSELY,DUNN & SR46W,39.186352,-86.528496
901488867,2018,8,3,1300,Weekday,2-Car,No injury/unknown,OTHER (DRIVER) - EXPLAIN IN NARRATIVE,MARTHA & SR46W,39.186352,-86.531696
901506923,2018,9,4,1500,Weekday,3+ Cars,No injury/unknown,FOLLOWING TOO CLOSELY,N DUNN & SR45E,39.186352,-86.528496
901510045,2018,10,3,1300,Weekday,1-Car,No injury/unknown,BRAKE FAILURE OR DEFECTIVE,N COLLEGE & SR46E,39.186352,-86.534704
901519849,2018,10,1,1600,Weekend,2-Car,No injury/unknown,FAILURE TO YIELD RIGHT OF WAY,N DUNN & SR46E,39.186352,-86.528496
901525788,2018,11,4,800,Weekday,1-Car,No injury/unknown,GLARE,COLLEGE AVE & OLD STATE RD 37,39.186352,-86.534704
901528024,2018,11,1,1000,Weekend,2-Car,No injury/unknown,FOLLOWING TOO CLOSELY,COLLEGE & SR4546W,39.186352,-86.534704
901532238,2018,11,1,1300,Weekend,2-Car,Non-incapacitating,FOLLOWING TOO CLOSELY,FRITZ & SR4546E,39.186352,-86.529792
901532243,2018,11,1,1300,Weekend,2-Car,Non-incapacitating,FOLLOWING TOO CLOSELY,FRITZ & SR4546E,39.186352,-86.529792
901463955,2018,7,2,2000,Weekday,2-Car,Non-incapacitating,FOLLOWING TOO CLOSELY,SR 45 46 & WALNUT ST,39.18632523,-86.53454894
901464459,2018,7,3,1300,Weekday,2-Car,Non-incapacitating,DISREGARD SIGNAL/REG SIGN,N WALNUT & SR46E,39.18632523,-86.53454894
901498784,2018,9,2,1800,Weekday,2-Car,Non-incapacitating,FAILURE TO YIELD RIGHT OF WAY,N WALNUT ST & SR 46,39.18632523,-86.53454894
901539287,2018,11,5,1700,Weekday,2-Car,No injury/unknown,FAILURE TO YIELD RIGHT OF WAY,N WALNUT & SR46E,39.18632523,-86.53454894
901550699,2018,12,1,2200,Weekday,2-Car,No injury/unknown,IMPROPER PASSING,SR46 & WALNUT ST,39.18632523,-86.53454894
901308024,2018,3,6,1000,Weekday,1-Car,Non-incapacitating,RAN OFF ROAD RIGHT,E MATLOCK RD,39.186325,-86.532807
901263087,2018,1,5,1000,Weekday,2-Car,Non-incapacitating,DRIVER DISTRACTED - EXPLAIN IN NARRATIVE,MILO B SAMPSON & SR45N,39.18624327,-86.52216216
901321295,2018,3,3,1900,Weekday,2-Car,Non-incapacitating,FOLLOWING TOO CLOSELY,MILO B SAMPSON & SR45E,39.18624327,-86.52217946
901503989,2018,9,6,200,Weekday,1-Car,No injury/unknown,ANIMAL/OBJECT IN ROADWAY,MILO B SAMPSON & SR46W,39.18624327,-86.52217514
901271536,2018,2,3,1200,Weekday,3+ Cars,No injury/unknown,UNSAFE BACKING,WEST HOOSIER AVE,39.186048,-86.550976
901532701,2018,11,2,700,Weekday,2-Car,Non-incapacitating,LEFT OF CENTER,ARLINGTON RD & HICKORY,39.186048,-86.550976
901251972,2018,1,7,1400,Weekend,2-Car,No injury/unknown,FOLLOWING TOO CLOSELY,4546 BYP & FEE,39.186032,-86.51984