Master Record Number,Year,Month,Day,Hour,Weekend,Collision Type,Injury Type,Primary Factor,Reported_Location,Latitude,Longitude
901393305,2018,5,2,1300,Weekday,2-Car,No injury/unknown,OTHER (DRIVER) - EXPLAIN IN NARRATIVE,FEE & SR46W,39.186032,-86.51984
901545229,2018,9,2,1400,Weekday,2-Car,No injury/unknown,OTHER (DRIVER) - EXPLAIN IN NARRATIVE,NORTH STATE ROAD 37 HWY & NORTH STATE ROAD BUSINESS 37,39.18595815,-86.53484
901323941,2018,4,2,1600,Weekday,2-Car,No injury/unknown,FOLLOWING TOO CLOSELY,FEE & SR46E,39.18593682,-86.51914577
901324593,2018,4,3,1600,Weekday,2-Car,No injury/unknown,UNSAFE BACKING,N KINSER PIKE,39.18589867,-86.53787333
901310231,2018,3,2,1300,Weekday,1-Car,No injury/unknown,OTHER (VEHICLE) - EXPLAIN IN NARRATIVE,N KINSER PIKE,39.18584,-86.537872
901340266,2018,4,1,2200,Weekday,Bus,No injury/unknown,IMPROPER TURNING,N KINSER PIKE,39.18584,-86.537872
901526774,2018,11,5,1600,Weekday,2-Car,No injury/unknown,UNSAFE BACKING,N STATE RD 45 46 BYP,39.18566953,-86.51800622
901336579,2018,4,4,2000,Weekday,2-Car,Non-incapacitating,FAILURE TO YIELD RIGHT OF WAY,GOURLEY & N KINSER PIKE,39.185392,-86.537856
901494918,2018,9,2,1500,Weekday,2-Car,No injury/unknown,LEFT OF CENTER,703 W GOURLEY PIKE & KINSER,39.185392,-86.537856
901508368,2018,10,7,1100,Weekend,2-Car,Non-incapacitating,FAILURE TO YIELD RIGHT OF WAY,GOURLEY & KINSER PIKE,39.185392,-86.537856
901508508,2018,10,7,2000,Weekend,2-Car,No injury/unknown,FAILURE TO YIELD RIGHT OF WAY,GOURLEY & N KINSER PIKE,39.185392,-86.537856
901312280,2018,3,5,1700,Weekday,2-Car,No injury/unknown,UNSAFE BACKING,W GOURLEY PIKE,39.185232,-86.54060206
901343626,2018,4,6,1600,Weekday,2-Car,No injury/unknown,UNSAFE BACKING,W GOURLEY PIKE,39.185232,-86.54060206
901514502,2018,10,4,1900,Weekday,2-Car,No injury/unknown,SPEED TOO FAST FOR WEATHER CONDITIONS,CASCADE & GOURLEY PIKE,39.1852,-86.541952
901544558,2018,12,7,0,Weekend,2-Car,No injury/unknown,OTHER (DRIVER) - EXPLAIN IN NARRATIVE,N COLLEGE AVE,39.185152,-86.535296
901526254,2018,11,4,2300,Weekday,2-Car,No injury/unknown,OTHER (DRIVER) - EXPLAIN IN NARRATIVE,GOURLEY PIKE,39.18508,-86.540075
901550435,2018,12,1,1400,Weekend,1-Car,No injury/unknown,UNSAFE SPEED,E GOURLEY & N KINSER PIKE,39.18506,-86.53778
901262684,2018,1,2,1300,Weekday,2-Car,No injury/unknown,UNSAFE BACKING,WEST GOURLEY PIKE,39.18503091,-86.54002675
901252655,2018,1,2,900,Weekday,1-Car,Non-incapacitating,RAN OFF ROAD RIGHT,SR37S & SR45S,39.18466483,-86.55597698
901341651,2018,4,2,2000,Weekday,2-Car,No injury/unknown,LEFT OF CENTER,W HOOSIER COURT AVE,39.18454,-86.538343
901491918,2018,8,3,0,Weekday,1-Car,Non-incapacitating,RAN OFF ROAD RIGHT,HOOSIER COURT & NORTH KINSER PIKE,39.18453,-86.53777
901504810,2018,9,1,200,Weekend,Pedestrian,No injury/unknown,OTHER (DRIVER) - EXPLAIN IN NARRATIVE,W HOOSIER COURT AVE,39.1845,-86.539055
901529301,2018,11,3,500,Weekday,2-Car,No injury/unknown,OTHER (DRIVER) - EXPLAIN IN NARRATIVE,N WALNUT ST,39.1841412,-86.5344552
901529873,2018,11,4,200,Weekday,1-Car,No injury/unknown,BRAKE FAILURE OR DEFECTIVE,NORTH WALNUT ST,39.1841412,-86.5344552
901262173,2018,1,1,400,Weekend,1-Car,No injury/unknown,RAN OFF ROAD RIGHT,ARLINGTON RD & GOURLEY,39.18391089,-86.55017804
901515432,2018,10,6,900,Weekday,2-Car,No injury/unknown,DISREGARD SIGNAL/REG SIGN,FEE & JORDAN AVE,39.18384,-86.5192
901278367,2018,2,7,1300,Weekend,2-Car,No injury/unknown,SPEED TOO FAST FOR WEATHER CONDITIONS,FISHERS & JORDAN AVE,39.18377,-86.5168773
901507568,2018,9,5,1800,Weekday,Pedestrian,Incapacitating,PEDESTRIAN ACTION,FISHER & N JORDAN AVE,39.18377,-86.51686
901340107,2018,4,1,1300,Weekend,2-Car,No injury/unknown,UNSAFE BACKING,NORTH JORDAN AVE,39.183756,-86.518438
901357915,2018,5,4,800,Weekday,2-Car,Non-incapacitating,FAILURE TO YIELD RIGHT OF WAY,MILLER & S WALNUT ST,39.183696,-86.534304
901543646,2018,12,5,1400,Weekday,2-Car,No injury/unknown,,E VARSITY LN,39.183664,-86.530416
901339927,2018,4,6,2000,Weekend,2-Car,No injury/unknown,UNSAFE BACKING,E VARSITY LN,39.183662,-86.530469
901538793,2018,11,3,1400,Weekday,2-Car,No injury/unknown,UNSAFE BACKING,S WALNUT ST,39.18350109,-86.53424
901338919,2018,4,6,1300,Weekday,2-Car,No injury/unknown,UNSAFE BACKING,AMARYLLIS DR,39.18341216,-86.53878365
901483474,2018,8,6,200,Weekday,2-Car,No injury/unknown,OTHER (VEHICLE) - EXPLAIN IN NARRATIVE,AMARYLLIS DR,39.18341,-86.539163
901490518,2018,8,6,1400,Weekday,2-Car,No injury/unknown,UNSAFE BACKING,W AMARYLLIS DR,39.18341,-86.538878
901519652,2018,10,1,0,Weekend,2-Car,No injury/unknown,IMPROPER TURNING,EAST VARSITY LN,39.183389,-86.53112
901318155,2018,3,4,100,Weekday,1-Car,Non-incapacitating,LEFT OF CENTER,OLL SR 37 RD & WALNUT,39.18336,-86.53419327
901405049,2018,5,1,1000,Weekend,2-Car,Non-incapacitating,DISREGARD SIGNAL/REG SIGN,OLD 37 & WALNUT ST,39.18336,-86.53415
901557788,2018,12,2,2000,Weekday,2-Car,Non-incapacitating,FAILURE TO YIELD RIGHT OF WAY,N OLD 37 STATE & N WALNUT ST,39.18336,-86.53415
901465113,2018,7,4,1200,Weekday,2-Car,No injury/unknown,OTHER (DRIVER) - EXPLAIN IN NARRATIVE,NORTH WALNUT ST,39.183325,-86.534144
901284195,2018,2,6,1700,Weekday,2-Car,Non-incapacitating,FOLLOWING TOO CLOSELY,BALFOUR & SR45 46E,39.18332088,-86.51173353
901284078,2018,2,6,1700,Weekday,2-Car,Non-incapacitating,FOLLOWING TOO CLOSELY,BALFOUR & SR46,39.18330425,-86.51171744
901493690,2018,9,6,0,Weekday,1-Car,Non-incapacitating,RAN OFF ROAD RIGHT,MOUNT GILEAD & SR45E,39.18325344,-86.47083133
901300042,2018,2,5,2300,Weekday,Pedestrian,Non-incapacitating,PEDESTRIAN ACTION,DUNN AVE & VARSITY,39.18325061,-86.52842251
901555530,2018,12,6,2100,Weekend,3+ Cars,Non-incapacitating,FOLLOWING TOO CLOSELY,BALFOUR & SR45E,39.18323799,-86.51177094
901535760,2018,11,6,800,Weekday,2-Car,No injury/unknown,FAILURE TO YIELD RIGHT OF WAY,VARSITY LANE LN,39.1832,-86.531219
901553332,2018,12,4,800,Weekday,1-Car,No injury/unknown,ROADWAY SURFACE CONDITION,BROOKDALE DR,39.18311,-86.537759
901320710,2018,3,1,700,Weekend,2-Car,No injury/unknown,OTHER (VEHICLE) - EXPLAIN IN NARRATIVE,NORTH WILLIS DR,39.183091,-86.544049
901488920,2018,8,2,2200,Weekday,2-Car,No injury/unknown,UNSAFE BACKING,VARSITY LN,39.182976,-86.528416
901316394,2018,3,7,2100,Weekend,2-Car,No injury/unknown,UNSAFE BACKING,VARSITY LN,39.18293877,-86.52903226
901273920,2018,2,1,1400,Weekend,2-Car,No injury/unknown,OTHER (DRIVER) - EXPLAIN IN NARRATIVE,EAST VARSITY LN,39.18293354,-86.52915251
901523990,2018,10,1,200,Weekend,2-Car,No injury/unknown,FAILURE TO YIELD RIGHT OF WAY,NORTH COLLEGE AVE,39.182925,-86.534639
901276275,2018,2,3,1800,Weekday,2-Car,No injury/unknown,ROADWAY SURFACE CONDITION,DUNN & VARSITY LN,39.18291965,-86.52947214
901329725,2018,4,3,2100,Weekday,2-Car,No injury/unknown,UNSAFE BACKING,NORTHLANE DR,39.182649,-86.53777
901395502,2018,5,2,2200,Weekday,1-Car,No injury/unknown,SPEED TOO FAST FOR WEATHER CONDITIONS,MOUNT GILEAD & SR45E,39.18257879,-86.47143913
901284075,2018,2,4,2000,Weekday,2-Car,Non-incapacitating,FAILURE TO YIELD RIGHT OF WAY,N FEE LN,39.18242962,-86.51914028
901308523,2018,3,1,100,Weekend,2-Car,No injury/unknown,FOLLOWING TOO CLOSELY,BALFOUR & NORTH JORDAN AVE,39.18237738,-86.51263769
901338632,2018,4,6,2200,Weekend,2-Car,No injury/unknown,SPEED TOO FAST FOR WEATHER CONDITIONS,BALFOUR & N JORDAN AVE,39.18237738,-86.51262039
901548009,2018,12,4,900,Weekday,3+ Cars,Non-incapacitating,FAILURE TO YIELD RIGHT OF WAY,1415 N JORDAN AVE & BALFOUR,39.18237738,-86.51264201
901490528,2018,8,6,1900,Weekend,2-Car,No injury/unknown,IMPROPER LANE USAGE,2ND & JORDAN AVE,39.18218696,-86.51639
901488404,2018,8,2,1700,Weekday,2-Car,No injury/unknown,UNSAFE BACKING,E 10TH WELLS LIBRARY LOT ST,39.18218533,-86.518314
901352122,2018,5,7,1100,Weekend,2-Car,No injury/unknown,UNSAFE BACKING,N FEE LN,39.18217024,-86.51912929
901491076,2018,8,1,100,Weekend,2-Car,No injury/unknown,,10TH ST & SUNRISE,39.18215633,-86.51248
901329724,2018,4,3,2000,Weekday,2-Car,No injury/unknown,,N WALNUT ST,39.18203331,-86.53375804
901306256,2018,2,1,1900,Weekday,1-Car,No injury/unknown,ANIMAL/OBJECT IN ROADWAY,SR37N & VERNAL,39.18193019,-86.55702423
901512871,2018,10,2,200,Weekday,2-Car,No injury/unknown,,LONGFELLOW & W RIDGE RD,39.181888,-86.542016
901285675,2018,2,5,2000,Weekday,2-Car,No injury/unknown,SPEED TOO FAST FOR WEATHER CONDITIONS,E 20TH & N DUNN ST,39.18184,-86.5284
901532404,2018,11,1,1600,Weekend,2-Car,No injury/unknown,UNSAFE BACKING,230 E 20TH ST & N LINCOLN,39.181744,-86.530192
901359885,2018,5,5,1100,Weekday,2-Car,No injury/unknown,UNSAFE BACKING,FEE & NORTH FOSTER DR,39.18173882,-86.51886
901312805,2018,3,7,300,Weekend,2-Car,No injury/unknown,UNSAFE SPEED,19TH & N WALNUT ST,39.181552,-86.5336
901504884,2018,9,1,1200,Weekend,2-Car,No injury/unknown,FAILURE TO YIELD RIGHT OF WAY,E 19TH & N WALNUT ST,39.181552,-86.5336
901499840,2018,9,4,1800,Weekday,2-Car,No injury/unknown,UNSAFE BACKING,NORTH COLLEGE AVE,39.18139,-86.534672
901262877,2018,1,6,300,Weekday,1-Car,No injury/unknown,RAN OFF ROAD RIGHT,OARD & VERNAL PIKE,39.181344,-86.637104
901490847,2018,8,7,1400,Weekend,2-Car,No injury/unknown,FAILURE TO YIELD RIGHT OF WAY,NORTH OARD & VERNAL PIKE,39.181344,-86.637104
901523571,2018,10,7,100,Weekend,2-Car,No injury/unknown,LEFT OF CENTER,E 19TH & N WASHINGTON ST,39.18128,-86.531792
901476464,2018,7,6,800,Weekday,2-Car,No injury/unknown,UNSAFE BACKING,MORTON ST & SEVENTH,39.18125061,-86.53612
901518682,2018,10,5,1900,Weekday,1-Car,Non-incapacitating,ANIMAL/OBJECT IN ROADWAY,17TH & SR46E,39.1811444,-86.50890273
901262709,2018,1,2,1600,Weekday,2-Car,No injury/unknown,FAILURE TO YIELD RIGHT OF WAY,19TH ST & LINCOLN,39.18112,-86.530816
901516212,2018,10,1,2200,Weekday,2-Car,No injury/unknown,UNSAFE BACKING,E 19TH & N LINCOLN ST,39.18112,-86.530816
901267229,2018,1,3,1200,Weekday,2-Car,No injury/unknown,OTHER (DRIVER) - EXPLAIN IN NARRATIVE,EAST 19TH ST,39.181101,-86.530839
901261768,2018,1,6,1100,Weekday,2-Car,No injury/unknown,FAILURE TO YIELD RIGHT OF WAY,LANDMARK AVE & W BLOOMFIELD,39.18108658,-86.55379641
901263075,2018,1,3,2100,Weekday,3+ Cars,Non-incapacitating,FOLLOWING TOO CLOSELY,19TH & DUNN ST,39.18104,-86.5284
901323582,2018,3,4,1000,Weekday,2-Car,No injury/unknown,IMPROPER TURNING,N DUNN ST,39.18104,-86.5284
901494456,2018,9,7,1600,Weekend,Cyclist,Non-incapacitating,UNSAFE LANE MOVEMENT,EAST 19TH & NORTH DUNN ST,39.18104,-86.5284
901501905,2018,9,2,1200,Weekday,2-Car,No injury/unknown,FAILURE TO YIELD RIGHT OF WAY,19TH & DUNN ST,39.18104,-86.5284
901542474,2018,12,4,1100,Weekday,2-Car,No injury/unknown,FAILURE TO YIELD RIGHT OF WAY,19TH ST & DUNN,39.18104,-86.5284
901544213,2018,12,6,1700,Weekday,2-Car,No injury/unknown,FAILURE TO YIELD RIGHT OF WAY,19TH & DUNN ST,39.18104,-86.5284
901554896,2018,12,6,800,Weekday,2-Car,Non-incapacitating,FAILURE TO YIELD RIGHT OF WAY,19TH & DUNN ST,39.18104,-86.5284
901300043,2018,1,1,300,Weekend,2-Car,No injury/unknown,OTHER (DRIVER) - EXPLAIN IN NARRATIVE,MARBLE LN,39.180944,-86.540496
901466959,2018,7,7,1700,Weekend,2-Car,No injury/unknown,OTHER (DRIVER) - EXPLAIN IN NARRATIVE,W MARBLE LN,39.18079265,-86.54067618
901401300,2018,5,5,400,Weekday,1-Car,No injury/unknown,ANIMAL/OBJECT IN ROADWAY,SR37S & VERNAL,39.1807259,-86.55787222
901484795,2018,8,2,1200,Weekday,2-Car,Non-incapacitating,FAILURE TO YIELD RIGHT OF WAY,N WILLIS DR & WESTFIELD,39.18056,-86.543968
901495147,2018,9,1,600,Weekend,2-Car,No injury/unknown,,N WILLIS & WESTFIELD DR,39.18056,-86.543968
901323583,2018,3,7,1300,Weekend,2-Car,No injury/unknown,UNSAFE BACKING,N FEE LN,39.18054912,-86.51906065
901303384,2018,2,7,0,Weekend,2-Car,No injury/unknown,UNSAFE BACKING,NORTH JORDAN AVE,39.180529,-86.511011
901379659,2018,5,3,600,Weekday,1-Car,No injury/unknown,ANIMAL/OBJECT IN ROADWAY,17TH & SR46W,39.18039903,-86.50786573
901312745,2018,3,6,1800,Weekday,1-Car,No injury/unknown,VIEW OBSTRUCTED,NORTH FEE LN,39.180357,-86.519098
901530106,2018,11,4,1100,Weekday,3+ Cars,No injury/unknown,OVERCORRECTING/OVERSTEERING,N DUNN ST,39.180352,-86.5284
901530924,2018,11,5,1600,Weekday,2-Car,No injury/unknown,OTHER (DRIVER) - EXPLAIN IN NARRATIVE,N DUNN ST,39.180352,-86.5284
901535995,2018,11,6,1600,Weekday,2-Car,Incapacitating,BRAKE FAILURE OR DEFECTIVE,E 18TH & N DUNN AVE,39.180352,-86.5284
901546007,2018,12,2,900,Weekday,Bus,No injury/unknown,FAILURE TO YIELD RIGHT OF WAY,N DUNN ST,39.180352,-86.5284
901440859,2018,6,7,0,Weekend,Pedestrian,No injury/unknown,PEDESTRIAN ACTION,ARLINGTON PARK RD,39.18012565,-86.54852324
901517012,2018,10,2,1900,Weekday,1-Car,No injury/unknown,ANIMAL/OBJECT IN ROADWAY,17TH & SR46N,39.18011952,-86.50747687
901343953,2018,5,1,0,Weekend,Cyclist,Non-incapacitating,IMPROPER PASSING,GRANITE & JACKSON ST,39.18005,-86.53995
901492491,2018,8,3,1800,Weekday,1-Car,No injury/unknown,BRAKE FAILURE OR DEFECTIVE,N WILLIS DR,39.180048,-86.544
901535356,2018,11,5,1700,Weekday,2-Car,No injury/unknown,UNSAFE BACKING,N ARLINGTON PARK DR,39.17997438,-86.54842034
901272404,2018,1,1,2300,Weekday,2-Car,No injury/unknown,FOLLOWING TOO CLOSELY,SEVENTEENTH ST & SR46N,39.17984,-86.507088
901323600,2018,4,2,700,Weekday,2-Car,No injury/unknown,FOLLOWING TOO CLOSELY,17TH ST & 46,39.17984,-86.507088
901444145,2018,6,1,2100,Weekday,1-Car,No injury/unknown,ANIMAL/OBJECT IN ROADWAY,17TH & SR46S,39.17984,-86.507088
901461285,2018,6,2,1500,Weekday,3+ Cars,Incapacitating,LEFT OF CENTER,17TH & SR4546S,39.17984,-86.507088
901512252,2018,10,7,2000,Weekend,2-Car,No injury/unknown,FAILURE TO YIELD RIGHT OF WAY,17TH & SR46N,39.17984,-86.507088
901523268,2018,10,6,1400,Weekday,2-Car,No injury/unknown,FOLLOWING TOO CLOSELY,1469 E 17TH & 17TH ST,39.17984,-86.507088
901442039,2018,6,7,1400,Weekend,2-Car,No injury/unknown,UNSAFE BACKING,S COLLEGE AVE,39.17983827,-86.53471672
901502790,2018,9,3,1900,Weekday,2-Car,No injury/unknown,FOLLOWING TOO CLOSELY,17TH ST & SR46,39.17971702,-86.50722818
901526770,2018,11,5,1600,Weekday,2-Car,No injury/unknown,FAILURE TO YIELD RIGHT OF WAY,17TH & SR46E,39.17971702,-86.50722818
901557327,2018,12,2,1100,Weekday,2-Car,No injury/unknown,FOLLOWING TOO CLOSELY,E 17TH ST & SR 45 46,39.17971702,-86.50722818
901407142,2018,5,7,2100,Weekend,3+ Cars,Non-incapacitating,RAN OFF ROAD RIGHT,SR37,39.17957095,-86.55823894
901268036,2018,1,4,900,Weekday,1-Car,No injury/unknown,UNSAFE SPEED,INNOVATION & WEST VERNAL PIKE,39.17952,-86.5948
901284090,2018,2,2,1700,Weekday,1-Car,No injury/unknown,SPEED TOO FAST FOR WEATHER CONDITIONS,17TH & SR46E,39.17937475,-86.50671279
901343618,2018,4,6,1500,Weekday,1-Car,No injury/unknown,OTHER (DRIVER) - EXPLAIN IN NARRATIVE,ARLINGTON PARK DR,39.1793458,-86.54728221
901490777,2018,8,7,2000,Weekend,2-Car,No injury/unknown,UNSAFE BACKING,NORTH JORDAN AVE,39.179319,-86.510935
901278366,2018,2,7,600,Weekend,1-Car,No injury/unknown,ROADWAY SURFACE CONDITION,LINGELBACH & SEVENTEENTH ST,39.17925,-86.5084
901317490,2018,3,5,1500,Weekday,2-Car,No injury/unknown,OTHER (DRIVER) - EXPLAIN IN NARRATIVE,17TH ST & LINGELBACH,39.17925,-86.5084
901332599,2018,4,2,1000,Weekday,2-Car,No injury/unknown,FAILURE TO YIELD RIGHT OF WAY,EAST SEVENTEENTH ST & LINGELBACH,39.17925,-86.5084
901497582,2018,9,7,1800,Weekend,1-Car,Non-incapacitating,RAN OFF ROAD RIGHT,17TH ST & MONROE,39.179248,-86.54745689
901266553,2018,1,2,1800,Weekday,2-Car,No injury/unknown,OTHER (DRIVER) - EXPLAIN IN NARRATIVE,17TH ST & MONROE,39.179248,-86.547104
901271310,2018,1,5,1400,Weekday,2-Car,No injury/unknown,LEFT OF CENTER,CURRY PIKE PIKE & VERNAL PIKE,39.179248,-86.5832
901273228,2018,2,6,1800,Weekday,2-Car,Non-incapacitating,ROADWAY SURFACE CONDITION,17TH ST & LINDBERGH,39.179248,-86.552592
901351882,2018,5,7,700,Weekend,2-Car,No injury/unknown,OTHER (DRIVER) - EXPLAIN IN NARRATIVE,ARLINGTON VALLEY RD & MONROE,39.179248,-86.547104
901355365,2018,5,2,1400,Weekday,2-Car,No injury/unknown,FAILURE TO YIELD RIGHT OF WAY,17TH ST & MONROE,39.179248,-86.547104
901365399,2018,5,6,600,Weekday,Pedestrian,No injury/unknown,NONE (DRIVER),CURRY & VERNAL PIKE,39.179248,-86.5832
901485641,2018,8,3,1700,Weekday,2-Car,No injury/unknown,DRIVER DISTRACTED - EXPLAIN IN NARRATIVE,CURRY PIKE & VERNAL,39.179248,-86.5832
901488027,2018,8,2,1000,Weekday,2-Car,No injury/unknown,UNSAFE SPEED,N CURRY PIKE & W VERNAL,39.179248,-86.5832
901495913,2018,9,3,1300,Weekday,2-Car,No injury/unknown,OTHER (DRIVER) - EXPLAIN IN NARRATIVE,N CURRY PIKE & VERNAL,39.179248,-86.5832
901499283,2018,9,3,1700,Weekday,2-Car,No injury/unknown,FAILURE TO YIELD RIGHT OF WAY,N MONROE & W 17TH ST,39.179248,-86.547104
901517582,2018,10,2,2000,Weekday,1-Car,No injury/unknown,ANIMAL/OBJECT IN ROADWAY,N CURRY PIKE & W VERNAL,39.179248,-86.5832
901535387,2018,11,7,2100,Weekend,1-Car,No injury/unknown,SPEED TOO FAST FOR WEATHER CONDITIONS,17TH & NORTH CRESCENT RD,39.179248,-86.556592
901541953,2018,11,2,1600,Weekday,2-Car,No injury/unknown,FAILURE TO YIELD RIGHT OF WAY,N CURRY PIKE & W VERNAL,39.179248,-86.5832
901252999,2018,1,2,1600,Weekday,2-Car,No injury/unknown,FAILURE TO YIELD RIGHT OF WAY,17TH & MONROE ST,39.17922,-86.5471
901313944,2018,3,6,800,Weekday,2-Car,No injury/unknown,OTHER (DRIVER) - EXPLAIN IN NARRATIVE,ENTERPRISE & W VERNAL PIKE,39.17921,-86.56804
901562418,2018,12,4,1500,Weekday,1-Car,Non-incapacitating,SPEED TOO FAST FOR WEATHER CONDITIONS,ENTERPRISE & W VERNAL PIKE,39.17921,-86.56804
901497434,2018,9,7,700,Weekend,2-Car,Non-incapacitating,FAILURE TO YIELD RIGHT OF WAY,CURRY PIKE RD & VERNAL PIKE,39.17920007,-86.58308566
901499191,2018,9,3,1300,Weekday,2-Car,Non-incapacitating,FAILURE TO YIELD RIGHT OF WAY,CURRY PIKE RD & VERNAL PIKE,39.17920007,-86.58309102
901269460,2018,1,5,1200,Weekday,2-Car,No injury/unknown,FOLLOWING TOO CLOSELY,1300 BLK N KINSER PIKE & 17TH,39.17917052,-86.5377895
901466397,2018,7,6,1400,Weekday,3+ Cars,Non-incapacitating,FOLLOWING TOO CLOSELY,COLLEGE AVE & SEVENTH,39.17913551,-86.53486
901466398,2018,6,3,1500,Weekday,2-Car,No injury/unknown,IMPROPER TURNING,COLLEGE AVE & SEVENTH,39.17913551,-86.53486
901308025,2018,2,6,400,Weekday,1-Car,No injury/unknown,OTHER (DRIVER) - EXPLAIN IN NARRATIVE,N LINCOLN ST,39.1791262,-86.53084702
901312774,2018,3,6,1500,Weekday,2-Car,No injury/unknown,UNSAFE BACKING,N WILLIS DR & W 17TH,39.179104,-86.544016
901500219,2018,9,5,700,Weekday,2-Car,Non-incapacitating,FAILURE TO YIELD RIGHT OF WAY,17TH ST & WILLIS,39.179104,-86.544016
901512549,2018,10,1,1700,Weekend,2-Car,No injury/unknown,IMPROPER TURNING,N WILLIS DR & W 17TH,39.179104,-86.544016
901541403,2018,11,2,1800,Weekday,Moped/Motorcycle,Non-incapacitating,FOLLOWING TOO CLOSELY,17TH ST & N WILLIS,39.179104,-86.544016
901552901,2018,12,3,1500,Weekday,2-Car,Non-incapacitating,FAILURE TO YIELD RIGHT OF WAY,N WILLIS & W 17TH ST,39.179104,-86.544016
901269236,2018,1,6,2000,Weekend,2-Car,No injury/unknown,UNSAFE BACKING,N JORDAN AVE,39.17908408,-86.511088
901475084,2018,7,3,1900,Weekday,1-Car,No injury/unknown,DRIVER DISTRACTED - EXPLAIN IN NARRATIVE,17TH ST,39.17908,-86.550437
901263069,2018,1,2,1100,Weekday,2-Car,No injury/unknown,FOLLOWING TOO CLOSELY,DUNN & EAST SEVENTEENTH ST,39.17904,-86.5284
901272392,2018,1,6,1100,Weekday,1-Car,Non-incapacitating,OTHER (VEHICLE) - EXPLAIN IN NARRATIVE,E 17TH ST,39.17904,-86.5284
901302443,2018,2,6,1400,Weekday,2-Car,No injury/unknown,UNSAFE SPEED,17TH ST & DUNN,39.17904,-86.5284
901318338,2018,3,3,1100,Weekday,2-Car,No injury/unknown,OTHER (DRIVER) - EXPLAIN IN NARRATIVE,17TH & LINCOLN ST,39.17904,-86.530848
901322582,2018,4,6,1200,Weekday,2-Car,No injury/unknown,OTHER (DRIVER) - EXPLAIN IN NARRATIVE,17TH & LINCOLN ST,39.17904,-86.530848
901324160,2018,4,3,700,Weekday,2-Car,No injury/unknown,DRIVER DISTRACTED - EXPLAIN IN NARRATIVE,17TH ST & MAPLE,39.17904,-86.542096
901330649,2018,4,5,1700,Weekday,2-Car,No injury/unknown,FOLLOWING TOO CLOSELY,17TH & N DUNN ST,39.17904,-86.5284
901502859,2018,9,3,1700,Weekday,2-Car,No injury/unknown,FAILURE TO YIELD RIGHT OF WAY,17TH ST & LINCOLN,39.17904,-86.530848
901504567,2018,9,7,0,Weekend,2-Car,No injury/unknown,OTHER (DRIVER) - EXPLAIN IN NARRATIVE,17TH ST & WASHINGTON,39.17904,-86.532096
901506517,2018,9,3,1700,Weekday,2-Car,No injury/unknown,FOLLOWING TOO CLOSELY,17TH ST & LINCOLN,39.17904,-86.530848
901514514,2018,10,4,2000,Weekday,2-Car,No injury/unknown,FAILURE TO YIELD RIGHT OF WAY,17TH ST & LINCOLN,39.17904,-86.530848
901514924,2018,10,5,1200,Weekday,2-Car,No injury/unknown,UNSAFE SPEED,17TH & DUNN ST,39.17904,-86.5284
901523137,2018,10,6,1200,Weekday,1-Car,No injury/unknown,BRAKE FAILURE OR DEFECTIVE,E 17TH ST,39.17904,-86.532096
901523656,2018,10,7,1600,Weekend,2-Car,No injury/unknown,FAILURE TO YIELD RIGHT OF WAY,17TH ST & LINCOLN,39.17904,-86.530848
901537548,2018,11,2,1400,Weekday,Bus,No injury/unknown,OTHER (DRIVER) - EXPLAIN IN NARRATIVE,EAST 17TH & NORTH DUNN ST,39.17904,-86.5284
901541902,2018,11,3,1700,Weekday,2-Car,Non-incapacitating,FOLLOWING TOO CLOSELY,17TH ST & MAPLE,39.17904,-86.542096
901553349,2018,12,4,900,Weekday,2-Car,No injury/unknown,OTHER (DRIVER) - EXPLAIN IN NARRATIVE,17TH ST & MAPLE,39.17904,-86.542096
901511351,2018,10,5,1500,Weekday,2-Car,No injury/unknown,IMPROPER TURNING,EAST 17TH ST,39.17902717,-86.52590192
901535845,2018,11,6,1100,Weekday,2-Car,No injury/unknown,WRONG WAY ON ONE WAY,510 E 17TH (EXIT DR THRU IND) ST & INDIANA,39.17902717,-86.52707238
901315641,2018,3,5,1600,Weekday,2-Car,Non-incapacitating,FAILURE TO YIELD RIGHT OF WAY,N JACKSON & W 17TH ST,39.179024,-86.539616
901487342,2018,8,1,300,Weekend,1-Car,No injury/unknown,RAN OFF ROAD RIGHT,17TH & INDIANA AVE,39.179024,-86.5272
901489580,2018,8,5,500,Weekday,1-Car,No injury/unknown,RAN OFF ROAD RIGHT,17TH & INDIANA AVE,39.179024,-86.5272
901503918,2018,9,5,1700,Weekday,2-Car,No injury/unknown,FOLLOWING TOO CLOSELY,E 17TH ST & N INDIANA,39.179024,-86.5272
901507972,2018,10,6,1200,Weekday,2-Car,No injury/unknown,UNSAFE BACKING,17TH ST & INDIANA,39.179024,-86.5272
901515687,2018,10,7,900,Weekend,Moped/Motorcycle,Non-incapacitating,FOLLOWING TOO CLOSELY,17TH ST & JACKSON,39.179024,-86.539616
901263089,2018,1,5,1200,Weekday,2-Car,No injury/unknown,FAILURE TO YIELD RIGHT OF WAY,701 E 17TH (WHITE LOT) ST & DUNN,39.17902034,-86.52837809
901491343,2018,8,2,800,Weekday,2-Car,No injury/unknown,FAILURE TO YIELD RIGHT OF WAY,701 EAST 17TH (WHITE LOT) ST & DUNN,39.17902034,-86.52835732
901322573,2018,3,3,1400,Weekday,2-Car,No injury/unknown,IMPROPER TURNING,EAST 17TH ST,39.17902,-86.525975