Master Record Number,Year,Month,Day,Hour,Weekend,Collision Type,Injury Type,Primary Factor,Reported_Location,Latitude,Longitude
901340079,2018,4,6,1200,Weekday,2-Car,No injury/unknown,FOLLOWING TOO CLOSELY,E 17TH ST & WALNUT,39.17902,-86.5211
901340186,2018,4,6,1700,Weekday,2-Car,No injury/unknown,BRAKE FAILURE OR DEFECTIVE,E 17TH ST,39.17902,-86.525975
901444680,2018,6,1,500,Weekend,1-Car,No injury/unknown,RAN OFF ROAD RIGHT,INDIANA AVE & SEVENTEENTH,39.17902,-86.52705
901465145,2018,7,4,1700,Weekday,2-Car,No injury/unknown,FAILURE TO YIELD RIGHT OF WAY,17TH ST & INDIANA,39.17902,-86.52705
901491795,2018,8,2,1700,Weekday,Moped/Motorcycle,No injury/unknown,FOLLOWING TOO CLOSELY,EAST 17TH ST,39.17902,-86.525975
901503891,2018,9,5,1500,Weekday,2-Car,No injury/unknown,FAILURE TO YIELD RIGHT OF WAY,EAST 17 ST,39.17902,-86.521092
901527482,2018,11,6,2000,Weekend,2-Car,No injury/unknown,FOLLOWING TOO CLOSELY,17TH ST & WALNUT,39.17902,-86.52110865
901545421,2018,12,1,1600,Weekend,2-Car,No injury/unknown,UNSAFE BACKING,E 17TH ST,39.17902,-86.525975
901307291,2018,3,5,1200,Weekday,1-Car,No injury/unknown,UNSAFE BACKING,E 17TH ST,39.179008,-86.525888
901325042,2018,4,3,1200,Weekday,2-Car,No injury/unknown,UNSAFE BACKING,E 17TH ST,39.179008,-86.525888
901510574,2018,10,4,1500,Weekday,Bus,No injury/unknown,UNSAFE BACKING,E 17TH ST,39.179008,-86.525888
901524125,2018,10,6,1600,Weekday,3+ Cars,No injury/unknown,FOLLOWING TOO CLOSELY,E 17TH ST & FESS,39.179008,-86.525888
901535126,2018,11,4,900,Weekday,1-Car,No injury/unknown,OTHER (DRIVER) - EXPLAIN IN NARRATIVE,E 17TH ST,39.179008,-86.525888
901290214,2018,2,3,100,Weekday,1-Car,No injury/unknown,SPEED TOO FAST FOR WEATHER CONDITIONS,17TH ST,39.17899984,-86.52467167
901265555,2018,1,7,2300,Weekend,2-Car,Non-incapacitating,FAILURE TO YIELD RIGHT OF WAY,17TH ST & KINSER,39.178992,-86.537792
901270735,2018,2,2,1400,Weekday,2-Car,Non-incapacitating,FOLLOWING TOO CLOSELY,17TH & KINSER PIKE,39.178992,-86.537792
901278786,2018,2,6,1500,Weekday,2-Car,Non-incapacitating,UNSAFE BACKING,17TH ST & KINSER,39.178992,-86.537792
901300103,2018,2,3,100,Weekday,2-Car,Non-incapacitating,SPEED TOO FAST FOR WEATHER CONDITIONS,N KINSER & W 17TH ST ST,39.178992,-86.537792
901301202,2018,2,3,100,Weekday,2-Car,No injury/unknown,UNSAFE BACKING,N KINSER PIKE & W 17TH ST ST,39.178992,-86.537792
901308406,2018,3,7,1300,Weekend,2-Car,No injury/unknown,UNSAFE SPEED,17TH ST & WOODLAWN,39.178992,-86.523504
901339998,2018,4,7,2200,Weekend,Moped/Motorcycle,Non-incapacitating,FAILURE TO YIELD RIGHT OF WAY,N MADISON & W 17TH ST,39.178992,-86.537792
901345818,2018,5,2,1000,Weekday,Moped/Motorcycle,Incapacitating,DISREGARD SIGNAL/REG SIGN,17TH ST ST & KINSER PIKE,39.178992,-86.537792
901404677,2018,5,7,1200,Weekend,2-Car,No injury/unknown,FAILURE TO YIELD RIGHT OF WAY,EAST SEVENTEENTH ST & WOODLAWN,39.178992,-86.523504
901481075,2018,8,2,1100,Weekday,2-Car,No injury/unknown,FOLLOWING TOO CLOSELY,17TH & MADISON ST,39.178992,-86.537792
901483795,2018,8,7,700,Weekend,2-Car,No injury/unknown,DISREGARD SIGNAL/REG SIGN,17TH ST & KINSER,39.178992,-86.537792
901489528,2018,8,4,1700,Weekday,2-Car,No injury/unknown,UNSAFE LANE MOVEMENT,N MADISON ST & W 17TH,39.178992,-86.537792
901499531,2018,9,4,800,Weekday,Bus,No injury/unknown,FAILURE TO YIELD RIGHT OF WAY,17TH & WOODLAWN AVE,39.178992,-86.523504
901516805,2018,10,2,1600,Weekday,2-Car,No injury/unknown,FAILURE TO YIELD RIGHT OF WAY,N MADISON ST & W 17TH,39.178992,-86.537792
901523686,2018,10,5,1500,Weekday,2-Car,No injury/unknown,LEFT OF CENTER,17TH ST & KINSER,39.178992,-86.537792
901550425,2018,12,1,1600,Weekend,2-Car,No injury/unknown,SPEED TOO FAST FOR WEATHER CONDITIONS,17TH & FEE LN,39.17899,-86.51895
901514564,2018,10,4,1500,Weekday,3+ Cars,No injury/unknown,FOLLOWING TOO CLOSELY,17TH ST & WOODBURN,39.178976,-86.536032
901538214,2018,11,3,1800,Weekday,2-Car,No injury/unknown,DRIVER DISTRACTED - EXPLAIN IN NARRATIVE,N WOODBURN & W 17TH ST,39.178976,-86.536032
901389443,2018,5,7,1900,Weekend,2-Car,No injury/unknown,UNSAFE BACKING,W 17TH ST,39.17896033,-86.53474678
901263579,2018,1,3,1700,Weekday,2-Car,Non-incapacitating,UNSAFE BACKING,W 17TH ST,39.17896,-86.53472
901278754,2018,2,6,1400,Weekday,2-Car,No injury/unknown,FAILURE TO YIELD RIGHT OF WAY,17TH & COLLEGE AVE,39.17896,-86.53472
901322682,2018,4,7,100,Weekend,2-Car,No injury/unknown,UNSAFE BACKING,W 17TH ST,39.17896,-86.53472
901338839,2018,4,6,1200,Weekday,Moped/Motorcycle,Non-incapacitating,SPEED TOO FAST FOR WEATHER CONDITIONS,COLLEGE & W 17TH ST,39.17896,-86.53472
901400539,2018,5,4,1700,Weekday,2-Car,No injury/unknown,DRIVER DISTRACTED - EXPLAIN IN NARRATIVE,17TH ST & COLLEGE,39.17896,-86.53472
901489488,2018,8,4,1700,Weekday,2-Car,Non-incapacitating,DRIVER DISTRACTED - EXPLAIN IN NARRATIVE,17TH ST & WALNUT GROVE,39.17896,-86.521088
901504880,2018,9,1,1000,Weekend,2-Car,No injury/unknown,UNSAFE BACKING,E 17TH ST,39.17896,-86.521088
901509984,2018,10,3,800,Weekday,2-Car,No injury/unknown,UNSAFE BACKING,E 17TH ST,39.17896,-86.521088
901515179,2018,10,5,900,Weekday,2-Car,No injury/unknown,DRIVER DISTRACTED - EXPLAIN IN NARRATIVE,W 17TH ST,39.17896,-86.53472
901516122,2018,10,7,1900,Weekend,2-Car,No injury/unknown,UNSAFE BACKING,17TH & COLLEGE AVE,39.17896,-86.53472
901528553,2018,11,1,900,Weekend,2-Car,No injury/unknown,CELL PHONE USAGE,100 W 17TH ST & 1300 N COLLEGE,39.17896,-86.53472
901294595,2018,2,4,800,Weekday,2-Car,No injury/unknown,FAILURE TO YIELD RIGHT OF WAY,17TH ST & WALNUT,39.178944,-86.533392
901317901,2018,3,3,1200,Weekday,2-Car,Non-incapacitating,FAILURE TO YIELD RIGHT OF WAY,E 17TH ST & N GRANT,39.178944,-86.5296
901476147,2018,7,5,1400,Weekday,2-Car,Non-incapacitating,FOLLOWING TOO CLOSELY,E 17TH ST & N WALNUT,39.178944,-86.533392
901507356,2018,9,5,1100,Weekday,1-Car,Non-incapacitating,DISREGARD SIGNAL/REG SIGN,E 17TH & N WALNUT ST,39.178944,-86.533392
901309563,2018,3,2,1700,Weekday,2-Car,No injury/unknown,FOLLOWING TOO CLOSELY,17TH ST & FEE,39.17893878,-86.51969763
901553773,2018,12,4,1600,Weekday,2-Car,Non-incapacitating,FAILURE TO YIELD RIGHT OF WAY,17TH ST & LICOLN,39.17893838,-86.5309426
901263064,2018,1,7,2200,Weekend,Pedestrian,Non-incapacitating,OTHER (DRIVER) - EXPLAIN IN NARRATIVE,17TH ST & FEE,39.178928,-86.518992
901321745,2018,3,4,1700,Weekday,2-Car,Non-incapacitating,FOLLOWING TOO CLOSELY,17TH & FEE LN,39.178928,-86.518992
901330176,2018,4,4,1700,Weekday,Pedestrian,Non-incapacitating,PEDESTRIAN ACTION,E 17TH ST & N FEE,39.178928,-86.518992
901331298,2018,4,7,1600,Weekend,2-Car,No injury/unknown,FAILURE TO YIELD RIGHT OF WAY,EAST 17TH ST & NORTH FEE,39.178928,-86.518992
901542212,2018,12,4,700,Weekday,1-Car,No injury/unknown,OVERCORRECTING/OVERSTEERING,1100 E 17TH ST & 1300 N FEE,39.178928,-86.518992
901452440,2018,6,5,900,Weekday,1-Car,No injury/unknown,OTHER (ENVIRONMENTAL) - EXPLAIN IN NARR,17TH ST & FEE,39.17891499,-86.51793348
901555448,2018,12,6,1600,Weekday,2-Car,No injury/unknown,FAILURE TO YIELD RIGHT OF WAY,EAST 17TH ST,39.178891,-86.515253
901326180,2018,4,6,1800,Weekday,3+ Cars,Non-incapacitating,FOLLOWING TOO CLOSELY,17TH ST & JORDAN,39.178848,-86.51197021
901491818,2018,8,2,1700,Weekday,2-Car,No injury/unknown,FAILURE TO YIELD RIGHT OF WAY,17TH ST & JORDAN,39.178848,-86.51214665
901263083,2018,1,4,1000,Weekday,2-Car,No injury/unknown,IMPROPER LANE USAGE,EAST SEVENTEENTH ST & NORTH JORDAN,39.178848,-86.511088
901269242,2018,1,2,2100,Weekday,2-Car,No injury/unknown,ROADWAY SURFACE CONDITION,17TH ST & JORDAN,39.178848,-86.511088
901269245,2018,1,3,1100,Weekday,2-Car,No injury/unknown,UNSAFE BACKING,1015 N JORDAN (PARKING LOT) AVE & N JORDAN,39.178848,-86.511088
901278364,2018,2,6,2000,Weekend,Bus,No injury/unknown,ROADWAY SURFACE CONDITION,17TH & N JORDAN AVE,39.178848,-86.511088
901290391,2018,2,3,700,Weekday,1-Car,No injury/unknown,TOW HITCH FAILURE,JORDAN & SEVENTEENTH ST,39.178848,-86.511088
901335984,2018,4,4,1200,Weekday,2-Car,No injury/unknown,UNSAFE SPEED,17TH & JORDAN AVE,39.178848,-86.511088
901507391,2018,9,4,1000,Weekday,2-Car,No injury/unknown,UNSAFE BACKING,300 NORTH JORDAN (EAST LOT) AVE & JORDAN,39.178848,-86.511088
901510419,2018,10,4,800,Weekday,2-Car,No injury/unknown,FOLLOWING TOO CLOSELY,1400 NORTH JORDAN & 1700 EAST 17TH ST,39.178848,-86.511088
901514466,2018,10,4,1600,Weekday,2-Car,No injury/unknown,FOLLOWING TOO CLOSELY,17TH ST & JORDAN,39.178848,-86.51126444
901549504,2018,12,6,500,Weekday,2-Car,No injury/unknown,FOLLOWING TOO CLOSELY,E 17TH & N JORDAN AVE,39.178848,-86.511088
901307171,2018,3,5,900,Weekday,1-Car,Non-incapacitating,LEFT OF CENTER,17TH & CRESCENT RD,39.17883607,-86.55658335
901316751,2018,3,7,1900,Weekend,2-Car,No injury/unknown,OTHER (DRIVER) - EXPLAIN IN NARRATIVE,STATE RD 45 RD,39.178811,-86.475008
901508369,2018,10,7,1300,Weekend,2-Car,Non-incapacitating,SPEED TOO FAST FOR WEATHER CONDITIONS,17TH & MADISON ST,39.17871742,-86.53778368
901521311,2018,10,3,1200,Weekday,1-Car,No injury/unknown,RAN OFF ROAD RIGHT,17TH & CRESCENT RD,39.17869876,-86.55658046
901541989,2018,11,3,2100,Weekday,2-Car,No injury/unknown,OTHER (DRIVER) - EXPLAIN IN NARRATIVE,405 SOMERSBE PL & S ROGERS,39.17857146,-86.53893392
901303487,2018,2,7,1400,Weekend,2-Car,No injury/unknown,FAILURE TO YIELD RIGHT OF WAY,SR37S & VERNAL,39.17856339,-86.56000817
901533370,2018,11,2,2000,Weekday,2-Car,No injury/unknown,UNSAFE BACKING,N WALNUT ST,39.17839758,-86.53339992
901486669,2018,8,5,1700,Weekday,2-Car,Non-incapacitating,FAILURE TO YIELD RIGHT OF WAY,BURKS & S WALNUT STREET PIKE,39.17838952,-86.52672
901490521,2018,8,4,1500,Weekday,2-Car,No injury/unknown,FAILURE TO YIELD RIGHT OF WAY,HENDERSON ST & WINSLOW,39.17830692,-86.52688
901548396,2018,12,5,300,Weekday,3+ Cars,No injury/unknown,OTHER (DRIVER) - EXPLAIN IN NARRATIVE,NORTH JORDAN AVE AVE,39.178112,-86.512471
901339181,2018,4,6,1900,Weekend,2-Car,No injury/unknown,UNSAFE BACKING,NORTH JORDAN AVE,39.178036,-86.512474
901343099,2018,4,5,1700,Weekday,2-Car,No injury/unknown,FAILURE TO YIELD RIGHT OF WAY,NORTH GRANT ST,39.177942,-86.529705
901267039,2018,1,3,900,Weekday,2-Car,No injury/unknown,SPEED TOO FAST FOR WEATHER CONDITIONS,RAMSEY & RENWICK BLVD,39.17791996,-86.50310274
901510626,2018,10,4,1400,Weekday,1-Car,Non-incapacitating,LEFT OF CENTER,N CRESCENT RD & W MARQUIS,39.17785275,-86.55653447
901340845,2018,4,2,1000,Weekday,2-Car,No injury/unknown,DISREGARD SIGNAL/REG SIGN,1ST ST & WALNUT,39.17784,-86.533408
901458276,2018,6,4,1700,Weekday,2-Car,No injury/unknown,FAILURE TO YIELD RIGHT OF WAY,E 1ST ST & S WALNUT,39.17784,-86.533408
901519967,2018,10,1,2100,Weekday,2-Car,Non-incapacitating,UNSAFE LANE MOVEMENT,16TH & N WALNUT ST,39.17784,-86.533408
901471508,2018,7,3,1700,Weekday,2-Car,Non-incapacitating,FAILURE TO YIELD RIGHT OF WAY,16TH ST & WASHINGTON,39.177808,-86.532176
901515845,2018,10,7,1700,Weekend,2-Car,Non-incapacitating,DISREGARD SIGNAL/REG SIGN,E 1ST & S WASHINGTON ST,39.177808,-86.532176
901555505,2018,12,6,100,Weekday,3+ Cars,No injury/unknown,RAN OFF ROAD RIGHT,DUNN ST,39.177805,-86.528349
901497606,2018,9,4,1700,Weekday,1-Car,No injury/unknown,UNSAFE LANE MOVEMENT,N CURRY LOT 20 PIKE,39.17778749,-86.58309109
901489002,2018,8,3,1700,Weekday,2-Car,No injury/unknown,OTHER (DRIVER) - EXPLAIN IN NARRATIVE,E 16TH ST,39.17776555,-86.52918204
901290217,2018,2,2,2200,Weekday,2-Car,No injury/unknown,FOLLOWING TOO CLOSELY,1ST & WALNUT ST,39.17775761,-86.53340933
901275996,2018,2,3,1000,Weekday,1-Car,No injury/unknown,RAN OFF ROAD RIGHT,N MADISON ST & W 16TH,39.177744,-86.53776
901476882,2018,7,7,2000,Weekend,2-Car,No injury/unknown,OVERCORRECTING/OVERSTEERING,N CURRY PIKE,39.177744,-86.583079
901258153,2018,1,1,400,Weekend,2-Car,No injury/unknown,UNSAFE BACKING,WOODBURN AVE,39.17772,-86.535969
901308453,2018,3,7,1700,Weekend,3+ Cars,Non-incapacitating,UNSAFE SPEED,SR37 & VERNAL,39.1775537,-86.5612041
901494007,2018,9,6,800,Weekday,2-Car,No injury/unknown,FAILURE TO YIELD RIGHT OF WAY,SR37S & VERNAL,39.1775537,-86.5612041
901344024,2018,5,1,1100,Weekend,2-Car,Non-incapacitating,UNSAFE SPEED,SR37S & VERNAL,39.17737768,-86.5609886
901490524,2018,8,4,1600,Weekday,2-Car,No injury/unknown,FOLLOWING TOO CLOSELY,SR37S & VERNAL,39.17737768,-86.5609886
901318113,2018,3,3,1700,Weekday,2-Car,No injury/unknown,DRIVER DISTRACTED - EXPLAIN IN NARRATIVE,SR37 & VERNAL PIKE,39.17737085,-86.56095262
901512099,2018,10,7,1100,Weekend,2-Car,No injury/unknown,FOLLOWING TOO CLOSELY,SR37N & VERNAL PIKE,39.17737085,-86.56096128
901475766,2018,7,3,1900,Weekday,1-Car,No injury/unknown,ANIMAL/OBJECT IN ROADWAY,JACHIN & MT TABOR RD,39.1773049,-86.6242
901284083,2018,2,2,1300,Weekday,2-Car,No injury/unknown,IMPROPER PASSING,N FEE LN,39.17729391,-86.5189799
901317491,2018,3,2,100,Weekday,1-Car,No injury/unknown,UNSAFE BACKING,N FEE LN,39.17729391,-86.5189799
901502842,2018,9,3,2000,Weekday,Bus,No injury/unknown,UNSAFE BACKING,N FEE LN,39.17729391,-86.5189799
901508654,2018,10,7,1900,Weekend,2-Car,No injury/unknown,OTHER (DRIVER) - EXPLAIN IN NARRATIVE,N INDIANA AVE,39.177152,-86.527152
901490523,2018,8,6,1300,Weekday,2-Car,No injury/unknown,RAN OFF ROAD RIGHT,N WALNUT ST,39.176962,-86.533535
901405205,2018,5,1,1900,Weekday,2-Car,Non-incapacitating,IMPROPER LANE USAGE,N WALNUT ST,39.17694922,-86.53342237
901471103,2018,7,2,1500,Weekday,2-Car,No injury/unknown,FOLLOWING TOO CLOSELY,SR37S & VERNAL,39.17694788,-86.56192165
901323635,2018,4,1,2100,Weekday,1-Car,No injury/unknown,BRAKE FAILURE OR DEFECTIVE,S WASHINGTON ST,39.17693682,-86.53223608
901303426,2018,2,7,1500,Weekend,2-Car,No injury/unknown,OTHER (DRIVER) - EXPLAIN IN NARRATIVE,E 15TH ST & LINCOLN,39.176896,-86.53088
901263965,2018,1,4,1200,Weekday,2-Car,No injury/unknown,FOLLOWING TOO CLOSELY,1ST & COLLEGE AVE,39.17688,-86.534736
901300362,2018,2,5,1300,Weekday,2-Car,No injury/unknown,FAILURE TO YIELD RIGHT OF WAY,1ST & COLLEGE AVE,39.17688,-86.534736
901338700,2018,4,6,1000,Weekday,2-Car,Incapacitating,OTHER (DRIVER) - EXPLAIN IN NARRATIVE,1ST & COLLEGE AVE,39.17688,-86.534736
901523403,2018,10,6,1500,Weekday,2-Car,No injury/unknown,DISREGARD SIGNAL/REG SIGN,1ST & COLLEGE AVE,39.17688,-86.534736
901536165,2018,11,7,0,Weekend,3+ Cars,No injury/unknown,RAN OFF ROAD RIGHT,W 1ST ST,39.17685257,-86.53361143
901261863,2018,1,6,1800,Weekday,3+ Cars,Non-incapacitating,FOLLOWING TOO CLOSELY,10TH & 4546 BYP,39.176848,-86.478192
901269722,2018,1,7,1200,Weekend,2-Car,No injury/unknown,FAILURE TO YIELD RIGHT OF WAY,15TH & WALNUT ST,39.176848,-86.533424
901299707,2018,2,5,1900,Weekday,2-Car,No injury/unknown,VIEW OBSTRUCTED,15TH & N WALNUT ST,39.176848,-86.533424
901303594,2018,2,7,2000,Weekend,Cyclist,Non-incapacitating,HEADLIGHT DEFECTIVE OR NOT ON,EAST 15TH & NORTH WALNUT ST,39.176848,-86.533424
901469825,2018,7,6,1400,Weekday,Pedestrian,Non-incapacitating,FAILURE TO YIELD RIGHT OF WAY,10TH & 4546 BYPASS BYP,39.176848,-86.478192
901477855,2018,8,2,1600,Weekday,2-Car,No injury/unknown,UNSAFE LANE MOVEMENT,15TH & N WALNUT ST,39.176848,-86.533424
901478120,2018,8,3,1000,Weekday,2-Car,No injury/unknown,FAILURE TO YIELD RIGHT OF WAY,10TH & SR45E,39.176848,-86.478192
901490668,2018,8,7,1100,Weekend,2-Car,Non-incapacitating,FOLLOWING TOO CLOSELY,15TH & WALNUT ST,39.176848,-86.533424
901500945,2018,9,6,1600,Weekday,2-Car,No injury/unknown,FAILURE TO YIELD RIGHT OF WAY,15TH & WALNUT AVE,39.176848,-86.533424
901515075,2018,10,5,1400,Weekday,Cyclist,Incapacitating,OVERCORRECTING/OVERSTEERING,E 15TH & N WALNUT ST,39.176848,-86.533424
901520392,2018,10,7,900,Weekend,1-Car,No injury/unknown,IMPROPER TURNING,10TH & 433 EAST 10TH ST,39.176848,-86.478192
901523479,2018,10,7,100,Weekend,2-Car,Non-incapacitating,UNSAFE LANE MOVEMENT,N WALNUT ST & W 15TH,39.176848,-86.533424
901542070,2018,11,3,1200,Weekday,2-Car,No injury/unknown,DISREGARD SIGNAL/REG SIGN,E 10TH & SR4546N,39.176848,-86.478192
901387299,2018,5,6,1700,Weekday,Pedestrian,Non-incapacitating,PEDESTRIAN ACTION,CRESCENT & MARQUIS RD,39.17682561,-86.55648083
901474929,2018,7,3,1000,Weekday,2-Car,No injury/unknown,FOLLOWING TOO CLOSELY,E 10TH & SR45S,39.17675101,-86.47836317
901254195,2018,1,4,700,Weekday,2-Car,No injury/unknown,FAILURE TO YIELD RIGHT OF WAY,SR37S & VERNAL,39.17674594,-86.56216082
901331143,2018,4,6,2000,Weekend,3+ Cars,Non-incapacitating,DRIVER DISTRACTED - EXPLAIN IN NARRATIVE,SR37N & VERNAL,39.17674594,-86.56216082
901278268,2018,2,5,1000,Weekday,2-Car,Non-incapacitating,FAILURE TO YIELD RIGHT OF WAY,15TH ST & LINDBERG,39.17665,-86.55259
901339890,2018,4,7,1600,Weekend,2-Car,Non-incapacitating,FAILURE TO YIELD RIGHT OF WAY,15TH ST & JACKSON,39.17664,-86.539712
901390579,2018,5,1,1400,Weekend,2-Car,No injury/unknown,UNSAFE BACKING,N MAPLE ST,39.17664,-86.542096
901508400,2018,10,7,1300,Weekend,2-Car,Non-incapacitating,FOLLOWING TOO CLOSELY,15TH & MADISON ST,39.17664,-86.537712
901254823,2018,1,4,1800,Weekday,3+ Cars,Non-incapacitating,IMPROPER LANE USAGE,SR37S & VERNAL,39.176544,-86.5624
901287861,2018,2,6,2000,Weekend,2-Car,No injury/unknown,FOLLOWING TOO CLOSELY,SR37S & VERNAL,39.176544,-86.5624
901308083,2018,3,6,1100,Weekday,2-Car,Non-incapacitating,FOLLOWING TOO CLOSELY,SR37N & W VERNAL,39.176544,-86.5624
901314563,2018,3,3,1100,Weekday,2-Car,No injury/unknown,IMPROPER LANE USAGE,SR37S & VERNAL,39.176544,-86.5624
901322672,2018,2,5,2000,Weekday,3+ Cars,Non-incapacitating,UNSAFE LANE MOVEMENT,SR37N & VERNAL,39.176544,-86.5624
901326386,2018,4,7,1400,Weekend,2-Car,No injury/unknown,FOLLOWING TOO CLOSELY,SR37N & VERNAL,39.176544,-86.5624
901447431,2018,6,7,1000,Weekend,2-Car,No injury/unknown,FOLLOWING TOO CLOSELY,SR37S & VERNAL,39.176544,-86.5624
901451379,2018,6,4,1000,Weekday,2-Car,Non-incapacitating,DISREGARD SIGNAL/REG SIGN,SR37N & VERNAL,39.176544,-86.5624
901462602,2018,6,3,1200,Weekday,2-Car,No injury/unknown,UNSAFE BACKING,SR37S & VERNAL PIKE,39.176544,-86.5624
901465114,2018,7,3,1800,Weekday,2-Car,No injury/unknown,UNSAFE BACKING,SR37S & VERNAL,39.176544,-86.5624
901486546,2018,8,5,1300,Weekday,2-Car,No injury/unknown,OTHER (DRIVER) - EXPLAIN IN NARRATIVE,SR37S & VERNAL,39.176544,-86.5624
901513670,2018,10,3,1200,Weekday,2-Car,No injury/unknown,UNSAFE SPEED,SR37S & VERNAL,39.176544,-86.5624
901535385,2018,11,5,1700,Weekday,2-Car,No injury/unknown,FOLLOWING TOO CLOSELY,SR37S & VERNAL,39.176544,-86.5624
901278369,2018,2,1,100,Weekend,2-Car,No injury/unknown,,NORTH FEE LN,39.176467,-86.51886
901340169,2018,4,1,1400,Weekend,2-Car,No injury/unknown,OTHER (DRIVER) - EXPLAIN IN NARRATIVE,NORTH FEE LN,39.176467,-86.51886
901518121,2018,10,4,1700,Weekday,2-Car,No injury/unknown,FOLLOWING TOO CLOSELY,NORTH FEE LN,39.176467,-86.51886
901482428,2018,8,4,1600,Weekday,2-Car,No injury/unknown,OTHER (DRIVER) - EXPLAIN IN NARRATIVE,STATE ROAD 37 RDS & VERNAL,39.17635934,-86.56266121
901498759,2018,9,2,1100,Weekday,2-Car,No injury/unknown,UNSAFE BACKING,CREEKSIDE DR,39.176288,-86.545584
901257223,2018,1,6,1400,Weekday,2-Car,Non-incapacitating,FAILURE TO YIELD RIGHT OF WAY,14TH & INDIANA AVE,39.176192,-86.52712
901533334,2018,11,6,1500,Weekday,2-Car,No injury/unknown,FAILURE TO YIELD RIGHT OF WAY,E 14TH & N INDIANA AVE,39.176192,-86.52712
901329570,2018,4,1,600,Weekend,2-Car,No injury/unknown,UNSAFE BACKING,14TH ST & INDIANA,39.17617667,-86.52764894
901500436,2018,9,5,1500,Weekday,2-Car,No injury/unknown,FOLLOWING TOO CLOSELY,37 HWY & W VERNAL,39.17617467,-86.56292242
901489003,2018,8,3,1400,Weekday,2-Car,No injury/unknown,FAILURE TO YIELD RIGHT OF WAY,E 14TH ST & N DUNN,39.17616,-86.528224
901544843,2018,12,7,1500,Weekend,2-Car,No injury/unknown,FAILURE TO YIELD RIGHT OF WAY,14TH & N DUNN ST,39.17616,-86.528224
901489318,2018,8,2,2300,Weekday,2-Car,No injury/unknown,UNSAFE BACKING,14TH ST & WOODLAWN,39.176144,-86.52456261
901401813,2018,5,4,1200,Weekday,1-Car,No injury/unknown,OTHER (ENVIRONMENTAL) - EXPLAIN IN NARR,14TH & WALNUT GRV,39.176144,-86.520992
901303653,2018,2,1,1200,Weekend,2-Car,No injury/unknown,UNSAFE BACKING,N FEE LN,39.17612549,-86.51898236
901490345,2018,8,6,800,Weekday,Pedestrian,Non-incapacitating,UNSAFE SPEED,N FEE LN,39.17612549,-86.51898236
901508336,2018,10,7,1200,Weekend,2-Car,No injury/unknown,FOLLOWING TOO CLOSELY,1100 N MADISON ST & W 14TH,39.176048,-86.537696
901525833,2018,11,4,1000,Weekday,2-Car,No injury/unknown,OTHER (DRIVER) - EXPLAIN IN NARRATIVE,14TH ST & WOODBURN,39.17602997,-86.53678551
901533333,2018,11,2,1800,Weekday,2-Car,No injury/unknown,OTHER (DRIVER) - EXPLAIN IN NARRATIVE,300 BLOCK OF E 14TH ST & LINCOLN,39.17600436,-86.53054318
901362500,2018,5,7,600,Weekend,2-Car,Non-incapacitating,DRIVER DISTRACTED - EXPLAIN IN NARRATIVE,SR37S & VERNAL,39.17599001,-86.56318363
901261990,2018,1,7,2200,Weekend,2-Car,No injury/unknown,FAILURE TO YIELD RIGHT OF WAY,N COLLEGE AVE & W 14TH,39.175984,-86.534736
901343956,2018,5,1,100,Weekend,2-Car,No injury/unknown,FAILURE TO YIELD RIGHT OF WAY,14TH & COLLEGE AVE,39.175984,-86.534736
901541903,2018,11,3,1600,Weekday,2-Car,No injury/unknown,IMPROPER LANE USAGE,14TH ST & COLLEGE,39.175984,-86.534736
901339902,2018,4,7,1800,Weekend,2-Car,No injury/unknown,,E 14TH ST,39.17596931,-86.53223118
901504542,2018,9,6,2200,Weekend,2-Car,No injury/unknown,UNSAFE BACKING,NORTH JORDAN AVE,39.175959,-86.51336
901345706,2018,5,3,200,Weekday,2-Car,No injury/unknown,UNSAFE BACKING,E 14TH ST,39.17595494,-86.53322841
901349821,2018,5,1,1300,Weekend,2-Car,No injury/unknown,FAILURE TO YIELD RIGHT OF WAY,14TH & WALNUT ST,39.175952,-86.53344
901454544,2018,6,6,1600,Weekday,2-Car,No injury/unknown,IMPROPER LANE USAGE,14TH & NORTH WALNUT ST,39.175952,-86.53344
901513824,2018,10,3,1600,Weekday,2-Car,No injury/unknown,UNSAFE BACKING,14TH ST & WALNUT,39.175952,-86.53344
901519457,2018,10,4,1000,Weekday,2-Car,No injury/unknown,UNSAFE BACKING,NORTH COLLEGE AVE,39.17595,-86.534769
901495752,2018,9,3,1600,Weekday,Bus,No injury/unknown,UNSAFE BACKING,RUSSEL RD,39.175897,-86.481528
901535386,2018,11,4,700,Weekday,2-Car,No injury/unknown,OTHER (DRIVER) - EXPLAIN IN NARRATIVE,NORTH RUSSELL RD,39.175897,-86.481528
901522537,2018,10,5,800,Weekday,2-Car,No injury/unknown,IMPROPER TURNING,14TH & COLLEGE ST,39.17579176,-86.5347397
901278780,2018,2,5,800,Weekday,3+ Cars,No injury/unknown,FAILURE TO YIELD RIGHT OF WAY,SR37N & VERNAL,39.17562068,-86.56370604
901262228,2018,1,2,100,Weekday,1-Car,No injury/unknown,RAN OFF ROAD RIGHT,13TH & DUNN ST,39.175552,-86.528192