Master Record Number,Year,Month,Day,Hour,Weekend,Collision Type,Injury Type,Primary Factor,Reported_Location,Latitude,Longitude
901272690,2018,2,6,500,Weekday,1-Car,No injury/unknown,RAN OFF ROAD RIGHT,13TH & DUNN ST,39.175552,-86.528192
901319267,2018,3,6,500,Weekday,1-Car,No injury/unknown,RAN OFF ROAD RIGHT,13TH & N DUNN ST,39.175552,-86.528192
901539648,2018,11,7,300,Weekend,Moped/Motorcycle,Non-incapacitating,DRIVER ILLNESS,N DUNN ST & W 13TH,39.175552,-86.528192
901343505,2018,4,6,1100,Weekday,2-Car,No injury/unknown,OTHER (DRIVER) - EXPLAIN IN NARRATIVE,N MADISON ST,39.1755262,-86.537696
901293897,2018,1,6,2100,Weekend,2-Car,Non-incapacitating,DISREGARD SIGNAL/REG SIGN,13TH & INDIANA AVE,39.175504,-86.527104
901454499,2018,6,7,200,Weekend,2-Car,Non-incapacitating,FAILURE TO YIELD RIGHT OF WAY,EAST 13TH ST & NORTH INDIANA,39.175504,-86.527104
901460701,2018,6,2,1400,Weekday,2-Car,No injury/unknown,FAILURE TO YIELD RIGHT OF WAY,13TH & INDIANA AVE,39.175504,-86.527104
901481373,2018,8,2,1600,Weekday,Cyclist,Non-incapacitating,FAILURE TO YIELD RIGHT OF WAY,13TH & INDIANA AVE,39.175504,-86.527104
901504792,2018,9,7,2300,Weekend,3+ Cars,Non-incapacitating,FAILURE TO YIELD RIGHT OF WAY,13TH & INDIANA AVE,39.175504,-86.527104
901515995,2018,10,1,1100,Weekend,2-Car,No injury/unknown,DRIVER DISTRACTED - EXPLAIN IN NARRATIVE,13TH ST & INDIANA,39.175504,-86.527104
901523685,2018,10,5,2100,Weekday,2-Car,No injury/unknown,FAILURE TO YIELD RIGHT OF WAY,13TH & INDIANA AVE,39.175504,-86.527104
901527276,2018,11,6,1300,Weekday,Moped/Motorcycle,No injury/unknown,FAILURE TO YIELD RIGHT OF WAY,13TH ST & INDIANA,39.175504,-86.527104
901527806,2018,11,7,1700,Weekend,2-Car,No injury/unknown,FAILURE TO YIELD RIGHT OF WAY,13TH & INDIANA AVE,39.175504,-86.527104
901345382,2018,5,2,1500,Weekday,2-Car,No injury/unknown,,NORTH JORDAN AVE,39.175443,-86.513899
901524161,2018,10,7,1500,Weekend,2-Car,Non-incapacitating,DRIVER DISTRACTED - EXPLAIN IN NARRATIVE,E 13TH & N FESS AVE,39.17544,-86.525824
901510170,2018,10,3,1400,Weekday,2-Car,Non-incapacitating,FAILURE TO YIELD RIGHT OF WAY,LAW & N JORDAN AVE,39.17539053,-86.51397285
901306064,2018,3,4,800,Weekday,3+ Cars,No injury/unknown,OTHER (DRIVER) - EXPLAIN IN NARRATIVE,THIRTEENTH ST & WOODLAWN,39.175344,-86.523488
901339889,2018,4,7,1500,Weekend,2-Car,No injury/unknown,FAILURE TO YIELD RIGHT OF WAY,13TH ST & WOODLAWN,39.175344,-86.523488
901257972,2018,1,7,700,Weekend,2-Car,No injury/unknown,SPEED TOO FAST FOR WEATHER CONDITIONS,E TAMARRON DR DR,39.175328,-86.484249
901599509,2018,12,2,1600,Weekday,2-Car,No injury/unknown,,RANGE RD,39.175303,-86.495549
901331142,2018,4,6,2000,Weekend,2-Car,No injury/unknown,FAILURE TO YIELD RIGHT OF WAY,13TH & INDIANA AVE,39.17524,-86.527
901485375,2018,8,3,1300,Weekday,Cyclist,Non-incapacitating,FAILURE TO YIELD RIGHT OF WAY,INDIANA AVE & THIRTEENTH,39.17523983,-86.52698792
901263072,2018,1,3,1400,Weekday,2-Car,No injury/unknown,UNSAFE BACKING,E 13TH ST,39.17521746,-86.52061527
901483681,2018,8,6,1900,Weekend,2-Car,No injury/unknown,UNSAFE BACKING,MADISON ST & THIRD,39.17519445,-86.53741
901261544,2018,1,5,700,Weekday,2-Car,Non-incapacitating,FOLLOWING TOO CLOSELY,CRESCENT RD & VERNAL,39.17517726,-86.55650149
901330153,2018,4,4,1600,Weekday,3+ Cars,Non-incapacitating,FOLLOWING TOO CLOSELY,SR37N & VERNAL,39.17515901,-86.56435905
901251970,2018,1,6,300,Weekday,2-Car,No injury/unknown,OTHER (DRIVER) - EXPLAIN IN NARRATIVE,13TH & 900 NORTH ILLINOIS ST,39.175152,-86.55152
901337566,2018,4,5,1600,Weekday,2-Car,No injury/unknown,UNSAFE BACKING,N FEE LN,39.175152,-86.518992
901551909,2018,12,1,1400,Weekend,1-Car,No injury/unknown,RAN OFF ROAD RIGHT,RUSSELL & SR45E,39.17513055,-86.48154205
901263066,2018,1,1,1300,Weekend,2-Car,No injury/unknown,UNSAFE BACKING,NORTH FEE LN,39.175113,-86.519036
901554548,2018,12,5,800,Weekday,2-Car,No injury/unknown,OTHER (DRIVER) - EXPLAIN IN NARRATIVE,N FEE LN,39.175113,-86.519036
901343603,2018,4,1,2100,Weekday,1-Car,No injury/unknown,OTHER (DRIVER) - EXPLAIN IN NARRATIVE,N MONROE ST & ORRIS,39.17504,-86.547104
901515268,2018,10,7,200,Weekend,2-Car,No injury/unknown,OTHER (DRIVER) - EXPLAIN IN NARRATIVE,WEST 13TH STREET BLOOMINGTON ST,39.175016,-86.548996
901508000,2018,10,6,1100,Weekday,2-Car,No injury/unknown,UNSAFE BACKING,CAMPUS VIEW DR & UNION,39.17499,-86.50882568
901525109,2018,11,3,0,Weekday,1-Car,Non-incapacitating,ANIMAL/OBJECT IN ROADWAY,10TH ST & RUSSELL,39.17489326,-86.48131836
901279729,2018,2,2,1000,Weekday,2-Car,Non-incapacitating,FAILURE TO YIELD RIGHT OF WAY,3RD & WILLIAMSBURG DR,39.17479434,-86.49658
901470995,2018,7,2,1600,Weekday,2-Car,No injury/unknown,FAILURE TO YIELD RIGHT OF WAY,PETE ELLIS DR & THIRD,39.17478434,-86.49496
901305181,2018,3,2,700,Weekday,2-Car,No injury/unknown,FAILURE TO YIELD RIGHT OF WAY,SR37N & VERNAL,39.17469734,-86.56501204
901317514,2018,3,6,0,Weekday,2-Car,No injury/unknown,IMPROPER PASSING,N LINCOLN & W 12TH ST,39.174416,-86.530992
901343992,2018,4,7,1900,Weekend,2-Car,No injury/unknown,OTHER (DRIVER) - EXPLAIN IN NARRATIVE,DUNN & E 12TH ST,39.174416,-86.528304
901387159,2018,5,6,1700,Weekday,2-Car,Non-incapacitating,FAILURE TO YIELD RIGHT OF WAY,12TH & INDIANA AVE,39.174368,-86.527088
901464891,2018,7,4,900,Weekday,2-Car,No injury/unknown,UNSAFE BACKING,901 EAST 12TH ST & INDIANA,39.174368,-86.527088
901517960,2018,10,4,1100,Weekday,2-Car,No injury/unknown,UNSAFE BACKING,EAST 12TH ST & INDIANA,39.174368,-86.527088
901404370,2018,5,6,1700,Weekday,Moped/Motorcycle,Non-incapacitating,IMPROPER LANE USAGE,WOODBRIDGE DR,39.174353,-86.492725
901260172,2018,1,3,2000,Weekday,2-Car,No injury/unknown,OVERCORRECTING/OVERSTEERING,12TH & ILLINOIS ST,39.174352,-86.5504
901304170,2018,2,7,200,Weekend,2-Car,No injury/unknown,IMPROPER TURNING,LINDBERGH & WEST 12TH ST,39.174352,-86.552592
901314564,2018,3,5,900,Weekday,Bus,No injury/unknown,FAILURE TO YIELD RIGHT OF WAY,12TH & NORTH WALNUT ST,39.174352,-86.533472
901330635,2018,4,5,1700,Weekday,2-Car,No injury/unknown,FAILURE TO YIELD RIGHT OF WAY,ILLINOIS & WEST 12TH ST,39.174352,-86.5504
901338920,2018,4,5,2100,Weekday,2-Car,No injury/unknown,UNSAFE BACKING,N SUMMIT ST & W 12TH,39.174352,-86.548
901359832,2018,5,5,1000,Weekday,1-Car,Non-incapacitating,DRIVER ILLNESS,N SUMMIT & W 12TH ST,39.174352,-86.548
901389840,2018,5,1,300,Weekend,Pedestrian,Non-incapacitating,IMPROPER TURNING,12TH ST,39.174352,-86.548
901523891,2018,10,1,200,Weekend,2-Car,No injury/unknown,,12TH ST & FESS,39.17434482,-86.52616068
901533551,2018,11,2,900,Weekday,2-Car,No injury/unknown,FAILURE TO YIELD RIGHT OF WAY,12TH ST & WOODLAWN,39.17428,-86.52355
901319791,2018,3,5,2000,Weekday,3+ Cars,No injury/unknown,SPEED TOO FAST FOR WEATHER CONDITIONS,11TH & COLLEGE AVE,39.17405597,-86.534752
901269241,2018,1,2,1500,Weekday,3+ Cars,Non-incapacitating,SPEED TOO FAST FOR WEATHER CONDITIONS,FEE LN & LAW,39.174048,-86.518896
901322295,2018,4,5,1700,Weekday,3+ Cars,No injury/unknown,FOLLOWING TOO CLOSELY,FEE LN & LAW,39.174048,-86.518896
901509377,2018,10,2,1400,Weekday,2-Car,No injury/unknown,FAILURE TO YIELD RIGHT OF WAY,FEE & LAW LN,39.174048,-86.518896
901511378,2018,10,5,1700,Weekday,Pedestrian,Non-incapacitating,FAILURE TO YIELD RIGHT OF WAY,FEE & LAW LN,39.174048,-86.518896
901515604,2018,10,6,1100,Weekday,2-Car,No injury/unknown,UNSAFE BACKING,E LAW LN & N FEE,39.174048,-86.518896
901541731,2018,11,3,1100,Weekday,Pedestrian,Non-incapacitating,PEDESTRIAN ACTION,FEE LN & LAW,39.174048,-86.518896
901385759,2018,5,6,1300,Weekday,1-Car,Non-incapacitating,OTHER (DRIVER) - EXPLAIN IN NARRATIVE,11TH & VERNAL PIKE,39.17404742,-86.55565346
901323661,2018,4,2,1400,Weekday,2-Car,No injury/unknown,FOLLOWING TOO CLOSELY,EAST LAW & NORTH FEE LN,39.17396,-86.51892
901325120,2018,4,4,200,Weekday,2-Car,No injury/unknown,OTHER (DRIVER) - EXPLAIN IN NARRATIVE,E LAW LN & N FEE,39.17396,-86.51894163
901521514,2018,10,3,1700,Weekday,2-Car,No injury/unknown,UNSAFE BACKING,FEE & LAW LN,39.1739436,-86.51820314
901558089,2018,12,3,2300,Weekday,2-Car,No injury/unknown,ENGINE FAILURE OR DEFECTIVE,JORDAN & LAW LN,39.17359871,-86.51583572
901323337,2018,4,1,900,Weekend,1-Car,No injury/unknown,BRAKE FAILURE OR DEFECTIVE,W VERNAL PIKE,39.173584,-86.555272
901319068,2018,3,3,1900,Weekday,2-Car,No injury/unknown,FAILURE TO YIELD RIGHT OF WAY,10TH & 3840 TAMARRON DR,39.17358351,-86.48214089
901517356,2018,10,3,900,Weekday,2-Car,No injury/unknown,OTHER (DRIVER) - EXPLAIN IN NARRATIVE,EAST 10 ST & TAMARRON,39.17358351,-86.48214089
901272398,2018,1,7,1200,Weekend,2-Car,No injury/unknown,DISREGARD SIGNAL/REG SIGN,JORDAN AVE & LAW,39.173552,-86.515488
901284404,2018,2,4,900,Weekday,2-Car,No injury/unknown,UNSAFE BACKING,JORDAN & LAW LN,39.173552,-86.515488
901299443,2018,2,4,2200,Weekday,2-Car,Non-incapacitating,FAILURE TO YIELD RIGHT OF WAY,E LAW LN & N JORDAN,39.173552,-86.515488
901321668,2018,3,4,1300,Weekday,2-Car,No injury/unknown,UNSAFE BACKING,LAW LN & NORTH JORDAN,39.173552,-86.515488
901342594,2018,4,4,1400,Weekday,2-Car,No injury/unknown,OTHER (VEHICLE) - EXPLAIN IN NARRATIVE,N JORDAN AVE,39.173552,-86.515488
901420921,2018,6,2,1500,Weekday,2-Car,No injury/unknown,OTHER (DRIVER) - EXPLAIN IN NARRATIVE,EAST LAW & NORTH JORDAN AVE,39.173552,-86.515488
901511458,2018,10,5,1800,Weekday,Cyclist,Incapacitating,FAILURE TO YIELD RIGHT OF WAY,E LAW & N JORDAN AVE,39.173552,-86.515488
901533343,2018,11,2,1900,Weekday,2-Car,No injury/unknown,DRIVER DISTRACTED - EXPLAIN IN NARRATIVE,JORDAN AVE & LAW,39.173552,-86.515488
901541984,2018,11,3,2100,Weekday,2-Car,No injury/unknown,FAILURE TO YIELD RIGHT OF WAY,JORDAN & LAW LN,39.173552,-86.515488
901501078,2018,9,7,100,Weekend,1-Car,No injury/unknown,RAN OFF ROAD RIGHT,11TH ST & N LINCOLN,39.17344,-86.530992
901521701,2018,10,3,1300,Weekday,2-Car,Non-incapacitating,FAILURE TO YIELD RIGHT OF WAY,11TH & WOODLAWN AVE,39.17344,-86.523616
901523413,2018,10,6,2200,Weekend,2-Car,No injury/unknown,FAILURE TO YIELD RIGHT OF WAY,E 11TH & N INDIANA AVE,39.17344,-86.527056
901278756,2018,2,6,1500,Weekday,2-Car,No injury/unknown,,NORTH COLLEGE AVE,39.173432,-86.534798
901500141,2018,9,5,900,Weekday,2-Car,No injury/unknown,FAILURE TO YIELD RIGHT OF WAY,ELEVENTH & WOODLAWN AVE,39.17342,-86.52352
901338980,2018,4,6,1500,Weekday,2-Car,No injury/unknown,UNSAFE BACKING,EAST LAW LN & NORTH JORDAN,39.17341,-86.51544
901550404,2018,12,1,1500,Weekend,2-Car,No injury/unknown,SPEED TOO FAST FOR WEATHER CONDITIONS,JORDAN & LAW LN,39.17341,-86.51544
901557221,2018,12,4,2300,Weekday,2-Car,No injury/unknown,SPEED TOO FAST FOR WEATHER CONDITIONS,11TH ST & WALNUT GROVE,39.17341,-86.5210273
901542750,2018,12,4,1400,Weekday,1-Car,No injury/unknown,OTHER (VEHICLE) - EXPLAIN IN NARRATIVE,N JORDAN AVE,39.173409,-86.515439
901473175,2018,7,6,1200,Weekday,Moped/Motorcycle,Non-incapacitating,FAILURE TO YIELD RIGHT OF WAY,CHEROKEE & ROGERS ST,39.17339421,-86.53884
901410699,2018,6,4,1800,Weekday,2-Car,No injury/unknown,UNSAFE BACKING,W VERNAL PIKE,39.17336622,-86.55511956
901277298,2018,2,4,1700,Weekday,2-Car,No injury/unknown,OTHER (DRIVER) - EXPLAIN IN NARRATIVE,ILLINOIS CT & N ILLINOIS,39.173344,-86.550304
901283403,2018,2,4,1600,Weekday,2-Car,No injury/unknown,UNSAFE BACKING,W 11TH ST,39.173344,-86.54734825
901304787,2018,2,4,700,Weekday,2-Car,Non-incapacitating,FOLLOWING TOO CLOSELY,W  11TH & W VERNAL PIKE,39.173344,-86.555104
901322367,2018,4,5,1100,Weekday,Moped/Motorcycle,Non-incapacitating,BRAKE FAILURE OR DEFECTIVE,11TH ST & ADAMS,39.173344,-86.549792
901349883,2018,5,5,1500,Weekday,2-Car,No injury/unknown,FAILURE TO YIELD RIGHT OF WAY,W 11TH ST & W VERNAL,39.173344,-86.555104
901510240,2018,10,3,1300,Weekday,2-Car,No injury/unknown,FAILURE TO YIELD RIGHT OF WAY,ADAMS & W 11TH ST,39.173344,-86.549792
901557789,2018,12,2,1900,Weekday,1-Car,No injury/unknown,RAN OFF ROAD RIGHT,N SUMMITT & W 11TH ST,39.173344,-86.548192
901492887,2018,9,4,1400,Weekday,3+ Cars,Non-incapacitating,FAILURE TO YIELD RIGHT OF WAY,11TH & FEE LN,39.17332407,-86.51891649
901267389,2018,1,2,2000,Weekday,1-Car,No injury/unknown,SPEED TOO FAST FOR WEATHER CONDITIONS,N WALNUT & W 11TH ST,39.17328,-86.53359
901536055,2018,11,5,2200,Weekday,2-Car,No injury/unknown,,WEST 11TH ST,39.173269,-86.536476
901261382,2018,1,5,1500,Weekday,1-Car,No injury/unknown,UNSAFE SPEED,11TH ST & ROGERS,39.17326,-86.53858
901560991,2018,12,2,1500,Weekday,2-Car,No injury/unknown,OTHER (DRIVER) - EXPLAIN IN NARRATIVE,1218 W 11TH ST & NORTH ADAMS,39.17325908,-86.54984173
901319063,2018,3,5,1500,Weekday,2-Car,No injury/unknown,FOLLOWING TOO CLOSELY,11TH & WALNUT ST,39.173248,-86.533488
901273199,2018,2,6,1900,Weekend,2-Car,No injury/unknown,FOLLOWING TOO CLOSELY,NORTH COLLEGE AVE & WEST 11TH,39.173232,-86.534752
901293866,2018,2,3,2300,Weekday,2-Car,No injury/unknown,FOLLOWING TOO CLOSELY,11 TH ST & COLLEGE,39.173232,-86.534752
901352135,2018,5,7,1200,Weekend,2-Car,No injury/unknown,FAILURE TO YIELD RIGHT OF WAY,11TH ST & COLLEGE,39.173232,-86.534752
901497851,2018,9,1,1300,Weekend,2-Car,No injury/unknown,IMPROPER TURNING,11TH & COLLEGE AVE,39.173232,-86.534752
901520575,2018,10,2,1300,Weekday,2-Car,Non-incapacitating,FAILURE TO YIELD RIGHT OF WAY,11TH ST & COLLEGE,39.173232,-86.534752
901337682,2018,4,5,1700,Weekday,Moped/Motorcycle,Incapacitating,FAILURE TO YIELD RIGHT OF WAY,MORTON & W 11TH ST,39.173216,-86.536
901509940,2018,10,3,1100,Weekday,2-Car,No injury/unknown,UNSAFE BACKING,W 11TH ST ST,39.173216,-86.536
901553348,2018,12,4,900,Weekday,2-Car,No injury/unknown,DISREGARD SIGNAL/REG SIGN,11TH & ROGERS ST,39.173184,-86.538528
901318333,2018,3,4,900,Weekday,1-Car,No injury/unknown,RAN OFF ROAD RIGHT,11TH ST & FAIRVIEW,39.17315449,-86.5406236
901253578,2018,1,3,1500,Weekday,Bus,No injury/unknown,FOLLOWING TOO CLOSELY,FAIRVIEW & W 11TH ST,39.173152,-86.5408
901331641,2018,4,1,1200,Weekend,1-Car,Non-incapacitating,OTHER (VEHICLE) - EXPLAIN IN NARRATIVE,N FAIRVIEW & W 11TH ST,39.173152,-86.5408
901376019,2018,5,4,600,Weekday,1-Car,No injury/unknown,OTHER (DRIVER) - EXPLAIN IN NARRATIVE,N FAIRVIEW & W 11TH ST,39.173152,-86.5408
901381499,2018,5,5,1200,Weekday,2-Car,No injury/unknown,FAILURE TO YIELD RIGHT OF WAY,11TH ST & FAIRVIEW,39.173152,-86.5408
901462950,2018,7,6,1800,Weekday,2-Car,No injury/unknown,FAILURE TO YIELD RIGHT OF WAY,11TH ST & FAIRVIEW,39.173152,-86.5408
901506491,2018,9,3,1700,Weekday,2-Car,No injury/unknown,UNSAFE BACKING,LAW LN,39.172986,-86.513406
901337399,2018,4,3,1500,Weekday,2-Car,Incapacitating,OTHER (DRIVER) - EXPLAIN IN NARRATIVE,SR37N & VERNAL PIKE,39.17285105,-86.56762445
901331475,2018,4,1,1500,Weekend,2-Car,No injury/unknown,OTHER (DRIVER) - EXPLAIN IN NARRATIVE,N FEE LN,39.17281455,-86.51879273
901426079,2018,6,3,1200,Weekday,2-Car,No injury/unknown,UNSAFE BACKING,N FEE LN,39.17281455,-86.51879273
901482485,2018,8,4,1600,Weekday,2-Car,No injury/unknown,UNSAFE BACKING,N FEE LN,39.17281455,-86.51879273
901500909,2018,9,4,1900,Weekday,2-Car,No injury/unknown,IMPROPER TURNING,N FEE LN,39.17281455,-86.51879273
901523987,2018,10,7,400,Weekend,1-Car,No injury/unknown,,N INDIANA AVE,39.17277061,-86.52704261
901311710,2018,3,4,1200,Weekday,2-Car,No injury/unknown,DRIVER DISTRACTED - EXPLAIN IN NARRATIVE,800 N SMITH RD & E 10TH,39.172752,-86.482288
901318452,2018,3,4,1400,Weekday,2-Car,No injury/unknown,FOLLOWING TOO CLOSELY,E 10TH & SMITH RD,39.172752,-86.482288
901322859,2018,4,7,1700,Weekend,2-Car,No injury/unknown,FOLLOWING TOO CLOSELY,E 10TH ST & N SMITH,39.172752,-86.482288
901471533,2018,7,3,1700,Weekday,1-Car,No injury/unknown,RAN OFF ROAD RIGHT,10TH & N SMITH RD,39.172752,-86.482288
901487574,2018,8,1,1300,Weekend,1-Car,Non-incapacitating,OVERCORRECTING/OVERSTEERING,EAST 10TH ST & SMITH,39.172752,-86.482288
901542476,2018,12,4,800,Weekday,1-Car,No injury/unknown,SPEED TOO FAST FOR WEATHER CONDITIONS,10TH ST & SMITH,39.172752,-86.482288
901263085,2018,1,4,1100,Weekday,2-Car,Non-incapacitating,FAILURE TO YIELD RIGHT OF WAY,COTTAGE & INDIANA AVE,39.17264,-86.52704
901278893,2018,2,7,300,Weekend,2-Car,No injury/unknown,DISREGARD SIGNAL/REG SIGN,COTTAGE GROVE AVE & GRANT,39.17264,-86.529696
901281165,2018,2,3,1700,Weekday,2-Car,No injury/unknown,FAILURE TO YIELD RIGHT OF WAY,E COTTAGE GROVE AVE & N PARK,39.17264,-86.52464
901287105,2018,2,6,1300,Weekday,3+ Cars,No injury/unknown,DRIVER DISTRACTED - EXPLAIN IN NARRATIVE,621 N PLYMOUTH ST & BEACON,39.17264,-86.475872
901328962,2018,4,2,1700,Weekday,2-Car,Non-incapacitating,FAILURE TO YIELD RIGHT OF WAY,COTTAGE GROVE & INDIANA AVE,39.17264,-86.52704
901330161,2018,4,4,1900,Weekday,2-Car,No injury/unknown,FAILURE TO YIELD RIGHT OF WAY,COTTAGE GROVE & INDIANA AVE,39.17264,-86.52704
901331132,2018,4,6,1500,Weekday,2-Car,No injury/unknown,FAILURE TO YIELD RIGHT OF WAY,COTTAGE GROVE & INDIANA AVE,39.17264,-86.52704
901400799,2018,5,4,1600,Weekday,2-Car,No injury/unknown,DRIVER DISTRACTED - EXPLAIN IN NARRATIVE,COTTAGE GROVE & N WALNUT ST,39.17264,-86.533504
901535284,2018,11,5,1100,Weekday,2-Car,Non-incapacitating,FAILURE TO YIELD RIGHT OF WAY,COTTAGE GRV & FORREST,39.17264,-86.522432
901548751,2018,12,5,1400,Weekday,2-Car,No injury/unknown,FAILURE TO YIELD RIGHT OF WAY,COTTAGE GROVE & INDIANA AVE,39.17264,-86.52704
901524992,2018,11,2,1500,Weekday,2-Car,Non-incapacitating,FOLLOWING TOO CLOSELY,SOUTH LIBERTY DR & WEST 3RD,39.17252923,-86.57913641
901342483,2018,4,4,1200,Weekday,2-Car,No injury/unknown,FAILURE TO YIELD RIGHT OF WAY,NORTH FEE LN,39.17252825,-86.51891463
901473269,2018,7,6,1500,Weekday,1-Car,Non-incapacitating,STEERING FAILURE,FEE LN,39.172519,-86.51892
901563224,2018,12,6,2300,Weekend,2-Car,No injury/unknown,UNSAFE BACKING,NORTH UNION ST,39.172342,-86.509659
901298042,2018,2,5,900,Weekday,2-Car,No injury/unknown,SPEED TOO FAST FOR WEATHER CONDITIONS,LAW LN & UNION,39.17234,-86.50963405
901546604,2018,12,2,1800,Weekday,1-Car,No injury/unknown,IMPROPER TURNING,LAW LN & UNION,39.17234,-86.50966
901279383,2018,2,2,300,Weekday,2-Car,No injury/unknown,SPEED TOO FAST FOR WEATHER CONDITIONS,10TH & COLLEGE AVE,39.17229329,-86.53476209
901542477,2018,12,4,700,Weekday,1-Car,No injury/unknown,SPEED TOO FAST FOR WEATHER CONDITIONS,10TH ST & SMITH,39.17223204,-86.48308653
901534189,2018,11,4,1400,Weekday,2-Car,No injury/unknown,UNSAFE BACKING,N WOODBRIDGE DR,39.172189,-86.490871
901497289,2018,9,6,0,Weekday,2-Car,No injury/unknown,OTHER (DRIVER) - EXPLAIN IN NARRATIVE,EAST BARRINGTON DR,39.172154,-86.488497
901264946,2018,1,4,1900,Weekday,2-Car,No injury/unknown,UNSAFE BACKING,N UNION ST,39.172144,-86.509392
901490994,2018,8,1,1400,Weekend,1-Car,No injury/unknown,UNSAFE BACKING,N UNION ST,39.172144,-86.509392
901525128,2018,10,6,1900,Weekend,2-Car,No injury/unknown,UNSAFE BACKING,N UNION ST,39.172144,-86.509392
901482480,2018,8,4,1500,Weekday,2-Car,Non-incapacitating,FOLLOWING TOO CLOSELY,N CURRY PIKE & WELMIR,39.17211939,-86.5830023
901319069,2018,2,3,300,Weekday,2-Car,No injury/unknown,FAILURE TO YIELD RIGHT OF WAY,10TH & COLLEGE AVE,39.17201865,-86.53476505
901464473,2018,7,3,1400,Weekday,Moped/Motorcycle,No injury/unknown,LEFT OF CENTER,NORTH CURRY PKWY,39.17196,-86.582979
901502542,2018,9,2,1400,Weekday,2-Car,No injury/unknown,UNSAFE LANE MOVEMENT,CURRY PIKE & PROFILE,39.17196,-86.58298
901533377,2018,11,2,2000,Weekday,Cyclist,No injury/unknown,DISREGARD SIGNAL/REG SIGN,CURRY PIKE & PROFILE,39.17196,-86.58298
901397162,2018,5,3,1700,Weekday,1-Car,No injury/unknown,OTHER (DRIVER) - EXPLAIN IN NARRATIVE,N COLLEGE AVE,39.17189584,-86.53476637
901254822,2018,1,2,1600,Weekday,2-Car,No injury/unknown,UNSAFE BACKING,WEST WHITEHALL CROSSING BLVD,39.171876,-86.572446
901273117,2018,2,6,1600,Weekday,2-Car,No injury/unknown,UNSAFE BACKING,W WHITEHALL CROSSING BLVD,39.171867,-86.572395
901325724,2018,4,5,1900,Weekday,Pedestrian,Non-incapacitating,OTHER (DRIVER) - EXPLAIN IN NARRATIVE,W WHITEHALL CROSSING BLVD,39.171867,-86.572395
901263637,2018,1,4,0,Weekday,1-Car,Non-incapacitating,RAN OFF ROAD RIGHT,E 10TH ST & GRANDVIEW,39.17184,-86.487488
901274840,2018,2,6,1500,Weekday,2-Car,No injury/unknown,UNSAFE BACKING,N DANIELS WAY,39.171793,-86.598321
901341968,2018,4,3,1200,Weekday,2-Car,No injury/unknown,FAILURE TO YIELD RIGHT OF WAY,N MORTON ST,39.17177404,-86.536
901498735,2018,9,2,1500,Weekday,2-Car,No injury/unknown,FOLLOWING TOO CLOSELY,JONES & JORDAN AVE,39.1717448,-86.51641
901531824,2018,11,7,0,Weekend,2-Car,No injury/unknown,FAILURE TO YIELD RIGHT OF WAY,10TH STREET ST & WALNUT,39.171744,-86.53387285
901254164,2018,1,4,1300,Weekday,1-Car,No injury/unknown,ACCELERATOR FAILURE OR DEFECTIVE,10TH & WALNUT ST,39.171744,-86.53352
901265676,2018,1,1,2000,Weekday,2-Car,No injury/unknown,FAILURE TO YIELD RIGHT OF WAY,N COLLEGE AVE & W 10TH,39.171744,-86.534768
901266623,2018,1,2,2100,Weekday,2-Car,No injury/unknown,ROADWAY SURFACE CONDITION,N COLLEGE AVE & W 10TH,39.171744,-86.534768
901283230,2018,2,4,1600,Weekday,2-Car,No injury/unknown,UNSAFE LANE MOVEMENT,10TH & 531 N WALNUT ST,39.171744,-86.53352
901290062,2018,2,2,2000,Weekday,2-Car,No injury/unknown,FOLLOWING TOO CLOSELY,10TH & COLLEGE AVE,39.171744,-86.534768
901312331,2018,3,5,2100,Weekday,2-Car,No injury/unknown,DISREGARD SIGNAL/REG SIGN,10TH ST & COLLEGE,39.171744,-86.534768
901319269,2018,3,6,1100,Weekday,2-Car,No injury/unknown,UNSAFE LANE MOVEMENT,10TH & COLLEGE AVE,39.171744,-86.534768
901319639,2018,3,7,300,Weekend,1-Car,No injury/unknown,DRIVER DISTRACTED - EXPLAIN IN NARRATIVE,N WALNUT ST,39.171744,-86.53352
901326621,2018,4,1,2200,Weekday,2-Car,Non-incapacitating,FAILURE TO YIELD RIGHT OF WAY,10TH & WALNUT ST,39.171744,-86.53352
901342683,2018,4,5,0,Weekday,2-Car,No injury/unknown,FOLLOWING TOO CLOSELY,COLLEGE & E 10 ST,39.171744,-86.534768
901352060,2018,5,7,400,Weekend,1-Car,No injury/unknown,OVERCORRECTING/OVERSTEERING,N COLLEGE AVE,39.171744,-86.534768
901458098,2018,6,4,1100,Weekday,2-Car,No injury/unknown,FOLLOWING TOO CLOSELY,10TH & COLLEGE AVE,39.171744,-86.534768
901463063,2018,7,7,700,Weekend,2-Car,No injury/unknown,IMPROPER LANE USAGE,10TH & COLLEGE AVE,39.171744,-86.534768
901475045,2018,7,3,1600,Weekday,2-Car,No injury/unknown,FOLLOWING TOO CLOSELY,10TH & NORTH WALNUT ST,39.171744,-86.53352
901484017,2018,8,7,1200,Weekend,2-Car,No injury/unknown,FAILURE TO YIELD RIGHT OF WAY,10TH ST & COLLEGE,39.171744,-86.534768
901491782,2018,8,2,1500,Weekday,2-Car,No injury/unknown,LEFT OF CENTER,10TH & COLLEGE AVE,39.171744,-86.534768