Master Record Number,Year,Month,Day,Hour,Weekend,Collision Type,Injury Type,Primary Factor,Reported_Location,Latitude,Longitude
901491853,2018,8,2,2000,Weekday,2-Car,No injury/unknown,DISREGARD SIGNAL/REG SIGN,10TH & WALNUT ST,39.171744,-86.53352
901494305,2018,9,7,1000,Weekend,2-Car,No injury/unknown,IMPROPER TURNING,10TH & COLLEGE AVE,39.171744,-86.534768
901504490,2018,9,6,1400,Weekday,2-Car,No injury/unknown,FOLLOWING TOO CLOSELY,N COLLEGE AVE & W 10TH,39.171744,-86.534768
901508370,2018,10,7,1200,Weekend,3+ Cars,No injury/unknown,SPEED TOO FAST FOR WEATHER CONDITIONS,10TH & 500 NORTH WALNUT ST,39.171744,-86.53352
901508676,2018,10,1,900,Weekend,2-Car,No injury/unknown,UNSAFE LANE MOVEMENT,10TH & COLLEGE AVE,39.171744,-86.534768
901531986,2018,11,7,1800,Weekend,2-Car,No injury/unknown,IMPROPER TURNING,10TH & COLLEGE AVE,39.171744,-86.534768
901534516,2018,11,4,800,Weekday,2-Car,Non-incapacitating,DISREGARD SIGNAL/REG SIGN,10TH ST ST & COLLEGE AVE,39.171744,-86.534768
901543308,2018,12,5,1300,Weekday,2-Car,No injury/unknown,DISREGARD SIGNAL/REG SIGN,10TH & COLLEGE AVE,39.171744,-86.534768
901325100,2018,4,4,1400,Weekday,2-Car,No injury/unknown,UNSAFE BACKING,NORTH WOODLAWN AVE,39.171742,-86.5235
901501988,2018,9,1,1700,Weekend,2-Car,No injury/unknown,UNSAFE BACKING,E 10TH ST,39.17173878,-86.53315429
901254544,2018,1,5,900,Weekday,1-Car,No injury/unknown,SPEED TOO FAST FOR WEATHER CONDITIONS,10TH ST & LINCOLN,39.171712,-86.530992
901526940,2018,11,6,200,Weekday,2-Car,No injury/unknown,DISREGARD SIGNAL/REG SIGN,10TH ST & LINCOLN,39.171712,-86.530992
901489495,2018,8,4,1800,Weekday,2-Car,No injury/unknown,,E 10TH ST,39.17170939,-86.53078041
901501272,2018,9,5,1300,Weekday,2-Car,No injury/unknown,UNSAFE BACKING,NORTH WALNUT ST,39.171704,-86.533578
901330919,2018,4,6,900,Weekday,2-Car,No injury/unknown,,S FESS AVE,39.17170384,-86.52576065
901266624,2018,1,7,300,Weekend,2-Car,No injury/unknown,IMPROPER LANE USAGE,612  N GRANT ST & E 10TH,39.171696,-86.529696
901317052,2018,3,2,900,Weekday,2-Car,No injury/unknown,FAILURE TO YIELD RIGHT OF WAY,10TH ST & GRANT,39.171696,-86.529696
901507634,2018,10,6,0,Weekday,2-Car,Non-incapacitating,FAILURE TO YIELD RIGHT OF WAY,10TH ST & GRANT,39.171696,-86.529696
901319593,2018,3,6,1600,Weekday,Cyclist,Non-incapacitating,FAILURE TO YIELD RIGHT OF WAY,E 10TH & N DUNN ST,39.17168,-86.528256
901353671,2018,5,1,300,Weekend,1-Car,No injury/unknown,RAN OFF ROAD RIGHT,E 10TH & N DUNN ST,39.17168,-86.528256
901362361,2018,5,7,400,Weekend,1-Car,No injury/unknown,RAN OFF ROAD RIGHT,E 10TH & N DUNN ST,39.17168,-86.528256
901504775,2018,9,3,1800,Weekday,2-Car,Non-incapacitating,FOLLOWING TOO CLOSELY,10TH ST & INDIANA,39.17168,-86.527024
901520949,2018,10,2,2200,Weekday,Cyclist,Non-incapacitating,PEDESTRIAN ACTION,E 10TH ST & INDIANA,39.17168,-86.527024
901544844,2018,12,7,1500,Weekend,2-Car,No injury/unknown,FOLLOWING TOO CLOSELY,E 10TH ST & N DUNN,39.17168,-86.528256
901311643,2018,3,3,900,Weekday,2-Car,Incapacitating,FAILURE TO YIELD RIGHT OF WAY,EAST TENTH ST & FESS,39.171664,-86.52576
901331121,2018,4,1,1500,Weekend,Moped/Motorcycle,Non-incapacitating,FOLLOWING TOO CLOSELY,FESS & TENTH ST,39.171664,-86.52576
901339940,2018,4,7,2000,Weekend,2-Car,No injury/unknown,FAILURE TO YIELD RIGHT OF WAY,10TH ST & FESS,39.171664,-86.52576
901344135,2018,5,1,1900,Weekday,2-Car,No injury/unknown,FOLLOWING TOO CLOSELY,EAST 10TH ST & NORTH FESS,39.171664,-86.52576
901478475,2018,8,3,1800,Weekday,2-Car,No injury/unknown,DRIVER DISTRACTED - EXPLAIN IN NARRATIVE,10TH ST & FESS,39.171664,-86.52576
901300002,2018,2,6,0,Weekday,2-Car,No injury/unknown,FAILURE TO YIELD RIGHT OF WAY,N COLLEGE AVE & W 10 TH,39.17166,-86.53483
901319563,2018,3,6,1700,Weekday,1-Car,No injury/unknown,RAN OFF ROAD RIGHT,E TENTH ST,39.171659,-86.533453
901329062,2018,3,2,2000,Weekday,2-Car,Non-incapacitating,OTHER (DRIVER) - EXPLAIN IN NARRATIVE,1OTH ST & INDIANA,39.17165433,-86.52688265
901490520,2018,8,4,2000,Weekday,2-Car,No injury/unknown,FAILURE TO YIELD RIGHT OF WAY,10TH ST & WASHINGTON,39.17165,-86.53233
901269243,2018,1,2,2200,Weekday,1-Car,No injury/unknown,SPEED TOO FAST FOR WEATHER CONDITIONS,10TH ST & JEFFERSON,39.17164801,-86.50673515
901444082,2018,6,1,2000,Weekday,1-Car,No injury/unknown,SPEED TOO FAST FOR WEATHER CONDITIONS,10TH ST & JEFFERSON,39.17164801,-86.50673515
901513615,2018,10,3,1000,Weekday,1-Car,No injury/unknown,OTHER (DRIVER) - EXPLAIN IN NARRATIVE,10TH ST & JEFFERSON,39.17164801,-86.50682337
901542909,2018,12,5,100,Weekday,2-Car,No injury/unknown,OTHER (DRIVER) - EXPLAIN IN NARRATIVE,10TH ST & JEFFERSON,39.171648,-86.50691158
901251971,2018,1,7,500,Weekend,1-Car,Non-incapacitating,ANIMAL/OBJECT IN ROADWAY,E 10TH & SR45 46,39.171648,-86.502096
901264710,2018,1,4,1800,Weekday,2-Car,No injury/unknown,LEFT OF CENTER,10TH & STATE ROAD 45 46 BYP,39.171648,-86.502096
901269244,2018,1,2,2200,Weekday,2-Car,No injury/unknown,ROADWAY SURFACE CONDITION,10TH ST & JEFFERSON,39.171648,-86.507088
901284085,2018,2,2,1500,Weekday,2-Car,No injury/unknown,UNSAFE BACKING,E 10TH ST,39.171648,-86.50435515
901285602,2018,2,5,1600,Weekday,2-Car,Non-incapacitating,FOLLOWING TOO CLOSELY,EAST 10TH & STATE ROAD 45 46 BYP,39.171648,-86.502096
901295884,2018,2,4,1700,Weekday,Pedestrian,Non-incapacitating,FAILURE TO YIELD RIGHT OF WAY,10TH ST & PARK,39.171648,-86.524608
901303072,2018,1,6,2300,Weekend,2-Car,Non-incapacitating,DRIVER DISTRACTED - EXPLAIN IN NARRATIVE,10TH & SR46N,39.171648,-86.502096
901306108,2018,1,5,2200,Weekday,2-Car,No injury/unknown,LEFT OF CENTER,10TH & SR46S,39.171648,-86.502096
901308246,2018,3,6,1400,Weekday,2-Car,Non-incapacitating,FOLLOWING TOO CLOSELY,10TH & SR45 46S,39.171648,-86.502096
901319806,2018,3,7,1600,Weekend,2-Car,Non-incapacitating,OTHER (DRIVER) - EXPLAIN IN NARRATIVE,10TH & STATE RD 45 46 BYP,39.171648,-86.502096
901325445,2018,4,4,1800,Weekday,2-Car,No injury/unknown,FAILURE TO YIELD RIGHT OF WAY,10TH & SR46E,39.171648,-86.502096
901330154,2018,4,4,1800,Weekday,3+ Cars,No injury/unknown,FOLLOWING TOO CLOSELY,E 10TH ST & PARK,39.171648,-86.524608
901339882,2018,4,7,1600,Weekend,3+ Cars,No injury/unknown,FAILURE TO YIELD RIGHT OF WAY,10TH ST & PARK,39.171648,-86.524608
901341682,2018,4,2,1400,Weekday,Pedestrian,Non-incapacitating,OTHER (DRIVER) - EXPLAIN IN NARRATIVE,E 10TH ST,39.171648,-86.502096
901349742,2018,5,5,1500,Weekday,2-Car,No injury/unknown,UNSAFE BACKING,E 10TH & N JEFFERSON ST,39.171648,-86.507088
901349841,2018,5,1,1400,Weekend,3+ Cars,No injury/unknown,FOLLOWING TOO CLOSELY,10TH & SR46W,39.171648,-86.502096
901395743,2018,5,3,900,Weekday,2-Car,Non-incapacitating,FAILURE TO YIELD RIGHT OF WAY,500 N JEFFERSON & EAST TENTH ST,39.171648,-86.507088
901457062,2018,6,2,1400,Weekday,1-Car,No injury/unknown,ROADWAY SURFACE CONDITION,10TH ST & JEFFERSON,39.171648,-86.507088
901480162,2018,8,5,1800,Weekday,2-Car,No injury/unknown,FAILURE TO YIELD RIGHT OF WAY,E 10TH & SR46,39.171648,-86.502096
901492983,2018,9,4,1700,Weekday,2-Car,Non-incapacitating,FAILURE TO YIELD RIGHT OF WAY,10TH ST & PARK,39.171648,-86.524608
901503431,2018,9,4,1700,Weekday,3+ Cars,No injury/unknown,FOLLOWING TOO CLOSELY,E 10TH & SR46S,39.171648,-86.502096
901530581,2018,11,5,300,Weekday,1-Car,Non-incapacitating,RAN OFF ROAD RIGHT,E 10TH ST & N JEFFERSON,39.171648,-86.507088
901534798,2018,11,4,1800,Weekday,2-Car,No injury/unknown,IMPROPER LANE USAGE,10TH & SR46E,39.171648,-86.502096
901555733,2018,12,6,1600,Weekday,2-Car,No injury/unknown,,E 10TH ST,39.171648,-86.502096
901548054,2018,12,4,1300,Weekday,2-Car,No injury/unknown,OTHER (DRIVER) - EXPLAIN IN NARRATIVE,E TENTH ST,39.17164,-86.523488
901522082,2018,10,4,1600,Weekday,2-Car,No injury/unknown,UNSAFE BACKING,E 10TH ST,39.17163861,-86.50163896
901496356,2018,9,4,1800,Weekday,2-Car,No injury/unknown,OTHER (DRIVER) - EXPLAIN IN NARRATIVE,E 10TH ST,39.17163691,-86.51839554
901519530,2018,10,6,2200,Weekend,2-Car,Non-incapacitating,FOLLOWING TOO CLOSELY,10TH ST & WALNUT,39.17163691,-86.52097735
901269237,2018,1,7,200,Weekend,2-Car,No injury/unknown,FAILURE TO YIELD RIGHT OF WAY,10TH ST & WOODLAWN,39.171632,-86.523536
901272391,2018,1,5,1800,Weekday,2-Car,Non-incapacitating,FAILURE TO YIELD RIGHT OF WAY,10TH ST & WOODLAWN,39.171632,-86.523536
901280152,2018,2,2,2300,Weekday,2-Car,No injury/unknown,FAILURE TO YIELD RIGHT OF WAY,600 N WOODLAWN & 900 E 10TH ST,39.171632,-86.523536
901306708,2018,3,4,2200,Weekday,3+ Cars,No injury/unknown,FOLLOWING TOO CLOSELY,E 10TH ST & WOODLAWN,39.171632,-86.523536
901317506,2018,3,2,1700,Weekday,2-Car,Non-incapacitating,FAILURE TO YIELD RIGHT OF WAY,10TH ST & WOODLAWN,39.171632,-86.523536
901342151,2018,4,3,1800,Weekday,2-Car,No injury/unknown,FOLLOWING TOO CLOSELY,10TH ST & WOODLAWN,39.171632,-86.523536
901460778,2018,6,2,1800,Weekday,2-Car,No injury/unknown,FOLLOWING TOO CLOSELY,10TH & WOODLAWN AVE,39.171632,-86.523536
901489856,2018,8,5,1200,Weekday,2-Car,No injury/unknown,FAILURE TO YIELD RIGHT OF WAY,10TH ST & WOODLAWN,39.171632,-86.523536
901494443,2018,9,7,2100,Weekend,2-Car,No injury/unknown,DRIVER DISTRACTED - EXPLAIN IN NARRATIVE,10TH ST & WOODLAWN,39.171632,-86.523536
901552801,2018,12,3,1400,Weekday,2-Car,No injury/unknown,OTHER (DRIVER) - EXPLAIN IN NARRATIVE,E 10TH & N WOODLAWN AVE,39.171632,-86.523536
901541397,2018,11,2,2100,Weekday,2-Car,No injury/unknown,SPEED TOO FAST FOR WEATHER CONDITIONS,10TH ST & WOODLAWN,39.17163001,-86.52339488
901263077,2018,1,4,1200,Weekday,2-Car,No injury/unknown,FOLLOWING TOO CLOSELY,FORREST & TENTH ST,39.17163,-86.52238
901263079,2018,1,4,1200,Weekday,2-Car,Non-incapacitating,UNSAFE SPEED,10TH ST & FORREST,39.17163,-86.52238
901553339,2018,12,4,1000,Weekday,2-Car,No injury/unknown,FOLLOWING TOO CLOSELY,10TH ST & FORREST,39.17163,-86.52238
901468100,2018,7,3,1700,Weekday,2-Car,No injury/unknown,UNSAFE BACKING,10TH & FORREST AVE,39.171616,-86.5224
901507156,2018,9,4,1300,Weekday,2-Car,No injury/unknown,UNSAFE BACKING,E 10TH ST,39.171616,-86.5224
901531714,2018,11,6,2300,Weekend,2-Car,No injury/unknown,IMPROPER TURNING,10TH & FORREST AVE,39.171616,-86.5224
901464915,2018,7,4,1000,Weekday,2-Car,No injury/unknown,OTHER (DRIVER) - EXPLAIN IN NARRATIVE,EAST TENTH ST,39.17161,-86.518435
901534940,2018,11,4,1400,Weekday,2-Car,No injury/unknown,UNSAFE BACKING,1309 E 10TH (N PARKING LOT) ST & FEE,39.17161,-86.5186853
901318504,2018,3,4,1700,Weekday,2-Car,No injury/unknown,FAILURE TO YIELD RIGHT OF WAY,10TH & UNION ST,39.1716093,-86.50937927
901264945,2018,1,3,800,Weekday,1-Car,No injury/unknown,UNSAFE BACKING,E TENTH ST,39.171609,-86.518314
901284079,2018,2,2,900,Weekday,2-Car,No injury/unknown,OTHER (ENVIRONMENTAL) - EXPLAIN IN NARR,EAST TENTH ST,39.171609,-86.518314
901284084,2018,2,2,1400,Weekday,2-Car,No injury/unknown,UNSAFE BACKING,EAST TENTH ST,39.171609,-86.518314
901358679,2018,5,4,1500,Weekday,2-Car,No injury/unknown,UNSAFE BACKING,EAST 10TH ST,39.171609,-86.518314
901396560,2018,5,1,2100,Weekday,2-Car,No injury/unknown,RAN OFF ROAD RIGHT,E 10TH ST,39.171609,-86.518314
901482362,2018,8,2,1900,Weekday,2-Car,No injury/unknown,OTHER (DRIVER) - EXPLAIN IN NARRATIVE,EAST 10TH ST,39.171609,-86.518314
901517067,2018,10,3,0,Weekday,2-Car,No injury/unknown,UNSAFE BACKING,EAST 10TH ST,39.171609,-86.518314
901518674,2018,10,5,1800,Weekday,2-Car,No injury/unknown,UNSAFE BACKING,E 10TH ST,39.171609,-86.518314
901280539,2018,2,3,200,Weekday,1-Car,No injury/unknown,OVERCORRECTING/OVERSTEERING,1100  E 10TH ST & WALNUT GROVE,39.1716,-86.520896
901283443,2018,2,3,1300,Weekday,2-Car,No injury/unknown,UNSAFE SPEED,10TH ST & WALNUT,39.17159809,-86.52063138
901268752,2018,1,5,1200,Weekday,2-Car,Non-incapacitating,FOLLOWING TOO CLOSELY,10TH ST & SR46,39.17159731,-86.49962693
901263060,2018,1,4,800,Weekday,1-Car,No injury/unknown,ROADWAY SURFACE CONDITION,CAMPBELL & EAST TENTH ST,39.17159,-86.51394
901319901,2018,3,7,1600,Weekend,2-Car,No injury/unknown,OTHER (DRIVER) - EXPLAIN IN NARRATIVE,EAST 10TH ST,39.17159,-86.513939
901346470,2018,5,3,1700,Weekday,2-Car,No injury/unknown,FOLLOWING TOO CLOSELY,10TH ST & CAMPBELL,39.17159,-86.51394
901534110,2018,11,3,2200,Weekday,2-Car,No injury/unknown,FOLLOWING TOO CLOSELY,EAST 10TH & NORTH JORDAN AVE,39.17159,-86.51566
901550585,2018,12,1,2000,Weekday,2-Car,No injury/unknown,FOLLOWING TOO CLOSELY,10TH ST & JORDAN,39.17159,-86.51565567
901264944,2018,1,1,2100,Weekday,2-Car,No injury/unknown,OTHER (DRIVER) - EXPLAIN IN NARRATIVE,E 10TH ST & N FEE,39.171584,-86.518688
901272402,2018,1,1,0,Weekend,2-Car,No injury/unknown,FAILURE TO YIELD RIGHT OF WAY,10TH ST & FEE,39.171584,-86.518688
901284086,2018,2,2,1600,Weekday,2-Car,No injury/unknown,SPEED TOO FAST FOR WEATHER CONDITIONS,E 10TH ST & FEE,39.171584,-86.518688
901325698,2018,4,5,1900,Weekday,2-Car,No injury/unknown,FOLLOWING TOO CLOSELY,E 10TH ST & N FEE,39.171584,-86.518688
901461793,2018,6,4,1400,Weekday,2-Car,No injury/unknown,FOLLOWING TOO CLOSELY,E 10TH ST & N FEE,39.171584,-86.518688
901473630,2018,7,7,2300,Weekend,1-Car,Non-incapacitating,OBSTRUCTION NOT MARKED,E 10TH ST & N FEE,39.171584,-86.518688
901491261,2018,8,6,1200,Weekday,2-Car,Non-incapacitating,FOLLOWING TOO CLOSELY,EAST TENTH ST & FEE,39.171584,-86.518688
901492981,2018,9,4,1800,Weekday,Moped/Motorcycle,Non-incapacitating,FAILURE TO YIELD RIGHT OF WAY,E 10TH ST & N FEE,39.171584,-86.518688
901499226,2018,9,3,1500,Weekday,Cyclist,Non-incapacitating,FAILURE TO YIELD RIGHT OF WAY,11TH ST & FEE,39.171584,-86.518688
901508161,2018,10,6,2100,Weekend,2-Car,No injury/unknown,FAILURE TO YIELD RIGHT OF WAY,10TH ST & FEE,39.171584,-86.518688
901515817,2018,10,7,1600,Weekend,2-Car,No injury/unknown,CELL PHONE USAGE,11TH ST & FEE,39.171584,-86.518688
901529553,2018,11,2,1800,Weekday,2-Car,No injury/unknown,FOLLOWING TOO CLOSELY,10TH ST & FEE,39.171584,-86.518688
901318089,2018,3,3,1700,Weekday,2-Car,No injury/unknown,FOLLOWING TOO CLOSELY,10TH ST & SUNRISE,39.17158,-86.51250595
901318941,2018,3,5,1200,Weekday,3+ Cars,Non-incapacitating,CELL PHONE USAGE,10TH ST & SUNRISE,39.17158,-86.51248649
901331192,2018,4,7,0,Weekend,1-Car,Non-incapacitating,UNSAFE SPEED,10TH ST & SUNRISE,39.17158,-86.51248
901453004,2018,6,5,1600,Weekday,2-Car,No injury/unknown,FOLLOWING TOO CLOSELY,10TH ST & SUNRISE,39.17158,-86.51248
901492456,2018,8,3,1700,Weekday,2-Car,No injury/unknown,FOLLOWING TOO CLOSELY,E 10TH ST & N SUNRISE,39.17158,-86.51248433
901492953,2018,9,4,1800,Weekday,2-Car,No injury/unknown,FOLLOWING TOO CLOSELY,10TH ST & SUNRISE,39.17158,-86.51248
901497321,2018,9,6,1400,Weekday,3+ Cars,No injury/unknown,FOLLOWING TOO CLOSELY,10TH ST & SUNRISE,39.17158,-86.51248
901505873,2018,9,2,1900,Weekday,2-Car,No injury/unknown,FOLLOWING TOO CLOSELY,EAST 10TH ST & SUNRISE,39.17158,-86.51248
901508323,2018,10,7,1200,Weekend,2-Car,No injury/unknown,SPEED TOO FAST FOR WEATHER CONDITIONS,10TH ST & SUNRISE,39.17158,-86.51248
901515114,2018,10,5,2200,Weekday,2-Car,No injury/unknown,OTHER (DRIVER) - EXPLAIN IN NARRATIVE,EAST 10TH ST,39.17158,-86.512479
901523744,2018,10,7,2300,Weekend,2-Car,No injury/unknown,FOLLOWING TOO CLOSELY,10TH ST & SUNRISE,39.17158,-86.51248
901524126,2018,10,7,1600,Weekend,2-Car,No injury/unknown,FOLLOWING TOO CLOSELY,E 10TH ST & SUNRISE,39.17158,-86.51248
901551761,2018,12,2,1500,Weekday,2-Car,No injury/unknown,UNSAFE BACKING,10TH & SUNRISE AVE,39.17158,-86.51248
901263113,2018,1,5,1700,Weekday,3+ Cars,No injury/unknown,DRIVER DISTRACTED - EXPLAIN IN NARRATIVE,10TH ST & FEE,39.17157828,-86.51815878
901263073,2018,1,3,1600,Weekday,2-Car,Non-incapacitating,FAILURE TO YIELD RIGHT OF WAY,E 10TH ST,39.17157747,-86.51808392
901499278,2018,9,3,1800,Weekday,Cyclist,Non-incapacitating,WRONG WAY ON ONE WAY,E 10TH ST,39.17157747,-86.51808392
901501029,2018,9,6,2200,Weekend,2-Car,No injury/unknown,,E 10TH ST,39.17157747,-86.51808392
901533013,2018,11,2,1100,Weekday,1-Car,No injury/unknown,UNSAFE BACKING,E 10TH ST,39.17157747,-86.51808392
901295883,2018,2,4,1600,Weekday,Bus,No injury/unknown,DRIVER DISTRACTED - EXPLAIN IN NARRATIVE,10TH ST & FEE,39.17157638,-86.51798237
901537661,2018,11,2,1800,Weekday,2-Car,No injury/unknown,FOLLOWING TOO CLOSELY,10TH ST & FEE,39.17157638,-86.51798237
901472924,2018,7,6,600,Weekday,1-Car,No injury/unknown,OBSTRUCTION NOT MARKED,10TH ST & JORDAN,39.17156345,-86.51678644
901487412,2018,8,7,500,Weekend,1-Car,Non-incapacitating,RAN OFF ROAD RIGHT,10TH ST & JORDAN,39.17155964,-86.51643363
901324286,2018,4,3,0,Weekday,2-Car,No injury/unknown,OTHER (DRIVER) - EXPLAIN IN NARRATIVE,EAST TENTH ST,39.171558,-86.510279
901543604,2018,12,5,1800,Weekday,2-Car,No injury/unknown,IMPROPER PASSING,10TH ST & JORDAN,39.17155582,-86.51608081
901282544,2018,2,4,900,Weekday,2-Car,No injury/unknown,UNSAFE BACKING,1900 E 10TH (EIGENMANN S DR) ST & UNION,39.17155495,-86.50946165
901314351,2018,3,3,800,Weekday,2-Car,No injury/unknown,FAILURE TO YIELD RIGHT OF WAY,E 10TH ST & SR 46,39.17155495,-86.50224214
901418279,2018,6,1,1100,Weekend,2-Car,No injury/unknown,DISREGARD SIGNAL/REG SIGN,10TH ST & SR46N,39.17155495,-86.50224214
901459796,2018,6,1,1300,Weekend,2-Car,No injury/unknown,FAILURE TO YIELD RIGHT OF WAY,SR45N & TENTH,39.17155495,-86.50224214
901462055,2018,7,5,700,Weekday,2-Car,No injury/unknown,FOLLOWING TOO CLOSELY,E 10TH ST & SR 45 46,39.17155495,-86.50224214
901479803,2018,8,6,700,Weekday,2-Car,Non-incapacitating,FAILURE TO YIELD RIGHT OF WAY,10TH ST & SR46E,39.17155495,-86.50229404
901549309,2018,12,6,1200,Weekday,2-Car,Non-incapacitating,OTHER (DRIVER) - EXPLAIN IN NARRATIVE,10TH & SR46S,39.17155495,-86.50224214
901272395,2018,1,6,1600,Weekday,3+ Cars,Non-incapacitating,FOLLOWING TOO CLOSELY,10TH ST & RANGE,39.17155281,-86.4974281
901263065,2018,1,1,900,Weekend,2-Car,No injury/unknown,FOLLOWING TOO CLOSELY,1400 EAST TENTH ST & 600 NORTH JORDAN,39.171552,-86.515728
901284088,2018,2,2,1700,Weekday,Bus,No injury/unknown,SPEED TOO FAST FOR WEATHER CONDITIONS,10TH & JORDAN AVE,39.171552,-86.515728
901284091,2018,2,2,1700,Weekday,2-Car,No injury/unknown,SPEED TOO FAST FOR WEATHER CONDITIONS,EAST 10TH & JORDAN AVE,39.171552,-86.515728
901303331,2018,2,6,1300,Weekday,2-Car,No injury/unknown,UNSAFE BACKING,10TH & JORDAN AVE,39.171552,-86.515728
901344104,2018,5,1,1800,Weekend,2-Car,No injury/unknown,FAILURE TO YIELD RIGHT OF WAY,10TH & JORDAN AVE,39.171552,-86.515728
901353579,2018,5,1,1700,Weekend,Pedestrian,Non-incapacitating,OTHER (DRIVER) - EXPLAIN IN NARRATIVE,10TH ST & JORDAN,39.171552,-86.515728
901514493,2018,10,4,1900,Weekday,2-Car,Non-incapacitating,FAILURE TO YIELD RIGHT OF WAY,10TH & JORDAN AVE,39.171552,-86.515728
901519586,2018,10,7,1400,Weekend,2-Car,No injury/unknown,IMPROPER LANE USAGE,E 10TH ST & JORDAN,39.171552,-86.515728
901523538,2018,10,7,800,Weekend,2-Car,No injury/unknown,DISREGARD SIGNAL/REG SIGN,10TH & JORDAN AVE,39.171552,-86.515728
901523634,2018,10,6,2100,Weekend,2-Car,No injury/unknown,IMPROPER LANE USAGE,10TH ST & JORDAN,39.171552,-86.515728
901529099,2018,11,2,1800,Weekday,2-Car,No injury/unknown,FOLLOWING TOO CLOSELY,10TH ST & JORDAN,39.171552,-86.515728
901323584,2018,4,2,1300,Weekday,2-Car,No injury/unknown,UNSAFE BACKING,JORDAN & TENTH ST,39.17155153,-86.5156498
901506494,2018,9,3,1900,Weekday,2-Car,No injury/unknown,FAILURE TO YIELD RIGHT OF WAY,EAST 10TH & NORTH UNION ST,39.17155,-86.50945
901494455,2018,9,6,1800,Weekday,Moped/Motorcycle,Non-incapacitating,DRIVER DISTRACTED - EXPLAIN IN NARRATIVE,SR45,39.17154828,-86.49329066
901557493,2018,12,3,800,Weekday,2-Car,No injury/unknown,OVERCORRECTING/OVERSTEERING,EAST TENTH ST,39.171547,-86.499113
901492759,2018,9,4,1100,Weekday,2-Car,No injury/unknown,FOLLOWING TOO CLOSELY,2800 EAST 10 ST ST,39.171539,-86.498632
901495002,2018,9,1,2300,Weekday,1-Car,No injury/unknown,ANIMAL/OBJECT IN ROADWAY,FLEENER RD & HASH,39.17153535,-86.4017051
901486601,2018,8,5,1700,Weekday,2-Car,No injury/unknown,DRIVER DISTRACTED - EXPLAIN IN NARRATIVE,E TENTH ST,39.171535,-86.501929
901284082,2018,2,2,1300,Weekday,2-Car,No injury/unknown,UNSAFE BACKING,E TENTH ST,39.171532,-86.502078
901265514,2018,1,3,1900,Weekday,2-Car,No injury/unknown,FOLLOWING TOO CLOSELY,2600 E 10TH ST & SR 45 46,39.17153,-86.5022263
901357199,2018,5,2,2100,Weekday,1-Car,No injury/unknown,RAN OFF ROAD RIGHT,10TH ST & PETE ELLIS,39.17151537,-86.49566454
901507370,2018,9,5,900,Weekday,2-Car,No injury/unknown,FOLLOWING TOO CLOSELY,10TH ST & PETE ELLIS,39.17151537,-86.49566454
901275778,2018,2,3,800,Weekday,2-Car,No injury/unknown,OTHER (DRIVER) - EXPLAIN IN NARRATIVE,E 10TH ST,39.171504,-86.49504533
901276263,2018,2,3,1600,Weekday,3+ Cars,Non-incapacitating,FOLLOWING TOO CLOSELY,10TH ST & PETE ELLIS,39.171504,-86.49460631
901305883,2018,3,3,2100,Weekday,2-Car,No injury/unknown,FOLLOWING TOO CLOSELY,E 10TH ST & PETE ELLIS,39.171504,-86.495312
901312688,2018,3,6,1200,Weekday,2-Car,No injury/unknown,FOLLOWING TOO CLOSELY,3200 E 10TH ST & N RANGE,39.171504,-86.495312
901342236,2018,4,4,200,Weekday,1-Car,No injury/unknown,RAN OFF ROAD RIGHT,E 10TH ST ST,39.171504,-86.512288
901405307,2018,5,2,300,Weekday,1-Car,Non-incapacitating,LEFT OF CENTER,E 10TH ST & N RANGE,39.171504,-86.495312
901466788,2018,7,1,1300,Weekend,2-Car,No injury/unknown,IMPROPER TURNING,E 10TH ST & RANGE,39.171504,-86.495312
901476183,2018,7,5,1700,Weekday,Cyclist,Non-incapacitating,OTHER (DRIVER) - EXPLAIN IN NARRATIVE,E 10TH ST & JOHN HINKLE,39.171504,-86.49296
901487106,2018,8,6,1900,Weekend,2-Car,No injury/unknown,UNSAFE SPEED,E 10TH ST,39.171504,-86.49509867
901510182,2018,10,3,1700,Weekday,2-Car,No injury/unknown,FAILURE TO YIELD RIGHT OF WAY,E 10TH ST & PETE ELLIS,39.171504,-86.495312
901512404,2018,10,1,1100,Weekend,2-Car,No injury/unknown,FAILURE TO YIELD RIGHT OF WAY,10TH ST & PETE ELLIS,39.171504,-86.495312
901534799,2018,11,4,1800,Weekday,2-Car,No injury/unknown,IMPROPER PASSING,EAST 10TH ST & JOHN HINKLE,39.171504,-86.49296
901349904,2018,5,5,1600,Weekday,3+ Cars,Non-incapacitating,FOLLOWING TOO CLOSELY,E 10TH (SR45) ST & RANGE,39.17149,-86.4953281
901343673,2018,4,6,1900,Weekend,2-Car,No injury/unknown,UNSAFE BACKING,E 10TH ST,39.17148274,-86.51035318
901340118,2018,4,1,1300,Weekend,2-Car,Non-incapacitating,SPEED TOO FAST FOR WEATHER CONDITIONS,10TH ST & UNION,39.17147588,-86.50972881
901343884,2018,5,7,1900,Weekend,2-Car,Non-incapacitating,DISREGARD SIGNAL/REG SIGN,EAST 10TH ST & NORTH UNION,39.171472,-86.509376