Master Record Number,Year,Month,Day,Hour,Weekend,Collision Type,Injury Type,Primary Factor,Reported_Location,Latitude,Longitude
901489055,2018,8,3,2100,Weekday,2-Car,No injury/unknown,OTHER (DRIVER) - EXPLAIN IN NARRATIVE,EAST 10TH ST & NORTH UNION,39.171472,-86.509376
901495711,2018,9,3,1500,Weekday,2-Car,No injury/unknown,FAILURE TO YIELD RIGHT OF WAY,E 10TH ST & N UNION,39.171472,-86.509376
901523461,2018,10,7,400,Weekend,2-Car,No injury/unknown,FAILURE TO YIELD RIGHT OF WAY,10TH ST & UNION,39.171472,-86.509376
901545025,2018,12,1,800,Weekend,2-Car,No injury/unknown,ROADWAY SURFACE CONDITION,E 10TH ST,39.171472,-86.509376
901519366,2018,10,6,1000,Weekday,2-Car,No injury/unknown,IMPROPER TURNING,10TH & COLLEGE AVE,39.17146934,-86.534768
901512309,2018,10,1,200,Weekend,2-Car,No injury/unknown,UNSAFE BACKING,10TH ST & UNION,39.17146707,-86.50902321
901550352,2018,12,1,1500,Weekend,2-Car,No injury/unknown,SPEED TOO FAST FOR WEATHER CONDITIONS,10TH ST & JEFFERSON,39.17141,-86.50721
901516037,2018,10,1,1200,Weekend,2-Car,No injury/unknown,FOLLOWING TOO CLOSELY,10TH & ROGERS ST,39.1714,-86.5386
901272393,2018,1,6,1500,Weekday,2-Car,No injury/unknown,FAILURE TO YIELD RIGHT OF WAY,10TH & UNION ST,39.17137588,-86.50937413
901439153,2018,6,6,1200,Weekday,2-Car,No injury/unknown,OTHER (DRIVER) - EXPLAIN IN NARRATIVE,E JOHN HINKLE PL,39.171344,-86.49296
901269922,2018,1,1,700,Weekend,1-Car,No injury/unknown,SPEED TOO FAST FOR WEATHER CONDITIONS,N SMITH RD,39.171248,-86.481328
901503926,2018,9,5,1600,Weekday,2-Car,No injury/unknown,UNSAFE BACKING,N ADAMS ST & W 10TH,39.171248,-86.549696
901321321,2018,3,3,2000,Weekday,2-Car,No injury/unknown,FOLLOWING TOO CLOSELY,7TH & FORREST AVE,39.17110474,-86.52105931
901528289,2018,11,1,100,Weekend,2-Car,No injury/unknown,IMPROPER TURNING,10TH & UNION ST,39.17106006,-86.509368
901260679,2018,1,5,1100,Weekday,1-Car,No injury/unknown,RAN OFF ROAD RIGHT,SR48W & STATE ROAD 43,39.17095389,-86.68193883
901554949,2018,12,6,900,Weekday,1-Car,No injury/unknown,SPEED TOO FAST FOR WEATHER CONDITIONS,SR43N & SR48W,39.17095389,-86.68152709
901539763,2018,11,6,1600,Weekday,2-Car,No injury/unknown,FAILURE TO YIELD RIGHT OF WAY,GATES DR & WEST 3RD,39.17093965,-86.57621992
901262329,2018,1,2,800,Weekday,2-Car,No injury/unknown,FOLLOWING TOO CLOSELY,SR37S & WHITEHALL CROSSING,39.17092315,-86.57029132
901527868,2018,11,7,2100,Weekend,2-Car,No injury/unknown,IMPROPER TURNING,9TH & DUNN ST,39.17081864,-86.52824387
901481674,2018,8,3,1100,Weekday,1-Car,No injury/unknown,IMPROPER TURNING,N WASHINGTON ST ST,39.17071314,-86.5324
901522736,2018,10,5,1200,Weekday,2-Car,No injury/unknown,IMPROPER LANE USAGE,9TH & FESS AVE,39.17068129,-86.52573192
901488035,2018,8,5,1800,Weekday,2-Car,No injury/unknown,OTHER (DRIVER) - EXPLAIN IN NARRATIVE,SR43S & SR48W,39.17064,-86.680896
901289826,2018,2,2,1500,Weekday,2-Car,No injury/unknown,,N JACOBS DR,39.170623,-86.572334
901258267,2018,1,1,1900,Weekday,2-Car,No injury/unknown,FAILURE TO YIELD RIGHT OF WAY,9TH & N DUNN ST,39.170544,-86.52824
901261838,2018,1,6,1500,Weekday,2-Car,No injury/unknown,FAILURE TO YIELD RIGHT OF WAY,9TH & COLLEGE AVE,39.170544,-86.534768
901265513,2018,1,7,1900,Weekend,2-Car,No injury/unknown,IMPROPER LANE USAGE,9TH & N COLLEGE AVE,39.170544,-86.534768
901272995,2018,2,6,1300,Weekday,2-Car,Non-incapacitating,FAILURE TO YIELD RIGHT OF WAY,9TH & LINCOLN ST,39.170544,-86.530992
901322904,2018,4,7,2300,Weekend,2-Car,No injury/unknown,FAILURE TO YIELD RIGHT OF WAY,9TH & WALNUT ST,39.170544,-86.533536
901325488,2018,4,5,1000,Weekday,2-Car,Non-incapacitating,FAILURE TO YIELD RIGHT OF WAY,9TH & LINCOLN ST,39.170544,-86.530992
901339895,2018,4,7,1700,Weekend,2-Car,No injury/unknown,IMPROPER LANE USAGE,9TH & COLLEGE AVE,39.170544,-86.534768
901341987,2018,4,3,1200,Weekday,2-Car,No injury/unknown,UNSAFE LANE MOVEMENT,9TH & COLLEGE AVE,39.170544,-86.534768
901343549,2018,4,6,100,Weekday,2-Car,No injury/unknown,FAILURE TO YIELD RIGHT OF WAY,9TH & DUNN ST,39.170544,-86.52824
901347966,2018,5,4,1400,Weekday,2-Car,No injury/unknown,FAILURE TO YIELD RIGHT OF WAY,9TH & N GRANT ST,39.170544,-86.529696
901461317,2018,6,3,1300,Weekday,Cyclist,Non-incapacitating,PEDESTRIAN ACTION,9TH & COLLEGE AVE,39.170544,-86.534768
901490911,2018,8,1,1100,Weekend,2-Car,No injury/unknown,IMPROPER LANE USAGE,N COLEGE AVE & W 9TH,39.170544,-86.534768
901495010,2018,9,2,1500,Weekday,2-Car,No injury/unknown,UNSAFE LANE MOVEMENT,COLLEGE AVE & W 9TH,39.170544,-86.534768
901498762,2018,9,2,1600,Weekday,2-Car,No injury/unknown,FAILURE TO YIELD RIGHT OF WAY,9TH & INDIANA AVE,39.170544,-86.526992
901500501,2018,9,6,200,Weekday,2-Car,No injury/unknown,DISREGARD SIGNAL/REG SIGN,E 9TH & N INDIANA AVE,39.170544,-86.526992
901518415,2018,10,5,900,Weekday,2-Car,No injury/unknown,FAILURE TO YIELD RIGHT OF WAY,9TH & GRANT ST,39.170544,-86.529696
901520768,2018,10,2,1500,Weekday,2-Car,No injury/unknown,FAILURE TO YIELD RIGHT OF WAY,E 9TH ST & S DUNN,39.170544,-86.52824
901521523,2018,10,3,1800,Weekday,2-Car,No injury/unknown,FAILURE TO YIELD RIGHT OF WAY,N COLLEGE & W 9TH ST,39.170544,-86.534768
901525401,2018,11,3,1900,Weekday,2-Car,No injury/unknown,FOLLOWING TOO CLOSELY,9TH & COLLEGE AVE,39.170544,-86.534768
901534137,2018,11,3,2100,Weekday,2-Car,No injury/unknown,IMPROPER TURNING,9TH & N COLLEGE AVE,39.170544,-86.534768
901308023,2018,3,5,1900,Weekday,2-Car,No injury/unknown,OTHER (DRIVER) - EXPLAIN IN NARRATIVE,PROFILE PARKWAY & ZENITH DR,39.17048,-86.59236134
901263092,2018,1,6,1100,Weekday,2-Car,No injury/unknown,UNSAFE BACKING,17TH & 510 EAST 17TH (PARKING LOT) ST,39.1704689,-86.53351758
901277936,2018,2,5,1100,Weekday,2-Car,No injury/unknown,FAILURE TO YIELD RIGHT OF WAY,9 ST & COLLEGE AVE AVE,39.17046,-86.53485
901303425,2018,2,7,1900,Weekend,2-Car,No injury/unknown,UNSAFE BACKING,N JACOBS DR,39.170437,-86.572506
901489986,2018,8,5,1500,Weekday,2-Car,No injury/unknown,UNSAFE LANE MOVEMENT,9TH & WALNUT ST,39.17040668,-86.53353822
901439720,2018,6,6,1400,Weekday,3+ Cars,Non-incapacitating,SPEED TOO FAST FOR WEATHER CONDITIONS,E 10TH & SR46E,39.17036824,-86.50145612
901288884,2018,2,7,1100,Weekend,2-Car,No injury/unknown,UNSAFE BACKING,WEST SUSAN DR,39.170262,-86.572671
901261428,2018,1,5,2000,Weekday,3+ Cars,Non-incapacitating,FOLLOWING TOO CLOSELY,EASTGATE & SR46,39.17024,-86.501392
901267105,2018,1,3,900,Weekday,Bus,No injury/unknown,UNSAFE LANE MOVEMENT,EASTGATE & SR45E,39.17024,-86.501392
901272462,2018,2,5,900,Weekday,2-Car,No injury/unknown,OTHER (DRIVER) - EXPLAIN IN NARRATIVE,EASTGATE & SR4546N,39.17024,-86.501392
901279176,2018,2,1,700,Weekend,1-Car,No injury/unknown,LEFT OF CENTER,EASTGATE & SR45S,39.17024,-86.501392
901308688,2018,3,1,1700,Weekend,2-Car,No injury/unknown,FOLLOWING TOO CLOSELY,EASTGATE & STATE ROAD 45 46 BYP,39.17024,-86.501392
901319923,2018,3,1,1800,Weekend,2-Car,No injury/unknown,FOLLOWING TOO CLOSELY,EASTGATE & SR46E,39.17024,-86.501392
901380439,2018,5,5,800,Weekday,Cyclist,Non-incapacitating,FAILURE TO YIELD RIGHT OF WAY,EASTGATE & SR46E,39.17024,-86.501392
901454241,2018,6,6,1700,Weekday,2-Car,No injury/unknown,IMPROPER TURNING,EASTGATE & SR46,39.17024,-86.501392
901463194,2018,7,7,1500,Weekend,1-Car,No injury/unknown,OTHER (DRIVER) - EXPLAIN IN NARRATIVE,EASTGATE & STATE ROAD 45 46 BYP,39.17024,-86.501392
901475035,2018,7,7,1300,Weekend,2-Car,No injury/unknown,IMPROPER LANE USAGE,E EASTGATE LN & SR4546,39.17024,-86.501392
901543260,2018,11,2,1900,Weekday,2-Car,No injury/unknown,IMPROPER PASSING,EASTGATE & SR46E,39.17024,-86.501392
901342514,2018,4,4,1200,Weekday,2-Car,No injury/unknown,IMPROPER PASSING,EASTGATE & SR46N,39.17017866,-86.50147033
901362779,2018,5,6,1700,Weekday,2-Car,No injury/unknown,FOLLOWING TOO CLOSELY,EAST GATE & SR46W,39.17017866,-86.50147033
901267672,2018,1,3,800,Weekday,2-Car,No injury/unknown,ROADWAY SURFACE CONDITION,DANIELS WAY DR & ZENITH,39.17015,-86.5983
901492465,2018,8,3,1800,Weekday,2-Car,No injury/unknown,FOLLOWING TOO CLOSELY,EASTGATE & SR 46 RD,39.17015,-86.50148
901561162,2018,12,2,1900,Weekday,2-Car,No injury/unknown,LEFT OF CENTER,DANIELS & ZENITH DR,39.17015,-86.5983
901271317,2018,1,1,1800,Weekend,1-Car,No injury/unknown,ANIMAL/OBJECT IN ROADWAY,S ROCKPORT & SR37N,39.17012479,-86.56719724
901498791,2018,9,2,2000,Weekday,2-Car,No injury/unknown,IMPROPER TURNING,N COLLEGE AVE,39.17009861,-86.53477518
901287504,2018,2,6,2100,Weekend,2-Car,Non-incapacitating,UNSAFE SPEED,9TH & COLLEGE AVE,39.16999473,-86.53477686
901302342,2018,2,5,1700,Weekday,2-Car,Non-incapacitating,DRIVER DISTRACTED - EXPLAIN IN NARRATIVE,EASTGATE & SR46S,39.16998405,-86.50126402
901475716,2018,7,4,1200,Weekday,2-Car,No injury/unknown,OTHER (DRIVER) - EXPLAIN IN NARRATIVE,EASTGATE & SR46E,39.16998405,-86.50126402
901550563,2018,12,1,1600,Weekend,2-Car,No injury/unknown,SPEED TOO FAST FOR WEATHER CONDITIONS,W 8TH ST & W VERNAL,39.16995,-86.55011
901263580,2018,1,3,1400,Weekday,1-Car,No injury/unknown,OTHER (VEHICLE) - EXPLAIN IN NARRATIVE,N ADAMS ST & W VERNAL,39.16984,-86.549696
901319508,2018,3,5,2000,Weekday,1-Car,No injury/unknown,OTHER (DRIVER) - EXPLAIN IN NARRATIVE,N ADAMS ST & W VERNAL,39.16984,-86.549696
901462999,2018,7,6,1700,Weekday,1-Car,No injury/unknown,OTHER (DRIVER) - EXPLAIN IN NARRATIVE,N ADAMS ST & W VERNAL,39.16984,-86.549696
901525404,2018,10,5,2000,Weekday,2-Car,No injury/unknown,IMPROPER LANE USAGE,8TH & COLLEGE AVE,39.16982663,-86.53477957
901481080,2018,8,1,0,Weekend,2-Car,No injury/unknown,OTHER (DRIVER) - EXPLAIN IN NARRATIVE,N FESS AVE,39.16979265,-86.52571527
901337683,2018,4,5,1800,Weekday,2-Car,No injury/unknown,IMPROPER PASSING,8TH & MORTON ST,39.16977399,-86.536
901545685,2018,12,4,800,Weekday,1-Car,No injury/unknown,OTHER (ENVIRONMENTAL) - EXPLAIN IN NARR,SR48W & VERNAL PIKE,39.16971882,-86.67330116
901501270,2018,9,7,1300,Weekend,3+ Cars,Non-incapacitating,IMPROPER TURNING,HAY & WEST 8TH ST,39.169696,-86.553392
901340103,2018,4,1,100,Weekend,1-Car,No injury/unknown,ALCOHOLIC BEVERAGES,KIMBLE DR,39.169675,-86.567983
901372299,2018,5,3,400,Weekday,2-Car,No injury/unknown,UNSAFE LANE MOVEMENT,8TH & WASHINGTON ST,39.16966186,-86.5324
901307443,2018,2,6,1900,Weekend,2-Car,No injury/unknown,,E EASTGATE LN,39.16961661,-86.49980658
901500500,2018,9,6,100,Weekday,3+ Cars,No injury/unknown,UNSAFE SPEED,E 8TH ST & N INDIANA,39.169616,-86.52696
901460999,2018,6,3,800,Weekday,2-Car,No injury/unknown,OTHER (DRIVER) - EXPLAIN IN NARRATIVE,8TH & ROGER ST,39.169584,-86.538576
901534148,2018,11,3,2300,Weekday,2-Car,No injury/unknown,UNSAFE BACKING,E EASTGATE LN,39.1695838,-86.49972314
901481368,2018,8,2,1500,Weekday,1-Car,No injury/unknown,OTHER (DRIVER) - EXPLAIN IN NARRATIVE,MORTON ST,39.169568,-86.536
901458657,2018,6,5,1200,Weekday,2-Car,No injury/unknown,,E 8TH ST,39.16956767,-86.5245058
901464615,2018,7,3,1300,Weekday,2-Car,No injury/unknown,IMPROPER TURNING,N JACOB DR,39.169562,-86.573293
901505076,2018,9,1,0,Weekend,2-Car,No injury/unknown,OTHER (DRIVER) - EXPLAIN IN NARRATIVE,8TH ST & WALNUT,39.169552,-86.53372842
901306542,2018,3,4,1800,Weekday,2-Car,No injury/unknown,CELL PHONE USAGE,8TH ST & NORTH WALNUT,39.169552,-86.533552
901322673,2018,4,6,2300,Weekend,2-Car,No injury/unknown,UNSAFE LANE MOVEMENT,8TH & N COLLEGE ST,39.169552,-86.534784
901339979,2018,4,1,0,Weekend,2-Car,No injury/unknown,FAILURE TO YIELD RIGHT OF WAY,8TH & N WALNUT ST,39.169552,-86.533552
901340084,2018,4,1,1000,Weekend,2-Car,No injury/unknown,IMPROPER TURNING,8TH & COLLEGE AVE,39.169552,-86.534784
901351280,2018,5,6,1500,Weekday,2-Car,No injury/unknown,UNSAFE SPEED,N COLLEGE AVE & W 8TH,39.169552,-86.534784
901383407,2018,5,5,1500,Weekday,2-Car,No injury/unknown,FAILURE TO YIELD RIGHT OF WAY,8TH & WOODLAWN AVE,39.169552,-86.52344
901393622,2018,5,1,1400,Weekend,2-Car,No injury/unknown,FAILURE TO YIELD RIGHT OF WAY,8TH & NORTH WASHINGTON ST,39.169552,-86.5324
901415919,2018,6,7,1100,Weekend,2-Car,No injury/unknown,DISREGARD SIGNAL/REG SIGN,8TH ST & LINCOLN,39.169552,-86.530992
901461880,2018,6,4,1900,Weekday,2-Car,No injury/unknown,IMPROPER LANE USAGE,8TH & NORTH COLLEGE AVE,39.169552,-86.534784
901486116,2018,8,4,2200,Weekday,2-Car,No injury/unknown,IMPROPER TURNING,8TH & COLLEGE AVE,39.169552,-86.534784
901502844,2018,9,3,2100,Weekday,2-Car,Non-incapacitating,IMPROPER TURNING,8TH & COLLEGE AVE,39.169552,-86.534784
901504789,2018,9,1,0,Weekend,Pedestrian,Non-incapacitating,FAILURE TO YIELD RIGHT OF WAY,8TH ST & GRANT,39.169552,-86.529696
901506029,2018,9,2,1100,Weekday,2-Car,No injury/unknown,FAILURE TO YIELD RIGHT OF WAY,8TH & WASHINGTON ST,39.169552,-86.5324
901531001,2018,11,5,2100,Weekday,2-Car,No injury/unknown,,E 8TH ST & N WALNUT,39.169552,-86.533552
901541236,2018,11,2,1000,Weekday,2-Car,Non-incapacitating,IMPROPER TURNING,8TH & COLLEGE AVE,39.169552,-86.534784
901557262,2018,12,2,1000,Weekday,2-Car,No injury/unknown,FAILURE TO YIELD RIGHT OF WAY,8TH & ROGERS ST,39.16952,-86.53866
901310562,2018,3,3,1000,Weekday,2-Car,No injury/unknown,OVERCORRECTING/OVERSTEERING,EAST 8TH ST,39.16948,-86.524534
901500762,2018,9,6,1200,Weekday,Bus,No injury/unknown,IMPROPER LANE USAGE,8 TH ST & WALNUT ST ST,39.16948,-86.53357
901532109,2018,11,7,2200,Weekend,2-Car,No injury/unknown,IMPROPER TURNING,EASTGATE & SR46N,39.16947215,-86.50100806
901272399,2018,1,7,1700,Weekend,1-Car,No injury/unknown,OTHER (DRIVER) - EXPLAIN IN NARRATIVE,8TH ST & FOREST,39.16947,-86.52234
901323958,2018,4,2,1400,Weekday,Moped/Motorcycle,Non-incapacitating,UNSAFE SPEED,9TH & ADAMS ST,39.16937735,-86.54964924
901257949,2018,1,5,1000,Weekday,1-Car,No injury/unknown,SPEED TOO FAST FOR WEATHER CONDITIONS,AMY & N PETE ELLIS DR,39.169312,-86.495888
901294053,2018,2,4,800,Weekday,1-Car,No injury/unknown,RAN OFF ROAD RIGHT,AMY & N PETE ELLIS DR,39.169312,-86.495888
901490784,2018,8,7,400,Weekend,1-Car,No injury/unknown,HEADLIGHT DEFECTIVE OR NOT ON,AMY & PETE ELLIS DR,39.169312,-86.495888
901504409,2018,9,5,1500,Weekday,3+ Cars,No injury/unknown,FOLLOWING TOO CLOSELY,7TH & JORDAN AVE,39.16921765,-86.51598578
901507999,2018,10,6,1200,Weekday,2-Car,No injury/unknown,FOLLOWING TOO CLOSELY,7TH & JORDAN AVE,39.16921765,-86.51598578
901501376,2018,9,1,300,Weekend,2-Car,No injury/unknown,OTHER (DRIVER) - EXPLAIN IN NARRATIVE,7TH & DUNN ST,39.16918927,-86.52823272
901258206,2018,1,1,1100,Weekend,2-Car,No injury/unknown,UNSAFE BACKING,BLACK STONE CT & PARK RIDGE,39.16908,-86.47513081
901346303,2018,5,3,1300,Weekday,2-Car,No injury/unknown,UNSAFE BACKING,7TH & UNION ST,39.1690548,-86.50932906
901349608,2018,5,5,1400,Weekday,2-Car,No injury/unknown,FOLLOWING TOO CLOSELY,EASTGATE & SR46W,39.16896024,-86.50075211
901272401,2018,1,7,2000,Weekend,2-Car,No injury/unknown,FAILURE TO YIELD RIGHT OF WAY,7TH & NORTH JORDAN AVE,39.168944,-86.516016
901311711,2018,3,4,1300,Weekday,Pedestrian,Non-incapacitating,PEDESTRIAN ACTION,7TH & JORDAN AVE,39.168944,-86.516016
901333620,2018,4,2,1600,Weekday,Bus,No injury/unknown,IMPROPER TURNING,7TH ST & JORDAN,39.168944,-86.516016
901492409,2018,8,3,1500,Weekday,Cyclist,Non-incapacitating,FAILURE TO YIELD RIGHT OF WAY,EAST 7TH & NORTH JORDAN AVE,39.168944,-86.516016
901331148,2018,4,6,1000,Weekday,2-Car,No injury/unknown,UNSAFE BACKING,7TH & COLLEGE AVE,39.16893066,-86.534784
901331375,2018,4,1,0,Weekend,3+ Cars,No injury/unknown,UNSAFE LANE MOVEMENT,7TH & COLLEGE AVE,39.16893066,-86.534784
901348220,2018,5,4,1800,Weekday,2-Car,No injury/unknown,IMPROPER LANE USAGE,7TH & COLLEGE AVE,39.16893066,-86.534784
901278371,2018,2,3,200,Weekday,1-Car,No injury/unknown,ROADWAY SURFACE CONDITION,7TH ST & JORDAN,39.16889591,-86.51671896
901405185,2018,5,1,1800,Weekend,2-Car,No injury/unknown,UNSAFE LANE MOVEMENT,ALEXANDER & JACOB DR,39.16880921,-86.57355615
901343668,2018,4,6,1800,Weekday,2-Car,No injury/unknown,UNSAFE BACKING,EAST SEVENTH ST,39.16880238,-86.5182521
901278368,2018,2,7,1600,Weekend,2-Car,No injury/unknown,UNSAFE BACKING,EAST SEVENTH ST,39.168794,-86.518218
901483998,2018,8,7,1100,Weekend,2-Car,Non-incapacitating,OTHER (DRIVER) - EXPLAIN IN NARRATIVE,GATES & JONATHAN DR,39.16876,-86.57642
901343033,2018,4,5,1400,Weekday,2-Car,No injury/unknown,UNSAFE BACKING,E 7TH ST,39.168752,-86.5436
901503900,2018,9,5,1200,Weekday,2-Car,No injury/unknown,UNSAFE BACKING,E 7TH ST,39.168752,-86.5436
901549951,2018,12,7,1800,Weekend,2-Car,No injury/unknown,FAILURE TO YIELD RIGHT OF WAY,ALEXANDER & GATES DR,39.16872042,-86.57639067
901319745,2018,3,6,2200,Weekend,2-Car,No injury/unknown,,E 7TH ST & N CAMPBELL,39.168717,-86.51390697
901481301,2018,8,2,1600,Weekday,1-Car,No injury/unknown,RAN OFF ROAD RIGHT,7TH ST & CAMPBELL,39.168717,-86.51393292
901318797,2018,3,4,1200,Weekday,1-Car,No injury/unknown,OVERSIZE/OVERWEIGHT LOAD,7TH & ADAMS ST,39.16871282,-86.5495848
901303553,2018,2,1,900,Weekend,1-Car,No injury/unknown,OTHER (VEHICLE) - EXPLAIN IN NARRATIVE,7TH ST & ROGERS,39.168704,-86.538576
901312310,2018,3,5,1500,Weekday,2-Car,No injury/unknown,FOLLOWING TOO CLOSELY,7TH & ROGERS ST,39.168704,-86.538576
901453305,2018,6,6,200,Weekday,1-Car,No injury/unknown,DRIVER DISTRACTED - EXPLAIN IN NARRATIVE,7TH ST & ROGERS,39.168704,-86.538576
901496740,2018,9,4,800,Weekday,2-Car,No injury/unknown,FAILURE TO YIELD RIGHT OF WAY,7TH & ROGERS ST,39.168704,-86.538576
901468046,2018,7,3,1100,Weekday,2-Car,Non-incapacitating,FAILURE TO YIELD RIGHT OF WAY,N MADISON & W 7TH ST,39.168688,-86.537296
901514451,2018,10,4,1400,Weekday,2-Car,No injury/unknown,UNSAFE BACKING,200 W 7TH ST & N MORTON,39.168672,-86.536
901529688,2018,11,3,1400,Weekday,2-Car,No injury/unknown,UNSAFE BACKING,W 7TH ST,39.168672,-86.53646933
901504487,2018,9,5,1700,Weekday,2-Car,No injury/unknown,UNSAFE BACKING,W 7TH ST,39.16866318,-86.53532996
901269768,2018,1,7,1600,Weekend,2-Car,No injury/unknown,UNSAFE BACKING,N WALNUT ST,39.16865861,-86.53356767
901266630,2018,1,2,2300,Weekday,2-Car,No injury/unknown,IMPROPER TURNING,7TH & COLLEGE AVE,39.168656,-86.534784
901268678,2018,1,5,800,Weekday,2-Car,No injury/unknown,FOLLOWING TOO CLOSELY,7TH & COLLEGE AVE,39.168656,-86.534784
901288962,2018,1,5,1100,Weekday,2-Car,No injury/unknown,IMPROPER TURNING,7TH & COLLEGE AVE,39.168656,-86.534784
901296743,2018,2,3,800,Weekday,2-Car,No injury/unknown,ROADWAY SURFACE CONDITION,7TH & COLLEGE AVE,39.168656,-86.534784
901347488,2018,5,2,1300,Weekday,2-Car,No injury/unknown,OTHER (DRIVER) - EXPLAIN IN NARRATIVE,7TH & COLLEGE AVE,39.168656,-86.534784
901511532,2018,10,5,1200,Weekday,2-Car,No injury/unknown,FAILURE TO YIELD RIGHT OF WAY,N COLLEGE & W 7TH ST,39.168656,-86.534784
901515077,2018,10,4,1600,Weekday,2-Car,Non-incapacitating,FAILURE TO YIELD RIGHT OF WAY,7TH ST & COLLEGE,39.168656,-86.534784
901543732,2018,11,3,200,Weekday,1-Car,No injury/unknown,RAN OFF ROAD RIGHT,E 7TH ST ST & N COLLEGE,39.168656,-86.534784
901549684,2018,12,7,0,Weekend,2-Car,No injury/unknown,DISREGARD SIGNAL/REG SIGN,7TH & COLLEGE AVE,39.168656,-86.534784
901499174,2018,9,3,900,Weekday,2-Car,No injury/unknown,OTHER (DRIVER) - EXPLAIN IN NARRATIVE,W 7TH ST,39.16864327,-86.53381616
901265515,2018,1,7,1700,Weekend,2-Car,No injury/unknown,IMPROPER LANE USAGE,E 7TH & N WALNUT ST,39.16864,-86.533568
901265553,2018,1,1,300,Weekend,Pedestrian,Incapacitating,UNSAFE BACKING,7TH & WALNUT ST,39.16864,-86.533568
901266625,2018,1,6,2200,Weekend,2-Car,No injury/unknown,OTHER (DRIVER) - EXPLAIN IN NARRATIVE,N WALNUT ST,39.16864,-86.533568
901278191,2018,2,6,100,Weekday,2-Car,Non-incapacitating,FAILURE TO YIELD RIGHT OF WAY,7TH & WALNUT ST,39.16864,-86.533568
901278362,2018,2,6,800,Weekday,2-Car,No injury/unknown,DRIVER DISTRACTED - EXPLAIN IN NARRATIVE,7TH ST & INDIANA,39.16864,-86.526944
901278865,2018,2,6,2300,Weekend,Pedestrian,Non-incapacitating,FAILURE TO YIELD RIGHT OF WAY,7TH ST & WALNUT,39.16864,-86.533568
901300784,2018,2,2,1200,Weekday,2-Car,Non-incapacitating,DISREGARD SIGNAL/REG SIGN,7TH & WALNUT ST,39.16864,-86.533568
901303504,2018,2,1,800,Weekend,2-Car,No injury/unknown,FAILURE TO YIELD RIGHT OF WAY,7TH ST & INDIANA,39.16864,-86.526944
901340085,2018,4,1,1000,Weekend,2-Car,No injury/unknown,IMPROPER TURNING,7TH & WALNUT ST,39.16864,-86.533568
901457757,2018,6,3,2000,Weekday,2-Car,No injury/unknown,DISREGARD SIGNAL/REG SIGN,7TH & WALNUT ST,39.16864,-86.533568
901463221,2018,7,7,2000,Weekend,2-Car,Non-incapacitating,IMPROPER TURNING,7TH & N WALNUT ST,39.16864,-86.533568
901464686,2018,7,4,0,Weekday,1-Car,No injury/unknown,RAN OFF ROAD RIGHT,7TH ST & GRANT,39.16864,-86.529696
901466759,2018,7,1,1000,Weekend,2-Car,No injury/unknown,DISREGARD SIGNAL/REG SIGN,7TH & WALNUT ST,39.16864,-86.533568
901481551,2018,8,3,800,Weekday,Bus,No injury/unknown,OTHER (DRIVER) - EXPLAIN IN NARRATIVE,E 7TH ST & N INDIANA,39.16864,-86.526944
901489039,2018,8,3,1200,Weekday,2-Car,No injury/unknown,,E 7TH ST,39.16864,-86.53176784
901494184,2018,9,6,1900,Weekend,1-Car,Incapacitating,DRIVER ILLNESS,7TH ST & NORTH PARK,39.16864,-86.524496
901494689,2018,9,1,1300,Weekend,2-Car,No injury/unknown,UNSAFE BACKING,7TH ST & WASHINGTON,39.16864,-86.5324
901503001,2018,9,3,1300,Weekday,1-Car,No injury/unknown,OTHER (DRIVER) - EXPLAIN IN NARRATIVE,441 N WOODLAWN ALY & WOODLAWN,39.16864,-86.523392
901505960,2018,9,3,200,Weekday,2-Car,No injury/unknown,UNSAFE BACKING,7TH & WALNUT ST,39.16864,-86.533568
901512317,2018,10,1,300,Weekend,2-Car,No injury/unknown,IMPROPER LANE USAGE,7TH & WALNUT ST,39.16864,-86.533568
901514500,2018,9,7,1800,Weekend,1-Car,Non-incapacitating,UNSAFE LANE MOVEMENT,600 E 7TH ST & INDIANA,39.16864,-86.526944
901519526,2018,10,7,1500,Weekend,2-Car,No injury/unknown,IMPROPER LANE USAGE,E 7TH & N WALNUT ST,39.16864,-86.533568
901550004,2018,12,7,0,Weekend,Pedestrian,Non-incapacitating,PEDESTRIAN ACTION,7TH & NORTH WALNUT ST,39.16864,-86.533568
901418259,2018,6,1,1000,Weekend,2-Car,No injury/unknown,UNSAFE BACKING,E 7TH ST,39.16862958,-86.52294205
901267969,2018,1,4,1000,Weekday,2-Car,No injury/unknown,OTHER (DRIVER) - EXPLAIN IN NARRATIVE,N JACOBS DR,39.168612,-86.57356
901309642,2018,3,2,1700,Weekday,2-Car,No injury/unknown,UNSAFE BACKING,N GATES DR,39.168601,-86.576415
901290502,2018,2,3,900,Weekday,2-Car,No injury/unknown,UNSAFE BACKING,N GATES DR,39.1685804,-86.57639067
901517011,2018,10,2,1700,Weekday,3+ Cars,Non-incapacitating,LEFT OF CENTER,7TH ST & MADISON,39.16858,-86.53740649