Master Record Number,Year,Month,Day,Hour,Weekend,Collision Type,Injury Type,Primary Factor,Reported_Location,Latitude,Longitude
901523109,2018,10,6,1200,Weekday,1-Car,No injury/unknown,DRIVER DISTRACTED - EXPLAIN IN NARRATIVE,NORTH COLLEGE AVE,39.16857,-86.534859
901513858,2018,10,3,1900,Weekday,2-Car,No injury/unknown,FAILURE TO YIELD RIGHT OF WAY,N WALNUT ST & SEVENTH,39.16855,-86.53359
901406722,2018,6,4,100,Weekday,1-Car,No injury/unknown,OTHER (DRIVER) - EXPLAIN IN NARRATIVE,7TH & WALNUT ST,39.16854388,-86.53356955
901263061,2018,1,5,900,Weekday,1-Car,No injury/unknown,OTHER (ENVIRONMENTAL) - EXPLAIN IN NARR,N JORDAN AVE,39.168531,-86.516145
901284077,2018,2,5,1000,Weekday,2-Car,No injury/unknown,UNSAFE BACKING,300 NORTH JORDAN (PARKING LOT) AVE,39.168531,-86.51615365
901554535,2018,12,5,1600,Weekday,2-Car,Non-incapacitating,DISREGARD SIGNAL/REG SIGN,E 7TH ST & N GRANT,39.16853,-86.52979
901312028,2018,3,3,700,Weekday,1-Car,No injury/unknown,ANIMAL/OBJECT IN ROADWAY,SR48W & VERNAL,39.16852902,-86.66162292
901263074,2018,1,3,1600,Weekday,2-Car,No injury/unknown,OTHER (DRIVER) - EXPLAIN IN NARRATIVE,EAST 7TH ST,39.16848,-86.523479
901284081,2018,2,2,1000,Weekday,2-Car,No injury/unknown,UNSAFE BACKING,EAST SEVEN ST,39.16848,-86.523479
901306949,2018,3,4,1300,Weekday,1-Car,No injury/unknown,LEFT OF CENTER,EAST SEVENTH & WOODLAWN AVE,39.16848,-86.52349731
901509284,2018,10,2,900,Weekday,2-Car,No injury/unknown,UNSAFE BACKING,7TH & WOODLAWN AVE,39.16848,-86.52348
901468514,2018,7,4,1300,Weekday,2-Car,No injury/unknown,UNSAFE BACKING,7TH & JEFFERSON ST,39.16846661,-86.50703046
901343247,2018,4,6,1300,Weekday,2-Car,No injury/unknown,FAILURE TO YIELD RIGHT OF WAY,CURRY PIKE & JONATHAN,39.16836,-86.58298
901308322,2018,3,6,1600,Weekday,2-Car,No injury/unknown,OTHER (DRIVER) - EXPLAIN IN NARRATIVE,N GATES DR,39.168269,-86.576396
901339820,2018,4,7,1200,Weekend,2-Car,No injury/unknown,FAILURE TO YIELD RIGHT OF WAY,N GATES DR,39.168269,-86.576396
901261277,2018,1,5,1100,Weekday,2-Car,No injury/unknown,OTHER (DRIVER) - EXPLAIN IN NARRATIVE,310 NORTH CLARK ST & 7TH,39.168224,-86.504832
901257323,2018,1,6,1500,Weekday,2-Car,No injury/unknown,FAILURE TO YIELD RIGHT OF WAY,BRAESIDE & PETE ELLIS DR,39.168192,-86.49504
901266589,2018,1,2,2100,Weekday,2-Car,No injury/unknown,SPEED TOO FAST FOR WEATHER CONDITIONS,BRAESIDE & PETE ELLIS DR,39.168192,-86.49504
901311654,2018,3,4,1100,Weekday,2-Car,No injury/unknown,DISREGARD SIGNAL/REG SIGN,7TH ST & JEFFERSON,39.168192,-86.507024
901314046,2018,3,2,1600,Weekday,2-Car,No injury/unknown,FAILURE TO YIELD RIGHT OF WAY,BRAESIDE & E PETE ELLIS DR,39.168192,-86.49504
901508853,2018,10,1,2200,Weekday,2-Car,No injury/unknown,UNSAFE BACKING,E 7TH ST,39.168192,-86.507024
901278372,2018,2,3,1800,Weekday,Bus,No injury/unknown,FAILURE TO YIELD RIGHT OF WAY,7TH ST & UNION,39.168176,-86.509312
901495719,2018,9,3,1500,Weekday,2-Car,No injury/unknown,FAILURE TO YIELD RIGHT OF WAY,EAST 7TH ST & NORTH ROSE,39.168144,-86.510992
901498846,2018,9,5,2300,Weekday,1-Car,No injury/unknown,ANIMAL/OBJECT IN ROADWAY,SR48W & VERNAL,39.16805036,-86.66017691
901493179,2018,9,4,1300,Weekday,2-Car,No injury/unknown,FOLLOWING TOO CLOSELY,MILLER & WALNUT ST,39.16802932,-86.53265
901265551,2018,1,1,300,Weekend,2-Car,No injury/unknown,IMPROPER LANE USAGE,6TH & WASHINGTON ST,39.16793866,-86.5324
901480115,2018,8,7,800,Weekend,2-Car,No injury/unknown,OTHER (DRIVER) - EXPLAIN IN NARRATIVE,6TH & ROGERS ST,39.16781732,-86.53858985
901534314,2018,11,4,700,Weekday,2-Car,No injury/unknown,OTHER (DRIVER) - EXPLAIN IN NARRATIVE,N MORTON AVE,39.16778743,-86.536
901310232,2018,2,3,1200,Weekday,2-Car,No injury/unknown,FAILURE TO YIELD RIGHT OF WAY,100 N DUNN & 500 E 6TH ST,39.167728,-86.528208
901468976,2018,7,5,1200,Weekday,1-Car,No injury/unknown,IMPROPER TURNING,100 N DUNN ST ST & 6TH ST,39.167728,-86.528208
901321158,2018,3,3,900,Weekday,1-Car,No injury/unknown,LEFT OF CENTER,1100 W 6TH ST & N OAK,39.167712,-86.5468
901343815,2018,4,7,1100,Weekend,1-Car,No injury/unknown,,N ELM ST & W 6TH,39.167712,-86.5452
901500393,2018,9,5,1600,Weekday,2-Car,No injury/unknown,UNSAFE BACKING,E 6TH ST,39.167712,-86.529696
901532869,2018,11,2,700,Weekday,2-Car,No injury/unknown,OTHER (DRIVER) - EXPLAIN IN NARRATIVE,E 6TH & N GRANT ST,39.167712,-86.529696
901389659,2018,5,1,100,Weekend,1-Car,No injury/unknown,CELL PHONE USAGE,6TH ST & WALDRON,39.167696,-86.5436
901387581,2018,5,6,1700,Weekday,3+ Cars,No injury/unknown,FOLLOWING TOO CLOSELY,EASTGATE & SR46S,39.16768048,-86.50011224
901345921,2018,5,2,1000,Weekday,2-Car,No injury/unknown,DISREGARD SIGNAL/REG SIGN,6TH & ROGERS ST,39.16768,-86.538592
901358219,2018,5,4,1100,Weekday,2-Car,No injury/unknown,FAILURE TO YIELD RIGHT OF WAY,6TH ST & ROGERS,39.16768,-86.538592
901463201,2018,7,7,1600,Weekend,2-Car,Non-incapacitating,FAILURE TO YIELD RIGHT OF WAY,6TH & ROGERS ST,39.16768,-86.538592
901464929,2018,7,4,1200,Weekday,2-Car,No injury/unknown,FAILURE TO YIELD RIGHT OF WAY,6TH & ROGERS ST,39.16768,-86.538592
901467468,2018,7,2,1200,Weekday,1-Car,Non-incapacitating,RAN OFF ROAD RIGHT,E 6TH ST & N LINCOLN,39.16768,-86.530992
901552871,2018,12,3,1600,Weekday,2-Car,No injury/unknown,FAILURE TO YIELD RIGHT OF WAY,6TH & ROGERS ST,39.16768,-86.538592
901459523,2018,6,6,1100,Weekday,2-Car,No injury/unknown,FAILURE TO YIELD RIGHT OF WAY,S WALNUT ST & WINSLOW,39.16767014,-86.53111
901324441,2018,4,2,1800,Weekday,2-Car,No injury/unknown,,GATES DR,39.16767,-86.576029
901259441,2018,1,2,1400,Weekday,2-Car,No injury/unknown,UNSAFE BACKING,E 6TH ST & N WASHINGTON,39.167664,-86.5324
901321143,2018,3,3,900,Weekday,2-Car,No injury/unknown,UNSAFE BACKING,MADISON ST & W 6TH ST ST,39.167664,-86.537296
901326178,2018,4,4,1300,Weekday,2-Car,No injury/unknown,FAILURE TO YIELD RIGHT OF WAY,6TH & WASHINGTON ST,39.167664,-86.5324
901326179,2018,4,2,1600,Weekday,2-Car,No injury/unknown,UNSAFE BACKING,6TH ST & MORTON,39.167664,-86.53617641
901476367,2018,7,6,900,Weekday,2-Car,No injury/unknown,UNSAFE BACKING,6TH ST & MADISON,39.167664,-86.537296
901487483,2018,8,1,1600,Weekend,2-Car,No injury/unknown,UNSAFE BACKING,EAST 6TH ST & NORTH WASHINGTON,39.167664,-86.5324
901479946,2018,8,6,1500,Weekday,2-Car,No injury/unknown,UNSAFE BACKING,6TH ST & WASHINGTON,39.16766209,-86.53254111
901277930,2018,1,2,1000,Weekday,2-Car,No injury/unknown,DISREGARD SIGNAL/REG SIGN,6TH ST ST & WALNUT ST,39.167648,-86.533584
901281062,2018,2,2,1900,Weekday,2-Car,No injury/unknown,OTHER (DRIVER) - EXPLAIN IN NARRATIVE,6TH ST & WALNUT,39.167648,-86.533584
901287705,2018,2,1,300,Weekend,2-Car,No injury/unknown,OTHER (DRIVER) - EXPLAIN IN NARRATIVE,100 E 6TH ST & N WALNUT,39.167648,-86.533584
901363100,2018,5,7,1600,Weekend,2-Car,No injury/unknown,IMPROPER TURNING,6TH & COLLEGE AVE,39.167648,-86.534784
901479251,2018,8,4,1600,Weekday,2-Car,No injury/unknown,UNSAFE BACKING,E 6TH ST & N WALNUT,39.167648,-86.533584
901513876,2018,10,1,1200,Weekend,2-Car,No injury/unknown,IMPROPER TURNING,N COLLEGE AVE & W 6TH,39.167648,-86.534784
901525287,2018,11,3,1300,Weekday,3+ Cars,No injury/unknown,FAILURE TO YIELD RIGHT OF WAY,6TH & COLLEGE AVE,39.167648,-86.534784
901530868,2018,11,5,900,Weekday,1-Car,Non-incapacitating,OTHER (DRIVER) - EXPLAIN IN NARRATIVE,E 6TH ST & N WALNUT,39.167648,-86.533584
901535400,2018,11,5,1500,Weekday,2-Car,No injury/unknown,FAILURE TO YIELD RIGHT OF WAY,6TH & NORTH COLLEGE AVE,39.167648,-86.534784
901561590,2018,12,3,1400,Weekday,2-Car,No injury/unknown,FAILURE TO YIELD RIGHT OF WAY,6TH & COLLEGE AVE,39.167648,-86.534784
901257222,2018,1,6,1500,Weekday,2-Car,No injury/unknown,UNSAFE BACKING,SOUTH FRANKLIN RD,39.167598,-86.571046
901273646,2018,2,7,1600,Weekend,2-Car,No injury/unknown,FAILURE TO YIELD RIGHT OF WAY,6TH & NORTH WALNUT ST,39.16755,-86.5336
901552316,2018,12,3,900,Weekday,2-Car,No injury/unknown,FAILURE TO YIELD RIGHT OF WAY,6TH & WALNUT ST,39.16755,-86.5336
901358821,2018,5,4,2000,Weekday,2-Car,No injury/unknown,OTHER (DRIVER) - EXPLAIN IN NARRATIVE,6TH ST & DUNN,39.16753,-86.52825135
901492834,2018,9,4,1000,Weekday,2-Car,No injury/unknown,UNSAFE BACKING,6TH ST & DUNN,39.16753,-86.52826
901493997,2018,9,6,1100,Weekday,Cyclist,Non-incapacitating,PEDESTRIAN ACTION,6TH & INDIANA AVE,39.16752,-86.52694
901279037,2018,2,7,1600,Weekend,2-Car,No injury/unknown,IMPROPER TURNING,6TH & WALNUT ST,39.16751068,-86.53358618
901504967,2018,9,1,1400,Weekend,1-Car,No injury/unknown,SPEED TOO FAST FOR WEATHER CONDITIONS,LONGVIEW & PETE ELLIS DR,39.16749325,-86.49504583
901508026,2018,10,6,1100,Weekday,2-Car,No injury/unknown,UNSAFE BACKING,300 NORTH JORDAN (SOUTH LOT) AVE & JORDAN,39.167344,-86.515792
901314725,2018,3,4,100,Weekday,1-Car,No injury/unknown,IMPROPER TURNING,S JORDAN AVE,39.16733692,-86.51619253
901480550,2018,8,1,2000,Weekday,1-Car,No injury/unknown,IMPROPER TURNING,S JORDAN AVE,39.16733692,-86.51619253
901269233,2018,1,5,1500,Weekday,1-Car,No injury/unknown,UNSAFE BACKING,E KIRKWOOD AVE,39.167286,-86.52355
901278373,2018,2,3,2200,Weekday,2-Car,No injury/unknown,UNSAFE BACKING,EAST KIRKWOOD AVE,39.167286,-86.52355
901477463,2018,8,2,800,Weekday,1-Car,No injury/unknown,OTHER (DRIVER) - EXPLAIN IN NARRATIVE,EAST KIRKWOOD AVE,39.167283,-86.523439
901339944,2018,4,7,1300,Weekend,2-Car,No injury/unknown,UNSAFE BACKING,S JORDAN AVE,39.1672661,-86.51619777
901553340,2018,12,4,2100,Weekday,2-Car,No injury/unknown,UNSAFE BACKING,S JORDAN AVE,39.1672661,-86.51619777
901272120,2018,2,3,2200,Weekday,2-Car,No injury/unknown,UNSAFE BACKING,5TH & BRYAN ST,39.16725998,-86.508192
901492625,2018,8,3,1200,Weekday,Cyclist,Non-incapacitating,OTHER (DRIVER) - EXPLAIN IN NARRATIVE,JORDAN AVE & READ CENTER NORTH,39.16711069,-86.51599288
901322279,2018,4,5,1500,Weekday,2-Car,No injury/unknown,UNSAFE BACKING,N JORDAN AVE,39.167006,-86.516145
901405483,2018,4,5,2300,Weekday,2-Car,No injury/unknown,IMPROPER TURNING,N JORDAN AVE,39.167006,-86.516145
901499833,2018,9,4,1500,Weekday,2-Car,No injury/unknown,IMPROPER TURNING,N JORDAN AVE,39.167006,-86.516145
901284074,2018,2,4,2300,Weekday,2-Car,No injury/unknown,OTHER (DRIVER) - EXPLAIN IN NARRATIVE,JORDAN AVE,39.166992,-86.51614
901470723,2018,7,3,1600,Weekday,2-Car,No injury/unknown,UNSAFE BACKING,E LONGVIEW AVE,39.16698971,-86.4924
901496739,2018,9,5,900,Weekday,2-Car,No injury/unknown,UNSAFE BACKING,E LONGVIEW AVE AVE,39.16698971,-86.4924
901343251,2018,4,1,1400,Weekend,2-Car,No injury/unknown,OTHER (DRIVER) - EXPLAIN IN NARRATIVE,HARTSTRAIT RD,39.166952,-86.611066
901268723,2018,1,5,900,Weekday,2-Car,No injury/unknown,FAILURE TO YIELD RIGHT OF WAY,E LONGVIEW & N PETE ELLIS DR,39.166944,-86.495056
901442423,2018,6,7,1400,Weekend,2-Car,No injury/unknown,FAILURE TO YIELD RIGHT OF WAY,LONGVIEW & PETE ELLIS DR,39.166944,-86.495056
901498776,2018,9,2,1600,Weekday,2-Car,No injury/unknown,FAILURE TO YIELD RIGHT OF WAY,LONGVIEW & PETE ELLIS DR,39.166944,-86.495056
901542442,2018,12,4,1000,Weekday,2-Car,No injury/unknown,FAILURE TO YIELD RIGHT OF WAY,LONGVIEW & PETE ELLIS DR,39.166944,-86.495056
901459575,2018,6,3,1900,Weekday,2-Car,No injury/unknown,UNSAFE BACKING,SOUTH PETE ELLIS DR,39.166909,-86.494916
901269913,2018,1,1,1200,Weekend,2-Car,No injury/unknown,OTHER (DRIVER) - EXPLAIN IN NARRATIVE,EAST LONGVIEW DR,39.166848,-86.495088
901285433,2018,2,5,1400,Weekday,2-Car,No injury/unknown,FAILURE TO YIELD RIGHT OF WAY,E 5TH & JEFFERSON ST,39.166848,-86.506992
901451502,2018,6,4,800,Weekday,2-Car,No injury/unknown,FAILURE TO YIELD RIGHT OF WAY,5TH & JEFFERSON ST,39.166848,-86.506992
901510053,2018,10,6,100,Weekday,2-Car,No injury/unknown,OTHER (DRIVER) - EXPLAIN IN NARRATIVE,E 5TH & N JEFFERSON ST,39.166848,-86.506992
901514497,2018,10,4,1900,Weekday,Pedestrian,Non-incapacitating,PEDESTRIAN ACTION,KINGSTON & LONGVIEW AVE,39.166848,-86.4928
901522026,2018,10,4,1300,Weekday,2-Car,No injury/unknown,FAILURE TO YIELD RIGHT OF WAY,5TH & JEFFERSON ST,39.166848,-86.506992
901543592,2018,12,5,1600,Weekday,2-Car,No injury/unknown,FAILURE TO YIELD RIGHT OF WAY,E 5TH & N JEFFERSON ST,39.166848,-86.506992
901552371,2018,12,3,1100,Weekday,2-Car,No injury/unknown,OTHER (DRIVER) - EXPLAIN IN NARRATIVE,100 BLOCK N DUNN ST & KIRKWOOD,39.16683225,-86.52819483
901472833,2018,7,5,1800,Weekday,1-Car,No injury/unknown,DRIVER DISTRACTED - EXPLAIN IN NARRATIVE,E KIRKWOOD AVE,39.166828,-86.521999
901299363,2018,2,5,1500,Weekday,2-Car,No injury/unknown,UNSAFE LANE MOVEMENT,S ADAMS ST & W KIRKWOOD,39.166816,-86.549488
901348611,2018,5,5,100,Weekday,1-Car,No injury/unknown,RAN OFF ROAD RIGHT,ADAMS ST & KIRKWOOD,39.166816,-86.549488
901494719,2018,9,7,100,Weekend,2-Car,No injury/unknown,UNSAFE LANE MOVEMENT,S ADAMS & W KIRKWOOD AVE,39.166816,-86.549488
901541433,2018,11,2,1900,Weekday,2-Car,Non-incapacitating,FOLLOWING TOO CLOSELY,N ADAMS & W KIRKWOOD AVE,39.166816,-86.549488
901338819,2018,4,6,1300,Weekday,2-Car,No injury/unknown,FAILURE TO YIELD RIGHT OF WAY,5TH & JEFFERSON ST,39.16681,-86.50716
901553801,2018,12,4,1700,Weekday,2-Car,Non-incapacitating,DRIVER DISTRACTED - EXPLAIN IN NARRATIVE,SR37N & W VERNAL,39.16679979,-86.5609886
901544904,2018,12,1,0,Weekend,1-Car,No injury/unknown,SPEED TOO FAST FOR WEATHER CONDITIONS,KINGS & SR46W,39.16679313,-86.45603192
901311702,2018,3,4,1300,Weekday,Bus,No injury/unknown,FAILURE TO YIELD RIGHT OF WAY,KIRKWOOD & WALNUT ST,39.16674985,-86.53359826
901318898,2018,3,5,1300,Weekday,2-Car,No injury/unknown,OTHER (DRIVER) - EXPLAIN IN NARRATIVE,KIRKWOOD AVE & MAPLE,39.16672376,-86.54244879
901508332,2018,10,7,1200,Weekend,2-Car,No injury/unknown,FOLLOWING TOO CLOSELY,KIRKWOOD AVE & MAPLE,39.16672188,-86.5422724
901467590,2018,7,2,1700,Weekday,2-Car,No injury/unknown,IMPROPER PASSING,FAIRVIEW & W KIRKWOOD AVE,39.166704,-86.5408
901483986,2018,8,1,200,Weekend,1-Car,No injury/unknown,UNSAFE SPEED,46 & SR46E,39.16669734,-86.4614401
901318071,2018,3,3,1600,Weekday,2-Car,No injury/unknown,FOLLOWING TOO CLOSELY,SECOND & WALNUT ST,39.16668679,-86.53363
901260672,2018,1,2,1200,Weekday,2-Car,No injury/unknown,OTHER (DRIVER) - EXPLAIN IN NARRATIVE,N DANIELS WAY WAY,39.166678,-86.599144
901312026,2018,3,2,2000,Weekday,2-Car,No injury/unknown,OTHER (DRIVER) - EXPLAIN IN NARRATIVE,N DANIELS WAY,39.166678,-86.599144
901334562,2018,4,3,1200,Weekday,2-Car,No injury/unknown,OTHER (DRIVER) - EXPLAIN IN NARRATIVE,DANIELS WAY,39.166678,-86.599144
901259470,2018,1,2,1700,Weekday,2-Car,No injury/unknown,FAILURE TO YIELD RIGHT OF WAY,ROGERS & W KIRKWOOD AVE,39.166672,-86.538608
901339439,2018,4,2,1700,Weekday,2-Car,No injury/unknown,FOLLOWING TOO CLOSELY,KIRKWOOD & SOUTH ROGERS ST,39.166672,-86.538608
901350800,2018,5,6,800,Weekday,2-Car,No injury/unknown,FAILURE TO YIELD RIGHT OF WAY,KIRKWOOD AVE & ROGERS,39.166672,-86.538608
901481879,2018,8,3,2000,Weekday,2-Car,No injury/unknown,FAILURE TO YIELD RIGHT OF WAY,KIRKWOOD & ROGERS ST,39.166672,-86.538608
901504869,2018,9,1,1000,Weekend,1-Car,No injury/unknown,SPEED TOO FAST FOR WEATHER CONDITIONS,KIRKWOOD AVE & ROGERS,39.166672,-86.538608
901551841,2018,12,2,1800,Weekday,2-Car,No injury/unknown,FAILURE TO YIELD RIGHT OF WAY,ROGERS & W KIRKWOOD AVE,39.166672,-86.538608
901547410,2018,12,2,1600,Weekday,2-Car,Non-incapacitating,DRIVER DISTRACTED - EXPLAIN IN NARRATIVE,KIRKWOOD AVE & WALDREN,39.16666,-86.54374
901316025,2018,3,6,1000,Weekday,1-Car,No injury/unknown,IMPROPER TURNING,S JORDAN AVE,39.166659,-86.516367
901319790,2018,3,6,1700,Weekday,2-Car,No injury/unknown,OTHER (VEHICLE) - EXPLAIN IN NARRATIVE,SOUTH JORDAN AVE,39.166659,-86.516367
901263983,2018,1,4,1100,Weekday,2-Car,No injury/unknown,DISREGARD SIGNAL/REG SIGN,KIRKWOOD AVE & MADISON,39.166656,-86.537296
901294065,2018,2,4,1000,Weekday,2-Car,No injury/unknown,FAILURE TO YIELD RIGHT OF WAY,S MADISON & W KIRKWOOD AVE,39.166656,-86.537296
901330639,2018,4,5,1700,Weekday,2-Car,Non-incapacitating,FAILURE TO YIELD RIGHT OF WAY,KIRKWOOD AVE & MADISON,39.166656,-86.537296
901523146,2018,10,6,1100,Weekday,2-Car,No injury/unknown,FAILURE TO YIELD RIGHT OF WAY,KIRKWOOD AVE & MADISON,39.166656,-86.537296
901562337,2018,12,4,1400,Weekday,2-Car,No injury/unknown,FAILURE TO YIELD RIGHT OF WAY,KIRKWOOD & MADISON ST,39.166656,-86.537296
901269787,2018,1,7,1900,Weekend,Cyclist,Non-incapacitating,IMPROPER TURNING,DUNN & KIRKWOOD AVE,39.16664,-86.52748636
901319717,2018,3,6,1300,Weekday,2-Car,No injury/unknown,UNSAFE BACKING,KIRKWOOD AVE & WALNUT,39.16664,-86.53412923
901378699,2018,5,4,1700,Weekday,Moped/Motorcycle,Non-incapacitating,UNSAFE BACKING,KIRKWOOD AVE & WALNUT,39.16664,-86.53395282
901516633,2018,10,5,1000,Weekday,Cyclist,Non-incapacitating,LEFT OF CENTER,KIRKWOOD AVE & WASHINGTON,39.16664,-86.53275282
901260200,2018,1,4,100,Weekday,Pedestrian,No injury/unknown,OTHER (DRIVER) - EXPLAIN IN NARRATIVE,DUNN & KIRKWOOD AVE,39.16664,-86.528192
901261238,2018,1,5,1200,Weekday,1-Car,No injury/unknown,OTHER (DRIVER) - EXPLAIN IN NARRATIVE,E KIRKWOOD AVE,39.16664,-86.53211265
901263062,2018,1,6,300,Weekday,1-Car,No injury/unknown,RAN OFF ROAD RIGHT,INDIANA & KIRKWOOD AVE,39.16664,-86.526896
901271886,2018,2,4,900,Weekday,Pedestrian,Non-incapacitating,OTHER (DRIVER) - EXPLAIN IN NARRATIVE,E KIRKWOOD AVE,39.16664,-86.53096555
901272652,2018,2,6,200,Weekday,Pedestrian,Non-incapacitating,OTHER (DRIVER) - EXPLAIN IN NARRATIVE,100 N WALNUT ST & KIRKWOOD,39.16664,-86.5336
901272955,2018,2,6,1100,Weekday,Pedestrian,No injury/unknown,OTHER (DRIVER) - EXPLAIN IN NARRATIVE,DUNN & KIRKWOOD AVE,39.16664,-86.528192
901277225,2018,2,4,1500,Weekday,2-Car,No injury/unknown,OTHER (DRIVER) - EXPLAIN IN NARRATIVE,E KIRKWOOD AVE,39.16664,-86.53096555
901287706,2018,2,1,300,Weekend,2-Car,No injury/unknown,FOLLOWING TOO CLOSELY,S COLLEGE & W KIRKWOOD AVE,39.16664,-86.5348
901290411,2018,2,3,1200,Weekday,2-Car,No injury/unknown,UNSAFE BACKING,COLLEGE & KIRKWOOD AVE,39.16664,-86.5348
901303206,2018,2,7,700,Weekend,1-Car,No injury/unknown,SPEED TOO FAST FOR WEATHER CONDITIONS,SR446S & SR46E,39.16664,-86.462496
901310208,2018,3,1,1300,Weekend,2-Car,No injury/unknown,UNSAFE BACKING,E KIRKWOOD AVE,39.16664,-86.53096555
901322623,2018,4,6,1900,Weekend,Pedestrian,No injury/unknown,PEDESTRIAN ACTION,DUNN ST & KIRKWOOD,39.16664,-86.528192
901322902,2018,4,7,1600,Weekend,2-Car,No injury/unknown,UNSAFE BACKING,S COLLEGE AVE & W KIRKWOOD,39.16664,-86.5348
901325419,2018,4,4,2000,Weekday,2-Car,No injury/unknown,FAILURE TO YIELD RIGHT OF WAY,DUNN ST & KIRKWOOD,39.16664,-86.528192
901331642,2018,4,4,2100,Weekday,2-Car,No injury/unknown,OTHER (DRIVER) - EXPLAIN IN NARRATIVE,DUNN ST & E KIRKWOOD,39.16664,-86.528192
901336499,2018,4,4,1800,Weekday,2-Car,No injury/unknown,FAILURE TO YIELD RIGHT OF WAY,S WALNUT ST & WALNUT STREET,39.16664,-86.5336
901344033,2018,5,1,1300,Weekend,2-Car,No injury/unknown,OTHER (DRIVER) - EXPLAIN IN NARRATIVE,E KIRKWOOD AVE,39.16664,-86.52779527
901359000,2018,5,4,2300,Weekday,2-Car,No injury/unknown,OTHER (VEHICLE) - EXPLAIN IN NARRATIVE,KIRKWOOD AVE & WALNUT,39.16664,-86.5336
901361936,2018,5,6,1400,Weekday,2-Car,No injury/unknown,DISREGARD SIGNAL/REG SIGN,KIRKWOOD & WALNUT ST,39.16664,-86.5336
901362783,2018,5,6,1300,Weekday,Bus,No injury/unknown,OTHER (VEHICLE) - EXPLAIN IN NARRATIVE,KIRKWOOD & NORTH COLLEGE AVE,39.16664,-86.5348
901457121,2018,6,2,1700,Weekday,2-Car,No injury/unknown,OTHER (DRIVER) - EXPLAIN IN NARRATIVE,KIRKWOOD & NORTH WALNUT ST,39.16664,-86.5336
901464196,2018,6,4,1500,Weekday,2-Car,No injury/unknown,OTHER (DRIVER) - EXPLAIN IN NARRATIVE,KERR CREEK & SR46E,39.16664,-86.462496
901465883,2018,7,6,100,Weekday,2-Car,No injury/unknown,IMPROPER TURNING,COLLEGE AVE & KIRKWOOD,39.16664,-86.5348
901489317,2018,8,4,1000,Weekday,2-Car,No injury/unknown,UNSAFE BACKING,W KIRKWOOD AVE & WALNUT,39.16664,-86.5336
901489954,2018,8,5,1300,Weekday,2-Car,Non-incapacitating,IMPROPER TURNING,KIRKWOOD & WALNUT ST,39.16664,-86.5336
901489965,2018,8,5,1800,Weekday,2-Car,No injury/unknown,IMPROPER TURNING,303 E KIRKWOOD AVE & LINCOLN,39.16664,-86.530992
901491468,2018,8,2,1200,Weekday,2-Car,No injury/unknown,UNSAFE BACKING,N INDIANA AVE,39.16664,-86.526896
901498753,2018,9,2,1400,Weekday,2-Car,No injury/unknown,FAILURE TO YIELD RIGHT OF WAY,N CURRY PIKE,39.16664,-86.582992
901507151,2018,9,4,1400,Weekday,2-Car,No injury/unknown,UNSAFE BACKING,110 SOUTH INDIANA AVE & KIRKWOOD,39.16664,-86.526896
901507503,2018,9,5,1500,Weekday,2-Car,No injury/unknown,UNSAFE BACKING,INDIANA AVE & KIRKWOOD,39.16664,-86.526896
901517225,2018,10,1,500,Weekend,2-Car,No injury/unknown,WRONG WAY ON ONE WAY,SR46 & SR46W,39.16664,-86.462496
901519266,2018,10,6,1600,Weekday,2-Car,No injury/unknown,,E KIRKWOOD AVE,39.16664,-86.53096555
901520921,2018,10,2,1100,Weekday,2-Car,No injury/unknown,UNSAFE BACKING,COLLEGE & KIRKWOOD AVE,39.16664,-86.5348
901521618,2018,10,1,200,Weekend,Bus,No injury/unknown,IMPROPER TURNING,INDIANA & KIRKWOOD AVE,39.16664,-86.526896
901524941,2018,11,2,1700,Weekday,2-Car,No injury/unknown,FOLLOWING TOO CLOSELY,KERR CREEK & SR46E,39.16664,-86.462496
901529475,2018,11,3,1100,Weekday,2-Car,No injury/unknown,OTHER (DRIVER) - EXPLAIN IN NARRATIVE,DUNN & E KIRKWOOD AVE,39.16664,-86.528192
901533985,2018,11,3,1700,Weekday,Pedestrian,Non-incapacitating,FAILURE TO YIELD RIGHT OF WAY,KIRKWOOD AVE & LINCOLN,39.16664,-86.530992
901541345,2018,11,3,1300,Weekday,2-Car,No injury/unknown,OTHER (DRIVER) - EXPLAIN IN NARRATIVE,E KIRKWOOD AVE & N GRANT,39.16664,-86.529696
901553137,2018,12,3,1400,Weekday,Pedestrian,Non-incapacitating,FAILURE TO YIELD RIGHT OF WAY,KIRKWOOD & N DUNN ST,39.16664,-86.528192
901555378,2018,12,6,1400,Weekday,2-Car,Non-incapacitating,OTHER (DRIVER) - EXPLAIN IN NARRATIVE,GRAND & N CURRY PIKE,39.16664,-86.582992
901555541,2018,12,7,100,Weekend,Pedestrian,Incapacitating,PEDESTRIAN ACTION,E KIRKWOOD & N GRANT ST,39.16664,-86.529696
901556176,2018,12,1,1600,Weekend,2-Car,No injury/unknown,UNSAFE LANE MOVEMENT,KIRKWOOD & WALNUT ST,39.16664,-86.5336
901557094,2018,12,2,1800,Weekday,2-Car,No injury/unknown,FOLLOWING TOO CLOSELY,KERR CREEK & SR46E,39.16664,-86.462496
901340722,2018,4,2,1000,Weekday,2-Car,No injury/unknown,FAILURE TO YIELD RIGHT OF WAY,ROGERS & W KIRKWOOD AVE,39.16661,-86.53869
901420239,2018,6,2,1100,Weekday,2-Car,No injury/unknown,FOLLOWING TOO CLOSELY,KIRKWOOD & ROGERS ST,39.16661,-86.53869
901541376,2018,11,2,1900,Weekday,1-Car,No injury/unknown,ANIMAL/OBJECT IN ROADWAY,KERR CREEK & SR46E,39.16660144,-86.4631999