Master Record Number,Year,Month,Day,Hour,Weekend,Collision Type,Injury Type,Primary Factor,Reported_Location,Latitude,Longitude
901481871,2018,8,4,1600,Weekday,1-Car,No injury/unknown,IMPROPER TURNING,NORTH MORTON ST & WEST KIRKWOOD,39.16659,-86.53605
901547896,2018,12,4,800,Weekday,2-Car,No injury/unknown,FAILURE TO YIELD RIGHT OF WAY,KIRKWOOD AVE & MORTON,39.16659,-86.53605
901536743,2018,11,1,0,Weekend,2-Car,No injury/unknown,UNSAFE LANE MOVEMENT,KIRKWOOD & WASHINGTON ST,39.16657,-86.53235
901479011,2018,8,4,1800,Weekday,2-Car,No injury/unknown,IMPROPER TURNING,INDIANA AVE & KIRKWOOD,39.16656891,-86.52690595
901338683,2018,4,7,2300,Weekend,1-Car,Fatal,UNSAFE SPEED,E KINGS & SR46E,39.16655866,-86.45512291
901545492,2018,12,1,600,Weekend,1-Car,No injury/unknown,RAN OFF ROAD RIGHT,KINGS & SR46E,39.16655866,-86.45512291
901545702,2018,12,1,600,Weekend,3+ Cars,No injury/unknown,RAN OFF ROAD RIGHT,KINGS & SR46E,39.16655866,-86.45512291
901389442,2018,5,7,2100,Weekend,2-Car,No injury/unknown,,S KINGSTON DR,39.16655822,-86.492816
901468058,2018,7,3,1700,Weekday,2-Car,No injury/unknown,OTHER (DRIVER) - EXPLAIN IN NARRATIVE,S KINGSTON DR,39.16655822,-86.492816
901528167,2018,11,1,2000,Weekday,2-Car,No injury/unknown,,KIRKWOOD AVE,39.166548,-86.529494
901327355,2018,4,2,1500,Weekday,1-Car,No injury/unknown,OTHER (DRIVER) - EXPLAIN IN NARRATIVE,SR46E,39.166544,-86.464248
901495967,2018,9,3,1500,Weekday,1-Car,No injury/unknown,OTHER (DRIVER) - EXPLAIN IN NARRATIVE,SR46E,39.166544,-86.464248
901494408,2018,9,6,1700,Weekday,Moped/Motorcycle,Non-incapacitating,OTHER (DRIVER) - EXPLAIN IN NARRATIVE,E KERR CREEK & SR46E,39.16654359,-86.46425575
901326746,2018,4,1,300,Weekend,2-Car,No injury/unknown,,NORTH INDIANA AVE,39.166543,-86.526918
901515014,2018,10,5,1700,Weekday,2-Car,No injury/unknown,UNSAFE BACKING,N INDIANA AVE,39.166543,-86.526918
901497791,2018,9,1,1400,Weekend,2-Car,No injury/unknown,OTHER (DRIVER) - EXPLAIN IN NARRATIVE,E KIRKWOOD AVE & S DUNN,39.16654,-86.52825433
901312306,2018,3,5,1500,Weekday,2-Car,No injury/unknown,OTHER (DRIVER) - EXPLAIN IN NARRATIVE,S FRANKLIN RD,39.166496,-86.571216
901320504,2018,3,2,900,Weekday,2-Car,No injury/unknown,OTHER (DRIVER) - EXPLAIN IN NARRATIVE,S FRANKLIN RD,39.166496,-86.571216
901320853,2018,3,1,2100,Weekday,2-Car,No injury/unknown,UNSAFE BACKING,S INDIANA AVE,39.16648,-86.526918
901287817,2018,2,7,2200,Weekend,1-Car,No injury/unknown,OTHER (DRIVER) - EXPLAIN IN NARRATIVE,MORNINGSIDE & SMITH RD,39.166432,-86.4812
901514498,2018,10,1,1900,Weekday,2-Car,No injury/unknown,CELL PHONE USAGE,MORNINGSIDE & N SMITH RD,39.166432,-86.4812
901479634,2018,8,5,1200,Weekday,Bus,No injury/unknown,OTHER (DRIVER) - EXPLAIN IN NARRATIVE,INDIANA AVE & KIRKWOOD,39.16642043,-86.52688538
901328963,2018,4,2,1700,Weekday,2-Car,No injury/unknown,BRAKE FAILURE OR DEFECTIVE,BRYAN AVE,39.166394,-86.508286
901458112,2018,6,4,1100,Weekday,2-Car,No injury/unknown,FAILURE TO YIELD RIGHT OF WAY,INDIANA AVE & KIRKWOOD,39.16631065,-86.52688006
901498777,2018,9,2,1600,Weekday,2-Car,No injury/unknown,UNSAFE BACKING,S PETE ELLIS DR,39.16626253,-86.495088
901469659,2018,7,6,1600,Weekday,1-Car,Non-incapacitating,RAN OFF ROAD RIGHT,10TH & UNION ST,39.16626184,-86.50945
901338688,2018,4,6,700,Weekday,3+ Cars,No injury/unknown,FAILURE TO YIELD RIGHT OF WAY,10TH & SR46N,39.16624144,-86.499396
901518155,2018,10,4,1800,Weekday,2-Car,Incapacitating,FAILURE TO YIELD RIGHT OF WAY,CURRY PIKE & SR48W,39.16621224,-86.582992
901303073,2018,2,7,2300,Weekend,2-Car,No injury/unknown,RAN OFF ROAD RIGHT,S SMITH RD,39.16621059,-86.4812
901497765,2018,9,1,1200,Weekend,2-Car,No injury/unknown,UNSAFE BACKING,S SMITH RD,39.16621059,-86.4812
901541157,2018,11,5,2100,Weekday,2-Car,No injury/unknown,OTHER (DRIVER) - EXPLAIN IN NARRATIVE,MORNINGSIDE DR,39.16619666,-86.48261901
901346099,2018,5,3,1100,Weekday,2-Car,Non-incapacitating,OTHER (DRIVER) - EXPLAIN IN NARRATIVE,NORTH GATES DR,39.166131,-86.576004
901480185,2018,8,7,1500,Weekend,2-Car,No injury/unknown,FAILURE TO YIELD RIGHT OF WAY,3RD & SR37N,39.16612236,-86.57302593
901483854,2018,8,7,1200,Weekend,3+ Cars,Non-incapacitating,FOLLOWING TOO CLOSELY,EASTGATE & SR46E,39.16594828,-86.50147033
901353885,2018,5,7,0,Weekend,2-Car,No injury/unknown,OTHER (DRIVER) - EXPLAIN IN NARRATIVE,BROADWAY DR & S SHERWOOD,39.165776,-86.589792
901542500,2018,12,4,700,Weekday,1-Car,Non-incapacitating,SPEED TOO FAST FOR WEATHER CONDITIONS,HARTSTRAIGHT RD & SR48,39.16576795,-86.61130349
901380162,2018,5,5,800,Weekday,2-Car,No injury/unknown,FAILURE TO YIELD RIGHT OF WAY,4TH ST & MAPLE,39.165712,-86.542096
901507024,2018,9,4,1400,Weekday,2-Car,Non-incapacitating,FAILURE TO YIELD RIGHT OF WAY,4TH & ROGERS ST,39.165696,-86.538592
901507253,2018,9,5,800,Weekday,3+ Cars,Non-incapacitating,FAILURE TO YIELD RIGHT OF WAY,S ROGERS ST & W 4TH,39.165696,-86.538592
901467895,2018,7,3,1100,Weekday,2-Car,No injury/unknown,LEFT OF CENTER,4TH ST & MADISON,39.16568,-86.537296
901499877,2018,9,4,1700,Weekday,2-Car,No injury/unknown,,E 4TH ST & N MADISON,39.16568,-86.537296
901402440,2018,5,5,1200,Weekday,2-Car,No injury/unknown,LEFT OF CENTER,4TH ST & MADISON,39.16567129,-86.53659045
901331149,2018,4,6,1500,Weekday,2-Car,No injury/unknown,OTHER (DRIVER) - EXPLAIN IN NARRATIVE,4TH & COLLEGE AVE,39.165664,-86.5348
901474210,2018,7,2,1200,Weekday,2-Car,Non-incapacitating,FOLLOWING TOO CLOSELY,4TH & COLLEGE AVE,39.165664,-86.5348
901481880,2018,8,3,1700,Weekday,2-Car,No injury/unknown,FOLLOWING TOO CLOSELY,4TH & COLLEGE AVE,39.165664,-86.5348
901502233,2018,9,3,0,Weekday,2-Car,No injury/unknown,UNSAFE BACKING,4TH ST & GRANT,39.165648,-86.52935918
901498800,2018,9,2,1700,Weekday,2-Car,No injury/unknown,FAILURE TO YIELD RIGHT OF WAY,4TH ST & INDIANA,39.165648,-86.52720082
901266554,2018,1,2,1800,Weekday,Pedestrian,Non-incapacitating,PEDESTRIAN ACTION,4TH ST & WASHINGTON,39.165648,-86.5324
901269551,2018,1,6,1200,Weekday,2-Car,Non-incapacitating,FOLLOWING TOO CLOSELY,4TH & S WALNUT ST,39.165648,-86.5336
901273842,2018,2,1,1000,Weekend,2-Car,No injury/unknown,OTHER (DRIVER) - EXPLAIN IN NARRATIVE,100 SOUTH WALNUT ST & 4TH,39.165648,-86.5336
901321272,2018,3,3,1600,Weekday,Bus,No injury/unknown,FOLLOWING TOO CLOSELY,4TH & WASHINGTON ST,39.165648,-86.5324
901322454,2018,3,5,2300,Weekday,2-Car,No injury/unknown,OTHER (VEHICLE) - EXPLAIN IN NARRATIVE,WALNUT ST,39.165648,-86.5336
901330633,2018,4,1,2000,Weekday,2-Car,No injury/unknown,FAILURE TO YIELD RIGHT OF WAY,4TH ST & DUNN,39.165648,-86.528144
901331573,2018,4,3,100,Weekday,1-Car,No injury/unknown,OTHER (DRIVER) - EXPLAIN IN NARRATIVE,WALNUT ST,39.165648,-86.5336
901345919,2018,4,5,1400,Weekday,2-Car,No injury/unknown,UNSAFE BACKING,E 4TH ST & S DUNN,39.165648,-86.528144
901349959,2018,5,5,1400,Weekday,2-Car,No injury/unknown,UNSAFE BACKING,S WALNUT ST,39.165648,-86.5336
901352208,2018,5,6,1600,Weekday,2-Car,No injury/unknown,UNSAFE BACKING,E 4TH ST & INDIANA,39.165648,-86.526848
901461858,2018,6,2,1700,Weekday,2-Car,No injury/unknown,FAILURE TO YIELD RIGHT OF WAY,4TH ST & DUNN,39.165648,-86.528144
901513350,2018,10,2,2100,Weekday,Pedestrian,Non-incapacitating,OTHER (DRIVER) - EXPLAIN IN NARRATIVE,4TH ST & WALNUT,39.165648,-86.5336
901514557,2018,10,4,2100,Weekday,2-Car,No injury/unknown,FAILURE TO YIELD RIGHT OF WAY,S WALNUT ST,39.165648,-86.5336
901515543,2018,10,6,1700,Weekday,Pedestrian,Non-incapacitating,FAILURE TO YIELD RIGHT OF WAY,4TH & WASHINGTON ST,39.165648,-86.5324
901521309,2018,10,3,900,Weekday,2-Car,No injury/unknown,OTHER (VEHICLE) - EXPLAIN IN NARRATIVE,S WALNUT ST,39.165648,-86.5336
901531814,2018,11,7,1100,Weekend,2-Car,No injury/unknown,UNSAFE BACKING,1742 N WASHINGTON ST ST,39.165648,-86.5324
901531911,2018,11,7,1400,Weekend,2-Car,No injury/unknown,UNSAFE BACKING,4TH & S DUNN ST,39.165648,-86.528144
901543096,2018,11,7,1500,Weekend,2-Car,No injury/unknown,UNSAFE BACKING,S WALNUT ST,39.165648,-86.5336
901516157,2018,10,1,1500,Weekend,Moped/Motorcycle,Non-incapacitating,UNSAFE SPEED,BASSWOOD DR & BLOOMFIELD,39.16564621,-86.56891162
901400959,2018,5,4,1400,Weekday,2-Car,Non-incapacitating,FAILURE TO YIELD RIGHT OF WAY,GATES DR & JACOB,39.16562,-86.576
901452960,2018,6,5,2000,Weekday,Moped/Motorcycle,Non-incapacitating,FAILURE TO YIELD RIGHT OF WAY,GATES DR & JACOB,39.16562,-86.576
901466694,2018,7,7,2300,Weekend,Moped/Motorcycle,Non-incapacitating,BRAKE FAILURE OR DEFECTIVE,4TH ST & JACKSON,39.16562,-86.53986
901523951,2018,10,1,1900,Weekday,2-Car,No injury/unknown,UNSAFE BACKING,W JACOB DR,39.16562,-86.575746
901527100,2018,11,6,900,Weekday,2-Car,No injury/unknown,DISREGARD SIGNAL/REG SIGN,100 S COLLEGE & 200 W 4TH ST,39.1656161,-86.53489044
901404811,2018,5,6,1700,Weekday,2-Car,No injury/unknown,FAILURE TO YIELD RIGHT OF WAY,4TH ST & BRYAN,39.16561,-86.50828
901265166,2018,1,6,1100,Weekday,3+ Cars,No injury/unknown,FOLLOWING TOO CLOSELY,4TH & WALNUT ST,39.16558,-86.53362
901325140,2018,4,3,1000,Weekday,2-Car,No injury/unknown,FAILURE TO YIELD RIGHT OF WAY,4TH ST & WALNUT,39.16558,-86.53362433
901482431,2018,8,4,1600,Weekday,2-Car,No injury/unknown,FOLLOWING TOO CLOSELY,4TH & SOUTH WALNUT ST,39.16558,-86.53362
901543940,2018,12,6,900,Weekday,Bus,No injury/unknown,DISREGARD SIGNAL/REG SIGN,4TH & WALNUT ST,39.16558,-86.53362
901551865,2018,12,2,1800,Weekday,2-Car,No injury/unknown,SPEED TOO FAST FOR WEATHER CONDITIONS,E 4TH & S WASHINGTON ST,39.16558,-86.53235
901321742,2018,3,4,1800,Weekday,2-Car,No injury/unknown,UNSAFE BACKING,S ROGERS ST,39.16557649,-86.538592
901505288,2018,9,7,1300,Weekend,2-Car,No injury/unknown,OTHER (DRIVER) - EXPLAIN IN NARRATIVE,E FOURTH ST,39.16556,-86.528216
901294066,2018,2,1,1000,Weekend,2-Car,No injury/unknown,FAILURE TO YIELD RIGHT OF WAY,4TH & ROGERS ST,39.16555867,-86.538592
901556151,2018,12,1,1500,Weekend,2-Car,No injury/unknown,FAILURE TO YIELD RIGHT OF WAY,FOURTH & WALNUT ST,39.16553414,-86.53360637
901450982,2018,6,4,2300,Weekday,1-Car,No injury/unknown,OTHER (DRIVER) - EXPLAIN IN NARRATIVE,4TH & COLLEGE AVE,39.16552668,-86.53480215
901464593,2018,7,3,1300,Weekday,Cyclist,No injury/unknown,OTHER (VEHICLE) - EXPLAIN IN NARRATIVE,SOUTH INDIANA AVE,39.16541461,-86.52689912
901459376,2018,6,6,2100,Weekend,2-Car,No injury/unknown,FAILURE TO YIELD RIGHT OF WAY,4TH & INDIANA AVE,39.16537348,-86.52683702
901265391,2018,1,6,1900,Weekend,2-Car,No injury/unknown,UNSAFE BACKING,4TH & GRANT ST,39.16537337,-86.52971636
901509630,2018,10,2,2000,Weekday,2-Car,No injury/unknown,IMPROPER LANE USAGE,4TH & GRANT ST,39.16537337,-86.52971636
901404871,2018,5,7,2000,Weekend,2-Car,No injury/unknown,OTHER (DRIVER) - EXPLAIN IN NARRATIVE,MORNINGSIDE & SARATOGA DR,39.16535176,-86.479306
901513614,2018,10,3,900,Weekday,2-Car,No injury/unknown,UNSAFE LANE MOVEMENT,JONES AVE & ROSE,39.16529,-86.51089784
901276280,2018,2,3,1800,Weekday,2-Car,No injury/unknown,LEFT OF CENTER,FRANKLIN RD & W 3RD,39.16523731,-86.5712
901501263,2018,9,7,2000,Weekend,2-Car,No injury/unknown,,N STATE RD 46 HWY,39.16523702,-86.49883388
901277055,2018,2,4,1300,Weekday,2-Car,No injury/unknown,UNSAFE BACKING,4TH & INDIANA AVE,39.16509895,-86.52682604
901461295,2018,6,2,1800,Weekday,2-Car,No injury/unknown,DRIVER DISTRACTED - EXPLAIN IN NARRATIVE,SR46 & TRAILWAY,39.16507098,-86.43058721
901339915,2018,4,7,1900,Weekend,2-Car,No injury/unknown,IMPROPER TURNING,S COLLEGE AVE,39.16505796,-86.53480947
901343252,2018,4,1,2000,Weekday,2-Car,No injury/unknown,ALCOHOLIC BEVERAGES,SR48W,39.165056,-86.653168
901461605,2018,6,1,1200,Weekend,2-Car,No injury/unknown,FAILURE TO YIELD RIGHT OF WAY,KIRBY & SR48W,39.16504,-86.610704
901469255,2018,7,5,2200,Weekday,2-Car,No injury/unknown,IMPROPER LANE USAGE,BROWNSTONE DR,39.16501659,-86.531821
901492075,2018,8,7,1400,Weekend,2-Car,Non-incapacitating,DRIVER DISTRACTED - EXPLAIN IN NARRATIVE,HARTSTRAIGHT RD & STATE HIGHWAY 48,39.16494,-86.61094339
901472277,2018,7,4,1800,Weekday,2-Car,No injury/unknown,FAILURE TO YIELD RIGHT OF WAY,S FAIRFIELD & S FRANKLIN RD,39.16489,-86.57026
901486204,2018,8,4,1000,Weekday,2-Car,No injury/unknown,FOLLOWING TOO CLOSELY,SR46E & TRAILWAYS,39.16485112,-86.42897833
901262158,2018,1,7,2200,Weekend,2-Car,No injury/unknown,UNSAFE BACKING,E 3RD ST,39.164848,-86.581504
901270867,2018,2,2,1600,Weekday,2-Car,No injury/unknown,OTHER (DRIVER) - EXPLAIN IN NARRATIVE,W 3RD ST,39.164848,-86.5767176
901313091,2018,3,1,1400,Weekend,2-Car,No injury/unknown,FOLLOWING TOO CLOSELY,CURRY & SR48W,39.164848,-86.582896
901318091,2018,3,3,1300,Weekday,2-Car,No injury/unknown,OTHER (DRIVER) - EXPLAIN IN NARRATIVE,W 3RD ST,39.164848,-86.57614099
901329201,2018,4,2,1800,Weekday,2-Car,Non-incapacitating,DISREGARD SIGNAL/REG SIGN,CURRY & SR48W,39.164848,-86.582896
901331190,2018,4,7,200,Weekend,1-Car,No injury/unknown,OTHER (DRIVER) - EXPLAIN IN NARRATIVE,3RD ST,39.164848,-86.581504
901461575,2018,6,4,900,Weekday,2-Car,No injury/unknown,OTHER (VEHICLE) - EXPLAIN IN NARRATIVE,W 3RD ST,39.164848,-86.5761011
901559490,2018,12,5,1800,Weekday,2-Car,No injury/unknown,FAILURE TO YIELD RIGHT OF WAY,W 3RD ST,39.164848,-86.57487674
901322290,2018,4,5,1600,Weekday,2-Car,No injury/unknown,VIEW OBSTRUCTED,W 3RD ST,39.16484767,-86.58010841
901440040,2018,6,6,1400,Weekday,2-Car,No injury/unknown,FOLLOWING TOO CLOSELY,3RD & WALNUT ST,39.16484599,-86.5336
901496415,2018,9,4,1500,Weekday,3+ Cars,Non-incapacitating,FOLLOWING TOO CLOSELY,3RD ST & SR37,39.16484565,-86.57415481
901527693,2018,11,6,1700,Weekday,2-Car,No injury/unknown,UNSAFE BACKING,W 3RD ST,39.16484267,-86.57939467
901326301,2018,4,7,900,Weekend,2-Car,No injury/unknown,UNSAFE BACKING,W 3RD ST,39.16483984,-86.5804062
901353622,2018,5,1,2200,Weekday,2-Car,No injury/unknown,UNSAFE BACKING,W 3RD ST,39.164832,-86.582048
901519267,2018,10,5,1800,Weekday,2-Car,No injury/unknown,UNSAFE BACKING,W 3RD ST,39.164832,-86.582048
901308672,2018,3,1,1500,Weekend,2-Car,No injury/unknown,UNSAFE BACKING,W 3RD ST,39.16482122,-86.5789551
901319268,2018,3,6,900,Weekday,Bus,No injury/unknown,FOLLOWING TOO CLOSELY,SR37S & W 3RD,39.1648,-86.573792
901492955,2018,9,4,1800,Weekday,2-Car,Non-incapacitating,DISREGARD SIGNAL/REG SIGN,SR37S & SR48W,39.1648,-86.573792
901312020,2018,2,5,1000,Weekday,2-Car,No injury/unknown,OTHER (DRIVER) - EXPLAIN IN NARRATIVE,PROFILE & SR48W,39.16476574,-86.59262603
901308328,2018,3,6,1900,Weekend,2-Car,Non-incapacitating,DISREGARD SIGNAL/REG SIGN,37 & 3RD ST,39.164752,-86.573104
901373879,2018,5,3,1300,Weekday,2-Car,No injury/unknown,DISREGARD SIGNAL/REG SIGN,HWY 37 & W 3RD ST,39.164752,-86.573104
901481885,2018,8,3,1900,Weekday,2-Car,No injury/unknown,FOLLOWING TOO CLOSELY,3RD ST & SR37N,39.164752,-86.573104
901492733,2018,8,3,1500,Weekday,Moped/Motorcycle,Incapacitating,FAILURE TO YIELD RIGHT OF WAY,SR37S & W 3RD,39.164752,-86.573104
901512088,2018,10,7,1000,Weekend,3+ Cars,No injury/unknown,FOLLOWING TOO CLOSELY,SR37N & W 3RD ST,39.164752,-86.573104
901519270,2018,10,5,1300,Weekday,1-Car,No injury/unknown,DRIVER DISTRACTED - EXPLAIN IN NARRATIVE,SR37 & W 3RD ST,39.164752,-86.573104
901515069,2018,10,5,1400,Weekday,3+ Cars,Non-incapacitating,FOLLOWING TOO CLOSELY,3RD & 45 46,39.1647483,-86.49855852
901468161,2018,7,3,1900,Weekday,2-Car,No injury/unknown,UNSAFE BACKING,W 3RD ST,39.16474251,-86.57282163
901495009,2018,9,2,1500,Weekday,2-Car,No injury/unknown,UNSAFE BACKING,3RD & INDIANA AVE,39.16472252,-86.52681098
901550294,2018,12,1,1400,Weekend,2-Car,No injury/unknown,OVERCORRECTING/OVERSTEERING,3RD & INDIANA AVE,39.16472252,-86.52681098
901338580,2018,4,6,1100,Weekday,2-Car,Non-incapacitating,DISREGARD SIGNAL/REG SIGN,S ROGERS & W 3RD ST,39.16472,-86.538592
901508348,2018,10,7,1300,Weekend,2-Car,No injury/unknown,FOLLOWING TOO CLOSELY,S ROGERS ST & W 3RD,39.16472,-86.538592
901524552,2018,11,2,1200,Weekday,Cyclist,Non-incapacitating,UNSAFE SPEED,SOUTH ROGERS ALY & WEST 3RD AND ROGERS,39.16472,-86.538592
901527281,2018,11,6,1200,Weekday,2-Car,No injury/unknown,FAILURE TO YIELD RIGHT OF WAY,3RD ST & ROGERS,39.16472,-86.538592
901532161,2018,11,7,1300,Weekend,2-Car,No injury/unknown,SPEED TOO FAST FOR WEATHER CONDITIONS,3RD ST & ROGERS,39.16472,-86.538592
901548873,2018,12,4,1500,Weekday,Pedestrian,Non-incapacitating,FAILURE TO YIELD RIGHT OF WAY,S ROGERS ST,39.16472,-86.538592
901273207,2018,2,6,1900,Weekend,1-Car,No injury/unknown,ROADWAY SURFACE CONDITION,S MADISON ST & W 3RD,39.164704,-86.537296
901326839,2018,4,2,600,Weekday,1-Car,No injury/unknown,RAN OFF ROAD RIGHT,3RD & MADISON ST,39.164704,-86.537296
901327821,2018,4,2,1100,Weekday,2-Car,No injury/unknown,OTHER (DRIVER) - EXPLAIN IN NARRATIVE,3RD ST & FRANKLIN,39.16469985,-86.57155249
901254148,2018,1,4,1400,Weekday,2-Car,No injury/unknown,FOLLOWING TOO CLOSELY,FRANKLIN & WEST 3RD ST,39.164688,-86.5712
901266545,2018,1,2,1800,Weekday,3+ Cars,No injury/unknown,FOLLOWING TOO CLOSELY,3000 W 3RD ST & FRANKLIN,39.164688,-86.5712
901270880,2018,2,2,1500,Weekday,2-Car,No injury/unknown,FAILURE TO YIELD RIGHT OF WAY,FRANKLIN & W 3RD ST,39.164688,-86.5712
901303302,2018,2,7,1000,Weekend,2-Car,No injury/unknown,OTHER (DRIVER) - EXPLAIN IN NARRATIVE,FRANKLIN & W 3RD ST,39.164688,-86.5712
901405178,2018,5,1,1300,Weekend,2-Car,No injury/unknown,FAILURE TO YIELD RIGHT OF WAY,FRANKLIN & WEST 3RD ST,39.164688,-86.5712
901473556,2018,7,7,1800,Weekend,2-Car,Non-incapacitating,FOLLOWING TOO CLOSELY,FRANKLIN & W 3RD ST,39.164688,-86.5712
901489383,2018,8,4,1200,Weekday,2-Car,No injury/unknown,IMPROPER LANE USAGE,FRANKLIN & W 3RD ST,39.164688,-86.5712
901490143,2018,8,5,1200,Weekday,2-Car,No injury/unknown,OTHER (DRIVER) - EXPLAIN IN NARRATIVE,2500 W 3RD ST & FRANKLIN,39.164688,-86.5712
901515837,2018,10,7,1900,Weekend,2-Car,No injury/unknown,FOLLOWING TOO CLOSELY,110 S FRANKLIN RD & 3RD,39.164688,-86.5712
901261232,2018,1,5,900,Weekday,2-Car,No injury/unknown,FOLLOWING TOO CLOSELY,3RD ST & CURRY,39.16468378,-86.58292033
901266519,2018,1,2,1600,Weekday,3+ Cars,No injury/unknown,FOLLOWING TOO CLOSELY,HICKORY & WEST 3RD ST,39.16468378,-86.58583683
901468155,2018,7,3,1700,Weekday,2-Car,No injury/unknown,FOLLOWING TOO CLOSELY,3RD ST & CURRY,39.16468378,-86.58292033
901496166,2018,9,4,1200,Weekday,2-Car,No injury/unknown,FAILURE TO YIELD RIGHT OF WAY,HICKORY & THIRD ST,39.16468378,-86.58588012
901544245,2018,12,6,1500,Weekday,2-Car,Non-incapacitating,FAILURE TO YIELD RIGHT OF WAY,S HICKORY & SR 48 HWY,39.16468378,-86.58583683
901562794,2018,12,5,1700,Weekday,2-Car,No injury/unknown,FAILURE TO YIELD RIGHT OF WAY,HICKORY & W 3RD ST,39.16468378,-86.58583683
901339884,2018,4,7,1400,Weekend,2-Car,No injury/unknown,FOLLOWING TOO CLOSELY,E 3RD & PETE ELLIS DR,39.16465198,-86.495088
901420500,2018,6,2,1200,Weekday,2-Car,No injury/unknown,FAILURE TO YIELD RIGHT OF WAY,3RD & PETE ELLIS DR,39.16465198,-86.495088
901287184,2018,2,6,1700,Weekday,2-Car,Non-incapacitating,OTHER (DRIVER) - EXPLAIN IN NARRATIVE,3RD ST & WALNUT,39.16464,-86.53342359
901251973,2018,1,1,1100,Weekend,Pedestrian,Non-incapacitating,UNSAFE BACKING,W 3RD ST,39.16464,-86.56609698
901253588,2018,1,3,1100,Weekday,2-Car,No injury/unknown,FAILURE TO YIELD RIGHT OF WAY,3RD ST & COLLEGE,39.16464,-86.534816
901254775,2018,1,5,1200,Weekday,2-Car,No injury/unknown,FAILURE TO YIELD RIGHT OF WAY,SR37N & WALNUT,39.16464,-86.5336
901255016,2018,1,5,1500,Weekday,2-Car,No injury/unknown,SPEED TOO FAST FOR WEATHER CONDITIONS,E 3RD ST & S WASHINGTON,39.16464,-86.5324
901257921,2018,1,7,200,Weekend,1-Car,No injury/unknown,ROADWAY SURFACE CONDITION,3RD ST & LINCOLN,39.16464,-86.531024
901259398,2018,1,2,1300,Weekday,2-Car,No injury/unknown,IMPROPER PASSING,KIMBLE & W 3RD ST,39.16464,-86.568
901265518,2018,1,7,1800,Weekend,3+ Cars,Non-incapacitating,DISREGARD SIGNAL/REG SIGN,3RD ST & WASHINGTON,39.16464,-86.5324
901269625,2018,1,6,2000,Weekend,2-Car,No injury/unknown,FAILURE TO YIELD RIGHT OF WAY,KIMBLE & W 3RD ST,39.16464,-86.568
901273001,2018,2,6,1300,Weekday,2-Car,No injury/unknown,FAILURE TO YIELD RIGHT OF WAY,3RD ST & WASHINGTON,39.16464,-86.5324
901276062,2018,2,3,1000,Weekday,2-Car,Non-incapacitating,DISREGARD SIGNAL/REG SIGN,S COLLEGE AVE & W 3RD,39.16464,-86.534816
901277373,2018,2,5,500,Weekday,2-Car,No injury/unknown,DISREGARD SIGNAL/REG SIGN,3RD ST & WASHINGTON,39.16464,-86.5324
901280073,2018,2,2,1700,Weekday,2-Car,No injury/unknown,UNSAFE LANE MOVEMENT,E 3RD ST & S GRANT,39.16464,-86.529728
901294982,2018,2,4,600,Weekday,2-Car,No injury/unknown,SPEED TOO FAST FOR WEATHER CONDITIONS,SOUTH WALNUT ST & SR37N,39.16464,-86.5336
901303475,2018,2,1,400,Weekend,2-Car,Non-incapacitating,FAILURE TO YIELD RIGHT OF WAY,3RD ST & WASHINGTON,39.16464,-86.5324
901322291,2018,4,5,1700,Weekday,2-Car,No injury/unknown,UNSAFE LANE MOVEMENT,E 3RD ST & LINCOLN,39.16464,-86.531024
901323570,2018,4,2,1300,Weekday,2-Car,No injury/unknown,FAILURE TO YIELD RIGHT OF WAY,3RD ST & COLLEGE,39.16464,-86.534816
901326308,2018,4,7,1000,Weekend,2-Car,Non-incapacitating,FOLLOWING TOO CLOSELY,3RD ST & LINCOLN,39.16464,-86.531024
901326393,2018,4,7,1800,Weekend,2-Car,No injury/unknown,FAILURE TO YIELD RIGHT OF WAY,S COLLEGE & W 3RD ST,39.16464,-86.534816
901326443,2018,4,1,300,Weekend,2-Car,No injury/unknown,DISREGARD SIGNAL/REG SIGN,E 3RD ST & S WASHINGTON,39.16464,-86.5324
901330954,2018,4,3,1000,Weekday,2-Car,No injury/unknown,FOLLOWING TOO CLOSELY,3RD ST & WALNUT ST ST,39.16464,-86.5336
901348382,2018,5,4,2100,Weekday,3+ Cars,Non-incapacitating,FOLLOWING TOO CLOSELY,3RD & COLLEGE AVE,39.16464,-86.534816
901351301,2018,5,6,1900,Weekend,2-Car,Non-incapacitating,FAILURE TO YIELD RIGHT OF WAY,3RD ST & COLLEGE,39.16464,-86.534816
901358663,2018,5,4,1600,Weekday,2-Car,No injury/unknown,IMPROPER TURNING,E 3RD ST,39.16464,-86.5324
901361501,2018,5,6,0,Weekday,2-Car,No injury/unknown,FAILURE TO YIELD RIGHT OF WAY,200 BLK S COLLEGE AVE & 3RD,39.16464,-86.534816
901404706,2018,5,6,1400,Weekday,2-Car,No injury/unknown,FAILURE TO YIELD RIGHT OF WAY,3RD & WALNUT ST,39.16464,-86.5336
901451545,2018,6,4,1200,Weekday,2-Car,No injury/unknown,UNSAFE BACKING,S WALNUT ST,39.16464,-86.5336
901451579,2018,6,4,1300,Weekday,2-Car,No injury/unknown,UNSAFE BACKING,E 3RD ST,39.16464,-86.56913891
901456518,2018,6,2,1200,Weekday,2-Car,Non-incapacitating,DISREGARD SIGNAL/REG SIGN,3RD ST & WALNUT,39.16464,-86.5336
901475034,2018,6,4,1500,Weekday,2-Car,No injury/unknown,FOLLOWING TOO CLOSELY,KIMBLE & W 3RD ST,39.16464,-86.568