Master Record Number,Year,Month,Day,Hour,Weekend,Collision Type,Injury Type,Primary Factor,Reported_Location,Latitude,Longitude
901479424,2018,8,5,1400,Weekday,2-Car,Non-incapacitating,DISREGARD SIGNAL/REG SIGN,3RD & COLLEGE AVE,39.16464,-86.534816
901481375,2018,8,2,1700,Weekday,2-Car,No injury/unknown,IMPROPER LANE USAGE,E 3RD ST,39.16464,-86.56905455
901485023,2018,8,5,1700,Weekday,3+ Cars,Non-incapacitating,FOLLOWING TOO CLOSELY,S JOHNSON & W 3RD ST,39.16464,-86.564992
901487107,2018,8,6,1500,Weekday,2-Car,Non-incapacitating,FOLLOWING TOO CLOSELY,S KIMBLE & W 3RD ST,39.16464,-86.568
901488053,2018,8,2,1200,Weekday,2-Car,No injury/unknown,UNSAFE BACKING,E 3RD & S WASHINGTON ST,39.16464,-86.5324
901489527,2018,8,4,2100,Weekday,2-Car,Non-incapacitating,DISREGARD SIGNAL/REG SIGN,THIRD ST & WASHINGTON,39.16464,-86.5324
901489550,2018,8,4,2200,Weekday,Moped/Motorcycle,No injury/unknown,DRIVER DISTRACTED - EXPLAIN IN NARRATIVE,E 3RD ST & S WASHINGTON,39.16464,-86.5324
901491302,2018,8,2,800,Weekday,3+ Cars,No injury/unknown,FOLLOWING TOO CLOSELY,3RD ST ST & WALNUT ST,39.16464,-86.5336
901493682,2018,9,5,2300,Weekday,2-Car,Non-incapacitating,DISREGARD SIGNAL/REG SIGN,S COLLEGE & W 3RD ST,39.16464,-86.534816
901494428,2018,9,7,2000,Weekend,2-Car,No injury/unknown,FAILURE TO YIELD RIGHT OF WAY,3RD ST & COLLEGE,39.16464,-86.534816
901504214,2018,9,6,700,Weekday,2-Car,Non-incapacitating,FAILURE TO YIELD RIGHT OF WAY,ALLEY & S WASHINGTON,39.16464,-86.5324
901504809,2018,9,7,2300,Weekend,2-Car,No injury/unknown,FAILURE TO YIELD RIGHT OF WAY,3RD ST & WASHINGTON,39.16464,-86.5324
901508193,2018,9,5,2100,Weekday,2-Car,No injury/unknown,IMPROPER LANE USAGE,COLLEGE & SR37N,39.16464,-86.534816
901510772,2018,10,5,0,Weekday,2-Car,Non-incapacitating,DISREGARD SIGNAL/REG SIGN,S COLLEGE AVE & W 3RD,39.16464,-86.534816
901511186,2018,10,5,1100,Weekday,Pedestrian,Non-incapacitating,PEDESTRIAN ACTION,3RD ST & GRANT,39.16464,-86.529728
901515483,2018,10,6,1500,Weekday,2-Car,No injury/unknown,FOLLOWING TOO CLOSELY,E 3RD ST & S GRANT,39.16464,-86.529728
901515688,2018,10,7,800,Weekend,1-Car,No injury/unknown,RAN OFF ROAD RIGHT,COLLEGE AVE & SR37S,39.16464,-86.534816
901528101,2018,11,1,1600,Weekend,2-Car,No injury/unknown,UNSAFE BACKING,W 3RD ST,39.16464,-86.56535587
901530507,2018,11,4,1700,Weekday,2-Car,No injury/unknown,DISREGARD SIGNAL/REG SIGN,E 3RD & S WASHINGTON ST,39.16464,-86.5324
901531636,2018,11,6,1500,Weekday,2-Car,No injury/unknown,OTHER (DRIVER) - EXPLAIN IN NARRATIVE,EAST 3RD ST & LINCOLN,39.16464,-86.531024
901536224,2018,11,6,1600,Weekday,2-Car,Non-incapacitating,FAILURE TO YIELD RIGHT OF WAY,EAST 3RD ST & GRANT,39.16464,-86.529728
901539879,2018,11,7,1700,Weekend,2-Car,No injury/unknown,DISREGARD SIGNAL/REG SIGN,E 3RD & S WALNUT ST,39.16464,-86.5336
901541008,2018,11,2,800,Weekday,2-Car,No injury/unknown,DISREGARD SIGNAL/REG SIGN,3RD ST & WASHINGTON,39.16464,-86.5324
901541404,2018,11,2,2000,Weekday,2-Car,No injury/unknown,DISREGARD SIGNAL/REG SIGN,3RD ST & WASHINGTON,39.16464,-86.5324
901546632,2018,12,2,2000,Weekday,2-Car,Non-incapacitating,DISREGARD SIGNAL/REG SIGN,E 3RD ST & S LINCOLN,39.16464,-86.531024
901548676,2018,12,5,800,Weekday,2-Car,Non-incapacitating,FAILURE TO YIELD RIGHT OF WAY,3RD ST & COLLEGE,39.16464,-86.534816
901557513,2018,12,2,1100,Weekday,3+ Cars,No injury/unknown,FOLLOWING TOO CLOSELY,3RD ST & JOHNSON,39.16464,-86.564992
901459574,2018,6,7,1500,Weekend,2-Car,Non-incapacitating,DISREGARD SIGNAL/REG SIGN,ROGERS ST & WEST 3RD,39.16463,-86.5387
901259971,2018,1,5,1200,Weekday,2-Car,Non-incapacitating,SPEED TOO FAST FOR WEATHER CONDITIONS,3RD ST & MADISON,39.16462,-86.53741
901479490,2018,8,5,1900,Weekday,2-Car,No injury/unknown,UNSAFE BACKING,W THIRD ST,39.16460864,-86.58014045
901540044,2018,11,7,1600,Weekend,2-Car,No injury/unknown,UNSAFE BACKING,WEST 3RD ST,39.16460864,-86.58014045
901477100,2018,8,1,1700,Weekend,2-Car,Non-incapacitating,FOLLOWING TOO CLOSELY,US37 & W 3RD ST,39.16460688,-86.57111764
901520920,2018,10,7,0,Weekend,2-Car,No injury/unknown,OTHER (DRIVER) - EXPLAIN IN NARRATIVE,S COLLEGE AVE,39.16460539,-86.53481633
901262040,2018,1,1,0,Weekend,2-Car,No injury/unknown,DISREGARD SIGNAL/REG SIGN,COLLEGE AVE & WEST THIRD,39.1646,-86.5349
901497292,2018,9,6,1600,Weekday,2-Car,No injury/unknown,IMPROPER PASSING,SOUTH WALNUT ST & THIRD,39.1646,-86.53363
901254533,2018,1,5,800,Weekday,2-Car,No injury/unknown,SPEED TOO FAST FOR WEATHER CONDITIONS,3RD & LIBERTY DR,39.1645984,-86.57913641
901260169,2018,1,3,2000,Weekday,2-Car,No injury/unknown,OTHER (DRIVER) - EXPLAIN IN NARRATIVE,3175 W 3RD ST & LIBERTY,39.1645984,-86.57926628
901272625,2018,2,5,1700,Weekday,2-Car,No injury/unknown,FAILURE TO YIELD RIGHT OF WAY,LIBERTY DR & WEST 3RD,39.1645984,-86.57913641
901277175,2018,2,4,1500,Weekday,2-Car,No injury/unknown,FAILURE TO YIELD RIGHT OF WAY,3700 W 3RD ST & LIBERTY,39.1645984,-86.57912342
901290410,2018,1,5,1300,Weekday,2-Car,No injury/unknown,FOLLOWING TOO CLOSELY,3RD & LIBERTY DR,39.1645984,-86.57913641
901318517,2018,3,4,1800,Weekday,2-Car,No injury/unknown,CELL PHONE USAGE,LIBERTY & W 3RD ST,39.1645984,-86.57911044
901322544,2018,4,6,1000,Weekday,3+ Cars,Non-incapacitating,OTHER (DRIVER) - EXPLAIN IN NARRATIVE,3RD ST & LIBERTY,39.1645984,-86.57912342
901326390,2018,4,6,1600,Weekday,2-Car,Non-incapacitating,FAILURE TO YIELD RIGHT OF WAY,W 3RD ST,39.1645984,-86.57884954
901459094,2018,6,6,1000,Weekday,2-Car,Non-incapacitating,DISREGARD SIGNAL/REG SIGN,LIBERTY DR & W 3RD,39.1645984,-86.57913641
901459576,2018,6,7,1600,Weekend,2-Car,No injury/unknown,FAILURE TO YIELD RIGHT OF WAY,LIBERTY DR & WEST 3RD,39.1645984,-86.57913641
901469669,2018,7,6,1900,Weekend,2-Car,No injury/unknown,FAILURE TO YIELD RIGHT OF WAY,LIBERTY & W 3RD ST,39.1645984,-86.57913641
901475572,2018,7,4,2000,Weekday,2-Car,Non-incapacitating,DISREGARD SIGNAL/REG SIGN,3RD ST & LIBERTY,39.1645984,-86.57913641
901481881,2018,8,3,2000,Weekday,2-Car,No injury/unknown,,W 3RD ST,39.1645984,-86.57871294
901482442,2018,8,4,1500,Weekday,2-Car,No injury/unknown,FOLLOWING TOO CLOSELY,LIBERTY & SR48E,39.1645984,-86.57911044
901497145,2018,9,6,1200,Weekday,2-Car,No injury/unknown,FAILURE TO YIELD RIGHT OF WAY,LIBERTY & SR48W,39.1645984,-86.57913641
901504719,2018,9,7,1800,Weekend,2-Car,Non-incapacitating,FAILURE TO YIELD RIGHT OF WAY,3RD ST & LIBERTY,39.1645984,-86.57913641
901507969,2018,10,6,1200,Weekday,2-Car,No injury/unknown,UNSAFE BACKING,W 3RD ST,39.1645984,-86.57855584
901509666,2018,10,2,1800,Weekday,2-Car,No injury/unknown,OTHER (VEHICLE) - EXPLAIN IN NARRATIVE,W 3RD ST,39.1645984,-86.57871294
901537640,2018,11,2,1700,Weekday,2-Car,No injury/unknown,UNSAFE LANE MOVEMENT,LIBERTY & W 3RD ST,39.1645984,-86.57911909
901541120,2018,11,2,1300,Weekday,2-Car,No injury/unknown,DRIVER DISTRACTED - EXPLAIN IN NARRATIVE,3RD ST & LIBERTY,39.1645984,-86.57913641
901543645,2018,12,5,1900,Weekday,2-Car,Non-incapacitating,FAILURE TO YIELD RIGHT OF WAY,LIBERTY & W 3RD ST,39.1645984,-86.57911909
901561618,2018,12,3,1400,Weekday,2-Car,Incapacitating,FAILURE TO YIELD RIGHT OF WAY,W 3RD ST,39.1645984,-86.57839875
901260067,2018,1,3,1100,Weekday,2-Car,No injury/unknown,OTHER (DRIVER) - EXPLAIN IN NARRATIVE,3RD & GATES DR,39.16459498,-86.57621992
901268201,2018,1,4,1600,Weekday,2-Car,Non-incapacitating,FOLLOWING TOO CLOSELY,GATES & WEST 3RD ST,39.16459498,-86.57621992
901279031,2018,2,7,1500,Weekend,2-Car,No injury/unknown,BRAKE FAILURE OR DEFECTIVE,GATES & WEST 3RD ST,39.16459498,-86.57621992
901298584,2018,2,4,2100,Weekday,2-Car,No injury/unknown,SPEED TOO FAST FOR WEATHER CONDITIONS,GATES & W 3RD ST,39.16459498,-86.57621992
901316534,2018,3,7,2000,Weekend,2-Car,No injury/unknown,FAILURE TO YIELD RIGHT OF WAY,GATES & WEST 3RD ST,39.16459498,-86.57621992
901324592,2018,4,3,1900,Weekday,3+ Cars,Non-incapacitating,FOLLOWING TOO CLOSELY,GATES & W 3RD ST,39.16459498,-86.57624589
901339600,2018,4,6,1600,Weekday,2-Car,No injury/unknown,FAILURE TO YIELD RIGHT OF WAY,3RD ST & GATES,39.16459498,-86.57621992
901343516,2018,4,6,1200,Weekday,Bus,No injury/unknown,OTHER (DRIVER) - EXPLAIN IN NARRATIVE,3RD ST & GATES,39.16459498,-86.57621992
901442493,2018,6,7,2200,Weekend,2-Car,No injury/unknown,DISREGARD SIGNAL/REG SIGN,3RD ST & GATES,39.16459498,-86.57621992
901455478,2018,6,3,1600,Weekday,3+ Cars,No injury/unknown,DISREGARD SIGNAL/REG SIGN,3RD ST & GATES,39.16459498,-86.57621992
901469433,2018,7,6,900,Weekday,1-Car,No injury/unknown,BRAKE FAILURE OR DEFECTIVE,3275 WEST 3ST ST & GATES DR,39.16459498,-86.57621992
901485059,2018,8,5,1500,Weekday,2-Car,No injury/unknown,FOLLOWING TOO CLOSELY,GATES & THIRD ST,39.16459498,-86.57621992
901495753,2018,9,3,1300,Weekday,3+ Cars,Non-incapacitating,FOLLOWING TOO CLOSELY,3RD & GATES DR,39.16459498,-86.57621992
901497338,2018,9,6,1600,Weekday,2-Car,Non-incapacitating,OTHER (DRIVER) - EXPLAIN IN NARRATIVE,GATES & WEST THIRD ST,39.16459498,-86.57621126
901502550,2018,9,3,1200,Weekday,2-Car,Non-incapacitating,DISREGARD SIGNAL/REG SIGN,GATES & W 3RD ST,39.16459498,-86.57621992
901508389,2018,10,6,1600,Weekday,2-Car,No injury/unknown,FAILURE TO YIELD RIGHT OF WAY,3RD ST & GATES,39.16459498,-86.57621992
901514555,2018,10,4,1900,Weekday,1-Car,No injury/unknown,RAN OFF ROAD RIGHT,3RD ST & GATES,39.16459498,-86.57622858
901534072,2018,11,3,1500,Weekday,2-Car,No injury/unknown,FAILURE TO YIELD RIGHT OF WAY,WEST 3RD ST,39.16459498,-86.57639067
901504572,2018,9,7,0,Weekend,2-Car,No injury/unknown,UNSAFE BACKING,EAST THIRD ST,39.16459157,-86.53213788
901451478,2018,6,4,1200,Weekday,2-Car,No injury/unknown,UNSAFE BACKING,SOUTH COLLEGE AVE,39.164584,-86.534901
901483716,2018,8,6,2100,Weekend,3+ Cars,No injury/unknown,FOLLOWING TOO CLOSELY,3RD ST & CORY,39.16457233,-86.55903857
901342168,2018,4,4,1400,Weekday,3+ Cars,No injury/unknown,FOLLOWING TOO CLOSELY,3RD ST & CORY,39.16456918,-86.55939112
901314092,2018,3,2,1500,Weekday,2-Car,No injury/unknown,FAILURE TO YIELD RIGHT OF WAY,W 3RD ST & WYNNEDALE,39.16456,-86.57019
901483867,2018,8,7,1300,Weekend,2-Car,Non-incapacitating,OTHER (DRIVER) - EXPLAIN IN NARRATIVE,WEST 3RD ST & WYNNEDALE,39.16456,-86.57019
901527611,2018,11,6,2300,Weekend,2-Car,No injury/unknown,UNSAFE BACKING,3RD ST,39.16456,-86.5550845
901326452,2018,4,1,200,Weekend,1-Car,No injury/unknown,RAN OFF ROAD RIGHT,3RD ST & CORY,39.16455652,-86.56044845
901269990,2018,1,1,1900,Weekday,2-Car,No injury/unknown,,S ADAMS ST,39.164544,-86.552192
901388640,2018,5,7,1200,Weekend,2-Car,No injury/unknown,FAILURE TO YIELD RIGHT OF WAY,3RD ST & CORY,39.164544,-86.560096
901472792,2018,7,5,1700,Weekday,3+ Cars,No injury/unknown,FOLLOWING TOO CLOSELY,CORY & WEST 3RD ST,39.164544,-86.560096
901486670,2018,8,5,2000,Weekday,1-Car,No injury/unknown,UNSAFE LANE MOVEMENT,CORY & W 3RD ST,39.164544,-86.560096
901559309,2018,12,5,1000,Weekday,2-Car,No injury/unknown,OTHER (DRIVER) - EXPLAIN IN NARRATIVE,S ADAMS ST,39.164544,-86.552192
901559699,2018,12,6,100,Weekday,1-Car,No injury/unknown,UNSAFE BACKING,S ADAMS ST,39.164544,-86.552192
901287665,2018,2,7,1900,Weekend,2-Car,No injury/unknown,UNSAFE BACKING,THIRD ST,39.164533,-86.567167
901270724,2018,2,2,1200,Weekday,2-Car,Non-incapacitating,FOLLOWING TOO CLOSELY,OPPORTUNITY & W 3RD ST,39.16453,-86.56705433
901464080,2018,6,6,700,Weekday,2-Car,No injury/unknown,FAILURE TO YIELD RIGHT OF WAY,OPPORTUNITY & THIRD ST,39.16453,-86.56705
901527827,2018,11,7,1900,Weekend,2-Car,No injury/unknown,UNSAFE BACKING,E 3RD ST,39.16452114,-86.551072
901281059,2018,2,3,1400,Weekday,2-Car,No injury/unknown,IMPROPER TURNING,E 3RD ST,39.16451984,-86.551008
901504486,2018,9,5,1500,Weekday,2-Car,Non-incapacitating,FAILURE TO YIELD RIGHT OF WAY,E 3RD & PETE ELLIS DR,39.16451466,-86.495088
901308303,2018,3,5,1800,Weekday,1-Car,No injury/unknown,RAN OFF ROAD RIGHT,JOHNSON AVE & THIRD,39.16451,-86.565
901489541,2018,8,5,0,Weekday,1-Car,No injury/unknown,ROADWAY SURFACE CONDITION,E 3RD ST & S MULLER,39.1645,-86.56269134
901549902,2018,12,7,1600,Weekend,2-Car,No injury/unknown,FOLLOWING TOO CLOSELY,MULLER & WEST 3RD ST,39.1645,-86.5627
901504223,2018,9,6,1000,Weekday,2-Car,No injury/unknown,FOLLOWING TOO CLOSELY,COLLEGE MALL RD & SR46E,39.16449611,-86.49852745
901487051,2018,8,6,900,Weekday,1-Car,Non-incapacitating,RAN OFF ROAD RIGHT,SR46E & TRAILWAY,39.16449322,-86.42814313
901455443,2018,6,4,1600,Weekday,2-Car,No injury/unknown,FAILURE TO YIELD RIGHT OF WAY,WEST 3RD ST,39.16449253,-86.57165052
901335241,2018,4,3,1900,Weekday,Pedestrian,No injury/unknown,FAILURE TO YIELD RIGHT OF WAY,E 3RD ST,39.1644915,-86.54983329
901425601,2018,6,3,1500,Weekday,2-Car,No injury/unknown,UNSAFE BACKING,E 3RD ST,39.164488,-86.54969829
901261265,2018,1,5,900,Weekday,2-Car,No injury/unknown,FOLLOWING TOO CLOSELY,3RD ST & CURRY,39.16448,-86.56015
901279042,2018,2,7,1700,Weekend,2-Car,No injury/unknown,FAILURE TO YIELD RIGHT OF WAY,CURRY & WEST 3RD ST,39.16448,-86.56015
901303257,2018,2,7,1000,Weekend,2-Car,Non-incapacitating,FAILURE TO YIELD RIGHT OF WAY,3RD ST & CURRY,39.16448,-86.56011538
901312691,2018,3,6,1300,Weekday,2-Car,No injury/unknown,FAILURE TO YIELD RIGHT OF WAY,COREY & WEST 3RD ST,39.16448,-86.56015866
901338662,2018,4,4,1100,Weekday,2-Car,No injury/unknown,FAILURE TO YIELD RIGHT OF WAY,CURRY PIKE & W 3RD,39.16448,-86.56015
901402079,2018,5,5,500,Weekday,2-Car,No injury/unknown,FOLLOWING TOO CLOSELY,3RD ST & CURRY,39.16448,-86.56012403
901441962,2018,6,6,1500,Weekday,2-Car,Non-incapacitating,DISREGARD SIGNAL/REG SIGN,3RD & CURRY PIKE,39.16448,-86.56015
901460460,2018,6,2,1200,Weekday,2-Car,No injury/unknown,FOLLOWING TOO CLOSELY,CURRY PIKE & W 3RD ST ST,39.16448,-86.56014654
901464952,2018,7,4,900,Weekday,2-Car,No injury/unknown,FAILURE TO YIELD RIGHT OF WAY,CURRY & W 3RD ST,39.16448,-86.56016731
901464953,2018,7,4,800,Weekday,2-Car,No injury/unknown,FAILURE TO YIELD RIGHT OF WAY,CURRY PIKE & W 3RD,39.16448,-86.56015
901471113,2018,7,3,1700,Weekday,3+ Cars,No injury/unknown,FOLLOWING TOO CLOSELY,3RD ST & CURRY,39.16448,-86.56015
901480336,2018,8,7,100,Weekend,2-Car,No injury/unknown,FAILURE TO YIELD RIGHT OF WAY,CURRY & THIRD ST,39.16448,-86.56015
901488152,2018,8,2,900,Weekday,2-Car,No injury/unknown,FAILURE TO YIELD RIGHT OF WAY,3RD ST & CURRY,39.16448,-86.56015
901490276,2018,8,5,900,Weekday,3+ Cars,No injury/unknown,FOLLOWING TOO CLOSELY,CURRY & W 3RD ST,39.16448,-86.56015
901497290,2018,9,6,1500,Weekday,2-Car,No injury/unknown,FOLLOWING TOO CLOSELY,CURRY & WEST 3RD ST,39.16448,-86.56015
901510048,2018,10,3,1000,Weekday,2-Car,No injury/unknown,FOLLOWING TOO CLOSELY,CURRY & W 3RD ST,39.16448,-86.56015
901511951,2018,10,6,1700,Weekday,2-Car,No injury/unknown,FAILURE TO YIELD RIGHT OF WAY,3RD ST & CURRY,39.16448,-86.56016731
901524645,2018,11,2,1300,Weekday,2-Car,No injury/unknown,IMPROPER LANE USAGE,S CURRY & W 3RD ST,39.16448,-86.56019328
901389699,2018,5,1,200,Weekend,1-Car,No injury/unknown,RAN OFF ROAD RIGHT,3RD ST,39.16447742,-86.54929031
901496391,2018,9,3,2000,Weekday,2-Car,No injury/unknown,UNSAFE LANE MOVEMENT,3RD ST & DUNN,39.16445,-86.52822
901519464,2018,10,7,1300,Weekend,2-Car,No injury/unknown,FOLLOWING TOO CLOSELY,DUNN ST & EAST 3 ST,39.16445,-86.52822
901492925,2018,8,3,1500,Weekday,2-Car,No injury/unknown,FOLLOWING TOO CLOSELY,3RD ST & INDIANA,39.164448,-86.52609438
901503899,2018,9,5,1700,Weekday,2-Car,No injury/unknown,FOLLOWING TOO CLOSELY,3RD ST & INDIANA,39.164448,-86.52644719
901273313,2018,2,7,200,Weekend,1-Car,No injury/unknown,SPEED TOO FAST FOR WEATHER CONDITIONS,3RD ST & INDIANA,39.164448,-86.5268
901283342,2018,2,4,1700,Weekday,2-Car,No injury/unknown,IMPROPER TURNING,EAST 3RD & SR4546S,39.164448,-86.471888
901284089,2018,2,2,1700,Weekday,2-Car,No injury/unknown,SPEED TOO FAST FOR WEATHER CONDITIONS,3RD ST & FESS,39.164448,-86.525792
901293742,2018,2,3,1800,Weekday,3+ Cars,No injury/unknown,FOLLOWING TOO CLOSELY,EAST 3RD & SR4546S,39.164448,-86.471888
901299402,2018,2,5,1700,Weekday,2-Car,No injury/unknown,FOLLOWING TOO CLOSELY,E 3RD ST & S FESS,39.164448,-86.525792
901308085,2018,3,6,1100,Weekday,2-Car,No injury/unknown,FOLLOWING TOO CLOSELY,E 3RD ST & FESS,39.164448,-86.525792
901330630,2018,4,5,1700,Weekday,2-Car,No injury/unknown,UNSAFE BACKING,E 3RD ST,39.164448,-86.52798769
901331254,2018,4,7,1200,Weekend,2-Car,Non-incapacitating,UNSAFE SPEED,EAST 3RD ST & INDIANA,39.164448,-86.5268
901341124,2018,4,2,1300,Weekday,2-Car,No injury/unknown,UNSAFE LANE MOVEMENT,DUNN & E 3RD ST,39.164448,-86.528096
901417119,2018,6,7,1600,Weekend,2-Car,No injury/unknown,FOLLOWING TOO CLOSELY,3RD & SR4546S,39.164448,-86.471888
901465838,2018,7,5,1700,Weekday,2-Car,No injury/unknown,IMPROPER LANE USAGE,3RD ST & DUNN,39.164448,-86.528096
901482235,2018,8,4,2000,Weekday,2-Car,No injury/unknown,OVERCORRECTING/OVERSTEERING,3RD & DUNN ST,39.164448,-86.528096
901485079,2018,8,2,1300,Weekday,2-Car,No injury/unknown,,E 3RD ST,39.164448,-86.527744
901489999,2018,8,5,2000,Weekday,Moped/Motorcycle,Non-incapacitating,DISREGARD SIGNAL/REG SIGN,E 3RD ST & INDIANA,39.164448,-86.5268
901494422,2018,9,7,1600,Weekend,2-Car,No injury/unknown,UNSAFE LANE MOVEMENT,3RD & STATE ROAD 45 46 BYP,39.164448,-86.471888
901495714,2018,9,3,1500,Weekday,Moped/Motorcycle,Non-incapacitating,IMPROPER PASSING,3RD ST & INDIANA,39.164448,-86.5268
901497090,2018,9,6,900,Weekday,2-Car,No injury/unknown,FOLLOWING TOO CLOSELY,3RD ST ST & INDIANA AVE,39.164448,-86.5268
901507000,2018,9,3,1400,Weekday,2-Car,Non-incapacitating,DISREGARD SIGNAL/REG SIGN,3RD ST & INDIANA,39.164448,-86.5268
901525989,2018,11,4,1300,Weekday,2-Car,No injury/unknown,UNSAFE BACKING,3RD & 727 E 3RD WEST DRIVE ST,39.164448,-86.471888
901527213,2018,11,6,1100,Weekday,2-Car,No injury/unknown,LEFT OF CENTER,E 3RD ST & S DUNN,39.164448,-86.528096
901528731,2018,11,2,1200,Weekday,2-Car,No injury/unknown,OTHER (DRIVER) - EXPLAIN IN NARRATIVE,E 3RD & SR 45 46 BYPASS RD,39.164448,-86.471888
901537020,2018,11,2,800,Weekday,2-Car,No injury/unknown,DISREGARD SIGNAL/REG SIGN,3RD ST & DUNN,39.164448,-86.528096
901555605,2018,12,7,800,Weekend,3+ Cars,Non-incapacitating,DISREGARD SIGNAL/REG SIGN,DUNN & E 3RD ST,39.164448,-86.528096
901269234,2018,1,5,1700,Weekday,3+ Cars,No injury/unknown,OTHER (DRIVER) - EXPLAIN IN NARRATIVE,3RD ST & FESS,39.16444377,-86.52565098
901452900,2018,6,5,1600,Weekday,3+ Cars,No injury/unknown,UNSAFE BACKING,E 3RD ST,39.1644383,-86.52546877
901474461,2018,7,2,1500,Weekday,2-Car,No injury/unknown,VIEW OBSTRUCTED,E 3RD ST,39.1644383,-86.52546877
901329238,2018,4,3,2300,Weekday,3+ Cars,Non-incapacitating,RAN OFF ROAD RIGHT,2910 W 3RD ST & ST 37,39.16442423,-86.5732966
901330191,2018,4,4,1700,Weekday,2-Car,No injury/unknown,FOLLOWING TOO CLOSELY,SR37S & W THIRD,39.16442423,-86.5732966
901508125,2018,10,6,1800,Weekday,2-Car,Non-incapacitating,FAILURE TO YIELD RIGHT OF WAY,SR 37 & W 3RD ST,39.16442423,-86.5732966
901513867,2018,10,2,1600,Weekday,3+ Cars,No injury/unknown,FOLLOWING TOO CLOSELY,3RD ST & SR 37,39.16442423,-86.5732966
901256543,2018,1,5,1700,Weekday,3+ Cars,No injury/unknown,SPEED TOO FAST FOR WEATHER CONDITIONS,3RD ST & DUNN,39.1644174,-86.52819003
901267484,2018,1,3,2000,Weekday,Pedestrian,Non-incapacitating,FAILURE TO YIELD RIGHT OF WAY,PATTERSON AVE & WEST 3RD,39.16441,-86.55196
901278172,2018,2,6,0,Weekday,2-Car,No injury/unknown,UNSAFE BACKING,3RD & WESTPLEX AVE,39.16441,-86.5539
901296742,2018,2,4,700,Weekday,2-Car,No injury/unknown,SPEED TOO FAST FOR WEATHER CONDITIONS,PATTERSON DR DR & WEST 3 ST,39.16441,-86.55196
901461435,2018,6,4,200,Weekday,1-Car,No injury/unknown,IMPROPER LANE USAGE,3RD ST & WESTPLEX,39.16441,-86.5539
901261142,2018,1,5,900,Weekday,2-Car,No injury/unknown,FOLLOWING TOO CLOSELY,3RD ST & LANDMARK,39.16440374,-86.55627394
901300104,2018,2,2,0,Weekday,1-Car,No injury/unknown,RAN OFF ROAD RIGHT,LANDMARK & W 3RD ST,39.16440374,-86.55626096
901497583,2018,9,7,1900,Weekend,Moped/Motorcycle,Non-incapacitating,FOLLOWING TOO CLOSELY,3RD ST & LANDMARK,39.16440374,-86.5562826
901499311,2018,9,3,1600,Weekday,3+ Cars,No injury/unknown,BRAKE FAILURE OR DEFECTIVE,3RD ST & LANDMARK,39.16440374,-86.55623932
901527527,2018,11,6,1300,Weekday,2-Car,No injury/unknown,FAILURE TO YIELD RIGHT OF WAY,LANDMARK & WEST 3RD ST,39.16440374,-86.55629991
901494966,2018,9,2,0,Weekday,1-Car,No injury/unknown,UNSAFE SPEED,1000 W 3RD ST & S WALKER,39.1644,-86.546304
901521569,2018,10,3,1900,Weekday,1-Car,No injury/unknown,UNSAFE SPEED,S WALKER & W 3RD ST,39.1644,-86.546304
901507721,2018,9,5,1400,Weekday,3+ Cars,Non-incapacitating,FOLLOWING TOO CLOSELY,EAST THIRD ST & WOODLAWN,39.16439952,-86.52417584
901307444,2018,2,3,1500,Weekday,2-Car,No injury/unknown,FAILURE TO YIELD RIGHT OF WAY,E 3RD & PETE ELLIS DR,39.16437733,-86.495088
901484744,2018,8,2,1000,Weekday,2-Car,Non-incapacitating,UNSAFE LANE MOVEMENT,3RD ST & WOODLAWN,39.16437316,-86.5232971
901549820,2018,12,6,900,Weekday,1-Car,No injury/unknown,RAN OFF ROAD RIGHT,BENDER & SR46E,39.16435451,-86.42790039
901264712,2018,1,3,1300,Weekday,2-Car,No injury/unknown,UNSAFE LANE MOVEMENT,3RD ST & WOODLAWN,39.164352,-86.52223919
901547234,2018,12,3,1100,Weekday,2-Car,No injury/unknown,UNSAFE SPEED,3RD ST & WOODLAWN,39.164352,-86.52188638
901263071,2018,1,3,800,Weekday,1-Car,No injury/unknown,SPEED TOO FAST FOR WEATHER CONDITIONS,3RD ST & UNIVERSITY EAST,39.164352,-86.5088
901287607,2018,2,7,700,Weekend,1-Car,No injury/unknown,SPEED TOO FAST FOR WEATHER CONDITIONS,THIRD ST & WOODLAWN,39.164352,-86.522592
901311356,2018,3,3,2100,Weekday,3+ Cars,No injury/unknown,DRIVER DISTRACTED - EXPLAIN IN NARRATIVE,3RD ST & WOODLAWN,39.164352,-86.522592
901312318,2018,3,5,1600,Weekday,2-Car,No injury/unknown,FOLLOWING TOO CLOSELY,3RD ST & WOODLAWN,39.164352,-86.522592
901324537,2018,4,2,2000,Weekday,3+ Cars,No injury/unknown,FOLLOWING TOO CLOSELY,3RD ST & WOODLAWN,39.164352,-86.522592
901331207,2018,4,6,1300,Weekday,2-Car,No injury/unknown,UNSAFE LANE MOVEMENT,E 3RD ST & WOODLAWN,39.164352,-86.522592
901339818,2018,4,7,1200,Weekend,2-Car,No injury/unknown,FOLLOWING TOO CLOSELY,E 3RD ST & S UNION,39.164352,-86.5088
901344091,2018,5,1,1700,Weekend,2-Car,No injury/unknown,FAILURE TO YIELD RIGHT OF WAY,E 3RD & S HIGH ST,39.164352,-86.508288
901458095,2018,6,4,1000,Weekday,2-Car,No injury/unknown,FOLLOWING TOO CLOSELY,3RD ST & UNION,39.164352,-86.5088
901459522,2018,6,7,1000,Weekend,2-Car,Non-incapacitating,IMPROPER LANE USAGE,3RD ST & WOODLAWN,39.164352,-86.522592