Master Record Number,Year,Month,Day,Hour,Weekend,Collision Type,Injury Type,Primary Factor,Reported_Location,Latitude,Longitude
901461177,2018,6,3,1200,Weekday,3+ Cars,No injury/unknown,DRIVER DISTRACTED - EXPLAIN IN NARRATIVE,EAST 3RD ST & SOUTH UNION,39.164352,-86.5088
901468167,2018,7,3,1800,Weekday,2-Car,No injury/unknown,UNSAFE BACKING,3RD & UNION ST,39.164352,-86.5088
901481921,2018,8,3,2300,Weekday,2-Car,No injury/unknown,IMPROPER TURNING,3RD ST & WOODLAWN,39.164352,-86.522592
901482407,2018,8,4,1400,Weekday,2-Car,No injury/unknown,FOLLOWING TOO CLOSELY,EAST 3RD ST & HIGH,39.164352,-86.508288
901482851,2018,8,5,1100,Weekday,2-Car,Non-incapacitating,UNSAFE SPEED,HIGH & THIRD ST,39.164352,-86.508288
901487977,2018,8,2,900,Weekday,2-Car,No injury/unknown,UNSAFE LANE MOVEMENT,3RD ST & WOODLAWN,39.164352,-86.522592
901494518,2018,9,7,400,Weekend,2-Car,Non-incapacitating,OTHER (DRIVER) - EXPLAIN IN NARRATIVE,3RD ST & HIGH,39.164352,-86.508288
901494841,2018,9,2,1200,Weekday,2-Car,Non-incapacitating,FOLLOWING TOO CLOSELY,EAST THIRD ST & FACULTY,39.164352,-86.521088
901503913,2018,9,5,1400,Weekday,2-Car,No injury/unknown,FOLLOWING TOO CLOSELY,3RD ST & FACULTY,39.164352,-86.521088
901507345,2018,9,5,800,Weekday,Cyclist,Non-incapacitating,IMPROPER LANE USAGE,3RD & UNION ST,39.164352,-86.5088
901512026,2018,10,7,300,Weekend,1-Car,No injury/unknown,RAN OFF ROAD RIGHT,3RD ST & FACULTY,39.164352,-86.521088
901515640,2018,10,7,200,Weekend,Bus,No injury/unknown,FOLLOWING TOO CLOSELY,3RD ST & WOODLAWN,39.164352,-86.522592
901534025,2018,11,3,1800,Weekday,2-Car,No injury/unknown,SPEED TOO FAST FOR WEATHER CONDITIONS,3RD & UNION ST,39.164352,-86.5088
901541356,2018,11,2,2000,Weekday,2-Car,Non-incapacitating,FOLLOWING TOO CLOSELY,EAST 3RD ST & SOUTH WOODLAWN,39.164352,-86.522592
901542539,2018,12,4,2300,Weekday,2-Car,No injury/unknown,FAILURE TO YIELD RIGHT OF WAY,3RD ST & FACULTY,39.164352,-86.521088
901254992,2018,1,5,1700,Weekday,1-Car,No injury/unknown,SPEED TOO FAST FOR WEATHER CONDITIONS,WALKER & WEST 3RD ST,39.16434,-86.54629
901294902,2018,2,3,1200,Weekday,2-Car,No injury/unknown,UNSAFE BACKING,S FESS ST,39.16433371,-86.52579363
901458288,2018,6,4,1700,Weekday,2-Car,No injury/unknown,DISREGARD SIGNAL/REG SIGN,3RD ST & BRYAN,39.16432,-86.50824
901462573,2018,7,5,1200,Weekday,2-Car,No injury/unknown,FOLLOWING TOO CLOSELY,3RD ST & JEFFERSON,39.164304,-86.50663919
901323926,2018,4,2,1600,Weekday,2-Car,No injury/unknown,LEFT OF CENTER,EAST 3RD ST & SOUTH JEFFERSON,39.164304,-86.506992
901404360,2018,4,1,1600,Weekend,3+ Cars,No injury/unknown,FOLLOWING TOO CLOSELY,3RD ST & JEFFERSON,39.164304,-86.506992
901448884,2018,6,3,900,Weekday,2-Car,No injury/unknown,FOLLOWING TOO CLOSELY,EAST 3RD ST & JEFFERSON,39.164304,-86.506992
901450859,2018,6,3,1600,Weekday,2-Car,No injury/unknown,IMPROPER PASSING,E 3RD ST & S JEFFERSON,39.164304,-86.506992
901501271,2018,9,6,1900,Weekend,2-Car,No injury/unknown,FAILURE TO YIELD RIGHT OF WAY,EAST 3RD ST & ROOSEVELT,39.164304,-86.505792
901508334,2018,10,7,1300,Weekend,2-Car,No injury/unknown,IMPROPER LANE USAGE,3RD ST & JEFFERSON,39.164304,-86.506992
901527224,2018,11,6,1200,Weekday,2-Car,No injury/unknown,OTHER (DRIVER) - EXPLAIN IN NARRATIVE,3RD ST & JEFFERSON,39.164304,-86.506992
901532183,2018,11,1,900,Weekend,1-Car,No injury/unknown,OTHER (DRIVER) - EXPLAIN IN NARRATIVE,EAST THIRD ST & JEFFERSON,39.164304,-86.506992
901535668,2018,11,5,1200,Weekday,2-Car,No injury/unknown,FOLLOWING TOO CLOSELY,3RD ST ST & ROOSEVELT ST,39.164304,-86.505792
901543641,2018,12,5,1700,Weekday,2-Car,No injury/unknown,FAILURE TO YIELD RIGHT OF WAY,E 3RD ST & JEFFERSON,39.164304,-86.506992
901349379,2018,5,5,800,Weekday,2-Car,No injury/unknown,FAILURE TO YIELD RIGHT OF WAY,3RD ST & SR46N,39.16429121,-86.47294938
901307446,2018,3,5,1500,Weekday,2-Car,No injury/unknown,FAILURE TO YIELD RIGHT OF WAY,FESS AVE & THIRD,39.16429,-86.52587
901518717,2018,10,5,1700,Weekday,2-Car,No injury/unknown,FAILURE TO YIELD RIGHT OF WAY,3RD ST & FESS,39.16429,-86.52587
901550397,2018,12,7,2200,Weekend,2-Car,No injury/unknown,FOLLOWING TOO CLOSELY,3RD ST & S FESS,39.16429,-86.52587433
901552657,2018,12,3,1300,Weekday,2-Car,No injury/unknown,FOLLOWING TOO CLOSELY,E 3RD ST & FESS,39.16429,-86.52587
901461857,2018,6,2,1800,Weekday,2-Car,No injury/unknown,FAILURE TO YIELD RIGHT OF WAY,CLARK & EAST 3RD ST,39.164288,-86.5048
901491784,2018,8,2,0,Weekday,1-Car,No injury/unknown,,E 3RD ST,39.164288,-86.473488
901494350,2018,9,7,1400,Weekend,3+ Cars,Non-incapacitating,FOLLOWING TOO CLOSELY,3RD ST & CLARK,39.164288,-86.5048
901507919,2018,10,6,1000,Weekday,1-Car,No injury/unknown,UNSAFE BACKING,EAST THIRD ST,39.164285,-86.525426
901346386,2018,5,3,1600,Weekday,2-Car,No injury/unknown,FOLLOWING TOO CLOSELY,3RD ST & S CLIFTON,39.16428,-86.50969
901526122,2018,11,4,1600,Weekday,2-Car,Non-incapacitating,FOLLOWING TOO CLOSELY,3RD ST & CLIFTON,39.16428,-86.50969
901536216,2018,11,7,2300,Weekend,2-Car,No injury/unknown,IMPROPER TURNING,3RD ST & COLLEGE MALL,39.164272,-86.50192783
901312287,2018,3,5,1700,Weekday,2-Car,No injury/unknown,FAILURE TO YIELD RIGHT OF WAY,EAST THIRD ST & OVERHILL,39.164272,-86.501488
901326701,2018,4,1,1300,Weekend,2-Car,No injury/unknown,UNSAFE BACKING,E 3RD ST,39.164272,-86.50194253
901342161,2018,4,3,1700,Weekday,2-Car,No injury/unknown,FAILURE TO YIELD RIGHT OF WAY,E 3RD ST & OVERHILL,39.164272,-86.501488
901459763,2018,6,1,1200,Weekend,2-Car,No injury/unknown,UNSAFE BACKING,E 3RD ST,39.164272,-86.502416
901468150,2018,7,3,1600,Weekday,Bus,No injury/unknown,UNSAFE BACKING,E 3RD ST,39.164272,-86.502416
901518012,2018,10,4,1200,Weekday,2-Car,No injury/unknown,FAILURE TO YIELD RIGHT OF WAY,E 3RD ST,39.164272,-86.50199935
901523317,2018,10,6,1700,Weekday,2-Car,No injury/unknown,FAILURE TO YIELD RIGHT OF WAY,E 3RD ST ST & OVERHILL,39.164272,-86.501488
901533371,2018,11,2,1800,Weekday,2-Car,No injury/unknown,FOLLOWING TOO CLOSELY,E 3RD ST & OVERHILL,39.164272,-86.501488
901552912,2018,12,3,1600,Weekday,2-Car,Non-incapacitating,FAILURE TO YIELD RIGHT OF WAY,2600 E 3RD ST & OVERHILL,39.164272,-86.501488
901263094,2018,1,6,1100,Weekday,Moped/Motorcycle,Incapacitating,FAILURE TO YIELD RIGHT OF WAY,BALLANTINE & THIRD ST,39.16427,-86.51913
901303393,2018,2,6,2200,Weekend,2-Car,No injury/unknown,IMPROPER TURNING,3RD ST & BALLANTINE,39.16427,-86.51913
901324937,2018,4,4,1000,Weekday,2-Car,No injury/unknown,FAILURE TO YIELD RIGHT OF WAY,BALLANTINE & THIRD ST,39.16427,-86.51913
901325160,2018,4,1,1600,Weekend,3+ Cars,No injury/unknown,FOLLOWING TOO CLOSELY,E 3RD ST & S JEFFERSON,39.16427,-86.5071
901329667,2018,4,3,1700,Weekday,2-Car,No injury/unknown,UNSAFE BACKING,EAST 3RD ST,39.16427,-86.519115
901336645,2018,4,4,1000,Weekday,Bus,No injury/unknown,IMPROPER PASSING,E 3RD ST & S WOODSCREST,39.16427,-86.50241
901339838,2018,4,7,1200,Weekend,2-Car,No injury/unknown,FAILURE TO YIELD RIGHT OF WAY,E  3RD ST,39.16427,-86.517692
901342184,2018,4,3,1800,Weekday,3+ Cars,Non-incapacitating,FOLLOWING TOO CLOSELY,3RD ST & BRYAN,39.16427,-86.50825
901508126,2018,10,6,1900,Weekend,2-Car,No injury/unknown,FOLLOWING TOO CLOSELY,E 3RD ST & S UNION,39.16427,-86.509245
901356486,2018,5,3,1200,Weekday,2-Car,No injury/unknown,UNSAFE BACKING,E 3RD ST,39.16426808,-86.50110988
901533909,2018,9,4,1900,Weekday,2-Car,No injury/unknown,UNSAFE BACKING,E 3RD ST,39.16426678,-86.50098384
901489515,2018,8,4,1600,Weekday,3+ Cars,Non-incapacitating,FOLLOWING TOO CLOSELY,3RD ST & OVERHILL,39.16426652,-86.50095883
901405494,2018,5,5,1700,Weekday,2-Car,No injury/unknown,UNSAFE BACKING,E 3RD ST,39.164265,-86.52085
901272987,2018,2,6,1200,Weekday,2-Car,No injury/unknown,FAILURE TO YIELD RIGHT OF WAY,E 3RD ST,39.16426112,-86.50043808
901358204,2018,5,4,1100,Weekday,2-Car,No injury/unknown,UNSAFE BACKING,E 3RD ST,39.16426112,-86.50043808
901263058,2018,1,3,1400,Weekday,2-Car,No injury/unknown,IMPROPER LANE USAGE,EAST 3RD ST & JORDAN,39.16426,-86.5164
901263067,2018,1,1,1400,Weekend,2-Car,No injury/unknown,FOLLOWING TOO CLOSELY,EAST 3RD ST & JORDAN,39.16426,-86.5164
901269238,2018,1,7,800,Weekend,3+ Cars,Non-incapacitating,DISREGARD SIGNAL/REG SIGN,JORDAN & THIRD ST,39.16426,-86.5164
901308708,2018,3,1,2000,Weekday,2-Car,No injury/unknown,UNSAFE LANE MOVEMENT,3RD ST & JORDAN,39.16426,-86.5164
901322616,2018,4,6,1700,Weekday,3+ Cars,No injury/unknown,FAILURE TO YIELD RIGHT OF WAY,ROSE AVE & THIRD,39.16426,-86.51092
901323931,2018,4,2,1400,Weekday,2-Car,Non-incapacitating,FOLLOWING TOO CLOSELY,3RD ST & JORDAN,39.16426,-86.5164
901329659,2018,4,3,1700,Weekday,2-Car,No injury/unknown,UNSAFE LANE MOVEMENT,E 3RD ST & S JORDAN,39.16426,-86.5164
901361500,2018,5,6,1200,Weekday,2-Car,No injury/unknown,FOLLOWING TOO CLOSELY,E 3RD ST & JORDAN,39.16426,-86.5164
901455001,2018,6,7,1800,Weekend,2-Car,No injury/unknown,IMPROPER LANE USAGE,3RD ST & JORDAN,39.16426,-86.5164
901457730,2018,6,3,1900,Weekday,2-Car,No injury/unknown,UNSAFE LANE MOVEMENT,EAST 3RD ST & NORTH JORDAN,39.16426,-86.51639351
901478990,2018,8,3,2200,Weekday,2-Car,Non-incapacitating,OTHER (DRIVER) - EXPLAIN IN NARRATIVE,3RD ST & JORDAN,39.16426,-86.5164
901510223,2018,10,3,1400,Weekday,Moped/Motorcycle,Incapacitating,FAILURE TO YIELD RIGHT OF WAY,E 3RD & S JORDAN AVE,39.16426,-86.5164
901526864,2018,11,5,1800,Weekday,2-Car,No injury/unknown,FAILURE TO YIELD RIGHT OF WAY,EAST 3RD & JORDAN AVE,39.16426,-86.5164
901550358,2018,12,1,1600,Weekend,2-Car,No injury/unknown,SPEED TOO FAST FOR WEATHER CONDITIONS,3RD & JORDAN AVE,39.16426,-86.5164
901530419,2018,11,3,1500,Weekday,Moped/Motorcycle,No injury/unknown,UNSAFE BACKING,E 3RD ST,39.16425856,-86.50019104
901557986,2018,12,2,1900,Weekday,3+ Cars,No injury/unknown,SPEED TOO FAST FOR WEATHER CONDITIONS,E THIRD ST,39.16425689,-86.49444889
901495611,2018,9,3,1400,Weekday,2-Car,No injury/unknown,IMPROPER TURNING,E THIRD ST,39.164252,-86.500048
901279064,2018,2,7,1500,Weekend,2-Car,No injury/unknown,OTHER (DRIVER) - EXPLAIN IN NARRATIVE,EAST 3RD ST,39.16425006,-86.50178452
901358659,2018,5,4,1600,Weekday,2-Car,No injury/unknown,IMPROPER TURNING,3RD ST & JORDAN,39.16425006,-86.51642161
901418739,2018,6,1,1500,Weekend,Moped/Motorcycle,Non-incapacitating,LEFT OF CENTER,3RD ST & HAWTHORNE,39.16425006,-86.52011675
901490517,2018,8,6,1600,Weekday,2-Car,No injury/unknown,FAILURE TO YIELD RIGHT OF WAY,CLARIZZ BLVD & SR46E,39.16425006,-86.49081523
901499284,2018,9,3,1500,Weekday,Moped/Motorcycle,No injury/unknown,IMPROPER TURNING,3RD ST & JORDAN,39.16425006,-86.51643892
901504598,2018,9,7,800,Weekend,2-Car,No injury/unknown,DISREGARD SIGNAL/REG SIGN,JORDAN & THIRD ST,39.16425006,-86.51642161
901514411,2018,10,4,1400,Weekday,2-Car,No injury/unknown,FOLLOWING TOO CLOSELY,3RD ST & JORDAN,39.16425006,-86.51642161
901544821,2018,12,7,1900,Weekend,2-Car,No injury/unknown,UNSAFE LANE MOVEMENT,EAST 3RD ST & JORDAN,39.16425006,-86.51642507
901548604,2018,12,5,1100,Weekday,2-Car,No injury/unknown,UNSAFE LANE MOVEMENT,1500 E 3RD ST & 300 S SWAIN,39.16425006,-86.51521085
901553878,2018,12,4,2200,Weekday,2-Car,No injury/unknown,SPEED TOO FAST FOR WEATHER CONDITIONS,3RD ST & KINGSTON,39.16425006,-86.49305554
901269239,2018,1,1,1600,Weekend,2-Car,No injury/unknown,IMPROPER PASSING,3RD ST & SWAIN,39.16425,-86.51526
901307471,2018,3,5,1500,Weekday,2-Car,No injury/unknown,FAILURE TO YIELD RIGHT OF WAY,3RD ST & SWAIN,39.16425,-86.51526
901322727,2018,4,7,600,Weekend,1-Car,No injury/unknown,WRONG WAY ON ONE WAY,MITCHELL & THIRD ST,39.16425,-86.51423
901339883,2018,4,7,1500,Weekend,2-Car,No injury/unknown,FOLLOWING TOO CLOSELY,E 3RD ST & S SWAIN,39.16425,-86.51526865
901342433,2018,4,4,1100,Weekday,2-Car,No injury/unknown,IMPROPER LANE USAGE,SWAIN & THIRD ST,39.16425,-86.51526
901387460,2018,5,6,1900,Weekend,2-Car,No injury/unknown,FOLLOWING TOO CLOSELY,3RD ST & STATE RD 446,39.16425,-86.47200676
901409282,2018,6,5,2000,Weekday,2-Car,No injury/unknown,FAILURE TO YIELD RIGHT OF WAY,3RD ST & SWAIN,39.16425,-86.51526
901484129,2018,8,1,1500,Weekend,2-Car,No injury/unknown,UNSAFE LANE MOVEMENT,3RD ST & HAWTHORNE,39.16425,-86.52009
901487424,2018,8,1,1300,Weekend,2-Car,No injury/unknown,UNSAFE LANE MOVEMENT,SWAIN & THIRD ST,39.16425,-86.51526
901489056,2018,8,3,2000,Weekday,2-Car,No injury/unknown,IMPROPER TURNING,E 3RD ST & S SWAIN,39.16425,-86.51526
901490786,2018,8,7,2000,Weekend,1-Car,Non-incapacitating,WRONG WAY ON ONE WAY,3RD & MITCHELL ST,39.16425,-86.51423
901491031,2018,8,1,2000,Weekday,2-Car,No injury/unknown,IMPROPER TURNING,3RD ST & SWAIN,39.16425,-86.51526
901497557,2018,9,7,1700,Weekend,2-Car,No injury/unknown,IMPROPER TURNING,E 3RD ST & S SWAIN,39.16425,-86.51526
901501040,2018,9,6,1800,Weekday,Pedestrian,Incapacitating,IMPROPER TURNING,3RD AVE & SWAIN,39.16425,-86.51526
901504904,2018,9,1,1200,Weekend,2-Car,No injury/unknown,FAILURE TO YIELD RIGHT OF WAY,EAST THIRD ST & SWAIN,39.16425,-86.51526
901505130,2018,9,1,1300,Weekend,2-Car,No injury/unknown,FOLLOWING TOO CLOSELY,EAST THIRD ST & MITCHELL,39.16425,-86.51423
901513270,2018,10,2,1800,Weekday,2-Car,No injury/unknown,OTHER (DRIVER) - EXPLAIN IN NARRATIVE,3RD & HAWTHORNE AVE,39.16425,-86.52009
901533335,2018,11,7,1500,Weekend,2-Car,No injury/unknown,LEFT OF CENTER,E 3RD ST & S MITCHELL,39.16425,-86.51423
901263068,2018,1,1,1400,Weekend,2-Car,Non-incapacitating,IMPROPER TURNING,3RD ST & HIGHLAND,39.16424664,-86.51771252
901306433,2018,3,3,1700,Weekday,2-Car,No injury/unknown,UNSAFE LANE MOVEMENT,3RD ST & HIGHLAND,39.16424664,-86.51772982
901308444,2018,3,7,1600,Weekend,2-Car,No injury/unknown,IMPROPER TURNING,3RD ST & HIGHLAND,39.16424664,-86.51771252
901317149,2018,3,2,1200,Weekday,2-Car,No injury/unknown,FOLLOWING TOO CLOSELY,E 3RD ST & HIGHLAND,39.16424664,-86.51771252
901321383,2018,3,3,1400,Weekday,2-Car,No injury/unknown,IMPROPER LANE USAGE,3RD ST & HIGHLAND,39.16424664,-86.51771252
901465671,2018,7,5,1500,Weekday,2-Car,No injury/unknown,IMPROPER TURNING,E 3RD ST & HIGHLAND,39.16424664,-86.51771252
901494898,2018,9,2,1300,Weekday,2-Car,No injury/unknown,FAILURE TO YIELD RIGHT OF WAY,3RD ST & HIGHLAND,39.16424664,-86.51771252
901495102,2018,9,2,1300,Weekday,2-Car,No injury/unknown,UNSAFE LANE MOVEMENT,E 3RD ST & HIGHLAND,39.16424664,-86.51771252
901496751,2018,9,5,1100,Weekday,2-Car,No injury/unknown,FAILURE TO YIELD RIGHT OF WAY,EAST THIRD & HIGHLAND AVE,39.16424664,-86.51771252
901497640,2018,9,7,2200,Weekend,2-Car,No injury/unknown,IMPROPER TURNING,3RD ST & HIGHLAND,39.16424664,-86.51771252
901505806,2018,9,2,1600,Weekday,2-Car,Non-incapacitating,IMPROPER TURNING,3RD ST & HIGHLAND,39.16424664,-86.51771252
901508747,2018,10,1,1600,Weekend,2-Car,Non-incapacitating,UNSAFE LANE MOVEMENT,3RD ST & HIGHLAND,39.16424664,-86.51771252
901515938,2018,10,6,2300,Weekend,2-Car,No injury/unknown,IMPROPER TURNING,3RD ST & HIGHLAND,39.16424664,-86.51771252
901537955,2018,11,3,1200,Weekday,2-Car,No injury/unknown,FOLLOWING TOO CLOSELY,E 3RD ST & HIGHLAND,39.16424664,-86.51771252
901556064,2018,12,1,1200,Weekend,2-Car,No injury/unknown,FOLLOWING TOO CLOSELY,NORTH ST RD 46 RD,39.164243,-86.49827
901458269,2018,6,4,1800,Weekday,1-Car,No injury/unknown,OTHER (DRIVER) - EXPLAIN IN NARRATIVE,EAST 3RD ST,39.164242,-86.498269
901341932,2018,4,3,1000,Weekday,3+ Cars,Non-incapacitating,OTHER (DRIVER) - EXPLAIN IN NARRATIVE,3RD ST & MORNINGSIDE,39.16424,-86.47422521
901504715,2018,9,7,1600,Weekend,2-Car,Non-incapacitating,FOLLOWING TOO CLOSELY,3RD ST & KINGSTON,39.16424,-86.49259119
901253009,2018,1,2,1900,Weekday,2-Car,No injury/unknown,FAILURE TO YIELD RIGHT OF WAY,E 3RD ST & MEADOWBROOK,39.16424,-86.484384
901261974,2018,1,7,1100,Weekend,2-Car,No injury/unknown,FAILURE TO YIELD RIGHT OF WAY,COLLEGE MALL RD & E 3RD ST ST,39.16424,-86.4984
901264711,2018,1,5,2100,Weekday,2-Car,No injury/unknown,SPEED TOO FAST FOR WEATHER CONDITIONS,E 3RD ST & SMITH,39.16424,-86.480688
901266559,2018,1,2,1800,Weekday,2-Car,No injury/unknown,UNSAFE BACKING,E 3RD ST,39.16424,-86.49494053
901267667,2018,1,1,1000,Weekend,2-Car,Non-incapacitating,FAILURE TO YIELD RIGHT OF WAY,SMITHVILLE & SR37S,39.16424,-86.480688
901269767,2018,1,6,1900,Weekend,2-Car,No injury/unknown,,E 3RD ST,39.16424,-86.49406114
901270015,2018,1,7,2200,Weekend,2-Car,No injury/unknown,UNSAFE BACKING,E 3RD ST,39.16424,-86.4984
901279260,2018,2,1,1700,Weekend,2-Car,No injury/unknown,FAILURE TO YIELD RIGHT OF WAY,E 3RD ST,39.16424,-86.49425989
901280082,2018,2,2,1300,Weekday,2-Car,No injury/unknown,OTHER (DRIVER) - EXPLAIN IN NARRATIVE,E 3RD ST,39.16424,-86.49425989
901287122,2018,2,6,1300,Weekday,2-Car,Non-incapacitating,FOLLOWING TOO CLOSELY,CLARIZZ & E 3RD ST,39.16424,-86.4908
901309465,2018,3,2,1500,Weekday,3+ Cars,Non-incapacitating,OTHER (DRIVER) - EXPLAIN IN NARRATIVE,E 3RD ST & S COLLEGE MALL,39.16424,-86.4984
901316599,2018,3,1,1700,Weekend,2-Car,No injury/unknown,DISREGARD SIGNAL/REG SIGN,3RD ST & SMITH,39.16424,-86.480688
901316615,2018,3,1,2100,Weekday,2-Car,No injury/unknown,FAILURE TO YIELD RIGHT OF WAY,E 3RD & N PETE ELLIS DR,39.16424,-86.495088
901317512,2018,3,2,1700,Weekday,2-Car,No injury/unknown,FAILURE TO YIELD RIGHT OF WAY,2500 E 3RD ST & COLLEGE MALL,39.16424,-86.4984
901318516,2018,3,4,1700,Weekday,2-Car,No injury/unknown,ACCELERATOR FAILURE OR DEFECTIVE,COLLEGE MALL & E 3RD ST,39.16424,-86.4984
901322159,2018,4,5,1100,Weekday,2-Car,No injury/unknown,UNSAFE BACKING,E 3RD ST,39.16424,-86.4939483
901322634,2018,4,6,1500,Weekday,3+ Cars,No injury/unknown,FOLLOWING TOO CLOSELY,E 3RD ST & S KINGSTON,39.16424,-86.492944
901323903,2018,4,2,1500,Weekday,2-Car,No injury/unknown,OTHER (DRIVER) - EXPLAIN IN NARRATIVE,COLLEGE MALL ENTRANCE & COLLEGE MALL ROAD RD,39.16424,-86.4984
901325712,2018,4,5,1500,Weekday,2-Car,No injury/unknown,FAILURE TO YIELD RIGHT OF WAY,E 3RD & S COLLEGE MALL RD,39.16424,-86.4984
901325720,2018,4,5,2000,Weekday,2-Car,No injury/unknown,OTHER (DRIVER) - EXPLAIN IN NARRATIVE,3RD ST,39.16424,-86.49250645
901335428,2018,4,3,1500,Weekday,2-Car,No injury/unknown,FOLLOWING TOO CLOSELY,SMITH & SR46E,39.16424,-86.480688
901339956,2018,4,7,1300,Weekend,2-Car,No injury/unknown,FAILURE TO YIELD RIGHT OF WAY,3RD ST & CLARIZZ,39.16424,-86.4908
901340131,2018,4,1,1300,Weekend,3+ Cars,No injury/unknown,SPEED TOO FAST FOR WEATHER CONDITIONS,E 3RD ST & PETE ELLIS,39.16424,-86.495088
901342515,2018,4,4,1100,Weekday,2-Car,No injury/unknown,FOLLOWING TOO CLOSELY,3RD ST & CLARIZZ,39.16424,-86.4908
901343080,2018,4,5,1400,Weekday,1-Car,No injury/unknown,DRIVER DISTRACTED - EXPLAIN IN NARRATIVE,E 3RD ST & S CLARIZZ,39.16424,-86.4908
901344022,2018,5,1,1200,Weekend,2-Car,No injury/unknown,FOLLOWING TOO CLOSELY,E 3RD ST & KINGSTON,39.16424,-86.492944
901360322,2018,5,5,1500,Weekday,3+ Cars,Non-incapacitating,FOLLOWING TOO CLOSELY,E 3RD ST & S PARK RIDGE,39.16424,-86.476096
901361930,2018,5,6,1400,Weekday,2-Car,Non-incapacitating,FOLLOWING TOO CLOSELY,3RD ST & PETE ELLIS,39.16424,-86.495088
901367639,2018,5,2,1700,Weekday,2-Car,No injury/unknown,FAILURE TO YIELD RIGHT OF WAY,3RD & SR46E,39.16424,-86.473296
901379162,2018,5,5,0,Weekday,Cyclist,Non-incapacitating,DISREGARD SIGNAL/REG SIGN,COLLEGE MALL & SR46E,39.16424,-86.4984
901383408,2018,5,4,1800,Weekday,3+ Cars,Non-incapacitating,FOLLOWING TOO CLOSELY,3RD ST & COLLEGE MALL,39.16424,-86.4984
901386459,2018,5,6,1500,Weekday,2-Car,No injury/unknown,UNSAFE BACKING,E 3RD ST,39.16424,-86.49259396
901404378,2018,5,6,1900,Weekend,Moped/Motorcycle,Non-incapacitating,FAILURE TO YIELD RIGHT OF WAY,3RD ST & PARK RIDGE,39.16424,-86.476096
901405045,2018,5,1,900,Weekend,2-Car,Non-incapacitating,FOLLOWING TOO CLOSELY,E 3RD ST & SO COLLEGE MALL,39.16424,-86.4984
901416039,2018,6,7,1100,Weekend,2-Car,No injury/unknown,FOLLOWING TOO CLOSELY,E 3RD ST,39.16424,-86.49368135
901424999,2018,6,3,1500,Weekday,2-Car,No injury/unknown,FOLLOWING TOO CLOSELY,COLLEGE MALL & E 3RD ST,39.16424,-86.4984
901432119,2018,5,1,1800,Weekend,2-Car,Non-incapacitating,FOLLOWING TOO CLOSELY,KINGSTON & THIRD ST,39.16424,-86.492944
901453642,2018,6,5,1000,Weekday,2-Car,No injury/unknown,UNSAFE BACKING,E 3RD ST,39.16424,-86.49368135
901457605,2018,6,3,1100,Weekday,2-Car,No injury/unknown,FAILURE TO YIELD RIGHT OF WAY,3RD ST & PETE ELLIS DR DR,39.16424,-86.495088
901458777,2018,6,5,1700,Weekday,2-Car,No injury/unknown,OTHER (DRIVER) - EXPLAIN IN NARRATIVE,E 3RD ST,39.16424,-86.49368135
901458859,2018,6,5,2200,Weekday,2-Car,Non-incapacitating,HEADLIGHT DEFECTIVE OR NOT ON,PETE ELLIS & SR46,39.16424,-86.495088
901461727,2018,6,4,1300,Weekday,2-Car,Non-incapacitating,FAILURE TO YIELD RIGHT OF WAY,3RD ST & COLLEGE MALL,39.16424,-86.4984
901462564,2018,7,6,700,Weekday,2-Car,No injury/unknown,UNSAFE LANE MOVEMENT,COLLEGE MALL & E 3RD ST,39.16424,-86.4984
901464608,2018,7,3,1600,Weekday,2-Car,Non-incapacitating,FOLLOWING TOO CLOSELY,4300 E 3RD ST & PARK RIDGE,39.16424,-86.476096
901468969,2018,7,5,900,Weekday,2-Car,No injury/unknown,OTHER (VEHICLE) - EXPLAIN IN NARRATIVE,E 3RD ST ST,39.16424,-86.49224392
901479494,2018,8,5,1700,Weekday,2-Car,No injury/unknown,UNSAFE BACKING,E 3RD ST,39.16424,-86.473696
901479570,2018,8,6,300,Weekday,2-Car,No injury/unknown,UNSAFE BACKING,3RD ST,39.16424,-86.48132949
901481872,2018,8,2,1300,Weekday,2-Car,No injury/unknown,OTHER (VEHICLE) - EXPLAIN IN NARRATIVE,E 3RD ST,39.16424,-86.4940557
901484104,2018,8,1,1300,Weekend,2-Car,No injury/unknown,FAILURE TO YIELD RIGHT OF WAY,EAST 3RD & PETE ELLIS DR,39.16424,-86.495088
901484821,2018,8,2,1300,Weekday,2-Car,Non-incapacitating,FAILURE TO YIELD RIGHT OF WAY,E 3RD & SR46E,39.16424,-86.473296
901486635,2018,8,5,1900,Weekday,2-Car,Non-incapacitating,DISREGARD SIGNAL/REG SIGN,CLARIZZ & E 3RD ST,39.16424,-86.4908
901487714,2018,8,1,1800,Weekend,2-Car,No injury/unknown,UNSAFE BACKING,E 3RD ST,39.16424,-86.49425989
901489041,2018,8,3,1800,Weekday,2-Car,No injury/unknown,,E 3RD ST,39.16424,-86.49425989
901489084,2018,8,3,2200,Weekday,2-Car,Non-incapacitating,FOLLOWING TOO CLOSELY,3RD ST & CLARIZZ,39.16424,-86.4908
901490674,2018,8,7,1200,Weekend,2-Car,No injury/unknown,FAILURE TO YIELD RIGHT OF WAY,3RD ST & COLLEGE MALL,39.16424,-86.4984
901490768,2018,8,7,1700,Weekend,3+ Cars,Non-incapacitating,FOLLOWING TOO CLOSELY,COLLEGE MALL & THIRD ST,39.16424,-86.4984
901490771,2018,8,7,1300,Weekend,2-Car,No injury/unknown,FAILURE TO YIELD RIGHT OF WAY,E 3RD & S PETE ELLIS DR,39.16424,-86.495088