Master Record Number,Year,Month,Day,Hour,Weekend,Collision Type,Injury Type,Primary Factor,Reported_Location,Latitude,Longitude
901492960,2018,9,4,1800,Weekday,2-Car,Non-incapacitating,FOLLOWING TOO CLOSELY,SMITH & THIRD ST,39.16424,-86.480688
901493099,2018,8,2,2100,Weekday,2-Car,No injury/unknown,OTHER (DRIVER) - EXPLAIN IN NARRATIVE,STATE ROAD 45,39.16424,-86.48664897
901494423,2018,9,7,1800,Weekend,2-Car,Non-incapacitating,FOLLOWING TOO CLOSELY,3RD ST & PETE ELLIS,39.16424,-86.495088
901495819,2018,9,3,1700,Weekday,3+ Cars,Non-incapacitating,FOLLOWING TOO CLOSELY,E 3RD & S COLLEGE MALL RD,39.16424,-86.4984
901496772,2018,9,5,1200,Weekday,2-Car,Non-incapacitating,FOLLOWING TOO CLOSELY,3RD & CLARIZZ BLVD,39.16424,-86.4908
901497412,2018,9,6,2300,Weekend,2-Car,No injury/unknown,OTHER (DRIVER) - EXPLAIN IN NARRATIVE,E 3RD ST,39.16424,-86.4984
901505238,2018,9,7,1600,Weekend,2-Car,No injury/unknown,FOLLOWING TOO CLOSELY,E 3RD ST & KINGSTON,39.16424,-86.492944
901505478,2018,9,2,1300,Weekday,2-Car,Non-incapacitating,FAILURE TO YIELD RIGHT OF WAY,3RD ST & PARK RIDGE,39.16424,-86.476096
901505878,2018,9,2,1600,Weekday,2-Car,No injury/unknown,FOLLOWING TOO CLOSELY,MORNINGSIDE & SR46E,39.16424,-86.473696
901508141,2018,10,6,1900,Weekend,2-Car,No injury/unknown,UNSAFE BACKING,E 3RD ST,39.16424,-86.49414646
901510210,2018,10,3,1300,Weekday,2-Car,No injury/unknown,FAILURE TO YIELD RIGHT OF WAY,COLLEGE MALL RD & E 3RD,39.16424,-86.4984
901510519,2018,10,4,1000,Weekday,2-Car,No injury/unknown,UNSAFE BACKING,S KINGSTON DR,39.16424,-86.492944
901511274,2018,10,5,1100,Weekday,2-Car,No injury/unknown,IMPROPER TURNING,E 3RD ST & E MORNINGSIDE,39.16424,-86.473696
901512193,2018,10,7,1600,Weekend,2-Car,No injury/unknown,OTHER (DRIVER) - EXPLAIN IN NARRATIVE,E 3RD ST,39.16424,-86.4984
901512212,2018,10,7,1600,Weekend,2-Car,Non-incapacitating,FAILURE TO YIELD RIGHT OF WAY,3RD & COLLEGE MALL RD,39.16424,-86.4984
901512398,2018,10,5,1500,Weekday,3+ Cars,Non-incapacitating,FOLLOWING TOO CLOSELY,COLLEGE MALL RD & EAST 3RD,39.16424,-86.4984
901514890,2018,10,5,1100,Weekday,Pedestrian,Non-incapacitating,FAILURE TO YIELD RIGHT OF WAY,E 3RD ST & S KINGSTON,39.16424,-86.492944
901515067,2018,10,5,1900,Weekday,2-Car,No injury/unknown,UNSAFE BACKING,3900 E 3RD ST & SMITH,39.16424,-86.480688
901515836,2018,10,7,1700,Weekend,2-Car,No injury/unknown,FAILURE TO YIELD RIGHT OF WAY,EAST 3RD ST & PETE ELLIS,39.16424,-86.495088
901516967,2018,10,7,1500,Weekend,2-Car,No injury/unknown,UNSAFE BACKING,E 3RD ST,39.16424,-86.480688
901519028,2018,10,6,1000,Weekday,2-Car,No injury/unknown,OTHER (DRIVER) - EXPLAIN IN NARRATIVE,COLLEGE MALL RD & E 3RD,39.16424,-86.4984
901519273,2018,10,6,1700,Weekday,3+ Cars,No injury/unknown,FOLLOWING TOO CLOSELY,E 3RD ST & S PETE ELLIS,39.16424,-86.495088
901521186,2018,10,3,1100,Weekday,2-Car,No injury/unknown,FOLLOWING TOO CLOSELY,E 3RD & SMITH RD,39.16424,-86.480688
901530096,2018,11,4,700,Weekday,Bus,No injury/unknown,DISREGARD SIGNAL/REG SIGN,E 3RD ST ST & KINGSTON DR,39.16424,-86.492944
901532435,2018,11,2,0,Weekday,2-Car,No injury/unknown,OTHER (DRIVER) - EXPLAIN IN NARRATIVE,COLLEGE MALL RD,39.16424,-86.498269
901534046,2018,11,3,1700,Weekday,2-Car,No injury/unknown,SPEED TOO FAST FOR WEATHER CONDITIONS,E 3RD & S PETE ELLIS DR,39.16424,-86.495088
901536014,2018,11,6,1600,Weekday,2-Car,No injury/unknown,UNSAFE BACKING,3333 E 3RD ST & CLARIZZ,39.16424,-86.4908
901538794,2018,11,3,1900,Weekday,2-Car,No injury/unknown,FOLLOWING TOO CLOSELY,E 3RD ST & S KINGSTON,39.16424,-86.492944
901539307,2018,11,5,1800,Weekday,2-Car,No injury/unknown,UNSAFE BACKING,E 3RD ST,39.16424,-86.4984
901540591,2018,11,2,500,Weekday,1-Car,No injury/unknown,ANIMAL/OBJECT IN ROADWAY,SMITHVILLE & SR37S,39.16424,-86.480688
901549411,2018,12,6,1200,Weekday,2-Car,No injury/unknown,UNSAFE BACKING,E 3RD ST ST,39.16424,-86.49425989
901551839,2018,12,2,1600,Weekday,2-Car,No injury/unknown,FAILURE TO YIELD RIGHT OF WAY,E 3RD ST & S PETE ELLIS,39.16424,-86.495088
901552998,2018,12,3,1400,Weekday,2-Car,Non-incapacitating,FOLLOWING TOO CLOSELY,E 3RD ST & S KINGSTON,39.16424,-86.492944
901555516,2018,12,6,1900,Weekend,3+ Cars,No injury/unknown,SPEED TOO FAST FOR WEATHER CONDITIONS,3RD & PETE ELLIS DR,39.16424,-86.495088
901562852,2018,12,5,2200,Weekday,2-Car,No injury/unknown,,E 3RD ST,39.16424,-86.4984
901563143,2018,12,5,1500,Weekday,2-Car,Non-incapacitating,FOLLOWING TOO CLOSELY,E 3RD & S PETE ELLIS DR,39.16424,-86.495088
901324465,2018,4,2,1900,Weekday,2-Car,No injury/unknown,,E 3RD ST,39.1642393,-86.49515826
901358880,2018,5,4,2000,Weekday,2-Car,No injury/unknown,,E 3RD ST,39.1642393,-86.49515826
901352124,2018,5,7,800,Weekend,1-Car,No injury/unknown,RAN OFF ROAD RIGHT,E 3RD ST,39.16423861,-86.49522852
901450951,2018,6,3,2100,Weekday,2-Car,No injury/unknown,UNSAFE BACKING,E 3RD ST,39.16423861,-86.49522852
901478479,2018,8,3,1900,Weekday,2-Car,No injury/unknown,,E 3RD ST,39.16423861,-86.49522852
901480003,2018,8,6,1900,Weekend,2-Car,No injury/unknown,OTHER (DRIVER) - EXPLAIN IN NARRATIVE,E 3RD ST,39.16423861,-86.49522852
901540355,2018,11,1,2000,Weekday,2-Car,No injury/unknown,UNSAFE BACKING,E 3RD ST,39.16423861,-86.49522852
901458096,2018,6,4,1000,Weekday,2-Car,No injury/unknown,UNSAFE BACKING,E 3RD ST,39.16423733,-86.49811733
901351682,2018,5,6,2200,Weekend,1-Car,No injury/unknown,DRIVER DISTRACTED - EXPLAIN IN NARRATIVE,E 3RD ST,39.16423674,-86.49805388
901404405,2018,5,5,1800,Weekday,2-Car,No injury/unknown,OTHER (VEHICLE) - EXPLAIN IN NARRATIVE,E 3RD ST,39.16423674,-86.49805388
901475033,2018,5,3,1700,Weekday,2-Car,No injury/unknown,UNSAFE BACKING,E THIRD ST,39.16423,-86.497269
901483882,2018,8,7,1500,Weekend,2-Car,No injury/unknown,UNSAFE BACKING,EAST THIRD ST,39.16423,-86.497269
901257970,2018,1,6,800,Weekday,2-Car,Non-incapacitating,SPEED TOO FAST FOR WEATHER CONDITIONS,SR 446 & SR46W,39.16422957,-86.47208686
901308022,2018,3,4,1200,Weekday,1-Car,No injury/unknown,ALCOHOLIC BEVERAGES,SR446 & SR46E,39.16422957,-86.47216468
901266213,2018,1,1,1900,Weekday,2-Car,No injury/unknown,OTHER (DRIVER) - EXPLAIN IN NARRATIVE,THIRD ST,39.164229,-86.497124
901550488,2018,12,1,1600,Weekend,2-Car,No injury/unknown,UNSAFE BACKING,E 3RD ST,39.164229,-86.497124
901487095,2018,8,6,2000,Weekend,2-Car,No injury/unknown,FOLLOWING TOO CLOSELY,E 3RD ST & PARKRIDGE,39.16422615,-86.47630541
901549917,2018,12,6,2000,Weekend,Bus,Non-incapacitating,UNSAFE LANE MOVEMENT,EAST THIRD ST & PARKRIDGE,39.16422615,-86.47630108
901559308,2018,12,5,1000,Weekday,2-Car,No injury/unknown,UNSAFE BACKING,E 3RD ST,39.16422609,-86.49649322
901281209,2018,2,3,1800,Weekday,2-Car,No injury/unknown,FAILURE TO YIELD RIGHT OF WAY,E 3RD ST,39.164224,-86.496704
901500391,2018,9,6,2000,Weekend,2-Car,No injury/unknown,OTHER (DRIVER) - EXPLAIN IN NARRATIVE,EAST THIRD ST,39.164221,-86.477166
901279294,2018,2,1,1800,Weekend,3+ Cars,No injury/unknown,FOLLOWING TOO CLOSELY,EAST 3RD ST & PARKRIDGE,39.16422,-86.4763
901306342,2018,3,4,900,Weekday,Bus,Non-incapacitating,FAILURE TO YIELD RIGHT OF WAY,3RD ST & PARKRIDGE,39.16422,-86.4763
901306383,2018,3,4,1300,Weekday,2-Car,No injury/unknown,FAILURE TO YIELD RIGHT OF WAY,EAST 3RD ST & PARKRIDGE,39.16422,-86.4763
901320849,2018,3,2,1900,Weekday,2-Car,No injury/unknown,FAILURE TO YIELD RIGHT OF WAY,EAST 3RD ST & PARKRIDGE,39.16422,-86.4763
901483656,2018,8,6,1300,Weekday,2-Car,No injury/unknown,FAILURE TO YIELD RIGHT OF WAY,EAST 3RD ST & PARKRIDGE,39.16422,-86.4763
901553744,2018,12,1,1600,Weekend,2-Car,No injury/unknown,FOLLOWING TOO CLOSELY,E THIRD ST,39.164217,-86.495697
901557776,2018,12,2,1800,Weekday,2-Car,No injury/unknown,SPEED TOO FAST FOR WEATHER CONDITIONS,EAST 3RD ST,39.164217,-86.495697
901557811,2018,12,2,1800,Weekday,2-Car,No injury/unknown,SPEED TOO FAST FOR WEATHER CONDITIONS,EAST 3RD ST,39.164217,-86.495697
901269964,2018,1,1,1700,Weekend,2-Car,No injury/unknown,OTHER (DRIVER) - EXPLAIN IN NARRATIVE,THIRD ST,39.164214,-86.49524
901424439,2018,6,3,1200,Weekday,2-Car,No injury/unknown,FAILURE TO YIELD RIGHT OF WAY,EAST THIRD ST,39.164214,-86.495275
901531996,2018,11,7,1500,Weekend,2-Car,No injury/unknown,OTHER (VEHICLE) - EXPLAIN IN NARRATIVE,EAST 3RD ST,39.164214,-86.49524
901386199,2018,5,2,1700,Weekday,2-Car,Non-incapacitating,FOLLOWING TOO CLOSELY,EAST 3RD ST,39.164212,-86.495029
901278146,2018,2,4,1500,Weekday,2-Car,No injury/unknown,,EAST 3RD ST,39.16421,-86.49446
901278981,2018,2,7,1200,Weekend,2-Car,No injury/unknown,UNSAFE BACKING,2896 E 3RD ST ST,39.16421,-86.494446
901286701,2018,2,5,2200,Weekday,2-Car,No injury/unknown,OTHER (DRIVER) - EXPLAIN IN NARRATIVE,EAST 3RD ST,39.16421,-86.493962
901312291,2018,3,5,1400,Weekday,1-Car,No injury/unknown,OTHER (DRIVER) - EXPLAIN IN NARRATIVE,E 3RD ST,39.16421,-86.481219
901320801,2018,3,2,200,Weekday,2-Car,No injury/unknown,,E 3RD ST,39.16421,-86.481219
901325159,2018,4,4,1700,Weekday,2-Car,No injury/unknown,FOLLOWING TOO CLOSELY,E 3RD ST & SMITH,39.16421,-86.48122
901458277,2018,6,4,1900,Weekday,2-Car,No injury/unknown,FAILURE TO YIELD RIGHT OF WAY,EAST THIRD ST,39.16421,-86.49446
901473791,2018,7,1,1900,Weekday,Cyclist,Non-incapacitating,FAILURE TO YIELD RIGHT OF WAY,E 3RD ST & S PETE ELLIS,39.16421,-86.49496
901492758,2018,9,4,1100,Weekday,2-Car,No injury/unknown,FAILURE TO YIELD RIGHT OF WAY,EAST 3 ST & KINGSTON DR DR,39.16421,-86.49304865
901500629,2018,9,6,800,Weekday,1-Car,No injury/unknown,DRIVER DISTRACTED - EXPLAIN IN NARRATIVE,EAST THIRD ST,39.16421,-86.491719
901502453,2018,9,3,1000,Weekday,Bus,No injury/unknown,OTHER (DRIVER) - EXPLAIN IN NARRATIVE,EAST THIRD & SMITH RDS,39.16421,-86.48122
901531993,2018,11,7,1800,Weekend,2-Car,No injury/unknown,UNSAFE BACKING,EAST 3RD ST,39.16421,-86.49446
901549982,2018,12,7,1700,Weekend,2-Car,Non-incapacitating,SPEED TOO FAST FOR WEATHER CONDITIONS,E 3RD ST & S CLARIZZ,39.16421,-86.49072
901550431,2018,12,1,1600,Weekend,2-Car,No injury/unknown,SPEED TOO FAST FOR WEATHER CONDITIONS,E 3RD ST,39.16421,-86.493255
901282542,2018,2,4,1000,Weekday,2-Car,No injury/unknown,UNSAFE BACKING,SOUTH UNION ST,39.164151,-86.509096
901539225,2018,11,5,1200,Weekday,2-Car,No injury/unknown,OTHER (VEHICLE) - EXPLAIN IN NARRATIVE,EAST STATE ROAD 46 & SR46E,39.16399393,-86.42286168
901330156,2018,4,4,1800,Weekday,2-Car,No injury/unknown,UNSAFE BACKING,S CURRY PIKE,39.163952,-86.5829056
901479454,2018,8,5,1500,Weekday,2-Car,No injury/unknown,UNSAFE BACKING,SOUTH MADISON ST,39.163936,-86.537416
901327409,2018,4,6,1800,Weekday,1-Car,Non-incapacitating,OVERCORRECTING/OVERSTEERING,CAVE & SR48W,39.16378263,-86.63496975
901405434,2018,5,2,1100,Weekday,2-Car,Non-incapacitating,DISREGARD SIGNAL/REG SIGN,EASTLAND PLAZA & S COLLEGE MALL RD,39.16376671,-86.49810791
901490391,2018,8,6,1300,Weekday,1-Car,No injury/unknown,DRIVER ASLEEP OR FATIGUED,BENDER & SR46W,39.16364217,-86.43831006
901559534,2018,12,5,2000,Weekday,2-Car,No injury/unknown,RAN OFF ROAD RIGHT,BENDER & SR46E,39.16362786,-86.4390581
901532250,2018,11,7,2100,Weekend,1-Car,No injury/unknown,ANIMAL/OBJECT IN ROADWAY,GARRISON CHAPPEL & SR48W,39.1636251,-86.64980603
901542221,2018,12,4,700,Weekday,1-Car,No injury/unknown,SPEED TOO FAST FOR WEATHER CONDITIONS,GARRISON CHAPPEL & SR48,39.1636251,-86.64993601
901550651,2018,12,1,1600,Weekend,2-Car,No injury/unknown,ROADWAY SURFACE CONDITION,OARD & SR48W,39.16360202,-86.63720419
901254518,2018,1,5,700,Weekday,2-Car,No injury/unknown,FOLLOWING TOO CLOSELY,3RD ST & PATTERSON,39.16346117,-86.55130339
901279734,2018,2,2,1100,Weekday,2-Car,No injury/unknown,SPEED TOO FAST FOR WEATHER CONDITIONS,3RD ST & PATTERSON,39.16346117,-86.55130339
901281061,2018,2,2,800,Weekday,1-Car,No injury/unknown,ROADWAY SURFACE CONDITION,PATTERSON & WEST 3RD ST,39.16346117,-86.55130339
901381379,2018,5,5,1100,Weekday,Cyclist,Non-incapacitating,IMPROPER PASSING,3RD ST & PATTERSON,39.16346117,-86.55130339
901443380,2018,6,6,1300,Weekday,2-Car,No injury/unknown,FAILURE TO YIELD RIGHT OF WAY,PATTERSON & WEST 3RD ST,39.16346117,-86.55130339
901468973,2018,7,1,400,Weekend,1-Car,No injury/unknown,RAN OFF ROAD RIGHT,PATTERSON & THIRD ST,39.16346117,-86.55130339
901476634,2018,7,5,1400,Weekday,2-Car,No injury/unknown,FOLLOWING TOO CLOSELY,3RD ST & PATTERSON,39.16346117,-86.55130339
901515076,2018,10,5,1300,Weekday,2-Car,No injury/unknown,UNSAFE LANE MOVEMENT,S PATTERSON & W 3RD ST,39.16346117,-86.55130339
901560075,2018,12,6,2300,Weekend,1-Car,No injury/unknown,RAN OFF ROAD RIGHT,GARRISON CHAPEL & SR48W,39.16344361,-86.6444225
901460831,2018,6,2,2200,Weekday,2-Car,No injury/unknown,UNSAFE BACKING,S PARKWAY DR,39.16344,-86.5888
901413019,2018,6,6,1400,Weekday,2-Car,No injury/unknown,FOLLOWING TOO CLOSELY,3RD & COLLEGE MALL RD,39.16342781,-86.49822171
901474180,2018,7,2,1000,Weekday,1-Car,No injury/unknown,OTHER (VEHICLE) - EXPLAIN IN NARRATIVE,CAMPBELL & EAST SEVENTH ST,39.16342222,-86.5139
901534845,2018,11,5,300,Weekday,1-Car,No injury/unknown,SPEED TOO FAST FOR WEATHER CONDITIONS,ATWATER AVE & HENDERSON,39.16339037,-86.52751354
901263289,2018,1,3,900,Weekday,2-Car,Non-incapacitating,FAILURE TO YIELD RIGHT OF WAY,ATWATER AVE & HENDERSON,39.163344,-86.5272
901263290,2018,1,3,800,Weekday,2-Car,No injury/unknown,FAILURE TO YIELD RIGHT OF WAY,ATWATER AVE & HENDERSON,39.163344,-86.5272
901290409,2018,2,6,1100,Weekday,2-Car,No injury/unknown,DISREGARD SIGNAL/REG SIGN,ATWATER AVE & HENDERSON,39.163344,-86.5272
901542467,2018,12,4,1200,Weekday,2-Car,No injury/unknown,SPEED TOO FAST FOR WEATHER CONDITIONS,ATWATER AVE & HENDERSON,39.163344,-86.5272
901562141,2018,12,4,1100,Weekday,2-Car,No injury/unknown,FAILURE TO YIELD RIGHT OF WAY,ATWATER & S HENDERSON ST,39.163344,-86.5272
901475032,2018,6,4,1700,Weekday,2-Car,Non-incapacitating,FOLLOWING TOO CLOSELY,COLLEGE MALL RD,39.16332167,-86.49809182
901559854,2018,12,6,2300,Weekend,2-Car,No injury/unknown,SPEED TOO FAST FOR WEATHER CONDITIONS,BELLE & CURRY PIKE,39.1633,-86.58274
901552900,2018,12,3,1400,Weekday,2-Car,No injury/unknown,UNSAFE BACKING,S PARK RIDGE RD,39.163272,-86.476283
901311531,2018,3,4,800,Weekday,2-Car,No injury/unknown,DISREGARD SIGNAL/REG SIGN,E ATWATER AVE & S BALLANTINE,39.163216,-86.519024
901532075,2018,11,7,2300,Weekend,2-Car,No injury/unknown,IMPROPER TURNING,ATWATER AVE & BALLANTINE,39.163216,-86.519024
901280072,2018,2,2,1600,Weekday,2-Car,No injury/unknown,FAILURE TO YIELD RIGHT OF WAY,ATWATER ST & JORDAN,39.163168,-86.516384
901548008,2018,12,4,900,Weekday,Cyclist,Non-incapacitating,FAILURE TO YIELD RIGHT OF WAY,ATWATER & JORDAN AVE,39.163168,-86.516384
901279719,2018,2,1,2100,Weekday,1-Car,No injury/unknown,UNSAFE SPEED,CAVE & SR48W,39.163152,-86.629104
901272583,2018,2,5,1800,Weekday,2-Car,No injury/unknown,FAILURE TO YIELD RIGHT OF WAY,ATWATER AVE & SOUTH HENDERSON,39.16314,-86.52727
901278370,2018,2,1,2100,Weekday,2-Car,No injury/unknown,FAILURE TO YIELD RIGHT OF WAY,ATWATER AVE & HENDERSON,39.16314,-86.52727
901489854,2018,8,5,1200,Weekday,2-Car,No injury/unknown,FAILURE TO YIELD RIGHT OF WAY,ATWATER & HENDERSON ST,39.16314,-86.52727
901546170,2018,12,2,1100,Weekday,2-Car,No injury/unknown,FAILURE TO YIELD RIGHT OF WAY,ATWATER AVE & HENDERSON,39.16314,-86.52727
901471446,2018,7,3,1600,Weekday,2-Car,Non-incapacitating,UNSAFE BACKING,S WALKER ST,39.163136,-86.546224
901479780,2018,8,6,1100,Weekday,1-Car,Non-incapacitating,DRIVER ILLNESS,S WALKER ST,39.163136,-86.546224
901490591,2018,8,7,0,Weekend,1-Car,No injury/unknown,RAN OFF ROAD RIGHT,ATWATER AVE & MITCHELL,39.163136,-86.514096
901303483,2018,2,7,1100,Weekend,2-Car,Non-incapacitating,FAILURE TO YIELD RIGHT OF WAY,ATWATER AVE & FESS,39.16312,-86.5259
901321444,2018,3,4,800,Weekday,2-Car,No injury/unknown,IMPROPER TURNING,ATWATER & WOODLAWN AVE,39.16312,-86.52262
901457627,2018,6,3,1200,Weekday,Pedestrian,Non-incapacitating,FAILURE TO YIELD RIGHT OF WAY,ATWATER AVE & WOODLAWN AVE AVE,39.16312,-86.52262
901489361,2018,8,4,1100,Weekday,2-Car,No injury/unknown,FAILURE TO YIELD RIGHT OF WAY,ATWATER AVE & FESS,39.16312,-86.5259
901495841,2018,9,3,2300,Weekday,2-Car,Non-incapacitating,FAILURE TO YIELD RIGHT OF WAY,ATWATER & FESS AVE,39.16312,-86.5259
901508140,2018,10,6,1400,Weekday,Moped/Motorcycle,Non-incapacitating,FOLLOWING TOO CLOSELY,ATWATER ST & FESS,39.16312,-86.5259
901528835,2018,11,2,1300,Weekday,2-Car,No injury/unknown,FAILURE TO YIELD RIGHT OF WAY,ATWATER AVE & EASTSIDE,39.16312,-86.513088
901269235,2018,1,6,1300,Weekday,2-Car,No injury/unknown,IMPROPER TURNING,ATWATER AVE,39.163116,-86.522225
901555621,2018,12,6,1800,Weekday,2-Car,No injury/unknown,OTHER (DRIVER) - EXPLAIN IN NARRATIVE,E ATWATER AVE,39.163116,-86.522225
901322310,2018,4,5,1600,Weekday,2-Car,Incapacitating,FAILURE TO YIELD RIGHT OF WAY,E ATWATER AVE & S PARK,39.16311,-86.52403
901350860,2018,5,6,900,Weekday,2-Car,No injury/unknown,UNSAFE LANE MOVEMENT,ATWATER AVE & PARK,39.16311,-86.52403
901450399,2018,6,3,1700,Weekday,2-Car,No injury/unknown,FAILURE TO YIELD RIGHT OF WAY,E ATWATER AVE & S PARK,39.16311,-86.52403
901465283,2018,7,5,400,Weekday,1-Car,No injury/unknown,RAN OFF ROAD RIGHT,ATWATER AVE & PARK,39.16311,-86.52403
901555503,2018,12,6,1300,Weekday,2-Car,No injury/unknown,FAILURE TO YIELD RIGHT OF WAY,ATWATER AVE & FACULTY,39.1631,-86.52106
901487048,2018,8,6,1400,Weekday,Bus,No injury/unknown,IMPROPER PASSING,SOUTH PATTERSON DR,39.163098,-86.550933
901505880,2018,9,2,1300,Weekday,2-Car,Non-incapacitating,FAILURE TO YIELD RIGHT OF WAY,ATWATER ST & HIGHLAND,39.16309707,-86.51772022
901278864,2018,2,3,2100,Weekday,2-Car,No injury/unknown,FAILURE TO YIELD RIGHT OF WAY,ATWATER AVE & HAWTHORNE,39.16309,-86.52021
901294242,2018,2,4,800,Weekday,Bus,No injury/unknown,FAILURE TO YIELD RIGHT OF WAY,ATWATER AVE & HAWTHORNE,39.16309,-86.52021
901342434,2018,4,4,1100,Weekday,2-Car,Non-incapacitating,FAILURE TO YIELD RIGHT OF WAY,ATWATER AVE AVE & HAWTHORNE DR,39.16309,-86.52021
901507561,2018,9,5,1700,Weekday,2-Car,No injury/unknown,FOLLOWING TOO CLOSELY,ATWATER AVE & HAWTHORNE,39.16309,-86.52021
901308448,2018,3,7,1500,Weekend,2-Car,No injury/unknown,IMPROPER TURNING,ATWATER AVE & SWAIN,39.16308,-86.51527
901524847,2018,11,2,1500,Weekday,3+ Cars,No injury/unknown,FOLLOWING TOO CLOSELY,EAST ATWATER AVE & SOUTH SWAIN,39.16308,-86.51527
901473457,2018,7,7,1300,Weekend,2-Car,No injury/unknown,FAILURE TO YIELD RIGHT OF WAY,E ATWATER AVE & S CLIFTON,39.163072,-86.5096
901273250,2018,2,6,2300,Weekend,2-Car,No injury/unknown,IMPROPER LANE USAGE,ATWATER AVE & BALLANTINE,39.16307,-86.51913
901319678,2018,3,6,900,Weekday,2-Car,No injury/unknown,UNSAFE BACKING,ATWATER & SOUTH JORDAN AVE,39.16305,-86.51639
901329684,2018,4,3,1700,Weekday,2-Car,No injury/unknown,FOLLOWING TOO CLOSELY,ATWATER AVE & JORDAN,39.16305,-86.51639
901502985,2018,9,1,1600,Weekend,2-Car,No injury/unknown,FOLLOWING TOO CLOSELY,EAST ATWATER AVE & SOUTH JORDAN,39.16305,-86.51639
901531641,2018,11,6,2100,Weekend,2-Car,No injury/unknown,IMPROPER TURNING,E ATWATER & S JORDAN AVE,39.16305,-86.51639
901491006,2018,8,1,1500,Weekend,2-Car,No injury/unknown,FAILURE TO YIELD RIGHT OF WAY,ATWATER AVE & HIGHLAND,39.16304453,-86.51771252
901357621,2018,5,2,2100,Weekday,Pedestrian,Incapacitating,PEDESTRIAN ACTION,COLLEGE MALL RD & EASTLAND,39.16299725,-86.49802744
901519194,2018,10,6,1300,Weekday,1-Car,No injury/unknown,RAN OFF ROAD RIGHT,ROGERS & SMITH AVE,39.162992,-86.538592
901541741,2018,11,3,1100,Weekday,1-Car,Non-incapacitating,UNSAFE SPEED,HAGAN & SMITH RD,39.16295,-86.4808
901517357,2018,10,3,1100,Weekday,1-Car,No injury/unknown,ACCELERATOR FAILURE OR DEFECTIVE,S COLLEGE MALL RD,39.162928,-86.498112
901535044,2018,11,5,1100,Weekday,2-Car,No injury/unknown,FAILURE TO YIELD RIGHT OF WAY,S COLLEGE MALL RD,39.162928,-86.498112
901309466,2018,3,2,1500,Weekday,2-Car,No injury/unknown,UNSAFE BACKING,S LANDMARK AVE,39.16291476,-86.55624845
901324574,2018,4,3,1600,Weekday,2-Car,No injury/unknown,UNSAFE BACKING,S COLLEGE AVE,39.16291331,-86.53483233
901418760,2018,6,1,1400,Weekend,Cyclist,Non-incapacitating,FAILURE TO YIELD RIGHT OF WAY,COLLEGE MALL RD,39.162878,-86.498021
901480163,2018,8,6,1800,Weekday,2-Car,No injury/unknown,OTHER (DRIVER) - EXPLAIN IN NARRATIVE,W SMITH AVE,39.16286208,-86.53378304
901261769,2018,1,6,1300,Weekday,2-Car,No injury/unknown,FAILURE TO YIELD RIGHT OF WAY,LINCOLN ST & SMITH,39.162848,-86.53104
901285603,2018,2,5,1400,Weekday,2-Car,No injury/unknown,LEFT OF CENTER,EAST SMITH AVE & SOUTH DUNN,39.162848,-86.5284
901287859,2018,2,6,1200,Weekday,2-Car,No injury/unknown,,S HENDERSON ST,39.162848,-86.527184
901339440,2018,4,7,1400,Weekend,2-Car,No injury/unknown,,GRANT ST & SMITH,39.162848,-86.529744
901468611,2018,7,4,1500,Weekday,Cyclist,Non-incapacitating,UNSAFE SPEED,S LINCOLN ST & SMITH,39.162848,-86.53104
901504648,2018,9,7,1300,Weekend,2-Car,No injury/unknown,FAILURE TO YIELD RIGHT OF WAY,DUNN ST & SMITH,39.162848,-86.5284
901508130,2018,10,6,1700,Weekday,2-Car,No injury/unknown,IMPROPER TURNING,S WALNUT ST,39.162848,-86.5336
901314095,2018,3,6,2300,Weekend,2-Car,No injury/unknown,FAILURE TO YIELD RIGHT OF WAY,S LINCOLN ST & SMITH,39.16283,-86.53117
901258234,2018,1,1,1500,Weekend,2-Car,No injury/unknown,FAILURE TO YIELD RIGHT OF WAY,DUNN ST & SMITH,39.16281,-86.52843
901342931,2018,4,5,1000,Weekday,2-Car,No injury/unknown,FAILURE TO YIELD RIGHT OF WAY,DUNN & SMITH AVE,39.16281,-86.52841269
901554361,2018,12,5,1300,Weekday,2-Car,No injury/unknown,SPEED TOO FAST FOR WEATHER CONDITIONS,GETTYS CREEK & SR46E,39.16280112,-86.41408857
901285926,2018,2,6,700,Weekday,2-Car,No injury/unknown,FAILURE TO YIELD RIGHT OF WAY,MILLER & WALNUT ST,39.16274449,-86.53265
901458294,2018,6,4,1800,Weekday,2-Car,No injury/unknown,FOLLOWING TOO CLOSELY,BIRDIE GALYAN & SR46E,39.16270985,-86.41331991
901477033,2018,5,1,1800,Weekend,2-Car,No injury/unknown,DRIVER DISTRACTED - EXPLAIN IN NARRATIVE,LOWER BIRDIE GAYLON ROAD & SR46E,39.16270985,-86.41331904
901297682,2018,2,5,900,Weekday,2-Car,No injury/unknown,FOLLOWING TOO CLOSELY,ADAMS ST & PATTERSON DR DR,39.16267,-86.5505
901267420,2018,1,3,1600,Weekday,2-Car,No injury/unknown,UNSAFE BACKING,SOUTH WOODSCREST DR,39.162531,-86.502419
901499243,2018,9,2,1700,Weekday,Cyclist,No injury/unknown,,S MAPLE & W HOWE ST,39.162464,-86.542096
901458808,2018,6,5,1500,Weekday,2-Car,No injury/unknown,FAILURE TO YIELD RIGHT OF WAY,FAIRVIEW & HOWE ST,39.162432,-86.5408