Master Record Number,Year,Month,Day,Hour,Weekend,Collision Type,Injury Type,Primary Factor,Reported_Location,Latitude,Longitude
901495786,2018,9,3,300,Weekday,2-Car,No injury/unknown,OTHER (DRIVER) - EXPLAIN IN NARRATIVE,HOWE ST & WALKER,39.16243,-86.54619
901509631,2018,10,2,2000,Weekday,2-Car,Non-incapacitating,FAILURE TO YIELD RIGHT OF WAY,S WASHINGTON ST,39.16241698,-86.5324
901457260,2018,6,1,0,Weekend,2-Car,No injury/unknown,IMPROPER LANE USAGE,HOWE & S ROGERS ST,39.1624,-86.53869
901533898,2018,11,3,1300,Weekday,2-Car,No injury/unknown,FAILURE TO YIELD RIGHT OF WAY,HOWE & ROGERS ST,39.1624,-86.538592
901556027,2018,12,1,800,Weekend,2-Car,No injury/unknown,FAILURE TO YIELD RIGHT OF WAY,COUNRTY CLUB & WALNUT ST,39.16239669,-86.53111335
901259086,2018,1,2,1100,Weekday,2-Car,No injury/unknown,UNSAFE BACKING,S LANDMARK AVE,39.16237859,-86.55598207
901475559,2018,7,4,1200,Weekday,2-Car,No injury/unknown,UNSAFE BACKING,LANDMARK AVE,39.16237859,-86.55598207
901491878,2018,8,2,1800,Weekday,2-Car,No injury/unknown,UNSAFE BACKING,BALLANTINE RD & HUNTER,39.16237732,-86.51903775
901319648,2018,3,6,1700,Weekday,2-Car,No injury/unknown,UNSAFE BACKING,S WALNUT ST,39.16235951,-86.5336
901490654,2018,8,7,1100,Weekend,3+ Cars,No injury/unknown,FAILURE TO YIELD RIGHT OF WAY,FESS AVE & HUNTER,39.16225,-86.52591
901555635,2018,12,6,1200,Weekday,1-Car,No injury/unknown,SPEED TOO FAST FOR WEATHER CONDITIONS,E HUNTER AVE & PARK,39.16224,-86.523968
901267194,2018,1,3,800,Weekday,2-Car,Non-incapacitating,DISREGARD SIGNAL/REG SIGN,HUNTER ST & PARK AVE,39.16222,-86.52402
901550465,2018,12,1,0,Weekend,2-Car,No injury/unknown,OTHER (DRIVER) - EXPLAIN IN NARRATIVE,E HUNTER AVE & S HIGHLAND,39.16219076,-86.51770387
901533739,2018,11,3,1300,Weekday,2-Car,No injury/unknown,FAILURE TO YIELD RIGHT OF WAY,S LANDMARK AVE,39.16204732,-86.55561324
901497144,2018,9,6,1200,Weekday,1-Car,No injury/unknown,ANIMAL/OBJECT IN ROADWAY,3RD & SR37N,39.16200597,-86.57316611
901560682,2018,12,2,1200,Weekday,2-Car,No injury/unknown,OTHER (DRIVER) - EXPLAIN IN NARRATIVE,S COLLEGE MALL RD,39.161855,-86.497854
901263382,2018,1,6,2100,Weekend,2-Car,No injury/unknown,OTHER (DRIVER) - EXPLAIN IN NARRATIVE,S MULLER PKWY,39.161723,-86.567419
901260826,2018,1,4,1700,Weekday,3+ Cars,No injury/unknown,FOLLOWING TOO CLOSELY,2ND & COLLEGE AVE,39.16171465,-86.53484508
901330037,2018,4,4,0,Weekday,2-Car,No injury/unknown,,2ND & GRANT ST,39.16165972,-86.5297575
901346259,2018,5,3,1100,Weekday,3+ Cars,Incapacitating,BRAKE FAILURE OR DEFECTIVE,SOUTH WALKER & WEST SECOND ST,39.161648,-86.546128
901510047,2018,10,3,1200,Weekday,Pedestrian,Incapacitating,FAILURE TO YIELD RIGHT OF WAY,S WALKER & W 2ND ST,39.161648,-86.546128
901510202,2018,10,3,1800,Weekday,2-Car,Non-incapacitating,FOLLOWING TOO CLOSELY,EAST 2ND ST & WALKER,39.161648,-86.546128
901522076,2018,10,4,1400,Weekday,2-Car,No injury/unknown,FOLLOWING TOO CLOSELY,EUCLID & W 2ND ST,39.1616,-86.543296
901348189,2018,5,4,1700,Weekday,2-Car,No injury/unknown,FOLLOWING TOO CLOSELY,2ND ST & MAPLE,39.16158681,-86.54280118
901464202,2018,7,1,300,Weekend,1-Car,Non-incapacitating,ANIMAL/OBJECT IN ROADWAY,BIRDIE GALYAN & SR46E,39.16158391,-86.41219366
901263948,2018,1,4,900,Weekday,2-Car,No injury/unknown,UNSAFE BACKING,S MULLER PKWY,39.161569,-86.567511
901471489,2018,7,3,1700,Weekday,3+ Cars,Non-incapacitating,FOLLOWING TOO CLOSELY,MAPLE & W 2ND ST,39.161568,-86.542096
901387699,2018,5,6,1700,Weekday,3+ Cars,No injury/unknown,SPEED TOO FAST FOR WEATHER CONDITIONS,2ND ST & MAPLE,39.16155352,-86.54103777
901360323,2018,5,5,1900,Weekday,2-Car,Non-incapacitating,OTHER (DRIVER) - EXPLAIN IN NARRATIVE,W 2ND ST,39.16153675,-86.53981487
901532358,2018,11,1,1700,Weekend,2-Car,No injury/unknown,IMPROPER TURNING,W 2ND ST,39.16153611,-86.53976784
901258293,2018,1,1,1900,Weekday,2-Car,No injury/unknown,FAILURE TO YIELD RIGHT OF WAY,2ND ST & ROGERS,39.16152,-86.538592
901260486,2018,1,3,2300,Weekday,2-Car,No injury/unknown,DISREGARD SIGNAL/REG SIGN,2ND ST & ROGERS,39.16152,-86.538592
901265728,2018,1,1,2300,Weekday,2-Car,No injury/unknown,FAILURE TO YIELD RIGHT OF WAY,2ND ST & ROGERS,39.16152,-86.538592
901272654,2018,2,5,2300,Weekday,2-Car,No injury/unknown,FAILURE TO YIELD RIGHT OF WAY,2ND ST & ROGERS,39.16152,-86.538592
901316412,2018,3,6,0,Weekday,2-Car,No injury/unknown,FAILURE TO YIELD RIGHT OF WAY,S ROGERS & W 2ND ST,39.16152,-86.538592
901346135,2018,5,3,1200,Weekday,2-Car,No injury/unknown,FOLLOWING TOO CLOSELY,S ROGERS & W 2ND ST,39.16152,-86.538592
901497683,2018,9,7,2300,Weekend,2-Car,No injury/unknown,FAILURE TO YIELD RIGHT OF WAY,ROGERS ST & W 2ND,39.16152,-86.538592
901516228,2018,10,2,0,Weekday,2-Car,Non-incapacitating,FAILURE TO YIELD RIGHT OF WAY,E 2ND ST & S ROGERS,39.16152,-86.538592
901521264,2018,10,3,1200,Weekday,2-Car,Incapacitating,FOLLOWING TOO CLOSELY,SOUTH ROGERS & WEST 2 ST ST,39.16152,-86.538592
901447416,2018,6,2,1600,Weekday,2-Car,No injury/unknown,FOLLOWING TOO CLOSELY,2ND ST & MADISON,39.16150106,-86.53782493
901268208,2018,1,4,1600,Weekday,2-Car,No injury/unknown,FOLLOWING TOO CLOSELY,2ND ST & MADISON,39.161488,-86.537296
901513877,2018,10,3,1400,Weekday,2-Car,No injury/unknown,UNSAFE BACKING,S LANDMARK AVE,39.16145993,-86.55452041
901266210,2018,1,2,1100,Weekday,2-Car,No injury/unknown,DISREGARD SIGNAL/REG SIGN,2ND ST & COLLEGE,39.16144,-86.534848
901303643,2018,2,1,1900,Weekday,2-Car,No injury/unknown,DISREGARD SIGNAL/REG SIGN,2ND & WALNUT ST,39.16144,-86.5336
901315137,2018,3,4,1400,Weekday,3+ Cars,No injury/unknown,UNSAFE LANE MOVEMENT,E 2ND ST & S LINCOLN,39.16144,-86.531056
901321315,2018,3,3,1900,Weekday,2-Car,No injury/unknown,FAILURE TO YIELD RIGHT OF WAY,E 2ND ST & S DUNN,39.16144,-86.528288
901403516,2018,5,5,2300,Weekday,Cyclist,Non-incapacitating,FAILURE TO YIELD RIGHT OF WAY,2ND & WALNUT ST,39.16144,-86.5336
901407196,2018,6,4,800,Weekday,2-Car,Non-incapacitating,SPEED TOO FAST FOR WEATHER CONDITIONS,2ND ST & PARK,39.16144,-86.523952
901499844,2018,9,4,1700,Weekday,2-Car,No injury/unknown,FOLLOWING TOO CLOSELY,S COLLEGE AVE & W 2ND,39.16144,-86.534848
901512978,2018,10,2,1200,Weekday,Moped/Motorcycle,Non-incapacitating,FOLLOWING TOO CLOSELY,2ND & COLLEGE AVE,39.16144,-86.534848
901526080,2018,11,4,1500,Weekday,2-Car,No injury/unknown,FAILURE TO YIELD RIGHT OF WAY,2ND & WASHINGTON ST,39.16144,-86.5324
901551840,2018,12,2,1700,Weekday,2-Car,No injury/unknown,DISREGARD SIGNAL/REG SIGN,2ND & S WASHINGTON ST,39.16144,-86.5324
901457970,2018,6,4,800,Weekday,1-Car,Non-incapacitating,RAN OFF ROAD RIGHT,WEST 2ND ST,39.161429,-86.546139
901485062,2018,8,2,1600,Weekday,3+ Cars,No injury/unknown,FOLLOWING TOO CLOSELY,EUCLID & SECOND ST,39.16142,-86.54337
901490519,2018,8,6,200,Weekday,2-Car,No injury/unknown,UNSAFE SPEED,W 2ND ST,39.16142,-86.543536
901477451,2018,8,2,900,Weekday,2-Car,No injury/unknown,UNSAFE BACKING,W 2ND ST,39.161411,-86.537441
901265516,2018,1,2,1400,Weekday,2-Car,No injury/unknown,FOLLOWING TOO CLOSELY,S MADISON & W 2ND ST,39.16141,-86.53744
901474938,2018,7,3,800,Weekday,2-Car,Non-incapacitating,FAILURE TO YIELD RIGHT OF WAY,MAPLE ST & W2ND ST ST,39.16141,-86.54224135
901508386,2018,10,7,1300,Weekend,2-Car,No injury/unknown,FOLLOWING TOO CLOSELY,MAPLE & W 2ND ST,39.16141,-86.54225
901267418,2018,1,3,1600,Weekday,2-Car,Non-incapacitating,FOLLOWING TOO CLOSELY,900 W 2ND ST & S EUCHLID,39.16140529,-86.54339653
901324542,2018,4,3,1400,Weekday,2-Car,No injury/unknown,DRIVER DISTRACTED - EXPLAIN IN NARRATIVE,COLLEGE & W 2ND ST,39.16140529,-86.53489044
901261998,2018,1,7,1500,Weekend,2-Car,No injury/unknown,FAILURE TO YIELD RIGHT OF WAY,ROGERS & WEST 2ND ST,39.1614,-86.53867
901279679,2018,2,2,900,Weekday,2-Car,Non-incapacitating,FAILURE TO YIELD RIGHT OF WAY,2ND ST & ROGERS,39.1614,-86.53867
901303207,2018,2,7,700,Weekend,2-Car,No injury/unknown,SPEED TOO FAST FOR WEATHER CONDITIONS,2ND & ROGERS ST,39.1614,-86.53867
901316613,2018,3,1,2100,Weekday,2-Car,No injury/unknown,FAILURE TO YIELD RIGHT OF WAY,2ND ST & ROGERS,39.1614,-86.53867
901322294,2018,4,5,1700,Weekday,Moped/Motorcycle,No injury/unknown,OTHER (DRIVER) - EXPLAIN IN NARRATIVE,ROGERS & WEST 2ND ST,39.1614,-86.53868731
901422579,2018,6,2,800,Weekday,1-Car,Non-incapacitating,ACCELERATOR FAILURE OR DEFECTIVE,W 2ND ST,39.1614,-86.539965
901439157,2018,6,6,1100,Weekday,Cyclist,Non-incapacitating,OTHER (DRIVER) - EXPLAIN IN NARRATIVE,2ND ST & ROGERS,39.1614,-86.53867
901488770,2018,8,3,1100,Weekday,2-Car,Non-incapacitating,OTHER (DRIVER) - EXPLAIN IN NARRATIVE,2ND ST & WALNUT,39.1614,-86.53363
901550012,2018,12,1,0,Weekend,2-Car,No injury/unknown,FAILURE TO YIELD RIGHT OF WAY,SOUTH ROGERS & W 2ND ST,39.1614,-86.53867
901551481,2018,12,2,1300,Weekday,2-Car,No injury/unknown,FOLLOWING TOO CLOSELY,S ROGERS & WEST 2ND ST,39.1614,-86.53862673
901350859,2018,5,6,1000,Weekday,2-Car,No injury/unknown,OTHER (DRIVER) - EXPLAIN IN NARRATIVE,2ND ST & MORTSON,39.16139,-86.53631433
901458287,2018,6,4,1800,Weekday,2-Car,No injury/unknown,CELL PHONE USAGE,S MORTON & W 2ND ST,39.16139,-86.53631
901497039,2018,9,5,1300,Weekday,2-Car,No injury/unknown,OTHER (DRIVER) - EXPLAIN IN NARRATIVE,2ND ST & MORTON,39.16139,-86.53631
901532850,2018,11,2,900,Weekday,2-Car,No injury/unknown,FAILURE TO YIELD RIGHT OF WAY,2ND ST & MORTON,39.16139,-86.53631632
901490736,2018,8,7,1700,Weekend,2-Car,No injury/unknown,UNSAFE BACKING,WEST SECOND ST,39.161384,-86.535221
901338781,2018,4,6,900,Weekday,3+ Cars,No injury/unknown,OTHER (DRIVER) - EXPLAIN IN NARRATIVE,2ND ST & COLLEGE,39.16138,-86.53491269
901342484,2018,4,4,1100,Weekday,2-Car,No injury/unknown,FOLLOWING TOO CLOSELY,2ND & COLLEGE AVE,39.16138,-86.53493
901388559,2018,5,5,1600,Weekday,2-Car,Non-incapacitating,FOLLOWING TOO CLOSELY,COLLEGE & SECOND ST,39.16138,-86.53493
901534135,2018,11,3,1700,Weekday,2-Car,No injury/unknown,SPEED TOO FAST FOR WEATHER CONDITIONS,S COLLEGE AVE & W 2ND,39.16138,-86.53493
901548955,2018,12,6,0,Weekday,2-Car,No injury/unknown,DISREGARD SIGNAL/REG SIGN,2ND & COLLEGE AVE,39.16138,-86.53493
901551864,2018,12,2,1900,Weekday,2-Car,No injury/unknown,WRONG WAY ON ONE WAY,S COLLEGE & W 2ND ST,39.16138,-86.53493
901288326,2018,2,2,700,Weekday,2-Car,No injury/unknown,FAILURE TO YIELD RIGHT OF WAY,2ND ST ST & GRANT ST,39.16136,-86.52988
901489982,2018,8,5,1900,Weekday,2-Car,No injury/unknown,DISREGARD SIGNAL/REG SIGN,2ND ST & FESS,39.16134,-86.52592
901538593,2018,11,4,1000,Weekday,2-Car,Non-incapacitating,DISREGARD SIGNAL/REG SIGN,2ND ST & HENDERSON,39.16134,-86.5272
901270004,2018,1,1,2100,Weekday,2-Car,Non-incapacitating,LEFT OF CENTER,STARDUST & WATERSTONE TR,39.16132674,-86.60703224
901324605,2018,4,3,2000,Weekday,Cyclist,Non-incapacitating,IMPROPER TURNING,2ND ST & LINCOLN,39.16132332,-86.53119531
901547409,2018,12,3,1200,Weekday,2-Car,No injury/unknown,OTHER (DRIVER) - EXPLAIN IN NARRATIVE,EAST 2ND ST,39.16132332,-86.53222667
901317105,2018,3,2,1000,Weekday,2-Car,No injury/unknown,OTHER (DRIVER) - EXPLAIN IN NARRATIVE,SO WOODSCREST ST,39.161306,-86.502442
901279253,2018,2,1,1700,Weekend,2-Car,No injury/unknown,OTHER (DRIVER) - EXPLAIN IN NARRATIVE,SOUTH MAGNOLIA CT,39.161277,-86.602002
901454460,2018,6,7,100,Weekend,2-Car,No injury/unknown,IMPROPER LANE USAGE,2ND ST & PARK,39.161205,-86.52399351
901538809,2018,11,4,1600,Weekday,2-Car,No injury/unknown,SPEED TOO FAST FOR WEATHER CONDITIONS,2ND ST & PARK,39.161205,-86.524
901463041,2018,7,6,1200,Weekday,2-Car,No injury/unknown,UNSAFE BACKING,S CLARIZZ BLVD,39.161197,-86.490767
901504498,2018,9,6,1700,Weekday,2-Car,No injury/unknown,FAILURE TO YIELD RIGHT OF WAY,2ND & JORDAN AVE,39.161168,-86.516352
901324573,2018,4,2,1300,Weekday,2-Car,No injury/unknown,,S COLLEGE AVE,39.16115717,-86.53485253
901574159,2018,11,6,1400,Weekday,2-Car,No injury/unknown,UNSAFE BACKING,E 2ND & WOODLAWN AVE,39.16107061,-86.52260976
901497739,2018,9,1,1200,Weekend,2-Car,No injury/unknown,DISREGARD SIGNAL/REG SIGN,2ND ST & WOODLAWN,39.16107,-86.52264
901548871,2018,12,4,200,Weekday,1-Car,No injury/unknown,OTHER (DRIVER) - EXPLAIN IN NARRATIVE,2ND & BALLANTINE RD,39.16106,-86.51914
901544825,2018,12,7,1600,Weekend,2-Car,No injury/unknown,FAILURE TO YIELD RIGHT OF WAY,E 2ND & S JORDAN AVE,39.16104,-86.51639
901555580,2018,12,7,800,Weekend,2-Car,No injury/unknown,DISREGARD SIGNAL/REG SIGN,2ND & JORDAN AVE,39.16104,-86.51639
901554587,2018,12,5,2000,Weekday,2-Car,Non-incapacitating,ROADWAY SURFACE CONDITION,E 2ND & S HIGH ST,39.16099,-86.50847
901500218,2018,9,5,1100,Weekday,1-Car,No injury/unknown,OTHER (DRIVER) - EXPLAIN IN NARRATIVE,W 2ND ST,39.16096487,-86.54814783
901319035,2018,3,5,1700,Weekday,2-Car,No injury/unknown,FOLLOWING TOO CLOSELY,COLLEGE MALL & S COLLEGE MALL RD,39.160944,-86.497696
901341935,2018,4,3,800,Weekday,2-Car,Non-incapacitating,FAILURE TO YIELD RIGHT OF WAY,2ND ST & COLLEGE MALL,39.160944,-86.497696
901476664,2018,7,6,2100,Weekend,2-Car,Non-incapacitating,OTHER (DRIVER) - EXPLAIN IN NARRATIVE,E 2ND & S COLLEGE MALL RD,39.160944,-86.497696
901521639,2018,10,4,200,Weekday,2-Car,No injury/unknown,FAILURE TO YIELD RIGHT OF WAY,E 2ND & S COLLEGE MALL RD,39.160944,-86.497696
901560000,2018,12,7,1600,Weekend,2-Car,No injury/unknown,IMPROPER TURNING,E 2ND & S COLLEGE MALL RD,39.160944,-86.497696
901469665,2018,7,6,1700,Weekday,2-Car,No injury/unknown,TRAFFIC CONTROL INOPERATIVE/MISSING/OBSC,2ND & COLLEGE MALL RD,39.16094,-86.49772
901539286,2018,11,4,2200,Weekday,2-Car,No injury/unknown,UNSAFE LANE MOVEMENT,E 2ND & S COLLEGE MALL RD,39.16094,-86.49772
901313722,2018,3,2,1000,Weekday,2-Car,No injury/unknown,UNSAFE BACKING,2ND ST & WOODSCREST,39.16092,-86.50245
901404355,2018,5,6,1600,Weekday,2-Car,No injury/unknown,DISREGARD SIGNAL/REG SIGN,COLLEGE MALL RD & SECOND,39.16090327,-86.49769323
901307170,2018,3,5,1000,Weekday,2-Car,No injury/unknown,OTHER (DRIVER) - EXPLAIN IN NARRATIVE,ARCH HAVEN & LANDMARK AVE,39.16088278,-86.55404913
901302742,2018,2,6,1600,Weekday,1-Car,No injury/unknown,OTHER (DRIVER) - EXPLAIN IN NARRATIVE,S COLLEGE MALL RD,39.160826,-86.497717
901513284,2018,10,2,1700,Weekday,2-Car,No injury/unknown,UNSAFE BACKING,SOUTH COLLEGE AVE,39.1608213,-86.53491777
901253008,2018,1,6,1700,Weekday,2-Car,No injury/unknown,OTHER (DRIVER) - EXPLAIN IN NARRATIVE,W 2ND ST,39.16081698,-86.5487311
901387461,2018,5,6,1800,Weekday,2-Car,Non-incapacitating,FOLLOWING TOO CLOSELY,2ND & COLLEGE AVE,39.16075341,-86.53485899
901293898,2018,2,4,400,Weekday,2-Car,No injury/unknown,SPEED TOO FAST FOR WEATHER CONDITIONS,2ND ST & PATTERSON,39.16075,-86.54851
901298677,2018,2,5,1300,Weekday,3+ Cars,Non-incapacitating,FOLLOWING TOO CLOSELY,PATTERSON DR & WEST 2 ST ST,39.16075,-86.54851
901308671,2018,3,6,1700,Weekday,2-Car,Non-incapacitating,FOLLOWING TOO CLOSELY,PATTERSON & W 2ND ST,39.16075,-86.54851
901439019,2018,6,6,1100,Weekday,2-Car,No injury/unknown,FOLLOWING TOO CLOSELY,2ND ST & PATTERSON,39.16075,-86.54851
901439020,2018,6,6,1000,Weekday,2-Car,No injury/unknown,OTHER (DRIVER) - EXPLAIN IN NARRATIVE,2ND ST & PATTERSON,39.16075,-86.54851
901470643,2018,7,2,1000,Weekday,2-Car,Non-incapacitating,FAILURE TO YIELD RIGHT OF WAY,2ND ST & PATTERSON,39.16075,-86.54851
901475771,2018,7,5,800,Weekday,2-Car,Non-incapacitating,FOLLOWING TOO CLOSELY,2ND ST & PATTERSON,39.16075,-86.54851
901479824,2018,8,6,1400,Weekday,2-Car,Non-incapacitating,DRIVER DISTRACTED - EXPLAIN IN NARRATIVE,2ND ST & PATTERSON,39.16075,-86.54851
901483019,2018,8,5,1600,Weekday,2-Car,No injury/unknown,FOLLOWING TOO CLOSELY,2ND ST & S PATTERSON,39.16075,-86.54851
901504573,2018,9,7,400,Weekend,1-Car,No injury/unknown,RAN OFF ROAD RIGHT,2ND ST & PATTERSON,39.16075,-86.54852731
901550569,2018,12,1,2000,Weekday,2-Car,No injury/unknown,OVERCORRECTING/OVERSTEERING,S PATTERSON DR & W 2ND,39.16075,-86.54851
901555113,2018,12,6,1300,Weekday,2-Car,No injury/unknown,UNSAFE BACKING,2ND & PATTERSON DR,39.16075,-86.54851
901555664,2018,12,7,2300,Weekend,2-Car,No injury/unknown,FOLLOWING TOO CLOSELY,2ND ST & PATTERSON,39.16075,-86.54851866
901266583,2018,1,2,2100,Weekday,2-Car,No injury/unknown,SPEED TOO FAST FOR WEATHER CONDITIONS,ADAMS & BLOOMFIELD RD,39.160544,-86.5508
901549315,2018,12,6,1100,Weekday,2-Car,No injury/unknown,UNSAFE BACKING,S LANDMARK AVE,39.16053785,-86.55396033
901267532,2018,1,3,2200,Weekday,2-Car,No injury/unknown,FAILURE TO YIELD RIGHT OF WAY,HENDERSON ST & UNIVERSITY,39.16039,-86.52719
901339885,2018,4,7,1600,Weekend,3+ Cars,No injury/unknown,FAILURE TO YIELD RIGHT OF WAY,HENDERSON AVE & UNIVERSITY,39.16039,-86.52719
901334216,2018,4,2,1200,Weekday,2-Car,No injury/unknown,DISREGARD SIGNAL/REG SIGN,2ND ST & ADAMS,39.16038,-86.55083
901375639,2018,5,3,1300,Weekday,2-Car,No injury/unknown,DISREGARD SIGNAL/REG SIGN,ADAMS & BLOOMFIELD RD,39.16038,-86.55083
901537028,2018,11,2,900,Weekday,2-Car,No injury/unknown,DISREGARD SIGNAL/REG SIGN,2ND ST & ADAMS,39.16038,-86.55083
901554534,2018,12,5,1700,Weekday,2-Car,No injury/unknown,DRIVER DISTRACTED - EXPLAIN IN NARRATIVE,2ND ST & ADAMS,39.16038,-86.55083
901362762,2018,5,7,1200,Weekend,2-Car,No injury/unknown,UNSAFE BACKING,550 S WALNUT ST ST,39.160371,-86.533642
901319647,2018,3,6,100,Weekday,2-Car,No injury/unknown,,E UNIVERSITY ST,39.16034939,-86.53086041
901550483,2018,12,1,1700,Weekend,2-Car,No injury/unknown,OVERCORRECTING/OVERSTEERING,4TH & INDIANA AVE,39.16026265,-86.52691
901516461,2018,10,2,800,Weekday,2-Car,No injury/unknown,UNSAFE BACKING,LANDMARK AVE,39.16019293,-86.55386471
901274001,2018,2,1,1600,Weekend,2-Car,No injury/unknown,OTHER (DRIVER) - EXPLAIN IN NARRATIVE,W BLOOMFIELD RD,39.15998862,-86.55307876
901263588,2018,1,3,1500,Weekday,2-Car,No injury/unknown,FAILURE TO YIELD RIGHT OF WAY,BLOOMFIELD RD & LANDMARK,39.15994021,-86.55379641
901319789,2018,3,7,2100,Weekend,2-Car,No injury/unknown,DISREGARD SIGNAL/REG SIGN,BLOOMFIELD & LANDMARK AVE,39.15994021,-86.55379641
901330179,2018,4,4,1600,Weekday,Pedestrian,Non-incapacitating,,BLOOMFIELD RD & LANDMARK,39.15994021,-86.55379641
901481807,2018,8,3,1500,Weekday,2-Car,Non-incapacitating,OTHER (DRIVER) - EXPLAIN IN NARRATIVE,LANDMARK & WEST BLOOMFIELD RD,39.15994021,-86.55379641
901406536,2018,6,3,1500,Weekday,2-Car,No injury/unknown,UNSAFE BACKING,SOUTH ADAMS ST,39.159921,-86.550794
901504565,2018,9,7,100,Weekend,2-Car,No injury/unknown,FOLLOWING TOO CLOSELY,N COLLEGE AVE & NINTH,39.15988398,-86.53485
901478122,2018,8,3,1200,Weekday,2-Car,No injury/unknown,UNSAFE BACKING,SIXTH & WALNUT ST,39.15961857,-86.5336
901550316,2018,12,1,1400,Weekend,3+ Cars,Non-incapacitating,SPEED TOO FAST FOR WEATHER CONDITIONS,E BUICK CADILLAC & S CLARIZZ BLVD,39.1596,-86.490784
901260050,2018,1,2,1700,Weekday,2-Car,No injury/unknown,OTHER (DRIVER) - EXPLAIN IN NARRATIVE,S ROGERS ST & W 1ST,39.159504,-86.538592
901315153,2018,3,4,1500,Weekday,2-Car,No injury/unknown,LEFT OF CENTER,FIRST ST & ROGERS,39.159504,-86.538592
901494083,2018,9,6,1300,Weekday,2-Car,Non-incapacitating,FAILURE TO YIELD RIGHT OF WAY,DAVIS & S WALNUT ST,39.15949582,-86.53369
901530748,2018,11,5,0,Weekday,2-Car,No injury/unknown,OTHER (DRIVER) - EXPLAIN IN NARRATIVE,WEST 1ST ST,39.159442,-86.542545
901358326,2018,5,4,1200,Weekday,2-Car,No injury/unknown,FOLLOWING TOO CLOSELY,S COLLEGE AVE & W 1ST,39.15944,-86.53488
901470955,2018,7,2,1700,Weekday,2-Car,Non-incapacitating,FOLLOWING TOO CLOSELY,S MORTON & W 1ST ST,39.15941183,-86.53669953
901531907,2018,11,7,1500,Weekend,2-Car,No injury/unknown,IMPROPER TURNING,COLLEGE AVE & FIRST,39.15934598,-86.53497924
901263602,2018,1,3,1900,Weekday,2-Car,No injury/unknown,FAILURE TO YIELD RIGHT OF WAY,1ST ST & FESS,39.159344,-86.525872
901463289,2018,7,1,0,Weekend,2-Car,No injury/unknown,DRIVER DISTRACTED - EXPLAIN IN NARRATIVE,1ST & FESS AVE,39.159344,-86.525872
901494114,2018,9,6,1600,Weekday,2-Car,No injury/unknown,UNSAFE BACKING,E 1ST ST & S HENDERSON,39.159344,-86.52712
901504492,2018,9,6,1900,Weekend,Cyclist,Non-incapacitating,DISREGARD SIGNAL/REG SIGN,E 1ST ST & S GRANT,39.159344,-86.529792
901494033,2018,9,6,1200,Weekday,2-Car,Non-incapacitating,FAILURE TO YIELD RIGHT OF WAY,1ST ST & FESS,39.15932,-86.52594
901552903,2018,12,3,1600,Weekday,2-Car,Non-incapacitating,FAILURE TO YIELD RIGHT OF WAY,E 1ST ST & S HAWTHORNE,39.15928,-86.5202
901288963,2018,2,2,1100,Weekday,2-Car,No injury/unknown,DISREGARD SIGNAL/REG SIGN,1ST ST & HAWTHORNE,39.15926402,-86.52019871
901508326,2018,10,7,1200,Weekend,2-Car,No injury/unknown,FOLLOWING TOO CLOSELY,BLOOMFIELD RD & RANSOM,39.15926,-86.55528
901536225,2018,11,6,1800,Weekday,Cyclist,Non-incapacitating,FAILURE TO YIELD RIGHT OF WAY,1ST & JORDAN AVE,39.15926,-86.51638
901551858,2018,12,2,1600,Weekday,2-Car,No injury/unknown,FOLLOWING TOO CLOSELY,S RANSOM & W BLOOMFIELD RD,39.15926,-86.5552774
901508337,2018,10,7,1100,Weekend,2-Car,Non-incapacitating,FAILURE TO YIELD RIGHT OF WAY,E 1ST & S HIGH ST,39.159248,-86.508288
901457411,2018,6,3,800,Weekday,Bus,No injury/unknown,UNSAFE BACKING,S BASSWOOD DR,39.15924,-86.566769
901381339,2018,5,5,1200,Weekday,2-Car,No injury/unknown,OTHER (DRIVER) - EXPLAIN IN NARRATIVE,COLLEGE MALL RD,39.159235,-86.497809
901388940,2018,5,7,1400,Weekend,2-Car,No injury/unknown,UNSAFE BACKING,BASSWOOD DR,39.159182,-86.566875
901325557,2018,4,5,1100,Weekday,3+ Cars,No injury/unknown,ANIMAL/OBJECT IN ROADWAY,BENNINGTON BLVD & SMITH,39.15917,-86.48072459
901539583,2018,11,6,1400,Weekday,2-Car,No injury/unknown,UNSAFE BACKING,SOUTH COLLEGE MALL RD,39.15909668,-86.49782301
901268258,2018,1,4,2000,Weekday,2-Car,No injury/unknown,SPEED TOO FAST FOR WEATHER CONDITIONS,S BASSWOOD DR,39.158893,-86.567406
901270009,2018,1,1,2200,Weekday,2-Car,No injury/unknown,DRIVER DISTRACTED - EXPLAIN IN NARRATIVE,MIDDLE CT & WESTWOOD,39.15888,-86.59010649
901468320,2018,7,3,1400,Weekday,1-Car,Non-incapacitating,BRAKE FAILURE OR DEFECTIVE,GARRISON CHAPEL RD & HENDRICKS,39.158848,-86.647104
901550481,2018,12,1,1100,Weekend,1-Car,No injury/unknown,SPEED TOO FAST FOR WEATHER CONDITIONS,GARRISON CHAPEL & HENDRICK RD,39.158848,-86.647104
901292702,2018,2,3,1300,Weekday,1-Car,Non-incapacitating,RAN OFF ROAD RIGHT,BOTTOM & SR37S,39.15873648,-86.54219875
901339819,2018,4,7,1100,Weekend,2-Car,No injury/unknown,OTHER (DRIVER) - EXPLAIN IN NARRATIVE,BASSWOOD DR & MULLER,39.15859,-86.56791519
901357159,2018,5,3,2000,Weekday,2-Car,No injury/unknown,FAILURE TO YIELD RIGHT OF WAY,BASSWOOD DR & MULLER,39.15859,-86.56791649