Master Record Number,Year,Month,Day,Hour,Weekend,Collision Type,Injury Type,Primary Factor,Reported_Location,Latitude,Longitude
901495456,2018,9,3,1000,Weekday,2-Car,No injury/unknown,OTHER (DRIVER) - EXPLAIN IN NARRATIVE,BASSWOOD DR & MUELLER,39.15859,-86.56791
901560684,2018,12,1,2200,Weekday,2-Car,No injury/unknown,LEFT OF CENTER,BRIGHTON CT & PEMBROOK,39.15849,-86.47745
901311650,2018,3,4,600,Weekday,Cyclist,Non-incapacitating,IMPROPER TURNING,S ROGERS ST & W WYLIE,39.158448,-86.538592
901438922,2018,6,5,1100,Weekday,3+ Cars,No injury/unknown,BRAKE FAILURE OR DEFECTIVE,S WALNUT ST ST & WYLIE ST,39.15836,-86.53365
901343257,2018,4,4,1600,Weekday,2-Car,Non-incapacitating,DRIVER DISTRACTED - EXPLAIN IN NARRATIVE,DOYLE & S CURRY PIKE,39.158352,-86.582752
901466078,2018,7,5,1100,Weekday,3+ Cars,No injury/unknown,FOLLOWING TOO CLOSELY,CURRY PIKE PIKE & DOYLE AVE,39.158352,-86.582752
901322874,2018,4,7,2300,Weekend,2-Car,No injury/unknown,UNSAFE LANE MOVEMENT,HENDERSON & WYLIE ST,39.15829,-86.52711
901527838,2018,11,7,2000,Weekend,3+ Cars,No injury/unknown,OTHER (DRIVER) - EXPLAIN IN NARRATIVE,ADAMS HILL CIR & COUNTRYSIDE,39.15825267,-86.55081
901464954,2018,7,4,1100,Weekday,2-Car,No injury/unknown,OTHER (DRIVER) - EXPLAIN IN NARRATIVE,EASTSIDE DR & MAXWELL,39.15823592,-86.51253726
901270793,2018,2,2,1400,Weekday,2-Car,No injury/unknown,OTHER TELEMATICS IN USE,BUICK CADILLAC & S COLLEGE MALL RD,39.15816,-86.497792
901326191,2018,4,6,1700,Weekday,Bus,No injury/unknown,UNSAFE LANE MOVEMENT,E BUICK CADILLAC & S COLLEGE MALL RD,39.15816,-86.497792
901549526,2018,12,6,1300,Weekday,3+ Cars,No injury/unknown,FOLLOWING TOO CLOSELY,BUICK CADILLAC & COLLEGE MALL RD,39.15816,-86.497792
901326257,2018,4,7,1600,Weekend,2-Car,No injury/unknown,FAILURE TO YIELD RIGHT OF WAY,BUICK CADILLAC & COLLEGE MALL RD,39.15811,-86.49789
901473464,2018,7,7,1200,Weekend,Bus,Non-incapacitating,OTHER (DRIVER) - EXPLAIN IN NARRATIVE,BUICK CADILLAC & COLLEGE MALL RD,39.15811,-86.49789
901319264,2018,3,5,1600,Weekday,2-Car,No injury/unknown,ROADWAY SURFACE CONDITION,ANN LEE & W BLOOMFIELD RD,39.15802,-86.55757403
901342620,2018,4,4,1500,Weekday,2-Car,No injury/unknown,FOLLOWING TOO CLOSELY,ANNA LEE & BLOOMFIELD RD,39.15802,-86.5576
901462253,2018,6,4,1500,Weekday,1-Car,No injury/unknown,RAN OFF ROAD RIGHT,SMITH RD & STONEGATE,39.15797795,-86.48072
901363880,2018,5,1,300,Weekend,Pedestrian,Incapacitating,LEFT OF CENTER,MAXWELL LN & PARK,39.15792,-86.523696
901494110,2018,9,6,1500,Weekday,2-Car,No injury/unknown,,S WOODLAWN AVE,39.157904,-86.522544
901326412,2018,4,7,2200,Weekend,1-Car,No injury/unknown,IMPROPER TURNING,JORDAN AVE & MAXWELL,39.157856,-86.516288
901431479,2018,6,4,1900,Weekday,2-Car,No injury/unknown,FAILURE TO YIELD RIGHT OF WAY,JORDAN & MAXWELL LN,39.157856,-86.516288
901494809,2018,9,2,1000,Weekday,2-Car,No injury/unknown,DISREGARD SIGNAL/REG SIGN,JORDON AVE & MAXWELL,39.157856,-86.516288
901483018,2018,8,5,1800,Weekday,2-Car,Non-incapacitating,DISREGARD SIGNAL/REG SIGN,HIGH ST & MAXWELL,39.157792,-86.508288
901481869,2018,8,6,1700,Weekday,2-Car,No injury/unknown,FAILURE TO YIELD RIGHT OF WAY,E MAXWELL LN & S MITCHELL,39.15778,-86.51373
901457609,2018,6,3,1200,Weekday,2-Car,No injury/unknown,UNSAFE BACKING,DODD ST & WALNUT,39.157552,-86.5336
901360761,2018,5,6,300,Weekday,1-Car,No injury/unknown,OTHER (DRIVER) - EXPLAIN IN NARRATIVE,W DODDS ST,39.157542,-86.542101
901472322,2018,7,5,0,Weekday,2-Car,No injury/unknown,RAN OFF ROAD RIGHT,W DODDS LOT 8 ST,39.1575394,-86.54209629
901519260,2018,10,6,1600,Weekday,2-Car,No injury/unknown,FOLLOWING TOO CLOSELY,FRIENDSHIP & SR46E,39.15753383,-86.40905922
901490785,2018,8,7,100,Weekend,3+ Cars,No injury/unknown,OTHER (DRIVER) - EXPLAIN IN NARRATIVE,S FAIRVIEW & W DODDS ST,39.15752,-86.54101702
901462292,2018,7,5,1000,Weekday,2-Car,Non-incapacitating,FAILURE TO YIELD RIGHT OF WAY,E DODDS & SO LINCOLN ST,39.157504,-86.531104
901516551,2018,10,1,1300,Weekend,2-Car,No injury/unknown,LEFT OF CENTER,415 E DODDS ST & S PALMER,39.157472,-86.529088
901311972,2018,3,5,700,Weekday,2-Car,Non-incapacitating,DISREGARD SIGNAL/REG SIGN,DODDS & ROGERS ST,39.15747,-86.5387
901512400,2018,10,1,0,Weekend,2-Car,No injury/unknown,,S CLARIZZ BLVD,39.157447,-86.490358
901312332,2018,3,5,2100,Weekday,2-Car,Non-incapacitating,FAILURE TO YIELD RIGHT OF WAY,BLOOMFIELD RD & CORY,39.15743952,-86.55932349
901464194,2018,6,1,2300,Weekday,2-Car,No injury/unknown,LEFT OF CENTER,DOYLE AVE,39.157386,-86.585879
901518769,2018,10,5,2300,Weekday,2-Car,No injury/unknown,UNSAFE LANE MOVEMENT,DODDS & WALNUT ST,39.15737206,-86.53368833
901262875,2018,1,5,1500,Weekday,2-Car,No injury/unknown,OTHER (DRIVER) - EXPLAIN IN NARRATIVE,SOUTH CURRY PIKE,39.157358,-86.582643
901280103,2018,2,2,1900,Weekday,2-Car,No injury/unknown,UNSAFE BACKING,LARKSPUR LN & WOODHILL,39.15725,-86.54724
901343693,2018,4,6,1400,Weekday,2-Car,Non-incapacitating,FAILURE TO YIELD RIGHT OF WAY,CORY & W BLOOMFIELD RD,39.157248,-86.559792
901523986,2018,10,1,200,Weekend,1-Car,Non-incapacitating,OVERCORRECTING/OVERSTEERING,PARK SQUARE DR & WOODSIDE,39.15720471,-86.59170274
901544908,2018,12,7,2300,Weekend,1-Car,No injury/unknown,ROADWAY SURFACE CONDITION,CORY & W BLOOMFIELD RD,39.1571,-86.55969
901300102,2018,1,5,2200,Weekday,2-Car,No injury/unknown,BRAKE FAILURE OR DEFECTIVE,E WINDERMERE WOODS DR,39.15708178,-86.49901146
901468942,2018,7,5,900,Weekday,1-Car,Non-incapacitating,DRIVER ILLNESS,PARK SQUARE DR & WOODSIDE,39.15704,-86.591696
901279107,2018,2,1,300,Weekend,Pedestrian,Incapacitating,PEDESTRIAN ACTION,DODDS & HENDERSON ST,39.15693469,-86.52707789
901535330,2018,11,5,1600,Weekday,2-Car,No injury/unknown,UNSAFE LANE MOVEMENT,1100 SOUTH CURRY PIKE & GIFFORD,39.156896,-86.582704
901527101,2018,11,6,800,Weekday,2-Car,No injury/unknown,UNSAFE BACKING,PAPER BIRCH CT,39.156821,-86.591228
901530095,2018,11,4,1000,Weekday,2-Car,No injury/unknown,UNSAFE BACKING,E GENTRY & SO GRAYWEELL ST,39.156768,-86.476032
901561578,2018,12,3,1300,Weekday,2-Car,Non-incapacitating,DISREGARD SIGNAL/REG SIGN,CURRY PIKE RD & GIFFORD,39.15674136,-86.58262968
901363459,2018,5,7,2300,Weekend,1-Car,Non-incapacitating,RAN OFF ROAD RIGHT,CURRY PIKE & GIFFORD,39.15667,-86.58264
901275295,2018,2,2,1600,Weekday,2-Car,No injury/unknown,OVERCORRECTING/OVERSTEERING,SOUTH COLLEGE MALL RD,39.1564978,-86.4977752
901262689,2018,1,2,1300,Weekday,2-Car,No injury/unknown,FAILURE TO YIELD RIGHT OF WAY,HIGHLAND & SHERIDAN DR,39.156192,-86.517968
901267664,2018,1,6,1400,Weekday,2-Car,No injury/unknown,FAILURE TO YIELD RIGHT OF WAY,S MONROE MEDICAL PARK BLVD,39.156144,-86.521648
901403513,2018,5,3,200,Weekday,Moped/Motorcycle,Non-incapacitating,UNSAFE SPEED,ALLEN & BLOOMFIELD RD,39.156144,-86.561296
901474535,2018,7,2,1800,Weekday,2-Car,No injury/unknown,FOLLOWING TOO CLOSELY,W ALLEN & W BLOOMFIELD RD,39.156144,-86.561296
901475560,2018,7,4,1100,Weekday,1-Car,No injury/unknown,RAN OFF ROAD RIGHT,ALLEN & BLOOMFIELD RD,39.156144,-86.561296
901548320,2018,12,4,1500,Weekday,2-Car,Non-incapacitating,FAILURE TO YIELD RIGHT OF WAY,ALLEN & BLOOMFIELD RD,39.15613,-86.5614
901492365,2018,8,3,1400,Weekday,2-Car,No injury/unknown,UNSAFE BACKING,1302 EAST THIRD (EAST LOT) ST & 3RD,39.15612519,-86.53240426
901319823,2018,3,1,300,Weekend,2-Car,No injury/unknown,IMPROPER LANE USAGE,KIRKWOOD & S COLLEGE AVE,39.15602502,-86.53488
901432039,2018,6,4,400,Weekday,1-Car,No injury/unknown,RAN OFF ROAD RIGHT,ALLEN ST,39.15602024,-86.55525412
901536092,2018,11,7,0,Weekend,2-Car,No injury/unknown,UNSAFE BACKING,BASSWOOD DR,39.156014,-86.571607
901261620,2018,1,6,800,Weekday,2-Car,No injury/unknown,FAILURE TO YIELD RIGHT OF WAY,ADAMS HILL & S ADAMS ST,39.155952,-86.550592
901487208,2018,8,7,1100,Weekend,2-Car,No injury/unknown,UNSAFE LANE MOVEMENT,S ADAMS & W ALLEN ST,39.155952,-86.550592
901562721,2018,12,5,1200,Weekday,2-Car,Non-incapacitating,FAILURE TO YIELD RIGHT OF WAY,S ADAMS & W ALLEN ST,39.155952,-86.550592
901269770,2018,1,7,1600,Weekend,2-Car,No injury/unknown,OTHER (DRIVER) - EXPLAIN IN NARRATIVE,ADAMS & ALLEN ST,39.15591038,-86.54988849
901541524,2018,11,2,1100,Weekday,2-Car,No injury/unknown,OTHER (DRIVER) - EXPLAIN IN NARRATIVE,ALLEN ST & RANSOM,39.15589674,-86.55369471
901322558,2018,4,6,1300,Weekday,1-Car,No injury/unknown,BRAKE FAILURE OR DEFECTIVE,WEST ALLEN ST,39.155809,-86.549419
901504647,2018,9,7,1000,Weekend,2-Car,No injury/unknown,OTHER (DRIVER) - EXPLAIN IN NARRATIVE,HEARTWOOD CT,39.155806,-86.570032
901264587,2018,1,5,800,Weekday,2-Car,No injury/unknown,FAILURE TO YIELD RIGHT OF WAY,ALLEN ST & ROGERS,39.155776,-86.538592
901341419,2018,4,2,200,Weekday,2-Car,No injury/unknown,UNSAFE BACKING,ALLEN ST,39.155734,-86.547484
901305753,2018,3,3,1700,Weekday,2-Car,No injury/unknown,FOLLOWING TOO CLOSELY,SHADELAND & WEST BLOOMFIELD RD,39.15572257,-86.56204045
901264015,2018,1,4,1300,Weekday,2-Car,No injury/unknown,FAILURE TO YIELD RIGHT OF WAY,SHADELAND & W BLOOMFIELD RD,39.15571,-86.56208
901489832,2018,8,5,1200,Weekday,2-Car,No injury/unknown,FAILURE TO YIELD RIGHT OF WAY,ALLEN & WASHINGTON ST,39.155664,-86.5324
901287609,2018,2,7,1300,Weekend,2-Car,No injury/unknown,FAILURE TO YIELD RIGHT OF WAY,COLLEGE MALL RD & EAST 2ND,39.15565327,-86.49772
901306850,2018,3,5,300,Weekday,1-Car,Incapacitating,OTHER (DRIVER) - EXPLAIN IN NARRATIVE,ALLEN ST & PATTERSON,39.15564402,-86.54331207
901303317,2018,2,7,1100,Weekend,2-Car,No injury/unknown,FOLLOWING TOO CLOSELY,ALLEN & PATERSON ST,39.15563,-86.54331
901475502,2018,7,4,1700,Weekday,Moped/Motorcycle,Non-incapacitating,RAN OFF ROAD RIGHT,ALLEN & PATTERSON AVE,39.15563,-86.54331
901308245,2018,3,6,1300,Weekday,Cyclist,No injury/unknown,FAILURE TO YIELD RIGHT OF WAY,ALLEN & SOUTH WALNUT ST,39.1556,-86.53368
901322906,2018,4,1,200,Weekend,2-Car,No injury/unknown,DISREGARD SIGNAL/REG SIGN,ALDER & BASSWOOD DR,39.15559621,-86.57212864
901452862,2018,6,5,1600,Weekday,2-Car,No injury/unknown,FAILURE TO YIELD RIGHT OF WAY,S WALNUT ST,39.15551576,-86.5336
901331317,2018,4,6,1900,Weekend,2-Car,No injury/unknown,UNSAFE BACKING,W BLOOMFIELD RD,39.15544,-86.5625
901494839,2018,9,2,0,Weekday,2-Car,No injury/unknown,IMPROPER TURNING,S WALNUT ST,39.15538351,-86.5336
901541295,2018,11,2,1500,Weekday,2-Car,No injury/unknown,IMPROPER LANE USAGE,JORDAN AVE & SOUTHDOWNS,39.155344,-86.5152
901459789,2018,6,1,2300,Weekday,2-Car,No injury/unknown,,COPPER BEECH WAY WAY,39.155205,-86.571662
901272436,2018,2,5,600,Weekday,2-Car,No injury/unknown,FOLLOWING TOO CLOSELY,COLLEGE MALL RD & E COVENATOR,39.15518,-86.49774
901331169,2018,4,6,2300,Weekend,2-Car,Non-incapacitating,FAILURE TO YIELD RIGHT OF WAY,COLLEGE MALL RD & COVENATER,39.15518,-86.49774
901490714,2018,8,7,1500,Weekend,Pedestrian,Non-incapacitating,OTHER (DRIVER) - EXPLAIN IN NARRATIVE,COLLEGE MALL RD & COVENANTER,39.15518,-86.49774
901544920,2018,12,7,2100,Weekend,1-Car,No injury/unknown,RAN OFF ROAD RIGHT,COLLEGE MALL RD & COVENANTER,39.15518,-86.49774
901349963,2018,5,5,2100,Weekday,2-Car,No injury/unknown,FAILURE TO YIELD RIGHT OF WAY,1200 S COLLEGE MALL RD & E COVENANTER,39.15514883,-86.4977752
901447417,2018,6,7,2300,Weekend,2-Car,No injury/unknown,FAILURE TO YIELD RIGHT OF WAY,AUTO MALL & COVENANTER DR,39.15506004,-86.49614278
901536403,2018,11,7,2300,Weekend,2-Car,No injury/unknown,FOLLOWING TOO CLOSELY,E COVENANTER DR & S AUTO MALL,39.15506004,-86.49614278
901494992,2018,9,2,1600,Weekday,2-Car,No injury/unknown,DISREGARD SIGNAL/REG SIGN,AUTO MALL & COVENANTER DR,39.15503,-86.49611
901511341,2018,10,5,1500,Weekday,2-Car,No injury/unknown,DISREGARD SIGNAL/REG SIGN,AUTO MALL RD & COVENATER,39.15503,-86.49611
901320152,2018,3,7,1700,Weekend,3+ Cars,No injury/unknown,OTHER (DRIVER) - EXPLAIN IN NARRATIVE,BLOOMFIELD RD & ROLLING RIDGE,39.15496,-86.56323
901339620,2018,4,6,1000,Weekday,2-Car,No injury/unknown,OTHER (DRIVER) - EXPLAIN IN NARRATIVE,S CLARIZZ BLVD,39.15494,-86.490859
901326507,2018,4,1,600,Weekend,1-Car,No injury/unknown,BRAKE FAILURE OR DEFECTIVE,E COVENANTER DR,39.15455,-86.493197
901316746,2018,3,4,2200,Weekday,1-Car,No injury/unknown,RAN OFF ROAD RIGHT,APPLE TREE & WEST GIFFORD RD,39.15441,-86.58834329
901485045,2018,8,2,1500,Weekday,2-Car,No injury/unknown,UNSAFE BACKING,S COLLEGE MALL RD,39.15439708,-86.49787305
901498845,2018,9,5,100,Weekday,1-Car,No injury/unknown,ANIMAL/OBJECT IN ROADWAY,FRIENDSHIP & SR46W,39.154352,-86.39740027
901253007,2018,1,2,1700,Weekday,2-Car,No injury/unknown,FOLLOWING TOO CLOSELY,DAVIS & WALNUT ST,39.154352,-86.5336
901513825,2018,10,3,1300,Weekday,Cyclist,Non-incapacitating,FAILURE TO YIELD RIGHT OF WAY,DAVIS ST & WALNUT,39.154352,-86.5336
901549466,2018,12,6,1500,Weekday,2-Car,Non-incapacitating,FOLLOWING TOO CLOSELY,DAVIS & WALNUT ST,39.154352,-86.5336
901273092,2018,2,6,2300,Weekend,Bus,No injury/unknown,UNSAFE BACKING,GREENLEAF DR,39.154286,-86.572499
901330695,2018,4,5,2100,Weekday,2-Car,Non-incapacitating,FOLLOWING TOO CLOSELY,W BLOOMFIELD RD & WEIMER,39.154272,-86.564176
901475619,2018,7,4,900,Weekday,2-Car,No injury/unknown,OTHER (DRIVER) - EXPLAIN IN NARRATIVE,BLOOMFIELD RD & WEIMER,39.154272,-86.564176
901323918,2018,4,2,1500,Weekday,2-Car,No injury/unknown,UNSAFE BACKING,COLLEGE MALL RD,39.154261,-86.497703
901526753,2018,11,5,1600,Weekday,2-Car,Non-incapacitating,FOLLOWING TOO CLOSELY,BLOOMFIELD RD & WEIMER,39.15424,-86.56435
901407405,2018,6,4,1600,Weekday,2-Car,No injury/unknown,FOLLOWING TOO CLOSELY,BLOOMFIELD RD & WEIMER,39.15418911,-86.56431663
901478474,2018,8,3,1700,Weekday,2-Car,No injury/unknown,DRIVER DISTRACTED - EXPLAIN IN NARRATIVE,BLOOMFIELD RD & S WEIMER,39.15414767,-86.56438695
901258249,2018,1,1,1600,Weekend,2-Car,No injury/unknown,,S COLLEGE MALL RD,39.15412578,-86.49786768
901343695,2018,4,6,1300,Weekday,2-Car,No injury/unknown,OTHER (DRIVER) - EXPLAIN IN NARRATIVE,S COLLEGE MALL RD,39.15412578,-86.49786768
901346481,2018,5,3,1500,Weekday,2-Car,No injury/unknown,,S COLLEGE MALL RD,39.15412578,-86.49786768
901480002,2018,8,6,1800,Weekday,2-Car,No injury/unknown,FAILURE TO YIELD RIGHT OF WAY,S COLLEGE MALL RD,39.15412578,-86.49786768
901489034,2018,8,3,1600,Weekday,2-Car,No injury/unknown,UNSAFE BACKING,S COLLEGE MALL RD,39.15412578,-86.49786768
901538952,2018,11,4,1400,Weekday,2-Car,No injury/unknown,IMPROPER PASSING,S COLLEGE MALL RD,39.15412578,-86.49786768
901542608,2018,12,4,1500,Weekday,2-Car,Non-incapacitating,FOLLOWING TOO CLOSELY,LIBERTY DR & THIRD,39.15402396,-86.57913641
901265444,2018,1,6,1100,Weekday,2-Car,No injury/unknown,UNSAFE BACKING,BLOOMFIELD RD,39.153996,-86.564756
901480551,2018,8,1,1500,Weekend,2-Car,No injury/unknown,OTHER (DRIVER) - EXPLAIN IN NARRATIVE,BLOOMFIELD RD,39.153996,-86.564756
901559768,2018,12,6,1900,Weekend,1-Car,No injury/unknown,RAN OFF ROAD RIGHT,BASSWOOD & GREEN LEAF CT,39.15396,-86.57251
901327356,2018,4,2,1700,Weekday,1-Car,No injury/unknown,RAN OFF ROAD RIGHT,46 & FRIENDSHIP RD RD,39.153856,-86.406688
901331488,2018,4,1,1200,Weekend,2-Car,No injury/unknown,FAILURE TO YIELD RIGHT OF WAY,FRIENDSHIP & SR46E,39.153856,-86.406688
901255020,2018,1,5,1400,Weekday,Bus,No injury/unknown,SPEED TOO FAST FOR WEATHER CONDITIONS,PATTERSON DR & ROGERS,39.15379,-86.53874135
901315335,2018,3,4,500,Weekday,2-Car,Non-incapacitating,DISREGARD SIGNAL/REG SIGN,PATTERSON & ROGERS ST,39.15379,-86.53875
901406097,2018,6,3,900,Weekday,2-Car,No injury/unknown,FAILURE TO YIELD RIGHT OF WAY,PATTERSON & ROGERS ST,39.15379,-86.53875
901483642,2018,8,6,1700,Weekday,2-Car,No injury/unknown,DISREGARD SIGNAL/REG SIGN,PATTERSON & ROGERS ST,39.15379,-86.53875
901512110,2018,10,7,1100,Weekend,2-Car,Non-incapacitating,DISREGARD SIGNAL/REG SIGN,PATTERSON & ROGERS ST,39.15379,-86.53875
901321788,2018,3,4,1700,Weekday,Cyclist,No injury/unknown,FAILURE TO YIELD RIGHT OF WAY,PATTERSON & ROGERS ST,39.15375889,-86.53875633
901308496,2018,3,7,2200,Weekend,1-Car,No injury/unknown,RAN OFF ROAD RIGHT,E COVENANTER DR & HIGH,39.15363,-86.50844
901288074,2018,2,3,1200,Weekday,2-Car,No injury/unknown,IMPROPER PASSING,CURRY PIKE & W HERITAGE,39.153504,-86.58272
901526586,2018,11,5,900,Weekday,2-Car,No injury/unknown,OTHER (DRIVER) - EXPLAIN IN NARRATIVE,E COVENANTER DR,39.15346519,-86.49106112
901481356,2018,8,2,1600,Weekday,2-Car,No injury/unknown,OTHER (DRIVER) - EXPLAIN IN NARRATIVE,GRIMES LN & WALNUT,39.15344,-86.53430551
901269747,2018,1,7,1500,Weekend,1-Car,Non-incapacitating,OTHER (DRIVER) - EXPLAIN IN NARRATIVE,GRIMES ST & WALNUT,39.15344,-86.5336
901316085,2018,3,5,2000,Weekday,2-Car,No injury/unknown,FOLLOWING TOO CLOSELY,GRIMES LN & WALNUT,39.15344,-86.5336
901478270,2018,8,3,1400,Weekday,2-Car,Non-incapacitating,DISREGARD SIGNAL/REG SIGN,GRIMES & S WALNUT ST,39.15344,-86.5336
901499682,2018,9,4,1200,Weekday,2-Car,No injury/unknown,FAILURE TO YIELD RIGHT OF WAY,E GRIMES LN & S GRANT,39.153408,-86.530048
901469718,2018,7,6,1700,Weekday,2-Car,Non-incapacitating,DRIVER DISTRACTED - EXPLAIN IN NARRATIVE,GRIMES LN & MORTON,39.15337,-86.53637
901321023,2018,3,3,800,Weekday,3+ Cars,Non-incapacitating,FOLLOWING TOO CLOSELY,MORTON ST & PATTERSON DR DR,39.15336361,-86.53618455
901302722,2018,2,6,1600,Weekday,2-Car,No injury/unknown,FOLLOWING TOO CLOSELY,GRIMES & S WALNUT ST,39.15335,-86.53371
901383441,2018,5,6,100,Weekday,1-Car,No injury/unknown,ANIMAL/OBJECT IN ROADWAY,GRIMES LN & WALNUT,39.15335,-86.53371
901468119,2018,7,3,1700,Weekday,Cyclist,Non-incapacitating,OTHER (DRIVER) - EXPLAIN IN NARRATIVE,GRIMES LN & WALNUT,39.15335,-86.53370135
901512564,2018,10,1,1000,Weekend,Cyclist,No injury/unknown,FAILURE TO YIELD RIGHT OF WAY,E GRIMES & S WALNUT ST,39.15335,-86.53371
901526656,2018,11,5,1200,Weekday,2-Car,Non-incapacitating,DISREGARD SIGNAL/REG SIGN,E GRIMES & SO WALNUT ST,39.15335,-86.53371
901507001,2018,9,4,1500,Weekday,2-Car,Non-incapacitating,DISREGARD SIGNAL/REG SIGN,GRIMES LN & WASHINGTON,39.153332,-86.53248622
901536326,2018,11,7,1800,Weekend,2-Car,No injury/unknown,FOLLOWING TOO CLOSELY,S WALNUT & W GRIMES LN,39.153332,-86.53368833
901326147,2018,4,6,1300,Weekday,2-Car,No injury/unknown,DISREGARD SIGNAL/REG SIGN,GRIMES LN & HENDERSON,39.1533,-86.52697
901331469,2018,4,1,1800,Weekend,2-Car,No injury/unknown,DISREGARD SIGNAL/REG SIGN,GRIMES ST & HENDERSON,39.1533,-86.52697
901507371,2018,9,5,1000,Weekday,2-Car,No injury/unknown,DISREGARD SIGNAL/REG SIGN,GRIMES & HENDERSON ST,39.1533,-86.52697
901565136,2018,12,5,1400,Weekday,2-Car,No injury/unknown,IMPROPER TURNING,1210 S WALNUT ST ST,39.15326,-86.533708
901541292,2018,11,2,1700,Weekday,Moped/Motorcycle,Non-incapacitating,FAILURE TO YIELD RIGHT OF WAY,GRIMES & WALNUT ST,39.15316534,-86.5336
901488034,2018,8,3,2100,Weekday,1-Car,No injury/unknown,ANIMAL/OBJECT IN ROADWAY,MOORES & SR446S,39.15309816,-86.4713557
901547895,2018,12,4,700,Weekday,2-Car,Non-incapacitating,FOLLOWING TOO CLOSELY,HOOSIER & WALNUT ST,39.1530711,-86.53145486
901508388,2018,10,6,1800,Weekday,2-Car,No injury/unknown,UNSAFE BACKING,S COLLEGE MALL RD,39.153042,-86.497675
901269591,2018,1,6,1500,Weekday,3+ Cars,No injury/unknown,UNSAFE LANE MOVEMENT,GRIMES & WALNUT ST,39.15302802,-86.5336
901458075,2018,6,7,1400,Weekend,Moped/Motorcycle,Non-incapacitating,ANIMAL/OBJECT IN ROADWAY,BRUMMETTS CREEK & SR46E,39.15285526,-86.39266882
901462885,2018,7,6,1400,Weekday,3+ Cars,No injury/unknown,FOLLOWING TOO CLOSELY,SR37S,39.15270883,-86.573301
901541410,2018,11,2,2100,Weekday,1-Car,No injury/unknown,RAN OFF ROAD RIGHT,N SEWELL & SR46E,39.15265601,-86.37531057
901288080,2018,2,6,2000,Weekend,1-Car,No injury/unknown,ANIMAL/OBJECT IN ROADWAY,BROWN COUNTY LINE & SR46E,39.15263532,-86.37113666
901359523,2018,5,3,100,Weekday,1-Car,Non-incapacitating,DRIVER ASLEEP OR FATIGUED,BROWN COUNTY LINE & SR46E,39.15263532,-86.3710071
901418913,2018,5,2,1900,Weekday,1-Car,No injury/unknown,SPEED TOO FAST FOR WEATHER CONDITIONS,BROWN COUNTY LINE & SR46,39.15263532,-86.37111075
901525987,2018,11,4,800,Weekday,1-Car,No injury/unknown,ANIMAL/OBJECT IN ROADWAY,BROWN COUNTY LINE & SR46E,39.15263532,-86.37122294
901450943,2018,6,3,1900,Weekday,1-Car,No injury/unknown,ROADWAY SURFACE CONDITION,SR46 & SR46E,39.15262462,-86.36984156
901542904,2018,12,4,600,Weekday,1-Car,No injury/unknown,RAN OFF ROAD RIGHT,CURRY PIKE & S R 45 WEST,39.15251833,-86.58259
901548700,2018,12,4,1600,Weekday,2-Car,No injury/unknown,OTHER (DRIVER) - EXPLAIN IN NARRATIVE,SR46W & STATE ROAD 46,39.15248164,-86.40043817
901490536,2018,8,6,1700,Weekday,2-Car,No injury/unknown,FAILURE TO YIELD RIGHT OF WAY,ATWATER & HIGH ST,39.15247392,-86.50843029
901501343,2018,9,7,1100,Weekend,2-Car,No injury/unknown,FAILURE TO YIELD RIGHT OF WAY,CLARIZZ BLVD & COVENANTER,39.15247,-86.49052
901485607,2018,8,3,1800,Weekday,2-Car,No injury/unknown,UNSAFE BACKING,S COLLEGE MALL RD,39.15242321,-86.49790789
901266502,2018,1,2,1500,Weekday,2-Car,Non-incapacitating,FAILURE TO YIELD RIGHT OF WAY,DRISCOLL DR & HENDERSON,39.15242,-86.52693404
901516873,2018,10,2,1500,Weekday,2-Car,No injury/unknown,FAILURE TO YIELD RIGHT OF WAY,CURRY PIKE & SIERRA,39.1524,-86.582704
901496824,2018,9,4,1700,Weekday,2-Car,Non-incapacitating,FOLLOWING TOO CLOSELY,E 11TH & N WALNUT ST,39.15212643,-86.53359
901527492,2018,11,6,1900,Weekend,3+ Cars,No injury/unknown,UNSAFE SPEED,S COLLEGE MALL RD,39.152116,-86.497669
901549398,2018,12,6,1100,Weekday,2-Car,No injury/unknown,LEFT OF CENTER,SR46E & WOODVIEW,39.152,-86.3812
901552957,2018,12,3,300,Weekday,1-Car,No injury/unknown,ANIMAL/OBJECT IN ROADWAY,SR46E & WOODVIEW,39.152,-86.3812
901509702,2018,10,3,300,Weekday,1-Car,Non-incapacitating,LEFT OF CENTER,BRENDA & HENDERSON ST,39.151952,-86.526976
901487371,2018,8,7,1300,Weekend,1-Car,Non-incapacitating,RAN OFF ROAD RIGHT,SR46E & WOODVIEW DRIVE,39.15194547,-86.3812363
901510238,2018,10,3,1500,Weekday,Bus,No injury/unknown,OTHER (DRIVER) - EXPLAIN IN NARRATIVE,S ROGERS ST & W WILSON,39.151744,-86.538592
901402042,2018,5,5,900,Weekday,Moped/Motorcycle,Non-incapacitating,OTHER (DRIVER) - EXPLAIN IN NARRATIVE,S ROGERS ST,39.15165388,-86.538592
901537697,2018,11,6,2300,Weekend,1-Car,No injury/unknown,ANIMAL/OBJECT IN ROADWAY,BRUMMETTS CREEK & SR46E,39.15149282,-86.38852851
901343089,2018,4,5,300,Weekday,2-Car,No injury/unknown,FAILURE TO YIELD RIGHT OF WAY,WASHINGTON ST & WILSON,39.15148,-86.53251
901535352,2018,11,5,1800,Weekday,1-Car,No injury/unknown,DRIVER ASLEEP OR FATIGUED,BRUMMETTS CREEK & SR46E,39.151456,-86.38606101