Master Record Number,Year,Month,Day,Hour,Weekend,Collision Type,Injury Type,Primary Factor,Reported_Location,Latitude,Longitude
901320503,2018,3,1,1000,Weekend,2-Car,No injury/unknown,OTHER (DRIVER) - EXPLAIN IN NARRATIVE,S WALNUT ST,39.15137763,-86.5336
901288075,2018,2,3,1500,Weekday,1-Car,No injury/unknown,OVERCORRECTING/OVERSTEERING,ENDWRIGHT & GIFFORD RD,39.15135006,-86.59728184
901266603,2018,1,2,1800,Weekday,2-Car,No injury/unknown,FOLLOWING TOO CLOSELY,CONSTITUTION AVE & CURRY PIKE,39.15127,-86.58262
901272394,2018,2,2,900,Weekday,2-Car,No injury/unknown,GLARE,CONSTITUTION AVE & CURRY,39.15127,-86.58262
901260347,2018,1,3,1100,Weekday,2-Car,No injury/unknown,FAILURE TO YIELD RIGHT OF WAY,CONSTITUTION & LIBERTY DR,39.1512,-86.57687
901473761,2018,7,1,1800,Weekend,2-Car,Non-incapacitating,BRAKE FAILURE OR DEFECTIVE,S LIBERTY DR & W CONSTITUTION,39.1512,-86.57687
901312307,2018,3,5,2000,Weekday,2-Car,No injury/unknown,OTHER (DRIVER) - EXPLAIN IN NARRATIVE,S CLARIZZ BLVD,39.15089362,-86.49123871
901543606,2018,12,5,1400,Weekday,1-Car,Non-incapacitating,RAN OFF ROAD RIGHT,BLOOMFIELD & SR37S,39.1508903,-86.57304073
901269369,2018,1,6,1000,Weekday,2-Car,No injury/unknown,OTHER (DRIVER) - EXPLAIN IN NARRATIVE,SO CLARIZZ BLVD,39.150846,-86.491271
901272952,2018,2,6,800,Weekday,2-Car,No injury/unknown,UNSAFE BACKING,CLARIZZ BLVD,39.150846,-86.491271
901273675,2018,2,7,1700,Weekend,2-Car,No injury/unknown,UNSAFE BACKING,S CLARIZZ BLVD,39.150846,-86.491271
901340124,2018,4,7,1500,Weekend,2-Car,No injury/unknown,,S CLARIZZ BLVD,39.150846,-86.491271
901342179,2018,4,3,2100,Weekday,2-Car,No injury/unknown,,S CLARIZZ BLVD,39.150846,-86.491271
901488184,2018,8,2,1300,Weekday,2-Car,Non-incapacitating,IMPROPER PASSING,1150 CLARIZZ BLVD BLVD,39.150846,-86.491271
901492040,2018,8,2,1100,Weekday,2-Car,Non-incapacitating,DRIVER DISTRACTED - EXPLAIN IN NARRATIVE,SR 45 & SR37S,39.15067338,-86.57320781
901266503,2018,1,2,1400,Weekday,2-Car,No injury/unknown,FAILURE TO YIELD RIGHT OF WAY,HENDERSON & HILLSIDE DR,39.15064,-86.52696
901296622,2018,2,4,2200,Weekday,2-Car,No injury/unknown,FOLLOWING TOO CLOSELY,HENDERSON & HILLSIDE ST,39.15064,-86.52696
901322160,2018,4,5,800,Weekday,2-Car,No injury/unknown,DISREGARD SIGNAL/REG SIGN,HENDERSON & HILLSIDE DR,39.15064,-86.52696
901562888,2018,12,5,2300,Weekday,2-Car,Non-incapacitating,FOLLOWING TOO CLOSELY,HENDERSON & HILLSIDE DR,39.15064,-86.52696
901518179,2018,10,4,2300,Weekday,2-Car,No injury/unknown,UNSAFE BACKING,HILLSIDE & SOUTH MAXWELL ST,39.150576,-86.515088
901481355,2018,8,2,1700,Weekday,1-Car,Non-incapacitating,OVERCORRECTING/OVERSTEERING,HILLSIDE DR & WASHINGTON,39.15056,-86.5324
901493642,2018,9,5,1900,Weekday,2-Car,No injury/unknown,FOLLOWING TOO CLOSELY,EAST HILLSIDE AVE & SOUTH HENDERSON,39.15056,-86.52691
901389181,2018,5,6,1700,Weekday,2-Car,Non-incapacitating,FOLLOWING TOO CLOSELY,HILLSIDE DR & THORNTON,39.15055147,-86.5188092
901272295,2018,2,5,700,Weekday,2-Car,No injury/unknown,LEFT OF CENTER,E CAPE COD & E MOORES PIKE,39.150544,-86.506784
901473557,2018,7,7,1600,Weekend,2-Car,Non-incapacitating,FAILURE TO YIELD RIGHT OF WAY,HILLSIDE & S WALNUT ST,39.150544,-86.5336
901487207,2018,8,7,1000,Weekend,2-Car,No injury/unknown,FOLLOWING TOO CLOSELY,HILLSIDE DR & NANCY,39.150544,-86.511088
901507411,2018,9,5,900,Weekday,2-Car,Non-incapacitating,DRIVER DISTRACTED - EXPLAIN IN NARRATIVE,HILLSIDE & S WALNUT ST,39.150544,-86.5336
901514468,2018,10,4,1500,Weekday,2-Car,No injury/unknown,FOLLOWING TOO CLOSELY,E HILLSIDE DR & S DORCHESTER,39.150544,-86.512592
901519660,2018,10,7,500,Weekend,1-Car,No injury/unknown,ANIMAL/OBJECT IN ROADWAY,MOORES PIKE & VALLEY FORGE,39.150544,-86.502992
901436039,2018,6,5,1600,Weekday,2-Car,Non-incapacitating,FAILURE TO YIELD RIGHT OF WAY,HILLSDIE DR & PARK,39.15054,-86.52373
901439859,2018,6,6,300,Weekday,2-Car,Incapacitating,FAILURE TO YIELD RIGHT OF WAY,FARMER & S CURRY PIKE,39.15054,-86.58262
901323921,2018,4,2,1800,Weekday,2-Car,No injury/unknown,FAILURE TO YIELD RIGHT OF WAY,HILLSIDE DR & WODDLAWN,39.15053,-86.52262
901496783,2018,9,5,1300,Weekday,2-Car,Non-incapacitating,FOLLOWING TOO CLOSELY,HILLSIDE DR & WOODLAWN,39.15053,-86.52262
901515565,2018,10,6,1700,Weekday,2-Car,No injury/unknown,DRIVER DISTRACTED - EXPLAIN IN NARRATIVE,E HILLSIDE AVE & S WOODLAWN,39.15053,-86.52262
901486166,2018,8,4,2300,Weekday,2-Car,No injury/unknown,FAILURE TO YIELD RIGHT OF WAY,HILLSIDE & S WALNUT ST,39.15052,-86.53367
901387459,2018,5,1,100,Weekend,2-Car,No injury/unknown,UNSAFE BACKING,2ND & HIGHLAND AVE,39.15049712,-86.51771252
901311758,2018,2,6,1800,Weekday,2-Car,No injury/unknown,FOLLOWING TOO CLOSELY,COLLEGE MALL & MOORES PIKE,39.15048,-86.49825
901314730,2018,3,4,200,Weekday,1-Car,No injury/unknown,RAN OFF ROAD RIGHT,E MOORES & S COLLEGE MALL RD,39.15048,-86.49825
901360119,2018,5,5,1500,Weekday,2-Car,No injury/unknown,FOLLOWING TOO CLOSELY,E MOORES PIKE & S COLLEGE MALL,39.15048,-86.49825
901457558,2018,6,3,1100,Weekday,2-Car,No injury/unknown,UNSAFE LANE MOVEMENT,COLLEGE MALL RD & MOORES,39.15048,-86.49825
901491783,2018,8,2,1400,Weekday,3+ Cars,Non-incapacitating,DRIVER DISTRACTED - EXPLAIN IN NARRATIVE,HIGH & HILLSIDE DR,39.15048,-86.5084573
901512815,2018,10,2,800,Weekday,2-Car,No injury/unknown,OTHER (DRIVER) - EXPLAIN IN NARRATIVE,HIGH & HILLSIDE ST,39.15048,-86.50844
901530690,2018,11,5,900,Weekday,2-Car,No injury/unknown,FOLLOWING TOO CLOSELY,COLLEGE MALL & MOORES PIKE,39.150448,-86.498
901563142,2018,12,6,1400,Weekday,2-Car,No injury/unknown,FOLLOWING TOO CLOSELY,E MOORES & S COLLEGE MALL RD,39.150448,-86.498
901485942,2018,8,4,1300,Weekday,2-Car,No injury/unknown,FOLLOWING TOO CLOSELY,10TH & SR46N,39.15040231,-86.50224214
901330638,2018,4,5,1600,Weekday,2-Car,No injury/unknown,OTHER (DRIVER) - EXPLAIN IN NARRATIVE,E MOORES PIKE & SR446S,39.150352,-86.471296
901460584,2018,6,7,1800,Weekend,1-Car,No injury/unknown,ANIMAL/OBJECT IN ROADWAY,446 STATE & LAMPKINS RIDGE RD,39.15035,-86.47156294
901265624,2018,1,1,1400,Weekend,2-Car,Non-incapacitating,FAILURE TO YIELD RIGHT OF WAY,CLARIZZ & EAST MOORES PIKE,39.15034,-86.49132
901485080,2018,8,2,1400,Weekday,2-Car,Non-incapacitating,FOLLOWING TOO CLOSELY,E MOORES & S CLARIZZ BLVD,39.15034,-86.49132
901562059,2018,12,4,0,Weekday,2-Car,No injury/unknown,,S MADISON ST & W ALLEN,39.15033399,-86.53751
901475968,2018,7,5,1200,Weekday,2-Car,Non-incapacitating,FOLLOWING TOO CLOSELY,MOORES PIKE & SR446S,39.15031306,-86.47140384
901260827,2018,1,4,1400,Weekday,2-Car,Non-incapacitating,FAILURE TO YIELD RIGHT OF WAY,E MOORES PIKE & SMITH,39.150224,-86.480464
901504813,2018,9,7,500,Weekend,1-Car,No injury/unknown,ANIMAL/OBJECT IN ROADWAY,MOORES & SOUTH SMITH RD,39.150224,-86.480464
901260705,2018,1,4,1000,Weekday,2-Car,No injury/unknown,IMPROPER PASSING,MOORES PIKE & SMITH,39.15022,-86.4804453
901383619,2018,5,6,0,Weekday,1-Car,Non-incapacitating,RAN OFF ROAD RIGHT,FENBROOK & MOORES PIKE,39.15022,-86.48726
901473288,2018,7,6,1800,Weekday,2-Car,Non-incapacitating,DISREGARD SIGNAL/REG SIGN,MOORES & SMITH RDS,39.15022,-86.48046
901541641,2018,11,3,800,Weekday,1-Car,No injury/unknown,ROADWAY SURFACE CONDITION,MOORES PIKE & OLCOTT,39.15016621,-86.48497542
901527076,2018,11,6,700,Weekday,2-Car,No injury/unknown,FAILURE TO YIELD RIGHT OF WAY,MOORES PKWY & RENWICK,39.150145,-86.501045
901551838,2018,12,2,1600,Weekday,2-Car,No injury/unknown,FAILURE TO YIELD RIGHT OF WAY,E MOORES & S RENWICK BLVD,39.150145,-86.501045
901458663,2018,6,5,1100,Weekday,Cyclist,Non-incapacitating,FAILURE TO YIELD RIGHT OF WAY,SOUTHERN & WALNUT ST,39.14984,-86.533392
901512247,2018,10,7,1800,Weekend,2-Car,Non-incapacitating,FOLLOWING TOO CLOSELY,S WALNUT ST & SOUTHERN,39.14984,-86.533392
901481862,2018,8,3,1800,Weekday,3+ Cars,No injury/unknown,UNSAFE SPEED,BUTTONWOOD & SARE RD,39.14982258,-86.49657308
901552847,2018,12,3,1600,Weekday,2-Car,No injury/unknown,IMPROPER TURNING,S WALNUT ST,39.14982139,-86.53338645
901258194,2018,1,1,600,Weekend,1-Car,Non-incapacitating,RAN OFF ROAD RIGHT,HILLSIDE & ROGERS ST,39.14981603,-86.538592
901316567,2018,3,1,1500,Weekend,Moped/Motorcycle,Non-incapacitating,OTHER (DRIVER) - EXPLAIN IN NARRATIVE,HILLSIDE & ROGERS ST,39.14981603,-86.538592
901253575,2018,1,2,1200,Weekday,2-Car,No injury/unknown,DISREGARD SIGNAL/REG SIGN,BASSWOOD & BLOOMFIELD RD,39.14979055,-86.56891162
901273213,2018,2,6,2000,Weekend,2-Car,Non-incapacitating,SPEED TOO FAST FOR WEATHER CONDITIONS,BASSWOOD & BLOOMFIELD RD,39.14979055,-86.56886833
901319270,2018,3,6,800,Weekday,2-Car,No injury/unknown,OTHER (DRIVER) - EXPLAIN IN NARRATIVE,BASSWOOD DR & BLOOMFIELD,39.14979055,-86.56891162
901339771,2018,4,7,900,Weekend,2-Car,No injury/unknown,FOLLOWING TOO CLOSELY,BASSWOOD & BLOOMFIELD RD,39.14979055,-86.56891162
901339954,2018,4,7,2200,Weekend,2-Car,No injury/unknown,FOLLOWING TOO CLOSELY,BLOOMFIELD RD & OAKDALE,39.14979055,-86.56891162
901454203,2018,6,6,1700,Weekday,3+ Cars,No injury/unknown,FOLLOWING TOO CLOSELY,BASSWOOD & BLOOMFIELD RD,39.14979055,-86.56886833
901458212,2018,6,4,1500,Weekday,2-Car,Non-incapacitating,FOLLOWING TOO CLOSELY,BASSWOOD & W BLOOMFIELD RD,39.14979055,-86.56891162
901550467,2018,12,1,1500,Weekend,2-Car,No injury/unknown,SPEED TOO FAST FOR WEATHER CONDITIONS,S BASSWOOD DR & W BLOOMFIELD,39.14979055,-86.56890296
901329406,2018,4,3,800,Weekday,Bus,Non-incapacitating,DRIVER DISTRACTED - EXPLAIN IN NARRATIVE,BLOOMFIELD RD & OAKDALE,39.14978,-86.56889
901326255,2018,4,6,2300,Weekend,1-Car,Non-incapacitating,RAN OFF ROAD RIGHT,OAKDALE DR & SR45,39.14974026,-86.56882167
901277931,2018,1,3,1100,Weekday,2-Car,Non-incapacitating,LEFT OF CENTER,CONSTITUTION AVE & LIBERTY DR DR,39.149552,-86.575936
901505533,2018,9,7,1100,Weekend,2-Car,Non-incapacitating,UNSAFE SPEED,S LIBERTY DR & W CONSTITUTION,39.149552,-86.575936
901526387,2018,10,3,1300,Weekday,2-Car,No injury/unknown,IMPROPER PASSING,CONSTITUTION & LIBERTY DR,39.149552,-86.575936
901517108,2018,10,3,100,Weekday,Moped/Motorcycle,No injury/unknown,OTHER (DRIVER) - EXPLAIN IN NARRATIVE,CONSTITUTION AVE,39.149488,-86.57816
901509121,2018,10,2,800,Weekday,2-Car,Non-incapacitating,LEFT OF CENTER,S BASSWOOD & S BASSWOOD DR,39.149456,-86.57024
901355360,2018,5,2,1900,Weekday,1-Car,No injury/unknown,OTHER (VEHICLE) - EXPLAIN IN NARRATIVE,W BLOOMFIELD RD,39.14936,-86.57008
901525247,2018,11,3,1000,Weekday,3+ Cars,No injury/unknown,OTHER (DRIVER) - EXPLAIN IN NARRATIVE,BLOOMFIELD RD,39.14936,-86.57008
901312154,2018,3,5,1200,Weekday,2-Car,Non-incapacitating,DRIVER DISTRACTED - EXPLAIN IN NARRATIVE,CONSTITUTION & LIBERTY DR,39.14919945,-86.57658935
901270869,2018,2,2,1700,Weekday,2-Car,Non-incapacitating,FOLLOWING TOO CLOSELY,OAKDALE & SR45E,39.14916616,-86.56983018
901468122,2018,7,1,1400,Weekend,1-Car,Fatal,RAN OFF ROAD RIGHT,BEASELY & S CURRY PIKE,39.149152,-86.582704
901468621,2018,7,4,1600,Weekday,2-Car,No injury/unknown,FAILURE TO YIELD RIGHT OF WAY,VERMILYA & WALNUT ST,39.14906177,-86.5331599
901324569,2018,3,3,1800,Weekday,2-Car,No injury/unknown,FOLLOWING TOO CLOSELY,VERMILYA & WALNUT ST,39.14895044,-86.53325803
901466635,2018,7,5,1800,Weekday,2-Car,No injury/unknown,FOLLOWING TOO CLOSELY,VERMILYA & WALNUT ST,39.14892,-86.53324
901342178,2018,4,3,1400,Weekday,2-Car,Non-incapacitating,FAILURE TO YIELD RIGHT OF WAY,1ST & FAIRVIEW ST,39.14884696,-86.54104
901508461,2018,10,7,1300,Weekend,2-Car,No injury/unknown,IMPROPER LANE USAGE,BLOOMFIELD RD & OAKDALE,39.1487068,-86.57121991
901527444,2018,11,6,1600,Weekday,3+ Cars,No injury/unknown,BRAKE FAILURE OR DEFECTIVE,37 & SR45W,39.1485559,-86.57300284
901327404,2018,4,5,1700,Weekday,1-Car,No injury/unknown,RAN OFF ROAD RIGHT,EAST LAMPKINS RIDGE RD,39.148555,-86.453042
901314713,2018,3,3,2000,Weekday,2-Car,No injury/unknown,FAILURE TO YIELD RIGHT OF WAY,BLOOMFIELD RD & OAKDALE,39.148544,-86.571504
901550531,2018,12,1,1500,Weekend,1-Car,No injury/unknown,SPEED TOO FAST FOR WEATHER CONDITIONS,E CHAUDION & S OLCOTT BLVD,39.14853,-86.48439
901469501,2018,7,6,1200,Weekday,2-Car,No injury/unknown,FOLLOWING TOO CLOSELY,PATTERSON & S ROGERS ST,39.14850424,-86.53875
901463353,2018,7,7,800,Weekend,2-Car,Non-incapacitating,BRAKE FAILURE OR DEFECTIVE,SR37N,39.148448,-86.573
901283523,2018,2,4,1500,Weekday,2-Car,No injury/unknown,DISREGARD SIGNAL/REG SIGN,BLOOMFIELD RD & SR37,39.148144,-86.572992
901318240,2018,3,4,700,Weekday,2-Car,No injury/unknown,OTHER (DRIVER) - EXPLAIN IN NARRATIVE,BLOOMFIELD & SR37N,39.148144,-86.572992
901329200,2018,4,1,1400,Weekend,2-Car,No injury/unknown,FOLLOWING TOO CLOSELY,SR37N & SR45W,39.148144,-86.572992
901342573,2018,4,4,1400,Weekday,2-Car,No injury/unknown,OTHER (DRIVER) - EXPLAIN IN NARRATIVE,BLOOMFIELD RD & STATE ROAD 37,39.148144,-86.572992
901361499,2018,5,6,1300,Weekday,2-Car,No injury/unknown,FAILURE TO YIELD RIGHT OF WAY,BLOOMFIELD & SR37S,39.148144,-86.572992
901437919,2018,6,6,600,Weekday,2-Car,No injury/unknown,OTHER (DRIVER) - EXPLAIN IN NARRATIVE,SR37N & SR45W,39.148144,-86.572992
901451082,2018,6,4,700,Weekday,2-Car,No injury/unknown,FAILURE TO YIELD RIGHT OF WAY,BLOOMFIELD & SR37S,39.148144,-86.572992
901452863,2018,6,5,1500,Weekday,2-Car,Non-incapacitating,OTHER (DRIVER) - EXPLAIN IN NARRATIVE,SR37 & SR45W,39.148144,-86.572992
901458263,2018,6,4,1700,Weekday,2-Car,No injury/unknown,FOLLOWING TOO CLOSELY,BLOOMFIELD RD & SR37,39.148144,-86.572992
901466546,2018,7,7,1200,Weekend,2-Car,No injury/unknown,OTHER (DRIVER) - EXPLAIN IN NARRATIVE,SR37S & SR45W,39.148144,-86.572992
901482860,2018,8,5,1200,Weekday,Moped/Motorcycle,Non-incapacitating,OTHER (DRIVER) - EXPLAIN IN NARRATIVE,3200 W 45 & SR45W,39.148144,-86.572992
901493034,2018,8,3,1300,Weekday,2-Car,No injury/unknown,FOLLOWING TOO CLOSELY,SR37S & SR45W,39.148144,-86.572992
901493426,2018,9,5,1100,Weekday,2-Car,No injury/unknown,FOLLOWING TOO CLOSELY,SR37S & SR45W,39.148144,-86.572992
901494960,2018,9,2,1400,Weekday,2-Car,No injury/unknown,FOLLOWING TOO CLOSELY,37 & SR45W,39.148144,-86.572992
901514565,2018,10,4,1300,Weekday,2-Car,Non-incapacitating,FOLLOWING TOO CLOSELY,BLOOMFIELD RD & SR37,39.148144,-86.572992
901518322,2018,10,5,800,Weekday,2-Car,No injury/unknown,TIRE FAILURE OR DEFECTIVE,BLOOMFIELD RD RD & SR37,39.148144,-86.572992
901525438,2018,11,3,1600,Weekday,2-Car,No injury/unknown,UNSAFE BACKING,W BLOOMFIELD RD,39.148144,-86.572992
901556637,2018,12,2,1000,Weekday,3+ Cars,No injury/unknown,OTHER (DRIVER) - EXPLAIN IN NARRATIVE,SR37N & SR45W,39.148144,-86.572992
901559514,2018,12,5,1500,Weekday,3+ Cars,Non-incapacitating,FOLLOWING TOO CLOSELY,37 & SR45W,39.148144,-86.572992
901562827,2018,12,5,1600,Weekday,2-Car,Non-incapacitating,FOLLOWING TOO CLOSELY,SR37S & SR45W,39.148144,-86.572992
901373459,2018,5,3,1500,Weekday,2-Car,No injury/unknown,OTHER (DRIVER) - EXPLAIN IN NARRATIVE,HUNTINGTON DR,39.147964,-86.520832
901462969,2018,7,6,1500,Weekday,2-Car,No injury/unknown,FAILURE TO YIELD RIGHT OF WAY,S DUNN ST & WILSON,39.1478759,-86.52817
901316076,2018,3,6,1100,Weekday,2-Car,Non-incapacitating,FAILURE TO YIELD RIGHT OF WAY,CURRY PIKE & ROLL,39.14757687,-86.58260641
901334560,2018,4,3,2300,Weekday,2-Car,No injury/unknown,OTHER (DRIVER) - EXPLAIN IN NARRATIVE,BLOOMFIELD RD,39.14752976,-86.57290728
901261141,2018,1,4,2300,Weekday,2-Car,Non-incapacitating,FAILURE TO YIELD RIGHT OF WAY,SR 37 N & SR45W,39.14750244,-86.57320781
901264677,2018,1,5,1700,Weekday,2-Car,No injury/unknown,SPEED TOO FAST FOR WEATHER CONDITIONS,SR 37 & SR45E,39.14750244,-86.57320781
901267485,2018,1,3,1800,Weekday,2-Car,No injury/unknown,FAILURE TO YIELD RIGHT OF WAY,SR 37 & SR45W,39.14750244,-86.57320781
901273666,2018,2,7,1600,Weekend,2-Car,No injury/unknown,FAILURE TO YIELD RIGHT OF WAY,SR37S & SR45W,39.14750244,-86.57320781
901318850,2018,3,5,1100,Weekday,2-Car,No injury/unknown,FOLLOWING TOO CLOSELY,SR37 & SR45W,39.14750244,-86.57320131
901415879,2018,6,7,1100,Weekend,2-Car,No injury/unknown,DRIVER DISTRACTED - EXPLAIN IN NARRATIVE,SR 37 & SR 45 HWY,39.14750244,-86.57320781
901480237,2018,8,7,1700,Weekend,2-Car,No injury/unknown,FOLLOWING TOO CLOSELY,SR37 & SR45,39.14750244,-86.57320781
901496384,2018,9,4,1900,Weekday,2-Car,No injury/unknown,FOLLOWING TOO CLOSELY,BLOOMFIELD RD & STATE ROAD 37,39.14750244,-86.57320781
901515068,2018,10,5,1600,Weekday,2-Car,No injury/unknown,FOLLOWING TOO CLOSELY,BLOOMFIELD RD & STATE ROAD 37,39.14750244,-86.57320781
901527066,2018,11,6,700,Weekday,3+ Cars,No injury/unknown,FOLLOWING TOO CLOSELY,SR37 & SR45W,39.14750244,-86.57320781
901501485,2018,9,1,1800,Weekend,2-Car,No injury/unknown,FAILURE TO YIELD RIGHT OF WAY,MILLER & WALNUT ST,39.14748006,-86.53269804
901312676,2018,3,6,1300,Weekday,1-Car,No injury/unknown,OVERCORRECTING/OVERSTEERING,CURRY PK PIKE & ROLL AVE,39.14744,-86.582592
901349503,2018,5,7,1000,Weekend,2-Car,No injury/unknown,FAILURE TO YIELD RIGHT OF WAY,CURRY & CURRY PIKE,39.14744,-86.582592
901426559,2018,6,3,2000,Weekday,1-Car,Incapacitating,DRIVER ASLEEP OR FATIGUED,ROLL & S CURRY PIKE,39.14744,-86.582592
901519468,2018,10,5,2000,Weekday,2-Car,No injury/unknown,FOLLOWING TOO CLOSELY,ROLL & S CURRY PIKE,39.14744,-86.582592
901559776,2018,12,6,1800,Weekday,1-Car,No injury/unknown,ROADWAY SURFACE CONDITION,ROLL & S CURRY PIKE,39.14744,-86.582592
901519534,2018,10,7,1500,Weekend,2-Car,No injury/unknown,IMPROPER TURNING,MILLER & WALNUT ST,39.14734604,-86.53265953
901262100,2018,1,7,1400,Weekend,2-Car,No injury/unknown,FAILURE TO YIELD RIGHT OF WAY,SR37S & TAPP,39.14732889,-86.57320781
901321289,2018,3,2,1500,Weekday,2-Car,No injury/unknown,FAILURE TO YIELD RIGHT OF WAY,SR37S & TAPP,39.14732889,-86.57320781
901331293,2018,4,7,1400,Weekend,2-Car,No injury/unknown,FAILURE TO YIELD RIGHT OF WAY,CURRY PIKE & ROLL,39.1472,-86.58259
901454543,2018,6,6,1700,Weekday,2-Car,No injury/unknown,FOLLOWING TOO CLOSELY,ROLL & SOUTH CURRY PIKE,39.1472,-86.58259
901529020,2018,11,2,1500,Weekday,2-Car,No injury/unknown,FOLLOWING TOO CLOSELY,EAST MILLER & SOUTH HENDERSON ST,39.147152,-86.526896
901538953,2018,11,4,1800,Weekday,2-Car,No injury/unknown,DISREGARD SIGNAL/REG SIGN,E MILLER & S HENDERSON ST,39.147152,-86.526896
901555870,2018,12,7,1800,Weekend,2-Car,No injury/unknown,FAILURE TO YIELD RIGHT OF WAY,MILLER & S HENDERSON STA,39.147152,-86.526896
901316270,2018,3,7,300,Weekend,1-Car,Non-incapacitating,RAN OFF ROAD RIGHT,E MILLER DR,39.14713362,-86.52739502
901512612,2018,10,2,100,Weekday,2-Car,No injury/unknown,UNSAFE BACKING,S WALNUT ST,39.14705763,-86.53257665
901405461,2018,5,2,1200,Weekday,2-Car,No injury/unknown,,DUNN ST & SMITH,39.14694906,-86.52843
901293262,2018,2,3,1500,Weekday,2-Car,No injury/unknown,FAILURE TO YIELD RIGHT OF WAY,MILLER & S WALNUT ST,39.146944,-86.532544
901299364,2018,2,5,1700,Weekday,2-Car,No injury/unknown,FAILURE TO YIELD RIGHT OF WAY,MILLER & S WALNUT ST,39.146944,-86.532544
901392880,2018,5,2,1000,Weekday,2-Car,No injury/unknown,UNSAFE LANE MOVEMENT,MILLER & S WALNUT ST,39.146944,-86.532544
901543867,2018,12,4,700,Weekday,2-Car,No injury/unknown,FOLLOWING TOO CLOSELY,E MILLER DR & SO PARK,39.14691,-86.52429298
901503643,2018,9,5,1000,Weekday,2-Car,No injury/unknown,UNSAFE BACKING,EAST MILLER DR,39.146908,-86.527376
901480227,2018,8,7,1700,Weekend,1-Car,Non-incapacitating,RAN OFF ROAD RIGHT,E MILLER DR,39.14689113,-86.53240426
901318518,2018,3,4,1500,Weekday,2-Car,No injury/unknown,UNSAFE SPEED,CURRY PIKE & ROLL,39.14689068,-86.582592
901554136,2018,12,5,900,Weekday,1-Car,No injury/unknown,OTHER (DRIVER) - EXPLAIN IN NARRATIVE,MILLER DR & WALNUT ST ST,39.14689,-86.53265
901421481,2018,6,2,1700,Weekday,2-Car,No injury/unknown,UNSAFE BACKING,S LIBERTY DRS,39.146784,-86.5771
901504716,2018,9,7,1600,Weekend,2-Car,No injury/unknown,UNSAFE BACKING,HUNNTINGTON GARDENS PL,39.146721,-86.521449
901266212,2018,1,5,1800,Weekday,Cyclist,No injury/unknown,,HENDERSON ST & WINSLOW,39.14660673,-86.52688
901513683,2018,10,2,1800,Weekday,2-Car,No injury/unknown,FOLLOWING TOO CLOSELY,BLOOMFIELD & CURRY PIKE,39.14652758,-86.55969
901544341,2018,12,7,0,Weekend,1-Car,No injury/unknown,RAN OFF ROAD RIGHT,S CURRY PIKE,39.14628315,-86.582592
901553800,2018,12,4,1300,Weekday,1-Car,No injury/unknown,SPEED TOO FAST FOR WEATHER CONDITIONS,S OAKDALE DR,39.146121,-86.572073
901536695,2018,11,1,2000,Weekday,1-Car,No injury/unknown,OTHER (DRIVER) - EXPLAIN IN NARRATIVE,S ROGERS ST,39.146061,-86.538876
901279576,2018,2,2,700,Weekday,2-Car,Non-incapacitating,FAILURE TO YIELD RIGHT OF WAY,HENDERSON ST & MILLER,39.14605352,-86.52687312
901334566,2018,4,5,1700,Weekday,2-Car,No injury/unknown,OTHER (DRIVER) - EXPLAIN IN NARRATIVE,BLOOMFIELD & WEIMER RD,39.1460389,-86.563792
901483110,2018,8,7,1300,Weekend,Moped/Motorcycle,No injury/unknown,OTHER (DRIVER) - EXPLAIN IN NARRATIVE,W SR 45 RD,39.146014,-86.57585
901324485,2018,4,2,2100,Weekday,2-Car,No injury/unknown,DRIVER DISTRACTED - EXPLAIN IN NARRATIVE,DIXIE ST & FAIRVIEW,39.14599773,-86.54105
901530889,2018,11,5,1000,Weekday,3+ Cars,Non-incapacitating,FAILURE TO YIELD RIGHT OF WAY,LIBERTY DR & SR45,39.14596012,-86.57747102
901466636,2018,7,7,1700,Weekend,2-Car,Non-incapacitating,FOLLOWING TOO CLOSELY,MCCARTNEY & SARE RD,39.14587002,-86.49752248
901468088,2018,7,3,1500,Weekday,Moped/Motorcycle,Non-incapacitating,DRIVER DISTRACTED - EXPLAIN IN NARRATIVE,CURRY PIKE & WOODLYN,39.14587002,-86.582572
901400882,2018,5,4,1900,Weekday,Cyclist,Non-incapacitating,FAILURE TO YIELD RIGHT OF WAY,S WALNUT ST,39.145848,-86.532216
901495562,2018,9,3,1300,Weekday,2-Car,No injury/unknown,UNSAFE BACKING,S WALNUT ST,39.145848,-86.532216
901550782,2018,12,6,2200,Weekend,Pedestrian,Non-incapacitating,UNSAFE SPEED,S LIBERTY DR,39.145762,-86.578144
901555898,2018,12,7,2000,Weekend,2-Car,No injury/unknown,,S WALNUT ST,39.14572622,-86.53217956
901267665,2018,1,7,1700,Weekend,2-Car,No injury/unknown,NONE (DRIVER),STATE ROAD 45 WEST RD,39.145634,-86.576571
901489975,2018,8,5,1500,Weekday,2-Car,No injury/unknown,UNSAFE BACKING,SOUTH WALNUT ST,39.145467,-86.5322
901536351,2018,11,7,1400,Weekend,2-Car,No injury/unknown,UNSAFE BACKING,GENTRY ST & KIRKWOOD,39.14545004,-86.53561
901512111,2018,10,7,900,Weekend,2-Car,No injury/unknown,OTHER (DRIVER) - EXPLAIN IN NARRATIVE,ALPINE TRL,39.145441,-86.525125
901253589,2018,1,3,1800,Weekday,2-Car,No injury/unknown,UNSAFE BACKING,S LIBERTY DR,39.145264,-86.577616
901451491,2018,6,4,1200,Weekday,2-Car,No injury/unknown,UNSAFE BACKING,S LIBERTY DR,39.145264,-86.577616