Master Record Number,Year,Month,Day,Hour,Weekend,Collision Type,Injury Type,Primary Factor,Reported_Location,Latitude,Longitude
901458070,2018,6,7,1600,Weekend,1-Car,No injury/unknown,UNSAFE SPEED,SOUTH LIBERTY DR,39.145264,-86.577616
901491852,2018,8,2,1500,Weekday,2-Car,No injury/unknown,FAILURE TO YIELD RIGHT OF WAY,S LIBERTY DR,39.145264,-86.577616
901492529,2018,9,4,100,Weekday,2-Car,No injury/unknown,IMPROPER TURNING,S LIBERTY DR,39.145264,-86.577616
901499234,2018,9,2,900,Weekday,2-Car,No injury/unknown,OTHER (DRIVER) - EXPLAIN IN NARRATIVE,SOUTH LIBERTY DR,39.145264,-86.577616
901503703,2018,9,5,900,Weekday,2-Car,Non-incapacitating,OTHER (DRIVER) - EXPLAIN IN NARRATIVE,S LIBERTY DR,39.145264,-86.577616
901535938,2018,11,6,1300,Weekday,2-Car,No injury/unknown,UNSAFE BACKING,S LIBERTY DR,39.145264,-86.577616
901541254,2018,11,2,1500,Weekday,2-Car,No injury/unknown,FOLLOWING TOO CLOSELY,S LIBERTY DR,39.145264,-86.577616
901546175,2018,12,2,900,Weekday,2-Car,No injury/unknown,ROADWAY SURFACE CONDITION,LIBERTY DR,39.145264,-86.577616
901562283,2018,12,4,1100,Weekday,2-Car,No injury/unknown,UNSAFE BACKING,LIBERTY DR,39.145264,-86.577616
901560374,2018,12,1,2200,Weekday,2-Car,No injury/unknown,IMPROPER PASSING,W ADAMS HILL & W TWIN OAKS RDG,39.1452539,-86.55113
901268915,2018,1,5,1400,Weekday,2-Car,No injury/unknown,FOLLOWING TOO CLOSELY,LIBERTY DR & SR45W,39.145152,-86.5776
901277932,2018,2,5,900,Weekday,2-Car,No injury/unknown,FOLLOWING TOO CLOSELY,LIBERTY   DR & SR 45 RTE,39.145152,-86.5776
901330745,2018,4,5,2100,Weekday,2-Car,No injury/unknown,FAILURE TO YIELD RIGHT OF WAY,S LIBERTY & SR45W,39.145152,-86.5776
901344148,2018,5,1,2100,Weekday,2-Car,Non-incapacitating,OTHER (DRIVER) - EXPLAIN IN NARRATIVE,LIBERTY & SR45W,39.145152,-86.5776
901472223,2018,7,4,1600,Weekday,2-Car,No injury/unknown,FOLLOWING TOO CLOSELY,LIBERTY & SR45W,39.145152,-86.5776
901477860,2018,8,2,1400,Weekday,2-Car,Non-incapacitating,FOLLOWING TOO CLOSELY,LIBERTY DR & SR45W,39.145152,-86.5776
901494607,2018,9,1,1100,Weekend,3+ Cars,Non-incapacitating,FAILURE TO YIELD RIGHT OF WAY,LIBERTY & SR45W,39.145152,-86.5776
901510239,2018,10,3,1800,Weekday,2-Car,Non-incapacitating,VIEW OBSTRUCTED,LIBERTY & SR45W,39.145152,-86.5776
901316269,2018,3,7,300,Weekend,1-Car,Non-incapacitating,LEFT OF CENTER,HENDERSON ST & NORTH,39.14512262,-86.52685372
901506998,2018,9,4,1800,Weekday,2-Car,No injury/unknown,FOLLOWING TOO CLOSELY,LIBERTY & STATE ROAD 45 RD,39.14502,-86.57780463
901529687,2018,11,3,1600,Weekday,2-Car,No injury/unknown,IMPROPER TURNING,W STATE ROAD 45 RD & WAL MART,39.14502,-86.57777
901299605,2018,2,5,2000,Weekday,Moped/Motorcycle,No injury/unknown,OTHER (DRIVER) - EXPLAIN IN NARRATIVE,LIBERTY & SR45W,39.14500942,-86.57778086
901319776,2018,3,6,2000,Weekend,2-Car,No injury/unknown,DISREGARD SIGNAL/REG SIGN,S LIBERTY & SR45W,39.14500942,-86.57776354
901407195,2018,6,4,1200,Weekday,2-Car,No injury/unknown,FAILURE TO YIELD RIGHT OF WAY,LIBERTY & SR45W,39.14500942,-86.57776354
901409301,2018,6,5,1500,Weekday,3+ Cars,Non-incapacitating,FOLLOWING TOO CLOSELY,LIBERTY & SR45W,39.14500942,-86.57776354
901454182,2018,6,6,1600,Weekday,3+ Cars,No injury/unknown,FOLLOWING TOO CLOSELY,LIBERTY & SR45E,39.14500942,-86.57777653
901486638,2018,8,5,1300,Weekday,3+ Cars,Non-incapacitating,FAILURE TO YIELD RIGHT OF WAY,HICKORY LEAF & SR45E,39.14500942,-86.57776354
901504528,2018,9,5,1600,Weekday,2-Car,No injury/unknown,IMPROPER LANE USAGE,HICKORY LEAF & SR45E,39.14500942,-86.57779185
901506003,2018,9,2,1200,Weekday,2-Car,No injury/unknown,DISREGARD SIGNAL/REG SIGN,LIBERTY & SR45W,39.14500942,-86.57776354
901517978,2018,10,4,1300,Weekday,2-Car,No injury/unknown,OTHER (DRIVER) - EXPLAIN IN NARRATIVE,LIBERTY & SR45W,39.14500942,-86.5777722
901536017,2018,11,6,1900,Weekend,2-Car,Non-incapacitating,FOLLOWING TOO CLOSELY,LIBERTY & SR45W,39.14500942,-86.57776354
901546188,2018,6,6,1600,Weekday,2-Car,No injury/unknown,FOLLOWING TOO CLOSELY,LIBERTY & SR45W,39.14500942,-86.57778952
901553745,2018,12,4,1600,Weekday,2-Car,No injury/unknown,UNSAFE LANE MOVEMENT,LIBERTY & SR45W,39.14500942,-86.57776354
901553956,2018,12,4,2300,Weekday,2-Car,Non-incapacitating,SPEED TOO FAST FOR WEATHER CONDITIONS,BLOOMFIELD RD & LIBERTY,39.14499759,-86.57775343
901515591,2018,10,5,1900,Weekday,3+ Cars,No injury/unknown,FOLLOWING TOO CLOSELY,LIBERTY & SR45W,39.14499486,-86.57788929
901330186,2018,4,4,1600,Weekday,3+ Cars,Non-incapacitating,IMPROPER TURNING,BLOOMFIELD & LIBERTY DR,39.14498927,-86.57773197
901533643,2018,11,3,700,Weekday,3+ Cars,Non-incapacitating,OTHER (DRIVER) - EXPLAIN IN NARRATIVE,GLEN OAKS & LEONARD SPRINGS RD,39.14485197,-86.58259213
901269842,2018,1,7,2300,Weekend,2-Car,No injury/unknown,FOLLOWING TOO CLOSELY,HENDERSON & NORTH DR,39.144848,-86.526848
901523655,2018,10,7,1900,Weekend,2-Car,No injury/unknown,FAILURE TO YIELD RIGHT OF WAY,HENDERSON ST & NORTH,39.144848,-86.526848
901377021,2018,5,4,1200,Weekday,2-Car,No injury/unknown,DRIVER DISTRACTED - EXPLAIN IN NARRATIVE,1900 SOUTH WALNUT ST & NORTH,39.144752,-86.531888
901501042,2018,9,6,1600,Weekday,1-Car,No injury/unknown,DRIVER ASLEEP OR FATIGUED,NORTH & S WALNUT ST,39.144752,-86.531888
901552985,2018,12,3,2300,Weekday,1-Car,No injury/unknown,SPEED TOO FAST FOR WEATHER CONDITIONS,ALPINE & SUMMIT VIEW PL,39.14474645,-86.52371876
901539251,2018,11,5,1400,Weekday,1-Car,Non-incapacitating,DRIVER DISTRACTED - EXPLAIN IN NARRATIVE,SILVER CREEK & SILVER CREEK DR,39.14471913,-86.48334301
901266617,2018,1,2,2100,Weekday,2-Car,No injury/unknown,ROADWAY SURFACE CONDITION,HENDERSON ST & SUMMITVIEW,39.14455,-86.52696
901486127,2018,8,4,2300,Weekday,2-Car,No injury/unknown,LEFT OF CENTER,BLOOMFIELD & OAKDALE DR,39.14449478,-86.56889
901484992,2018,8,2,1600,Weekday,2-Car,No injury/unknown,OTHER (DRIVER) - EXPLAIN IN NARRATIVE,S MCMILLIAN CT CT & WINSTON,39.14439,-86.49049
901473272,2018,7,6,1700,Weekday,2-Car,Non-incapacitating,DRIVER DISTRACTED - EXPLAIN IN NARRATIVE,LIBERTY & SR45W,39.1443663,-86.57904642
901549356,2018,12,6,1200,Weekday,2-Car,Fatal,ACCELERATOR FAILURE OR DEFECTIVE,NORTH & WALNUT ST,39.14411,-86.53181
901252826,2018,1,2,1100,Weekday,2-Car,No injury/unknown,FOLLOWING TOO CLOSELY,CURRY & INDUSTRIAL DR,39.14393,-86.58262
901549542,2018,12,6,1500,Weekday,2-Car,No injury/unknown,,COUNTRY CLUB & S WALNUT ST,39.14389503,-86.53111
901277934,2018,1,5,900,Weekday,1-Car,No injury/unknown,RAN OFF ROAD RIGHT,HIGHLAND AVE AVE & SHORT ST,39.143888,-86.517296
901326163,2018,4,6,1500,Weekday,3+ Cars,Non-incapacitating,FOLLOWING TOO CLOSELY,CURRY PIKE & INDUSTRIAL,39.143808,-86.582592
901547329,2018,12,3,1200,Weekday,1-Car,No injury/unknown,RAN OFF ROAD RIGHT,AIRPORT & KIRBY RD,39.14371302,-86.61036053
901312308,2018,3,5,1600,Weekday,2-Car,No injury/unknown,FAILURE TO YIELD RIGHT OF WAY,INDUSTRIAL & SR45W,39.14363313,-86.58033852
901319847,2018,3,7,2300,Weekend,2-Car,Non-incapacitating,FOLLOWING TOO CLOSELY,INDUSTRIAL & SR45W,39.14363313,-86.58033852
901414379,2018,6,6,1600,Weekday,2-Car,Non-incapacitating,FAILURE TO YIELD RIGHT OF WAY,SR45W & WALMART,39.14358721,-86.58032298
901303092,2018,2,6,1700,Weekday,2-Car,No injury/unknown,FAILURE TO YIELD RIGHT OF WAY,INDUSTRIAL & SR45W,39.143552,-86.580528
901318126,2018,3,3,2200,Weekday,2-Car,No injury/unknown,OTHER (DRIVER) - EXPLAIN IN NARRATIVE,INDUSTRIAL & SR45W,39.143552,-86.580528
901387340,2018,5,6,1400,Weekday,2-Car,No injury/unknown,FAILURE TO YIELD RIGHT OF WAY,INDUSTRIAL & SR45W,39.143552,-86.580528
901527231,2018,11,6,1200,Weekday,2-Car,No injury/unknown,FAILURE TO YIELD RIGHT OF WAY,INDUSTRIAL & SR45W,39.143552,-86.580528
901338579,2018,4,6,1200,Weekday,2-Car,No injury/unknown,FAILURE TO YIELD RIGHT OF WAY,3RD & LIBERTY DR,39.14344952,-86.57913641
901548845,2018,12,5,1500,Weekday,2-Car,No injury/unknown,DRIVER DISTRACTED - EXPLAIN IN NARRATIVE,3RD & LIBERTY DR,39.14344952,-86.57913641
901558785,2018,12,4,1400,Weekday,2-Car,Non-incapacitating,IMPROPER PASSING,S LIBERTY DR & W 3RD,39.14344952,-86.57913641
901270888,2018,2,2,1700,Weekday,2-Car,No injury/unknown,OTHER (DRIVER) - EXPLAIN IN NARRATIVE,S ROCKPORT RD & W COUNTRYSIDE,39.1434,-86.54182
901496770,2018,9,5,1300,Weekday,1-Car,No injury/unknown,ANIMAL/OBJECT IN ROADWAY,JED & ROGERS ST,39.143344,-86.538704
901458809,2018,6,5,1800,Weekday,3+ Cars,Non-incapacitating,FOLLOWING TOO CLOSELY,CURRY PIKE & SR45W,39.14314663,-86.582592
901303030,2018,2,6,1600,Weekday,2-Car,Non-incapacitating,FAILURE TO YIELD RIGHT OF WAY,GRIMES & WALNUT ST,39.1427786,-86.53371
901280138,2018,2,2,1700,Weekday,2-Car,No injury/unknown,SPEED TOO FAST FOR WEATHER CONDITIONS,S ROGERS ST,39.14258645,-86.53863543
901394044,2018,5,2,1200,Weekday,2-Car,No injury/unknown,UNSAFE BACKING,S WALNUT ST,39.142555,-86.531238
901532276,2018,11,6,1500,Weekday,2-Car,No injury/unknown,FAILURE TO YIELD RIGHT OF WAY,WEST STATE ROAD 45 RD,39.142411,-86.581929
901495789,2018,9,3,1900,Weekday,Cyclist,Non-incapacitating,FAILURE TO YIELD RIGHT OF WAY,ADAMS HILL & COUNTRY SIDE LN,39.1424,-86.55081
901323199,2018,3,2,1800,Weekday,2-Car,No injury/unknown,OTHER (DRIVER) - EXPLAIN IN NARRATIVE,WEST STATE ROAD 45 RD,39.142381,-86.581967
901334576,2018,4,1,1400,Weekend,2-Car,No injury/unknown,FOLLOWING TOO CLOSELY,WEST STATE ROAD  45 RD,39.142381,-86.581967
901365279,2018,5,2,1000,Weekday,2-Car,No injury/unknown,UNSAFE BACKING,SR 45 RD,39.142381,-86.581967
901402163,2018,5,2,1100,Weekday,2-Car,No injury/unknown,UNSAFE BACKING,W ST RD 45 RD,39.142381,-86.581967
901404414,2018,5,6,400,Weekday,1-Car,No injury/unknown,OTHER (DRIVER) - EXPLAIN IN NARRATIVE,W SR 45 HWY,39.142381,-86.581967
901461658,2018,6,2,1400,Weekday,2-Car,No injury/unknown,FAILURE TO YIELD RIGHT OF WAY,WEST ST RD 45 HWY,39.142381,-86.581967
901469010,2018,7,5,100,Weekday,2-Car,No injury/unknown,VIEW OBSTRUCTED,WEST ST RD 45 HWY,39.142381,-86.581967
901473147,2018,7,4,1700,Weekday,2-Car,No injury/unknown,UNSAFE BACKING,STATE ROAD 45 RD,39.142381,-86.581967
901499876,2018,9,4,1800,Weekday,2-Car,No injury/unknown,OTHER (DRIVER) - EXPLAIN IN NARRATIVE,WEST STATE ROAD 45 RD,39.142381,-86.581967
901500656,2018,9,5,1800,Weekday,2-Car,Non-incapacitating,FOLLOWING TOO CLOSELY,W SR 45 ST,39.142381,-86.581967
901539956,2018,11,6,100,Weekday,2-Car,No injury/unknown,UNSAFE BACKING,W STATE ROAD 45 HWY,39.142381,-86.581967
901542338,2018,11,7,1000,Weekend,2-Car,No injury/unknown,UNSAFE BACKING,W SR 45 HWY,39.142381,-86.581967
901519553,2018,10,7,1700,Weekend,2-Car,No injury/unknown,FOLLOWING TOO CLOSELY,CURRY & SR45W,39.14223567,-86.58233447
901510650,2018,10,3,2100,Weekday,2-Car,No injury/unknown,OTHER (DRIVER) - EXPLAIN IN NARRATIVE,E SAINT REMY & S SMITH RD,39.14217,-86.48038
901527904,2018,11,1,0,Weekend,1-Car,No injury/unknown,ANIMAL/OBJECT IN ROADWAY,WAPEHANI & WEIMER RD,39.14205869,-86.56204512
901253579,2018,1,3,1600,Weekday,2-Car,No injury/unknown,FOLLOWING TOO CLOSELY,LEONARD SPRINGS RD & SR45W,39.142048,-86.582592
901317898,2018,3,3,1000,Weekday,2-Car,No injury/unknown,DISREGARD SIGNAL/REG SIGN,SOUTH & WALNUT ST,39.142048,-86.531088
901320146,2018,3,3,1400,Weekday,2-Car,No injury/unknown,FAILURE TO YIELD RIGHT OF WAY,LEONARD SPRINGS & SR45W,39.142048,-86.582592
901345922,2018,5,2,1100,Weekday,2-Car,No injury/unknown,FAILURE TO YIELD RIGHT OF WAY,SOUTH & WALNUT ST,39.142048,-86.531088
901441839,2018,6,7,1300,Weekend,2-Car,No injury/unknown,FOLLOWING TOO CLOSELY,LEONARD SPRINGS & SR45W,39.142048,-86.582592
901458069,2018,6,7,1600,Weekend,2-Car,No injury/unknown,FOLLOWING TOO CLOSELY,CURRY & SR45W,39.142048,-86.582592
901466656,2018,7,6,1800,Weekday,2-Car,No injury/unknown,FAILURE TO YIELD RIGHT OF WAY,LEONARD SPRINGS & SR45W,39.142048,-86.582592
901485054,2018,8,2,1700,Weekday,2-Car,No injury/unknown,UNSAFE LANE MOVEMENT,CURRY & SR45W,39.142048,-86.582592
901489043,2018,8,3,1400,Weekday,2-Car,Non-incapacitating,FAILURE TO YIELD RIGHT OF WAY,CURRY & SR45S,39.142048,-86.582592
901521945,2018,10,4,700,Weekday,2-Car,No injury/unknown,FAILURE TO YIELD RIGHT OF WAY,CURRY & SR45W,39.142048,-86.582592
901527641,2018,11,7,700,Weekend,Pedestrian,Non-incapacitating,PEDESTRIAN ACTION,CURRY & SR45W,39.142048,-86.582592
901547490,2018,12,3,1600,Weekday,2-Car,Non-incapacitating,OTHER (DRIVER) - EXPLAIN IN NARRATIVE,S CURRY PIKE & SR45W,39.142048,-86.582592
901555512,2018,12,6,2000,Weekend,2-Car,Non-incapacitating,FAILURE TO YIELD RIGHT OF WAY,LEONARD SPRINGS & SR45W,39.142048,-86.582592
901344019,2018,4,6,1300,Weekday,2-Car,No injury/unknown,UNSAFE BACKING,LEONARD SPRINGS RD & SR 45,39.14191534,-86.582572
901403544,2018,5,5,900,Weekday,2-Car,No injury/unknown,DISREGARD SIGNAL/REG SIGN,CURRY & SR45W,39.14191534,-86.582572
901320848,2018,3,2,1500,Weekday,Cyclist,Non-incapacitating,FAILURE TO YIELD RIGHT OF WAY,HENDERSON & WYLIE FARM DR,39.14191,-86.52694
901495775,2018,9,3,1900,Weekday,2-Car,No injury/unknown,FOLLOWING TOO CLOSELY,S HENDERSON ST & WYLIE FARM,39.14191,-86.52694
901478088,2018,8,3,1100,Weekday,2-Car,No injury/unknown,UNSAFE BACKING,S WALNUT ST,39.14179311,-86.53100751
901287569,2018,2,7,600,Weekend,2-Car,No injury/unknown,RAN OFF ROAD RIGHT,S BRYAN ST,39.14175543,-86.53639086
901533615,2018,11,3,800,Weekday,1-Car,No injury/unknown,RAN OFF ROAD RIGHT,GARRISON CHAPEL ROAD RD & SPICER LANE,39.14164,-86.64287
901267461,2018,1,3,1800,Weekday,3+ Cars,No injury/unknown,DRIVER DISTRACTED - EXPLAIN IN NARRATIVE,MONON & S WALNUT ST,39.14159891,-86.53369
901489556,2018,8,5,400,Weekday,1-Car,No injury/unknown,RAN OFF ROAD RIGHT,ADAMS ST & PATTERSON,39.14152216,-86.5505
901267970,2018,1,4,900,Weekday,2-Car,No injury/unknown,FAILURE TO YIELD RIGHT OF WAY,DODDS & LINCOLN ST,39.14151127,-86.5313
901544339,2018,12,7,0,Weekend,2-Car,No injury/unknown,UNSAFE BACKING,SOUTH LEONARD SPRINGS RD,39.14144747,-86.582572
901319546,2018,3,6,1400,Weekday,Bus,No injury/unknown,FOLLOWING TOO CLOSELY,BURKS & S WALNUT ST,39.14141586,-86.52672
901260828,2018,1,4,1500,Weekday,2-Car,No injury/unknown,FAILURE TO YIELD RIGHT OF WAY,COOLIDGE & S ROGERS ST,39.141328,-86.538528
901489833,2018,8,5,900,Weekday,2-Car,No injury/unknown,UNSAFE BACKING,W COOLIDGE RD,39.141294,-86.541124
901560301,2018,12,5,1500,Weekday,2-Car,No injury/unknown,FAILURE TO YIELD RIGHT OF WAY,MILLER & WALNUT ST,39.14107669,-86.53265
901269148,2018,1,4,1400,Weekday,2-Car,No injury/unknown,LEFT OF CENTER,S CURRY & SR45W,39.14090754,-86.58579544
901464198,2018,7,6,500,Weekday,1-Car,Non-incapacitating,ANIMAL/OBJECT IN ROADWAY,CURRY & SR45W,39.14090754,-86.58579544
901456286,2018,6,6,1000,Weekday,Moped/Motorcycle,Non-incapacitating,FOLLOWING TOO CLOSELY,LEONARD SPRINGS & SR45W,39.14035578,-86.58741031
901560360,2018,12,1,1900,Weekday,1-Car,No injury/unknown,UNSAFE SPEED,LEONARD SPRINGS & SR45W,39.14035578,-86.58741031
901360146,2018,5,5,1500,Weekday,2-Car,No injury/unknown,FAILURE TO YIELD RIGHT OF WAY,LEONARD SPRINGS RD & WALNUT  LEAF,39.14016,-86.58259
901265673,2018,1,1,1300,Weekend,2-Car,No injury/unknown,DRIVER DISTRACTED - EXPLAIN IN NARRATIVE,LEONARD SPRINGS RD & WALNUT LEAF,39.14007739,-86.58256946
901394399,2018,5,5,1800,Weekday,2-Car,Non-incapacitating,SPEED TOO FAST FOR WEATHER CONDITIONS,GRAHAM & ROCKPORT RD,39.14003609,-86.54506907
901420520,2018,6,2,2300,Weekday,2-Car,Non-incapacitating,FAILURE TO YIELD RIGHT OF WAY,GRAHAM & ROCKPORT RD,39.13998,-86.54513
901497833,2018,9,1,1400,Weekend,1-Car,No injury/unknown,BRAKE FAILURE OR DEFECTIVE,GRAHAM DR & ROCKPORT,39.13998,-86.54513866
901363941,2018,5,7,1900,Weekend,2-Car,No injury/unknown,FOLLOWING TOO CLOSELY,ROGERS ST & WEST GRAHAM,39.13981,-86.53866
901488438,2018,8,2,1800,Weekday,2-Car,No injury/unknown,FAILURE TO YIELD RIGHT OF WAY,GRAHAM & ROGERS ST,39.13981,-86.53866
901462657,2018,6,4,1500,Weekday,2-Car,No injury/unknown,FOLLOWING TOO CLOSELY,GRAHAM & S HENDERSON ST,39.139584,-86.526768
901462790,2018,7,6,1000,Weekday,2-Car,No injury/unknown,UNSAFE BACKING,GRAHAM PL,39.139584,-86.5268407
901325719,2018,4,5,1300,Weekday,2-Car,No injury/unknown,UNSAFE SPEED,HIGH ST & ROCK CREEK,39.13954936,-86.50814069
901511442,2018,10,5,1900,Weekday,1-Car,Non-incapacitating,OTHER (DRIVER) - EXPLAIN IN NARRATIVE,E GRAHAM DR,39.139519,-86.522012
901535383,2018,11,4,1500,Weekday,2-Car,No injury/unknown,IMPROPER TURNING,GRAHAM DR & WINSLOW,39.13951,-86.52417
901469694,2018,7,6,900,Weekday,2-Car,Non-incapacitating,UNSAFE BACKING,S HIGHLAND AVE,39.13950428,-86.51762373
901547032,2018,12,3,700,Weekday,3+ Cars,Non-incapacitating,FAILURE TO YIELD RIGHT OF WAY,GRAHAM & HENDERSON ST,39.13944,-86.52692
901426699,2018,6,3,2000,Weekday,Pedestrian,Non-incapacitating,UNSAFE BACKING,BRANDON CT,39.13937451,-86.52552626
901279725,2018,2,6,1400,Weekday,2-Car,No injury/unknown,OTHER (DRIVER) - EXPLAIN IN NARRATIVE,OLD STATE ROAD 37 SOUTH RD,39.138688,-86.465968
901466016,2018,7,6,700,Weekday,2-Car,Non-incapacitating,FAILURE TO YIELD RIGHT OF WAY,RALSTON DR DR & ROCKPORT RD,39.13864,-86.54648
901476950,2018,8,1,200,Weekend,2-Car,No injury/unknown,FAILURE TO YIELD RIGHT OF WAY,RALSTON & ROCKPORT RD,39.13864,-86.54648
901467995,2018,7,3,1200,Weekday,2-Car,Non-incapacitating,FAILURE TO YIELD RIGHT OF WAY,BANTA & RALSTON DR,39.138592,-86.544656
901470025,2018,7,1,700,Weekend,2-Car,No injury/unknown,LEFT OF CENTER,PINE MEADOWS & PINEHURST DR,39.13859,-86.54864866
901467136,2018,7,1,1300,Weekend,Moped/Motorcycle,Incapacitating,LEFT OF CENTER,OLD RICHARDSON & SR446S,39.13858767,-86.43136527
901507578,2018,9,5,1700,Weekday,2-Car,No injury/unknown,FOLLOWING TOO CLOSELY,DAVID & SARE RD,39.13857,-86.49653
901359525,2018,5,3,1200,Weekday,3+ Cars,Non-incapacitating,CELL PHONE USAGE,AIRPORT ROAD & SR45W,39.13851891,-86.59099291
901517522,2018,10,3,1700,Weekday,3+ Cars,Non-incapacitating,FOLLOWING TOO CLOSELY,AIRPORT & SR45W,39.13851891,-86.59099291
901353210,2018,5,5,2000,Weekday,Moped/Motorcycle,No injury/unknown,UNSAFE BACKING,E GRAHAM PL,39.138157,-86.529081
901471439,2018,7,3,600,Weekday,2-Car,Fatal,IMPROPER PASSING,LEONARD SPRINGS RD & STAPLETON,39.13814923,-86.582528
901466918,2018,7,1,2300,Weekday,2-Car,No injury/unknown,OTHER (DRIVER) - EXPLAIN IN NARRATIVE,WINSLOW CT,39.13810971,-86.524
901502166,2018,9,2,1600,Weekday,2-Car,No injury/unknown,BRAKE FAILURE OR DEFECTIVE,AIRPORT & SR45W,39.13801764,-86.59183265
901553976,2018,12,5,0,Weekday,1-Car,No injury/unknown,RAN OFF ROAD RIGHT,TAPP & WEIMER RD,39.13788528,-86.56202321
901492077,2018,8,7,1600,Weekend,2-Car,No injury/unknown,IMPROPER PASSING,S OLD STATE ROAD 37 & S OLD STATE ROAD 37 CIR,39.137744,-86.530288
901267666,2018,1,7,1900,Weekend,1-Car,No injury/unknown,ANIMAL/OBJECT IN ROADWAY,AIRPORT & SR45W,39.13768346,-86.59239247
901476930,2018,7,7,2100,Weekend,2-Car,No injury/unknown,IMPROPER PASSING,2607 S BRYAN ST & W KENDALL,39.137632,-86.536032
901478072,2018,7,5,1400,Weekday,2-Car,No injury/unknown,FAILURE TO YIELD RIGHT OF WAY,SR37S & TAPP,39.13758929,-86.57290278
901473422,2018,7,6,1300,Weekday,2-Car,No injury/unknown,OTHER (DRIVER) - EXPLAIN IN NARRATIVE,S WALNUT ST,39.137424,-86.529968
901320571,2018,3,2,1200,Weekday,2-Car,No injury/unknown,FAILURE TO YIELD RIGHT OF WAY,MOSS CREEK DR & WINSLOW FARMS,39.13736,-86.52084389
901480444,2018,8,7,1200,Weekend,2-Car,No injury/unknown,UNSAFE BACKING,SOUTH WALNUT ST,39.137321,-86.530525
901286911,2018,2,6,800,Weekday,2-Car,No injury/unknown,FOLLOWING TOO CLOSELY,AIRPORT & SR45W,39.13726573,-86.59309224
901565368,2018,12,1,1400,Weekend,2-Car,No injury/unknown,UNSAFE SPEED,S OLD SR 37 HWY,39.137088,-86.53056
901266543,2018,1,2,1800,Weekday,2-Car,No injury/unknown,SPEED TOO FAST FOR WEATHER CONDITIONS,AIRPORT RD & GARRISON CHAPEL,39.13704005,-86.64106861
901395504,2018,5,4,600,Weekday,1-Car,No injury/unknown,OTHER (VEHICLE) - EXPLAIN IN NARRATIVE,RAYLE & TAPP RD,39.13704001,-86.57820935
901263209,2018,1,2,1400,Weekday,2-Car,No injury/unknown,RAN OFF ROAD RIGHT,RAYLE PLACE & TAPP RD,39.13704,-86.577504
901267642,2018,1,5,1400,Weekday,2-Car,No injury/unknown,ROADWAY SURFACE CONDITION,SR37S & TAPP,39.13704,-86.572896
901279721,2018,2,2,1500,Weekday,2-Car,No injury/unknown,UNSAFE SPEED,RAYLE & TAPP RD,39.13704,-86.577504
901279726,2018,2,6,1100,Weekday,2-Car,Non-incapacitating,FAILURE TO YIELD RIGHT OF WAY,SR37S & TAPP,39.13704,-86.572896
901285776,2018,2,5,1100,Weekday,2-Car,No injury/unknown,FOLLOWING TOO CLOSELY,SR37N & TAPP,39.13704,-86.572896
901312023,2018,3,6,1600,Weekday,2-Car,No injury/unknown,FOLLOWING TOO CLOSELY,SR37S & W TAPP RD,39.13704,-86.572896
901312539,2018,3,6,900,Weekday,2-Car,No injury/unknown,UNSAFE LANE MOVEMENT,SR37 & TAPP RD,39.13704,-86.572896
901319590,2018,3,6,1800,Weekday,2-Car,No injury/unknown,FOLLOWING TOO CLOSELY,LEONARD SPRINGS & TAPP RD,39.13704,-86.582512
901323203,2018,3,4,1500,Weekday,2-Car,No injury/unknown,OTHER (DRIVER) - EXPLAIN IN NARRATIVE,SR37S & TAPP,39.13704,-86.572896
901327411,2018,4,1,1900,Weekday,2-Car,No injury/unknown,FOLLOWING TOO CLOSELY,SR37S & TAPP,39.13704,-86.572896
901328529,2018,4,1,2000,Weekday,2-Car,Non-incapacitating,DISREGARD SIGNAL/REG SIGN,SR37S & TAPP,39.13704,-86.572896
901353882,2018,5,6,1600,Weekday,2-Car,No injury/unknown,OTHER (DRIVER) - EXPLAIN IN NARRATIVE,SR37N & TAPP,39.13704,-86.572896
901385419,2018,5,4,1800,Weekday,2-Car,No injury/unknown,DRIVER DISTRACTED - EXPLAIN IN NARRATIVE,SR37S & TAPP,39.13704,-86.572896
901387619,2018,5,6,1900,Weekend,2-Car,Non-incapacitating,SPEED TOO FAST FOR WEATHER CONDITIONS,LEONARD SPRINGS RD & TAPP,39.13704,-86.582512
901447765,2018,6,2,1200,Weekday,2-Car,No injury/unknown,FOLLOWING TOO CLOSELY,TAPP ROAD RD & YONKERS,39.13704,-86.575296
901454893,2018,6,7,1400,Weekend,2-Car,Non-incapacitating,FAILURE TO YIELD RIGHT OF WAY,LEONARD SPRINGS RD & TAPP,39.13704,-86.582512
901458074,2018,6,6,1900,Weekend,3+ Cars,No injury/unknown,FOLLOWING TOO CLOSELY,SR37S & TAPP,39.13704,-86.572896
901458076,2018,6,1,1200,Weekend,3+ Cars,Non-incapacitating,OTHER (DRIVER) - EXPLAIN IN NARRATIVE,LEONARD SPRINGS RD & TAPP,39.13704,-86.582512
901474914,2018,7,3,1100,Weekday,Pedestrian,Non-incapacitating,OTHER (VEHICLE) - EXPLAIN IN NARRATIVE,S WALNUT ST,39.13704,-86.529584
901475765,2018,7,3,1700,Weekday,2-Car,No injury/unknown,FOLLOWING TOO CLOSELY,SR37S & TAPP,39.13704,-86.572896
901515762,2018,10,6,1600,Weekday,2-Car,Non-incapacitating,DISREGARD SIGNAL/REG SIGN,SR37S & TAPP,39.13704,-86.572896
901516980,2018,10,2,1600,Weekday,2-Car,No injury/unknown,FOLLOWING TOO CLOSELY,SR37N & TAPP,39.13704,-86.572896