Master Record Number,Year,Month,Day,Hour,Weekend,Collision Type,Injury Type,Primary Factor,Reported_Location,Latitude,Longitude
901521339,2018,10,2,1200,Weekday,2-Car,No injury/unknown,FAILURE TO YIELD RIGHT OF WAY,S YONKERS & W TAPP RD,39.13704,-86.575296
901522749,2018,10,5,1700,Weekday,2-Car,No injury/unknown,FOLLOWING TOO CLOSELY,SR37 & TAPP RD,39.13704,-86.572896
901530644,2018,11,5,1400,Weekday,2-Car,Non-incapacitating,UNSAFE SPEED,SR37N & TAPP,39.13704,-86.572896
901534811,2018,11,4,1600,Weekday,2-Car,No injury/unknown,FAILURE TO YIELD RIGHT OF WAY,S GARRISON CHAPEL RD & W AIRPORT,39.13704,-86.642832
901543642,2018,12,5,1900,Weekday,3+ Cars,No injury/unknown,DRIVER DISTRACTED - EXPLAIN IN NARRATIVE,SR37S & W TAPP,39.13704,-86.572896
901554023,2018,12,1,1000,Weekend,1-Car,No injury/unknown,RAN OFF ROAD RIGHT,RAYLE & W TAPP RD,39.13704,-86.577504
901266538,2018,1,2,1800,Weekday,1-Car,No injury/unknown,ROADWAY SURFACE CONDITION,AIRPORT ROAD RD & GARRISON CHAPLE,39.13703,-86.64306596
901500482,2018,9,5,2200,Weekday,1-Car,Non-incapacitating,RAN OFF ROAD RIGHT,SOUTH CAVE & WEST AIRPORT RD,39.13688,-86.628768
901539955,2018,11,7,2200,Weekend,1-Car,No injury/unknown,OTHER (DRIVER) - EXPLAIN IN NARRATIVE,AIRPORT RD & KIRBY,39.13686512,-86.61107342
901312019,2018,3,7,1300,Weekend,2-Car,No injury/unknown,FOLLOWING TOO CLOSELY,AIRPORT & SR45S,39.136848,-86.593792
901320154,2018,3,1,1500,Weekend,3+ Cars,No injury/unknown,SPEED TOO FAST FOR WEATHER CONDITIONS,AIRPORT & SR45W,39.136848,-86.593792
901402820,2018,5,4,2100,Weekday,2-Car,Non-incapacitating,CELL PHONE USAGE,SR45W & W AIRPORT,39.136848,-86.593792
901475767,2018,7,3,1800,Weekday,Pedestrian,Non-incapacitating,ANIMAL/OBJECT IN ROADWAY,AIRPORT RD & KIRBY,39.136848,-86.610192
901488456,2018,8,2,1800,Weekday,2-Car,No injury/unknown,DRIVER DISTRACTED - EXPLAIN IN NARRATIVE,AIRPORT & SR45E,39.136848,-86.593792
901489758,2018,8,5,700,Weekday,2-Car,No injury/unknown,FOLLOWING TOO CLOSELY,SR45W & W AIRPORT,39.136848,-86.593792
901548146,2018,12,7,1500,Weekend,2-Car,No injury/unknown,OTHER (DRIVER) - EXPLAIN IN NARRATIVE,LEONARD & TAPP RD,39.13683,-86.58261
901271320,2018,2,2,1700,Weekday,2-Car,Non-incapacitating,OTHER (DRIVER) - EXPLAIN IN NARRATIVE,RAYLE & TAPP RD,39.13680949,-86.57802165
901454719,2018,6,7,1100,Weekend,2-Car,No injury/unknown,FAILURE TO YIELD RIGHT OF WAY,WALNUT ST & WINSLOW,39.13679409,-86.52933809
901499135,2018,9,3,1100,Weekday,2-Car,No injury/unknown,FAILURE TO YIELD RIGHT OF WAY,WALNUT ST & WINSLOW,39.13679409,-86.52933809
901545686,2018,12,4,800,Weekday,1-Car,No injury/unknown,OTHER (ENVIRONMENTAL) - EXPLAIN IN NARR,LEONARD SPRINGS RD & MAYBERRY,39.13677275,-86.58259
901486637,2018,8,5,1500,Weekday,1-Car,No injury/unknown,BRAKE FAILURE OR DEFECTIVE,SOUTH WINSLOW CT,39.136767,-86.524082
901319033,2018,3,5,1600,Weekday,2-Car,No injury/unknown,FAILURE TO YIELD RIGHT OF WAY,STATE ROAD 37 & TAPP RD,39.13676196,-86.57320781
901325127,2018,4,4,1800,Weekday,2-Car,No injury/unknown,FAILURE TO YIELD RIGHT OF WAY,SR37S & TAPP,39.13676196,-86.57320781
901329575,2018,4,3,1300,Weekday,2-Car,No injury/unknown,FOLLOWING TOO CLOSELY,STATE ROAD 37 & TAPP RD,39.13676196,-86.57320781
901454337,2018,6,6,1300,Weekday,2-Car,No injury/unknown,UNSAFE LANE MOVEMENT,STATE ROAD 37 & TAPP RD,39.13676196,-86.57320781
901547579,2018,12,3,1800,Weekday,2-Car,Non-incapacitating,FAILURE TO YIELD RIGHT OF WAY,SR37S & W TAPP RD,39.13676196,-86.57320781
901550719,2018,12,1,1900,Weekday,2-Car,No injury/unknown,OTHER (ENVIRONMENTAL) - EXPLAIN IN NARR,STATE ROAD 37 & TAPP RD,39.13676196,-86.57318183
901348460,2018,5,4,1700,Weekday,2-Car,No injury/unknown,FAILURE TO YIELD RIGHT OF WAY,REX GROSSMAN & W TAPP RD,39.13672781,-86.57089237
901487365,2018,8,1,200,Weekend,1-Car,Non-incapacitating,RAN OFF ROAD RIGHT,AIRPORT & SR45W,39.13671106,-86.59398959
901494143,2018,9,6,1700,Weekday,3+ Cars,Non-incapacitating,FOLLOWING TOO CLOSELY,HENDERSON ST & WINSLOW,39.13669322,-86.52678692
901361400,2018,5,6,1800,Weekday,2-Car,No injury/unknown,OTHER (VEHICLE) - EXPLAIN IN NARRATIVE,S XAVIER CT,39.136692,-86.513828
901492078,2018,8,2,1400,Weekday,2-Car,Non-incapacitating,DRIVER DISTRACTED - EXPLAIN IN NARRATIVE,AIRPORT & SR45W,39.13666541,-86.59405546
901255072,2018,1,6,0,Weekday,1-Car,No injury/unknown,SPEED TOO FAST FOR WEATHER CONDITIONS,S ADAMS & W TAPP RD,39.13662,-86.55431
901294596,2018,2,4,700,Weekday,2-Car,No injury/unknown,SPEED TOO FAST FOR WEATHER CONDITIONS,ADAMS & TAPP RD,39.13662,-86.55431
901526268,2018,11,5,0,Weekday,1-Car,No injury/unknown,RAN OFF ROAD RIGHT,ADAMS & TAPP RD,39.13662,-86.55431
901508331,2018,10,7,1200,Weekend,1-Car,No injury/unknown,SPEED TOO FAST FOR WEATHER CONDITIONS,TAPP RD & WEIMER,39.13651201,-86.56183966
901269966,2018,1,1,1700,Weekend,2-Car,Non-incapacitating,FAILURE TO YIELD RIGHT OF WAY,COUNTRY CLUB & ROCKPORT RD,39.136448,-86.548704
901290408,2018,2,7,1100,Weekend,1-Car,No injury/unknown,OTHER (DRIVER) - EXPLAIN IN NARRATIVE,ROCKPORT & TAPP RD,39.136448,-86.548704
901333860,2018,4,2,2000,Weekday,2-Car,No injury/unknown,FOLLOWING TOO CLOSELY,ROCKPORT & TAPP RD,39.136448,-86.548704
901501358,2018,9,7,800,Weekend,1-Car,No injury/unknown,RAN OFF ROAD RIGHT,ROCKPORT ROAD RD & TAPP ROAD,39.136448,-86.548704
901511505,2018,10,5,2300,Weekday,1-Car,No injury/unknown,RAN OFF ROAD RIGHT,COUNTRY CLUB & SOUTH ROCKPORT RD,39.136448,-86.548704
901537968,2018,11,3,1200,Weekday,2-Car,Non-incapacitating,FOLLOWING TOO CLOSELY,COUNTRY CLUB DR & ROCKPORT,39.136448,-86.548704
901542337,2018,12,4,800,Weekday,1-Car,No injury/unknown,ROADWAY SURFACE CONDITION,ROCKPORT ROAD RD & TAPP ROAD,39.136448,-86.548704
901261841,2018,1,6,1600,Weekday,2-Car,No injury/unknown,FAILURE TO YIELD RIGHT OF WAY,COUNTRY CLUB DR & ROCKPORT,39.13638633,-86.54694242
901521536,2018,10,3,1400,Weekday,2-Car,No injury/unknown,OTHER (DRIVER) - EXPLAIN IN NARRATIVE,S WINSLOW CT,39.13637076,-86.523744
901294243,2018,2,4,700,Weekday,2-Car,Non-incapacitating,FOLLOWING TOO CLOSELY,ROCKPORT RD & TAPP,39.13635,-86.54875
901404853,2018,5,5,2100,Weekday,1-Car,No injury/unknown,OTHER (VEHICLE) - EXPLAIN IN NARRATIVE,COUNTRY CLUB RD & ROCKPORT,39.13635,-86.54883655
901312309,2018,3,5,1800,Weekday,2-Car,No injury/unknown,FOLLOWING TOO CLOSELY,ROCKPORT & TAPP RD,39.13631459,-86.54872158
901530768,2018,11,5,1100,Weekday,2-Car,No injury/unknown,FOLLOWING TOO CLOSELY,BANTA & COUNTRY CLUB DR,39.136304,-86.544592
901267509,2018,1,3,2100,Weekday,2-Car,No injury/unknown,UNSAFE BACKING,BURBERRY LN,39.136176,-86.52295733
901313197,2018,3,1,1300,Weekend,1-Car,No injury/unknown,UNSAFE SPEED,HIGH & WINSLOW RD,39.136144,-86.50950668
901260600,2018,1,4,800,Weekday,2-Car,Non-incapacitating,FOLLOWING TOO CLOSELY,HENDERSON & WINSLOW RD,39.136144,-86.5268
901266552,2018,1,2,1800,Weekday,2-Car,No injury/unknown,VIEW OBSTRUCTED,E WINSLOW & S WALNUT ST,39.136144,-86.528688
901306259,2018,3,3,1900,Weekday,2-Car,No injury/unknown,OTHER (DRIVER) - EXPLAIN IN NARRATIVE,FAIRINGTON DR & RAYLE,39.136144,-86.5776
901344121,2018,5,1,2000,Weekday,2-Car,No injury/unknown,FAILURE TO YIELD RIGHT OF WAY,WALNUT STREET & WINSLOW RD,39.136144,-86.528688
901344360,2018,4,6,1100,Weekday,2-Car,No injury/unknown,FAILURE TO YIELD RIGHT OF WAY,S WALNUT ST & WINSLOW,39.136144,-86.528688
901362799,2018,5,7,1200,Weekend,3+ Cars,Non-incapacitating,DISREGARD SIGNAL/REG SIGN,HENDERSON & WINSLOW RD,39.136144,-86.5268
901454780,2018,6,7,1100,Weekend,2-Car,No injury/unknown,FAILURE TO YIELD RIGHT OF WAY,E WINSLOW RD & S WALNUT,39.136144,-86.528688
901469494,2018,7,6,1100,Weekday,2-Car,Non-incapacitating,FOLLOWING TOO CLOSELY,ABBY & WINSLOW RD,39.136144,-86.511296
901496771,2018,9,5,800,Weekday,2-Car,No injury/unknown,FOLLOWING TOO CLOSELY,WALNUT ST & WINSLOW,39.136144,-86.528688
901497137,2018,9,6,1000,Weekday,2-Car,No injury/unknown,UNSAFE BACKING,E WINSLOW RD,39.136144,-86.52423669
901502545,2018,9,3,1100,Weekday,2-Car,Non-incapacitating,FAILURE TO YIELD RIGHT OF WAY,WALNUT ST & WINSLOW,39.136144,-86.528688
901509623,2018,10,2,1600,Weekday,2-Car,No injury/unknown,FOLLOWING TOO CLOSELY,E WINSLOW & S HIGH ST,39.136144,-86.508096
901516502,2018,10,2,800,Weekday,1-Car,Non-incapacitating,RAN OFF ROAD RIGHT,WALNUT ST PIKE & WINSLOW,39.136144,-86.528688
901524998,2018,11,2,1900,Weekday,2-Car,Non-incapacitating,FAILURE TO YIELD RIGHT OF WAY,S WALNUT PIKE & WINSLOW,39.136144,-86.528688
901529125,2018,11,2,1800,Weekday,2-Car,No injury/unknown,FAILURE TO YIELD RIGHT OF WAY,E WINSLOW & S HENDERSON ST,39.136144,-86.5268
901544340,2018,12,7,300,Weekend,1-Car,No injury/unknown,IMPROPER TURNING,WALNUT ST & WINSLOW,39.136144,-86.528688
901387839,2018,5,6,2200,Weekend,2-Car,No injury/unknown,UNSAFE BACKING,EAST WINSLOW RD,39.13611,-86.512253
901547199,2018,12,3,1000,Weekday,2-Car,Non-incapacitating,FOLLOWING TOO CLOSELY,ALLENDALE & WINSLOW RD,39.136096,-86.516
901268204,2018,1,4,1400,Weekday,3+ Cars,Non-incapacitating,FOLLOWING TOO CLOSELY,COUNTRY CLUB DR & ROGERS,39.13609554,-86.53844811
901503064,2018,9,5,1100,Weekday,2-Car,No injury/unknown,FOLLOWING TOO CLOSELY,COUNTRY CLUB DR & S ROGERS,39.13608777,-86.53827205
901315334,2018,3,4,1300,Weekday,2-Car,Non-incapacitating,FOLLOWING TOO CLOSELY,COUNTRY CLUB & ROGERS ST,39.13608,-86.538096
901447773,2018,6,3,700,Weekday,2-Car,No injury/unknown,FOLLOWING TOO CLOSELY,COUNTRY CLUB DR & ROGERS,39.13608,-86.538096
901525400,2018,11,3,1700,Weekday,2-Car,No injury/unknown,UNSAFE BACKING,E WINSLOW RD,39.13608,-86.529792
901474913,2018,7,2,1200,Weekday,1-Car,No injury/unknown,UNSAFE SPEED,HIGHLANDS AVE & WINSLOW FARM,39.136048,-86.518496
901287882,2018,2,1,2200,Weekday,2-Car,No injury/unknown,FOLLOWING TOO CLOSELY,COUNTRY CLUB & ROGERS ST,39.13604,-86.53827
901535956,2018,11,6,1600,Weekday,2-Car,No injury/unknown,FOLLOWING TOO CLOSELY,COUNTRY CLUB DR & ROGERS,39.13604,-86.53827
901393959,2018,5,2,1500,Weekday,Moped/Motorcycle,Non-incapacitating,FAILURE TO YIELD RIGHT OF WAY,WESTMINISTER & WINSLOW RD,39.13602,-86.52195
901538991,2018,11,4,1600,Weekday,2-Car,No injury/unknown,OTHER (VEHICLE) - EXPLAIN IN NARRATIVE,EAST WINSLOW RD,39.136011,-86.525067
901330993,2018,4,6,1200,Weekday,2-Car,Non-incapacitating,DRIVER DISTRACTED - EXPLAIN IN NARRATIVE,COUNTRY CLUB DR & MADISON,39.13601,-86.53712865
901503054,2018,9,4,800,Weekday,2-Car,No injury/unknown,FOLLOWING TOO CLOSELY,COUNTRY CLUB DR & MADISON,39.13601,-86.53712
901559844,2018,12,6,2200,Weekend,1-Car,No injury/unknown,SPEED TOO FAST FOR WEATHER CONDITIONS,S MADISON & W COUNTRY CLUB DR,39.13601,-86.53716327
901389180,2018,5,6,1700,Weekday,2-Car,No injury/unknown,FOLLOWING TOO CLOSELY,ALLEN DALE & WINSLOW RD,39.136,-86.51592
901285022,2018,2,5,1000,Weekday,2-Car,No injury/unknown,FAILURE TO YIELD RIGHT OF WAY,WALNUT STREET PIKE & WINSLOW,39.13599,-86.5288
901514691,2018,10,5,700,Weekday,2-Car,No injury/unknown,FOLLOWING TOO CLOSELY,WALNUT ST & WINSLOW RD,39.13599,-86.5288
901389639,2018,5,1,0,Weekend,1-Car,Non-incapacitating,RAN OFF ROAD RIGHT,ABBY & WINSLOW RD,39.13598332,-86.51207989
901278619,2018,2,6,1100,Weekday,2-Car,No injury/unknown,OTHER (DRIVER) - EXPLAIN IN NARRATIVE,E ROGERS RD,39.13598,-86.499585
901308414,2018,3,7,1400,Weekend,2-Car,No injury/unknown,UNSAFE BACKING,E ROGERS RD,39.13598,-86.499585
901480084,2018,8,7,500,Weekend,1-Car,No injury/unknown,RAN OFF ROAD RIGHT,WALNUT ST & WINSLOW RD,39.13597991,-86.52878243
901388499,2018,5,7,1000,Weekend,2-Car,No injury/unknown,UNSAFE BACKING,COUNTRY CLUB DR,39.135978,-86.535107
901324571,2018,4,2,1700,Weekday,2-Car,No injury/unknown,FAILURE TO YIELD RIGHT OF WAY,SOUTH WALNUT & WINSLOW RD,39.13597,-86.53113596
901397439,2018,5,3,1800,Weekday,2-Car,No injury/unknown,FAILURE TO YIELD RIGHT OF WAY,E WINSLOW & S WALNUT ST,39.13597,-86.53111
901405179,2018,5,1,1500,Weekend,2-Car,No injury/unknown,OTHER (ENVIRONMENTAL) - EXPLAIN IN NARR,SOUTH WALNUT ST & WINSLOW,39.13597,-86.53111
901466236,2018,7,6,1300,Weekday,2-Car,Non-incapacitating,FOLLOWING TOO CLOSELY,COUNTRY CLUB DR & S WALNUT,39.13597,-86.53111
901498597,2018,9,2,1000,Weekday,2-Car,Non-incapacitating,FOLLOWING TOO CLOSELY,WALNUT ST & WINSLOW,39.13597,-86.53111
901508210,2018,10,6,2200,Weekend,2-Car,No injury/unknown,UNSAFE LANE MOVEMENT,SOUTH WALNUT ST & WINSLOW,39.13597,-86.53111
901556293,2018,12,1,2100,Weekday,3+ Cars,Non-incapacitating,DISREGARD SIGNAL/REG SIGN,WALNUT & WINSLOW RD,39.13597,-86.53111
901516389,2018,10,2,700,Weekday,2-Car,No injury/unknown,FOLLOWING TOO CLOSELY,E ROGERS RD & S SARE,39.13596,-86.49648675
901507579,2018,9,5,1600,Weekday,2-Car,No injury/unknown,FAILURE TO YIELD RIGHT OF WAY,ROGERS RD & SARE,39.13584,-86.496288
901559773,2018,12,6,1900,Weekend,1-Car,Non-incapacitating,RAN OFF ROAD RIGHT,E ROGERS & S SARE RD,39.13584,-86.496288
901542292,2018,12,4,900,Weekday,1-Car,No injury/unknown,ROADWAY SURFACE CONDITION,EAST ROGERS RD & HIGHPOINTE,39.135808,-86.484912
901457944,2018,6,3,1100,Weekday,2-Car,No injury/unknown,FAILURE TO YIELD RIGHT OF WAY,E ROGERS RD RD & SO SNODDY,39.13576,-86.489488
901508219,2018,10,6,900,Weekday,2-Car,Incapacitating,FAILURE TO YIELD RIGHT OF WAY,KNIGHTRIDGE RDS & SR 446,39.135648,-86.462
901522421,2018,10,3,800,Weekday,1-Car,No injury/unknown,ANIMAL/OBJECT IN ROADWAY,KNIGHT RIDGE & SR446S,39.135648,-86.462
901487093,2018,8,6,1700,Weekday,2-Car,No injury/unknown,FAILURE TO YIELD RIGHT OF WAY,S LEONARD SPRINGS DR & W ST 45,39.135609,-86.58259
901260676,2018,1,4,700,Weekday,3+ Cars,No injury/unknown,FOLLOWING TOO CLOSELY,DUNCAN ROAD & SR45W,39.13545452,-86.59573186
901339962,2018,2,5,0,Weekday,2-Car,No injury/unknown,UNSAFE BACKING,SOUTH WALNUT ST,39.135284,-86.528241
901316928,2018,3,2,700,Weekday,2-Car,Non-incapacitating,FOLLOWING TOO CLOSELY,BARGE LN & LEONARDS SPRINGS RD RD,39.135248,-86.582496
901536008,2018,11,6,1700,Weekday,2-Car,No injury/unknown,OTHER (VEHICLE) - EXPLAIN IN NARRATIVE,BARGE & S LEONARD SPRINGS RD,39.135248,-86.582496
901525830,2018,11,4,1200,Weekday,2-Car,No injury/unknown,UNSAFE BACKING,SOUTH WALNUT ST,39.13511247,-86.5312841
901522937,2018,10,7,1600,Weekend,2-Car,No injury/unknown,DRIVER DISTRACTED - EXPLAIN IN NARRATIVE,DUNCAN & SR45W,39.13504,-86.596192
901451608,2018,6,4,1300,Weekday,2-Car,No injury/unknown,FAILURE TO YIELD RIGHT OF WAY,BARGE RD & LEONARD SPRINGS,39.13495,-86.58255372
901319263,2018,3,5,1600,Weekday,2-Car,No injury/unknown,FAILURE TO YIELD RIGHT OF WAY,AIRPORT & SR45W,39.13494583,-86.59632591
901459441,2018,6,7,400,Weekend,1-Car,No injury/unknown,UNSAFE SPEED,S WALNUT ST,39.13493114,-86.52778394
901491770,2018,8,2,1500,Weekday,2-Car,No injury/unknown,UNSAFE BACKING,S WALNUT ST,39.13466464,-86.52758461
901514563,2018,10,4,1700,Weekday,Bus,No injury/unknown,SPEED TOO FAST FOR WEATHER CONDITIONS,S PATTERSON DR & WEST ALLEN,39.13449997,-86.54331207
901278335,2018,2,6,700,Weekday,2-Car,No injury/unknown,FOLLOWING TOO CLOSELY,DUNCAN & SR45W,39.1344878,-86.59697726
901539893,2018,11,7,1600,Weekend,2-Car,No injury/unknown,,ACADIA CT,39.13442,-86.518308
901281323,2018,2,3,1800,Weekday,1-Car,No injury/unknown,RAN OFF ROAD RIGHT,ROCKPORT RD & W COUNTRY CLUB,39.13426528,-86.55084379
901278507,2018,2,6,700,Weekday,2-Car,No injury/unknown,FOLLOWING TOO CLOSELY,AIRPORT & SR45N,39.13410649,-86.5975195
901447387,2018,6,7,900,Weekend,1-Car,No injury/unknown,ROADWAY SURFACE CONDITION,AIRPORT & SR45W,39.1340255,-86.59763467
901311505,2018,3,4,700,Weekday,1-Car,No injury/unknown,ANIMAL/OBJECT IN ROADWAY,HIGH ST & WIMBLETON,39.13354109,-86.50832
901535344,2018,11,2,1900,Weekday,1-Car,Non-incapacitating,RAN OFF ROAD RIGHT,GARDNER ROAD RD & HOFF LANE,39.133376,-86.648848
901508705,2018,10,1,700,Weekend,1-Car,Non-incapacitating,ANIMAL/OBJECT IN ROADWAY,DUNCAN & SR45W,39.13319751,-86.59880735
901508735,2018,10,1,1300,Weekend,2-Car,No injury/unknown,LEFT OF CENTER,COUNTRY CLUB RD & ROGERS,39.13314766,-86.53980173
901499765,2018,9,4,1200,Weekday,2-Car,Incapacitating,FAILURE TO YIELD RIGHT OF WAY,LIBERTY DR & W 3RD,39.13287507,-86.57913641
901489029,2018,8,3,1400,Weekday,Moped/Motorcycle,Non-incapacitating,IMPROPER TURNING,THIRD & WALNUT ST,39.13286143,-86.53360637
901458962,2018,6,3,0,Weekday,2-Car,Non-incapacitating,OTHER (DRIVER) - EXPLAIN IN NARRATIVE,BUNGER & SR45W,39.13207097,-86.60035542
901510072,2018,10,3,1300,Weekday,2-Car,Incapacitating,FOLLOWING TOO CLOSELY,RIDGEVIEW & SOUTH WALNUT ST,39.13200353,-86.53142631
901265950,2018,1,2,700,Weekday,1-Car,No injury/unknown,ANIMAL/OBJECT IN ROADWAY,SR446N & SWARTZ RIDGE,39.13176339,-86.44845359
901265517,2018,1,4,1600,Weekday,2-Car,No injury/unknown,FOLLOWING TOO CLOSELY,PINEWOOD & S WALNUT ST,39.13152,-86.53143
901499894,2018,9,4,1600,Weekday,Bus,No injury/unknown,UNSAFE SPEED,W PINEWOOD DR & WALNUT,39.13152,-86.53142135
901334199,2018,4,2,2300,Weekday,2-Car,No injury/unknown,UNSAFE BACKING,WALNUT ST,39.13146515,-86.53145486
901447559,2018,5,2,900,Weekday,2-Car,No injury/unknown,UNSAFE BACKING,WEST RED ROCK RD,39.131052,-86.585451
901352207,2018,5,7,1400,Weekend,2-Car,Non-incapacitating,FAILURE TO YIELD RIGHT OF WAY,ALLENDALE & WALNUT STREET PIKE,39.130944,-86.526688
901267641,2018,1,4,2300,Weekday,1-Car,No injury/unknown,RAN OFF ROAD RIGHT,ROCKCREST & WICKENS DR,39.12980181,-86.54795
901533544,2018,11,3,600,Weekday,2-Car,No injury/unknown,LEFT OF CENTER,LOIS LN & ROGERS,39.12969,-86.53862
901259882,2018,1,2,1900,Weekday,1-Car,No injury/unknown,ROADWAY SURFACE CONDITION,S SR 446 & S SWARTZ RIDGE RD,39.12955,-86.44695
901482476,2018,8,6,1600,Weekday,2-Car,No injury/unknown,VIEW OBSTRUCTED,BUNGER & SR45W,39.12936,-86.604336
901483699,2018,8,6,1600,Weekday,2-Car,No injury/unknown,OTHER (DRIVER) - EXPLAIN IN NARRATIVE,BUNGER & SR45W,39.12936,-86.604336
901531984,2018,11,7,1500,Weekend,2-Car,No injury/unknown,FAILURE TO YIELD RIGHT OF WAY,BUNGER & SR45W,39.12936,-86.604336
901512449,2018,10,1,1400,Weekend,2-Car,Non-incapacitating,DRIVER DISTRACTED - EXPLAIN IN NARRATIVE,BUNGER & SR 45 HWY,39.12925,-86.6043
901268494,2018,1,3,1000,Weekday,Bus,No injury/unknown,SPEED TOO FAST FOR WEATHER CONDITIONS,ENDWRIGHT RD & WENDYS,39.12914628,-86.59631
901285604,2018,2,5,1600,Weekday,2-Car,Non-incapacitating,OTHER (DRIVER) - EXPLAIN IN NARRATIVE,S WALNUT ST,39.12901992,-86.52678557
901337859,2018,4,5,2100,Weekday,2-Car,No injury/unknown,UNSAFE BACKING,HEATHERWOOD DR,39.128848,-86.58797527
901512218,2018,10,5,2000,Weekday,Moped/Motorcycle,Non-incapacitating,OTHER (DRIVER) - EXPLAIN IN NARRATIVE,HEATHERWOOD DR & IVY,39.128848,-86.587328
901539043,2018,11,5,100,Weekday,2-Car,No injury/unknown,UNSAFE BACKING,HEATHERWOOD & PRIMROSE LN,39.128848,-86.587456
901439760,2018,6,3,1200,Weekday,1-Car,No injury/unknown,UNSAFE BACKING,LILAC LN,39.12837108,-86.58554313
901480070,2018,8,7,100,Weekend,1-Car,Non-incapacitating,RAN OFF ROAD RIGHT,KNIGHTRIDGE & SR446S,39.12836029,-86.4668481
901279728,2018,2,2,700,Weekday,2-Car,No injury/unknown,ROADWAY SURFACE CONDITION,HENNESSEY & S ROCKPORT RD,39.12819,-86.55672
901528100,2018,11,1,1300,Weekend,2-Car,No injury/unknown,UNSAFE BACKING,WALNUT ST PIKE,39.1279476,-86.5267352
901310404,2018,3,1,1100,Weekend,1-Car,No injury/unknown,,WALNUT STREET PIKE,39.127931,-86.526769
901544108,2018,12,6,1400,Weekday,2-Car,No injury/unknown,UNSAFE BACKING,S WALNUT STREET PIKE,39.127931,-86.526769
901323197,2018,3,1,1400,Weekend,3+ Cars,No injury/unknown,ROADWAY SURFACE CONDITION,ISON & SR45W,39.12790321,-86.60654596
901484031,2018,8,1,700,Weekend,1-Car,No injury/unknown,DRIVER ASLEEP OR FATIGUED,ISON & SR45S,39.12790321,-86.60646801
901504969,2018,9,6,1600,Weekday,3+ Cars,No injury/unknown,DRIVER DISTRACTED - EXPLAIN IN NARRATIVE,ISON & SR45W,39.12790321,-86.60654596
901253576,2018,1,2,2200,Weekday,3+ Cars,Non-incapacitating,ALCOHOLIC BEVERAGES,LAURA WAY,39.127466,-86.517574
901490592,2018,8,7,300,Weekend,1-Car,No injury/unknown,RAN OFF ROAD RIGHT,REBA & WOODHAVEN DR,39.12741047,-86.57441294
901329723,2018,4,3,1900,Weekday,Pedestrian,Non-incapacitating,PEDESTRIAN ACTION,S WALNUT ST,39.12716835,-86.52677353
901261289,2018,1,5,1100,Weekday,2-Car,No injury/unknown,UNSAFE BACKING,S SARE RD,39.126921,-86.50403
901268495,2018,1,3,1500,Weekday,Bus,No injury/unknown,ANIMAL/OBJECT IN ROADWAY,GROSS RD & KNIGHTRIDGE,39.12669,-86.43573287
901303413,2018,2,7,1500,Weekend,2-Car,No injury/unknown,UNSAFE SPEED,HEATHERWOOD & LEONARD SPRINGS RD,39.12615419,-86.58252391
901542316,2018,12,4,900,Weekday,1-Car,Non-incapacitating,ROADWAY SURFACE CONDITION,HENNESSEY & ROCKPORT RD,39.12603203,-86.55917645
901334563,2018,4,3,1400,Weekday,2-Car,Non-incapacitating,FAILURE TO YIELD RIGHT OF WAY,HENNESSEY & MCDOPUGAL ST,39.12594463,-86.55359745
901269153,2018,1,5,800,Weekday,1-Car,No injury/unknown,ROADWAY SURFACE CONDITION,CAROLWINDS & SO FAIRFAX RD,39.12572725,-86.49855384
901475373,2018,7,4,1300,Weekday,2-Car,No injury/unknown,IMPROPER TURNING,E BURKS DR & SO WALNUT,39.12557,-86.52672
901480239,2018,8,7,1600,Weekend,2-Car,Non-incapacitating,LEFT OF CENTER,JAMIE LN & WOODS EDGE,39.1255,-86.51765433
901281208,2018,2,3,2300,Weekday,3+ Cars,No injury/unknown,SPEED TOO FAST FOR WEATHER CONDITIONS,S PARKRIDGE RD,39.125465,-86.539218
901258888,2018,1,5,600,Weekday,3+ Cars,No injury/unknown,SPEED TOO FAST FOR WEATHER CONDITIONS,SR45W,39.125312,-86.610496
901323206,2018,4,5,1600,Weekday,2-Car,No injury/unknown,NONE (DRIVER),SR45W,39.125312,-86.610496
901334565,2018,4,4,100,Weekday,1-Car,No injury/unknown,UNSAFE BACKING,W 45 HWY,39.125312,-86.610496
901339923,2018,4,6,1100,Weekday,2-Car,No injury/unknown,UNSAFE BACKING,W SR45 HWY,39.125312,-86.610496
901464199,2018,7,6,1400,Weekday,2-Car,No injury/unknown,FAILURE TO YIELD RIGHT OF WAY,SR45W,39.125312,-86.610496
901478073,2018,7,6,1400,Weekday,2-Car,No injury/unknown,IMPROPER TURNING,W SR45 HWY,39.125312,-86.610496
901491849,2018,8,2,1900,Weekday,2-Car,No injury/unknown,UNSAFE BACKING,W SR45 HWY,39.125312,-86.610496
901500260,2018,9,7,1700,Weekend,2-Car,No injury/unknown,UNSAFE BACKING,SR45W,39.125312,-86.610496
901531981,2018,11,7,1200,Weekend,2-Car,No injury/unknown,OTHER (DRIVER) - EXPLAIN IN NARRATIVE,STATE ROAD 45 RD,39.125312,-86.610496
901545775,2018,12,6,2000,Weekend,2-Car,No injury/unknown,OTHER (DRIVER) - EXPLAIN IN NARRATIVE,W SR45 HWY,39.125312,-86.610496
901546646,2018,11,3,2000,Weekday,2-Car,No injury/unknown,OTHER (DRIVER) - EXPLAIN IN NARRATIVE,SR45W,39.125312,-86.610496