Master Record Number,Year,Month,Day,Hour,Weekend,Collision Type,Injury Type,Primary Factor,Reported_Location,Latitude,Longitude
901464810,2018,7,3,1000,Weekday,1-Car,No injury/unknown,DRIVER ILLNESS,JEFFERY & SIMS LN,39.12456,-86.578144
901316743,2018,3,5,1700,Weekday,2-Car,No injury/unknown,UNSAFE SPEED,ROCKCREST & WICKENS ST,39.12452,-86.54795
901544744,2018,12,7,700,Weekend,1-Car,No injury/unknown,SPEED TOO FAST FOR WEATHER CONDITIONS,SR 37 HWY & VERNAL,39.12448822,-86.5609886
901322543,2018,4,6,700,Weekday,1-Car,Non-incapacitating,RAN OFF ROAD RIGHT,S WALNUT ST,39.12380844,-86.52665285
901288077,2018,1,1,1900,Weekday,1-Car,No injury/unknown,RAN OFF ROAD RIGHT,FULLERTON & LEONARD SPRINGS RD,39.12378791,-86.58258191
901473432,2018,7,7,1100,Weekend,2-Car,No injury/unknown,LEFT OF CENTER,S HENEDERSON & WALNUT ST PIKE,39.12356379,-86.52687
901295002,2018,2,4,700,Weekday,1-Car,No injury/unknown,ANIMAL/OBJECT IN ROADWAY,FULLERTON & SR37N,39.12353107,-86.57167588
901539910,2018,11,3,1900,Weekday,1-Car,No injury/unknown,SPEED TOO FAST FOR WEATHER CONDITIONS,LEONARD SPRINGS RD & WEST FULLERTON,39.123376,-86.582592
901327402,2018,4,4,1800,Weekday,2-Car,Non-incapacitating,FAILURE TO YIELD RIGHT OF WAY,FULLERTON PIKE & SIMS,39.123248,-86.578192
901527777,2018,11,6,1600,Weekday,2-Car,No injury/unknown,FAILURE TO YIELD RIGHT OF WAY,FULLERTON & SIMS LN,39.123248,-86.578192
901395519,2018,5,3,900,Weekday,2-Car,No injury/unknown,OTHER (VEHICLE) - EXPLAIN IN NARRATIVE,SR37N & TAPP,39.12269493,-86.57133841
901361482,2018,5,6,1100,Weekday,3+ Cars,Non-incapacitating,FAILURE TO YIELD RIGHT OF WAY,LEAONARD SPRINGS & SR45W,39.12240491,-86.61427773
901507743,2018,10,6,800,Weekday,2-Car,No injury/unknown,FAILURE TO YIELD RIGHT OF WAY,LEONARD SPRINGS & SR45W,39.12240491,-86.61426474
901536257,2018,11,6,1800,Weekday,2-Car,No injury/unknown,FAILURE TO YIELD RIGHT OF WAY,LEONARD SPRINGS & SR45W,39.12240491,-86.61426041
901269606,2018,1,6,1800,Weekday,1-Car,No injury/unknown,ANIMAL/OBJECT IN ROADWAY,FULLERTON & SR37S,39.122352,-86.5712
901278853,2018,2,6,1800,Weekday,2-Car,Non-incapacitating,HEADLIGHT DEFECTIVE OR NOT ON,FULLERTON & SR37S,39.122352,-86.5712
901353876,2018,5,4,800,Weekday,2-Car,Non-incapacitating,GLARE,DUNCAN & W LEONARD SPRINGS RD,39.122352,-86.5964
901304195,2018,2,7,1500,Weekend,2-Car,No injury/unknown,FAILURE TO YIELD RIGHT OF WAY,SR45W & WEST LEONARD SPRINGS,39.12224,-86.6144
901305804,2018,3,2,1200,Weekday,2-Car,Non-incapacitating,FAILURE TO YIELD RIGHT OF WAY,ELLER & SR45N,39.12224,-86.6144
901330132,2018,4,4,800,Weekday,3+ Cars,No injury/unknown,FAILURE TO YIELD RIGHT OF WAY,ELLER & SR45W,39.12224,-86.6144
901367922,2018,5,7,2200,Weekend,3+ Cars,No injury/unknown,FAILURE TO YIELD RIGHT OF WAY,SR45W & W ELLER,39.12224,-86.6144
901403320,2018,5,5,1900,Weekday,1-Car,No injury/unknown,CELL PHONE USAGE,SR45W & W ELLER RD,39.12224,-86.6144
901558288,2018,12,4,700,Weekday,2-Car,Non-incapacitating,FAILURE TO YIELD RIGHT OF WAY,ELLER ROAD & SR45W,39.12224,-86.6144
901274834,2018,2,5,1600,Weekday,2-Car,No injury/unknown,NONE (DRIVER),FULLERTON PIKE,39.122231,-86.573393
901558724,2018,12,4,1000,Weekday,2-Car,No injury/unknown,UNSAFE BACKING,FULLERTON PIKE,39.122231,-86.573393
901262888,2018,1,2,1600,Weekday,2-Car,No injury/unknown,FAILURE TO YIELD RIGHT OF WAY,FULLERTON & ROCKPORT RD,39.122224,-86.562688
901517723,2018,9,1,2000,Weekday,1-Car,No injury/unknown,RAN OFF ROAD RIGHT,FULERTON PIKE & S ROCKPORT,39.122224,-86.562688
901260829,2018,1,4,1500,Weekday,Moped/Motorcycle,Non-incapacitating,FAILURE TO YIELD RIGHT OF WAY,FULLERTON PIKE & SR37S,39.12220683,-86.57140464
901310022,2018,3,2,2000,Weekday,2-Car,Non-incapacitating,FAILURE TO YIELD RIGHT OF WAY,FULLERTON & SR37S,39.12220683,-86.57140464
901315707,2018,3,5,1600,Weekday,2-Car,Non-incapacitating,DISREGARD SIGNAL/REG SIGN,FULLERTON & SR37S,39.12220683,-86.57140464
901401059,2018,5,4,1700,Weekday,2-Car,Non-incapacitating,FAILURE TO YIELD RIGHT OF WAY,FULLERTON & SR37N,39.12220683,-86.57140464
901486758,2018,8,6,700,Weekday,1-Car,No injury/unknown,ANIMAL/OBJECT IN ROADWAY,FULLERTON & SR37S,39.12220683,-86.57140464
901500057,2018,9,7,300,Weekend,2-Car,No injury/unknown,OVERCORRECTING/OVERSTEERING,FULLERTON & SR37S,39.12220683,-86.57140464
901501041,2018,9,6,1800,Weekday,2-Car,No injury/unknown,FOLLOWING TOO CLOSELY,FULLERTON PIKE & STATE ROAD 37,39.12220683,-86.57140464
901560692,2018,12,2,1000,Weekday,2-Car,Non-incapacitating,DISREGARD SIGNAL/REG SIGN,FULLERTON & SR37S,39.12220683,-86.57140464
901558772,2018,12,6,1800,Weekday,2-Car,No injury/unknown,LANE MARKING OBSCURED,FULLERTON PIKE & S ROCKPORT,39.12218,-86.56260866
901269421,2018,1,3,500,Weekday,2-Car,No injury/unknown,OTHER (DRIVER) - EXPLAIN IN NARRATIVE,FULLERTON & SR37N,39.1218974,-86.57080413
901298148,2018,2,4,800,Weekday,2-Car,No injury/unknown,ROADWAY SURFACE CONDITION,HARRELL RD & RHORER,39.121808,-86.498784
901526367,2018,11,4,1100,Weekday,2-Car,No injury/unknown,FAILURE TO YIELD RIGHT OF WAY,HARRELL & RHORER RD,39.121808,-86.498784
901505105,2018,9,7,300,Weekend,Moped/Motorcycle,Non-incapacitating,RAN OFF ROAD RIGHT,GORDON PIKE & WICKENS,39.1218,-86.54793
901288081,2018,2,7,1600,Weekend,2-Car,No injury/unknown,OTHER (DRIVER) - EXPLAIN IN NARRATIVE,GORDON & ROGERS ST,39.121648,-86.539088
901542484,2018,12,4,2200,Weekday,1-Car,No injury/unknown,SPEED TOO FAST FOR WEATHER CONDITIONS,GORDON PIKE & ROGERS,39.121648,-86.539088
901294983,2018,2,4,700,Weekday,1-Car,Non-incapacitating,SPEED TOO FAST FOR WEATHER CONDITIONS,DILLMAN & SOUTH WALNUT ST,39.12159989,-86.53137803
901320148,2018,3,6,1700,Weekday,2-Car,No injury/unknown,DRIVER DISTRACTED - EXPLAIN IN NARRATIVE,GORDON PIKE & ROGERS,39.12158151,-86.53803368
901525785,2018,11,4,700,Weekday,Pedestrian,Incapacitating,PEDESTRIAN ACTION,GORDON PIKE & SOUTH ROGERS,39.12156724,-86.53768156
901340699,2018,4,2,900,Weekday,2-Car,No injury/unknown,FOLLOWING TOO CLOSELY,OLD SR 37 RD & RHORER,39.121552,-86.531296
901473963,2018,7,6,2200,Weekend,2-Car,No injury/unknown,OTHER (DRIVER) - EXPLAIN IN NARRATIVE,GORDON & GORDON PIKE,39.121552,-86.531296
901546736,2018,12,1,2000,Weekday,1-Car,No injury/unknown,RAN OFF ROAD RIGHT,RHORER RD & S OLD SR 37,39.121552,-86.531296
901285770,2018,2,5,1900,Weekday,1-Car,No injury/unknown,ANIMAL/OBJECT IN ROADWAY,E RHORER RD & S JAMIE,39.12152,-86.51792
901288079,2018,2,6,800,Weekday,2-Car,No injury/unknown,FOLLOWING TOO CLOSELY,1350 E RHORER RD & JAMIE,39.12152,-86.51792
901343694,2018,4,6,1600,Weekday,Moped/Motorcycle,Non-incapacitating,OTHER (DRIVER) - EXPLAIN IN NARRATIVE,E RHORER RD & S JAMIE,39.12152,-86.51792
901505108,2018,9,6,1500,Weekday,2-Car,No injury/unknown,,GORDON PIKE,39.12148,-86.535479
901279722,2018,2,2,1600,Weekday,1-Car,No injury/unknown,BRAKE FAILURE OR DEFECTIVE,GORDON PIKE,39.12145892,-86.53543686
901466462,2018,7,6,2200,Weekend,2-Car,Non-incapacitating,DRIVER DISTRACTED - EXPLAIN IN NARRATIVE,GORDON PIKE,39.12145892,-86.53543686
901263715,2018,1,3,2000,Weekday,2-Car,No injury/unknown,ROADWAY SURFACE CONDITION,RHORER RD & S WALNUT STREET,39.12144,-86.526496
901272397,2018,2,4,1400,Weekday,2-Car,No injury/unknown,OTHER (DRIVER) - EXPLAIN IN NARRATIVE,RHORER & WALNUT STREET PIKE,39.12144,-86.526496
901320147,2018,3,5,1400,Weekday,2-Car,No injury/unknown,FOLLOWING TOO CLOSELY,RHORER & S WALNUT ST PK PIKE,39.12144,-86.526496
901326291,2018,4,7,800,Weekend,2-Car,Non-incapacitating,DISREGARD SIGNAL/REG SIGN,RHORER & WALNUT ST,39.12144,-86.526496
901342170,2018,4,3,1800,Weekday,2-Car,No injury/unknown,FOLLOWING TOO CLOSELY,E RHOHER RD & S WALNUT,39.12144,-86.52663
901356467,2018,5,2,1700,Weekday,2-Car,Non-incapacitating,FOLLOWING TOO CLOSELY,RHORER & SARE RD,39.12144,-86.51158
901475764,2018,7,2,1500,Weekday,3+ Cars,No injury/unknown,DRIVER DISTRACTED - EXPLAIN IN NARRATIVE,RHORER & WALNUT STREET PIKE,39.12144,-86.526496
901479185,2018,7,6,2100,Weekend,2-Car,No injury/unknown,FAILURE TO YIELD RIGHT OF WAY,RHORER & WALNUT ST,39.12144,-86.526496
901483948,2018,8,7,1400,Weekend,2-Car,No injury/unknown,OTHER (DRIVER) - EXPLAIN IN NARRATIVE,RHORER RD & WALNUT STREET,39.12144,-86.526496
901486017,2018,8,2,1700,Weekday,2-Car,No injury/unknown,FAILURE TO YIELD RIGHT OF WAY,S WALNUT ST,39.12144,-86.526496
901490522,2018,8,3,1400,Weekday,2-Car,No injury/unknown,FAILURE TO YIELD RIGHT OF WAY,RHORER & WALNUT ST,39.12144,-86.52663
901499948,2018,9,3,700,Weekday,2-Car,No injury/unknown,FAILURE TO YIELD RIGHT OF WAY,RHORER & WALNUT ST PIKE,39.12144,-86.526496
901517719,2018,10,2,2300,Weekday,2-Car,No injury/unknown,DISREGARD SIGNAL/REG SIGN,RHORER RD & WALNUT STREET,39.12144,-86.526496
901546679,2018,12,6,1600,Weekday,2-Car,No injury/unknown,FOLLOWING TOO CLOSELY,RHORER RD & WALNUT STREET,39.12144,-86.526496
901343255,2018,4,3,1400,Weekday,2-Car,Non-incapacitating,FOLLOWING TOO CLOSELY,E RHORER & OLD ST RD 37 RD,39.12142,-86.53135
901395506,2018,5,5,1700,Weekday,3+ Cars,No injury/unknown,DRIVER DISTRACTED - EXPLAIN IN NARRATIVE,GORDON PIKE & WALNUT,39.12142,-86.53135
901468974,2018,7,5,2200,Weekday,2-Car,No injury/unknown,FAILURE TO YIELD RIGHT OF WAY,GORDON & WALNUT ST,39.12142,-86.53135
901535384,2018,11,4,2000,Weekday,3+ Cars,Non-incapacitating,FAILURE TO YIELD RIGHT OF WAY,OLD SR 37 RD & WEST GORDON,39.12142,-86.53135
901508815,2018,10,1,2000,Weekday,2-Car,No injury/unknown,ACCELERATOR FAILURE OR DEFECTIVE,S OL SR 37 HWY,39.121122,-86.531339
901516187,2018,10,1,1800,Weekend,2-Car,No injury/unknown,UNSAFE BACKING,S OLD SR37 HWY,39.121122,-86.531339
901312104,2018,3,5,800,Weekday,Bus,No injury/unknown,OTHER (DRIVER) - EXPLAIN IN NARRATIVE,FALCON & WREN CIR,39.12106,-86.54708596
901537365,2018,11,5,700,Weekday,1-Car,No injury/unknown,ROADWAY SURFACE CONDITION,RED OAK & SR446S,39.12073915,-86.42329198
901430059,2018,6,3,2200,Weekday,2-Car,Non-incapacitating,FOLLOWING TOO CLOSELY,DUNLAP & SR45W,39.119344,-86.618896
901322767,2018,4,7,1100,Weekend,2-Car,No injury/unknown,OTHER (DRIVER) - EXPLAIN IN NARRATIVE,PETAL & SUNFLOWER DR,39.11919422,-86.55386
901278365,2018,2,7,300,Weekend,3+ Cars,No injury/unknown,FAILURE TO YIELD RIGHT OF WAY,BALFOUR & JORDAN AVE,39.11890193,-86.51263769
901447766,2018,6,2,1500,Weekday,2-Car,Non-incapacitating,FAILURE TO YIELD RIGHT OF WAY,DUNLAP & SR45S,39.11838298,-86.62061456
901271316,2018,1,1,1800,Weekend,1-Car,No injury/unknown,ANIMAL/OBJECT IN ROADWAY,ROCKPORT & SR37S,39.11832992,-86.56769774
901473795,2018,7,2,1900,Weekday,1-Car,No injury/unknown,UNSAFE SPEED,FULLERTON & LEONARD SPRINGS RD,39.11811834,-86.58254
901515361,2018,10,6,1100,Weekday,2-Car,No injury/unknown,UNSAFE BACKING,SOUTH OLD HWY 37 HWY,39.1179298,-86.53126269
901349502,2018,4,5,1900,Weekday,3+ Cars,No injury/unknown,OTHER (DRIVER) - EXPLAIN IN NARRATIVE,DUNLAP & SR45W,39.11774229,-86.62176025
901279723,2018,2,3,0,Weekday,1-Car,No injury/unknown,RAN OFF ROAD RIGHT,ROCKPORT & SR37S,39.117648,-86.567104
901536430,2018,11,7,300,Weekend,1-Car,No injury/unknown,ANIMAL/OBJECT IN ROADWAY,SR37S & THAT,39.11755967,-86.566998
901516186,2018,10,1,1500,Weekend,Moped/Motorcycle,Non-incapacitating,ROADWAY SURFACE CONDITION,OLD RICHARDSON & SR446S,39.11746709,-86.43136527
901544646,2018,12,7,1200,Weekend,2-Car,Non-incapacitating,FOLLOWING TOO CLOSELY,DARRELL & SR45W,39.11694764,-86.62318118
901254782,2018,1,5,700,Weekday,2-Car,No injury/unknown,ROADWAY SURFACE CONDITION,ROCKPORT & SR37S,39.11664474,-86.5659002
901490588,2018,8,7,400,Weekend,Moped/Motorcycle,Non-incapacitating,ANIMAL/OBJECT IN ROADWAY,ROCKPORT & SR37S,39.11664474,-86.5659002
901445483,2018,6,6,1500,Weekday,1-Car,Non-incapacitating,RAN OFF ROAD RIGHT,FAIRFAX RD & MARIE,39.11623853,-86.52248
901409281,2018,6,5,2000,Weekday,1-Car,No injury/unknown,ANIMAL/OBJECT IN ROADWAY,SR37S & THAT,39.11595373,-86.56507293
901515074,2018,10,4,1800,Weekday,2-Car,Incapacitating,LEFT OF CENTER,MILL STONE & S SARE RD,39.11584744,-86.50865
901403160,2018,5,5,1600,Weekday,2-Car,No injury/unknown,SPEED TOO FAST FOR WEATHER CONDITIONS,SR37S & TAPP,39.11562811,-86.57320781
901485776,2018,8,3,800,Weekday,1-Car,No injury/unknown,OTHER (DRIVER) - EXPLAIN IN NARRATIVE,ST RD 37 & W THAT RD,39.11525711,-86.56526674
901562897,2018,12,5,100,Weekday,1-Car,No injury/unknown,RAN OFF ROAD RIGHT,HUGHES & MOORES CREEK RD,39.11503,-86.4711
901271319,2018,2,2,1700,Weekday,1-Car,No injury/unknown,DRIVER DISTRACTED - EXPLAIN IN NARRATIVE,SR45W & WEST DINSMORE,39.11500139,-86.62746724
901557987,2018,12,2,2000,Weekday,1-Car,No injury/unknown,ROADWAY SURFACE CONDITION,SR37S & THAT,39.11497753,-86.56383375
901452853,2018,6,2,2100,Weekday,2-Car,No injury/unknown,FOLLOWING TOO CLOSELY,ROGERS & THAT RD,39.11474277,-86.54114609
901338684,2018,4,2,1500,Weekday,Cyclist,No injury/unknown,OTHER (DRIVER) - EXPLAIN IN NARRATIVE,S ROGERS & THAT RD,39.11467333,-86.53974196
901272396,2018,2,4,900,Weekday,2-Car,No injury/unknown,OTHER (DRIVER) - EXPLAIN IN NARRATIVE,ROGERS & THAT RD,39.11464,-86.539392
901475916,2018,7,5,1100,Weekday,2-Car,No injury/unknown,OTHER (DRIVER) - EXPLAIN IN NARRATIVE,CHELSEY CT & QUEENS,39.11462147,-86.5054
901534809,2018,11,3,1500,Weekday,2-Car,No injury/unknown,FAILURE TO YIELD RIGHT OF WAY,W THAT RD,39.114606,-86.545574
901536393,2018,11,7,300,Weekend,1-Car,No injury/unknown,ANIMAL/OBJECT IN ROADWAY,SR37S & THAT,39.11459454,-86.56332826
901479184,2018,7,6,1700,Weekday,2-Car,No injury/unknown,FAILURE TO YIELD RIGHT OF WAY,DINSMORE & SR45W,39.11431572,-86.63248973
901519889,2018,10,1,1500,Weekend,1-Car,No injury/unknown,ROADWAY SURFACE CONDITION,PINE GROVE ROAD & SR446N,39.11407221,-86.43017343
901268498,2018,1,4,1500,Weekday,2-Car,Non-incapacitating,OTHER (DRIVER) - EXPLAIN IN NARRATIVE,HARMONY & SR45W,39.11274605,-86.63555756
901470001,2018,7,7,1200,Weekend,Moped/Motorcycle,Non-incapacitating,RAN OFF ROAD RIGHT,OLD RICHARDSON & SR446S,39.11218694,-86.43136527
901550558,2018,12,1,1600,Weekend,1-Car,No injury/unknown,RAN OFF ROAD RIGHT,SR37N & W 3RD,39.11155226,-86.5732966
901460583,2018,6,6,2200,Weekend,2-Car,No injury/unknown,FOLLOWING TOO CLOSELY,HARMONY RD & STATE ROAD 45,39.11108,-86.6382
901506258,2018,9,3,700,Weekday,2-Car,Non-incapacitating,FOLLOWING TOO CLOSELY,S HARMONY RD & SR 45 SOUTH,39.11108,-86.6382
901353880,2018,5,5,1800,Weekday,2-Car,Non-incapacitating,FAILURE TO YIELD RIGHT OF WAY,GARRISON CHAPLE & SR45W,39.11105313,-86.63807627
901560661,2018,12,2,800,Weekday,1-Car,No injury/unknown,IMPROPER TURNING,HARMONY & SR45N,39.11105313,-86.6381629
901264248,2018,1,2,2100,Weekday,2-Car,Non-incapacitating,ALCOHOLIC BEVERAGES,S HARMONY & SR45W,39.111024,-86.638304
901327405,2018,4,5,2000,Weekday,3+ Cars,No injury/unknown,FAILURE TO YIELD RIGHT OF WAY,S HARMONY & SR45W,39.111024,-86.638304
901432959,2018,6,4,1200,Weekday,2-Car,No injury/unknown,FAILURE TO YIELD RIGHT OF WAY,HARMONY & SR45W,39.111024,-86.638304
901480184,2018,8,6,1600,Weekday,2-Car,Non-incapacitating,FAILURE TO YIELD RIGHT OF WAY,HARMONY & SR45W,39.111024,-86.638304
901548508,2018,12,5,700,Weekday,3+ Cars,No injury/unknown,DRIVER DISTRACTED - EXPLAIN IN NARRATIVE,HARMONY ROAD & SR45W,39.111024,-86.638304
901288072,2018,2,2,1300,Weekday,1-Car,No injury/unknown,SPEED TOO FAST FOR WEATHER CONDITIONS,DEERFIELD DR & RHORER,39.11090296,-86.5046532
901468908,2018,7,2,1600,Weekday,2-Car,No injury/unknown,FOLLOWING TOO CLOSELY,GARRISON CHAPEL & SR45W,39.11068027,-86.638854
901319258,2018,3,2,1800,Weekday,2-Car,No injury/unknown,ROADWAY SURFACE CONDITION,E MOFFETT & S FAIRFAX RD,39.11045982,-86.51788327
901457941,2018,6,2,1100,Weekday,3+ Cars,Incapacitating,FOLLOWING TOO CLOSELY,SR37S & WAYSIDE,39.11000843,-86.53115273
901327354,2018,4,1,1300,Weekend,1-Car,No injury/unknown,STEERING FAILURE,ELWREN RD & ELWREN RUNAROUND,39.10896,-86.66950833
901343261,2018,4,6,200,Weekday,1-Car,Incapacitating,RAN OFF ROAD RIGHT,HARMONY & ISON RD,39.108848,-86.6384
901306258,2018,3,3,1500,Weekday,2-Car,No injury/unknown,LEFT OF CENTER,ELWREN RD & STANFORD,39.10838522,-86.67147594
901298145,2018,2,2,800,Weekday,1-Car,Non-incapacitating,OTHER (DRIVER) - EXPLAIN IN NARRATIVE,8999 W ELWREN RD & STANFORD,39.10824,-86.666192
901473148,2018,7,5,1400,Weekday,1-Car,Non-incapacitating,RAN OFF ROAD RIGHT,ROCKPORT RD & STANSIFER,39.108032,-86.575552
901344113,2018,4,6,700,Weekday,1-Car,No injury/unknown,UNSAFE SPEED,MOORES CREEK RD & SWARTZ RIDGE,39.107904,-86.462368
901407711,2018,5,6,500,Weekday,1-Car,No injury/unknown,ANIMAL/OBJECT IN ROADWAY,CHURCH & VICTOR PIKE,39.107552,-86.549792
901437639,2018,6,6,0,Weekday,1-Car,No injury/unknown,UNSAFE SPEED,CHURCH LN & ROGERS,39.107456,-86.540064
901560103,2018,12,6,1400,Weekday,2-Car,No injury/unknown,ROADWAY SURFACE CONDITION,CHURCH & S ROGERS RD,39.107456,-86.540064
901530870,2018,11,7,2100,Weekend,1-Car,No injury/unknown,ANIMAL/OBJECT IN ROADWAY,SR37S & VICTOR,39.10743375,-86.55367188
901308324,2018,3,6,1800,Weekday,Moped/Motorcycle,Non-incapacitating,FAILURE TO YIELD RIGHT OF WAY,WALNUT ST & WALNUT ST PIKE,39.107344,-86.5264
901557874,2018,12,3,1400,Weekday,2-Car,Non-incapacitating,FAILURE TO YIELD RIGHT OF WAY,S WALNUT ST & S WALNUT STREET,39.107344,-86.5264
901353883,2018,5,6,1800,Weekday,2-Car,No injury/unknown,UNSAFE BACKING,FAIRFAX RD & MCCORMICK,39.10732129,-86.50779
901288078,2018,2,5,1600,Weekday,2-Car,No injury/unknown,FAILURE TO YIELD RIGHT OF WAY,FAIRFAX RD & SOUTH OLD STATE ROAD 37,39.10728287,-86.53145486
901445486,2018,6,7,1800,Weekend,2-Car,Non-incapacitating,FAILURE TO YIELD RIGHT OF WAY,FAIRFAX & OLD STATE ROAD 37 RD,39.10726,-86.53149
901487370,2018,8,6,1300,Weekday,2-Car,No injury/unknown,FOLLOWING TOO CLOSELY,FAIRFAX ROAD RD & S OLD HIGHWAY 37,39.10726,-86.53149
901497622,2018,9,7,1700,Weekend,2-Car,No injury/unknown,UNSAFE BACKING,CHURCH LN & OLD SR 37 SOUTH,39.107248,-86.531392
901421239,2018,6,6,1700,Weekday,2-Car,No injury/unknown,FOLLOWING TOO CLOSELY,FAIRFAX RD & WALNUT STREET,39.10716,-86.52651
901517527,2018,10,3,1700,Weekday,Moped/Motorcycle,Incapacitating,FOLLOWING TOO CLOSELY,FAIRFAX RD & WALNUT STREET,39.10716,-86.52651
901323207,2018,4,5,1600,Weekday,2-Car,No injury/unknown,ROADWAY SURFACE CONDITION,FAIRFAX RD & SCHACHT,39.10704,-86.523488
901327408,2018,4,6,1800,Weekday,2-Car,No injury/unknown,DRIVER DISTRACTED - EXPLAIN IN NARRATIVE,EAST SCHACHT & FAIRFAX RD,39.10704,-86.523488
901539276,2018,11,5,1200,Weekday,2-Car,Non-incapacitating,SPEED TOO FAST FOR WEATHER CONDITIONS,FAIRFAX RD & SCHACHT,39.10704,-86.523488
901304171,2018,2,7,500,Weekend,1-Car,No injury/unknown,ANIMAL/OBJECT IN ROADWAY,SR37S & VICTOR,39.10696332,-86.5530299
901406177,2018,5,6,1900,Weekend,1-Car,No injury/unknown,UNSAFE BACKING,OLD SR 37 HWY,39.106848,-86.531568
901395509,2018,5,7,1700,Weekend,2-Car,No injury/unknown,OTHER (DRIVER) - EXPLAIN IN NARRATIVE,VICTOR PIKE,39.106659,-86.550268
901558149,2018,12,4,400,Weekday,2-Car,No injury/unknown,UNSAFE BACKING,VICTOR PIKE,39.106659,-86.550268
901254024,2018,1,4,1100,Weekday,2-Car,Non-incapacitating,DRIVER ASLEEP OR FATIGUED,SR37S & VICTOR PIKE,39.1060873,-86.55179501
901465869,2018,7,4,100,Weekday,1-Car,No injury/unknown,DRIVER DISTRACTED - EXPLAIN IN NARRATIVE,GLASGOW & GLASGOW CIR,39.10594138,-86.55021
901459667,2018,6,7,1900,Weekend,2-Car,Non-incapacitating,FOLLOWING TOO CLOSELY,PINE GROVE & SR446S,39.10575184,-86.43053908
901258890,2018,1,5,1600,Weekday,2-Car,No injury/unknown,DISREGARD SIGNAL/REG SIGN,SR37S & VICTOR PIKE,39.105552,-86.551104
901288073,2018,2,2,1900,Weekday,2-Car,No injury/unknown,DISREGARD SIGNAL/REG SIGN,SR37S & VICTOR,39.105552,-86.551104
901395501,2018,5,2,1600,Weekday,2-Car,Non-incapacitating,DISREGARD SIGNAL/REG SIGN,SR37S & VICTOR,39.105552,-86.551104
901441639,2018,6,7,1000,Weekend,2-Car,Incapacitating,DISREGARD SIGNAL/REG SIGN,S VICTOR & SR37N,39.105552,-86.551104
901458241,2018,6,3,1400,Weekday,2-Car,No injury/unknown,DISREGARD SIGNAL/REG SIGN,SR37N & VICTOR,39.105552,-86.551104
901483856,2018,8,7,800,Weekend,2-Car,No injury/unknown,DRIVER DISTRACTED - EXPLAIN IN NARRATIVE,SR37N & VICTOR,39.105552,-86.551104
901490733,2018,8,4,1500,Weekday,2-Car,Non-incapacitating,DISREGARD SIGNAL/REG SIGN,SR37S & VICTOR,39.105552,-86.551104
901493886,2018,9,6,700,Weekday,2-Car,Incapacitating,FAILURE TO YIELD RIGHT OF WAY,SR37S & VICTOR,39.105552,-86.551104
901511284,2018,10,4,900,Weekday,2-Car,Non-incapacitating,UNSAFE SPEED,SR37S & VICTOR,39.105552,-86.551104
901550695,2018,12,7,2200,Weekend,2-Car,Non-incapacitating,FAILURE TO YIELD RIGHT OF WAY,SR37N & VICTOR,39.105552,-86.551104
901562321,2018,12,3,1600,Weekday,2-Car,No injury/unknown,DRIVER DISTRACTED - EXPLAIN IN NARRATIVE,SR37 & VICTOR PIKE,39.105552,-86.551104
901485777,2018,8,3,1200,Weekday,2-Car,No injury/unknown,UNSAFE BACKING,E PAYNETOWN RD & SHIELDS RIDGE,39.10555134,-86.47715
901254812,2018,1,5,700,Weekday,2-Car,No injury/unknown,SPEED TOO FAST FOR WEATHER CONDITIONS,SR37N & VICTOR,39.10441906,-86.55010785
901262879,2018,1,6,1600,Weekday,2-Car,No injury/unknown,FOLLOWING TOO CLOSELY,BRENNICK & SR45W,39.10408634,-86.64816679
901372079,2018,5,3,700,Weekday,1-Car,Non-incapacitating,DRIVER ILLNESS,SR37 & VICTOR PIKE,39.10395597,-86.55497074
901555777,2018,12,7,100,Weekend,Pedestrian,Fatal,OTHER (DRIVER) - EXPLAIN IN NARRATIVE,COCKRELL RD & S ROCKPORT,39.10273157,-86.57699859
901486146,2018,8,4,300,Weekday,1-Car,Non-incapacitating,RAN OFF ROAD RIGHT,MESA & STIPP RD,39.1003,-86.49090974
901532018,2018,11,7,1800,Weekend,2-Car,No injury/unknown,SPEED TOO FAST FOR WEATHER CONDITIONS,HINDS & SR45,39.10024487,-86.65093271
901316271,2018,3,5,700,Weekday,1-Car,No injury/unknown,ANIMAL/OBJECT IN ROADWAY,SR45N & W JOHN WILLIAMS,39.10005311,-86.65130419
901482473,2018,7,5,1900,Weekday,1-Car,No injury/unknown,RAN OFF ROAD RIGHT,JOHN WILLIAMS & SR45W,39.10005311,-86.65130419
901420301,2018,6,4,1700,Weekday,2-Car,No injury/unknown,OTHER (DRIVER) - EXPLAIN IN NARRATIVE,FAIRFAX RD & MOFFETT,39.09991,-86.51785
901258891,2018,1,6,1200,Weekday,1-Car,No injury/unknown,ROADWAY SURFACE CONDITION,FAIRFAX & MOFFATT LN,39.09984,-86.5176
901495763,2018,9,4,1800,Weekday,2-Car,No injury/unknown,DRIVER DISTRACTED - EXPLAIN IN NARRATIVE,FAIRFAX & MOFFET LN,39.09984,-86.5176
901519360,2018,10,6,2200,Weekend,Pedestrian,Non-incapacitating,PEDESTRIAN ACTION,HARRELL & MOFFATT LN,39.099792,-86.498448
901254893,2018,1,5,700,Weekday,1-Car,No injury/unknown,ROADWAY SURFACE CONDITION,SR37S & VICTOR,39.09978122,-86.54720088