Master Record Number,Year,Month,Day,Hour,Weekend,Collision Type,Injury Type,Primary Factor,Reported_Location,Latitude,Longitude
901256464,2018,1,5,700,Weekday,1-Car,Non-incapacitating,ROADWAY SURFACE CONDITION,SR37S & VICTOR,39.09978122,-86.54720088
901517721,2018,10,3,700,Weekday,3+ Cars,No injury/unknown,SPEED TOO FAST FOR WEATHER CONDITIONS,MERRITT & SR446S,39.0996433,-86.42517712
901279761,2018,2,2,900,Weekday,1-Car,No injury/unknown,SPEED TOO FAST FOR WEATHER CONDITIONS,SR37N & VICTOR,39.09951918,-86.54709526
901327360,2018,4,3,1500,Weekday,2-Car,No injury/unknown,OTHER (DRIVER) - EXPLAIN IN NARRATIVE,SOUTH OLD STATE ROAD 37 RD & SOUTH ROGERS,39.099408,-86.537904
901544835,2018,12,7,1900,Weekend,1-Car,No injury/unknown,RAN OFF ROAD RIGHT,OLD STATE ROAD 37 HWY & ROGERS,39.099408,-86.537904
901260677,2018,1,4,800,Weekday,2-Car,Incapacitating,FOLLOWING TOO CLOSELY,SR45S & STANFORD,39.09890013,-86.65235792
901314591,2018,3,3,800,Weekday,2-Car,No injury/unknown,FOLLOWING TOO CLOSELY,CONSTITUTION & LIBERTY DR,39.09834588,-86.57687
901547050,2018,12,7,0,Weekend,2-Car,Non-incapacitating,ROADWAY SURFACE CONDITION,LIBERTY DR & W CONSTITUTION,39.09834588,-86.57687
901267669,2018,1,3,900,Weekday,3+ Cars,No injury/unknown,FOLLOWING TOO CLOSELY,HINDS ROAD & SR45W,39.09791987,-86.65502648
901387639,2018,5,5,1700,Weekday,1-Car,Non-incapacitating,RAN OFF ROAD RIGHT,HINDS & SR45W,39.09791987,-86.65502648
901493241,2018,9,5,800,Weekday,2-Car,No injury/unknown,LEFT OF CENTER,ELWREN ROAD RD & WEST STATE ROAD 45,39.09711093,-86.64364
901547200,2018,12,7,1000,Weekend,1-Car,No injury/unknown,SPEED TOO FAST FOR WEATHER CONDITIONS,N MT TABOR RD & W COWDEN,39.09706786,-86.62076
901553043,2018,12,4,700,Weekday,2-Car,No injury/unknown,UNSAFE SPEED,FAIRFAX & S WALNUT STREET PIKE,39.09660107,-86.52651
901304172,2018,2,7,600,Weekend,1-Car,No injury/unknown,ROADWAY SURFACE CONDITION,DILLMAN & SR37N,39.09571236,-86.54595204
901517724,2018,10,3,2000,Weekday,1-Car,No injury/unknown,RAN OFF ROAD RIGHT,DILLMAN & SR37S,39.09571236,-86.54595204
901464195,2018,6,3,600,Weekday,1-Car,No injury/unknown,RAN OFF ROAD RIGHT,SOUTH OLD STATE ROAD 37 RD,39.095445,-86.542624
901323201,2018,3,3,900,Weekday,2-Car,Non-incapacitating,OTHER (DRIVER) - EXPLAIN IN NARRATIVE,HINDS & SR45W,39.09532657,-86.65881744
901524964,2018,11,2,1800,Weekday,2-Car,No injury/unknown,IMPROPER LANE USAGE,5730 FAIRFAX RD & HUPP,39.09466068,-86.51719798
901329024,2018,4,1,1300,Weekend,Cyclist,Non-incapacitating,FAILURE TO YIELD RIGHT OF WAY,E HUPP & S FAIRFAX RD,39.09464,-86.516896
901503633,2018,9,5,800,Weekday,2-Car,Non-incapacitating,OTHER (ENVIRONMENTAL) - EXPLAIN IN NARR,GLENVIEW DRIVE ST & VICTOR PIKE,39.09432,-86.55907866
901554727,2018,12,3,2300,Weekday,2-Car,Incapacitating,LEFT OF CENTER,HARMONY RD & MAY,39.09401398,-86.6383688
901504836,2018,9,1,700,Weekend,1-Car,No injury/unknown,OTHER (ENVIRONMENTAL) - EXPLAIN IN NARR,S HARMONY RD & WEST MAY,39.093744,-86.638304
901534783,2018,11,3,1400,Weekday,2-Car,Incapacitating,LEFT OF CENTER,SOUTH BURCH & SR45W,39.09358585,-86.661148
901512499,2018,10,1,1700,Weekend,2-Car,Non-incapacitating,LEFT OF CENTER,BLAIKELEE & MAY RD,39.09344,-86.61231
901484815,2018,8,7,1300,Weekend,1-Car,No injury/unknown,SPEED TOO FAST FOR WEATHER CONDITIONS,SOUTH VICTOR & WEST DILLMAN RD,39.093088,-86.559312
901327359,2018,4,3,1100,Weekday,2-Car,Non-incapacitating,FAILURE TO YIELD RIGHT OF WAY,DILLMAN & SR37S,39.092976,-86.545648
901407715,2018,5,1,1300,Weekend,2-Car,Non-incapacitating,FAILURE TO YIELD RIGHT OF WAY,DILLMAN & SR37S,39.092976,-86.545648
901453622,2018,6,4,1200,Weekday,2-Car,Non-incapacitating,FAILURE TO YIELD RIGHT OF WAY,SR37S & W DILLMAN,39.092976,-86.545648
901457943,2018,6,2,1300,Weekday,2-Car,No injury/unknown,FAILURE TO YIELD RIGHT OF WAY,DILLMAN & SR37N,39.092976,-86.545648
901466747,2018,7,7,1300,Weekend,3+ Cars,Non-incapacitating,FAILURE TO YIELD RIGHT OF WAY,E DILLMAN & SR37S,39.092976,-86.545648
901470360,2018,7,4,1500,Weekday,2-Car,No injury/unknown,FAILURE TO YIELD RIGHT OF WAY,DILLMAN & SR37S,39.092976,-86.545648
901492079,2018,8,2,1700,Weekday,2-Car,No injury/unknown,FAILURE TO YIELD RIGHT OF WAY,DILLMAN & SR37S,39.092976,-86.545648
901500683,2018,9,6,1000,Weekday,2-Car,Non-incapacitating,FAILURE TO YIELD RIGHT OF WAY,DILLMAN & SR37S,39.092976,-86.545648
901501685,2018,9,1,1300,Weekend,2-Car,Non-incapacitating,FAILURE TO YIELD RIGHT OF WAY,DILLMAN & SR37S,39.092976,-86.545648
901514577,2018,10,4,1500,Weekday,2-Car,Non-incapacitating,FAILURE TO YIELD RIGHT OF WAY,DILLMAN & SR37,39.092976,-86.545648
901514858,2018,10,3,1600,Weekday,2-Car,Non-incapacitating,FAILURE TO YIELD RIGHT OF WAY,DILLMAN & SR37S,39.092976,-86.545648
901550560,2018,12,1,1300,Weekend,2-Car,No injury/unknown,FAILURE TO YIELD RIGHT OF WAY,DILLMAN & SR37S,39.092976,-86.545648
901461165,2018,6,1,1000,Weekend,2-Car,Non-incapacitating,DISREGARD SIGNAL/REG SIGN,DILLMAN & OLD SR37S HWY,39.09296,-86.54416
901476433,2018,7,5,1400,Weekday,2-Car,No injury/unknown,FAILURE TO YIELD RIGHT OF WAY,E DILLMAN & S OLD ST RD 37 RD,39.09296,-86.54416
901288067,2018,2,6,1400,Weekday,2-Car,No injury/unknown,FAILURE TO YIELD RIGHT OF WAY,DILLMAN & OLD STATE ROAD 37 RD,39.092944,-86.544
901327413,2018,4,5,1500,Weekday,2-Car,No injury/unknown,FAILURE TO YIELD RIGHT OF WAY,DILLMAN & OLD HWY 37 HWY,39.092944,-86.544
901476491,2018,7,2,1300,Weekday,2-Car,Non-incapacitating,FAILURE TO YIELD RIGHT OF WAY,DILLMAN & OLD STATE ROAD 37 RD,39.092944,-86.544
901478599,2018,8,2,1200,Weekday,2-Car,No injury/unknown,FAILURE TO YIELD RIGHT OF WAY,EAST DILLMAN & SOUTH OLD STATE ROAD 37 HWY,39.092944,-86.544
901523537,2018,10,7,1000,Weekend,3+ Cars,No injury/unknown,FAILURE TO YIELD RIGHT OF WAY,DILLMAN ROAD RD & OLD STATE ROAD 37,39.092944,-86.544
901562896,2018,12,2,100,Weekday,1-Car,No injury/unknown,ANIMAL/OBJECT IN ROADWAY,DILLMAN & OLD STATE ROAD 37 RD,39.092944,-86.544
901298143,2018,2,7,400,Weekend,1-Car,No injury/unknown,RAN OFF ROAD RIGHT,DILLMAN RD & FOXWOOD,39.0928,-86.52710539
901559837,2018,12,6,1700,Weekday,1-Car,No injury/unknown,RAN OFF ROAD RIGHT,DILLMAN RD & FAIRFAX,39.09264,-86.51672
901496350,2018,9,3,1500,Weekday,2-Car,No injury/unknown,OTHER (ENVIRONMENTAL) - EXPLAIN IN NARR,FAIRFAX RD & RAYLETOWN,39.09261,-86.51702
901532277,2018,11,7,2100,Weekend,1-Car,No injury/unknown,SPEED TOO FAST FOR WEATHER CONDITIONS,BOLIN & ROCKPORT RD,39.09260215,-86.57509
901262876,2018,1,1,100,Weekend,1-Car,No injury/unknown,ANIMAL/OBJECT IN ROADWAY,DILLMAN & SR37S,39.09242863,-86.54558859
901513314,2018,10,2,500,Weekday,2-Car,Non-incapacitating,DRIVER DISTRACTED - EXPLAIN IN NARRATIVE,OLD 37 SOUTH HWY & SR 37 4 LANE,39.09207433,-86.54438674
901259970,2018,1,5,800,Weekday,2-Car,No injury/unknown,FAILURE TO YIELD RIGHT OF WAY,COLLEGE MALL RD & COVENANTER,39.09174861,-86.49774
901402239,2018,5,4,800,Weekday,2-Car,No injury/unknown,OTHER LIGHTS DEFECTIVE,SR45W & STANFORD,39.09171295,-86.66372607
901288070,2018,2,2,700,Weekday,1-Car,No injury/unknown,RAN OFF ROAD RIGHT,VICTOR PIKE & W DILLMAN,39.09147022,-86.56184974
901510621,2018,10,4,1700,Weekday,2-Car,No injury/unknown,FOLLOWING TOO CLOSELY,SR45W & STANFORD,39.09133837,-86.66424167
901541385,2018,11,2,1600,Weekday,2-Car,No injury/unknown,DRIVER DISTRACTED - EXPLAIN IN NARRATIVE,SR45W & STANFORD,39.09040189,-86.66553064
901254781,2018,1,4,2200,Weekday,1-Car,Non-incapacitating,RAN OFF ROAD RIGHT,S OLD 37 RD,39.089226,-86.543479
901532391,2018,11,7,1700,Weekend,2-Car,Non-incapacitating,LEFT OF CENTER,HINDS & KIRKSVILLE RD,39.08922068,-86.66055086
901514860,2018,10,4,1700,Weekday,Cyclist,Incapacitating,SPEED TOO FAST FOR WEATHER CONDITIONS,RED OAK & SR446S,39.089077,-86.42329198
901288076,2018,2,6,1900,Weekend,2-Car,No injury/unknown,IMPROPER LANE USAGE,ELLIS & SR37N,39.08751686,-86.53257501
901544666,2018,12,7,600,Weekend,1-Car,Non-incapacitating,SPEED TOO FAST FOR WEATHER CONDITIONS,SPARKS & SR45W,39.08700763,-86.67100921
901550570,2018,12,1,1400,Weekend,2-Car,Incapacitating,ROADWAY SURFACE CONDITION,GREENE COUNTY LINE & SR45W,39.08688641,-86.68174267
901312916,2018,3,5,500,Weekday,2-Car,No injury/unknown,FOLLOWING TOO CLOSELY,BREEDEN & SR45W,39.086832,-86.671984
901486580,2018,8,5,1200,Weekday,2-Car,No injury/unknown,FOLLOWING TOO CLOSELY,BREEDEN & SR45E,39.086832,-86.671984
901487368,2018,8,7,900,Weekend,2-Car,No injury/unknown,FOLLOWING TOO CLOSELY,BREEDEN & SR45S,39.086832,-86.671984
901288071,2018,2,2,900,Weekday,1-Car,No injury/unknown,ROADWAY SURFACE CONDITION,SPARKS & SR45W,39.08682265,-86.67305777
901523452,2018,10,6,2300,Weekend,Moped/Motorcycle,Non-incapacitating,ANIMAL/OBJECT IN ROADWAY,BREEDEN & SR45W,39.08680128,-86.67550806
901562352,2018,12,6,1900,Weekend,3+ Cars,No injury/unknown,SPEED TOO FAST FOR WEATHER CONDITIONS,BREEDEN & SR45W,39.08680128,-86.67550806
901492074,2018,8,7,1400,Weekend,2-Car,No injury/unknown,FOLLOWING TOO CLOSELY,SR45E & STATE ROAD 45,39.08675815,-86.67200899
901334569,2018,4,5,2000,Weekday,2-Car,No injury/unknown,DRIVER DISTRACTED - EXPLAIN IN NARRATIVE,BREEDEN & SR45W,39.0866567,-86.68252471
901339987,2018,4,6,1000,Weekday,1-Car,Non-incapacitating,OTHER (DRIVER) - EXPLAIN IN NARRATIVE,EMPIRE MILL & OLD STATE ROAD 37 RD,39.08624,-86.542
901534810,2018,11,3,1600,Weekday,2-Car,No injury/unknown,SPEED TOO FAST FOR WEATHER CONDITIONS,EMPIRE MILL & S OLD STATE ROAD 37 RD,39.08624,-86.542
901550471,2018,12,1,1000,Weekend,2-Car,Non-incapacitating,ROADWAY SURFACE CONDITION,DUVALL ROAD & ROCKPORT ROAD RD,39.086144,-86.590992
901343254,2018,4,2,500,Weekday,1-Car,No injury/unknown,RAN OFF ROAD RIGHT,S OLD STATE ROAD RD & SR37S,39.085632,-86.542304
901490740,2018,8,7,1800,Weekend,2-Car,No injury/unknown,DRIVER ASLEEP OR FATIGUED,OLD STATE ROAD 37 & SR37,39.085632,-86.542304
901520282,2018,10,1,1100,Weekend,2-Car,Non-incapacitating,FOLLOWING TOO CLOSELY,OLD HWY 37 SOUTH & SR37N,39.085632,-86.542304
901343246,2018,4,3,2300,Weekday,1-Car,Non-incapacitating,DRIVER ILLNESS,OLD SR 37 SOUTH & SR37S,39.08494684,-86.54171671
901551486,2018,12,1,1600,Weekend,2-Car,No injury/unknown,ROADWAY SURFACE CONDITION,BIRCH RD & SPARKS,39.08453948,-86.6664588
901343259,2018,4,5,1500,Weekday,2-Car,No injury/unknown,IMPROPER TURNING,CURRY PIKE & VERNAL,39.08395464,-86.58308
901546836,2018,12,7,900,Weekend,2-Car,No injury/unknown,SPEED TOO FAST FOR WEATHER CONDITIONS,SR37 & SR37S,39.08372473,-86.54067222
901499018,2018,9,3,1900,Weekday,2-Car,No injury/unknown,FOLLOWING TOO CLOSELY,S WALNUT ST & WINSLOW,39.08313644,-86.53111
901367921,2018,5,7,1500,Weekend,1-Car,Non-incapacitating,ALCOHOLIC BEVERAGES,6783 SOUTH SHIELDS RIDGE RD & RAMP CREEK,39.083024,-86.472912
901498801,2018,9,2,1600,Weekday,1-Car,No injury/unknown,RAN OFF ROAD RIGHT,HANDY & SHIELDS RIDGE RD,39.083024,-86.472912
901274846,2018,2,1,100,Weekend,1-Car,No injury/unknown,RAN OFF ROAD RIGHT,RAMP CREEK RD & SHIELDS RIDGE,39.08297,-86.47282353
901252988,2018,1,2,1800,Weekday,2-Car,Non-incapacitating,FOLLOWING TOO CLOSELY,FAIRFAX RD & NORTON,39.08281,-86.51598
901454338,2018,6,6,2200,Weekend,1-Car,Non-incapacitating,UNSAFE SPEED,EAST 2ND ST SANDERS & FAIRFAX RD,39.08254049,-86.51563165
901526794,2018,11,5,1600,Weekday,1-Car,No injury/unknown,RAN OFF ROAD RIGHT,EAST THIRD ST,39.080346,-86.51523
901466079,2018,7,5,1700,Weekday,1-Car,Non-incapacitating,SPEED TOO FAST FOR WEATHER CONDITIONS,BREEDEN RD & SR45W,39.07994707,-86.676
901274838,2018,2,6,1700,Weekday,1-Car,No injury/unknown,SPEED TOO FAST FOR WEATHER CONDITIONS,6940 WEST KOONTZ RD & HARMONY,39.079248,-86.6304
901449619,2018,6,3,1100,Weekday,2-Car,No injury/unknown,LEFT OF CENTER,LODGE RD & SO ROCKPORT RD,39.07904,-86.594
901320153,2018,3,1,0,Weekend,1-Car,No injury/unknown,RAN OFF ROAD RIGHT,LODGE RD & ROCKPORT,39.07885,-86.59419732
901259883,2018,1,2,1600,Weekday,1-Car,No injury/unknown,ALCOHOLIC BEVERAGES,KOONTZ RD & ROCKPORT,39.07882,-86.5965034
901495710,2018,9,7,1700,Weekend,1-Car,No injury/unknown,RAN OFF ROAD RIGHT,ROCKPORT RD,39.078486,-86.596798
901421240,2018,6,7,2000,Weekend,Moped/Motorcycle,Incapacitating,ANIMAL/OBJECT IN ROADWAY,RUSH RIDGE & SR446S,39.07845328,-86.41744871
901338680,2018,4,5,600,Weekday,2-Car,No injury/unknown,SPEED TOO FAST FOR WEATHER CONDITIONS,SR446 & SR446S,39.07818173,-86.41737465
901407712,2018,5,7,300,Weekend,1-Car,Non-incapacitating,ANIMAL/OBJECT IN ROADWAY,HARMONY RD & KOONTZ,39.07700117,-86.62837319
901306257,2018,3,3,0,Weekday,1-Car,No injury/unknown,RAN OFF ROAD RIGHT,FAIRFAX RD & MCCORMICK,39.07567,-86.50787651
901502139,2018,9,2,1600,Weekday,2-Car,No injury/unknown,FAILURE TO YIELD RIGHT OF WAY,FARIFAX RD & STRAIN RIDGE,39.07439,-86.50583
901271322,2018,2,3,600,Weekday,1-Car,No injury/unknown,ANIMAL/OBJECT IN ROADWAY,SMITHVILLE & SR37S,39.0737952,-86.53585859
901416579,2018,6,6,1500,Weekday,2-Car,No injury/unknown,ROADWAY SURFACE CONDITION,FLUCKMILL & VICTOR PIKE PIKE,39.07378,-86.57107
901472312,2018,7,4,500,Weekday,1-Car,Non-incapacitating,RAN OFF ROAD RIGHT,SHADY LANE & SHIELDS RIDGE RD,39.073088,-86.461184
901486151,2018,8,4,2300,Weekday,2-Car,No injury/unknown,LEFT OF CENTER,SHADY SIDE & SHIELDS RIDGE RD,39.073088,-86.461184
901271313,2018,1,6,1200,Weekday,1-Car,No injury/unknown,RAN OFF ROAD RIGHT,EVANS & EVANS RD,39.07224,-86.591696
901544351,2018,12,7,200,Weekend,1-Car,No injury/unknown,ROADWAY SURFACE CONDITION,SMITHVILLE & SR37S,39.0717408,-86.53566465
901484030,2018,8,7,1300,Weekend,1-Car,No injury/unknown,RAN OFF ROAD RIGHT,BOLIN & S ROCKPORT RD,39.07148644,-86.57509
901494656,2018,9,1,1700,Weekend,Moped/Motorcycle,Non-incapacitating,RAN OFF ROAD RIGHT,E SMITHVILLE RD & SOUTH ZIKES,39.071344,-86.5252
901497621,2018,9,7,1500,Weekend,1-Car,No injury/unknown,ROADWAY SURFACE CONDITION,LUCAS & RAMP CREEK RD,39.07117013,-86.49572549
901327761,2018,4,1,1100,Weekend,2-Car,No injury/unknown,FAILURE TO YIELD RIGHT OF WAY,FAIRFAX RD & SMITHVILLE,39.071152,-86.503088
901473273,2018,7,6,1600,Weekday,2-Car,No injury/unknown,UNSAFE BACKING,KETCHAM RD & SMITHVILLE RD RD,39.07115,-86.54461309
901504921,2018,9,1,1300,Weekend,2-Car,No injury/unknown,FOLLOWING TOO CLOSELY,FAIRFAX RD & RAMP CREEK,39.07115,-86.50319
901325704,2018,4,5,1600,Weekday,2-Car,Non-incapacitating,FAILURE TO YIELD RIGHT OF WAY,SMITHVILLE & SR37N,39.071056,-86.5356
901476694,2018,7,7,100,Weekend,1-Car,Non-incapacitating,RAN OFF ROAD RIGHT,KETCHAM RD & SMITHVILLE,39.07093943,-86.53639763
901404417,2018,5,6,2100,Weekend,1-Car,No injury/unknown,ANIMAL/OBJECT IN ROADWAY,SMITHVILLE & SR37,39.07091868,-86.53560176
901483798,2018,8,7,700,Weekend,1-Car,No injury/unknown,LEFT OF CENTER,ANNE & S STRAINRIDGE RD,39.07042664,-86.51104
901254856,2018,1,4,900,Weekday,Bus,No injury/unknown,FAILURE TO YIELD RIGHT OF WAY,SMITHVILLE & STRAIN RIDGE RD,39.06845303,-86.50766269
901550489,2018,12,1,1800,Weekend,2-Car,No injury/unknown,IMPROPER TURNING,E BARRINGTON DR,39.06838,-86.503139
901542681,2018,12,4,600,Weekday,1-Car,No injury/unknown,ANIMAL/OBJECT IN ROADWAY,SMITHVILLE & SR37S,39.06830953,-86.5356351
901511178,2018,10,5,1100,Weekday,2-Car,No injury/unknown,FOLLOWING TOO CLOSELY,CONSTITUTION & LIBERTY DR,39.06663341,-86.57687
901492076,2018,8,7,1500,Weekend,1-Car,No injury/unknown,UNSAFE SPEED,S KETCHAM RD,39.065523,-86.56485
901553084,2018,12,2,1000,Weekday,1-Car,No injury/unknown,OTHER (ENVIRONMENTAL) - EXPLAIN IN NARR,6500 BLK BREEDEN RD & SR45,39.06415889,-86.67278894
901525242,2018,11,3,700,Weekday,1-Car,Non-incapacitating,LEFT OF CENTER,EVANS & ROCKPORT RD,39.06400761,-86.60370816
901515651,2018,10,7,200,Weekend,1-Car,Non-incapacitating,UNSAFE SPEED,CIANA & HARRELL RD,39.0639995,-86.49859
901464192,2018,6,1,100,Weekend,Moped/Motorcycle,Incapacitating,OVERCORRECTING/OVERSTEERING,CLEVE BUTCHER & FAIRFAX RD,39.06135722,-86.49845028
901252990,2018,1,6,400,Weekday,1-Car,Incapacitating,RAN OFF ROAD RIGHT,BURCH RD & GRAVES,39.05993196,-86.65165454
901560253,2018,12,6,1800,Weekday,1-Car,No injury/unknown,RAN OFF ROAD RIGHT,ROCKPORT RD & VICTOR,39.05915762,-86.60518406
901269154,2018,1,5,1100,Weekday,1-Car,No injury/unknown,RAN OFF ROAD RIGHT,ST RD 48 & STONECHASE CROSSING RD,39.05902087,-86.59520785
901319067,2018,3,5,1700,Weekday,2-Car,No injury/unknown,FAILURE TO YIELD RIGHT OF WAY,LIBERTY DR & W 3RD,39.05885398,-86.57913641
901261046,2018,1,4,2200,Weekday,1-Car,No injury/unknown,OVERCORRECTING/OVERSTEERING,CLEVE BUTCHER & FAIRFAX RD,39.0586107,-86.498432
901338682,2018,4,1,0,Weekend,1-Car,No injury/unknown,RAN OFF ROAD RIGHT,BURGOON CHURCH & SR446S,39.05636256,-86.40909802
901488458,2018,8,4,1600,Weekday,2-Car,No injury/unknown,OVERCORRECTING/OVERSTEERING,BURGOON CHURCH & SR446S,39.05533669,-86.40859877
901537023,2018,11,2,700,Weekday,2-Car,Non-incapacitating,FAILURE TO YIELD RIGHT OF WAY,CLARKWAY & S STRAINRIDGE RD,39.05481,-86.50794
901483052,2018,8,5,500,Weekday,1-Car,Non-incapacitating,RAN OFF ROAD RIGHT,ROCKPORT RD & VICTOR,39.05455581,-86.60612295
901464330,2018,7,2,800,Weekday,1-Car,No injury/unknown,UNSAFE SPEED,S ROCKPORT RD & S VICTOR,39.05385,-86.60649
901548218,2018,12,6,2300,Weekend,1-Car,No injury/unknown,ROADWAY SURFACE CONDITION,ROCKPORT & VICTOR PIKE PIKE,39.053744,-86.606304
901486128,2018,8,4,500,Weekday,1-Car,No injury/unknown,RAN OFF ROAD RIGHT,BURGOON CHURCH & SR446S,39.05369468,-86.40773567
901550661,2018,12,1,400,Weekend,1-Car,No injury/unknown,SPEED TOO FAST FOR WEATHER CONDITIONS,GARRISON CHAPEL RD & HENDRICKS,39.05321086,-86.64721
901319261,2018,3,5,600,Weekday,1-Car,No injury/unknown,TIRE FAILURE OR DEFECTIVE,ROCKPORT RD & VICTOR,39.05257843,-86.60723543
901512025,2018,10,7,300,Weekend,1-Car,Non-incapacitating,RAN OFF ROAD RIGHT,HARMONY RD & ROCKPORT,39.05232151,-86.61140222
901495201,2018,9,3,700,Weekday,1-Car,No injury/unknown,UNSAFE SPEED,HARMONY & SOUTH ROCKPORT RD,39.05024,-86.609104
901252981,2018,1,6,0,Weekday,1-Car,No injury/unknown,ANIMAL/OBJECT IN ROADWAY,SR37N & ZIKES,39.049456,-86.535888
901548436,2018,12,4,1400,Weekday,1-Car,Non-incapacitating,UNSAFE SPEED,S ST RD 37 & S ZIKES RD,39.04941,-86.54124501
901252985,2018,1,1,200,Weekend,1-Car,Non-incapacitating,RAN OFF ROAD RIGHT,ANNE & STRAINRIDGE RD,39.04934,-86.51108326
901343249,2018,4,7,2200,Weekend,1-Car,Non-incapacitating,ROADWAY SURFACE CONDITION,SOUTH STRAINRIDGE RD RD,39.04890383,-86.510741
901560882,2018,12,1,1800,Weekend,1-Car,No injury/unknown,ANIMAL/OBJECT IN ROADWAY,SR37S & ZIKES,39.04725874,-86.53587154
901323209,2018,4,6,2200,Weekend,1-Car,Incapacitating,OVERCORRECTING/OVERSTEERING,FAIRFAX RD & MOFFETT,39.04712512,-86.51785
901299382,2018,2,7,0,Weekend,1-Car,No injury/unknown,RAN OFF ROAD RIGHT,CLEVEBUTCHER & FAIRFAX RD,39.04688424,-86.49055
901507389,2018,9,5,600,Weekday,1-Car,No injury/unknown,ANIMAL/OBJECT IN ROADWAY,SR37N & ZIKES,39.04670943,-86.53586743
901444579,2018,6,2,300,Weekday,1-Car,No injury/unknown,RAN OFF ROAD RIGHT,CLEVE BUTCHER RD & FAIRFAX,39.04583,-86.49037702
901360682,2018,5,5,1500,Weekday,2-Car,No injury/unknown,LEFT OF CENTER,HAYS RD & SR446S,39.04485898,-86.4081609
901312918,2018,3,6,1500,Weekday,1-Car,No injury/unknown,ROADWAY SURFACE CONDITION,7211 S BREEDEN & BREEDEN RD,39.04406099,-86.66611924
901404290,2018,5,5,1700,Weekday,1-Car,Non-incapacitating,ROADWAY SURFACE CONDITION,HAYS & SR446S,39.04403837,-86.40723003
901475713,2018,7,5,700,Weekday,1-Car,No injury/unknown,ANIMAL/OBJECT IN ROADWAY,SR37S & ZIKES,39.04396287,-86.53584423
901539627,2018,11,5,200,Weekday,1-Car,No injury/unknown,RAN OFF ROAD RIGHT,FAIRFAX RD,39.039804,-86.492033
901550725,2018,12,1,500,Weekend,1-Car,No injury/unknown,SPEED TOO FAST FOR WEATHER CONDITIONS,BREEDON RD & GRAVES,39.03690868,-86.6714
901395511,2018,5,2,0,Weekday,1-Car,No injury/unknown,RAN OFF ROAD RIGHT,POINTE & STRAIN RIDGE RD,39.03492,-86.51686702
901439419,2018,6,5,1400,Weekday,2-Car,Non-incapacitating,VIEW OBSTRUCTED,E POINTE RD & S STRAIN RIDGE,39.03492,-86.51688
901557947,2018,12,2,1500,Weekday,1-Car,No injury/unknown,SPEED TOO FAST FOR WEATHER CONDITIONS,E POINTE RD,39.03491,-86.510142
901480349,2018,8,1,0,Weekend,2-Car,No injury/unknown,OTHER (DRIVER) - EXPLAIN IN NARRATIVE,E POINTE RD,39.03490677,-86.51014467
901252986,2018,1,2,1600,Weekday,1-Car,No injury/unknown,ALCOHOLIC BEVERAGES,LEE PHILLIPS & WEST ROCK EAST RD,39.034704,-86.635552
901353874,2018,5,3,700,Weekday,2-Car,No injury/unknown,LEFT OF CENTER,LEE PHILITPS & ROCKEAST RD,39.03442182,-86.63588432
901477190,2018,8,2,200,Weekday,Pedestrian,Non-incapacitating,OTHER (DRIVER) - EXPLAIN IN NARRATIVE,GRAHAM & WINSLOW CT,39.03383332,-86.52417
901298147,2018,2,3,300,Weekday,1-Car,No injury/unknown,ANIMAL/OBJECT IN ROADWAY,GORE & OLD STATE ROAD 37 RD,39.032544,-86.541696
901458071,2018,6,4,1700,Weekday,2-Car,Non-incapacitating,FAILURE TO YIELD RIGHT OF WAY,FAIRFAX RD & POINTE,39.03248,-86.49009
901316752,2018,3,1,300,Weekend,1-Car,No injury/unknown,OTHER (DRIVER) - EXPLAIN IN NARRATIVE,FAIRFAX & POINTE RD,39.03245814,-86.48995923
901559748,2018,12,6,1800,Weekday,1-Car,No injury/unknown,SPEED TOO FAST FOR WEATHER CONDITIONS,SR37N & STRAIN RIDGE,39.03052845,-86.53635211
901462958,2018,7,6,1700,Weekday,2-Car,No injury/unknown,IMPROPER TURNING,FAIRFAX RD,39.029324,-86.489529
901338686,2018,4,4,1700,Weekday,1-Car,Fatal,UNSAFE SPEED,S CHAPEL HILL & SR446E,39.02920697,-86.408064
901286849,2018,2,6,1300,Weekday,2-Car,Non-incapacitating,FOLLOWING TOO CLOSELY,HOOSIER & WALNUT ST,39.02631368,-86.53144
901460581,2018,6,6,1900,Weekend,1-Car,Non-incapacitating,DRIVER DISTRACTED - EXPLAIN IN NARRATIVE,260 WATERSEDGE DR & POINTE VIEW,39.02601386,-86.50598507
901336606,2018,4,1,1900,Weekday,Moped/Motorcycle,Non-incapacitating,UNSAFE SPEED,CHAPEL HILL & SR446,39.02476833,-86.40534639
901275365,2018,2,2,1400,Weekday,1-Car,No injury/unknown,OVERCORRECTING/OVERSTEERING,MONROE DAM & SR37N,39.02410387,-86.53519208
901507134,2018,9,1,1300,Weekend,1-Car,Non-incapacitating,UNSAFE SPEED,CHAPEL HILL RD & SR446,39.023472,-86.405296
901312024,2018,3,7,600,Weekend,1-Car,No injury/unknown,ANIMAL/OBJECT IN ROADWAY,FAIRFAX RD & MCCORMICK,39.02291785,-86.50779
901542339,2018,12,4,800,Weekday,1-Car,No injury/unknown,ROADWAY SURFACE CONDITION,ROCKPORT RD & W HENNESSEY,39.02254389,-86.55672
901519345,2018,10,7,200,Weekend,1-Car,No injury/unknown,RAN OFF ROAD RIGHT,MONROE DAM & STRAIN RIDGE RD,39.02236142,-86.52168857
901508569,2018,10,1,300,Weekend,1-Car,No injury/unknown,RAN OFF ROAD RIGHT,MONROE DAM & SR37S,39.02207764,-86.53566808