Master Record Number,Year,Month,Day,Hour,Weekend,Collision Type,Injury Type,Primary Factor,Reported_Location,Latitude,Longitude
901555379,2018,12,6,500,Weekday,1-Car,Non-incapacitating,ROADWAY SURFACE CONDITION,MONROE DAM & S OLD SR37 HWY,39.02146761,-86.53591633
901534808,2018,11,5,2000,Weekday,1-Car,No injury/unknown,ANIMAL/OBJECT IN ROADWAY,MONROE DAM & SR37S,39.0208619,-86.53595367
901367920,2018,5,7,200,Weekend,1-Car,Fatal,OTHER (DRIVER) - EXPLAIN IN NARRATIVE,MONROE DAM RD & STRAIN RIDGE,39.02062537,-86.52523843
901544850,2018,12,7,1900,Weekend,1-Car,Non-incapacitating,SPEED TOO FAST FOR WEATHER CONDITIONS,SR37N & STRAIN RIDGE,39.01999305,-86.53635211
901534812,2018,11,4,2200,Weekday,1-Car,No injury/unknown,ANIMAL/OBJECT IN ROADWAY,MONROE DAM & SR37S,39.01897096,-86.53637182
901272629,2018,2,5,1800,Weekday,2-Car,No injury/unknown,FOLLOWING TOO CLOSELY,SR 37 HWY & VERNAL,39.0187093,-86.5609886
901498213,2018,9,7,1300,Weekend,1-Car,No injury/unknown,SPEED TOO FAST FOR WEATHER CONDITIONS,SR446N & STATE ROAD 446,39.01734445,-86.41590172
901312022,2018,3,6,1200,Weekday,2-Car,No injury/unknown,OVERCORRECTING/OVERSTEERING,FLUCK MILL ROAD RD & KETCHUM ROAD,39.01707574,-86.56158
901298150,2018,2,4,1300,Weekday,2-Car,Incapacitating,LEFT OF CENTER,CHAPEL HILL RD & SR446,39.01695121,-86.41849569
901533482,2018,11,2,700,Weekday,1-Car,No injury/unknown,ANIMAL/OBJECT IN ROADWAY,FULLERTON PIKE & SR37S,39.01657687,-86.57140464
901407713,2018,5,7,1700,Weekend,2-Car,No injury/unknown,FAILURE TO YIELD RIGHT OF WAY,HOBART & OLD STATE ROAD 37 RD,39.01369,-86.54098865
901395505,2018,5,4,1500,Weekday,1-Car,Non-incapacitating,OVERCORRECTING/OVERSTEERING,CHAPEL HILL & ROBERTS RD,39.01358194,-86.42832756
901252982,2018,1,7,100,Weekend,2-Car,No injury/unknown,RAN OFF ROAD RIGHT,3RD AVE & 4TH,39.01353,-86.54874
901496401,2018,9,4,1800,Weekday,2-Car,No injury/unknown,FAILURE TO YIELD RIGHT OF WAY,HARRODSBURG RD & POPCORN,39.012048,-86.545088
901549397,2018,12,6,900,Weekday,1-Car,Non-incapacitating,RAN OFF ROAD RIGHT,KETCHAM & POPCORN RD,39.01170362,-86.56216825
901269155,2018,1,4,1900,Weekday,1-Car,No injury/unknown,ROADWAY SURFACE CONDITION,POPCORN RD & S ROCKPORT,39.01152283,-86.56292153
901316744,2018,3,4,1300,Weekday,1-Car,No injury/unknown,RAN OFF ROAD RIGHT,9000 BLOCK E VALLEY MISSION RO RD & MONROE DAM,39.009344,-86.510096
901486018,2018,8,2,2100,Weekday,1-Car,No injury/unknown,ANIMAL/OBJECT IN ROADWAY,MONROE DAM & VALLEY MISSION RD,39.00908905,-86.50947234
901559838,2018,12,6,1900,Weekend,2-Car,No injury/unknown,LEFT OF CENTER,MONROE DAM RD & VALLEY MISSION,39.00870724,-86.51076629
901482224,2018,8,4,1100,Weekday,1-Car,No injury/unknown,OTHER (DRIVER) - EXPLAIN IN NARRATIVE,VALLEY MISSION RD,39.008304,-86.507552
901258894,2018,1,7,1800,Weekend,1-Car,No injury/unknown,ROADWAY SURFACE CONDITION,MONROE DAM & VALLEY MISSION RD,39.0080622,-86.50698258
901407716,2018,5,2,100,Weekday,1-Car,No injury/unknown,OTHER (DRIVER) - EXPLAIN IN NARRATIVE,VALLEY MISSION RD,39.00764749,-86.50600599
901531985,2018,11,7,1700,Weekend,1-Car,No injury/unknown,SPEED TOO FAST FOR WEATHER CONDITIONS,MONROE DAM & VALLEY MISSION RD,39.00740568,-86.50543658
901394080,2018,5,1,1400,Weekend,1-Car,Non-incapacitating,RAN OFF ROAD RIGHT,OLD RICHARDSON & SR446S,39.00658404,-86.43136527
901258886,2018,1,1,500,Weekend,1-Car,No injury/unknown,OVERCORRECTING/OVERSTEERING,POPCORN RD & ROCKPORT,39.00396445,-86.58313339
901516214,2018,10,7,400,Weekend,1-Car,No injury/unknown,RAN OFF ROAD RIGHT,POPCORN RD & ROCKPORT,39.00335828,-86.58656672
901546579,2018,12,2,1500,Weekday,1-Car,Non-incapacitating,ROADWAY SURFACE CONDITION,POPCORN ROAD & ROCKPORT ROAD RD,39.002752,-86.59
901500262,2018,9,4,2100,Weekday,1-Car,No injury/unknown,UNSAFE SPEED,W POPCORN RD,39.00140352,-86.60907213
901458356,2018,6,5,100,Weekday,1-Car,No injury/unknown,ANIMAL/OBJECT IN ROADWAY,LINTHICUM & POPCORN RD,38.99967886,-86.61567809
901532412,2018,11,1,1900,Weekday,1-Car,Non-incapacitating,UNSAFE SPEED,GRAMERCY PARK & NORTH HINKLE ROAD RD,38.99866384,-86.50543
901477880,2018,8,2,500,Weekday,1-Car,No injury/unknown,ANIMAL/OBJECT IN ROADWAY,INGRAM & SR37S,38.99338926,-86.53726441
901465816,2018,7,5,1900,Weekday,1-Car,Non-incapacitating,UNSAFE SPEED,CLUBHOUSE & N OLD SR 37 ST,38.98647004,-86.53686
901551916,2018,12,1,2000,Weekday,1-Car,No injury/unknown,SPEED TOO FAST FOR WEATHER CONDITIONS,GETTYS CREEK RD & MOUNT GILEAD,38.98183521,-86.43645
901407714,2018,5,1,1000,Weekend,1-Car,Non-incapacitating,DRIVER ASLEEP OR FATIGUED,CAROWIND COURT & FAIRFAX RD,38.95699136,-86.49853
901314094,2018,3,7,100,Weekend,3+ Cars,No injury/unknown,UNSAFE SPEED,S MUELLER PKWY & W 3RD,38.9530117,-86.5627
901343253,2018,4,1,2100,Weekday,1-Car,No injury/unknown,ANIMAL/OBJECT IN ROADWAY,GORE & OLD STATE ROAD 37 SOUTH RD,38.9272419,-86.54174
901459601,2018,6,7,1700,Weekend,1-Car,No injury/unknown,UNSAFE BACKING,FAIRFAX RD & POINTE RD,38.9270923,-86.49009
901262882,2018,1,7,1600,Weekend,2-Car,No injury/unknown,NONE (DRIVER),ROCKEAST & SNOW RD,38.92530714,-86.66097
901272400,2018,2,4,1700,Weekday,2-Car,No injury/unknown,TIRE FAILURE OR DEFECTIVE,LIBERTY DR & WEST 3RD,38.90023736,-86.57913641
901312021,2018,3,3,1700,Weekday,2-Car,No injury/unknown,FOLLOWING TOO CLOSELY,LIBERTY DR & WEST THIRD,38.90023736,-86.57913641
901288082,2018,2,1,100,Weekend,1-Car,No injury/unknown,RAN OFF ROAD RIGHT,STONERIDGE & STRAINRIDGE RD,38.89510426,-86.50794
901445484,2018,6,6,1600,Weekday,1-Car,No injury/unknown,ANIMAL/OBJECT IN ROADWAY,BREEDEN RD & TOM PHILLIPS,38.86501944,-86.67457
901361079,2018,5,5,1600,Weekday,2-Car,Fatal,OVERCORRECTING/OVERSTEERING,OLD RICHARDSON & SR446S,38.83339527,-86.43136527
901308264,2018,3,6,1700,Weekday,2-Car,No injury/unknown,UNSAFE BACKING,BETHEL & N HINKLE RD,38.82108393,-86.50541
901549591,2018,12,6,1900,Weekend,1-Car,No injury/unknown,RAN OFF ROAD RIGHT,FLUCK MILL & VICTOR PIKE,38.81003199,-86.57107
901324856,2018,4,4,900,Weekday,Bus,No injury/unknown,LEFT OF CENTER,E POINTE & STRAIN RIDGE RD,38.64875534,-86.51688
901547852,2018,12,2,1300,Weekday,1-Car,Non-incapacitating,DISREGARD SIGNAL/REG SIGN,N CURRY PIKE & VERNAL,38.35408736,-86.58309109
901252983,2018,1,7,2300,Weekend,2-Car,No injury/unknown,UNSAFE SPEED,ROBINSON & SR37N,0,0
901252987,2018,1,2,1700,Weekday,2-Car,No injury/unknown,ROADWAY SURFACE CONDITION,BREEDEN RD & THACKER,0,0
901253006,2018,1,6,1800,Weekday,2-Car,No injury/unknown,ALCOHOLIC BEVERAGES,E POINTE CLUB DR & EAST POINTE CLUB,0,0
901253577,2018,1,2,2300,Weekday,1-Car,Non-incapacitating,ALCOHOLIC BEVERAGES,BAINBRIDGE & LAURA WAY,0,0
901254840,2018,1,4,1500,Weekday,2-Car,No injury/unknown,IMPROPER LANE USAGE,SR37N & WEST 2ND,0,0
901255153,2018,1,5,1500,Weekday,2-Car,No injury/unknown,FOLLOWING TOO CLOSELY,BRENNICK & SR45S,0,0
901258294,2018,1,1,1200,Weekend,1-Car,No injury/unknown,SPEED TOO FAST FOR WEATHER CONDITIONS,SR446N & TOWER RIDGE RD,0,0
901258887,2018,1,1,1600,Weekend,1-Car,No injury/unknown,ANIMAL/OBJECT IN ROADWAY,DUTCH CHURCH & REDHILL RD,0,0
901258968,2018,1,1,1000,Weekend,2-Car,No injury/unknown,UNSAFE BACKING,ANDERSON RD & BEAN BLOSSOM,0,0
901259881,2018,1,2,700,Weekday,2-Car,No injury/unknown,FOLLOWING TOO CLOSELY,SMITH PIKE & SR46W,0,0
901260144,2018,1,3,1500,Weekday,2-Car,No injury/unknown,FAILURE TO YIELD RIGHT OF WAY,ON RAMP FROM BLOOMFIELD RD & SR37N,0,0
901260673,2018,1,2,1700,Weekday,1-Car,No injury/unknown,ROADWAY SURFACE CONDITION,7465 S OLD 37 & OLD SR S 37 HWY,0,0
901260674,2018,1,3,800,Weekday,2-Car,No injury/unknown,ROADWAY SURFACE CONDITION,SMITH PIKE RD & WOODYARD,0,0
901261215,2018,1,5,800,Weekday,2-Car,No injury/unknown,OTHER (DRIVER) - EXPLAIN IN NARRATIVE,CHANDLER DRIVE DR & SR46W,0,0
901262878,2018,1,6,1000,Weekday,2-Car,No injury/unknown,OTHER (DRIVER) - EXPLAIN IN NARRATIVE,RHORER & SR37N,0,0
901262880,2018,1,7,0,Weekend,2-Car,No injury/unknown,IMPROPER LANE USAGE,JOHNSON AVE,0,0
901262884,2018,1,5,2200,Weekday,1-Car,No injury/unknown,ANIMAL/OBJECT IN ROADWAY,46 & STINESVILLE RD,0,0
901263070,2018,1,2,1100,Weekday,2-Car,No injury/unknown,UNSAFE BACKING,EAST TENTTH ST & SUNRISE,0,0
901263587,2018,1,3,1700,Weekday,1-Car,No injury/unknown,IMPROPER TURNING,ALLEYWAY BETWEEN DUNN KIRKWOOD ALY & DUNN,0,0
901264441,2018,1,1,1200,Weekend,2-Car,No injury/unknown,OVERCORRECTING/OVERSTEERING,EAST TENT SR,0,0
901264614,2018,1,1,1500,Weekend,2-Car,No injury/unknown,UNSAFE BACKING,2929 W 3RD ST,0,0
901265427,2018,1,7,0,Weekend,2-Car,No injury/unknown,FAILURE TO YIELD RIGHT OF WAY,10TH ST & 45 46,0,0
901269240,2018,1,2,1000,Weekday,2-Car,No injury/unknown,FAILURE TO YIELD RIGHT OF WAY,FOSTER QUAD & LAW LN,0,0
901271311,2018,1,6,800,Weekday,1-Car,No injury/unknown,RAN OFF ROAD RIGHT,EMPIRE & SR37S,0,0
901271314,2018,1,7,2200,Weekend,3+ Cars,Non-incapacitating,DRIVER DISTRACTED - EXPLAIN IN NARRATIVE,BARGER & W TAPP RD,0,0
901272389,2018,1,4,1300,Weekday,2-Car,No injury/unknown,FOLLOWING TOO CLOSELY,EAST SEVENTEENTH & SR4546N,0,0
901272390,2018,1,5,900,Weekday,2-Car,No injury/unknown,OTHER (DRIVER) - EXPLAIN IN NARRATIVE,701 EAST (WHITE WEST LOT) ST & DUNN,0,0
901273741,2018,2,7,1600,Weekend,1-Car,No injury/unknown,ROADWAY SURFACE CONDITION,TECUMSEH & THOMAS RD,0,0
901273903,2018,2,7,1200,Weekend,2-Car,No injury/unknown,FOLLOWING TOO CLOSELY,RED HILL & SR26W,0,0
901273956,2018,2,1,1500,Weekend,2-Car,No injury/unknown,IMPROPER LANE USAGE,LANDMARK & WEST BLOOMFILED RD,0,0
901274833,2018,2,5,1000,Weekday,2-Car,No injury/unknown,OTHER (VEHICLE) - EXPLAIN IN NARRATIVE,SO OLD HWY 37 HWY,0,0
901274841,2018,2,6,1700,Weekday,1-Car,No injury/unknown,ROADWAY SURFACE CONDITION,GRUBBS & ROBINSON RD,0,0
901275035,2018,2,2,1200,Weekday,2-Car,No injury/unknown,FAILURE TO YIELD RIGHT OF WAY,3000 E 3RD ST & TACO BELL SOUTH DRIVE,0,0
901276300,2018,2,3,1600,Weekday,2-Car,No injury/unknown,FAILURE TO YIELD RIGHT OF WAY,KIRWOOD AVE & ROGERS,0,0
901276905,2018,2,4,1100,Weekday,2-Car,No injury/unknown,UNSAFE BACKING,ASHBROOKE LN & RODGEMOORE,0,0
901277933,2018,1,6,800,Weekday,2-Car,No injury/unknown,FAILURE TO YIELD RIGHT OF WAY,GATES DR & JACOB DR DR,0,0
901277935,2018,2,5,700,Weekday,2-Car,No injury/unknown,CELL PHONE USAGE,SR 37 NORTH RAMP RTE & WEST 3 ST,0,0
901278361,2018,2,4,1100,Weekday,2-Car,No injury/unknown,FAILURE TO YIELD RIGHT OF WAY,19TH & 701 E 17TH (WHITE LOT WEST DR) ST,0,0
901278980,2018,2,6,1000,Weekday,2-Car,No injury/unknown,FOLLOWING TOO CLOSELY,E 3RD ST ST & HIGHLAND AVE,0,0
901279175,2018,2,1,900,Weekend,2-Car,No injury/unknown,FOLLOWING TOO CLOSELY,RHORER & SR37S,0,0
901279720,2018,2,2,800,Weekday,2-Car,No injury/unknown,FAILURE TO YIELD RIGHT OF WAY,ROLLING RIDGE WAY & UNKNOWN,0,0
901279724,2018,2,3,1200,Weekday,1-Car,No injury/unknown,RAN OFF ROAD RIGHT,EDGAR LANE & HANDY ROAD RD,0,0
901281382,2018,2,3,2100,Weekday,2-Car,No injury/unknown,UNSAFE LANE MOVEMENT,052M & SR46,0,0
901283402,2018,2,4,1700,Weekday,2-Car,No injury/unknown,OTHER (DRIVER) - EXPLAIN IN NARRATIVE,ON RAMP TO NB SR 37 & W 3RD ST,0,0
901284080,2018,2,2,1000,Weekday,1-Car,No injury/unknown,SPEED TOO FAST FOR WEATHER CONDITIONS,TENTH ST & TULIP TREE,0,0
901285605,2018,2,5,1800,Weekday,2-Car,No injury/unknown,OTHER (DRIVER) - EXPLAIN IN NARRATIVE,OFF RAMP FROM NB SR 37 RAMP & W 3RD,0,0
901287602,2018,2,7,1100,Weekend,2-Car,No injury/unknown,IMPROPER TURNING,45 46 BYP & COLLEGE,0,0
901287818,2018,2,1,1900,Weekday,2-Car,No injury/unknown,IMPROPER LANE USAGE,45 46 & NORTH WALNUT ST,0,0
901288066,2018,2,6,2000,Weekend,1-Car,No injury/unknown,OVERCORRECTING/OVERSTEERING,CHURCH ST & VERNAL,0,0
901290083,2018,2,2,900,Weekday,1-Car,No injury/unknown,RAN OFF ROAD RIGHT,SR46E,0,0
901293282,2018,2,3,1500,Weekday,2-Car,No injury/unknown,FOLLOWING TOO CLOSELY,SR37S,0,0
901303246,2018,2,6,0,Weekday,2-Car,No injury/unknown,UNSAFE BACKING,NOTHR JORDAN AVE,0,0
901303374,2018,2,7,1600,Weekend,2-Car,No injury/unknown,OTHER (DRIVER) - EXPLAIN IN NARRATIVE,VARSITY LN,0,0
901307415,2018,3,4,1500,Weekday,3+ Cars,No injury/unknown,FAILURE TO YIELD RIGHT OF WAY,SB 37 EXIT & SR45W,0,0
901308415,2018,2,3,2100,Weekday,1-Car,No injury/unknown,RAN OFF ROAD RIGHT,300 E SOUTHERN ST & S WALNUT,0,0
901309280,2018,3,2,900,Weekday,2-Car,No injury/unknown,DISREGARD SIGNAL/REG SIGN,PRIVATE & S COLLEGE MALL RD,0,0
901311621,2018,3,4,1100,Weekday,2-Car,No injury/unknown,FAILURE TO YIELD RIGHT OF WAY,JACOB DR DR & WHITEHALL CROSSING BLVD,0,0
901312025,2018,3,2,1700,Weekday,2-Car,No injury/unknown,DISREGARD SIGNAL/REG SIGN,SR46W & UNIONVALLEY,0,0
901312103,2018,3,4,800,Weekday,1-Car,Non-incapacitating,SPEED TOO FAST FOR WEATHER CONDITIONS,FULLERTON PIKE & MONROE MEDICAL PARK,0,0
901315281,2018,3,3,1400,Weekday,2-Car,No injury/unknown,VIEW OBSTRUCTED,CAPITAL & SR46W,0,0
901316745,2018,3,4,1500,Weekday,2-Car,No injury/unknown,GLARE,HEDRICK & SR46W,0,0
901316749,2018,3,7,1000,Weekend,Moped/Motorcycle,Incapacitating,ROADWAY SURFACE CONDITION,BETULA LN & TEOMA,0,0
901317146,2018,3,2,1200,Weekday,2-Car,No injury/unknown,CELL PHONE USAGE,600 BLOCK W 2ND ST & ROGERS,0,0
901317513,2018,3,2,1800,Weekday,2-Car,No injury/unknown,FAILURE TO YIELD RIGHT OF WAY,BLUE EAST LOT ST,0,0
901319260,2018,3,4,2200,Weekday,1-Car,No injury/unknown,OVERCORRECTING/OVERSTEERING,NORTH LOUDEN RD & WEST RATLIFF,0,0
901319262,2018,3,5,700,Weekday,1-Car,No injury/unknown,OVERCORRECTING/OVERSTEERING,BETHAL LANE & HINKLE ROAD RD,0,0
901319862,2018,3,7,1000,Weekend,2-Car,No injury/unknown,FAILURE TO YIELD RIGHT OF WAY,MULLER PARKWAY DR,0,0
901320516,2018,3,7,600,Weekend,1-Car,No injury/unknown,OTHER (DRIVER) - EXPLAIN IN NARRATIVE,45 46 & NORTH KINSER PIKE,0,0
901320677,2018,3,2,1300,Weekday,2-Car,No injury/unknown,OTHER (VEHICLE) - EXPLAIN IN NARRATIVE,JORDAN & LAW LANE ST,0,0
901322606,2018,3,4,1700,Weekday,Cyclist,Non-incapacitating,FAILURE TO YIELD RIGHT OF WAY,JORDAN & PRESIDENTS DR,0,0
901322607,2018,3,5,2100,Weekday,2-Car,No injury/unknown,FAILURE TO YIELD RIGHT OF WAY,JORDAN AVE & PRESIDENTS,0,0
901323196,2018,4,6,2100,Weekend,1-Car,No injury/unknown,RAN OFF ROAD RIGHT,MCCORMICK RD & SMITHVILLE,0,0
901323200,2018,3,3,700,Weekday,Bus,No injury/unknown,DRIVER DISTRACTED - EXPLAIN IN NARRATIVE,S EALNUT ST PK PIKE & S FAIRFAX RD,0,0
901323205,2018,3,4,1900,Weekday,2-Car,No injury/unknown,OTHER (DRIVER) - EXPLAIN IN NARRATIVE,JUDAH & SR446S,0,0
901326256,2018,4,6,2200,Weekend,1-Car,No injury/unknown,RAN OFF ROAD RIGHT,TWIN OAKS RDG,0,0
901327358,2018,4,2,2100,Weekday,3+ Cars,No injury/unknown,WRONG WAY ON ONE WAY,KELLI & SR46W,0,0
901327407,2018,4,6,1500,Weekday,2-Car,No injury/unknown,UNSAFE BACKING,MCCORMICK RD & SMITHVILLE,0,0
901327412,2018,3,4,1900,Weekday,1-Car,No injury/unknown,OVERCORRECTING/OVERSTEERING,HOWARD RD & SR48W,0,0
901329185,2018,4,2,1700,Weekday,2-Car,No injury/unknown,FOLLOWING TOO CLOSELY,BLOOMFIELD RD & LIBERTY,0,0
901330016,2018,4,4,0,Weekday,2-Car,No injury/unknown,OTHER (DRIVER) - EXPLAIN IN NARRATIVE,1800 MARQUIS DR & CRESENT,0,0
901330597,2018,4,5,1400,Weekday,2-Car,No injury/unknown,UNSAFE BACKING,1309 EAST 10TH PARKING LOT ST & FEE,0,0
901330654,2018,4,5,1600,Weekday,Moped/Motorcycle,No injury/unknown,RAN OFF ROAD RIGHT,KINSER PIKE & OLD N SR 37,0,0
901330912,2018,4,6,800,Weekday,2-Car,No injury/unknown,OTHER (DRIVER) - EXPLAIN IN NARRATIVE,IU WELLS LIBRARY LOT DR & JORDAN,0,0
901334561,2018,4,3,600,Weekday,2-Car,No injury/unknown,FAILURE TO YIELD RIGHT OF WAY,CURRY PIKE & SR45W,0,0
901334564,2018,4,4,900,Weekday,2-Car,No injury/unknown,OTHER (DRIVER) - EXPLAIN IN NARRATIVE,SR46W,0,0
901336607,2018,4,1,2200,Weekday,1-Car,No injury/unknown,UNSAFE SPEED,HUDOLF & ROBINSON RD,0,0
901336707,2018,4,4,1000,Weekday,2-Car,No injury/unknown,UNSAFE BACKING,BALLANTINE GARAGE LOWER LEVEL DR & HAWTHORNE,0,0
901337101,2018,4,5,0,Weekday,2-Car,No injury/unknown,,EAST SR 4546 BYPASS BYP,0,0
901338459,2018,3,6,1900,Weekend,1-Car,No injury/unknown,RAN OFF ROAD RIGHT,CUTRIGHT HIGH WATER RAMP RD & MAIN ROAD CUTRIGHT SRA RD,0,0
901339988,2018,4,6,1700,Weekday,2-Car,No injury/unknown,DRIVER DISTRACTED - EXPLAIN IN NARRATIVE,CURRTY PIKE & PROFILE PARKWAY,0,0
901342167,2018,4,1,0,Weekend,2-Car,No injury/unknown,UNSAFE BACKING,EAST VASITY LN,0,0
901342218,2018,4,4,200,Weekday,1-Car,No injury/unknown,RAN OFF ROAD RIGHT,N SR 45 46 BYP,0,0
901342224,2018,4,5,0,Weekday,3+ Cars,No injury/unknown,CELL PHONE USAGE,8 & DUNN ST,0,0
901342687,2018,4,5,200,Weekday,1-Car,No injury/unknown,OTHER (DRIVER) - EXPLAIN IN NARRATIVE,S BASSWOOD CIR,0,0
901343248,2018,4,7,1700,Weekend,2-Car,No injury/unknown,DRIVER DISTRACTED - EXPLAIN IN NARRATIVE,MEADOWVALE & UNIONVALLEY RD,0,0
901348461,2018,5,4,1500,Weekday,2-Car,No injury/unknown,FOLLOWING TOO CLOSELY,2863 E STATE HIGHWAY 45 HWY & LIBERTY,0,0
901349504,2018,5,2,2000,Weekday,2-Car,No injury/unknown,SPEED TOO FAST FOR WEATHER CONDITIONS,MCNEELY & UNIONVALLEY RD,0,0
901351819,2018,5,6,2300,Weekend,2-Car,No injury/unknown,UNSAFE BACKING,20TH & VARSITY LN,0,0
901353081,2018,5,4,1700,Weekday,1-Car,Non-incapacitating,ALCOHOLIC BEVERAGES,CUTRIGHT ST & SR446,0,0
901357912,2018,5,4,800,Weekday,2-Car,No injury/unknown,FOLLOWING TOO CLOSELY,ALLEN & SR45W,0,0
901358159,2018,5,4,1100,Weekday,1-Car,No injury/unknown,ANIMAL/OBJECT IN ROADWAY,2300 E MOORES PIKE PIKE & CAPE COD DR,0,0
901362379,2018,5,7,200,Weekend,1-Car,No injury/unknown,DRIVER ASLEEP OR FATIGUED,BRIARGATE & SR46W,0,0
901367640,2018,5,2,2000,Weekday,2-Car,No injury/unknown,OTHER (DRIVER) - EXPLAIN IN NARRATIVE,LENARD SPRINGS RD & THAT,0,0
901368519,2018,5,2,1800,Weekday,2-Car,No injury/unknown,UNSAFE BACKING,4001 W 3RD ST,0,0
901370159,2018,5,3,700,Weekday,2-Car,No injury/unknown,OTHER (DRIVER) - EXPLAIN IN NARRATIVE,SR37S,0,0
901378099,2018,5,4,1500,Weekday,2-Car,No injury/unknown,RAN OFF ROAD RIGHT,COUNTY LINE ROAD & SR45W,0,0
901383139,2018,5,5,2000,Weekday,2-Car,No injury/unknown,FOLLOWING TOO CLOSELY,COLLEGE MALL & ENTRY EXIT EASTLAND PLAZA DR,0,0
901387479,2018,5,6,1600,Weekday,2-Car,No injury/unknown,SPEED TOO FAST FOR WEATHER CONDITIONS,BLOOMFIELD RD & STATE RD 37 OFF RAMP,0,0
901395500,2018,5,3,1500,Weekday,1-Car,No injury/unknown,OTHER (VEHICLE) - EXPLAIN IN NARRATIVE,DELAP ROAD RD,0,0
901395508,2018,5,6,1800,Weekday,2-Car,No injury/unknown,SPEED TOO FAST FOR WEATHER CONDITIONS,STRAIN RIDGE RD & TIERNEY,0,0
901395820,2018,5,3,1100,Weekday,2-Car,No injury/unknown,FOLLOWING TOO CLOSELY,ALLEN ST ST & PATTERSON DR,0,0
901396139,2018,5,3,1200,Weekday,2-Car,No injury/unknown,DRIVER DISTRACTED - EXPLAIN IN NARRATIVE,13 RAMP & W 3RD,0,0
901396559,2018,5,7,1200,Weekend,Moped/Motorcycle,No injury/unknown,UNSAFE LANE MOVEMENT,FEE LN & MCNUTT,0,0
901397561,2018,5,3,2100,Weekday,2-Car,Non-incapacitating,IMPROPER TURNING,COVENANTER & STRATUM LN,0,0
901399200,2018,5,4,900,Weekday,2-Car,No injury/unknown,FOLLOWING TOO CLOSELY,ARLINGTON & SR46,0,0
901400659,2018,5,3,2200,Weekday,2-Car,No injury/unknown,UNSAFE BACKING,OLD 37 SR HWY,0,0
901403244,2018,5,5,1600,Weekday,2-Car,No injury/unknown,FOLLOWING TOO CLOSELY,S PATTERSON & W 2ND ST,0,0
901404404,2018,5,6,1500,Weekday,2-Car,No injury/unknown,UNSAFE BACKING,WALNUT ST,0,0
901407543,2018,6,4,1900,Weekday,2-Car,No injury/unknown,FAILURE TO YIELD RIGHT OF WAY,1OTH & SR46E,0,0
901407708,2018,5,5,1500,Weekday,2-Car,No injury/unknown,ROADWAY SURFACE CONDITION,FORREST PARK & SMITH PIKE,0,0
901412319,2018,6,6,1000,Weekday,2-Car,Non-incapacitating,FAILURE TO YIELD RIGHT OF WAY,S TECH PARK & TAPP RD,0,0
901414380,2018,6,6,800,Weekday,1-Car,No injury/unknown,UNSAFE SPEED,N MATHERS RD & W MT TABOR,0,0
901420300,2018,5,7,1700,Weekend,2-Car,No injury/unknown,FAILURE TO YIELD RIGHT OF WAY,OLD STATE RD 37 SOUTH HWY & ORCHARD,0,0
901420302,2018,6,6,2300,Weekend,1-Car,No injury/unknown,RAN OFF ROAD RIGHT,OLD 37 NORTH HWY & ROBINSON,0,0
901435219,2018,6,5,1300,Weekday,2-Car,No injury/unknown,FAILURE TO YIELD RIGHT OF WAY,ALLEY BETWEEN 3RD AND 4TH STRE & DUNN ST,0,0
901437500,2018,6,6,200,Weekday,1-Car,No injury/unknown,TIRE FAILURE OR DEFECTIVE,CUTRIGHT & SR446S,0,0
901438861,2018,6,6,1000,Weekday,2-Car,No injury/unknown,DRIVER DISTRACTED - EXPLAIN IN NARRATIVE,FEE & IU ASSEMBLY HALL FIELDHOUSE N DR,0,0
901438960,2018,6,5,1600,Weekday,2-Car,No injury/unknown,FAILURE TO YIELD RIGHT OF WAY,RODGERS ST & THAT,0,0
901438961,2018,6,4,1700,Weekday,2-Car,No injury/unknown,FAILURE TO YIELD RIGHT OF WAY,45 WEST & WAL MART PARKING LOT ISLE,0,0
901445485,2018,6,6,1700,Weekday,2-Car,No injury/unknown,FAILURE TO YIELD RIGHT OF WAY,ECHO BEND LN & HARVEST,0,0
901452045,2018,6,3,600,Weekday,1-Car,No injury/unknown,ANIMAL/OBJECT IN ROADWAY,COLLEGE AVE & SR37N,0,0
901452854,2018,6,5,1600,Weekday,2-Car,No injury/unknown,IMPROPER TURNING,COUNTY LINE & TEXAS RIDGE RD,0,0
901452969,2018,6,5,1700,Weekday,2-Car,No injury/unknown,BRAKE FAILURE OR DEFECTIVE,SR37 & W GOURLEY,0,0
901457945,2018,6,3,1400,Weekday,2-Car,No injury/unknown,FOLLOWING TOO CLOSELY,SR37 FOURLANE NORTH & TAPP RD RD,0,0
901458073,2018,6,6,1800,Weekday,2-Car,No injury/unknown,LEFT OF CENTER,MT CARMEL & STINESVILLE RD,0,0
901459320,2018,6,6,1700,Weekday,2-Car,No injury/unknown,FOLLOWING TOO CLOSELY,LIBERTY & W BLOOMFIELD RD,0,0
901459668,2018,6,7,2000,Weekend,2-Car,No injury/unknown,ALCOHOLIC BEVERAGES,CUTWRIGHT SRA RAMP,0,0
901460655,2018,6,7,800,Weekend,1-Car,No injury/unknown,UNSAFE SPEED,HOWARD RD & ST RD 43,0,0
901461894,2018,6,4,1600,Weekday,2-Car,No injury/unknown,FAILURE TO YIELD RIGHT OF WAY,2316 N WALNUT ST & 45 46,0,0
901463931,2018,7,2,1600,Weekday,2-Car,No injury/unknown,OTHER (VEHICLE) - EXPLAIN IN NARRATIVE,CAPITOL AVE,0,0
901464197,2018,6,4,1500,Weekday,2-Car,No injury/unknown,FAILURE TO YIELD RIGHT OF WAY,HEDRICK & SR46W,0,0
901464831,2018,7,3,1200,Weekday,2-Car,No injury/unknown,FAILURE TO YIELD RIGHT OF WAY,CARMOLA DR & DRIVEWAY OF 3855 CARMOLA,0,0
901465661,2018,7,5,1400,Weekday,2-Car,No injury/unknown,FAILURE TO YIELD RIGHT OF WAY,1320 E JORDAN AVE,0,0
901465975,2018,7,5,900,Weekday,1-Car,No injury/unknown,VIEW OBSTRUCTED,MT GILEAD & PRIVATE DRIVE 3031 MT GILEAD RD,0,0
901466798,2018,7,7,2200,Weekend,2-Car,No injury/unknown,FAILURE TO YIELD RIGHT OF WAY,BRIAR GATE & SR46W,0,0
901467998,2018,7,3,700,Weekday,2-Car,No injury/unknown,UNSAFE BACKING,STONEYBROOK & STOUTES CRK RD,0,0
901468612,2018,7,4,1500,Weekday,2-Car,No injury/unknown,FAILURE TO YIELD RIGHT OF WAY,STONELAKE & W STATE ROAD 45 46 BYP,0,0