Master Record Number,Year,Month,Day,Hour,Weekend,Collision Type,Injury Type,Primary Factor,Reported_Location,Latitude,Longitude
901469389,2018,7,5,1200,Weekday,2-Car,No injury/unknown,UNSAFE SPEED,EAST COVE & VALLEY MISSION LN,0,0
901469813,2018,7,7,900,Weekend,1-Car,No injury/unknown,UNSAFE SPEED,KETCHUM RD & OLD STATE ROAD 37,0,0
901469966,2018,7,7,2300,Weekend,1-Car,No injury/unknown,RAN OFF ROAD RIGHT,RICHARDSON & SR446S,0,0
901470373,2018,6,2,1100,Weekday,2-Car,No injury/unknown,LEFT OF CENTER,CR00S & LODGE,0,0
901471848,2018,7,4,1100,Weekday,2-Car,No injury/unknown,FAILURE TO YIELD RIGHT OF WAY,45 46 & WALNUT ST,0,0
901471902,2018,7,4,1100,Weekday,2-Car,No injury/unknown,UNSAFE BACKING,17TH & BLUE LOT SOUTH DR,0,0
901472353,2018,7,4,1200,Weekday,2-Car,No injury/unknown,FOLLOWING TOO CLOSELY,S BOUND 37 EXIT & SR45W,0,0
901472492,2018,7,5,900,Weekday,2-Car,No injury/unknown,FOLLOWING TOO CLOSELY,45 & SR37S,0,0
901473429,2018,7,7,1100,Weekend,2-Car,No injury/unknown,UNSAFE LANE MOVEMENT,8 & COLLEGE AVE,0,0
901473551,2018,7,7,1800,Weekend,2-Car,No injury/unknown,OTHER (DRIVER) - EXPLAIN IN NARRATIVE,WEST 45 HWY,0,0
901473690,2018,6,4,2100,Weekday,2-Car,No injury/unknown,UNSAFE BACKING,E GOODNIGHT WAY,0,0
901475022,2018,7,4,1700,Weekday,2-Car,No injury/unknown,UNSAFE BACKING,OLD 37 HWY & RHORER,0,0
901477073,2018,8,1,1400,Weekend,2-Car,No injury/unknown,DISREGARD SIGNAL/REG SIGN,11 & COLLEGE AVE,0,0
901478071,2018,7,4,1900,Weekday,2-Car,No injury/unknown,LEFT OF CENTER,OLD DUTCH CHURCH & RED HILL RD,0,0
901479183,2018,7,6,1600,Weekday,2-Car,No injury/unknown,FAILURE TO YIELD RIGHT OF WAY,LEONARD SPRINGS & PARKING LOT CT,0,0
901479387,2018,8,5,1100,Weekday,2-Car,No injury/unknown,OTHER (DRIVER) - EXPLAIN IN NARRATIVE,ATWATER FESS LOT SOUTH DR & FESS,0,0
901480723,2018,7,4,1000,Weekday,1-Car,No injury/unknown,OTHER (ENVIRONMENTAL) - EXPLAIN IN NARR,RATLIFF & THOMAS RD,0,0
901480966,2018,8,3,1600,Weekday,2-Car,No injury/unknown,OTHER (DRIVER) - EXPLAIN IN NARRATIVE,SR45W & WEST ISON,0,0
901483154,2018,8,3,1300,Weekday,1-Car,No injury/unknown,CELL PHONE USAGE,ASDFASFD & I37S,0,0
901483860,2018,8,7,1200,Weekend,2-Car,No injury/unknown,BRAKE FAILURE OR DEFECTIVE,KINSER & SR46W,0,0
901486352,2018,8,5,1000,Weekday,2-Car,No injury/unknown,FAILURE TO YIELD RIGHT OF WAY,1900 EAST TENTH & 400 BLOCK OF NORTH UNION ST,0,0
901487047,2018,8,6,1700,Weekday,2-Car,No injury/unknown,UNSAFE BACKING,DRIVE RD & E POINT,0,0
901487978,2018,8,2,900,Weekday,2-Car,No injury/unknown,FOLLOWING TOO CLOSELY,3400 BLK S WALNUT ST & RHORER,0,0
901489194,2018,8,2,2200,Weekday,2-Car,No injury/unknown,IMPROPER LANE USAGE,3 RD STREET ST & SWAIN,0,0
901489522,2018,8,2,1000,Weekday,2-Car,No injury/unknown,UNSAFE BACKING,EAST SR 45 46 BYP,0,0
901489600,2018,8,3,1000,Weekday,2-Car,No injury/unknown,FOLLOWING TOO CLOSELY,BRIARGATE & SR46W,0,0
901490543,2018,8,6,2100,Weekend,2-Car,No injury/unknown,FAILURE TO YIELD RIGHT OF WAY,LAKE VIEW & SR46W,0,0
901490670,2018,8,7,1100,Weekend,2-Car,No injury/unknown,UNSAFE LANE MOVEMENT,1500 BLOCK OF EAST THIRD ST & 300 BLOCK OF SOUTH SWAIN,0,0
901490957,2018,8,1,1500,Weekend,2-Car,No injury/unknown,FAILURE TO YIELD RIGHT OF WAY,RHORER ROAD & WALNUR STREET PIKE RD,0,0
901492878,2018,9,4,1600,Weekday,2-Car,No injury/unknown,FAILURE TO YIELD RIGHT OF WAY,NORWAY DR & SMITH,0,0
901492965,2018,8,6,300,Weekday,Pedestrian,Non-incapacitating,,,0,0
901493822,2018,9,6,700,Weekday,2-Car,No injury/unknown,DRIVER DISTRACTED - EXPLAIN IN NARRATIVE,2700 S WALNUT ST & DRIVE TO 2750 S WALNUT,0,0
901494461,2018,9,6,1700,Weekday,2-Car,No injury/unknown,FOLLOWING TOO CLOSELY,CONSTABLE & SR35W,0,0
901494541,2018,9,7,1300,Weekend,3+ Cars,Non-incapacitating,FOLLOWING TOO CLOSELY,ENTEXT TO RICHLAND PLAZA & UNIONVALLEY RD,0,0
901495829,2018,9,2,2200,Weekday,1-Car,No injury/unknown,ANIMAL/OBJECT IN ROADWAY,E BRYN MAWR & SNODDY RD,0,0
901496022,2018,9,4,800,Weekday,2-Car,No injury/unknown,FOLLOWING TOO CLOSELY,1200 W ST RD 45 46 BYPASS & SR4546E,0,0
901496165,2018,9,4,1100,Weekday,2-Car,No injury/unknown,DISREGARD SIGNAL/REG SIGN,3000 W BLOOMFIELD RD & EXIT RMP 14,0,0
901497222,2018,9,6,1400,Weekday,2-Car,No injury/unknown,FOLLOWING TOO CLOSELY,SR37S & STATE ROAD 45 SOUTH,0,0
901498212,2018,9,4,2100,Weekday,2-Car,Non-incapacitating,OTHER (DRIVER) - EXPLAIN IN NARRATIVE,MOORES CREEK SHELTER PARKING,0,0
901498595,2018,9,2,1300,Weekday,2-Car,No injury/unknown,FAILURE TO YIELD RIGHT OF WAY,CURRY PIKE & WHITEHALL,0,0
901498689,2018,9,2,1400,Weekday,2-Car,No injury/unknown,LEFT OF CENTER,GOODNIGHT WAY WAY,0,0
901498871,2018,9,2,600,Weekday,2-Car,No injury/unknown,FAILURE TO YIELD RIGHT OF WAY,BLOOMFIELD & LEONARD SPRINGS RD,0,0
901499264,2018,9,3,1500,Weekday,2-Car,No injury/unknown,IMPROPER LANE USAGE,COLLEGE ST & OLD 37 N,0,0
901499269,2018,9,3,1700,Weekday,2-Car,No injury/unknown,OTHER (DRIVER) - EXPLAIN IN NARRATIVE,GOURLY PIKE,0,0
901503470,2018,9,4,2300,Weekday,2-Car,No injury/unknown,DRIVER DISTRACTED - EXPLAIN IN NARRATIVE,1OTH ST & JORDAN,0,0
901504380,2018,9,6,1400,Weekday,1-Car,No injury/unknown,UNSAFE BACKING,DUNN & N CONCOURSE MEMORIAL STADIUM DR,0,0
901504538,2018,9,6,1800,Weekday,2-Car,No injury/unknown,UNSAFE SPEED,HEDRICK & SR46W,0,0
901504795,2018,9,1,100,Weekend,2-Car,No injury/unknown,OTHER (DRIVER) - EXPLAIN IN NARRATIVE,E STRATUM WAY,0,0
901504852,2018,9,7,1100,Weekend,2-Car,No injury/unknown,UNSAFE BACKING,W RICHLAND PLAZA DR,0,0
901505003,2018,9,6,1600,Weekday,3+ Cars,No injury/unknown,OTHER (DRIVER) - EXPLAIN IN NARRATIVE,BLOOMFIELD RD & LIBERTY,0,0
901507916,2018,9,4,900,Weekday,2-Car,No injury/unknown,FOLLOWING TOO CLOSELY,SR37 NORTH FOURLANE & TAPP RD,0,0
901508518,2018,10,6,2300,Weekend,2-Car,No injury/unknown,FAILURE TO YIELD RIGHT OF WAY,BRIARGATE & SR46W,0,0
901508543,2018,10,1,0,Weekend,1-Car,No injury/unknown,RAN OFF ROAD RIGHT,RICHARDSON & SOUTHSHORE DR,0,0
901508800,2018,10,1,1900,Weekday,2-Car,No injury/unknown,FAILURE TO YIELD RIGHT OF WAY,10TH ST & 45 46,0,0
901509389,2018,10,2,1500,Weekday,2-Car,No injury/unknown,UNSAFE BACKING,E 7TH ST & STADIUM,0,0
901509601,2018,10,2,1600,Weekday,1-Car,No injury/unknown,RAN OFF ROAD RIGHT,COLLEGE & SR37N,0,0
901510051,2018,10,2,1100,Weekday,2-Car,No injury/unknown,OTHER (DRIVER) - EXPLAIN IN NARRATIVE,ENTRANTCE TO COUNTRY CLUB DRIV & ROGERS ST,0,0
901510305,2018,10,3,1300,Weekday,2-Car,No injury/unknown,UNSAFE BACKING,JORDAN & READ WEST LOT DR,0,0
901511439,2018,10,5,1500,Weekday,2-Car,No injury/unknown,FAILURE TO YIELD RIGHT OF WAY,HEDRICK & SR46W,0,0
901511516,2018,10,4,1500,Weekday,2-Car,No injury/unknown,DISREGARD SIGNAL/REG SIGN,9 & WASHINGTON ST,0,0
901511955,2018,10,6,1900,Weekend,2-Car,No injury/unknown,FOLLOWING TOO CLOSELY,10TH & SR4546S,0,0
901512569,2018,10,1,2200,Weekday,2-Car,No injury/unknown,,,0,0
901512908,2018,10,2,1100,Weekday,2-Car,No injury/unknown,IMPROPER TURNING,11TH & FEE LN,0,0
901513663,2018,10,1,1500,Weekend,1-Car,No injury/unknown,ANIMAL/OBJECT IN ROADWAY,1ST STREET SANDERS & S FAIRFAX RD,0,0
901513823,2018,10,3,1400,Weekday,2-Car,No injury/unknown,UNSAFE LANE MOVEMENT,OFF RAMP TO 2ND STREET & SR37S,0,0
901514583,2018,10,4,2000,Weekday,1-Car,No injury/unknown,ANIMAL/OBJECT IN ROADWAY,COLLEGE & SR37N,0,0
901514684,2018,10,4,1400,Weekday,2-Car,No injury/unknown,UNSAFE BACKING,757 N FOREST (MONROE HALL) AVE & EAST COTTAGE GROVE,0,0
901515388,2018,10,6,1200,Weekday,2-Car,No injury/unknown,FOLLOWING TOO CLOSELY,E 11TH & FEE LN,0,0
901515509,2018,10,7,1400,Weekend,2-Car,No injury/unknown,FAILURE TO YIELD RIGHT OF WAY,MIAMI ST & NAVAJO,0,0
901517013,2018,10,2,1700,Weekday,2-Car,No injury/unknown,FOLLOWING TOO CLOSELY,NB SR 37 & THIRD ST,0,0
901517563,2018,10,3,1700,Weekday,Moped/Motorcycle,Non-incapacitating,FAILURE TO YIELD RIGHT OF WAY,JORDAN AVE & PRESIDENTS,0,0
901517827,2018,10,4,1000,Weekday,1-Car,No injury/unknown,ANIMAL/OBJECT IN ROADWAY,SR37S & YONKERS,0,0
901519030,2018,10,6,1100,Weekday,1-Car,No injury/unknown,ANIMAL/OBJECT IN ROADWAY,3800 N WALNUT ST & OLD ST RD 37,0,0
901519066,2018,10,6,1100,Weekday,2-Car,No injury/unknown,FAILURE TO YIELD RIGHT OF WAY,BUICK CADILLAC & N S DRIVE DR,0,0
901519342,2018,10,6,2300,Weekend,1-Car,No injury/unknown,ANIMAL/OBJECT IN ROADWAY,ARLINGTON RD & PYRAMID,0,0
901519521,2018,10,7,1500,Weekend,Bus,No injury/unknown,UNSAFE BACKING,3901 N KINSER PIKE & PROW,0,0
901519619,2018,10,5,1700,Weekday,2-Car,No injury/unknown,FAILURE TO YIELD RIGHT OF WAY,S HICKORY LEAF DR & WALMART,0,0
901519841,2018,10,1,1400,Weekend,2-Car,No injury/unknown,FAILURE TO YIELD RIGHT OF WAY,HENDERSON ST & UNIVERSITY,0,0
901519911,2018,10,1,1700,Weekend,2-Car,Non-incapacitating,FAILURE TO YIELD RIGHT OF WAY,2 ND & COLLEGE MALL RD,0,0
901520048,2018,10,1,2300,Weekday,2-Car,No injury/unknown,IMPROPER TURNING,7TH & JORDAN AVE,0,0
901520199,2018,10,7,1200,Weekend,1-Car,Non-incapacitating,LEFT OF CENTER,ARLINGTON RD & STONEYBROOK,0,0
901520401,2018,10,1,1300,Weekend,2-Car,No injury/unknown,IMPROPER TURNING,ELEVENTH & FEE LN,0,0
901520479,2018,10,2,800,Weekday,2-Car,No injury/unknown,UNSAFE BACKING,SOUTH PATTERSON DR,0,0
901520844,2018,10,2,1600,Weekday,2-Car,No injury/unknown,FAILURE TO YIELD RIGHT OF WAY,2900 N WALNUT ST & BLUERIDGE,0,0
901520965,2018,10,6,1400,Weekday,2-Car,No injury/unknown,UNSAFE LANE MOVEMENT,CONSTITUTION & CURRY PIKE,0,0
901521148,2018,10,3,1000,Weekday,2-Car,No injury/unknown,UNSAFE BACKING,COTTAGE & WALNUT GRV,0,0
901521214,2018,10,3,1100,Weekday,1-Car,Non-incapacitating,SPEED TOO FAST FOR WEATHER CONDITIONS,DUNN & N OLD SR37 RD,0,0
901521221,2018,10,1,1100,Weekend,2-Car,No injury/unknown,IMPROPER TURNING,SALE & SR46W,0,0
901521222,2018,10,3,700,Weekday,2-Car,No injury/unknown,FOLLOWING TOO CLOSELY,MATTHEWS & SR46W,0,0
901521565,2018,10,3,2000,Weekday,2-Car,No injury/unknown,UNSAFE BACKING,E DRISCOLL & S LINCOLN ST,0,0
901521588,2018,10,3,1500,Weekday,2-Car,No injury/unknown,FOLLOWING TOO CLOSELY,S OLCOTT BLVD & WILLIAM,0,0
901521691,2018,10,3,1400,Weekday,2-Car,No injury/unknown,OTHER (DRIVER) - EXPLAIN IN NARRATIVE,JORDAN & THIRD ST,0,0
901522006,2018,10,5,700,Weekday,1-Car,No injury/unknown,RAN OFF ROAD RIGHT,MT PLEASANT & N MT TABOR RD,0,0
901522028,2018,10,7,1500,Weekend,2-Car,No injury/unknown,UNSAFE BACKING,RATLIFF RD,0,0
901522131,2018,10,3,600,Weekday,1-Car,No injury/unknown,ANIMAL/OBJECT IN ROADWAY,MATTHEWS & MCNEELEY ST,0,0
901522147,2018,10,4,1700,Weekday,2-Car,No injury/unknown,FOLLOWING TOO CLOSELY,HARTSTRAIT & SR46W,0,0
901522871,2018,10,6,100,Weekday,2-Car,Non-incapacitating,FAILURE TO YIELD RIGHT OF WAY,2ND & COLLEGE MALL RD,0,0
901523192,2018,10,6,1200,Weekday,2-Car,No injury/unknown,BRAKE FAILURE OR DEFECTIVE,FESS & HENDERSON PARKING GARAGE DR,0,0
901523323,2018,10,6,1700,Weekday,2-Car,No injury/unknown,OTHER (DRIVER) - EXPLAIN IN NARRATIVE,3RD ST & ARBUTUS,0,0
901523351,2018,10,6,1700,Weekday,2-Car,Non-incapacitating,FAILURE TO YIELD RIGHT OF WAY,ATWATER & JORDAN AVE,0,0
901523402,2018,10,6,1700,Weekday,3+ Cars,Non-incapacitating,FOLLOWING TOO CLOSELY,ALLEN & BLOOMINFIELD RD,0,0
901523453,2018,10,6,2200,Weekend,1-Car,No injury/unknown,RAN OFF ROAD RIGHT,SR37S & WHITEHALL CROSSING,0,0
901523456,2018,10,7,300,Weekend,1-Car,No injury/unknown,UNSAFE SPEED,MOORES PIKE & WINFIELD,0,0
901523535,2018,10,7,1000,Weekend,2-Car,No injury/unknown,FAILURE TO YIELD RIGHT OF WAY,WALNUT & WINSLOW RD,0,0
901523536,2018,10,7,1000,Weekend,2-Car,No injury/unknown,UNSAFE BACKING,3477 WEST 3 ST ST,0,0
901523620,2018,10,7,1600,Weekend,2-Car,No injury/unknown,FOLLOWING TOO CLOSELY,EAST ATWATER AVE & SOUTH ARBUTUS,0,0
901523628,2018,10,7,1500,Weekend,2-Car,No injury/unknown,DRIVER DISTRACTED - EXPLAIN IN NARRATIVE,10TH ST & BRIGHTON,0,0
901523869,2018,10,7,2200,Weekend,2-Car,No injury/unknown,FOLLOWING TOO CLOSELY,EAST 10TH ST & NORTH SUNRISE,0,0
901524404,2018,10,7,1000,Weekend,2-Car,No injury/unknown,UNSAFE SPEED,17 TH & SR45W,0,0
901525055,2018,11,2,1900,Weekday,1-Car,No injury/unknown,ANIMAL/OBJECT IN ROADWAY,BOTTOM & SIMPSON CHAPEL RD,0,0
901525266,2018,11,3,1200,Weekday,2-Car,No injury/unknown,FAILURE TO YIELD RIGHT OF WAY,JORDAN AVE PARKING GARAGE AVE,0,0
901525839,2018,11,4,1100,Weekday,Bus,No injury/unknown,FAILURE TO YIELD RIGHT OF WAY,11TH & FEE LN,0,0
901526407,2018,11,4,700,Weekday,1-Car,No injury/unknown,ANIMAL/OBJECT IN ROADWAY,BETHAL LANE & SR45E,0,0
901526635,2018,11,5,1200,Weekday,2-Car,No injury/unknown,FOLLOWING TOO CLOSELY,17TH ST & SR45,0,0
901526650,2018,11,4,1200,Weekday,2-Car,No injury/unknown,IMPROPER TURNING,DUNN ST & MCCALLA SCHOOL,0,0
901526658,2018,10,7,1000,Weekend,2-Car,No injury/unknown,UNSAFE BACKING,SUDBURY DR,0,0
901526659,2018,11,5,700,Weekday,2-Car,No injury/unknown,FOLLOWING TOO CLOSELY,S ORCHARD & SR37S,0,0
901526713,2018,11,5,1400,Weekday,2-Car,No injury/unknown,FAILURE TO YIELD RIGHT OF WAY,10TH & SR4546N,0,0
901527086,2018,11,6,700,Weekday,1-Car,No injury/unknown,SPEED TOO FAST FOR WEATHER CONDITIONS,FULLERTON PIKE PIKE & STATE ROAD 37 NORTH,0,0
901527491,2018,11,4,1700,Weekday,2-Car,No injury/unknown,FAILURE TO YIELD RIGHT OF WAY,HARTSTRAIT RD & RATLIFF,0,0
901527578,2018,11,6,600,Weekday,1-Car,No injury/unknown,OTHER (DRIVER) - EXPLAIN IN NARRATIVE,EAGLE VIEW & THAT RD,0,0
901527666,2018,11,6,1200,Weekday,2-Car,No injury/unknown,IMPROPER TURNING,NORTH COLLEGE AVE,0,0
901527679,2018,11,7,1000,Weekend,2-Car,No injury/unknown,IMPROPER TURNING,WEST VERNAL PIKE PIKE,0,0
901527884,2018,11,7,2200,Weekend,1-Car,No injury/unknown,ANIMAL/OBJECT IN ROADWAY,ALEXIS & FAIRFAX RD,0,0
901527943,2018,11,7,1100,Weekend,3+ Cars,Non-incapacitating,DRIVER DISTRACTED - EXPLAIN IN NARRATIVE,SR46W & STINESVILLE,0,0
901528032,2018,11,3,1700,Weekday,1-Car,No injury/unknown,OTHER (DRIVER) - EXPLAIN IN NARRATIVE,OLD SR 45 & SR45W,0,0
901528409,2018,11,7,2200,Weekend,1-Car,No injury/unknown,RAN OFF ROAD RIGHT,MT GILEAD RD & UPPER BIRDIE GALYON,0,0
901528811,2018,11,2,1200,Weekday,2-Car,Non-incapacitating,OTHER (DRIVER) - EXPLAIN IN NARRATIVE,DODDS & S ROGERS ST,0,0
901528993,2018,11,2,1200,Weekday,2-Car,No injury/unknown,LEFT OF CENTER,700 E 2ND ST ST & PARK ST,0,0
901528994,2018,11,5,900,Weekday,2-Car,No injury/unknown,OTHER (DRIVER) - EXPLAIN IN NARRATIVE,ROGERS RD & SARE RD RD,0,0
901529158,2018,11,2,1800,Weekday,2-Car,Non-incapacitating,DRIVER DISTRACTED - EXPLAIN IN NARRATIVE,GATES & W 3RD ST,0,0
901529386,2018,11,3,900,Weekday,2-Car,Non-incapacitating,FAILURE TO YIELD RIGHT OF WAY,E BURKS & S WALNUT ST,0,0
901529510,2018,11,4,2200,Weekday,2-Car,No injury/unknown,UNSAFE BACKING,CRAMER CIR & ROCKCREST,0,0
901529746,2018,11,3,1800,Weekday,2-Car,No injury/unknown,FAILURE TO YIELD RIGHT OF WAY,GRANT ST & UNIVERSITY,0,0
901529806,2018,11,3,1900,Weekday,2-Car,No injury/unknown,UNSAFE BACKING,EAST COTTAGE GRV,0,0
901530024,2018,11,3,900,Weekday,2-Car,No injury/unknown,OVERCORRECTING/OVERSTEERING,FEE LN,0,0
901530428,2018,11,4,1600,Weekday,1-Car,Non-incapacitating,IMPROPER PASSING,FLUCKMILL & S VICTOR PIKE,0,0
901530538,2018,11,2,2100,Weekday,1-Car,No injury/unknown,FOLLOWING TOO CLOSELY,MONROE DAM & SR37S,0,0
901530539,2018,11,4,1500,Weekday,2-Car,No injury/unknown,FOLLOWING TOO CLOSELY,ARLINGTON RD & SR46W,0,0
901530550,2018,11,4,2200,Weekday,2-Car,No injury/unknown,FOLLOWING TOO CLOSELY,E MOORES & S SMITH RD,0,0
901530569,2018,10,1,400,Weekend,1-Car,No injury/unknown,RAN OFF ROAD RIGHT,RATLIFF RD,0,0
901530869,2018,11,7,1400,Weekend,1-Car,No injury/unknown,OVERCORRECTING/OVERSTEERING,HEDRICK & SR46W,0,0
901530899,2018,11,5,1300,Weekday,2-Car,No injury/unknown,OTHER (DRIVER) - EXPLAIN IN NARRATIVE,FAIRVIEW & PATTERSON DR,0,0
901531062,2018,11,5,600,Weekday,2-Car,No injury/unknown,OVERCORRECTING/OVERSTEERING,EAST KIRKWOOD AVE,0,0
901531254,2018,11,6,900,Weekday,2-Car,No injury/unknown,FAILURE TO YIELD RIGHT OF WAY,10TH ST & RANGE,0,0
901531625,2018,11,5,1600,Weekday,2-Car,Non-incapacitating,FOLLOWING TOO CLOSELY,3RD ST & LIBERTY,0,0
901531626,2018,11,6,1800,Weekday,2-Car,No injury/unknown,FOLLOWING TOO CLOSELY,46,0,0
901531627,2018,11,6,1600,Weekday,2-Car,No injury/unknown,FAILURE TO YIELD RIGHT OF WAY,3RD ST & LIBERTY,0,0
901531628,2018,11,5,2000,Weekday,Bus,No injury/unknown,FOLLOWING TOO CLOSELY,BUICK CADILLAC & S COLLEGE MALL RD,0,0
901531634,2018,11,6,1200,Weekday,2-Car,No injury/unknown,UNSAFE BACKING,NORTH WOODBRIDGE DR,0,0
901531635,2018,11,5,1500,Weekday,2-Car,No injury/unknown,FOLLOWING TOO CLOSELY,3650 LEONARD SPRINGS RD & SIMS,0,0
901531637,2018,11,6,1600,Weekday,2-Car,No injury/unknown,OTHER (ENVIRONMENTAL) - EXPLAIN IN NARR,EAST 3RD ST & WILLIAMSBURG,0,0
901531711,2018,11,7,300,Weekend,2-Car,Non-incapacitating,LEFT OF CENTER,JONES & JORDAN AVE,0,0
901531802,2018,11,7,1000,Weekend,2-Car,No injury/unknown,IMPROPER LANE USAGE,JORDAN AVE & THIRD,0,0
901531838,2018,11,7,1300,Weekend,2-Car,No injury/unknown,FOLLOWING TOO CLOSELY,SUNRISE & TENTH ST,0,0
901531933,2018,11,3,1600,Weekday,2-Car,Non-incapacitating,FOLLOWING TOO CLOSELY,SR45E & UNION SQUARE,0,0
901531994,2018,11,7,1400,Weekend,1-Car,Non-incapacitating,SPEED TOO FAST FOR WEATHER CONDITIONS,HEATHER & SOUTH WALNUT ST PIKE,0,0
901531995,2018,11,7,1700,Weekend,2-Car,No injury/unknown,SPEED TOO FAST FOR WEATHER CONDITIONS,EAST ROGERS & SOUTH SARE RD,0,0
901532051,2018,11,7,2100,Weekend,1-Car,No injury/unknown,RAN OFF ROAD RIGHT,E WINSLOW RD & S HIGH,0,0
901532097,2018,11,7,1400,Weekend,1-Car,No injury/unknown,RAN OFF ROAD RIGHT,MT TABOR & NORTH MATTHEWS DR,0,0
901533541,2018,11,4,800,Weekday,1-Car,No injury/unknown,ANIMAL/OBJECT IN ROADWAY,EAST OLD STATE ROAD 46 & SR46E,0,0
901533684,2018,11,3,700,Weekday,2-Car,No injury/unknown,FAILURE TO YIELD RIGHT OF WAY,BLOOMFIELD RD & LIBERTY,0,0
901533910,2018,11,3,1500,Weekday,Bus,No injury/unknown,FOLLOWING TOO CLOSELY,N KINSER PIKE & W 45 46 BYPASS,0,0
901534138,2018,11,3,1600,Weekday,2-Car,No injury/unknown,UNSAFE LANE MOVEMENT,S TECH PARK & W TAPP RD,0,0
901534791,2018,11,3,1700,Weekday,1-Car,No injury/unknown,SPEED TOO FAST FOR WEATHER CONDITIONS,MERRYWAY & SMITH PIKE,0,0
901535047,2018,11,5,1100,Weekday,2-Car,No injury/unknown,FAILURE TO YIELD RIGHT OF WAY,EAST WEST & NORTH SOUTH ALLEY ALY,0,0
901535755,2018,11,6,800,Weekday,2-Car,No injury/unknown,FAILURE TO YIELD RIGHT OF WAY,HIGHLAND AVE & MILLER DR DR,0,0
901536093,2018,11,7,1200,Weekend,2-Car,No injury/unknown,FAILURE TO YIELD RIGHT OF WAY,N OLD 37 STATE & N WALNUT ST,0,0
901537366,2018,11,2,1200,Weekday,2-Car,No injury/unknown,OTHER (DRIVER) - EXPLAIN IN NARRATIVE,S OLD 37 HWY,0,0
901537674,2018,10,7,200,Weekend,2-Car,No injury/unknown,IMPROPER TURNING,S COPPER BEACH WAY,0,0
901537921,2018,11,4,2200,Weekday,1-Car,No injury/unknown,OTHER (DRIVER) - EXPLAIN IN NARRATIVE,ARDSLEY LN & UNKNOWN,0,0
901537951,2018,11,3,1100,Weekday,2-Car,Non-incapacitating,OTHER (DRIVER) - EXPLAIN IN NARRATIVE,CHURCH LANE & CLEAR CREEK CEMATARY DR,0,0
901538243,2018,11,3,1900,Weekday,1-Car,No injury/unknown,ANIMAL/OBJECT IN ROADWAY,BUSINESS 37 NORTH RD & STATE ROAD 37,0,0
901539455,2018,11,6,700,Weekday,2-Car,No injury/unknown,FAILURE TO YIELD RIGHT OF WAY,COLLEGE MALL ACCESS & KINGSTON ST,0,0
901539909,2018,11,3,1800,Weekday,1-Car,No injury/unknown,SPEED TOO FAST FOR WEATHER CONDITIONS,BETHEL LN & NORTH MEYERS,0,0
901539911,2018,11,7,2100,Weekend,1-Car,Non-incapacitating,RAN OFF ROAD RIGHT,GREEN COUNTY LINE & SR45W,0,0
901540059,2018,11,1,1800,Weekend,1-Car,No injury/unknown,ANIMAL/OBJECT IN ROADWAY,MCNEELY & N UNION VALLEY RD,0,0
901540073,2018,11,6,1800,Weekday,1-Car,No injury/unknown,ANIMAL/OBJECT IN ROADWAY,LOST MANS & UNION VALLEY RD,0,0
901541374,2018,11,1,1700,Weekend,2-Car,No injury/unknown,FOLLOWING TOO CLOSELY,BUSINESS 37 RD & STONE MILL,0,0
901541384,2018,11,2,1400,Weekday,2-Car,No injury/unknown,DRIVER DISTRACTED - EXPLAIN IN NARRATIVE,3RD ST & PARK SQUARE,0,0
901541757,2018,11,3,1200,Weekday,2-Car,No injury/unknown,FOLLOWING TOO CLOSELY,SR37 RAMP RAMP & WEST 3 ST,0,0
901542472,2018,12,4,700,Weekday,2-Car,No injury/unknown,ROADWAY SURFACE CONDITION,COLLEGE AVENUE EXIT & SR37N,0,0
901544243,2018,11,3,1000,Weekday,1-Car,No injury/unknown,ANIMAL/OBJECT IN ROADWAY,CR1S & NORTH MAPLE GROVE ROAD RD,0,0
901547051,2018,12,7,500,Weekend,1-Car,No injury/unknown,RAN OFF ROAD RIGHT,HEDRICK & SR46W,0,0
901547216,2018,12,3,800,Weekday,1-Car,No injury/unknown,UNSAFE BACKING,JORDAN & WELLS LIBRARY DOCK DR,0,0
901547623,2018,12,7,600,Weekend,1-Car,No injury/unknown,SPEED TOO FAST FOR WEATHER CONDITIONS,SR37N,0,0
901548263,2018,12,4,1700,Weekday,2-Car,No injury/unknown,UNSAFE BACKING,DANIELS WAY,0,0
901550085,2018,12,1,900,Weekend,2-Car,No injury/unknown,ROADWAY SURFACE CONDITION,RHORER RD & S OLD WALNUT ST,0,0
901550469,2018,12,1,1700,Weekend,1-Car,No injury/unknown,ROADWAY SURFACE CONDITION,CUTRIGHT RD & SR446N,0,0
901551072,2018,12,1,1500,Weekend,2-Car,No injury/unknown,LEFT OF CENTER,CURRY PIKE RD & WEST STATE ROAD 46,0,0
901551806,2018,12,2,1400,Weekday,3+ Cars,No injury/unknown,SPEED TOO FAST FOR WEATHER CONDITIONS,E HILLSIDE DRIVE DR & S NACY,0,0
901552923,2018,12,3,1800,Weekday,2-Car,No injury/unknown,FOLLOWING TOO CLOSELY,ON RAMP TO SB SR 37 & W BLOOMFIELD RD,0,0
901553352,2018,12,4,900,Weekday,2-Car,No injury/unknown,VIEW OBSTRUCTED,EW ALLEY NORTH OF 200 W 9TH ALY & NS ALLEY   W OF 500 N COLLEGE,0,0
901557061,2018,12,2,1500,Weekday,2-Car,No injury/unknown,SPEED TOO FAST FOR WEATHER CONDITIONS,1600 S SARE RD & E CATHCART,0,0
901557093,2018,12,2,1700,Weekday,3+ Cars,No injury/unknown,FOLLOWING TOO CLOSELY,GORDON PIKE,0,0
901559813,2018,12,6,1800,Weekday,2-Car,No injury/unknown,ROADWAY SURFACE CONDITION,DILLMAN & OLD 37 RD,0,0
901559814,2018,12,6,1900,Weekend,1-Car,No injury/unknown,ROADWAY SURFACE CONDITION,DILLMAN RD RD & HWY 37,0,0
901559815,2018,12,6,1900,Weekend,1-Car,No injury/unknown,ROADWAY SURFACE CONDITION,KETCHAM RUN AROUND & OLD 37 RD,0,0
901561463,2018,12,7,1300,Weekend,2-Car,No injury/unknown,FOLLOWING TOO CLOSELY,SOUTH ORCHARD & SR37S,0,0
901561982,2018,12,4,900,Weekday,2-Car,No injury/unknown,FOLLOWING TOO CLOSELY,DRIVE TO 2711 E 10TH & SR45S,0,0
901564890,2018,12,3,1300,Weekday,2-Car,No injury/unknown,FAILURE TO YIELD RIGHT OF WAY,ROGERS & SR37S,0,0
901565450,2018,12,6,1900,Weekend,2-Car,No injury/unknown,FAILURE TO YIELD RIGHT OF WAY,45 EAST & FLOYD DR,0,0
901595793,2018,5,3,400,Weekday,2-Car,No injury/unknown,,,0,0
901596777,2018,10,7,1800,Weekend,2-Car,No injury/unknown,OTHER (DRIVER) - EXPLAIN IN NARRATIVE,HARTSTRAIGHT RDS & MAJESTIC WOODS,0,0